Dloc_max,F0_residual_N_per_m,H_attempt,P_max,S_no_attempt,Umax_m,Umin_m,ale_accept_scale,ale_geometry_active,block,block_limited_by_birth_clock,case,cleavage_clock_model,cycles_connected,cycles_diffuse_abort,cycles_first_embryo,cycles_first_expected_embryo,cycles_first_expected_stable,cycles_first_softening,cycles_first_stable,cycles_front_capture,cycles_front_stalled,cycles_root_connected,cycles_target,cycles_total,cycles_two_horizon_crack,dN,delivery_hit_count,delivery_memory_s,delivery_scale,delivery_source,delivery_source_multiplicity,dep_eq_block_max,dep_eq_cycle_max,effective_scratch_Kt_max,epsp_acc_max,fatigue_model,fatigue_model_preset_applied,fem_scratch_Kt_max,geometry_invalid_reason,geometry_limit_mode,geometry_saturated,geometry_saturation_cycles,geometry_taper_factor,global_action_increment,global_action_increment_per_cycle,global_action_ledger_closure_error,global_attempt_count,global_clock_policy_state,global_threshold_action,marked_attempt_pd_node_id,marked_attempt_probability,marked_attempt_site_id,max_blocks_requested,minimum_element_area_over_initial,next_birth_wait_cycles_pre,pd_active_front,pd_active_front_bonds,pd_active_front_length_m,pd_amplification_max,pd_birth_rate_max_per_cycle,pd_bond_damage_max,pd_broken_bonds,pd_completion_max,pd_connected_bonds,pd_connected_extent_m,pd_crack_axial_coverage,pd_crack_boundary_clearance_m,pd_crack_centerline_length_m,pd_crack_local_upper_K_MPam05,pd_crack_max_axial_gap_m,pd_crack_orientation_coherence,pd_crack_orientation_deg,pd_crack_remote_KII_MPam05,pd_crack_remote_KI_MPam05,pd_crack_remote_K_MPam05,pd_crack_slenderness,pd_crack_surface_gap_m,pd_crack_tip_radius_eff_m,pd_crack_tip_width_m,pd_crack_width_m,pd_crack_width_ratio,pd_delivery_events_cycle_max,pd_delivery_memory_max,pd_delivery_rate_max_s,pd_diffuse_abort,pd_effective_stress_max_Pa,pd_embryo_max,pd_expected_births_cumulative,pd_expected_candidate_sites,pd_expected_embryos,pd_expected_stable,pd_front_backbone_bonds,pd_front_candidate_mode,pd_front_eligible_fallback,pd_front_eligible_preferred,pd_front_max_link_rate_per_cycle,pd_front_process_bonds,pd_front_stall_updates,pd_front_stalled,pd_front_wake_bonds,pd_growth_max,pd_handoff_K_pass,pd_handoff_boundary_pass,pd_handoff_competition_pass,pd_handoff_coverage_pass,pd_handoff_front_pass,pd_handoff_length_pass,pd_handoff_orientation_pass,pd_handoff_pass,pd_handoff_slenderness_pass,pd_handoff_surface_pass,pd_handoff_tip_pass,pd_max_rate_per_cycle,pd_nucleation_hazard_cycle_max,pd_nucleation_rate_max_s,pd_off_front_broken_bonds,pd_off_front_broken_fraction,pd_precapture_stalled,pd_primary_seed_node,pd_primary_seed_reselections,pd_primary_seed_stall_updates,pd_realized_births_cumulative,pd_realized_candidate_sites,pd_realized_embryos,pd_realized_stable,pd_stable_max,pd_temporal_transient_cycles,plastic_work_J_per_m,remote_sigma_max_Pa,residual_sigma1_max_Pa,rho_max_m2,rho_mean_m2,root_radius_m,root_radius_over_initial,root_radius_over_spacing,root_x_m,root_y_m,sigma1_cycle_max_Pa,sigma_a_MPa,surface_move_max_m,surface_shear_gamma_nt_max,v9_fem_embedded_error,v9_fem_error_ep_gp,v9_fem_error_epsp_acc_gp,v9_fem_error_rho_gp,v9_fem_rejections
0.0,-5.1395616613955165e-14,2.3025812735791105,0.0,0.10000038194222292,1.7729515419303563e-05,1.772951541930356e-06,0.0,False,15,False,shielded,v9_four_class_stateful_PD_shared_root_m1_marked_embryo_v1,nan,nan,nan,nan,nan,nan,nan,nan,nan,nan,100000000000000.0,27964870.610351562,nan,0.6103515625,2.0,0.001,1.0,emission,13098.721493975596,2.490977658084001e-28,4.081217797289825e-28,2.0180510680294454,1.1413072763404021e-20,custom,False,2.033691229284315,,terminate,False,nan,1.0,5.025533991729995e-08,8.233834892050424e-08,0.0,0,active,2.302585092994046,nan,nan,nan,1000000,1.0,inf,False,0,0.0,1.0,0.0,0.0,0,5.997462165647473e-38,0,0.0,0.0,0.0,0.0,0.0,inf,0.0,0.0,0.0,0.0,0.0,0.0,inf,inf,0.0,0.0,inf,2.6095092539973477e-19,3.463368927979655e-19,1.2174323183383486e-15,False,7794161680.5226145,0.0,0.0,3741.9095810948684,0.0,0.0,0,0,0,0,0.0,0,0,False,0,0.0,False,False,False,False,False,False,False,False,False,False,False,0.0,0.00012352966291313453,1.3890618891555908,0,0.0,False,-1,0,0,0,3804,0,0,0.0,20,1.5759104382334196e-18,3862222222.2222223,3.4172688620229445e-10,1000000000000.0,1000000000000.0,0.0005987445183220907,1.0,49.89537652684091,0.00014991623455953818,-1.0024493102302374e-05,7854567458.880309,1738.0,0.0,0.0,0.0,0.0,0.0,0.0,0
0.0,-5.139561803365559e-14,2.3025813238344504,0.0,0.10000037691666987,1.7729515419303563e-05,1.772951541930356e-06,0.0,False,16,False,shielded,v9_four_class_stateful_PD_shared_root_m1_marked_embryo_v1,nan,nan,nan,nan,nan,nan,nan,nan,nan,nan,100000000000000.0,27964871.220703125,nan,0.6103515625,2.0,0.001,1.0,emission,13098.721493975596,2.490977658084001e-28,4.0812177974694355e-28,2.018051068035057,1.1413073012501787e-20,custom,False,2.033691229284315,,terminate,False,nan,1.0,5.0255339922243624e-08,8.233834892860395e-08,0.0,0,active,2.302585092994046,nan,nan,nan,1000000,1.0,inf,False,0,0.0,1.0,0.0,0.0,0,5.997462165884665e-38,0,0.0,0.0,0.0,0.0,0.0,inf,0.0,0.0,0.0,0.0,0.0,0.0,inf,inf,0.0,0.0,inf,2.6095092540525795e-19,3.4633689280481413e-19,1.2174323183648275e-15,False,7794161680.544287,0.0,0.0,3741.9095810948684,0.0,0.0,0,0,0,0,0.0,0,0,False,0,0.0,False,False,False,False,False,False,False,False,False,False,False,0.0,0.00012352966292851502,1.3890618893303865,0,0.0,False,-1,0,0,0,3804,0,0,0.0,21,1.575910472628694e-18,3862222222.2222223,3.4172689374319516e-10,1000000000000.0,1000000000000.0,0.0005987445183220907,1.0,49.89537652684091,0.00014991623455953818,-1.0024493102302374e-05,7854567458.880309,1738.0,0.0,0.0,0.0,0.0,0.0,0.0,0
0.0,-5.139561918020547e-14,2.3025813740897902,0.0,0.10000037189111706,1.7729515419303563e-05,1.772951541930356e-06,0.0,False,17,False,shielded,v9_four_class_stateful_PD_shared_root_m1_marked_embryo_v1,nan,nan,nan,nan,nan,nan,nan,nan,nan,nan,100000000000000.0,27964871.831054688,nan,0.6103515625,2.0,0.001,1.0,emission,13098.721493975596,2.490977658084001e-28,4.0812177974694355e-28,2.018051068035057,1.1413073261599552e-20,custom,False,2.033691229284315,,terminate,False,nan,1.0,5.0255339922243624e-08,8.233834892860395e-08,0.0,0,active,2.302585092994046,nan,nan,nan,1000000,1.0,inf,False,0,0.0,1.0,0.0,0.0,0,5.614487569231631e-38,0,0.0,0.0,0.0,0.0,0.0,inf,0.0,0.0,0.0,0.0,0.0,0.0,inf,inf,0.0,0.0,inf,2.6095092540525795e-19,3.3509662992132976e-19,1.2174323183648275e-15,False,7794161680.544287,0.0,0.0,3741.9095810948684,0.0,0.0,0,0,0,0,0.0,0,0,False,0,0.0,False,False,False,False,False,False,False,False,False,False,False,0.0,0.00012352966292851502,1.3890618893303865,0,0.0,False,-1,0,0,0,3804,0,0,0.0,20,1.5759105070239683e-18,3862222222.2222223,3.4172690146179695e-10,1000000000000.0,1000000000000.0,0.0005987445183220907,1.0,49.89537652684091,0.00014991623455953818,-1.0024493102302374e-05,7854567458.880309,1738.0,0.0,0.0,0.0,0.0,0.0,0.0,0
0.0,-5.1395620273014454e-14,2.30258142434513,0.0,0.1000003668655645,1.7729515419303563e-05,1.772951541930356e-06,0.0,False,18,False,shielded,v9_four_class_stateful_PD_shared_root_m1_marked_embryo_v1,nan,nan,nan,nan,nan,nan,nan,nan,nan,nan,100000000000000.0,27964872.44140625,nan,0.6103515625,2.0,0.001,1.0,emission,13098.721493975596,2.490977658084001e-28,4.0812177974694355e-28,2.018051068035057,1.1413073510697318e-20,custom,False,2.033691229284315,,terminate,False,nan,1.0,5.0255339922243624e-08,8.233834892860395e-08,0.0,0,active,2.302585092994046,nan,nan,nan,1000000,1.0,inf,False,0,0.0,1.0,0.0,0.0,0,5.997462165975263e-38,0,0.0,0.0,0.0,0.0,0.0,inf,0.0,0.0,0.0,0.0,0.0,0.0,inf,inf,0.0,0.0,inf,2.6095092540525795e-19,3.4633689280743e-19,1.2174323183648275e-15,False,7794161680.544287,0.0,0.0,3741.9095810948684,0.0,0.0,0,0,0,0,0.0,0,0,False,0,0.0,False,False,False,False,False,False,False,False,False,False,False,0.0,0.00012352966292851502,1.3890618893303865,0,0.0,False,-1,0,0,0,3804,0,0,0.0,21,1.5759105414192427e-18,3862222222.2222223,3.4172690994195953e-10,1000000000000.0,1000000000000.0,0.0005987445183220907,1.0,49.89537652684091,0.00014991623455953818,-1.0024493102302374e-05,7854567458.880309,1738.0,0.0,0.0,0.0,0.0,0.0,0.0,0
0.0,-5.139562142512195e-14,2.3025814746004705,0.0,0.10000036184001217,1.7729515419303563e-05,1.772951541930356e-06,0.0,False,19,False,shielded,v9_four_class_stateful_PD_shared_root_m1_marked_embryo_v1,nan,nan,nan,nan,nan,nan,nan,nan,nan,nan,100000000000000.0,27964873.051757812,nan,0.6103515625,2.0,0.001,1.0,emission,13098.721493975596,2.490977658084001e-28,4.0812177974694355e-28,2.018051068035057,1.1413073759795084e-20,custom,False,2.033691229284315,,terminate,False,nan,1.0,5.0255339922243624e-08,8.233834892860395e-08,4.440892098500626e-16,0,active,2.302585092994046,nan,nan,nan,1000000,1.0,inf,False,0,0.0,1.0,0.0,0.0,0,4.688786439104284e-38,0,0.0,0.0,0.0,0.0,0.0,inf,0.0,0.0,0.0,0.0,0.0,0.0,inf,inf,0.0,0.0,inf,2.6095092540525795e-19,3.062282298908539e-19,1.2174323183648275e-15,False,7794161680.544287,0.0,0.0,3741.9095810948684,0.0,0.0,0,0,0,0,0.0,0,0,False,0,0.0,False,False,False,False,False,False,False,False,False,False,False,0.0,0.00012352966292851502,1.3890618893303865,0,0.0,False,-1,0,0,0,3804,0,0,0.0,20,1.575910575814517e-18,3862222222.2222223,3.4172691723542994e-10,1000000000000.0,1000000000000.0,0.0005987445183220907,1.0,49.89537652684091,0.00014991623455953818,-1.0024493102302374e-05,7854567458.880309,1738.0,0.0,0.0,0.0,0.0,0.0,0.0,0
0.0,-5.1395622660929786e-14,2.3025815248558104,0.0,0.10000035681446011,1.7729515419303563e-05,1.772951541930356e-06,0.0,False,20,False,shielded,v9_four_class_stateful_PD_shared_root_m1_marked_embryo_v1,nan,nan,nan,nan,nan,nan,nan,nan,nan,nan,100000000000000.0,27964873.662109375,nan,0.6103515625,2.0,0.001,1.0,emission,13098.721493975596,2.490977658084001e-28,4.0812177974694355e-28,2.018051068035057,1.141307400889285e-20,custom,False,2.033691229284315,,terminate,False,nan,1.0,5.0255339922243624e-08,8.233834892860395e-08,0.0,0,active,2.302585092994046,nan,nan,nan,1000000,1.0,inf,False,0,0.0,1.0,0.0,0.0,0,5.997462166008588e-38,0,0.0,0.0,0.0,0.0,0.0,inf,0.0,0.0,0.0,0.0,0.0,0.0,inf,inf,0.0,0.0,inf,2.6095092540525795e-19,3.463368928083922e-19,1.2174323183648275e-15,False,7794161680.544287,0.0,0.0,3741.9095810948684,0.0,0.0,0,0,0,0,0.0,0,0,False,0,0.0,False,False,False,False,False,False,False,False,False,False,False,0.0,0.00012352966292851502,1.3890618893303865,0,0.0,False,-1,0,0,0,3804,0,0,0.0,21,1.5759106102097914e-18,3862222222.2222223,3.417269236619884e-10,1000000000000.0,1000000000000.0,0.0005987445183220907,1.0,49.89537652684091,0.00014991623455953818,-1.0024493102302374e-05,7854567458.880309,1738.0,0.0,0.0,0.0,0.0,0.0,0.0,0
0.0,-5.139562357302566e-14,2.3025815751111502,0.0,0.10000035178890831,1.7729515419303563e-05,1.772951541930356e-06,0.0,False,21,False,shielded,v9_four_class_stateful_PD_shared_root_m1_marked_embryo_v1,nan,nan,nan,nan,nan,nan,nan,nan,nan,nan,100000000000000.0,27964874.272460938,nan,0.6103515625,2.0,0.001,1.0,emission,13098.721493975596,2.490977658084001e-28,4.0812177974694355e-28,2.018051068035057,1.1413074257990616e-20,custom,False,2.033691229284315,,terminate,False,nan,1.0,5.0255339922243624e-08,8.233834892860395e-08,0.0,0,active,2.302585092994046,nan,nan,nan,1000000,1.0,inf,False,0,0.0,1.0,0.0,0.0,0,5.997462166020861e-38,0,0.0,0.0,0.0,0.0,0.0,inf,0.0,0.0,0.0,0.0,0.0,0.0,inf,inf,0.0,0.0,inf,2.6095092540525795e-19,3.463368928087466e-19,1.2174323183648275e-15,False,7794161680.544287,0.0,0.0,3741.9095810948684,0.0,0.0,0,0,0,0,0.0,0,0,False,0,0.0,False,False,False,False,False,False,False,False,False,False,False,0.0,0.00012352966292851502,1.3890618893303865,0,0.0,False,-1,0,0,0,3804,0,0,0.0,20,1.5759106446050657e-18,3862222222.2222223,3.4172693178900487e-10,1000000000000.0,1000000000000.0,0.0005987445183220907,1.0,49.89537652684091,0.00014991623455953818,-1.0024493102302374e-05,7854567458.880309,1738.0,0.0,0.0,0.0,0.0,0.0,0.0,0
0.0,-5.139562461090468e-14,2.30258162536649,0.0,0.10000034676335678,1.7729515419303563e-05,1.772951541930356e-06,0.0,False,22,False,shielded,v9_four_class_stateful_PD_shared_root_m1_marked_embryo_v1,nan,nan,nan,nan,nan,nan,nan,nan,nan,nan,100000000000000.0,27964874.8828125,nan,0.6103515625,2.0,0.001,1.0,emission,13098.721493975596,2.490977658084001e-28,4.0812177974694355e-28,2.018051068035057,1.1413074507088382e-20,custom,False,2.033691229284315,,terminate,False,nan,1.0,5.0255339922243624e-08,8.233834892860395e-08,0.0,0,active,2.302585092994046,nan,nan,nan,1000000,1.0,inf,False,0,0.0,1.0,0.0,0.0,0,5.120238541342796e-38,0,0.0,0.0,0.0,0.0,0.0,inf,0.0,0.0,0.0,0.0,0.0,0.0,inf,inf,0.0,0.0,inf,2.6095092540525795e-19,3.2000745433013885e-19,1.2174323183648275e-15,False,7794161680.544287,0.0,0.0,3741.9095810948684,0.0,0.0,0,0,0,0,0.0,0,0,False,0,0.0,False,False,False,False,False,False,False,False,False,False,False,0.0,0.00012352966292851502,1.3890618893303865,0,0.0,False,-1,0,0,0,3804,0,0,0.0,21,1.57591067900034e-18,3862222222.2222223,3.417269410966449e-10,1000000000000.0,1000000000000.0,0.0005987445183220907,1.0,49.89537652684091,0.00014991623455953818,-1.0024493102302374e-05,7854567458.880309,1738.0,0.0,0.0,0.0,0.0,0.0,0.0,0
0.0,-5.139562590068605e-14,2.30258167562183,0.0,0.10000034173780549,1.7729515419303563e-05,1.772951541930356e-06,0.0,False,23,False,shielded,v9_four_class_stateful_PD_shared_root_m1_marked_embryo_v1,nan,nan,nan,nan,nan,nan,nan,nan,nan,nan,100000000000000.0,27964875.493164062,nan,0.6103515625,2.0,0.001,1.0,emission,13098.721493975596,2.490977658084001e-28,4.0812177974694355e-28,2.018051068035057,1.1413074756186147e-20,custom,False,2.033691229284315,,terminate,False,nan,1.0,5.0255339922243624e-08,8.233834892860395e-08,0.0,0,active,2.302585092994046,nan,nan,nan,1000000,1.0,inf,False,0,0.0,1.0,0.0,0.0,0,5.997462166025549e-38,0,0.0,0.0,0.0,0.0,0.0,inf,0.0,0.0,0.0,0.0,0.0,0.0,inf,inf,0.0,0.0,inf,2.6095092540525795e-19,3.4633689280888193e-19,1.2174323183648275e-15,False,7794161680.544287,0.0,0.0,3741.9095810948684,0.0,0.0,0,0,0,0,0.0,0,0,False,0,0.0,False,False,False,False,False,False,False,False,False,False,False,0.0,0.00012352966292851502,1.3890618893303865,0,0.0,False,-1,0,0,0,3804,0,0,0.0,20,1.5759107133956144e-18,3862222222.2222223,3.417269462225458e-10,1000000000000.0,1000000000000.0,0.0005987445183220907,1.0,49.89537652684091,0.00014991623455953818,-1.0024493102302374e-05,7854567458.880309,1738.0,0.0,0.0,0.0,0.0,0.0,0.0,0
0.0,-5.1395626904133684e-14,2.30258172587717,0.0,0.10000033671225445,1.7729515419303563e-05,1.772951541930356e-06,0.0,False,24,False,shielded,v9_four_class_stateful_PD_shared_root_m1_marked_embryo_v1,nan,nan,nan,nan,nan,nan,nan,nan,nan,nan,100000000000000.0,27964876.103515625,nan,0.6103515625,2.0,0.001,1.0,emission,13098.721493975596,2.490977658084001e-28,4.0812177974694355e-28,2.018051068035057,1.1413075005283913e-20,custom,False,2.033691229284315,,terminate,False,nan,1.0,5.0255339922243624e-08,8.233834892860395e-08,0.0,0,active,2.302585092994046,nan,nan,nan,1000000,1.0,inf,False,0,0.0,1.0,0.0,0.0,0,5.685003460141272e-38,0,0.0,0.0,0.0,0.0,0.0,inf,0.0,0.0,0.0,0.0,0.0,0.0,inf,inf,0.0,0.0,inf,2.6095092540525795e-19,3.371944086173812e-19,1.2174323183648275e-15,False,7794161680.544287,0.0,0.0,3741.9095810948684,0.0,0.0,0,0,0,0,0.0,0,0,False,0,0.0,False,False,False,False,False,False,False,False,False,False,False,0.0,0.00012352966292851502,1.3890618893303865,0,0.0,False,-1,0,0,0,3804,0,0,0.0,21,1.5759107477908888e-18,3862222222.2222223,3.417269529472042e-10,1000000000000.0,1000000000000.0,0.0005987445183220907,1.0,49.89537652684091,0.00014991623455953818,-1.0024493102302374e-05,7854567458.880309,1738.0,0.0,0.0,0.0,0.0,0.0,0.0,0
0.0,-5.1395628062005596e-14,2.30258177613251,0.0,0.10000033168670366,1.7729515419303563e-05,1.772951541930356e-06,0.0,False,25,False,shielded,v9_four_class_stateful_PD_shared_root_m1_marked_embryo_v1,nan,nan,nan,nan,nan,nan,nan,nan,nan,nan,100000000000000.0,27964876.713867188,nan,0.6103515625,2.0,0.001,1.0,emission,13098.721493975596,2.490977658084001e-28,4.0812177974694355e-28,2.018051068035057,1.1413075254381679e-20,custom,False,2.033691229284315,,terminate,False,nan,1.0,5.0255339922243624e-08,8.233834892860395e-08,0.0,0,active,2.302585092994046,nan,nan,nan,1000000,1.0,inf,False,0,0.0,1.0,0.0,0.0,0,5.997462166027168e-38,0,0.0,0.0,0.0,0.0,0.0,inf,0.0,0.0,0.0,0.0,0.0,0.0,inf,inf,0.0,0.0,inf,2.6095092540525795e-19,3.463368928089287e-19,1.2174323183648275e-15,False,7794161680.544287,0.0,0.0,3741.9095810948684,0.0,0.0,0,0,0,0,0.0,0,0,False,0,0.0,False,False,False,False,False,False,False,False,False,False,False,0.0,0.00012352966292851502,1.3890618893303865,0,0.0,False,-1,0,0,0,3804,0,0,0.0,20,1.5759107821861632e-18,3862222222.2222223,3.417269620238317e-10,1000000000000.0,1000000000000.0,0.0005987445183220907,1.0,49.89537652684091,0.00014991623455953818,-1.0024493102302374e-05,7854567458.880309,1738.0,0.0,0.0,0.0,0.0,0.0,0.0,0
0.0,-5.1395629167041346e-14,2.3025818263878497,0.0,0.10000032666115313,1.7729515419303563e-05,1.772951541930356e-06,0.0,False,26,False,shielded,v9_four_class_stateful_PD_shared_root_m1_marked_embryo_v1,nan,nan,nan,nan,nan,nan,nan,nan,nan,nan,100000000000000.0,27964877.32421875,nan,0.6103515625,2.0,0.001,1.0,emission,13098.721493975596,2.490977658084001e-28,4.0812177974694355e-28,2.018051068035057,1.1413075503479445e-20,custom,False,2.033691229284315,,terminate,False,nan,1.0,5.0255339922243624e-08,8.233834892860395e-08,0.0,0,active,2.302585092994046,nan,nan,nan,1000000,1.0,inf,False,0,0.0,1.0,0.0,0.0,0,5.997462166027764e-38,0,0.0,0.0,0.0,0.0,0.0,inf,0.0,0.0,0.0,0.0,0.0,0.0,inf,inf,0.0,0.0,inf,2.6095092540525795e-19,3.463368928089459e-19,1.2174323183648275e-15,False,7794161680.544287,0.0,0.0,3741.9095810948684,0.0,0.0,0,0,0,0,0.0,0,0,False,0,0.0,False,False,False,False,False,False,False,False,False,False,False,0.0,0.00012352966292851502,1.3890618893303865,0,0.0,False,-1,0,0,0,3804,0,0,0.0,21,1.5759108165814375e-18,3862222222.2222223,3.417269684870343e-10,1000000000000.0,1000000000000.0,0.0005987445183220907,1.0,49.89537652684091,0.00014991623455953818,-1.0024493102302374e-05,7854567458.880309,1738.0,0.0,0.0,0.0,0.0,0.0,0.0,0
0.0,-5.139563041223251e-14,2.3025818766431896,0.0,0.10000032163560285,1.7729515419303563e-05,1.772951541930356e-06,0.0,False,27,False,shielded,v9_four_class_stateful_PD_shared_root_m1_marked_embryo_v1,nan,nan,nan,nan,nan,nan,nan,nan,nan,nan,100000000000000.0,27964877.934570312,nan,0.6103515625,2.0,0.001,1.0,emission,13098.721493975596,2.490977658084001e-28,4.0812177974694355e-28,2.018051068035057,1.141307575257721e-20,custom,False,2.033691229284315,,terminate,False,nan,1.0,5.0255339922243624e-08,8.233834892860395e-08,0.0,0,active,2.302585092994046,nan,nan,nan,1000000,1.0,inf,False,0,0.0,1.0,0.0,0.0,0,4.628912648155753e-38,0,0.0,0.0,0.0,0.0,0.0,inf,0.0,0.0,0.0,0.0,0.0,0.0,inf,inf,0.0,0.0,inf,2.6095092540525795e-19,3.0426674639716227e-19,1.2174323183648275e-15,False,7794161680.544287,0.0,0.0,3741.9095810948684,0.0,0.0,0,0,0,0,0.0,0,0,False,0,0.0,False,False,False,False,False,False,False,False,False,False,False,0.0,0.00012352966292851502,1.3890618893303865,0,0.0,False,-1,0,0,0,3804,0,0,0.0,20,1.5759108509767119e-18,3862222222.2222223,3.417269761553715e-10,1000000000000.0,1000000000000.0,0.0005987445183220907,1.0,49.89537652684091,0.00014991623455953818,-1.0024493102302374e-05,7854567458.880309,1738.0,0.0,0.0,0.0,0.0,0.0,0.0,0
0.0,-5.1395631502198065e-14,2.3025819268985295,0.0,0.10000031661005283,1.7729515419303563e-05,1.772951541930356e-06,0.0,False,28,False,shielded,v9_four_class_stateful_PD_shared_root_m1_marked_embryo_v1,nan,nan,nan,nan,nan,nan,nan,nan,nan,nan,100000000000000.0,27964878.544921875,nan,0.6103515625,2.0,0.001,1.0,emission,13098.721493975596,2.490977658084001e-28,4.0812177974694355e-28,2.018051068035057,1.1413076001674976e-20,custom,False,2.033691229284315,,terminate,False,nan,1.0,5.0255339922243624e-08,8.233834892860395e-08,0.0,0,active,2.302585092994046,nan,nan,nan,1000000,1.0,inf,False,0,0.0,1.0,0.0,0.0,0,5.99746216602802e-38,0,0.0,0.0,0.0,0.0,0.0,inf,0.0,0.0,0.0,0.0,0.0,0.0,inf,inf,0.0,0.0,inf,2.6095092540525795e-19,3.463368928089533e-19,1.2174323183648275e-15,False,7794161680.544287,0.0,0.0,3741.9095810948684,0.0,0.0,0,0,0,0,0.0,0,0,False,0,0.0,False,False,False,False,False,False,False,False,False,False,False,0.0,0.00012352966292851502,1.3890618893303865,0,0.0,False,-1,0,0,0,3804,0,0,0.0,21,1.5759108853719862e-18,3862222222.2222223,3.417269839420152e-10,1000000000000.0,1000000000000.0,0.0005987445183220907,1.0,49.89537652684091,0.00014991623455953818,-1.0024493102302374e-05,7854567458.880309,1738.0,0.0,0.0,0.0,0.0,0.0,0.0,0
0.0,-5.13956323732968e-14,2.30258197715387,0.0,0.10000031158450301,1.7729515419303563e-05,1.772951541930356e-06,0.0,False,29,False,shielded,v9_four_class_stateful_PD_shared_root_m1_marked_embryo_v1,nan,nan,nan,nan,nan,nan,nan,nan,nan,nan,100000000000000.0,27964879.155273438,nan,0.6103515625,2.0,0.001,1.0,emission,13098.721493975596,2.490977658084001e-28,4.0812177974694355e-28,2.018051068035057,1.1413076250772742e-20,custom,False,2.033691229284315,,terminate,False,nan,1.0,5.0255339922243624e-08,8.233834892860395e-08,4.440892098500626e-16,0,active,2.302585092994046,nan,nan,nan,1000000,1.0,inf,False,0,0.0,1.0,0.0,0.0,0,5.995109816639111e-38,0,0.0,0.0,0.0,0.0,0.0,inf,0.0,0.0,0.0,0.0,0.0,0.0,inf,inf,0.0,0.0,inf,2.6095092540525795e-19,3.462689653041147e-19,1.2174323183648275e-15,False,7794161680.544287,0.0,0.0,3741.9095810948684,0.0,0.0,0,0,0,0,0.0,0,0,False,0,0.0,False,False,False,False,False,False,False,False,False,False,False,0.0,0.00012352966292851502,1.3890618893303865,0,0.0,False,-1,0,0,0,3804,0,0,0.0,20,1.5759109197672606e-18,3862222222.2222223,3.4172699079444437e-10,1000000000000.0,1000000000000.0,0.0005987445183220907,1.0,49.89537652684091,0.00014991623455953818,-1.0024493102302374e-05,7854567458.880309,1738.0,0.0,0.0,0.0,0.0,0.0,0.0,0
0.0,-5.139563362983585e-14,2.3025820274092093,0.0,0.10000030655895353,1.7729515419303563e-05,1.772951541930356e-06,0.0,False,30,False,shielded,v9_four_class_stateful_PD_shared_root_m1_marked_embryo_v1,nan,nan,nan,nan,nan,nan,nan,nan,nan,nan,100000000000000.0,27964879.765625,nan,0.6103515625,2.0,0.001,1.0,emission,13098.721493975596,2.490977658084001e-28,4.0812177974694355e-28,2.018051068035057,1.1413076499870508e-20,custom,False,2.033691229284315,,terminate,False,nan,1.0,5.0255339922243624e-08,8.233834892860395e-08,4.440892098500626e-16,0,active,2.302585092994046,nan,nan,nan,1000000,1.0,inf,False,0,0.0,1.0,0.0,0.0,0,5.997462166028106e-38,0,0.0,0.0,0.0,0.0,0.0,inf,0.0,0.0,0.0,0.0,0.0,0.0,inf,inf,0.0,0.0,inf,2.6095092540525795e-19,3.4633689280895575e-19,1.2174323183648275e-15,False,7794161680.544287,0.0,0.0,3741.9095810948684,0.0,0.0,0,0,0,0,0.0,0,0,False,0,0.0,False,False,False,False,False,False,False,False,False,False,False,0.0,0.00012352966292851502,1.3890618893303865,0,0.0,False,-1,0,0,0,3804,0,0,0.0,21,1.575910954162535e-18,3862222222.2222223,3.417269972779271e-10,1000000000000.0,1000000000000.0,0.0005987445183220907,1.0,49.89537652684091,0.00014991623455953818,-1.0024493102302374e-05,7854567458.880309,1738.0,0.0,0.0,0.0,0.0,0.0,0.0,0
0.0,-5.139563485432165e-14,2.302582077664549,0.0,0.10000030153340426,1.7729515419303563e-05,1.772951541930356e-06,0.0,False,31,False,shielded,v9_four_class_stateful_PD_shared_root_m1_marked_embryo_v1,nan,nan,nan,nan,nan,nan,nan,nan,nan,nan,100000000000000.0,27964880.375976562,nan,0.6103515625,2.0,0.001,1.0,emission,13098.721493975596,2.490977658084001e-28,4.0812177974694355e-28,2.018051068035057,1.1413076748968274e-20,custom,False,2.033691229284315,,terminate,False,nan,1.0,5.0255339922243624e-08,8.233834892860395e-08,0.0,0,active,2.302585092994046,nan,nan,nan,1000000,1.0,inf,False,0,0.0,1.0,0.0,0.0,0,5.99746216602802e-38,0,0.0,0.0,0.0,0.0,0.0,inf,0.0,0.0,0.0,0.0,0.0,0.0,inf,inf,0.0,0.0,inf,2.6095092540525795e-19,3.463368928089533e-19,1.2174323183648275e-15,False,7794161680.544287,0.0,0.0,3741.9095810948684,0.0,0.0,0,0,0,0,0.0,0,0,False,0,0.0,False,False,False,False,False,False,False,False,False,False,False,0.0,0.00012352966292851502,1.3890618893303865,0,0.0,False,-1,0,0,0,3804,0,0,0.0,21,1.5759109885578093e-18,3862222222.2222223,3.4172700418420715e-10,1000000000000.0,1000000000000.0,0.0005987445183220907,1.0,49.89537652684091,0.00014991623455953818,-1.0024493102302374e-05,7854567458.880309,1738.0,0.0,0.0,0.0,0.0,0.0,0.0,0
0.0,-5.139563613337552e-14,2.3025821279198895,0.0,0.1000002965078552,1.7729515419303563e-05,1.772951541930356e-06,0.0,False,32,False,shielded,v9_four_class_stateful_PD_shared_root_m1_marked_embryo_v1,nan,nan,nan,nan,nan,nan,nan,nan,nan,nan,100000000000000.0,27964880.986328125,nan,0.6103515625,2.0,0.001,1.0,emission,13098.721493975596,2.490977658084001e-28,4.0812177974694355e-28,2.018051068035057,1.141307699806604e-20,custom,False,2.033691229284315,,terminate,False,nan,1.0,5.0255339922243624e-08,8.233834892860395e-08,4.440892098500626e-16,0,active,2.302585092994046,nan,nan,nan,1000000,1.0,inf,False,0,0.0,1.0,0.0,0.0,0,4.1756576415885497e-38,0,0.0,0.0,0.0,0.0,0.0,inf,0.0,0.0,0.0,0.0,0.0,0.0,inf,inf,0.0,0.0,inf,2.6095092540525795e-19,2.889864232654728e-19,1.2174323183648275e-15,False,7794161680.544287,0.0,0.0,3741.9095810948684,0.0,0.0,0,0,0,0,0.0,0,0,False,0,0.0,False,False,False,False,False,False,False,False,False,False,False,0.0,0.00012352966292851502,1.3890618893303865,0,0.0,False,-1,0,0,0,3804,0,0,0.0,20,1.5759110229530837e-18,3862222222.2222223,3.417270129633694e-10,1000000000000.0,1000000000000.0,0.0005987445183220907,1.0,49.89537652684091,0.00014991623455953818,-1.0024493102302374e-05,7854567458.880309,1738.0,0.0,0.0,0.0,0.0,0.0,0.0,0
0.0,-5.139563698800819e-14,2.3025821781752294,0.0,0.10000029148230644,1.7729515419303563e-05,1.772951541930356e-06,0.0,False,33,False,shielded,v9_four_class_stateful_PD_shared_root_m1_marked_embryo_v1,nan,nan,nan,nan,nan,nan,nan,nan,nan,nan,100000000000000.0,27964881.596679688,nan,0.6103515625,2.0,0.001,1.0,emission,13098.721493975596,2.490977658084001e-28,4.0812177974694355e-28,2.018051068035057,1.1413077247163805e-20,custom,False,2.033691229284315,,terminate,False,nan,1.0,5.0255339922243624e-08,8.233834892860395e-08,0.0,0,active,2.302585092994046,nan,nan,nan,1000000,1.0,inf,False,0,0.0,1.0,0.0,0.0,0,5.99746216602802e-38,0,0.0,0.0,0.0,0.0,0.0,inf,0.0,0.0,0.0,0.0,0.0,0.0,inf,inf,0.0,0.0,inf,2.6095092540525795e-19,3.463368928089533e-19,1.2174323183648275e-15,False,7794161680.544287,0.0,0.0,3741.9095810948684,0.0,0.0,0,0,0,0,0.0,0,0,False,0,0.0,False,False,False,False,False,False,False,False,False,False,False,0.0,0.00012352966292851502,1.3890618893303865,0,0.0,False,-1,0,0,0,3804,0,0,0.0,21,1.575911057348358e-18,3862222222.2222223,3.4172702146757906e-10,1000000000000.0,1000000000000.0,0.0005987445183220907,1.0,49.89537652684091,0.00014991623455953818,-1.0024493102302374e-05,7854567458.880309,1738.0,0.0,0.0,0.0,0.0,0.0,0.0,0
0.0,-5.1395638259126296e-14,2.3025822284305693,0.0,0.10000028645675793,1.7729515419303563e-05,1.772951541930356e-06,0.0,False,34,False,shielded,v9_four_class_stateful_PD_shared_root_m1_marked_embryo_v1,nan,nan,nan,nan,nan,nan,nan,nan,nan,nan,100000000000000.0,27964882.20703125,nan,0.6103515625,2.0,0.001,1.0,emission,13098.721493975596,2.490977658084001e-28,4.0812177974694355e-28,2.018051068035057,1.1413077496261571e-20,custom,False,2.033691229284315,,terminate,False,nan,1.0,5.0255339922243624e-08,8.233834892860395e-08,0.0,0,active,2.302585092994046,nan,nan,nan,1000000,1.0,inf,False,0,0.0,1.0,0.0,0.0,0,5.99746216602802e-38,0,0.0,0.0,0.0,0.0,0.0,inf,0.0,0.0,0.0,0.0,0.0,0.0,inf,inf,0.0,0.0,inf,2.6095092540525795e-19,3.463368928089533e-19,1.2174323183648275e-15,False,7794161680.544287,0.0,0.0,3741.9095810948684,0.0,0.0,0,0,0,0,0.0,0,0,False,0,0.0,False,False,False,False,False,False,False,False,False,False,False,0.0,0.00012352966292851502,1.3890618893303865,0,0.0,False,-1,0,0,0,3804,0,0,0.0,20,1.5759110917436324e-18,3862222222.2222223,3.417270290728122e-10,1000000000000.0,1000000000000.0,0.0005987445183220907,1.0,49.89537652684091,0.00014991623455953818,-1.0024493102302374e-05,7854567458.880309,1738.0,0.0,0.0,0.0,0.0,0.0,0.0,0
0.0,-5.139563924740033e-14,2.302582278685909,0.0,0.10000028143120968,1.7729515419303563e-05,1.772951541930356e-06,0.0,False,35,False,shielded,v9_four_class_stateful_PD_shared_root_m1_marked_embryo_v1,nan,nan,nan,nan,nan,nan,nan,nan,nan,nan,100000000000000.0,27964882.817382812,nan,0.6103515625,2.0,0.001,1.0,emission,13098.721493975596,2.490977658084001e-28,4.0812177974694355e-28,2.018051068035057,1.1413077745359337e-20,custom,False,2.033691229284315,,terminate,False,nan,1.0,5.0255339922243624e-08,8.233834892860395e-08,0.0,0,active,2.302585092994046,nan,nan,nan,1000000,1.0,inf,False,0,0.0,1.0,0.0,0.0,0,5.721958989494624e-38,0,0.0,0.0,0.0,0.0,0.0,inf,0.0,0.0,0.0,0.0,0.0,0.0,inf,inf,0.0,0.0,inf,2.6095092540525795e-19,3.382886042861812e-19,1.2174323183648275e-15,False,7794161680.544287,0.0,0.0,3741.9095810948684,0.0,0.0,0,0,0,0,0.0,0,0,False,0,0.0,False,False,False,False,False,False,False,False,False,False,False,0.0,0.00012352966292851502,1.3890618893303865,0,0.0,False,-1,0,0,0,3804,0,0,0.0,21,1.5759111261389068e-18,3862222222.2222223,3.4172703546484913e-10,1000000000000.0,1000000000000.0,0.0005987445183220907,1.0,49.89537652684091,0.00014991623455953818,-1.0024493102302374e-05,7854567458.880309,1738.0,0.0,0.0,0.0,0.0,0.0,0.0,0
0.0,-5.139564046177902e-14,2.302582328941249,0.0,0.10000027640566167,1.7729515419303563e-05,1.772951541930356e-06,0.0,False,36,False,shielded,v9_four_class_stateful_PD_shared_root_m1_marked_embryo_v1,nan,nan,nan,nan,nan,nan,nan,nan,nan,nan,100000000000000.0,27964883.427734375,nan,0.6103515625,2.0,0.001,1.0,emission,13098.721493975596,2.490977658084001e-28,4.0812177974694355e-28,2.018051068035057,1.1413077994457103e-20,custom,False,2.033691229284315,,terminate,False,nan,1.0,5.0255339922243624e-08,8.233834892860395e-08,0.0,0,active,2.302585092994046,nan,nan,nan,1000000,1.0,inf,False,0,0.0,1.0,0.0,0.0,0,5.99746216602802e-38,0,0.0,0.0,0.0,0.0,0.0,inf,0.0,0.0,0.0,0.0,0.0,0.0,inf,inf,0.0,0.0,inf,2.6095092540525795e-19,3.463368928089533e-19,1.2174323183648275e-15,False,7794161680.544287,0.0,0.0,3741.9095810948684,0.0,0.0,0,0,0,0,0.0,0,0,False,0,0.0,False,False,False,False,False,False,False,False,False,False,False,0.0,0.00012352966292851502,1.3890618893303865,0,0.0,False,-1,0,0,0,3804,0,0,0.0,20,1.5759111605341811e-18,3862222222.2222223,3.417270428476771e-10,1000000000000.0,1000000000000.0,0.0005987445183220907,1.0,49.89537652684091,0.00014991623455953818,-1.0024493102302374e-05,7854567458.880309,1738.0,0.0,0.0,0.0,0.0,0.0,0.0,0
0.0,-5.1395641518347156e-14,2.302582379196589,0.0,0.10000027138011391,1.7729515419303563e-05,1.772951541930356e-06,0.0,False,37,False,shielded,v9_four_class_stateful_PD_shared_root_m1_marked_embryo_v1,nan,nan,nan,nan,nan,nan,nan,nan,nan,nan,100000000000000.0,27964884.038085938,nan,0.6103515625,2.0,0.001,1.0,emission,13098.721493975596,2.490977658084001e-28,4.0812177974694355e-28,2.018051068035057,1.1413078243554869e-20,custom,False,2.033691229284315,,terminate,False,nan,1.0,5.0255339922243624e-08,8.233834892860395e-08,0.0,0,active,2.302585092994046,nan,nan,nan,1000000,1.0,inf,False,0,0.0,1.0,0.0,0.0,0,4.3448548574554616e-38,0,0.0,0.0,0.0,0.0,0.0,inf,0.0,0.0,0.0,0.0,0.0,0.0,inf,inf,0.0,0.0,inf,2.6095092540525795e-19,2.94783135794959e-19,1.2174323183648275e-15,False,7794161680.544287,0.0,0.0,3741.9095810948684,0.0,0.0,0,0,0,0,0.0,0,0,False,0,0.0,False,False,False,False,False,False,False,False,False,False,False,0.0,0.00012352966292851502,1.3890618893303865,0,0.0,False,-1,0,0,0,3804,0,0,0.0,21,1.5759111949294555e-18,3862222222.2222223,3.417270505026138e-10,1000000000000.0,1000000000000.0,0.0005987445183220907,1.0,49.89537652684091,0.00014991623455953818,-1.0024493102302374e-05,7854567458.880309,1738.0,0.0,0.0,0.0,0.0,0.0,0.0,0
0.0,-5.139564261549884e-14,2.302582429451929,0.0,0.10000026635456641,1.7729515419303563e-05,1.772951541930356e-06,0.0,False,38,False,shielded,v9_four_class_stateful_PD_shared_root_m1_marked_embryo_v1,nan,nan,nan,nan,nan,nan,nan,nan,nan,nan,100000000000000.0,27964884.6484375,nan,0.6103515625,2.0,0.001,1.0,emission,13098.721493975596,2.490977658084001e-28,4.0812177974694355e-28,2.018051068035057,1.1413078492652634e-20,custom,False,2.033691229284315,,terminate,False,nan,1.0,5.0255339922243624e-08,8.233834892860395e-08,0.0,0,active,2.302585092994046,nan,nan,nan,1000000,1.0,inf,False,0,0.0,1.0,0.0,0.0,0,5.99746216602802e-38,0,0.0,0.0,0.0,0.0,0.0,inf,0.0,0.0,0.0,0.0,0.0,0.0,inf,inf,0.0,0.0,inf,2.6095092540525795e-19,3.463368928089533e-19,1.2174323183648275e-15,False,7794161680.544287,0.0,0.0,3741.9095810948684,0.0,0.0,0,0,0,0,0.0,0,0,False,0,0.0,False,False,False,False,False,False,False,False,False,False,False,0.0,0.00012352966292851502,1.3890618893303865,0,0.0,False,-1,0,0,0,3804,0,0,0.0,20,1.5759112293247298e-18,3862222222.2222223,3.417270583925517e-10,1000000000000.0,1000000000000.0,0.0005987445183220907,1.0,49.89537652684091,0.00014991623455953818,-1.0024493102302374e-05,7854567458.880309,1738.0,0.0,0.0,0.0,0.0,0.0,0.0,0
0.0,-5.139564372823771e-14,2.3025824797072687,0.0,0.10000026132901917,1.7729515419303563e-05,1.772951541930356e-06,0.0,False,39,False,shielded,v9_four_class_stateful_PD_shared_root_m1_marked_embryo_v1,nan,nan,nan,nan,nan,nan,nan,nan,nan,nan,100000000000000.0,27964885.258789062,nan,0.6103515625,2.0,0.001,1.0,emission,13098.721493975596,2.490977658084001e-28,4.0812177974694355e-28,2.018051068035057,1.14130787417504e-20,custom,False,2.033691229284315,,terminate,False,nan,1.0,5.0255339922243624e-08,8.233834892860395e-08,0.0,0,active,2.302585092994046,nan,nan,nan,1000000,1.0,inf,False,0,0.0,1.0,0.0,0.0,0,5.99746216602802e-38,0,0.0,0.0,0.0,0.0,0.0,inf,0.0,0.0,0.0,0.0,0.0,0.0,inf,inf,0.0,0.0,inf,2.6095092540525795e-19,3.463368928089533e-19,1.2174323183648275e-15,False,7794161680.544287,0.0,0.0,3741.9095810948684,0.0,0.0,0,0,0,0,0.0,0,0,False,0,0.0,False,False,False,False,False,False,False,False,False,False,False,0.0,0.00012352966292851502,1.3890618893303865,0,0.0,False,-1,0,0,0,3804,0,0,0.0,21,1.5759112637200042e-18,3862222222.2222223,3.4172706531400456e-10,1000000000000.0,1000000000000.0,0.0005987445183220907,1.0,49.89537652684091,0.00014991623455953818,-1.0024493102302374e-05,7854567458.880309,1738.0,0.0,0.0,0.0,0.0,0.0,0.0,0
0.0,-5.139564489311481e-14,2.3025825299626086,0.0,0.10000025630347216,1.7729515419303563e-05,1.772951541930356e-06,0.0,False,40,False,shielded,v9_four_class_stateful_PD_shared_root_m1_marked_embryo_v1,nan,nan,nan,nan,nan,nan,nan,nan,nan,nan,100000000000000.0,27964885.869140625,nan,0.6103515625,2.0,0.001,1.0,emission,13098.721493975596,2.490977658084001e-28,4.0812177974694355e-28,2.018051068035057,1.1413078990848166e-20,custom,False,2.033691229284315,,terminate,False,nan,1.0,5.0255339922243624e-08,8.233834892860395e-08,0.0,0,active,2.302585092994046,nan,nan,nan,1000000,1.0,inf,False,0,0.0,1.0,0.0,0.0,0,5.253553958812193e-38,0,0.0,0.0,0.0,0.0,0.0,inf,0.0,0.0,0.0,0.0,0.0,0.0,inf,inf,0.0,0.0,inf,2.6095092540525795e-19,3.241466939153381e-19,1.2174323183648275e-15,False,7794161680.544287,0.0,0.0,3741.9095810948684,0.0,0.0,0,0,0,0,0.0,0,0,False,0,0.0,False,False,False,False,False,False,False,False,False,False,False,0.0,0.00012352966292851502,1.3890618893303865,0,0.0,False,-1,0,0,0,3804,0,0,0.0,20,1.5759112981152785e-18,3862222222.2222223,3.417270722902819e-10,1000000000000.0,1000000000000.0,0.0005987445183220907,1.0,49.89537652684091,0.00014991623455953818,-1.0024493102302374e-05,7854567458.880309,1738.0,0.0,0.0,0.0,0.0,0.0,0.0,0
0.0,-5.1395645921894846e-14,2.3025825802179485,0.0,0.10000025127792542,1.7729515419303563e-05,1.772951541930356e-06,0.0,False,41,False,shielded,v9_four_class_stateful_PD_shared_root_m1_marked_embryo_v1,nan,nan,nan,nan,nan,nan,nan,nan,nan,nan,100000000000000.0,27964886.479492188,nan,0.6103515625,2.0,0.001,1.0,emission,13098.721493975596,2.490977658084001e-28,4.0812177974694355e-28,2.018051068035057,1.1413079239945932e-20,custom,False,2.033691229284315,,terminate,False,nan,1.0,5.0255339922243624e-08,8.233834892860395e-08,0.0,0,active,2.302585092994046,nan,nan,nan,1000000,1.0,inf,False,0,0.0,1.0,0.0,0.0,0,5.99746216602802e-38,0,0.0,0.0,0.0,0.0,0.0,inf,0.0,0.0,0.0,0.0,0.0,0.0,inf,inf,0.0,0.0,inf,2.6095092540525795e-19,3.463368928089533e-19,1.2174323183648275e-15,False,7794161680.544287,0.0,0.0,3741.9095810948684,0.0,0.0,0,0,0,0,0.0,0,0,False,0,0.0,False,False,False,False,False,False,False,False,False,False,False,0.0,0.00012352966292851502,1.3890618893303865,0,0.0,False,-1,0,0,0,3804,0,0,0.0,21,1.5759113325105529e-18,3862222222.2222223,3.4172708141698256e-10,1000000000000.0,1000000000000.0,0.0005987445183220907,1.0,49.89537652684091,0.00014991623455953818,-1.0024493102302374e-05,7854567458.880309,1738.0,0.0,0.0,0.0,0.0,0.0,0.0,0
0.0,-5.1395647117403476e-14,2.3025826304732884,0.0,0.10000024625237894,1.7729515419303563e-05,1.772951541930356e-06,0.0,False,42,False,shielded,v9_four_class_stateful_PD_shared_root_m1_marked_embryo_v1,nan,nan,nan,nan,nan,nan,nan,nan,nan,nan,100000000000000.0,27964887.08984375,nan,0.6103515625,2.0,0.001,1.0,emission,13098.721493975596,2.490977658084001e-28,4.0812177974694355e-28,2.018051068035057,1.1413079489043698e-20,custom,False,2.033691229284315,,terminate,False,nan,1.0,5.0255339922243624e-08,8.233834892860395e-08,0.0,0,active,2.302585092994046,nan,nan,nan,1000000,1.0,inf,False,0,0.0,1.0,0.0,0.0,0,5.500061991928868e-38,0,0.0,0.0,0.0,0.0,0.0,inf,0.0,0.0,0.0,0.0,0.0,0.0,inf,inf,0.0,0.0,inf,2.6095092540525795e-19,3.3166434815725573e-19,1.2174323183648275e-15,False,7794161680.544287,0.0,0.0,3741.9095810948684,0.0,0.0,0,0,0,0,0.0,0,0,False,0,0.0,False,False,False,False,False,False,False,False,False,False,False,0.0,0.00012352966292851502,1.3890618893303865,0,0.0,False,-1,0,0,0,3804,0,0,0.0,20,1.5759113669058273e-18,3862222222.2222223,3.417270882233407e-10,1000000000000.0,1000000000000.0,0.0005987445183220907,1.0,49.89537652684091,0.00014991623455953818,-1.0024493102302374e-05,7854567458.880309,1738.0,0.0,0.0,0.0,0.0,0.0,0.0,0
0.0,-5.139564812713251e-14,2.3025826807286287,0.0,0.10000024122683265,1.7729515419303563e-05,1.772951541930356e-06,0.0,False,43,False,shielded,v9_four_class_stateful_PD_shared_root_m1_marked_embryo_v1,nan,nan,nan,nan,nan,nan,nan,nan,nan,nan,100000000000000.0,27964887.700195312,nan,0.6103515625,2.0,0.001,1.0,emission,13098.721493975596,2.490977658084001e-28,4.0812177974694355e-28,2.018051068035057,1.1413079738141464e-20,custom,False,2.033691229284315,,terminate,False,nan,1.0,5.0255339922243624e-08,8.233834892860395e-08,4.440892098500626e-16,0,active,2.302585092994046,nan,nan,nan,1000000,1.0,inf,False,0,0.0,1.0,0.0,0.0,0,5.99746216602802e-38,0,0.0,0.0,0.0,0.0,0.0,inf,0.0,0.0,0.0,0.0,0.0,0.0,inf,inf,0.0,0.0,inf,2.6095092540525795e-19,3.463368928089533e-19,1.2174323183648275e-15,False,7794161680.544287,0.0,0.0,3741.9095810948684,0.0,0.0,0,0,0,0,0.0,0,0,False,0,0.0,False,False,False,False,False,False,False,False,False,False,False,0.0,0.00012352966292851502,1.3890618893303865,0,0.0,False,-1,0,0,0,3804,0,0,0.0,21,1.5759114013011016e-18,3862222222.2222223,3.417270959490789e-10,1000000000000.0,1000000000000.0,0.0005987445183220907,1.0,49.89537652684091,0.00014991623455953818,-1.0024493102302374e-05,7854567458.880309,1738.0,0.0,0.0,0.0,0.0,0.0,0.0,0
0.0,-5.139564929743798e-14,2.3025827309839686,0.0,0.10000023620128666,1.7729515419303563e-05,1.772951541930356e-06,0.0,False,44,False,shielded,v9_four_class_stateful_PD_shared_root_m1_marked_embryo_v1,nan,nan,nan,nan,nan,nan,nan,nan,nan,nan,100000000000000.0,27964888.310546875,nan,0.6103515625,2.0,0.001,1.0,emission,13098.721493975596,2.490977658084001e-28,4.0812177974694355e-28,2.018051068035057,1.141307998723923e-20,custom,False,2.033691229284315,,terminate,False,nan,1.0,5.0255339922243624e-08,8.233834892860395e-08,0.0,0,active,2.302585092994046,nan,nan,nan,1000000,1.0,inf,False,0,0.0,1.0,0.0,0.0,0,5.99746216602802e-38,0,0.0,0.0,0.0,0.0,0.0,inf,0.0,0.0,0.0,0.0,0.0,0.0,inf,inf,0.0,0.0,inf,2.6095092540525795e-19,3.463368928089533e-19,1.2174323183648275e-15,False,7794161680.544287,0.0,0.0,3741.9095810948684,0.0,0.0,0,0,0,0,0.0,0,0,False,0,0.0,False,False,False,False,False,False,False,False,False,False,False,0.0,0.00012352966292851502,1.3890618893303865,0,0.0,False,-1,0,0,0,3804,0,0,0.0,20,1.575911435696376e-18,3862222222.2222223,3.4172710214391925e-10,1000000000000.0,1000000000000.0,0.0005987445183220907,1.0,49.89537652684091,0.00014991623455953818,-1.0024493102302374e-05,7854567458.880309,1738.0,0.0,0.0,0.0,0.0,0.0,0.0,0
0.0,-5.1395650462857915e-14,2.3025827812393085,0.0,0.10000023117574093,1.7729515419303563e-05,1.772951541930356e-06,0.0,False,45,False,shielded,v9_four_class_stateful_PD_shared_root_m1_marked_embryo_v1,nan,nan,nan,nan,nan,nan,nan,nan,nan,nan,100000000000000.0,27964888.920898438,nan,0.6103515625,2.0,0.001,1.0,emission,13098.721493975596,2.490977658084001e-28,4.0812177974694355e-28,2.018051068035057,1.1413080236336995e-20,custom,False,2.033691229284315,,terminate,False,nan,1.0,5.0255339922243624e-08,8.233834892860395e-08,0.0,0,active,2.302585092994046,nan,nan,nan,1000000,1.0,inf,False,0,0.0,1.0,0.0,0.0,0,4.755958658487495e-38,0,0.0,0.0,0.0,0.0,0.0,inf,0.0,0.0,0.0,0.0,0.0,0.0,inf,inf,0.0,0.0,inf,2.6095092540525795e-19,3.084139639668572e-19,1.2174323183648275e-15,False,7794161680.544287,0.0,0.0,3741.9095810948684,0.0,0.0,0,0,0,0,0.0,0,0,False,0,0.0,False,False,False,False,False,False,False,False,False,False,False,0.0,0.00012352966292851502,1.3890618893303865,0,0.0,False,-1,0,0,0,3804,0,0,0.0,21,1.5759114700916503e-18,3862222222.2222223,3.41727110826073e-10,1000000000000.0,1000000000000.0,0.0005987445183220907,1.0,49.89537652684091,0.00014991623455953818,-1.0024493102302374e-05,7854567458.880309,1738.0,0.0,0.0,0.0,0.0,0.0,0.0,0
0.0,-5.139565148649392e-14,2.3025828314946484,0.0,0.10000022615019545,1.7729515419303563e-05,1.772951541930356e-06,0.0,False,46,False,shielded,v9_four_class_stateful_PD_shared_root_m1_marked_embryo_v1,nan,nan,nan,nan,nan,nan,nan,nan,nan,nan,100000000000000.0,27964889.53125,nan,0.6103515625,2.0,0.001,1.0,emission,13098.721493975596,2.490977658084001e-28,4.0812177974694355e-28,2.018051068035057,1.1413080485434761e-20,custom,False,2.033691229284315,,terminate,False,nan,1.0,5.0255339922243624e-08,8.233834892860395e-08,0.0,0,active,2.302585092994046,nan,nan,nan,1000000,1.0,inf,False,0,0.0,1.0,0.0,0.0,0,5.99746216602802e-38,0,0.0,0.0,0.0,0.0,0.0,inf,0.0,0.0,0.0,0.0,0.0,0.0,inf,inf,0.0,0.0,inf,2.6095092540525795e-19,3.463368928089533e-19,1.2174323183648275e-15,False,7794161680.544287,0.0,0.0,3741.9095810948684,0.0,0.0,0,0,0,0,0.0,0,0,False,0,0.0,False,False,False,False,False,False,False,False,False,False,False,0.0,0.00012352966292851502,1.3890618893303865,0,0.0,False,-1,0,0,0,3804,0,0,0.0,20,1.5759115044869247e-18,3862222222.2222223,3.417271177213858e-10,1000000000000.0,1000000000000.0,0.0005987445183220907,1.0,49.89537652684091,0.00014991623455953818,-1.0024493102302374e-05,7854567458.880309,1738.0,0.0,0.0,0.0,0.0,0.0,0.0,0
0.0,-5.139565265064724e-14,2.3025828817499883,0.0,0.10000022112465022,1.7729515419303563e-05,1.772951541930356e-06,0.0,False,47,False,shielded,v9_four_class_stateful_PD_shared_root_m1_marked_embryo_v1,nan,nan,nan,nan,nan,nan,nan,nan,nan,nan,100000000000000.0,27964890.141601562,nan,0.6103515625,2.0,0.001,1.0,emission,13098.721493975596,2.490977658084001e-28,4.0812177974694355e-28,2.018051068035057,1.1413080734532527e-20,custom,False,2.033691229284315,,terminate,False,nan,1.0,5.0255339922243624e-08,8.233834892860395e-08,0.0,0,active,2.302585092994046,nan,nan,nan,1000000,1.0,inf,False,0,0.0,1.0,0.0,0.0,0,5.961983715211586e-38,0,0.0,0.0,0.0,0.0,0.0,inf,0.0,0.0,0.0,0.0,0.0,0.0,inf,inf,0.0,0.0,inf,2.6095092540525795e-19,3.4531098202089044e-19,1.2174323183648275e-15,False,7794161680.544287,0.0,0.0,3741.9095810948684,0.0,0.0,0,0,0,0,0.0,0,0,False,0,0.0,False,False,False,False,False,False,False,False,False,False,False,0.0,0.00012352966292851502,1.3890618893303865,0,0.0,False,-1,0,0,0,3804,0,0,0.0,20,1.575911538882199e-18,3862222222.2222223,3.417271249586194e-10,1000000000000.0,1000000000000.0,0.0005987445183220907,1.0,49.89537652684091,0.00014991623455953818,-1.0024493102302374e-05,7854567458.880309,1738.0,0.0,0.0,0.0,0.0,0.0,0.0,0
0.0,-5.139565382501106e-14,2.302582932005328,0.0,0.10000021609910524,1.7729515419303563e-05,1.772951541930356e-06,0.0,False,48,False,shielded,v9_four_class_stateful_PD_shared_root_m1_marked_embryo_v1,nan,nan,nan,nan,nan,nan,nan,nan,nan,nan,100000000000000.0,27964890.751953125,nan,0.6103515625,2.0,0.001,1.0,emission,13098.721493975596,2.490977658084001e-28,4.0812177974694355e-28,2.018051068035057,1.1413080983630293e-20,custom,False,2.033691229284315,,terminate,False,nan,1.0,5.0255339922243624e-08,8.233834892860395e-08,0.0,0,active,2.302585092994046,nan,nan,nan,1000000,1.0,inf,False,0,0.0,1.0,0.0,0.0,0,5.997462166028106e-38,0,0.0,0.0,0.0,0.0,0.0,inf,0.0,0.0,0.0,0.0,0.0,0.0,inf,inf,0.0,0.0,inf,2.6095092540525795e-19,3.4633689280895575e-19,1.2174323183648275e-15,False,7794161680.544287,0.0,0.0,3741.9095810948684,0.0,0.0,0,0,0,0,0.0,0,0,False,0,0.0,False,False,False,False,False,False,False,False,False,False,False,0.0,0.00012352966292851502,1.3890618893303865,0,0.0,False,-1,0,0,0,3804,0,0,0.0,21,1.5759115732774734e-18,3862222222.2222223,3.417271325737475e-10,1000000000000.0,1000000000000.0,0.0005987445183220907,1.0,49.89537652684091,0.00014991623455953818,-1.0024493102302374e-05,7854567458.880309,1738.0,0.0,0.0,0.0,0.0,0.0,0.0,0
0.0,-5.1395655095069345e-14,2.302582982260668,0.0,0.10000021107356052,1.7729515419303563e-05,1.772951541930356e-06,0.0,False,49,False,shielded,v9_four_class_stateful_PD_shared_root_m1_marked_embryo_v1,nan,nan,nan,nan,nan,nan,nan,nan,nan,nan,100000000000000.0,27964891.362304688,nan,0.6103515625,2.0,0.001,1.0,emission,13098.721493975596,2.490977658084001e-28,4.0812177974694355e-28,2.018051068035057,1.1413081232728058e-20,custom,False,2.033691229284315,,terminate,False,nan,1.0,5.0255339922243624e-08,8.233834892860395e-08,0.0,0,active,2.302585092994046,nan,nan,nan,1000000,1.0,inf,False,0,0.0,1.0,0.0,0.0,0,5.99746216602802e-38,0,0.0,0.0,0.0,0.0,0.0,inf,0.0,0.0,0.0,0.0,0.0,0.0,inf,inf,0.0,0.0,inf,2.6095092540525795e-19,3.463368928089533e-19,1.2174323183648275e-15,False,7794161680.544287,0.0,0.0,3741.9095810948684,0.0,0.0,0,0,0,0,0.0,0,0,False,0,0.0,False,False,False,False,False,False,False,False,False,False,False,0.0,0.00012352966292851502,1.3890618893303865,0,0.0,False,-1,0,0,0,3804,0,0,0.0,20,1.5759116076727478e-18,3862222222.2222223,3.4172714041613673e-10,1000000000000.0,1000000000000.0,0.0005987445183220907,1.0,49.89537652684091,0.00014991623455953818,-1.0024493102302374e-05,7854567458.880309,1738.0,0.0,0.0,0.0,0.0,0.0,0.0,0
0.0,-5.1395656146726096e-14,2.302583032516008,0.0,0.10000020604801606,1.7729515419303563e-05,1.772951541930356e-06,0.0,False,50,False,shielded,v9_four_class_stateful_PD_shared_root_m1_marked_embryo_v1,nan,nan,nan,nan,nan,nan,nan,nan,nan,nan,100000000000000.0,27964891.97265625,nan,0.6103515625,2.0,0.001,1.0,emission,13098.721493975596,2.490977658084001e-28,4.0812177974694355e-28,2.018051068035057,1.1413081481825824e-20,custom,False,2.033691229284315,,terminate,False,nan,1.0,5.0255339922243624e-08,8.233834892860395e-08,0.0,0,active,2.302585092994046,nan,nan,nan,1000000,1.0,inf,False,0,0.0,1.0,0.0,0.0,0,4.2911216849702456e-38,0,0.0,0.0,0.0,0.0,0.0,inf,0.0,0.0,0.0,0.0,0.0,0.0,inf,inf,0.0,0.0,inf,2.6095092540525795e-19,2.9295466150823565e-19,1.2174323183648275e-15,False,7794161680.544287,0.0,0.0,3741.9095810948684,0.0,0.0,0,0,0,0,0.0,0,0,False,0,0.0,False,False,False,False,False,False,False,False,False,False,False,0.0,0.00012352966292851502,1.3890618893303865,0,0.0,False,-1,0,0,0,3804,0,0,0.0,21,1.5759116420680221e-18,3862222222.2222223,3.4172714733890226e-10,1000000000000.0,1000000000000.0,0.0005987445183220907,1.0,49.89537652684091,0.00014991623455953818,-1.0024493102302374e-05,7854567458.880309,1738.0,0.0,0.0,0.0,0.0,0.0,0.0,0
0.0,-5.139565729348277e-14,2.302583082771348,0.0,0.10000020102247184,1.7729515419303563e-05,1.772951541930356e-06,0.0,False,51,False,shielded,v9_four_class_stateful_PD_shared_root_m1_marked_embryo_v1,nan,nan,nan,nan,nan,nan,nan,nan,nan,nan,100000000000000.0,27964892.583007812,nan,0.6103515625,2.0,0.001,1.0,emission,13098.721493975596,2.490977658084001e-28,4.0812177974694355e-28,2.018051068035057,1.141308173092359e-20,custom,False,2.033691229284315,,terminate,False,nan,1.0,5.0255339922243624e-08,8.233834892860395e-08,0.0,0,active,2.302585092994046,nan,nan,nan,1000000,1.0,inf,False,0,0.0,1.0,0.0,0.0,0,5.99746216602802e-38,0,0.0,0.0,0.0,0.0,0.0,inf,0.0,0.0,0.0,0.0,0.0,0.0,inf,inf,0.0,0.0,inf,2.6095092540525795e-19,3.463368928089533e-19,1.2174323183648275e-15,False,7794161680.544287,0.0,0.0,3741.9095810948684,0.0,0.0,0,0,0,0,0.0,0,0,False,0,0.0,False,False,False,False,False,False,False,False,False,False,False,0.0,0.00012352966292851502,1.3890618893303865,0,0.0,False,-1,0,0,0,3804,0,0,0.0,20,1.5759116764632965e-18,3862222222.2222223,3.417271552531201e-10,1000000000000.0,1000000000000.0,0.0005987445183220907,1.0,49.89537652684091,0.00014991623455953818,-1.0024493102302374e-05,7854567458.880309,1738.0,0.0,0.0,0.0,0.0,0.0,0.0,0
0.0,-5.139565841669064e-14,2.3025831330266877,0.0,0.10000019599692787,1.7729515419303563e-05,1.772951541930356e-06,0.0,False,52,False,shielded,v9_four_class_stateful_PD_shared_root_m1_marked_embryo_v1,nan,nan,nan,nan,nan,nan,nan,nan,nan,nan,100000000000000.0,27964893.193359375,nan,0.6103515625,2.0,0.001,1.0,emission,13098.721493975596,2.490977658084001e-28,4.0812177974694355e-28,2.018051068035057,1.1413081980021356e-20,custom,False,2.033691229284315,,terminate,False,nan,1.0,5.0255339922243624e-08,8.233834892860395e-08,0.0,0,active,2.302585092994046,nan,nan,nan,1000000,1.0,inf,False,0,0.0,1.0,0.0,0.0,0,5.99746216602802e-38,0,0.0,0.0,0.0,0.0,0.0,inf,0.0,0.0,0.0,0.0,0.0,0.0,inf,inf,0.0,0.0,inf,2.6095092540525795e-19,3.463368928089533e-19,1.2174323183648275e-15,False,7794161680.544287,0.0,0.0,3741.9095810948684,0.0,0.0,0,0,0,0,0.0,0,0,False,0,0.0,False,False,False,False,False,False,False,False,False,False,False,0.0,0.00012352966292851502,1.3890618893303865,0,0.0,False,-1,0,0,0,3804,0,0,0.0,21,1.5759117108585708e-18,3862222222.2222223,3.4172716250416143e-10,1000000000000.0,1000000000000.0,0.0005987445183220907,1.0,49.89537652684091,0.00014991623455953818,-1.0024493102302374e-05,7854567458.880309,1738.0,0.0,0.0,0.0,0.0,0.0,0.0,0
0.0,-5.139565946850249e-14,2.3025831832820276,0.0,0.10000019097138416,1.7729515419303563e-05,1.772951541930356e-06,0.0,False,53,False,shielded,v9_four_class_stateful_PD_shared_root_m1_marked_embryo_v1,nan,nan,nan,nan,nan,nan,nan,nan,nan,nan,100000000000000.0,27964893.803710938,nan,0.6103515625,2.0,0.001,1.0,emission,13098.721493975596,2.490977658084001e-28,4.0812177974694355e-28,2.018051068035057,1.1413082229119122e-20,custom,False,2.033691229284315,,terminate,False,nan,1.0,5.0255339922243624e-08,8.233834892860395e-08,0.0,0,active,2.302585092994046,nan,nan,nan,1000000,1.0,inf,False,0,0.0,1.0,0.0,0.0,0,5.827676403039168e-38,0,0.0,0.0,0.0,0.0,0.0,inf,0.0,0.0,0.0,0.0,0.0,0.0,inf,inf,0.0,0.0,inf,2.6095092540525795e-19,3.4139936739950673e-19,1.2174323183648275e-15,False,7794161680.544287,0.0,0.0,3741.9095810948684,0.0,0.0,0,0,0,0,0.0,0,0,False,0,0.0,False,False,False,False,False,False,False,False,False,False,False,0.0,0.00012352966292851502,1.3890618893303865,0,0.0,False,-1,0,0,0,3804,0,0,0.0,20,1.5759117452538452e-18,3862222222.2222223,3.417271703290755e-10,1000000000000.0,1000000000000.0,0.0005987445183220907,1.0,49.89537652684091,0.00014991623455953818,-1.0024493102302374e-05,7854567458.880309,1738.0,0.0,0.0,0.0,0.0,0.0,0.0,0
0.0,-5.139566071041078e-14,2.3025832335373675,0.0,0.1000001859458407,1.7729515419303563e-05,1.772951541930356e-06,0.0,False,54,False,shielded,v9_four_class_stateful_PD_shared_root_m1_marked_embryo_v1,nan,nan,nan,nan,nan,nan,nan,nan,nan,nan,100000000000000.0,27964894.4140625,nan,0.6103515625,2.0,0.001,1.0,emission,13098.721493975596,2.490977658084001e-28,4.0812177974694355e-28,2.018051068035057,1.1413082478216887e-20,custom,False,2.033691229284315,,terminate,False,nan,1.0,5.0255339922243624e-08,8.233834892860395e-08,0.0,0,active,2.302585092994046,nan,nan,nan,1000000,1.0,inf,False,0,0.0,1.0,0.0,0.0,0,5.99746216602802e-38,0,0.0,0.0,0.0,0.0,0.0,inf,0.0,0.0,0.0,0.0,0.0,0.0,inf,inf,0.0,0.0,inf,2.6095092540525795e-19,3.463368928089533e-19,1.2174323183648275e-15,False,7794161680.544287,0.0,0.0,3741.9095810948684,0.0,0.0,0,0,0,0,0.0,0,0,False,0,0.0,False,False,False,False,False,False,False,False,False,False,False,0.0,0.00012352966292851502,1.3890618893303865,0,0.0,False,-1,0,0,0,3804,0,0,0.0,21,1.5759117796491196e-18,3862222222.2222223,3.4172717696769274e-10,1000000000000.0,1000000000000.0,0.0005987445183220907,1.0,49.89537652684091,0.00014991623455953818,-1.0024493102302374e-05,7854567458.880309,1738.0,0.0,0.0,0.0,0.0,0.0,0.0,0
0.0,-5.1395661695427796e-14,2.3025832837927074,0.0,0.10000018092029749,1.7729515419303563e-05,1.772951541930356e-06,0.0,False,55,False,shielded,v9_four_class_stateful_PD_shared_root_m1_marked_embryo_v1,nan,nan,nan,nan,nan,nan,nan,nan,nan,nan,100000000000000.0,27964895.024414062,nan,0.6103515625,2.0,0.001,1.0,emission,13098.721493975596,2.490977658084001e-28,4.0812177974694355e-28,2.018051068035057,1.1413082727314653e-20,custom,False,2.033691229284315,,terminate,False,nan,1.0,5.0255339922243624e-08,8.233834892860395e-08,0.0,0,active,2.302585092994046,nan,nan,nan,1000000,1.0,inf,False,0,0.0,1.0,0.0,0.0,0,3.9940764508147155e-38,0,0.0,0.0,0.0,0.0,0.0,inf,0.0,0.0,0.0,0.0,0.0,0.0,inf,inf,0.0,0.0,inf,2.6095092540525795e-19,2.8263320579205536e-19,1.2174323183648275e-15,False,7794161680.544287,0.0,0.0,3741.9095810948684,0.0,0.0,0,0,0,0,0.0,0,0,False,0,0.0,False,False,False,False,False,False,False,False,False,False,False,0.0,0.00012352966292851502,1.3890618893303865,0,0.0,False,-1,0,0,0,3804,0,0,0.0,20,1.575911814044394e-18,3862222222.2222223,3.417271846411914e-10,1000000000000.0,1000000000000.0,0.0005987445183220907,1.0,49.89537652684091,0.00014991623455953818,-1.0024493102302374e-05,7854567458.880309,1738.0,0.0,0.0,0.0,0.0,0.0,0.0,0
0.0,-5.13956628172398e-14,2.3025833340480473,0.0,0.10000017589475453,1.7729515419303563e-05,1.772951541930356e-06,0.0,False,56,False,shielded,v9_four_class_stateful_PD_shared_root_m1_marked_embryo_v1,nan,nan,nan,nan,nan,nan,nan,nan,nan,nan,100000000000000.0,27964895.634765625,nan,0.6103515625,2.0,0.001,1.0,emission,13098.721493975596,2.490977658084001e-28,4.0812177974694355e-28,2.018051068035057,1.1413082976412419e-20,custom,False,2.033691229284315,,terminate,False,nan,1.0,5.0255339922243624e-08,8.233834892860395e-08,0.0,0,active,2.302585092994046,nan,nan,nan,1000000,1.0,inf,False,0,0.0,1.0,0.0,0.0,0,5.99746216602802e-38,0,0.0,0.0,0.0,0.0,0.0,inf,0.0,0.0,0.0,0.0,0.0,0.0,inf,inf,0.0,0.0,inf,2.6095092540525795e-19,3.463368928089533e-19,1.2174323183648275e-15,False,7794161680.544287,0.0,0.0,3741.9095810948684,0.0,0.0,0,0,0,0,0.0,0,0,False,0,0.0,False,False,False,False,False,False,False,False,False,False,False,0.0,0.00012352966292851502,1.3890618893303865,0,0.0,False,-1,0,0,0,3804,0,0,0.0,21,1.5759118484396683e-18,3862222222.2222223,3.4172719246937423e-10,1000000000000.0,1000000000000.0,0.0005987445183220907,1.0,49.89537652684091,0.00014991623455953818,-1.0024493102302374e-05,7854567458.880309,1738.0,0.0,0.0,0.0,0.0,0.0,0.0,0
0.0,-5.139566394130071e-14,2.3025833843033876,0.0,0.10000017086921179,1.7729515419303563e-05,1.772951541930356e-06,0.0,False,57,False,shielded,v9_four_class_stateful_PD_shared_root_m1_marked_embryo_v1,nan,nan,nan,nan,nan,nan,nan,nan,nan,nan,100000000000000.0,27964896.245117188,nan,0.6103515625,2.0,0.001,1.0,emission,13098.721493975596,2.490977658084001e-28,4.0812177974694355e-28,2.018051068035057,1.1413083225510185e-20,custom,False,2.033691229284315,,terminate,False,nan,1.0,5.0255339922243624e-08,8.233834892860395e-08,4.440892098500626e-16,0,active,2.302585092994046,nan,nan,nan,1000000,1.0,inf,False,0,0.0,1.0,0.0,0.0,0,5.99746216602802e-38,0,0.0,0.0,0.0,0.0,0.0,inf,0.0,0.0,0.0,0.0,0.0,0.0,inf,inf,0.0,0.0,inf,2.6095092540525795e-19,3.463368928089533e-19,1.2174323183648275e-15,False,7794161680.544287,0.0,0.0,3741.9095810948684,0.0,0.0,0,0,0,0,0.0,0,0,False,0,0.0,False,False,False,False,False,False,False,False,False,False,False,0.0,0.00012352966292851502,1.3890618893303865,0,0.0,False,-1,0,0,0,3804,0,0,0.0,20,1.5759118828349426e-18,3862222222.2222223,3.417271997402639e-10,1000000000000.0,1000000000000.0,0.0005987445183220907,1.0,49.89537652684091,0.00014991623455953818,-1.0024493102302374e-05,7854567458.880309,1738.0,0.0,0.0,0.0,0.0,0.0,0.0,0
0.0,-5.1395665178349313e-14,2.3025834345587275,0.0,0.10000016584366934,1.7729515419303563e-05,1.772951541930356e-06,0.0,False,58,False,shielded,v9_four_class_stateful_PD_shared_root_m1_marked_embryo_v1,nan,nan,nan,nan,nan,nan,nan,nan,nan,nan,100000000000000.0,27964896.85546875,nan,0.6103515625,2.0,0.001,1.0,emission,13098.721493975596,2.490977658084001e-28,4.0812177974694355e-28,2.018051068035057,1.141308347460795e-20,custom,False,2.033691229284315,,terminate,False,nan,1.0,5.0255339922243624e-08,8.233834892860395e-08,0.0,0,active,2.302585092994046,nan,nan,nan,1000000,1.0,inf,False,0,0.0,1.0,0.0,0.0,0,5.385677262859065e-38,0,0.0,0.0,0.0,0.0,0.0,inf,0.0,0.0,0.0,0.0,0.0,0.0,inf,inf,0.0,0.0,inf,2.6095092540525795e-19,3.2819741811473974e-19,1.2174323183648275e-15,False,7794161680.544287,0.0,0.0,3741.9095810948684,0.0,0.0,0,0,0,0,0.0,0,0,False,0,0.0,False,False,False,False,False,False,False,False,False,False,False,0.0,0.00012352966292851502,1.3890618893303865,0,0.0,False,-1,0,0,0,3804,0,0,0.0,21,1.575911917230217e-18,3862222222.2222223,3.417272067333416e-10,1000000000000.0,1000000000000.0,0.0005987445183220907,1.0,49.89537652684091,0.00014991623455953818,-1.0024493102302374e-05,7854567458.880309,1738.0,0.0,0.0,0.0,0.0,0.0,0.0,0
0.0,-5.139566629835186e-14,2.3025834848140674,0.0,0.10000016081812714,1.7729515419303563e-05,1.772951541930356e-06,0.0,False,59,False,shielded,v9_four_class_stateful_PD_shared_root_m1_marked_embryo_v1,nan,nan,nan,nan,nan,nan,nan,nan,nan,nan,100000000000000.0,27964897.465820312,nan,0.6103515625,2.0,0.001,1.0,emission,13098.721493975596,2.490977658084001e-28,4.0812177974694355e-28,2.018051068035057,1.1413083723705716e-20,custom,False,2.033691229284315,,terminate,False,nan,1.0,5.0255339922243624e-08,8.233834892860395e-08,0.0,0,active,2.302585092994046,nan,nan,nan,1000000,1.0,inf,False,0,0.0,1.0,0.0,0.0,0,5.99746216602802e-38,0,0.0,0.0,0.0,0.0,0.0,inf,0.0,0.0,0.0,0.0,0.0,0.0,inf,inf,0.0,0.0,inf,2.6095092540525795e-19,3.463368928089533e-19,1.2174323183648275e-15,False,7794161680.544287,0.0,0.0,3741.9095810948684,0.0,0.0,0,0,0,0,0.0,0,0,False,0,0.0,False,False,False,False,False,False,False,False,False,False,False,0.0,0.00012352966292851502,1.3890618893303865,0,0.0,False,-1,0,0,0,3804,0,0,0.0,20,1.5759119516254914e-18,3862222222.2222223,3.4172721477762497e-10,1000000000000.0,1000000000000.0,0.0005987445183220907,1.0,49.89537652684091,0.00014991623455953818,-1.0024493102302374e-05,7854567458.880309,1738.0,0.0,0.0,0.0,0.0,0.0,0.0,0
0.0,-5.1395667253926416e-14,2.3025835350694073,0.0,0.1000001557925852,1.7729515419303563e-05,1.772951541930356e-06,0.0,False,60,False,shielded,v9_four_class_stateful_PD_shared_root_m1_marked_embryo_v1,nan,nan,nan,nan,nan,nan,nan,nan,nan,nan,100000000000000.0,27964898.076171875,nan,0.6103515625,2.0,0.001,1.0,emission,13098.721493975596,2.490977658084001e-28,4.0812177974694355e-28,2.018051068035057,1.1413083972803482e-20,custom,False,2.033691229284315,,terminate,False,nan,1.0,5.0255339922243624e-08,8.233834892860395e-08,0.0,0,active,2.302585092994046,nan,nan,nan,1000000,1.0,inf,False,0,0.0,1.0,0.0,0.0,0,5.230820001808693e-38,0,0.0,0.0,0.0,0.0,0.0,inf,0.0,0.0,0.0,0.0,0.0,0.0,inf,inf,0.0,0.0,inf,2.6095092540525795e-19,3.234445857270977e-19,1.2174323183648275e-15,False,7794161680.544287,0.0,0.0,3741.9095810948684,0.0,0.0,0,0,0,0,0.0,0,0,False,0,0.0,False,False,False,False,False,False,False,False,False,False,False,0.0,0.00012352966292851502,1.3890618893303865,0,0.0,False,-1,0,0,0,3804,0,0,0.0,21,1.5759119860207657e-18,3862222222.2222223,3.4172722249804486e-10,1000000000000.0,1000000000000.0,0.0005987445183220907,1.0,49.89537652684091,0.00014991623455953818,-1.0024493102302374e-05,7854567458.880309,1738.0,0.0,0.0,0.0,0.0,0.0,0.0,0
0.0,-5.139566842242243e-14,2.302583585324747,0.0,0.10000015076704351,1.7729515419303563e-05,1.772951541930356e-06,0.0,False,61,False,shielded,v9_four_class_stateful_PD_shared_root_m1_marked_embryo_v1,nan,nan,nan,nan,nan,nan,nan,nan,nan,nan,100000000000000.0,27964898.686523438,nan,0.6103515625,2.0,0.001,1.0,emission,13098.721493975596,2.490977658084001e-28,4.0812177974694355e-28,2.018051068035057,1.1413084221901248e-20,custom,False,2.033691229284315,,terminate,False,nan,1.0,5.0255339922243624e-08,8.233834892860395e-08,0.0,0,active,2.302585092994046,nan,nan,nan,1000000,1.0,inf,False,0,0.0,1.0,0.0,0.0,0,5.997462166028106e-38,0,0.0,0.0,0.0,0.0,0.0,inf,0.0,0.0,0.0,0.0,0.0,0.0,inf,inf,0.0,0.0,inf,2.6095092540525795e-19,3.4633689280895575e-19,1.2174323183648275e-15,False,7794161680.544287,0.0,0.0,3741.9095810948684,0.0,0.0,0,0,0,0,0.0,0,0,False,0,0.0,False,False,False,False,False,False,False,False,False,False,False,0.0,0.00012352966292851502,1.3890618893303865,0,0.0,False,-1,0,0,0,3804,0,0,0.0,20,1.57591202041604e-18,3862222222.2222223,3.417272296553946e-10,1000000000000.0,1000000000000.0,0.0005987445183220907,1.0,49.89537652684091,0.00014991623455953818,-1.0024493102302374e-05,7854567458.880309,1738.0,0.0,0.0,0.0,0.0,0.0,0.0,0
0.0,-5.139566959774268e-14,2.302583635580087,0.0,0.10000014574150207,1.7729515419303563e-05,1.772951541930356e-06,0.0,False,62,False,shielded,v9_four_class_stateful_PD_shared_root_m1_marked_embryo_v1,nan,nan,nan,nan,nan,nan,nan,nan,nan,nan,100000000000000.0,27964899.296875,nan,0.6103515625,2.0,0.001,1.0,emission,13098.721493975596,2.490977658084001e-28,4.0812177974694355e-28,2.018051068035057,1.1413084470999014e-20,custom,False,2.033691229284315,,terminate,False,nan,1.0,5.0255339922243624e-08,8.233834892860395e-08,0.0,0,active,2.302585092994046,nan,nan,nan,1000000,1.0,inf,False,0,0.0,1.0,0.0,0.0,0,5.99746216602802e-38,0,0.0,0.0,0.0,0.0,0.0,inf,0.0,0.0,0.0,0.0,0.0,0.0,inf,inf,0.0,0.0,inf,2.6095092540525795e-19,3.463368928089533e-19,1.2174323183648275e-15,False,7794161680.544287,0.0,0.0,3741.9095810948684,0.0,0.0,0,0,0,0,0.0,0,0,False,0,0.0,False,False,False,False,False,False,False,False,False,False,False,0.0,0.00012352966292851502,1.3890618893303865,0,0.0,False,-1,0,0,0,3804,0,0,0.0,21,1.5759120548113144e-18,3862222222.2222223,3.4172723767375577e-10,1000000000000.0,1000000000000.0,0.0005987445183220907,1.0,49.89537652684091,0.00014991623455953818,-1.0024493102302374e-05,7854567458.880309,1738.0,0.0,0.0,0.0,0.0,0.0,0.0,0
0.0,-5.139567065281155e-14,2.302583685835427,0.0,0.10000014071596088,1.7729515419303563e-05,1.772951541930356e-06,0.0,False,63,False,shielded,v9_four_class_stateful_PD_shared_root_m1_marked_embryo_v1,nan,nan,nan,nan,nan,nan,nan,nan,nan,nan,100000000000000.0,27964899.907226562,nan,0.6103515625,2.0,0.001,1.0,emission,13098.721493975596,2.490977658084001e-28,4.0812177974694355e-28,2.018051068035057,1.141308472009678e-20,custom,False,2.033691229284315,,terminate,False,nan,1.0,5.0255339922243624e-08,8.233834892860395e-08,0.0,0,active,2.302585092994046,nan,nan,nan,1000000,1.0,inf,False,0,0.0,1.0,0.0,0.0,0,4.884803237606887e-38,0,0.0,0.0,0.0,0.0,0.0,inf,0.0,0.0,0.0,0.0,0.0,0.0,inf,inf,0.0,0.0,inf,2.6095092540525795e-19,3.125636971117051e-19,1.2174323183648275e-15,False,7794161680.544287,0.0,0.0,3741.9095810948684,0.0,0.0,0,0,0,0,0.0,0,0,False,0,0.0,False,False,False,False,False,False,False,False,False,False,False,0.0,0.00012352966292851502,1.3890618893303865,0,0.0,False,-1,0,0,0,3804,0,0,0.0,21,1.5759120892065888e-18,3862222222.2222223,3.4172724362752735e-10,1000000000000.0,1000000000000.0,0.0005987445183220907,1.0,49.89537652684091,0.00014991623455953818,-1.0024493102302374e-05,7854567458.880309,1738.0,0.0,0.0,0.0,0.0,0.0,0.0,0
0.0,-5.139567184676922e-14,2.302583736090767,0.0,0.10000013569041995,1.7729515419303563e-05,1.772951541930356e-06,0.0,False,64,False,shielded,v9_four_class_stateful_PD_shared_root_m1_marked_embryo_v1,nan,nan,nan,nan,nan,nan,nan,nan,nan,nan,100000000000000.0,27964900.517578125,nan,0.6103515625,2.0,0.001,1.0,emission,13098.721493975596,2.490977658084001e-28,4.0812177974694355e-28,2.018051068035057,1.1413084969194545e-20,custom,False,2.033691229284315,,terminate,False,nan,1.0,5.0255339922243624e-08,8.233834892860395e-08,0.0,0,active,2.302585092994046,nan,nan,nan,1000000,1.0,inf,False,0,0.0,1.0,0.0,0.0,0,5.99746216602802e-38,0,0.0,0.0,0.0,0.0,0.0,inf,0.0,0.0,0.0,0.0,0.0,0.0,inf,inf,0.0,0.0,inf,2.6095092540525795e-19,3.463368928089533e-19,1.2174323183648275e-15,False,7794161680.544287,0.0,0.0,3741.9095810948684,0.0,0.0,0,0,0,0,0.0,0,0,False,0,0.0,False,False,False,False,False,False,False,False,False,False,False,0.0,0.00012352966292851502,1.3890618893303865,0,0.0,False,-1,0,0,0,3804,0,0,0.0,20,1.5759121236018631e-18,3862222222.2222223,3.4172725087420016e-10,1000000000000.0,1000000000000.0,0.0005987445183220907,1.0,49.89537652684091,0.00014991623455953818,-1.0024493102302374e-05,7854567458.880309,1738.0,0.0,0.0,0.0,0.0,0.0,0.0,0
0.0,-5.1395672939164615e-14,2.3025837863461067,0.0,0.10000013066487927,1.7729515419303563e-05,1.772951541930356e-06,0.0,False,65,False,shielded,v9_four_class_stateful_PD_shared_root_m1_marked_embryo_v1,nan,nan,nan,nan,nan,nan,nan,nan,nan,nan,100000000000000.0,27964901.127929688,nan,0.6103515625,2.0,0.001,1.0,emission,13098.721493975596,2.490977658084001e-28,4.0812177974694355e-28,2.018051068035057,1.1413085218292311e-20,custom,False,2.033691229284315,,terminate,False,nan,1.0,5.0255339922243624e-08,8.233834892860395e-08,0.0,0,active,2.302585092994046,nan,nan,nan,1000000,1.0,inf,False,0,0.0,1.0,0.0,0.0,0,5.92849528462481e-38,0,0.0,0.0,0.0,0.0,0.0,inf,0.0,0.0,0.0,0.0,0.0,0.0,inf,inf,0.0,0.0,inf,2.6095092540525795e-19,3.443398113673413e-19,1.2174323183648275e-15,False,7794161680.544287,0.0,0.0,3741.9095810948684,0.0,0.0,0,0,0,0,0.0,0,0,False,0,0.0,False,False,False,False,False,False,False,False,False,False,False,0.0,0.00012352966292851502,1.3890618893303865,0,0.0,False,-1,0,0,0,3804,0,0,0.0,21,1.5759121579971375e-18,3862222222.2222223,3.4172725854696483e-10,1000000000000.0,1000000000000.0,0.0005987445183220907,1.0,49.89537652684091,0.00014991623455953818,-1.0024493102302374e-05,7854567458.880309,1738.0,0.0,0.0,0.0,0.0,0.0,0.0,0
0.0,-5.139567396983166e-14,2.3025838366014466,0.0,0.10000012563933883,1.7729515419303563e-05,1.772951541930356e-06,0.0,False,66,False,shielded,v9_four_class_stateful_PD_shared_root_m1_marked_embryo_v1,nan,nan,nan,nan,nan,nan,nan,nan,nan,nan,100000000000000.0,27964901.73828125,nan,0.6103515625,2.0,0.001,1.0,emission,13098.721493975596,2.490977658084001e-28,4.0812177974694355e-28,2.018051068035057,1.1413085467390077e-20,custom,False,2.033691229284315,,terminate,False,nan,1.0,5.0255339922243624e-08,8.233834892860395e-08,0.0,0,active,2.302585092994046,nan,nan,nan,1000000,1.0,inf,False,0,0.0,1.0,0.0,0.0,0,5.997462166028106e-38,0,0.0,0.0,0.0,0.0,0.0,inf,0.0,0.0,0.0,0.0,0.0,0.0,inf,inf,0.0,0.0,inf,2.6095092540525795e-19,3.4633689280895575e-19,1.2174323183648275e-15,False,7794161680.544287,0.0,0.0,3741.9095810948684,0.0,0.0,0,0,0,0,0.0,0,0,False,0,0.0,False,False,False,False,False,False,False,False,False,False,False,0.0,0.00012352966292851502,1.3890618893303865,0,0.0,False,-1,0,0,0,3804,0,0,0.0,20,1.5759121923924119e-18,3862222222.2222223,3.4172726550564727e-10,1000000000000.0,1000000000000.0,0.0005987445183220907,1.0,49.89537652684091,0.00014991623455953818,-1.0024493102302374e-05,7854567458.880309,1738.0,0.0,0.0,0.0,0.0,0.0,0.0,0
0.0,-5.139567519343858e-14,2.3025838868567865,0.0,0.10000012061379866,1.7729515419303563e-05,1.772951541930356e-06,0.0,False,67,False,shielded,v9_four_class_stateful_PD_shared_root_m1_marked_embryo_v1,nan,nan,nan,nan,nan,nan,nan,nan,nan,nan,100000000000000.0,27964902.348632812,nan,0.6103515625,2.0,0.001,1.0,emission,13098.721493975596,2.490977658084001e-28,4.0812177974694355e-28,2.018051068035057,1.1413085716487843e-20,custom,False,2.033691229284315,,terminate,False,nan,1.0,5.0255339922243624e-08,8.233834892860395e-08,0.0,0,active,2.302585092994046,nan,nan,nan,1000000,1.0,inf,False,0,0.0,1.0,0.0,0.0,0,5.99746216602802e-38,0,0.0,0.0,0.0,0.0,0.0,inf,0.0,0.0,0.0,0.0,0.0,0.0,inf,inf,0.0,0.0,inf,2.6095092540525795e-19,3.463368928089533e-19,1.2174323183648275e-15,False,7794161680.544287,0.0,0.0,3741.9095810948684,0.0,0.0,0,0,0,0,0.0,0,0,False,0,0.0,False,False,False,False,False,False,False,False,False,False,False,0.0,0.00012352966292851502,1.3890618893303865,0,0.0,False,-1,0,0,0,3804,0,0,0.0,21,1.5759122267876862e-18,3862222222.2222223,3.417272737270057e-10,1000000000000.0,1000000000000.0,0.0005987445183220907,1.0,49.89537652684091,0.00014991623455953818,-1.0024493102302374e-05,7854567458.880309,1738.0,0.0,0.0,0.0,0.0,0.0,0.0,0
0.0,-5.139567634888065e-14,2.3025839371121264,0.0,0.10000011558825873,1.7729515419303563e-05,1.772951541930356e-06,0.0,False,68,False,shielded,v9_four_class_stateful_PD_shared_root_m1_marked_embryo_v1,nan,nan,nan,nan,nan,nan,nan,nan,nan,nan,100000000000000.0,27964902.958984375,nan,0.6103515625,2.0,0.001,1.0,emission,13098.721493975596,2.490977658084001e-28,4.0812177974694355e-28,2.018051068035057,1.1413085965585609e-20,custom,False,2.033691229284315,,terminate,False,nan,1.0,5.0255339922243624e-08,8.233834892860395e-08,0.0,0,active,2.302585092994046,nan,nan,nan,1000000,1.0,inf,False,0,0.0,1.0,0.0,0.0,0,4.409767503034923e-38,0,0.0,0.0,0.0,0.0,0.0,inf,0.0,0.0,0.0,0.0,0.0,0.0,inf,inf,0.0,0.0,inf,2.6095092540525795e-19,2.9697701941513664e-19,1.2174323183648275e-15,False,7794161680.544287,0.0,0.0,3741.9095810948684,0.0,0.0,0,0,0,0,0.0,0,0,False,0,0.0,False,False,False,False,False,False,False,False,False,False,False,0.0,0.00012352966292851502,1.3890618893303865,0,0.0,False,-1,0,0,0,3804,0,0,0.0,20,1.5759122611829606e-18,3862222222.2222223,3.4172728144246836e-10,1000000000000.0,1000000000000.0,0.0005987445183220907,1.0,49.89537652684091,0.00014991623455953818,-1.0024493102302374e-05,7854567458.880309,1738.0,0.0,0.0,0.0,0.0,0.0,0.0,0
0.0,-5.1395677370526253e-14,2.3025839873674663,0.0,0.10000011056271906,1.7729515419303563e-05,1.772951541930356e-06,0.0,False,69,False,shielded,v9_four_class_stateful_PD_shared_root_m1_marked_embryo_v1,nan,nan,nan,nan,nan,nan,nan,nan,nan,nan,100000000000000.0,27964903.569335938,nan,0.6103515625,2.0,0.001,1.0,emission,13098.721493975596,2.490977658084001e-28,4.0812177974694355e-28,2.018051068035057,1.1413086214683375e-20,custom,False,2.033691229284315,,terminate,False,nan,1.0,5.0255339922243624e-08,8.233834892860395e-08,0.0,0,active,2.302585092994046,nan,nan,nan,1000000,1.0,inf,False,0,0.0,1.0,0.0,0.0,0,5.99746216602802e-38,0,0.0,0.0,0.0,0.0,0.0,inf,0.0,0.0,0.0,0.0,0.0,0.0,inf,inf,0.0,0.0,inf,2.6095092540525795e-19,3.463368928089533e-19,1.2174323183648275e-15,False,7794161680.544287,0.0,0.0,3741.9095810948684,0.0,0.0,0,0,0,0,0.0,0,0,False,0,0.0,False,False,False,False,False,False,False,False,False,False,False,0.0,0.00012352966292851502,1.3890618893303865,0,0.0,False,-1,0,0,0,3804,0,0,0.0,21,1.575912295578235e-18,3862222222.2222223,3.417272890414956e-10,1000000000000.0,1000000000000.0,0.0005987445183220907,1.0,49.89537652684091,0.00014991623455953818,-1.0024493102302374e-05,7854567458.880309,1738.0,0.0,0.0,0.0,0.0,0.0,0.0,0
0.0,-5.1395678550576945e-14,2.302584037622806,0.0,0.10000010553717964,1.7729515419303563e-05,1.772951541930356e-06,0.0,False,70,False,shielded,v9_four_class_stateful_PD_shared_root_m1_marked_embryo_v1,nan,nan,nan,nan,nan,nan,nan,nan,nan,nan,100000000000000.0,27964904.1796875,nan,0.6103515625,2.0,0.001,1.0,emission,13098.721493975596,2.490977658084001e-28,4.0812177974694355e-28,2.018051068035057,1.141308646378114e-20,custom,False,2.033691229284315,,terminate,False,nan,1.0,5.0255339922243624e-08,8.233834892860395e-08,0.0,0,active,2.302585092994046,nan,nan,nan,1000000,1.0,inf,False,0,0.0,1.0,0.0,0.0,0,5.99746216602802e-38,0,0.0,0.0,0.0,0.0,0.0,inf,0.0,0.0,0.0,0.0,0.0,0.0,inf,inf,0.0,0.0,inf,2.6095092540525795e-19,3.463368928089533e-19,1.2174323183648275e-15,False,7794161680.544287,0.0,0.0,3741.9095810948684,0.0,0.0,0,0,0,0,0.0,0,0,False,0,0.0,False,False,False,False,False,False,False,False,False,False,False,0.0,0.00012352966292851502,1.3890618893303865,0,0.0,False,-1,0,0,0,3804,0,0,0.0,20,1.5759123299735093e-18,3862222222.2222223,3.4172729546820327e-10,1000000000000.0,1000000000000.0,0.0005987445183220907,1.0,49.89537652684091,0.00014991623455953818,-1.0024493102302374e-05,7854567458.880309,1738.0,0.0,0.0,0.0,0.0,0.0,0.0,0
0.0,-5.139567970968963e-14,2.302584087878146,0.0,0.10000010051164047,1.7729515419303563e-05,1.772951541930356e-06,0.0,False,71,False,shielded,v9_four_class_stateful_PD_shared_root_m1_marked_embryo_v1,nan,nan,nan,nan,nan,nan,nan,nan,nan,nan,100000000000000.0,27964904.790039062,nan,0.6103515625,2.0,0.001,1.0,emission,13098.721493975596,2.490977658084001e-28,4.0812177974694355e-28,2.018051068035057,1.1413086712878906e-20,custom,False,2.033691229284315,,terminate,False,nan,1.0,5.0255339922243624e-08,8.233834892860395e-08,0.0,0,active,2.302585092994046,nan,nan,nan,1000000,1.0,inf,False,0,0.0,1.0,0.0,0.0,0,5.904180185794019e-38,0,0.0,0.0,0.0,0.0,0.0,inf,0.0,0.0,0.0,0.0,0.0,0.0,inf,inf,0.0,0.0,inf,2.6095092540525795e-19,3.436329491126838e-19,1.2174323183648275e-15,False,7794161680.544287,0.0,0.0,3741.9095810948684,0.0,0.0,0,0,0,0,0.0,0,0,False,0,0.0,False,False,False,False,False,False,False,False,False,False,False,0.0,0.00012352966292851502,1.3890618893303865,0,0.0,False,-1,0,0,0,3804,0,0,0.0,21,1.5759123643687837e-18,3862222222.2222223,3.417273034370707e-10,1000000000000.0,1000000000000.0,0.0005987445183220907,1.0,49.89537652684091,0.00014991623455953818,-1.0024493102302374e-05,7854567458.880309,1738.0,0.0,0.0,0.0,0.0,0.0,0.0,0
0.0,-5.139568091838145e-14,2.302584138133486,0.0,0.10000009548610156,1.7729515419303563e-05,1.772951541930356e-06,0.0,False,72,False,shielded,v9_four_class_stateful_PD_shared_root_m1_marked_embryo_v1,nan,nan,nan,nan,nan,nan,nan,nan,nan,nan,100000000000000.0,27964905.400390625,nan,0.6103515625,2.0,0.001,1.0,emission,13098.721493975596,2.490977658084001e-28,4.0812177974694355e-28,2.018051068035057,1.1413086961976672e-20,custom,False,2.033691229284315,,terminate,False,nan,1.0,5.0255339922243624e-08,8.233834892860395e-08,0.0,0,active,2.302585092994046,nan,nan,nan,1000000,1.0,inf,False,0,0.0,1.0,0.0,0.0,0,5.99746216602802e-38,0,0.0,0.0,0.0,0.0,0.0,inf,0.0,0.0,0.0,0.0,0.0,0.0,inf,inf,0.0,0.0,inf,2.6095092540525795e-19,3.463368928089533e-19,1.2174323183648275e-15,False,7794161680.544287,0.0,0.0,3741.9095810948684,0.0,0.0,0,0,0,0,0.0,0,0,False,0,0.0,False,False,False,False,False,False,False,False,False,False,False,0.0,0.00012352966292851502,1.3890618893303865,0,0.0,False,-1,0,0,0,3804,0,0,0.0,20,1.575912398764058e-18,3862222222.2222223,3.417273108335906e-10,1000000000000.0,1000000000000.0,0.0005987445183220907,1.0,49.89537652684091,0.00014991623455953818,-1.0024493102302374e-05,7854567458.880309,1738.0,0.0,0.0,0.0,0.0,0.0,0.0,0
0.0,-5.139568189148189e-14,2.302584188388826,0.0,0.10000009046056291,1.7729515419303563e-05,1.772951541930356e-06,0.0,False,73,False,shielded,v9_four_class_stateful_PD_shared_root_m1_marked_embryo_v1,nan,nan,nan,nan,nan,nan,nan,nan,nan,nan,100000000000000.0,27964906.010742188,nan,0.6103515625,2.0,0.001,1.0,emission,13098.721493975596,2.490977658084001e-28,4.0812177974694355e-28,2.018051068035057,1.1413087211074438e-20,custom,False,2.033691229284315,,terminate,False,nan,1.0,5.0255339922243624e-08,8.233834892860395e-08,0.0,0,active,2.302585092994046,nan,nan,nan,1000000,1.0,inf,False,0,0.0,1.0,0.0,0.0,0,3.9768311181008017e-38,0,0.0,0.0,0.0,0.0,0.0,inf,0.0,0.0,0.0,0.0,0.0,0.0,inf,inf,0.0,0.0,inf,2.6095092540525795e-19,2.8202237918650363e-19,1.2174323183648275e-15,False,7794161680.544287,0.0,0.0,3741.9095810948684,0.0,0.0,0,0,0,0,0.0,0,0,False,0,0.0,False,False,False,False,False,False,False,False,False,False,False,0.0,0.00012352966292851502,1.3890618893303865,0,0.0,False,-1,0,0,0,3804,0,0,0.0,21,1.5759124331593324e-18,3862222222.2222223,3.417273182127516e-10,1000000000000.0,1000000000000.0,0.0005987445183220907,1.0,49.89537652684091,0.00014991623455953818,-1.0024493102302374e-05,7854567458.880309,1738.0,0.0,0.0,0.0,0.0,0.0,0.0,0
0.0,-5.13956830388331e-14,2.302584238644166,0.0,0.10000008543502445,1.7729515419303563e-05,1.772951541930356e-06,0.0,False,74,False,shielded,v9_four_class_stateful_PD_shared_root_m1_marked_embryo_v1,nan,nan,nan,nan,nan,nan,nan,nan,nan,nan,100000000000000.0,27964906.62109375,nan,0.6103515625,2.0,0.001,1.0,emission,13098.721493975596,2.490977658084001e-28,4.0812177974694355e-28,2.018051068035057,1.1413087460172204e-20,custom,False,2.033691229284315,,terminate,False,nan,1.0,5.0255339922243624e-08,8.233834892860395e-08,4.440892098500626e-16,0,active,2.302585092994046,nan,nan,nan,1000000,1.0,inf,False,0,0.0,1.0,0.0,0.0,0,5.99746216602802e-38,0,0.0,0.0,0.0,0.0,0.0,inf,0.0,0.0,0.0,0.0,0.0,0.0,inf,inf,0.0,0.0,inf,2.6095092540525795e-19,3.463368928089533e-19,1.2174323183648275e-15,False,7794161680.544287,0.0,0.0,3741.9095810948684,0.0,0.0,0,0,0,0,0.0,0,0,False,0,0.0,False,False,False,False,False,False,False,False,False,False,False,0.0,0.00012352966292851502,1.3890618893303865,0,0.0,False,-1,0,0,0,3804,0,0,0.0,20,1.5759124675546067e-18,3862222222.2222223,3.4172732621029913e-10,1000000000000.0,1000000000000.0,0.0005987445183220907,1.0,49.89537652684091,0.00014991623455953818,-1.0024493102302374e-05,7854567458.880309,1738.0,0.0,0.0,0.0,0.0,0.0,0.0,0
0.0,-5.139568422488085e-14,2.302584288899506,0.0,0.1000000804094863,1.7729515419303563e-05,1.772951541930356e-06,0.0,False,75,False,shielded,v9_four_class_stateful_PD_shared_root_m1_marked_embryo_v1,nan,nan,nan,nan,nan,nan,nan,nan,nan,nan,100000000000000.0,27964907.231445312,nan,0.6103515625,2.0,0.001,1.0,emission,13098.721493975596,2.490977658084001e-28,4.0812177974694355e-28,2.018051068035057,1.141308770926997e-20,custom,False,2.033691229284315,,terminate,False,nan,1.0,5.0255339922243624e-08,8.233834892860395e-08,0.0,0,active,2.302585092994046,nan,nan,nan,1000000,1.0,inf,False,0,0.0,1.0,0.0,0.0,0,5.99746216602802e-38,0,0.0,0.0,0.0,0.0,0.0,inf,0.0,0.0,0.0,0.0,0.0,0.0,inf,inf,0.0,0.0,inf,2.6095092540525795e-19,3.463368928089533e-19,1.2174323183648275e-15,False,7794161680.544287,0.0,0.0,3741.9095810948684,0.0,0.0,0,0,0,0,0.0,0,0,False,0,0.0,False,False,False,False,False,False,False,False,False,False,False,0.0,0.00012352966292851502,1.3890618893303865,0,0.0,False,-1,0,0,0,3804,0,0,0.0,21,1.575912501949881e-18,3862222222.2222223,3.417273331925014e-10,1000000000000.0,1000000000000.0,0.0005987445183220907,1.0,49.89537652684091,0.00014991623455953818,-1.0024493102302374e-05,7854567458.880309,1738.0,0.0,0.0,0.0,0.0,0.0,0.0,0
0.0,-5.1395685340411455e-14,2.302584339154846,0.0,0.10000007538394838,1.7729515419303563e-05,1.772951541930356e-06,0.0,False,76,False,shielded,v9_four_class_stateful_PD_shared_root_m1_marked_embryo_v1,nan,nan,nan,nan,nan,nan,nan,nan,nan,nan,100000000000000.0,27964907.841796875,nan,0.6103515625,2.0,0.001,1.0,emission,13098.721493975596,2.490977658084001e-28,4.0812177974694355e-28,2.018051068035057,1.1413087958367735e-20,custom,False,2.033691229284315,,terminate,False,nan,1.0,5.0255339922243624e-08,8.233834892860395e-08,0.0,0,active,2.302585092994046,nan,nan,nan,1000000,1.0,inf,False,0,0.0,1.0,0.0,0.0,0,5.512535229309646e-38,0,0.0,0.0,0.0,0.0,0.0,inf,0.0,0.0,0.0,0.0,0.0,0.0,inf,inf,0.0,0.0,inf,2.6095092540525795e-19,3.320402153146406e-19,1.2174323183648275e-15,False,7794161680.544287,0.0,0.0,3741.9095810948684,0.0,0.0,0,0,0,0,0.0,0,0,False,0,0.0,False,False,False,False,False,False,False,False,False,False,False,0.0,0.00012352966292851502,1.3890618893303865,0,0.0,False,-1,0,0,0,3804,0,0,0.0,20,1.5759125363451554e-18,3862222222.2222223,3.417273424284484e-10,1000000000000.0,1000000000000.0,0.0005987445183220907,1.0,49.89537652684091,0.00014991623455953818,-1.0024493102302374e-05,7854567458.880309,1738.0,0.0,0.0,0.0,0.0,0.0,0.0,0
0.0,-5.139568633654371e-14,2.302584389410186,0.0,0.10000007035841074,1.7729515419303563e-05,1.772951541930356e-06,0.0,False,77,False,shielded,v9_four_class_stateful_PD_shared_root_m1_marked_embryo_v1,nan,nan,nan,nan,nan,nan,nan,nan,nan,nan,100000000000000.0,27964908.452148438,nan,0.6103515625,2.0,0.001,1.0,emission,13098.721493975596,2.490977658084001e-28,4.0812177974694355e-28,2.018051068035057,1.1413088207465501e-20,custom,False,2.033691229284315,,terminate,False,nan,1.0,5.0255339922243624e-08,8.233834892860395e-08,0.0,0,active,2.302585092994046,nan,nan,nan,1000000,1.0,inf,False,0,0.0,1.0,0.0,0.0,0,5.99746216602802e-38,0,0.0,0.0,0.0,0.0,0.0,inf,0.0,0.0,0.0,0.0,0.0,0.0,inf,inf,0.0,0.0,inf,2.6095092540525795e-19,3.463368928089533e-19,1.2174323183648275e-15,False,7794161680.544287,0.0,0.0,3741.9095810948684,0.0,0.0,0,0,0,0,0.0,0,0,False,0,0.0,False,False,False,False,False,False,False,False,False,False,False,0.0,0.00012352966292851502,1.3890618893303865,0,0.0,False,-1,0,0,0,3804,0,0,0.0,21,1.5759125707404298e-18,3862222222.2222223,3.4172734892410836e-10,1000000000000.0,1000000000000.0,0.0005987445183220907,1.0,49.89537652684091,0.00014991623455953818,-1.0024493102302374e-05,7854567458.880309,1738.0,0.0,0.0,0.0,0.0,0.0,0.0,0
0.0,-5.139568755883231e-14,2.3025844396655257,0.0,0.10000006533287334,1.7729515419303563e-05,1.772951541930356e-06,0.0,False,78,False,shielded,v9_four_class_stateful_PD_shared_root_m1_marked_embryo_v1,nan,nan,nan,nan,nan,nan,nan,nan,nan,nan,100000000000000.0,27964909.0625,nan,0.6103515625,2.0,0.001,1.0,emission,13098.721493975596,2.490977658084001e-28,4.0812177974694355e-28,2.018051068035057,1.1413088456563267e-20,custom,False,2.033691229284315,,terminate,False,nan,1.0,5.0255339922243624e-08,8.233834892860395e-08,0.0,0,active,2.302585092994046,nan,nan,nan,1000000,1.0,inf,False,0,0.0,1.0,0.0,0.0,0,4.96476829152497e-38,0,0.0,0.0,0.0,0.0,0.0,inf,0.0,0.0,0.0,0.0,0.0,0.0,inf,inf,0.0,0.0,inf,2.6095092540525795e-19,3.151116719997839e-19,1.2174323183648275e-15,False,7794161680.544287,0.0,0.0,3741.9095810948684,0.0,0.0,0,0,0,0,0.0,0,0,False,0,0.0,False,False,False,False,False,False,False,False,False,False,False,0.0,0.00012352966292851502,1.3890618893303865,0,0.0,False,-1,0,0,0,3804,0,0,0.0,20,1.5759126051357042e-18,3862222222.2222223,3.417273568613832e-10,1000000000000.0,1000000000000.0,0.0005987445183220907,1.0,49.89537652684091,0.00014991623455953818,-1.0024493102302374e-05,7854567458.880309,1738.0,0.0,0.0,0.0,0.0,0.0,0.0,0
0.0,-5.139568866094708e-14,2.3025844899208656,0.0,0.10000006030733619,1.7729515419303563e-05,1.772951541930356e-06,0.0,False,79,False,shielded,v9_four_class_stateful_PD_shared_root_m1_marked_embryo_v1,nan,nan,nan,nan,nan,nan,nan,nan,nan,nan,100000000000000.0,27964909.672851562,nan,0.6103515625,2.0,0.001,1.0,emission,13098.721493975596,2.490977658084001e-28,4.0812177974694355e-28,2.018051068035057,1.1413088705661033e-20,custom,False,2.033691229284315,,terminate,False,nan,1.0,5.0255339922243624e-08,8.233834892860395e-08,0.0,0,active,2.302585092994046,nan,nan,nan,1000000,1.0,inf,False,0,0.0,1.0,0.0,0.0,0,5.99746216602802e-38,0,0.0,0.0,0.0,0.0,0.0,inf,0.0,0.0,0.0,0.0,0.0,0.0,inf,inf,0.0,0.0,inf,2.6095092540525795e-19,3.463368928089533e-19,1.2174323183648275e-15,False,7794161680.544287,0.0,0.0,3741.9095810948684,0.0,0.0,0,0,0,0,0.0,0,0,False,0,0.0,False,False,False,False,False,False,False,False,False,False,False,0.0,0.00012352966292851502,1.3890618893303865,0,0.0,False,-1,0,0,0,3804,0,0,0.0,20,1.5759126395309785e-18,3862222222.2222223,3.4172736447844987e-10,1000000000000.0,1000000000000.0,0.0005987445183220907,1.0,49.89537652684091,0.00014991623455953818,-1.0024493102302374e-05,7854567458.880309,1738.0,0.0,0.0,0.0,0.0,0.0,0.0,0
0.0,-5.1395689751998307e-14,2.3025845401762055,0.0,0.1000000552817993,1.7729515419303563e-05,1.772951541930356e-06,0.0,False,80,False,shielded,v9_four_class_stateful_PD_shared_root_m1_marked_embryo_v1,nan,nan,nan,nan,nan,nan,nan,nan,nan,nan,100000000000000.0,27964910.283203125,nan,0.6103515625,2.0,0.001,1.0,emission,13098.721493975596,2.490977658084001e-28,4.0812177974694355e-28,2.018051068035057,1.1413088954758798e-20,custom,False,2.033691229284315,,terminate,False,nan,1.0,5.0255339922243624e-08,8.233834892860395e-08,0.0,0,active,2.302585092994046,nan,nan,nan,1000000,1.0,inf,False,0,0.0,1.0,0.0,0.0,0,5.99746216602802e-38,0,0.0,0.0,0.0,0.0,0.0,inf,0.0,0.0,0.0,0.0,0.0,0.0,inf,inf,0.0,0.0,inf,2.6095092540525795e-19,3.463368928089533e-19,1.2174323183648275e-15,False,7794161680.544287,0.0,0.0,3741.9095810948684,0.0,0.0,0,0,0,0,0.0,0,0,False,0,0.0,False,False,False,False,False,False,False,False,False,False,False,0.0,0.00012352966292851502,1.3890618893303865,0,0.0,False,-1,0,0,0,3804,0,0,0.0,21,1.5759126739262529e-18,3862222222.2222223,3.4172737147834193e-10,1000000000000.0,1000000000000.0,0.0005987445183220907,1.0,49.89537652684091,0.00014991623455953818,-1.0024493102302374e-05,7854567458.880309,1738.0,0.0,0.0,0.0,0.0,0.0,0.0,0
0.0,-5.139569080957457e-14,2.3025845904315454,0.0,0.10000005025626266,1.7729515419303563e-05,1.772951541930356e-06,0.0,False,81,False,shielded,v9_four_class_stateful_PD_shared_root_m1_marked_embryo_v1,nan,nan,nan,nan,nan,nan,nan,nan,nan,nan,100000000000000.0,27964910.893554688,nan,0.6103515625,2.0,0.001,1.0,emission,13098.721493975596,2.490977658084001e-28,4.0812177974694355e-28,2.018051068035057,1.1413089203856564e-20,custom,False,2.033691229284315,,terminate,False,nan,1.0,5.0255339922243624e-08,8.233834892860395e-08,0.0,0,active,2.302585092994046,nan,nan,nan,1000000,1.0,inf,False,0,0.0,1.0,0.0,0.0,0,5.017179209827249e-38,0,0.0,0.0,0.0,0.0,0.0,inf,0.0,0.0,0.0,0.0,0.0,0.0,inf,inf,0.0,0.0,inf,2.6095092540525795e-19,3.167705544973285e-19,1.2174323183648275e-15,False,7794161680.544287,0.0,0.0,3741.9095810948684,0.0,0.0,0,0,0,0,0.0,0,0,False,0,0.0,False,False,False,False,False,False,False,False,False,False,False,0.0,0.00012352966292851502,1.3890618893303865,0,0.0,False,-1,0,0,0,3804,0,0,0.0,20,1.5759127083215272e-18,3862222222.2222223,3.4172737853738403e-10,1000000000000.0,1000000000000.0,0.0005987445183220907,1.0,49.89537652684091,0.00014991623455953818,-1.0024493102302374e-05,7854567458.880309,1738.0,0.0,0.0,0.0,0.0,0.0,0.0,0
0.0,-5.139569208058928e-14,2.3025846406868853,0.0,0.10000004523072627,1.7729515419303563e-05,1.772951541930356e-06,0.0,False,82,False,shielded,v9_four_class_stateful_PD_shared_root_m1_marked_embryo_v1,nan,nan,nan,nan,nan,nan,nan,nan,nan,nan,100000000000000.0,27964911.50390625,nan,0.6103515625,2.0,0.001,1.0,emission,13098.721493975596,2.490977658084001e-28,4.0812177974694355e-28,2.018051068035057,1.141308945295433e-20,custom,False,2.033691229284315,,terminate,False,nan,1.0,5.0255339922243624e-08,8.233834892860395e-08,0.0,0,active,2.302585092994046,nan,nan,nan,1000000,1.0,inf,False,0,0.0,1.0,0.0,0.0,0,5.99746216602802e-38,0,0.0,0.0,0.0,0.0,0.0,inf,0.0,0.0,0.0,0.0,0.0,0.0,inf,inf,0.0,0.0,inf,2.6095092540525795e-19,3.463368928089533e-19,1.2174323183648275e-15,False,7794161680.544287,0.0,0.0,3741.9095810948684,0.0,0.0,0,0,0,0,0.0,0,0,False,0,0.0,False,False,False,False,False,False,False,False,False,False,False,0.0,0.00012352966292851502,1.3890618893303865,0,0.0,False,-1,0,0,0,3804,0,0,0.0,21,1.5759127427168016e-18,3862222222.2222223,3.4172738572308583e-10,1000000000000.0,1000000000000.0,0.0005987445183220907,1.0,49.89537652684091,0.00014991623455953818,-1.0024493102302374e-05,7854567458.880309,1738.0,0.0,0.0,0.0,0.0,0.0,0.0,0
0.0,-5.1395693075299815e-14,2.302584690942225,0.0,0.10000004020519013,1.7729515419303563e-05,1.772951541930356e-06,0.0,False,83,False,shielded,v9_four_class_stateful_PD_shared_root_m1_marked_embryo_v1,nan,nan,nan,nan,nan,nan,nan,nan,nan,nan,100000000000000.0,27964912.114257812,nan,0.6103515625,2.0,0.001,1.0,emission,13098.721493975596,2.490977658084001e-28,4.0812177974694355e-28,2.018051068035057,1.1413089702052096e-20,custom,False,2.033691229284315,,terminate,False,nan,1.0,5.0255339922243624e-08,8.233834892860395e-08,0.0,0,active,2.302585092994046,nan,nan,nan,1000000,1.0,inf,False,0,0.0,1.0,0.0,0.0,0,5.803170887021215e-38,0,0.0,0.0,0.0,0.0,0.0,inf,0.0,0.0,0.0,0.0,0.0,0.0,inf,inf,0.0,0.0,inf,2.6095092540525795e-19,3.406808150460256e-19,1.2174323183648275e-15,False,7794161680.544287,0.0,0.0,3741.9095810948684,0.0,0.0,0,0,0,0,0.0,0,0,False,0,0.0,False,False,False,False,False,False,False,False,False,False,False,0.0,0.00012352966292851502,1.3890618893303865,0,0.0,False,-1,0,0,0,3804,0,0,0.0,20,1.575912777112076e-18,3862222222.2222223,3.4172739338339636e-10,1000000000000.0,1000000000000.0,0.0005987445183220907,1.0,49.89537652684091,0.00014991623455953818,-1.0024493102302374e-05,7854567458.880309,1738.0,0.0,0.0,0.0,0.0,0.0,0.0,0
0.0,-5.1395694150040075e-14,2.302584741197565,0.0,0.10000003517965425,1.7729515419303563e-05,1.772951541930356e-06,0.0,False,84,False,shielded,v9_four_class_stateful_PD_shared_root_m1_marked_embryo_v1,nan,nan,nan,nan,nan,nan,nan,nan,nan,nan,100000000000000.0,27964912.724609375,nan,0.6103515625,2.0,0.001,1.0,emission,13098.721493975596,2.490977658084001e-28,4.0812177974694355e-28,2.018051068035057,1.1413089951149862e-20,custom,False,2.033691229284315,,terminate,False,nan,1.0,5.0255339922243624e-08,8.233834892860395e-08,0.0,0,active,2.302585092994046,nan,nan,nan,1000000,1.0,inf,False,0,0.0,1.0,0.0,0.0,0,5.99746216602802e-38,0,0.0,0.0,0.0,0.0,0.0,inf,0.0,0.0,0.0,0.0,0.0,0.0,inf,inf,0.0,0.0,inf,2.6095092540525795e-19,3.463368928089533e-19,1.2174323183648275e-15,False,7794161680.544287,0.0,0.0,3741.9095810948684,0.0,0.0,0,0,0,0,0.0,0,0,False,0,0.0,False,False,False,False,False,False,False,False,False,False,False,0.0,0.00012352966292851502,1.3890618893303865,0,0.0,False,-1,0,0,0,3804,0,0,0.0,21,1.5759128115073503e-18,3862222222.2222223,3.4172740116467854e-10,1000000000000.0,1000000000000.0,0.0005987445183220907,1.0,49.89537652684091,0.00014991623455953818,-1.0024493102302374e-05,7854567458.880309,1738.0,0.0,0.0,0.0,0.0,0.0,0.0,0
0.0,-5.1395695349012524e-14,2.302584791452905,0.0,0.10000003015411862,1.7729515419303563e-05,1.772951541930356e-06,0.0,False,85,False,shielded,v9_four_class_stateful_PD_shared_root_m1_marked_embryo_v1,nan,nan,nan,nan,nan,nan,nan,nan,nan,nan,100000000000000.0,27964913.334960938,nan,0.6103515625,2.0,0.001,1.0,emission,13098.721493975596,2.490977658084001e-28,4.0812177974694355e-28,2.018051068035057,1.1413090200247627e-20,custom,False,2.033691229284315,,terminate,False,nan,1.0,5.0255339922243624e-08,8.233834892860395e-08,0.0,0,active,2.302585092994046,nan,nan,nan,1000000,1.0,inf,False,0,0.0,1.0,0.0,0.0,0,5.99746216602802e-38,0,0.0,0.0,0.0,0.0,0.0,inf,0.0,0.0,0.0,0.0,0.0,0.0,inf,inf,0.0,0.0,inf,2.6095092540525795e-19,3.463368928089533e-19,1.2174323183648275e-15,False,7794161680.544287,0.0,0.0,3741.9095810948684,0.0,0.0,0,0,0,0,0.0,0,0,False,0,0.0,False,False,False,False,False,False,False,False,False,False,False,0.0,0.00012352966292851502,1.3890618893303865,0,0.0,False,-1,0,0,0,3804,0,0,0.0,20,1.5759128459026247e-18,3862222222.2222223,3.4172740810746376e-10,1000000000000.0,1000000000000.0,0.0005987445183220907,1.0,49.89537652684091,0.00014991623455953818,-1.0024493102302374e-05,7854567458.880309,1738.0,0.0,0.0,0.0,0.0,0.0,0.0,0
0.0,-5.1395696531234565e-14,2.302584841708245,0.0,0.10000002512858325,1.7729515419303563e-05,1.772951541930356e-06,0.0,False,86,False,shielded,v9_four_class_stateful_PD_shared_root_m1_marked_embryo_v1,nan,nan,nan,nan,nan,nan,nan,nan,nan,nan,100000000000000.0,27964913.9453125,nan,0.6103515625,2.0,0.001,1.0,emission,13098.721493975596,2.490977658084001e-28,4.0812177974694355e-28,2.018051068035057,1.1413090449345393e-20,custom,False,2.033691229284315,,terminate,False,nan,1.0,5.0255339922243624e-08,8.233834892860395e-08,0.0,0,active,2.302585092994046,nan,nan,nan,1000000,1.0,inf,False,0,0.0,1.0,0.0,0.0,0,4.531276697902393e-38,0,0.0,0.0,0.0,0.0,0.0,inf,0.0,0.0,0.0,0.0,0.0,0.0,inf,inf,0.0,0.0,inf,2.6095092540525795e-19,3.0104075132454717e-19,1.2174323183648275e-15,False,7794161680.544287,0.0,0.0,3741.9095810948684,0.0,0.0,0,0,0,0,0.0,0,0,False,0,0.0,False,False,False,False,False,False,False,False,False,False,False,0.0,0.00012352966292851502,1.3890618893303865,0,0.0,False,-1,0,0,0,3804,0,0,0.0,21,1.575912880297899e-18,3862222222.2222223,3.417274157125535e-10,1000000000000.0,1000000000000.0,0.0005987445183220907,1.0,49.89537652684091,0.00014991623455953818,-1.0024493102302374e-05,7854567458.880309,1738.0,0.0,0.0,0.0,0.0,0.0,0.0,0
0.0,-5.1395697708338426e-14,2.3025848919635847,0.0,0.10000002010304812,1.7729515419303563e-05,1.772951541930356e-06,0.0,False,87,False,shielded,v9_four_class_stateful_PD_shared_root_m1_marked_embryo_v1,nan,nan,nan,nan,nan,nan,nan,nan,nan,nan,100000000000000.0,27964914.555664062,nan,0.6103515625,2.0,0.001,1.0,emission,13098.721493975596,2.490977658084001e-28,4.0812177974694355e-28,2.018051068035057,1.1413090698443159e-20,custom,False,2.033691229284315,,terminate,False,nan,1.0,5.0255339922243624e-08,8.233834892860395e-08,0.0,0,active,2.302585092994046,nan,nan,nan,1000000,1.0,inf,False,0,0.0,1.0,0.0,0.0,0,5.99746216602802e-38,0,0.0,0.0,0.0,0.0,0.0,inf,0.0,0.0,0.0,0.0,0.0,0.0,inf,inf,0.0,0.0,inf,2.6095092540525795e-19,3.463368928089533e-19,1.2174323183648275e-15,False,7794161680.544287,0.0,0.0,3741.9095810948684,0.0,0.0,0,0,0,0,0.0,0,0,False,0,0.0,False,False,False,False,False,False,False,False,False,False,False,0.0,0.00012352966292851502,1.3890618893303865,0,0.0,False,-1,0,0,0,3804,0,0,0.0,20,1.5759129146931734e-18,3862222222.2222223,3.4172742286015166e-10,1000000000000.0,1000000000000.0,0.0005987445183220907,1.0,49.89537652684091,0.00014991623455953818,-1.0024493102302374e-05,7854567458.880309,1738.0,0.0,0.0,0.0,0.0,0.0,0.0,0
0.0,-5.139569884224795e-14,2.302584942218925,0.0,0.1000000150775132,1.7729515419303563e-05,1.772951541930356e-06,0.0,False,88,False,shielded,v9_four_class_stateful_PD_shared_root_m1_marked_embryo_v1,nan,nan,nan,nan,nan,nan,nan,nan,nan,nan,100000000000000.0,27964915.166015625,nan,0.6103515625,2.0,0.001,1.0,emission,13098.721493975596,2.490977658084001e-28,4.0812177974694355e-28,2.018051068035057,1.1413090947540925e-20,custom,False,2.033691229284315,,terminate,False,nan,1.0,5.0255339922243624e-08,8.233834892860395e-08,4.440892098500626e-16,0,active,2.302585092994046,nan,nan,nan,1000000,1.0,inf,False,0,0.0,1.0,0.0,0.0,0,5.99746216602802e-38,0,0.0,0.0,0.0,0.0,0.0,inf,0.0,0.0,0.0,0.0,0.0,0.0,inf,inf,0.0,0.0,inf,2.6095092540525795e-19,3.463368928089533e-19,1.2174323183648275e-15,False,7794161680.544287,0.0,0.0,3741.9095810948684,0.0,0.0,0,0,0,0,0.0,0,0,False,0,0.0,False,False,False,False,False,False,False,False,False,False,False,0.0,0.00012352966292851502,1.3890618893303865,0,0.0,False,-1,0,0,0,3804,0,0,0.0,21,1.5759129490884477e-18,3862222222.2222223,3.417274316767617e-10,1000000000000.0,1000000000000.0,0.0005987445183220907,1.0,49.89537652684091,0.00014991623455953818,-1.0024493102302374e-05,7854567458.880309,1738.0,0.0,0.0,0.0,0.0,0.0,0.0,0
0.0,-5.139569980180331e-14,2.302584992474265,0.0,0.10000001005197857,1.7729515419303563e-05,1.772951541930356e-06,0.0,False,89,False,shielded,v9_four_class_stateful_PD_shared_root_m1_marked_embryo_v1,nan,nan,nan,nan,nan,nan,nan,nan,nan,nan,100000000000000.0,27964915.776367188,nan,0.6103515625,2.0,0.001,1.0,emission,13098.721493975596,2.490977658084001e-28,4.0812177974694355e-28,2.018051068035057,1.141309119663869e-20,custom,False,2.033691229284315,,terminate,False,nan,1.0,5.0255339922243624e-08,8.233834892860395e-08,0.0,0,active,2.302585092994046,nan,nan,nan,1000000,1.0,inf,False,0,0.0,1.0,0.0,0.0,0,5.958239785073211e-38,0,0.0,0.0,0.0,0.0,0.0,inf,0.0,0.0,0.0,0.0,0.0,0.0,inf,inf,0.0,0.0,inf,2.6095092540525795e-19,3.452025430112939e-19,1.2174323183648275e-15,False,7794161680.544287,0.0,0.0,3741.9095810948684,0.0,0.0,0,0,0,0,0.0,0,0,False,0,0.0,False,False,False,False,False,False,False,False,False,False,False,0.0,0.00012352966292851502,1.3890618893303865,0,0.0,False,-1,0,0,0,3804,0,0,0.0,20,1.5759129834837221e-18,3862222222.2222223,3.4172743843766245e-10,1000000000000.0,1000000000000.0,0.0005987445183220907,1.0,49.89537652684091,0.00014991623455953818,-1.0024493102302374e-05,7854567458.880309,1738.0,0.0,0.0,0.0,0.0,0.0,0.0,0
0.0,-5.1395701005945637e-14,2.302585042729605,0.0,0.10000000502644421,1.7729515419303563e-05,1.772951541930356e-06,0.0,False,90,False,shielded,v9_four_class_stateful_PD_shared_root_m1_marked_embryo_v1,nan,nan,nan,nan,nan,nan,nan,nan,nan,nan,100000000000000.0,27964916.38671875,nan,0.6103515625,2.0,0.001,1.0,emission,13098.721493975596,2.490977658084001e-28,4.0812177974694355e-28,2.018051068035057,1.1413091445736456e-20,custom,False,2.033691229284315,,terminate,False,nan,1.0,5.0255339922243624e-08,8.233834892860395e-08,0.0,0,active,2.302585092994046,nan,nan,nan,1000000,1.0,inf,False,0,0.0,1.0,0.0,0.0,0,5.99746216602802e-38,0,0.0,0.0,0.0,0.0,0.0,inf,0.0,0.0,0.0,0.0,0.0,0.0,inf,inf,0.0,0.0,inf,2.6095092540525795e-19,3.463368928089533e-19,1.2174323183648275e-15,False,7794161680.544287,0.0,0.0,3741.9095810948684,0.0,0.0,0,0,0,0,0.0,0,0,False,0,0.0,False,False,False,False,False,False,False,False,False,False,False,0.0,0.00012352966292851502,1.3890618893303865,0,0.0,False,-1,0,0,0,3804,0,0,0.0,21,1.5759130178789965e-18,3862222222.2222223,3.4172744600092903e-10,1000000000000.0,1000000000000.0,0.0005987445183220907,1.0,49.89537652684091,0.00014991623455953818,-1.0024493102302374e-05,7854567458.880309,1738.0,0.0,0.0,0.0,0.0,0.0,0.0,0
0.0,-5.139570198072629e-14,2.3025850929849447,0.0,0.1000000000009101,1.7729515419303563e-05,1.772951541930356e-06,0.0,False,91,False,shielded,v9_four_class_stateful_PD_shared_root_m1_marked_embryo_v1,nan,nan,nan,nan,nan,nan,nan,nan,nan,nan,100000000000000.0,27964916.997070312,nan,0.6103515625,2.0,0.001,1.0,emission,13098.721493975596,2.490977658084001e-28,4.0812177974694355e-28,2.018051068035057,1.1413091694834222e-20,custom,False,2.033691229284315,,terminate,False,nan,1.0,5.0255339922243624e-08,8.233834892860395e-08,0.0,0,active,2.302585092994046,nan,nan,nan,1000000,1.0,inf,False,0,0.0,1.0,0.0,0.0,0,4.086977305723161e-38,0,0.0,0.0,0.0,0.0,0.0,inf,0.0,0.0,0.0,0.0,0.0,0.0,inf,inf,0.0,0.0,inf,2.6095092540525795e-19,2.8590128736062597e-19,1.2174323183648275e-15,False,7794161680.544287,0.0,0.0,3741.9095810948684,0.0,0.0,0,0,0,0,0.0,0,0,False,0,0.0,False,False,False,False,False,False,False,False,False,False,False,0.0,0.00012352966292851502,1.3890618893303865,0,0.0,False,-1,0,0,0,3804,0,0,0.0,20,1.5759130522742708e-18,3862222222.2222223,3.4172745286372366e-10,1000000000000.0,1000000000000.0,0.0005987445183220907,1.0,49.89537652684091,0.00014991623455953818,-1.0024493102302374e-05,7854567458.880309,1738.0,0.0,0.0,0.0,0.0,0.0,0.0,0
0.0,-5.1395703340637066e-14,2.302585092994046,0.0,0.09999999999999998,1.7729515419303563e-05,1.772951541930356e-06,0.0,False,92,False,shielded,v9_four_class_stateful_PD_shared_root_m1_marked_embryo_v1,nan,nan,nan,nan,nan,nan,nan,nan,nan,nan,100000000000000.0,27964916.9970814,nan,1.1087365878565937e-05,2.0,0.001,1.0,emission,13098.721493975596,4.524430736540952e-33,4.0812177974694355e-28,2.018051068035057,1.1413091694838747e-20,custom,False,2.033691229284315,,terminate,False,nan,1.0,9.101164266667183e-12,8.208590179441563e-07,0.0,0,active,2.302585092994046,nan,nan,nan,1000000,1.0,inf,False,0,0.0,1.0,0.0,0.0,0,3.3015114306839776e-38,0,0.0,0.0,0.0,0.0,0.0,inf,0.0,0.0,0.0,0.0,0.0,0.0,inf,inf,0.0,0.0,inf,2.6095092540525795e-19,2.5696347719798537e-19,1.2174323183648275e-15,False,7794161680.544287,0.0,0.0,3741.9095810948684,0.0,0.0,0,0,0,0,0.0,0,0,False,0,0.0,False,False,False,False,False,False,False,False,False,False,False,0.0,0.00012352966292851502,1.3890618893303865,0,0.0,False,-1,0,0,0,3804,0,0,0.0,1,1.5759130522748956e-18,3862222222.2222223,3.4172746019881423e-10,1000000000000.0,1000000000000.0,0.0005987445183220907,1.0,49.89537652684091,0.00014991623455953818,-1.0024493102302374e-05,7854567458.880309,1738.0,0.0,0.0,0.0,0.0,0.0,0.0,0
