site_id,pd_node_id,site_threshold,node_cumulative_action,remaining_threshold_action,site_status
683,293,9.649186180543273e-06,4.739052323683488e-09,9.64444712821959e-06,0
2067,661,4.9016269795860904e-05,6.631361272489149e-08,4.8949956183136015e-05,0
1189,494,0.00028899896085808846,0.00021327741670360492,7.572154415448355e-05,0
767,325,0.0003650804050642932,4.334919673178927e-09,0.00036507607014462,0
974,409,0.0008979838930887144,1.2903496653822628e-07,0.0008978548581221762,0
3699,1362,0.0009540169611949147,1.184596113315274e-06,0.0009528323650815994,0
2522,723,0.001219775739052468,3.8432130136092884e-09,0.0012197718958394544,0
3018,831,0.0016323856128894938,1.720054157206988e-08,0.0016323684123479218,0
328,148,0.0016429295874735034,5.341364724304581e-06,0.0016375882227491988,0
3726,1363,0.0024204106903169664,1.987078351987218e-07,0.0024202119824817676,0
919,387,0.002704604805398529,6.3221044270003346e-09,0.0027045984832941017,0
1514,600,0.0028868403969606405,2.047458682263558e-06,0.002884792938278377,0
255,116,0.0032765815127525255,5.528604240981034e-06,0.0032710529085115446,0
1518,600,0.0033442157046167345,2.047458682263558e-06,0.003342168245934471,0
889,376,0.00396060987821282,2.837879598745334e-07,0.003960326090252945,0
23,28,0.004101772312663133,5.8474498370203995e-06,0.0040959248628261126,0
2455,714,0.004379527413883116,1.3609163344581262e-07,0.00437939132224967,0
3439,1300,0.0046671869785907556,1.0273469436160387e-07,0.004667084243896394,0
1405,573,0.004801195023080072,4.5454158653724136e-08,0.004801149568921418,0
309,143,0.005541777312151968,0.0006668421446938435,0.004874935167458124,0
1050,440,0.004925111428019729,3.0686130971678323e-07,0.004924804566710013,0
3673,1318,0.005371885664629758,2.0231048735218176e-08,0.005371865433581023,0
3114,842,0.005430086115425757,3.942306231335733e-09,0.005430082173119526,0
3996,1387,0.005476539150724948,3.2640089231316074e-08,0.005476506510635717,0
4029,1388,0.00588151184239933,4.178895364077182e-09,0.0058815076635039655,0
2128,667,0.006019520672730152,3.7071120281148466e-08,0.006019483601609871,0
794,339,0.006044489275417031,1.5010483205515888e-05,0.006029478792211516,0
2954,823,0.006110437548920953,1.8155235443100635e-08,0.006110419393685509,0
77,53,0.006183640301955103,1.2411582304904136e-06,0.006182399143724613,0
2714,751,0.006649386617543562,1.1683474153356078e-08,0.006649374934069408,0
141,68,0.006741537288849567,1.0586459152961922e-08,0.006741526702390414,0
1283,534,0.006769051042321237,7.269069002424534e-07,0.006768324135420994,0
329,149,0.00686272451348555,2.6085531576567526e-06,0.006860115960327893,0
1760,632,0.007054267518940603,1.5869210375190914e-09,0.007054265932019565,0
354,158,0.0072151287266376506,3.100393991981195e-08,0.007215097722697731,0
1932,648,0.007679208336818433,2.245923455519202e-07,0.007678983744472881,0
2697,750,0.00823185695177514,2.619698769469283e-08,0.008231830754787445,0
933,391,0.008577236440392133,3.195691815978828e-09,0.008577233244700317,0
3631,1318,0.008624502996434694,2.0231048735218176e-08,0.008624482765385959,0
2777,758,0.009050851172304968,1.7871722851662934e-09,0.009050849385132682,0
1894,644,0.009284129781909031,5.08309215175101e-07,0.009283621472693855,0
2699,751,0.00964477180860725,1.1683474153356078e-08,0.009644760125133097,0
4272,1409,0.010190508836507847,4.626295193606394e-08,0.01019046257355591,0
2024,659,0.010334480514459302,1.381270950457375e-07,0.010334342387364255,0
185,82,0.01035577842628525,9.402950631351099e-06,0.010346375475653898,0
1928,648,0.010446628876541509,2.245923455519202e-07,0.010446404284195958,0
3878,1384,0.010960136750344787,1.013507520603529e-07,0.010960035399592727,0
465,210,0.011623809531623315,8.888449273249841e-05,0.011534925038890817,0
1658,619,0.011623234184361335,4.0677440151845633e-07,0.011622827409959817,0
1678,621,0.011911917259900082,1.7315461343681965e-07,0.011911744105286644,0
1943,649,0.01206157746666062,3.124454934818741e-07,0.012061265021167139,0
2468,716,0.012273848878802939,6.879497754930014e-08,0.012273780083825389,0
1477,595,0.012408743471560917,1.2182271787249424e-05,0.012396561199773667,0
2901,814,0.012453580314681096,6.383608746825865e-09,0.012453573931072348,0
3034,835,0.012532273930877184,1.6739053983465062e-08,0.012532257191823201,0
1465,594,0.012904405416963291,6.517653391651376e-06,0.01289788776357164,0
2220,693,0.013263309539106113,2.595583068126697e-09,0.013263306943523045,0
4085,1406,0.013418631275066066,3.909063197759953e-09,0.013418627366002868,0
845,356,0.013442044836146388,4.733138145875772e-09,0.013442040103008243,0
1138,474,0.014497848051102971,9.097019929297642e-08,0.014497757080903678,0
4115,1407,0.0147212438279744,1.7376710817960223e-08,0.01472122645126358,0
447,199,0.015043949460013927,4.330392390211448e-09,0.015043945129621537,0
2806,802,0.015196994894920225,6.614324342780838e-10,0.01519699423348779,0
844,356,0.016078741959674483,4.733138145875772e-09,0.016078737226536337,0
1332,560,0.016330178862720295,1.410300627886019e-05,0.016316075856441434,0
4061,1406,0.016422254064005434,3.909063197759953e-09,0.016422250154942235,0
2064,661,0.01683995286445724,6.631361272489149e-08,0.016839886550844514,0
497,222,0.016882278919357663,2.599134812250936e-08,0.01688225292800954,0
1036,435,0.017001180866467656,1.132828097413248e-05,0.016989852585493525,0
808,343,0.017808527559644165,3.8415975686549587e-07,0.0178081433998873,0
362,162,0.018385970136321584,1.0483922048737177e-08,0.018385959652399534,0
3028,833,0.018423574533048083,9.483163458253209e-09,0.018423565049884624,0
2162,673,0.018587163717863453,8.590668891449215e-09,0.01858715512719456,0
2730,753,0.01944146960390564,8.812876959405435e-09,0.01944146079102868,0
1263,529,0.01970712195093837,9.252094492608342e-06,0.01969786985644576,0
1607,615,0.020164449095388493,7.961574476846091e-07,0.02016365293794081,0
1504,599,0.02021850908281547,1.2636960031511893e-06,0.020217245386812317,0
638,280,0.02023343487116159,3.8394080951212084e-07,0.020233050930352076,0
2152,671,0.020833785664534258,2.1635128018706295e-08,0.02083376402940624,0
1441,585,0.020887338286962313,2.289976802472491e-09,0.02088733599698551,0
475,214,0.02143237495490655,1.63444126990278e-06,0.021430740513636647,0
3204,1279,0.021656853538409775,3.779992704035706e-09,0.02165684975841707,0
243,105,0.021697687877344655,2.6157280636543343e-09,0.02169768526161659,0
1484,597,0.021818397008351646,5.629794621873261e-06,0.021812767213729774,0
3808,1365,0.021924421624158575,1.9303153541820153e-08,0.021924402321005034,0
2746,756,0.02200925349284337,3.3326501953046934e-09,0.022009250160193176,0
3087,839,0.022130330682017536,5.479127808492483e-09,0.02213032520288973,0
3050,837,0.02213163881116138,9.742632680216967e-09,0.0221316290685287,0
550,249,0.022296278001909035,2.837288667386908e-07,0.022295994273042297,0
3002,828,0.02256641615574986,2.3424733821990713e-08,0.022566392731016037,0
625,277,0.02276579190151489,4.9128654816025196e-06,0.02276087903603329,0
1009,423,0.022811819093441238,2.9508047706980008e-09,0.022811816142636467,0
397,181,0.02285269558881357,4.75144713312346e-06,0.022847944141680447,0
3496,1301,0.02296496010141767,5.411663958938156e-08,0.02296490598477808,0
880,372,0.02307394829214187,7.436161926621815e-06,0.02306651213021525,0
2597,735,0.024265199901218747,1.7946664145324424e-08,0.024265181954554602,0
4261,1409,0.02477999968934751,4.626295193606394e-08,0.024779953426395575,0
2245,695,0.025214610805740275,1.6441722386094175e-09,0.025214609161568036,0
2015,658,0.02572088388680124,1.0548391095971972e-07,0.02572077840289028,0
1376,567,0.02579109542672479,5.923637800937552e-07,0.025790503062944697,0
1021,430,0.02749719829760594,0.0015432126087478913,0.02595398568885805,0
3512,1302,0.025985152448395665,3.215866422566251e-08,0.02598512028973144,0
3208,1279,0.025992247513201075,3.779992704035706e-09,0.02599224373320837,0
3333,1281,0.02622620491717863,4.4431580635070816e-08,0.026226160485597998,0
3367,1282,0.026546746075658975,4.052157546758797e-08,0.02654670555408351,0
1726,625,0.02689491712732951,8.353024585901757e-09,0.026894908774304924,0
4166,1407,0.027126943520943254,1.7376710817960223e-08,0.027126926144232438,0
4131,1407,0.028163626818563145,1.7376710817960223e-08,0.028163609441852328,0
2103,666,0.02854914330186455,6.071483438416427e-08,0.028549082587030164,0
1432,582,0.02863837612894663,5.83581340647513e-09,0.028638370293133226,0
269,123,0.028715045123181314,1.2157733544248366e-07,0.028714923545845872,0
36,30,0.0291843390310478,1.3995090990491972e-08,0.02918432503595681,0
1958,652,0.029278850137355185,6.312419510679326e-08,0.029278787013160078,0
2591,734,0.02943468777213419,1.6937132392952706e-08,0.029434670835001796,0
496,221,0.02947950627552478,3.631349925918248e-08,0.02947946996202552,0
3503,1301,0.029750610714777973,5.411663958938156e-08,0.029750556598138383,0
4001,1387,0.030365089716407,3.2640089231316074e-08,0.03036505707631777,0
3995,1387,0.030509490169848264,3.2640089231316074e-08,0.030509457529759032,0
2857,809,0.030601874099991728,3.5985557505034014e-09,0.030601870501435976,0
62,51,0.03065048236037556,1.852219142509101e-06,0.03064863014123305,0
4225,1408,0.03066255975004642,4.223958835876146e-08,0.03066251751045806,0
3642,1318,0.03091387411584474,2.0231048735218176e-08,0.030913853884796005,0
2673,746,0.03137801950608638,1.8008100206763095e-08,0.031378001497986176,0
254,115,0.03163476478454066,1.0775085828438516e-05,0.03162398969871222,0
1836,640,0.03216044337561484,4.0642756602808203e-07,0.032160036948048816,0
2048,661,0.03261492566033159,6.631361272489149e-08,0.032614859346718865,0
2443,714,0.03268128172968407,1.3609163344581262e-07,0.03268114563805062,0
2698,751,0.03305687357377385,1.1683474153356078e-08,0.033056861890299695,0
1689,622,0.03337921025795831,1.514088174237121e-07,0.033379058849140886,0
3877,1384,0.03355226306605788,1.013507520603529e-07,0.03355216171530582,0
1207,499,0.03357352518436062,5.492249616576813e-06,0.03356803293474404,0
3308,1281,0.034082305177721074,4.4431580635070816e-08,0.03408226074614044,0
3502,1301,0.034114395682544804,5.411663958938156e-08,0.03411434156590522,0
2554,727,0.034150619347590144,7.639344870405149e-09,0.03415061170824527,0
522,231,0.03428855318535349,3.715657546878369e-09,0.03428854946969594,0
923,388,0.03446228335751427,5.297683113879838e-09,0.03446227805983116,0
4065,1406,0.03462395073286142,3.909063197759953e-09,0.03462394682379822,0
4152,1407,0.03471334528934873,1.7376710817960223e-08,0.03471332791263791,0
3004,828,0.03472759270728562,2.3424733821990713e-08,0.0347275692825518,0
2733,753,0.03476762731189925,8.812876959405435e-09,0.034767618499022296,0
1858,642,0.03492392300611126,2.4566019036824487e-07,0.03492367734592089,0
320,147,0.034955208335943594,1.1445866519314515e-05,0.03494376246942428,0
1534,605,0.035517417179379014,1.7131560957730972e-06,0.03551570402328324,0
3463,1301,0.03604493786412253,5.411663958938156e-08,0.03604488374748294,0
2863,809,0.03626586318668559,3.5985557505034014e-09,0.03626585958812984,0
2031,660,0.036278671939594095,2.069030621799731e-07,0.03627846503653191,0
558,252,0.03674039776519825,6.109026246974115e-08,0.036740336674935786,0
67,52,0.037191178933100005,1.6661761425545246e-06,0.03718951275695745,0
3171,1279,0.037752887986600855,3.779992704035706e-09,0.037752884206608155,0
3202,1279,0.03781146897814174,3.779992704035706e-09,0.03781146519814904,0
4258,1409,0.037991708650018365,4.626295193606394e-08,0.03799166238706643,0
4329,1432,0.03802457141652485,7.482417879008781e-09,0.03802456393410697,0
3981,1387,0.038108900975195655,3.2640089231316074e-08,0.038108868335106426,0
1216,504,0.0384113727306776,3.4109427093327157e-07,0.03841103163640667,0
2367,707,0.038958292525017695,1.1303735174212855e-07,0.03895817948766595,0
4188,1408,0.03914069104482349,4.223958835876146e-08,0.03914064880523513,0
3840,1383,0.03957132041825196,2.2766567081976678e-08,0.03957129765168488,0
3212,1280,0.039734077151444946,1.9161999737584974e-08,0.03973405798944521,0
98,59,0.04004956775037034,9.298840137370772e-08,0.04004947476196897,0
3825,1366,0.04020214067538417,8.287415333324622e-09,0.04020213238796884,0
1834,639,0.04055038744003731,4.521919985263926e-07,0.040549935248038786,0
1185,489,0.04061589025992589,1.740393629238015e-09,0.04061588851953226,0
513,227,0.04061754402090821,7.3033210093373685e-09,0.0406175367175872,0
1183,488,0.040718639629701174,2.4157553308238798e-09,0.04071863721394584,0
1584,613,0.04081431630610297,8.747359416147406e-07,0.040813441570161355,0
1531,605,0.041447966476123435,1.7131560957730972e-06,0.04144625332002766,0
4339,1432,0.04156424617475389,7.482417879008781e-09,0.04156423869233601,0
1298,541,0.04264535762889899,3.788174810951352e-08,0.042645319747150884,0
3554,1302,0.042699964857167295,3.215866422566251e-08,0.04269993269850307,0
3095,839,0.04309725277780209,5.479127808492483e-09,0.04309724729867428,0
2243,695,0.04403801784750588,1.6441722386094175e-09,0.04403801620333364,0
3421,1300,0.044287307235760166,1.0273469436160387e-07,0.044287204501065804,0
1995,657,0.04489529357675018,1.0055286381831998e-07,0.04489519302388636,0
3428,1300,0.04529802147096879,1.0273469436160387e-07,0.04529791873627443,0
3551,1302,0.04553551706689652,3.215866422566251e-08,0.045535484908232296,0
3596,1316,0.0460164624137621,2.554721230811279e-07,0.04601620694163902,0
1900,645,0.04603983899768683,5.164357340319726e-07,0.0460393225619528,0
4320,1431,0.04627067193264747,4.609329671870398e-09,0.0462706673233178,0
2302,701,0.046447631621245794,7.837880456134794e-08,0.04644755324244123,0
1785,634,0.04663595281691557,7.71138464902897e-09,0.04663594510553092,0
3704,1362,0.04685525268846675,1.184596113315274e-06,0.046854068092353436,0
817,346,0.046894868599847886,7.297307110297845e-08,0.046894795626776786,0
3710,1363,0.04701637418992164,1.987078351987218e-07,0.04701617548208644,0
341,153,0.0472189142839633,2.465393794551544e-07,0.047218667744583845,0
1210,501,0.04750149835499248,1.6233238335266264e-06,0.047499875031158954,0
1012,424,0.04790464723655853,2.262972680419457e-09,0.047904644973585854,0
398,181,0.047927583205260575,4.75144713312346e-06,0.04792283175812745,0
3891,1385,0.04826903160256088,2.491181466623402e-07,0.04826878248441422,0
2310,703,0.04943014761708186,4.8695878170004875e-08,0.04943009892120369,0
1304,544,0.04946686066568809,1.6500335180316268e-08,0.04946684416535291,0
2003,657,0.050068689834361975,1.0055286381831998e-07,0.050068589281498155,0
389,179,0.05020899783781768,2.883816771035004e-05,0.05018015967010733,0
1158,480,0.050748542894431314,1.3521380006846011e-08,0.050748529373051306,0
3218,1280,0.051207299453097106,1.9161999737584974e-08,0.05120728029109737,0
4244,1409,0.05174399846449435,4.626295193606394e-08,0.05174395220154242,0
2386,709,0.05174530410843253,1.4163996457925274e-07,0.051745162468467956,0
4306,1430,0.05175639553980796,5.500540880302589e-10,0.05175639498975387,0
3647,1318,0.052005797117003406,2.0231048735218176e-08,0.052005776885954674,0
3633,1318,0.05211567083879025,2.0231048735218176e-08,0.052115650607741516,0
2346,705,0.052394211267724415,5.2556619686756175e-08,0.05239415871110473,0
446,199,0.05245589170939836,4.330392390211448e-09,0.052455887379005965,0
61,51,0.05260264560060842,1.852219142509101e-06,0.052600793381465914,0
3557,1302,0.052719288511521675,3.215866422566251e-08,0.05271925635285745,0
4290,1410,0.05299107788817512,7.635096244009848e-09,0.05299107025307888,0
2767,757,0.0530388610699016,3.4594821091418425e-09,0.05303885761041949,0
1066,443,0.053385649452921666,6.904573028453652e-08,0.05338558040719138,0
1497,599,0.05349311523648274,1.2636960031511893e-06,0.053491851540479585,0
3019,831,0.05378583239212431,1.720054157206988e-08,0.053785815191582736,0
561,252,0.05384887192873932,6.109026246974115e-08,0.053848810838476854,0
103,59,0.054195366839308236,9.298840137370772e-08,0.05419527385090686,0
1563,609,0.055353335126022224,3.141974304383581e-06,0.05535019315171784,0
73,53,0.05536179280741254,1.2411582304904136e-06,0.05536055164918205,0
4347,1433,0.05536305858753769,6.1555760883640896e-09,0.0553630524319616,0
3020,831,0.056081285747592496,1.720054157206988e-08,0.05608126854705092,0
3899,1385,0.05636856291298828,2.491181466623402e-07,0.05636831379484162,0
3332,1281,0.05648212499610432,4.4431580635070816e-08,0.05648208056452368,0
2062,661,0.05677915025569283,6.631361272489149e-08,0.0567790839420801,0
4199,1408,0.056801850682978154,4.223958835876146e-08,0.05680180844338979,0
874,370,0.05698294182642634,7.429464564479136e-05,0.05690864718078155,0
2357,706,0.057204937401062785,1.7915353221803177e-07,0.05720475824753057,0
4074,1406,0.0579307515221515,3.909063197759953e-09,0.0579307476130883,0
2273,700,0.05822483195650447,1.8142651868789e-08,0.058224813813852604,0
24,28,0.05825781739535871,5.8474498370203995e-06,0.05825196994552169,0
3240,1280,0.05826682219584821,1.9161999737584974e-08,0.05826680303384847,0
1770,632,0.05832514369767384,1.5869210375190914e-09,0.0583251421107528,0
2373,708,0.058859466993141804,1.4462544711119803e-07,0.05885932236769469,0
1718,625,0.05898914127786982,8.353024585901757e-09,0.058989132924845235,0
3054,837,0.05919498186365303,9.742632680216967e-09,0.05919497212102035,0
753,320,0.05931729033976281,1.1446503398353253e-08,0.05931727889325941,0
4190,1408,0.059499687937593665,4.223958835876146e-08,0.0594996456980053,0
1228,513,0.05979227095128792,1.32179708753759e-08,0.05979225773331704,0
4128,1407,0.05988809560816862,1.7376710817960223e-08,0.0598880782314578,0
4203,1408,0.060076207244751184,4.223958835876146e-08,0.06007616500516282,0
2428,712,0.060282226047418105,1.4701113266149196e-07,0.06028207903628544,0
1979,654,0.06029611287411324,3.5091137504838393e-08,0.060296077782975736,0
4010,1387,0.06085704568683698,3.2640089231316074e-08,0.06085701304674775,0
454,202,0.06097002572954491,2.0387751226009926e-09,0.06097002369076979,0
154,69,0.061437525368116065,7.612323225032516e-09,0.06143751775579284,0
3804,1365,0.06154691584614404,1.9303153541820153e-08,0.0615468965429905,0
258,117,0.06187721903077715,2.9058086801220057e-06,0.06187431322209703,0
1303,543,0.061898048756523986,2.1447625530535752e-08,0.06189802730889846,0
2380,708,0.06200168369276854,1.4462544711119803e-07,0.06200153906732143,0
306,139,0.06245700694514761,1.5371707647195496e-09,0.06245700540797684,0
1106,465,0.06276839347200047,2.431334883292354e-05,0.06274408012316755,0
3700,1362,0.06334081148445726,1.184596113315274e-06,0.06333962688834395,0
3845,1383,0.06363585891382263,2.2766567081976678e-08,0.06363583614725556,0
2624,737,0.06384543571921802,2.1977644091156636e-08,0.06384541374157393,0
4000,1387,0.06401764133187925,3.2640089231316074e-08,0.06401760869179002,0
529,239,0.06765708216379297,0.003475528028117309,0.06418155413567567,0
1878,643,0.06428100460144877,6.297971756716104e-07,0.0642803748042731,0
689,294,0.06520819085670948,4.068280268973235e-09,0.06520818678842921,0
117,62,0.06531274083878516,4.476872232246817e-08,0.06531269607006283,0
3072,839,0.06553974788537933,5.479127808492483e-09,0.06553974240625153,0
2322,704,0.06558512187118935,3.886086598511667e-08,0.06558508301032337,0
4148,1407,0.06626787663102457,1.7376710817960223e-08,0.06626785925431375,0
32,30,0.0667526007372032,1.3995090990491972e-08,0.06675258674211221,0
501,223,0.06683003290931318,1.921837760201514e-08,0.06683001369093558,0
1282,534,0.06725143484993547,7.269069002424534e-07,0.06725070794303523,0
2904,814,0.06763936872035171,6.383608746825865e-09,0.06763936233674296,0
2028,660,0.06831767483641223,2.069030621799731e-07,0.06831746793335004,0
324,147,0.0689198333766284,1.1445866519314515e-05,0.06890838751010908,0
4299,1430,0.0690131639967664,5.500540880302589e-10,0.06901316344671231,0
1809,638,0.06909254529782084,1.3755188092027774e-07,0.06909240774593992,0
1795,634,0.06919058288115411,7.71138464902897e-09,0.06919057516976945,0
34,30,0.06922542040324514,1.3995090990491972e-08,0.06922540640815415,0
3616,1317,0.06971299781548991,1.1389635089832492e-07,0.06971288391913902,0
861,363,0.07028411781634238,8.288325422932176e-10,0.07028411698750983,0
1817,638,0.0703348941265019,1.3755188092027774e-07,0.07033475657462097,0
566,254,0.07065461153368538,2.8679570688965702e-08,0.07065458285411469,0
894,378,0.07066375734864383,9.563493767094325e-08,0.07066366171370615,0
1512,600,0.07106786880060813,2.047458682263558e-06,0.07106582134192586,0
538,245,0.07150441741893741,7.421533192379311e-06,0.07149699588574504,0
4252,1409,0.07182921982513688,4.626295193606394e-08,0.07182917356218493,0
3227,1280,0.07203563829275572,1.9161999737584974e-08,0.07203561913075598,0
4003,1387,0.07211101336342302,3.2640089231316074e-08,0.07211098072333379,0
2508,719,0.0724249146683469,6.101863936296397e-08,0.07242485364970754,0
116,61,0.07371387435543879,6.474016728245553e-08,0.0737138096152715,0
1262,529,0.07408943097473189,9.252094492608342e-06,0.07408017888023928,0
2739,755,0.07439164487287794,7.611266270914285e-09,0.07439163726161167,0
4249,1409,0.07466868586348477,4.626295193606394e-08,0.07466863960053283,0
3721,1363,0.0747062650620863,1.987078351987218e-07,0.0747060663542511,0
2360,706,0.07472940902577568,1.7915353221803177e-07,0.07472922987224347,0
3565,1303,0.07483831180318219,3.730403946971865e-09,0.07483830807277825,0
107,60,0.07505523139151546,7.71478049622883e-08,0.0750551542437105,0
1042,439,0.0753964230002427,5.585338001544734e-07,0.07539586446644254,0
747,318,0.07541149002244163,1.9722239858553095e-08,0.07541147030020177,0
3273,1280,0.07545033822845514,1.9161999737584974e-08,0.0754503190664554,0
1339,561,0.07573485399754366,3.0285652466902137e-06,0.07573182543229698,0
4036,1406,0.07627488488699331,3.909063197759953e-09,0.07627488097793012,0
3175,1279,0.07657002246391455,3.779992704035706e-09,0.07657001868392184,0
1728,626,0.07658694570306807,1.0143396881854668e-08,0.07658693555967118,0
3855,1383,0.0777236875116551,2.2766567081976678e-08,0.07772366474508803,0
3259,1280,0.07782952996993234,1.9161999737584974e-08,0.0778295108079326,0
3944,1386,0.07795941222354724,4.900734777060678e-08,0.07795936321619946,0
4336,1432,0.07807031966357321,7.482417879008781e-09,0.07807031218115533,0
3058,837,0.07884811554338012,9.742632680216967e-09,0.07884810580074743,0
1852,642,0.078890874091953,2.4566019036824487e-07,0.07889062843176263,0
3235,1280,0.07922894713423109,1.9161999737584974e-08,0.07922892797223136,0
3210,1279,0.07933296864514926,3.779992704035706e-09,0.07933296486515655,0
1074,448,0.07952194987002005,1.3996152665140802e-08,0.07952193587386738,0
2913,815,0.07954038168455048,1.7874488453502405e-08,0.07954036381006202,0
1713,625,0.0796772506222541,8.353024585901757e-09,0.07967724226922951,0
1451,591,0.07978290246006005,2.627264096026593e-05,0.07975662981909978,0
971,408,0.07992883328177315,2.199773489295585e-07,0.07992861330442422,0
608,269,0.08074386743209087,7.16361067431818e-10,0.0807438667157298,0
1274,532,0.08094276683396529,1.738934405397537e-06,0.08094102789955988,0
3344,1281,0.08094274102922434,4.4431580635070816e-08,0.0809426965976437,0
2668,744,0.08095226075113382,1.866578382970872e-08,0.08095224208534998,0
3021,832,0.08107940786505749,1.49209934222326e-08,0.08107939294406406,0
4230,1408,0.08150465214017427,4.223958835876146e-08,0.08150460990058592,0
4054,1406,0.0816100597499876,3.909063197759953e-09,0.0816100558409244,0
335,150,0.08200498221268898,1.357433220300588e-06,0.08200362477946868,0
54,50,0.08229348428826662,2.697564246082753e-06,0.08229078672402054,0
3585,1315,0.08257446895995596,1.3505965715733492e-06,0.08257311836338439,0
1691,622,0.0829580077447483,1.514088174237121e-07,0.08295785633593088,0
2950,822,0.08296294115231029,1.8550898546275704e-08,0.08296292260141175,0
90,58,0.08342337974076572,1.8545813138376171e-07,0.08342319428263434,0
2333,705,0.0835148397690453,5.2556619686756175e-08,0.08351478721242561,0
3383,1283,0.0838481405188135,8.159696042186908e-09,0.08384813235911745,0
2308,703,0.08407986178673246,4.8695878170004875e-08,0.0840798130908543,0
304,137,0.08475785911054613,2.9850869166256015e-09,0.08475785612545922,0
452,200,0.08504713513116197,3.5267648159898655e-09,0.08504713160439716,0
3984,1387,0.08543606363119789,3.2640089231316074e-08,0.08543603099110866,0
2840,808,0.08565947441921844,1.5216531053850086e-09,0.08565947289756533,0
3570,1314,0.08588295521746661,1.233590501437464e-07,0.08588283185841647,0
2338,705,0.08748946561986091,5.2556619686756175e-08,0.08748941306324123,0
2190,677,0.08769106936719721,2.5834896075400594e-09,0.08769106678370761,0
3530,1302,0.08779153672544418,3.215866422566251e-08,0.08779150456677995,0
1578,611,0.08790639909795832,5.233449464229392e-07,0.0879058757530119,0
151,68,0.08807153880800839,1.0586459152961922e-08,0.08807152822154923,0
743,317,0.08814808258865724,2.711225448207795e-08,0.08814805547640275,0
3472,1301,0.08830934732004585,5.411663958938156e-08,0.08830929320340626,0
3014,829,0.08865969306104947,2.0377728154170923e-08,0.08865967268332131,0
664,287,0.08876593796318374,1.7267753605098748e-08,0.08876592069543014,0
675,291,0.08958233438290959,6.718707522738776e-09,0.08958232766420207,0
2155,671,0.09002484445099984,2.1635128018706295e-08,0.09002482281587182,0
3078,839,0.0901776783679186,5.479127808492483e-09,0.09017767288879079,0
586,261,0.09055376808971254,5.3042325648163206e-09,0.09055376278547997,0
3925,1386,0.0907252031850212,4.900734777060678e-08,0.09072515417767342,0
2433,713,0.09075427521703089,1.163870189835716e-07,0.09075415883001191,0
1982,655,0.09106501488864989,7.703565678859344e-08,0.0910649378529931,0
228,100,0.09106550409254319,7.910874345195587e-09,0.09106549618166884,0
4215,1408,0.09107250431477672,4.223958835876146e-08,0.09107246207518836,0
2342,705,0.09110121685025063,5.2556619686756175e-08,0.09110116429363095,0
1971,654,0.09121630435904977,3.5091137504838393e-08,0.09121626926791226,0
3785,1365,0.09122797033747186,1.9303153541820153e-08,0.09122795103431831,0
2578,732,0.09162305181056564,9.888568239784145e-09,0.0916230419219974,0
1268,530,0.09168586590263611,5.175635512439299e-06,0.09168069026712367,0
2536,726,0.09174323658194991,4.686593445875734e-09,0.09174323189535646,0
2931,819,0.09182255122945253,1.9519812105135988e-08,0.09182253170964043,0
337,151,0.09184755918356295,7.490358841040959e-07,0.09184681014767884,0
2467,716,0.09219955068861556,6.879497754930014e-08,0.09219948189363801,0
3390,1283,0.09235774335290414,8.159696042186908e-09,0.0923577351932081,0
1438,583,0.09239907607818972,4.469741258430741e-09,0.09239907160844846,0
1058,442,0.09313482433598659,1.0755665714014978e-07,0.09313471677932945,0
1056,441,0.09322190884002676,1.7721664783874368e-07,0.09322173162337892,0
3504,1301,0.09332244557093405,5.411663958938156e-08,0.09332239145429447,0
1413,578,0.09343560925204354,1.541517250642123e-08,0.09343559383687104,0
2685,748,0.09372457888619358,2.238107969628084e-08,0.09372455650511388,0
2382,708,0.0938176748678061,1.4462544711119803e-07,0.09381753024235899,0
3133,1256,0.09395171022313166,4.113662408166659e-09,0.09395170610946925,0
1080,450,0.09403872690466512,8.692548537959658e-09,0.09403871821211658,0
3000,828,0.0943274140983032,2.3424733821990713e-08,0.09432739067356938,0
3137,1256,0.09450164402679799,4.113662408166659e-09,0.09450163991313558,0
3400,1299,0.09523566146314738,2.2261461497552227e-08,0.09523563920168589,0
2115,666,0.09528712235704695,6.071483438416427e-08,0.09528706164221257,0
1193,496,0.09589826409451986,4.0908951484478936e-05,0.09585735514303538,0
666,288,0.09594502314717027,1.315212509221689e-08,0.09594500999504517,0
3139,1256,0.09610001590094312,4.113662408166659e-09,0.09610001178728071,0
2184,676,0.0962098512229162,1.7061951941202096e-09,0.096209849516721,0
607,268,0.09645265052219679,9.985561875506033e-10,0.0964526495236406,0
2552,727,0.0967070308173325,7.639344870405149e-09,0.09670702317798764,0
2255,696,0.0974588452019282,1.5338227307169442e-08,0.09745882986370089,0
1375,567,0.0975049848208801,5.923637800937552e-07,0.0975043924571,0
4088,1406,0.0976780832487874,3.909063197759953e-09,0.09767807933972421,0
3650,1318,0.09781301192812622,2.0231048735218176e-08,0.09781299169707748,0
2833,805,0.09788847203883079,2.5643368336511798e-09,0.09788846947449395,0
2205,678,0.09790507853305318,2.621849109859736e-09,0.09790507591120406,0
87,57,0.09800105118160436,4.486546606319145e-07,0.09800060252694373,0
3691,1362,0.0987766942177006,1.184596113315274e-06,0.09877550962158729,0
3989,1387,0.09885258391747849,3.2640089231316074e-08,0.09885255127738926,0
2717,751,0.09895524252195328,1.1683474153356078e-08,0.09895523083847914,0
3368,1282,0.09906022988450706,4.052157546758797e-08,0.0990601893629316,0
347,156,0.09922757321388484,6.080051203656078e-08,0.0992275124133728,0
1755,628,0.09926815820229441,2.768748596529626e-13,0.09926815820201754,0
1880,643,0.09945550638539243,6.297971756716104e-07,0.09945487658821675,0
1803,636,0.10023559435598817,5.647879626357824e-08,0.1002355378771919,0
2237,694,0.10089381923080122,2.3605975760353972e-09,0.10089381687020364,0
3363,1282,0.10126839102835286,4.052157546758797e-08,0.10126835050677739,0
2226,693,0.10133340391768803,2.595583068126697e-09,0.10133340132210496,0
612,273,0.10228118911413048,0.0007607844529455404,0.10152040466118493,0
1582,612,0.10168382503880527,6.124406093237143e-07,0.10168321259819595,0
2940,821,0.10186364301257383,1.810915886706904e-08,0.10186362490341497,0
1373,566,0.10215643160378556,7.216254727924195e-07,0.10215570997831276,0
4293,1430,0.10255283028375206,5.500540880302589e-10,0.10255282973369798,0
3342,1281,0.1029857934301645,4.4431580635070816e-08,0.10298574899858386,0
3836,1383,0.10316698002669111,2.2766567081976678e-08,0.10316695726012404,0
1107,466,0.10330195197023773,1.134938551642269e-05,0.10329060258472131,0
1041,437,0.10347559812388463,2.1788927614775177e-06,0.10347341923112315,0
3685,1361,0.10453564139776039,1.1553249482846917e-07,0.10453552586526556,0
3296,1281,0.10524509066997773,4.4431580635070816e-08,0.10524504623839709,0
2855,809,0.10524639906210523,3.5985557505034014e-09,0.10524639546354948,0
998,418,0.10528001134937054,7.327132609558786e-09,0.10528000402223793,0
605,268,0.1065031284764232,9.985561875506033e-10,0.10650312747786701,0
4275,1410,0.10686611243285368,7.635096244009848e-09,0.10686610479775743,0
3040,835,0.1070086894253054,1.6739053983465062e-08,0.10700867268625142,0
3100,840,0.10726762683288163,5.8457919150388e-09,0.10726762098708971,0
3935,1386,0.10767671690779927,4.900734777060678e-08,0.1076766679004515,0
935,391,0.10826435311197721,3.195691815978828e-09,0.10826434991628539,0
1544,606,0.10926996017743984,1.202770552826299e-06,0.10926875740688702,0
2355,706,0.10927364817436098,1.7915353221803177e-07,0.10927346902082877,0
1406,575,0.10950214211486554,2.790414056850644e-08,0.10950211421072498,0
1948,650,0.10992012023551359,2.4931512808756678e-08,0.10992009530400078,0
3215,1280,0.10996170483863098,1.9161999737584974e-08,0.10996168567663124,0
3514,1302,0.11025638461524288,3.215866422566251e-08,0.11025635245657865,0
617,275,0.11081204755466635,5.0329274370564183e-05,0.11076171828029578,0
739,316,0.11081644871940897,3.871725162265504e-08,0.11081641000215735,0
3686,1361,0.11096980749036056,1.1553249482846917e-07,0.11096969195786573,0
3314,1281,0.11111796028365532,4.4431580635070816e-08,0.11111791585207469,0
929,389,0.11162127725297917,4.507853144182135e-09,0.11162127274512602,0
656,285,0.11175065313858838,3.270521963677551e-08,0.11175062043336874,0
2351,706,0.11226777503475911,1.7915353221803177e-07,0.1122675958812269,0
939,393,0.11246542256633103,1.911947629676183e-09,0.1124654206543834,0
246,112,0.11285094459056594,0.00012734328327169484,0.11272360130729424,0
2957,824,0.11286841308121394,1.9241415751883685e-08,0.11286839383979819,0
4174,1407,0.11289192289376108,1.7376710817960223e-08,0.11289190551705026,0
4334,1432,0.11301908757792653,7.482417879008781e-09,0.11301908009550865,0
2677,746,0.11314650792635267,1.8008100206763095e-08,0.11314648991825246,0
2872,809,0.11325337859795671,3.5985557505034014e-09,0.11325337499940097,0
3520,1302,0.11359761365126869,3.215866422566251e-08,0.11359758149260446,0
2966,824,0.11363317537855763,1.9241415751883685e-08,0.11363315613714188,0
2078,663,0.11374171474319002,7.07292474664604e-08,0.11374164401394254,0
3059,838,0.11379705084667965,8.549414599389953e-09,0.11379704229726506,0
3865,1384,0.11391872543039672,1.013507520603529e-07,0.11391862407964466,0
2396,709,0.11414060066791784,1.4163996457925274e-07,0.11414045902795326,0
2793,761,0.1152948134418108,1.4552030223061726e-09,0.11529481198660778,0
3219,1280,0.11579512652612158,1.9161999737584974e-08,0.11579510736412184,0
3464,1301,0.11601616343466753,5.411663958938156e-08,0.11601610931802794,0
1217,505,0.1165706722165287,1.946380845622202e-07,0.11657047757844413,0
2584,733,0.11660974613094043,1.5667732115724906e-08,0.11660973046320831,0
3162,1279,0.11667723471342764,3.779992704035706e-09,0.11667723093343493,0
3675,1361,0.1167526900584562,1.1553249482846917e-07,0.11675257452596137,0
2223,693,0.11683838883396544,2.595583068126697e-09,0.11683838623838237,0
738,316,0.11714575468441028,3.871725162265504e-08,0.11714571596715866,0
2933,820,0.11733870001430315,1.9957607888643093e-08,0.11733868005669526,0
225,98,0.117392599825027,1.3379018957508656e-08,0.11739258644600804,0
849,357,0.11749432807451386,4.058412580098926e-09,0.11749432401610128,0
804,341,0.11758077607928269,1.8476424262252566e-06,0.11757892843685647,0
3901,1385,0.11820509321706707,2.491181466623402e-07,0.1182048440989204,0
102,59,0.11821511698619358,9.298840137370772e-08,0.11821502399779221,0
803,341,0.11829119992557442,1.8476424262252566e-06,0.1182893522831482,0
3427,1300,0.11844650035706641,1.0273469436160387e-07,0.11844639762237205,0
29,30,0.11880894927767523,1.3995090990491972e-08,0.11880893528258424,0
3183,1279,0.11889430909023647,3.779992704035706e-09,0.11889430531024377,0
4066,1406,0.11927568664207765,3.909063197759953e-09,0.11927568273301445,0
4271,1409,0.11971833778836662,4.626295193606394e-08,0.11971829152541467,0
1806,637,0.11976032436925119,1.669023118023504e-07,0.11976015746693938,0
3690,1361,0.11985944988736036,1.1553249482846917e-07,0.11985933435486552,0
2206,678,0.1199198537197256,2.621849109859736e-09,0.11991985109787649,0
1551,607,0.12008976984693598,1.0066047890550128e-06,0.12008876324214693,0
3220,1280,0.12029293628612578,1.9161999737584974e-08,0.12029291712412604,0
2140,671,0.1205011572441424,2.1635128018706295e-08,0.12050113560901438,0
3824,1366,0.12060632533701351,8.287415333324622e-09,0.12060631704959818,0
1389,571,0.12062308526083124,8.460256519823754e-08,0.12062300065826603,0
810,343,0.12126596603674199,3.8415975686549587e-07,0.12126558187698512,0
1335,561,0.12140966029846428,3.0285652466902137e-06,0.1214066317332176,0
917,387,0.12154574564714064,6.3221044270003346e-09,0.12154573932503622,0
1489,598,0.12172399332102575,1.1004767299533424e-06,0.1217228928442958,0
3468,1301,0.12182220541738328,5.411663958938156e-08,0.1218221513007437,0
2504,719,0.12212841489010591,6.101863936296397e-08,0.12212835387146655,0
3409,1299,0.12222276510734473,2.2261461497552227e-08,0.12222274284588323,0
2313,703,0.12232240756031605,4.8695878170004875e-08,0.12232235886443789,0
682,293,0.1224248504704195,4.739052323683488e-09,0.12242484573136718,0
3182,1279,0.12281355189741934,3.779992704035706e-09,0.12281354811742663,0
2801,762,0.12282973074630177,1.093430809581696e-09,0.12282972965287096,0
1863,643,0.12294773520376981,6.297971756716104e-07,0.12294710540659413,0
3848,1383,0.1231204730695328,2.2766567081976678e-08,0.12312045030296573,0
2880,811,0.12312659376313172,1.136256089345131e-08,0.12312658240057082,0
3623,1317,0.1231796777280573,1.1389635089832492e-07,0.1231795638317064,0
2218,693,0.12352213339688359,2.595583068126697e-09,0.12352213080130052,0
1949,650,0.12358055873897926,2.4931512808756678e-08,0.12358053380746645,0
768,325,0.12382829177636484,4.334919673178927e-09,0.12382828744144517,0
284,129,0.12393756913600303,1.6869887254837587e-08,0.12393755226611577,0
3635,1318,0.12418838896225787,2.0231048735218176e-08,0.12418836873120913,0
2989,826,0.12453320607386753,2.086011578602951e-08,0.12453318521375174,0
3818,1366,0.12459939473863801,8.287415333324622e-09,0.12459938645122268,0
2992,827,0.12558666727622966,2.762840979816814e-08,0.12558663964781985,0
2848,808,0.12561696638204992,1.5216531053850086e-09,0.1256169648603968,0
2936,820,0.12580627705623942,1.9957607888643093e-08,0.12580625709863152,0
271,123,0.12618288046177858,1.2157733544248366e-07,0.12618275888444314,0
1784,634,0.12661096723209767,7.71138464902897e-09,0.12661095952071302,0
1731,626,0.1267526841626061,1.0143396881854668e-08,0.12675267401920923,0
1762,632,0.12715844924353523,1.5869210375190914e-09,0.1271584476566142,0
3297,1281,0.12724403623530378,4.4431580635070816e-08,0.12724399180372314,0
1533,605,0.1273141034019241,1.7131560957730972e-06,0.12731239024582833,0
479,215,0.12735881242194674,7.736066614358408e-07,0.12735803881528532,0
2476,716,0.12773380396692485,6.879497754930014e-08,0.1277337351719473,0
410,184,0.128021395873741,5.550039501403951e-07,0.12802084086979088,0
2327,705,0.12837609406376968,5.2556619686756175e-08,0.12837604150714998,0
1400,572,0.12863435000958118,6.974344417362958e-08,0.128634280266137,0
1445,586,0.12884672797615676,1.4664872421685887e-09,0.12884672650966952,0
2072,662,0.12887284971924234,6.578645888348728e-08,0.12887278393278345,0
2588,734,0.129548952788425,1.6937132392952706e-08,0.1295489358512926,0
2713,751,0.12959643164009182,1.1683474153356078e-08,0.12959641995661766,0
3056,837,0.12970537566205337,9.742632680216967e-09,0.1297053659194207,0
1286,536,0.12986842855846803,2.680762473136891e-07,0.12986816048222072,0
3766,1365,0.13037830803643033,1.9303153541820153e-08,0.13037828873327678,0
2750,756,0.1311783386195324,3.3326501953046934e-09,0.13117833528688222,0
807,343,0.13166042830815816,3.8415975686549587e-07,0.1316600441484013,0
2853,809,0.13203961601781594,3.5985557505034014e-09,0.13203961241926018,0
920,388,0.13204245595401007,5.297683113879838e-09,0.13204245065632694,0
207,90,0.13221336540027107,1.5522146262005008e-07,0.13221321017880844,0
105,60,0.13237867882230195,7.71478049622883e-08,0.132378601674497,0
863,367,0.14679360774920228,0.01437314593836383,0.13242046181083844,0
502,223,0.13260593028846748,1.921837760201514e-08,0.13260591107008987,0
1459,593,0.13270426172988212,6.76716372588391e-06,0.13269749456615623,0
1998,657,0.13283889786737682,1.0055286381831998e-07,0.132838797314513,0
2529,725,0.1328473649488898,5.924173934781514e-09,0.13284735902471587,0
851,358,0.13285014819661617,3.448034630559607e-09,0.13285014474858153,0
2710,751,0.13356841250871798,1.1683474153356078e-08,0.13356840082524382,0
3325,1281,0.13361061686017645,4.4431580635070816e-08,0.1336105724285958,0
1173,484,0.13376491961773124,5.877044154639487e-09,0.13376491374068708,0
2587,734,0.13389418718457133,1.6937132392952706e-08,0.13389417024743894,0
4331,1432,0.1341394764203755,7.482417879008781e-09,0.1341394689379576,0
3397,1299,0.13450723127390934,2.2261461497552227e-08,0.13450720901244784,0
2796,762,0.13451343310325084,1.093430809581696e-09,0.13451343200982002,0
852,359,0.1346099135550041,2.8040168684594492e-09,0.13460991075098722,0
2144,671,0.13513165881984293,2.1635128018706295e-08,0.1351316371847149,0
4083,1406,0.13604405901250366,3.909063197759953e-09,0.13604405510344048,0
2447,714,0.13626037174359595,1.3609163344581262e-07,0.13626023565196252,0
866,368,0.1388251607611554,0.001431505040669831,0.13739365572048556,0
2951,823,0.13763473036316856,1.8155235443100635e-08,0.1376347122079331,0
611,272,0.14458439139308407,0.0059054891002729565,0.1386789022928111,0
1989,655,0.13888344352382756,7.703565678859344e-08,0.13888336648817076,0
755,320,0.13903231991233955,1.1446503398353253e-08,0.13903230846583614,0
3978,1387,0.13909750981819755,3.2640089231316074e-08,0.1390974771781083,0
4342,1432,0.13910488785278496,7.482417879008781e-09,0.13910488037036708,0
2479,717,0.1393229122508546,3.594415906728505e-08,0.13932287630669554,0
403,182,0.13955151171772823,2.1561335366418965e-06,0.1395493555841916,0
2230,694,0.1396842065952553,2.3605975760353972e-09,0.13968420423465772,0
2870,809,0.13975278594636872,3.5985557505034014e-09,0.13975278234781296,0
3131,1256,0.13992809579539017,4.113662408166659e-09,0.13992809168172776,0
843,355,0.14000220344977496,5.595560242800132e-09,0.14000219785421472,0
317,147,0.14019149517068508,1.1445866519314515e-05,0.14018004930416575,0
3537,1302,0.14099483123937484,3.215866422566251e-08,0.1409947990807106,0
212,93,0.1410272870477323,4.9316876556880446e-08,0.14102723773085574,0
2647,740,0.141063351725534,2.0831979799404474e-08,0.1410633308935542,0
396,180,0.14107682986225592,1.1345348717212294e-05,0.1410654845135387,0
1896,644,0.14133538694533582,5.08309215175101e-07,0.14133487863612065,0
4227,1408,0.14189552840053427,4.223958835876146e-08,0.1418954861609459,0
3948,1386,0.1420079156789316,4.900734777060678e-08,0.14200786667158383,0
1458,592,0.14230860788664226,1.2038988270169927e-05,0.14229656889837208,0
2718,751,0.1423701772365459,1.1683474153356078e-08,0.14237016555307175,0
2770,757,0.14241106848354207,3.4594821091418425e-09,0.14241106502405995,0
2944,822,0.1424310250218231,1.8550898546275704e-08,0.14243100647092455,0
4,16,0.14327985848886463,1.1055553613948295e-08,0.14327984743331101,0
3276,1280,0.14361329921762883,1.9161999737584974e-08,0.1436132800556291,0
1924,648,0.14382596882798238,2.245923455519202e-07,0.14382574423563682,0
2635,739,0.14428757457189204,2.0247950040438396e-08,0.144287554323942,0
1089,452,0.14463647039530034,5.931780514871666e-09,0.14463646446351983,0
3327,1281,0.14487131693108174,4.4431580635070816e-08,0.1448712724995011,0
381,169,0.1451413620559958,2.4608627619273916e-09,0.14514135959513302,0
3485,1301,0.1452863932530682,5.411663958938156e-08,0.1452863391364286,0
3552,1302,0.14578741148148291,3.215866422566251e-08,0.14578737932281868,0
4171,1407,0.14580312963800302,1.7376710817960223e-08,0.1458031122612922,0
2633,739,0.14586186953100796,2.0247950040438396e-08,0.14586184928305793,0
793,339,0.14626766612794737,1.5010483205515888e-05,0.14625265564474185,0
2080,663,0.14690121939503667,7.07292474664604e-08,0.1469011486657892,0
3887,1384,0.14713921895238624,1.013507520603529e-07,0.14713911760163417,0
3572,1314,0.14750284109842315,1.233590501437464e-07,0.147502717739373,0
2156,672,0.14769314509068635,7.083308511024799e-09,0.14769313800737782,0
3191,1279,0.14792200251663584,3.779992704035706e-09,0.14792199873664313,0
3628,1318,0.148199234702871,2.0231048735218176e-08,0.14819921447182227,0
3793,1365,0.14859984539641327,1.9303153541820153e-08,0.14859982609325972,0
2004,657,0.14916916645512604,1.0055286381831998e-07,0.14916906590226223,0
4110,1407,0.1495953869383945,1.7376710817960223e-08,0.14959536956168368,0
1456,592,0.1500292566050798,1.2038988270169927e-05,0.1500172176168096,0
1025,431,0.15069607672788074,0.0005591252645918078,0.15013695146328893,0
3392,1299,0.15045368438074244,2.2261461497552227e-08,0.15045366211928093,0
3030,833,0.15060655637667023,9.483163458253209e-09,0.15060654689350678,0
2612,736,0.15071057694340112,1.9537969612372663e-08,0.15071055740543152,0
1668,621,0.15071565078348823,1.7315461343681965e-07,0.1507154776288748,0
1380,569,0.15080379152173606,1.6722244251142235e-07,0.15080362429929356,0
2083,663,0.15091999818922508,7.07292474664604e-08,0.15091992745997762,0
3613,1317,0.15159820512527808,1.1389635089832492e-07,0.15159809122892717,0
1902,645,0.15161153371812894,5.164357340319726e-07,0.1516110172823949,0
521,231,0.15178199975734927,3.715657546878369e-09,0.1517819960416917,0
2258,696,0.1524213999073261,1.5338227307169442e-08,0.1524213845690988,0
770,325,0.1530857954657995,4.334919673178927e-09,0.15308579113087983,0
3854,1383,0.15310688374776962,2.2766567081976678e-08,0.15310686098120255,0
1147,477,0.1535982447368939,3.135554247067431e-08,0.15359821338135143,0
1861,642,0.1537740176170455,2.4566019036824487e-07,0.15377377195685515,0
820,347,0.15389281605747213,4.768241251012466e-08,0.1538927683750596,0
256,116,0.154175264538567,5.528604240981034e-06,0.15416973593432604,0
846,357,0.15419690183483825,4.058412580098926e-09,0.15419689777642567,0
480,215,0.1544272332468769,7.736066614358408e-07,0.15442645964021548,0
68,52,0.15457517229434234,1.6661761425545246e-06,0.15457350611819978,0
3184,1279,0.15461413544150604,3.779992704035706e-09,0.15461413166151333,0
2200,677,0.15490610179446,2.5834896075400594e-09,0.15490609921097037,0
439,195,0.1549316995244035,8.640801041724046e-09,0.15493169088360245,0
3036,835,0.15591960508989378,1.6739053983465062e-08,0.1559195883508398,0
2065,661,0.1564117065098297,6.631361272489149e-08,0.15641164019621698,0
463,210,0.1574648347179548,8.888449273249841e-05,0.1573759502252223,0
4212,1408,0.15768584290699247,4.223958835876146e-08,0.15768580066740412,0
3334,1281,0.15799562101793452,4.4431580635070816e-08,0.15799557658635388,0
1363,564,0.15807006607743718,1.1252057662127296e-06,0.15806894087167098,0
4084,1406,0.1583198123187081,3.909063197759953e-09,0.1583198084096449,0
2958,824,0.15868146162400024,1.9241415751883685e-08,0.1586814423825845,0
3806,1365,0.1591300753267565,1.9303153541820153e-08,0.15913005602360294,0
3254,1280,0.15920308446165288,1.9161999737584974e-08,0.15920306529965314,0
1279,533,0.15941854769420696,1.073148216334273e-06,0.15941747454599062,0
4028,1388,0.1594337493072782,4.178895364077182e-09,0.15943374512838282,0
2056,661,0.1601597533544879,6.631361272489149e-08,0.1601596870408752,0
76,53,0.16069046130160386,1.2411582304904136e-06,0.16068922014337336,0
2851,809,0.1607444221390872,3.5985557505034014e-09,0.16074441854053145,0
2778,758,0.161029066936987,1.7871722851662934e-09,0.1610290651498147,0
3277,1280,0.16119137656620905,1.9161999737584974e-08,0.1611913574042093,0
4008,1387,0.16201506400947058,3.2640089231316074e-08,0.16201503136938133,0
3234,1280,0.1620349205499293,1.9161999737584974e-08,0.16203490138792956,0
2321,704,0.16213088984058519,3.886086598511667e-08,0.1621308509797192,0
3048,837,0.16239543730297068,9.742632680216967e-09,0.162395427560338,0
3576,1315,0.16241671028922455,1.3505965715733492e-06,0.16241535969265297,0
3736,1364,0.16254908279079935,1.4379026263434937e-07,0.1625489390005367,0
991,415,0.16273157295822765,1.4672017608862883e-08,0.16273155828621005,0
1129,472,0.16428066972297387,2.4453192689886917e-07,0.16428042519104696,0
1155,480,0.16490461373514906,1.3521380006846011e-08,0.16490460021376904,0
297,135,0.16511228111227663,5.019709210548148e-09,0.16511227609256743,0
100,59,0.16541202077724873,9.298840137370772e-08,0.16541192778884736,0
3762,1365,0.1654630806466069,1.9303153541820153e-08,0.16546306134345334,0
818,346,0.16556941910673925,7.297307110297845e-08,0.16556934613366814,0
3769,1365,0.16594050421928075,1.9303153541820153e-08,0.1659404849161272,0
3411,1299,0.16616548321142927,2.2261461497552227e-08,0.16616546094996776,0
1361,563,0.1662042243591553,1.6172263994572353e-06,0.16620260713275584,0
3111,842,0.16656424572044448,3.942306231335733e-09,0.16656424177813825,0
660,286,0.16679372115849592,2.335318320273215e-08,0.16679369780531272,0
2086,664,0.1674781501504693,7.621430399360825e-08,0.1674780739361653,0
1997,657,0.16768751752279365,1.0055286381831998e-07,0.16768741696992984,0
1899,645,0.16834005064214475,5.164357340319726e-07,0.1683395342064107,0
3109,842,0.16891244971598166,3.942306231335733e-09,0.16891244577367542,0
2621,737,0.16893214287403222,2.1977644091156636e-08,0.16893212089638812,0
2463,716,0.16906005690035303,6.879497754930014e-08,0.16905998810537548,0
326,148,0.1694266100280015,5.341364724304581e-06,0.1694212686632772,0
3064,839,0.16949656759063797,5.479127808492483e-09,0.16949656211151015,0
1030,432,0.1698073535219196,0.0002150893639265219,0.16959226415799308,0
2797,762,0.1697820517603613,1.093430809581696e-09,0.16978205066693047,0
13,23,0.31055891713135686,0.1402681594319702,0.17029075769938665,0
2946,822,0.170793914380811,1.8550898546275704e-08,0.17079389582991247,0
1412,578,0.17097814280408455,1.541517250642123e-08,0.17097812738891205,0
3672,1318,0.17134757229854358,2.0231048735218176e-08,0.17134755206749486,0
781,334,0.2006080643147004,0.029190128991465364,0.17141793532323504,0
1429,581,0.17166309247986017,6.910197783795327e-09,0.1716630855696624,0
512,227,0.17231290419008302,7.3033210093373685e-09,0.17231289688676202,0
932,390,0.1723821675789482,3.862782172631836e-09,0.17238216371616602,0
3657,1318,0.17263083296643636,2.0231048735218176e-08,0.17263081273538763,0
429,192,0.17277672681610914,1.815678488558875e-08,0.17277670865932426,0
2652,741,0.17286847223119126,1.96457663643601e-08,0.17286845258542488,0
291,132,0.17303779936050964,8.164954937353357e-09,0.1730377911955547,0
408,183,0.1732468951989918,1.0591859912477572e-06,0.17324583601300056,0
2763,757,0.17329985926911415,3.4594821091418425e-09,0.17329985580963203,0
1639,617,0.1741842585850302,2.5164070054640665e-07,0.17418400694432964,0
1148,477,0.1742620442257368,3.135554247067431e-08,0.17426201287019433,0
1749,627,0.1744035078612352,1.1738156773143648e-09,0.17440350668741952,0
3958,1386,0.17488284912772062,4.900734777060678e-08,0.17488280012037286,0
3789,1365,0.17530715213639167,1.9303153541820153e-08,0.17530713283323812,0
2021,659,0.17554838863447086,1.381270950457375e-07,0.17554825050737582,0
1180,487,0.17624808673598613,3.2409937839515922e-09,0.17624808349499235,0
606,268,0.17631906034323727,9.985561875506033e-10,0.1763190593446811,0
3323,1281,0.17635326449165845,4.4431580635070816e-08,0.1763532200600778,0
2112,666,0.17639044220213662,6.071483438416427e-08,0.17639038148730224,0
1044,439,0.17640033783525227,5.585338001544734e-07,0.17639977930145212,0
3079,839,0.17752378975436817,5.479127808492483e-09,0.17752378427524035,0
1462,593,0.17777272111987202,6.76716372588391e-06,0.17776595395614614,0
684,293,0.17796112737965597,4.739052323683488e-09,0.17796112264060365,0
2090,665,0.1782552778933494,1.6642798770652542e-07,0.17825511146536172,0
3474,1301,0.17843548105132634,5.411663958938156e-08,0.17843542693468675,0
3549,1302,0.17876422571356007,3.215866422566251e-08,0.17876419355489584,0
2266,698,0.17908059256199116,8.199485619261814e-09,0.17908058436250554,0
1055,441,0.17930604244401593,1.7721664783874368e-07,0.1793058652273681,0
4330,1432,0.1793510990054774,7.482417879008781e-09,0.17935109152305953,0
369,165,0.17953845781089625,5.9030963021014086e-09,0.17953845190779996,0
3281,1280,0.17976046450843783,1.9161999737584974e-08,0.1797604453464381,0
2734,753,0.1799046049977832,8.812876959405435e-09,0.17990459618490626,0
2721,751,0.17995191546567804,1.1683474153356078e-08,0.17995190378220388,0
39,30,0.1800390885707885,1.3995090990491972e-08,0.1800390745756975,0
1521,602,0.18016939906058294,1.9706053657136315e-08,0.18016937935452929,0
631,278,0.18032311036446647,1.8446427895990467e-06,0.18032126572167687,0
4196,1408,0.18062500957537875,4.223958835876146e-08,0.1806249673357904,0
4311,1431,0.18085221959211173,4.609329671870398e-09,0.18085221498278206,0
2914,815,0.1810033915393075,1.7874488453502405e-08,0.18100337366481906,0
1664,620,0.18146847706161304,5.41364741758929e-07,0.18146793569687128,0
815,344,0.18182908322208677,2.0471692145896986e-07,0.1818288785051653,0
736,315,0.1818383126112947,5.78179085167976e-08,0.1818382547933862,0
4149,1407,0.1819493777567472,1.7376710817960223e-08,0.18194936038003637,0
3437,1300,0.1825760633272886,1.0273469436160387e-07,0.18257596059259423,0
3324,1281,0.18267823236756806,4.4431580635070816e-08,0.18267818793598742,0
3438,1300,0.18281467556688194,1.0273469436160387e-07,0.18281457283218758,0
265,121,0.1830080377356824,3.434347324315577e-07,0.18300769430094996,0
537,245,0.18339123836677448,7.421533192379311e-06,0.1833838168335821,0
1851,642,0.18393621945507685,2.4566019036824487e-07,0.1839359737948865,0
4035,1388,0.18516854424842985,4.178895364077182e-09,0.18516854006953448,0
772,326,0.18553604383613528,3.7298927210958716e-09,0.18553604010624256,0
22,28,0.18584343899938668,5.8474498370203995e-06,0.18583759154954965,0
3378,1282,0.18614693077263444,4.052157546758797e-08,0.186146890251059,0
644,282,0.18618670170894558,1.1832299210491476e-07,0.18618658338595348,0
1754,628,0.18639541235859827,2.768748596529626e-13,0.1863954123583214,0
2407,710,0.1870426834325696,1.24909500644038e-07,0.18704255852306897,0
1337,561,0.1878363974789567,3.0285652466902137e-06,0.18783336891371,0
3467,1301,0.18794369236263683,5.411663958938156e-08,0.18794363824599725,0
2439,714,0.1880451467831638,1.3609163344581262e-07,0.18804501069153037,0
2217,693,0.18853400577622367,2.595583068126697e-09,0.1885340031806406,0
2109,666,0.18919718598971724,6.071483438416427e-08,0.18919712527488286,0
2762,757,0.1894808991252713,3.4594821091418425e-09,0.18948089566578918,0
2556,727,0.19004438744032806,7.639344870405149e-09,0.19004437980098318,0
2229,694,0.1904732736783066,2.3605975760353972e-09,0.19047327131770903,0
2557,728,0.1905101062154509,9.475415439822687e-09,0.19051009674003544,0
356,159,0.19083273112912993,2.3056732719057184e-08,0.19083270807239722,0
1125,471,0.19085946072691504,4.275598312986921e-07,0.19085903316708375,0
3142,1257,0.19086284571060824,7.338749046223121e-09,0.1908628383718592,0
580,258,0.1910378302061881,9.501815388580888e-09,0.1910378207043727,0
2296,700,0.19137192948851317,1.8142651868789e-08,0.1913719113458613,0
2375,708,0.19195406327251335,1.4462544711119803e-07,0.19195391864706624,0
4277,1410,0.19204538225641687,7.635096244009848e-09,0.19204537462132062,0
2654,741,0.19221812781744843,1.96457663643601e-08,0.19221810817168206,0
2185,676,0.19354210398458563,1.7061951941202096e-09,0.19354210227839044,0
990,415,0.19364075292558822,1.4672017608862883e-08,0.19364073825357062,0
2158,672,0.19370750895030506,7.083308511024799e-09,0.19370750186699653,0
3786,1365,0.19375643976680573,1.9303153541820153e-08,0.19375642046365218,0
2885,812,0.19436211471678916,1.0181566192423089e-08,0.19436210453522296,0
325,147,0.19460604393661232,1.1445866519314515e-05,0.194594598070093,0
2980,826,0.1947110805927398,2.086011578602951e-08,0.19471105973262404,0
2545,726,0.19531855170578577,4.686593445875734e-09,0.19531854701919232,0
214,94,0.19551539202153542,3.712194746768482e-08,0.19551535489958796,0
2501,719,0.1957151301117967,6.101863936296397e-08,0.19571506909315733,0
4099,1407,0.19619648859665045,1.7376710817960223e-08,0.19619647121993963,0
1996,657,0.19626594470721442,1.0055286381831998e-07,0.1962658441543506,0
2340,705,0.19634519812362247,5.2556619686756175e-08,0.19634514556700278,0
2779,758,0.1967048412000106,1.7871722851662934e-09,0.1967048394128383,0
556,251,0.1968158484333528,9.590218640154798e-08,0.1968157525311664,0
3330,1281,0.19687989165206007,4.4431580635070816e-08,0.19687984722047944,0
910,385,0.19731220841839942,9.535221503711866e-09,0.19731219888317791,0
3879,1384,0.1974674237789402,1.013507520603529e-07,0.19746732242818812,0
877,372,0.1980112230527616,7.436161926621815e-06,0.19800378689083498,0
2238,694,0.19871665715043668,2.3605975760353972e-09,0.1987166547898391,0
2693,750,0.19935221712106216,2.619698769469283e-08,0.19935219092407447,0
1552,607,0.19964665760127662,1.0066047890550128e-06,0.19964565099648757,0
679,292,0.19995288436054623,5.59624982325154e-09,0.1999528787642964,0
756,320,0.20040684744832515,1.1446503398353253e-08,0.20040683600182174,0
2675,746,0.20078128060420705,1.8008100206763095e-08,0.20078126259610685,0
1535,605,0.20112265244141977,1.7131560957730972e-06,0.201120939285324,0
2800,762,0.20114658459479484,1.093430809581696e-09,0.20114658350136402,0
2127,667,0.2016050752545907,3.7071120281148466e-08,0.20160503818347042,0
3156,1279,0.2016831873922669,3.779992704035706e-09,0.2016831836122742,0
2956,824,0.20189521559191487,1.9241415751883685e-08,0.20189519635049913,0
216,94,0.2020691387094733,3.712194746768482e-08,0.20206910158752583,0
1619,616,0.20249566369624325,6.206770325822311e-07,0.20249504301921067,0
1594,614,0.2026389115705486,6.421359714566146e-07,0.20263826943457716,0
3086,839,0.2027221604442769,5.479127808492483e-09,0.2027221549651491,0
4208,1408,0.20280960615370278,4.223958835876146e-08,0.20280956391411442,0
2160,673,0.20355421141057353,8.590668891449215e-09,0.20355420281990463,0
715,309,0.20367894371226966,3.0321427849990905e-06,0.20367591156948467,0
1215,503,0.20373994275794904,5.887953229344701e-07,0.2037393539626261,0
1875,643,0.20417014025723854,6.297971756716104e-07,0.20416951046006288,0
2235,694,0.20440470755461423,2.3605975760353972e-09,0.20440470519401666,0
2043,661,0.2046791982790234,6.631361272489149e-08,0.20467913196541068,0
2994,827,0.2050195748267257,2.762840979816814e-08,0.2050195471983159,0
1769,632,0.20596818730862673,1.5869210375190914e-09,0.2059681857217057,0
2579,732,0.20662137706411018,9.888568239784145e-09,0.20662136717554194,0
571,256,0.2068978543184758,1.5644700416335225e-08,0.20689783867377537,0
1329,559,0.20748313653204298,1.5315132155998084e-05,0.20746782139988698,0
3337,1281,0.2074978645863687,4.4431580635070816e-08,0.20749782015478807,0
3993,1387,0.20804771770943112,3.2640089231316074e-08,0.20804768506934188,0
416,187,0.20820236772575276,1.0848941848320456e-07,0.20820225923633429,0
1034,434,0.20847586395434237,2.8605460968256562e-05,0.20844725849337412,0
3415,1300,0.20925897742660493,1.0273469436160387e-07,0.20925887469191057,0
1291,537,0.20942933792903762,1.4857024122016624e-07,0.2094291893587964,0
1420,579,0.20944691778031047,1.185148620308153e-08,0.20944690592882426,0
2544,726,0.20946321507541624,4.686593445875734e-09,0.2094632103888228,0
4033,1388,0.20977954065223722,4.178895364077182e-09,0.20977953647334185,0
3744,1364,0.2098176605569305,1.4379026263434937e-07,0.20981751676666785,0
4158,1407,0.21113701642919017,1.7376710817960223e-08,0.21113699905247935,0
3099,840,0.21246431519234302,5.8457919150388e-09,0.2124643093465511,0
2135,669,0.21246534467445427,5.7205186803479785e-08,0.21246528746926746,0
1738,627,0.2127941221194405,1.1738156773143648e-09,0.2127941209456248,0
3132,1256,0.21303878855910136,4.113662408166659e-09,0.21303878444543894,0
2013,658,0.2133646224242008,1.0548391095971972e-07,0.21336451694028982,0
707,307,0.21392084110098564,2.8964077616415644e-05,0.21389187702336923,0
2847,808,0.21394769092100321,1.5216531053850086e-09,0.2139476893993501,0
2535,726,0.21460720512120485,4.686593445875734e-09,0.2146072004346114,0
3732,1364,0.21478515603598236,1.4379026263434937e-07,0.21478501224571972,0
1674,621,0.21480879232059572,1.7315461343681965e-07,0.2148086191659823,0
1287,536,0.21496300873041044,2.680762473136891e-07,0.21496274065416313,0
4109,1407,0.21526375448448964,1.7376710817960223e-08,0.21526373710777882,0
2454,714,0.2152916118387732,1.3609163344581262e-07,0.21529147574713978,0
209,91,0.2157007806034423,1.0020428065271039e-07,0.21570068039916165,0
953,401,0.21610842918717865,8.844347775497727e-05,0.21601998570942368,0
2845,808,0.2160645014536056,1.5216531053850086e-09,0.21606449993195248,0
1993,656,0.2160939991951253,8.838290878262419e-08,0.21609391081221654,0
2664,744,0.2160972439182465,1.866578382970872e-08,0.21609722525246267,0
2876,809,0.21626109895802828,3.5985557505034014e-09,0.21626109535947252,0
1926,648,0.21626526657512896,2.245923455519202e-07,0.2162650419827834,0
2700,751,0.21663282226898073,1.1683474153356078e-08,0.21663281058550657,0
1266,530,0.2167042027115473,5.175635512439299e-06,0.21669902707603486,0
3416,1300,0.21695526221420788,1.0273469436160387e-07,0.21695515947951352,0
4319,1431,0.21708945527149362,4.609329671870398e-09,0.21708945066216395,0
327,148,0.217157796687254,5.341364724304581e-06,0.2171524553225297,0
3319,1281,0.21718754801305026,4.4431580635070816e-08,0.21718750358146963,0
50,49,0.21763540836381884,1.4892006095588038e-05,0.21762051635772325,0
1830,639,0.21781242399350603,4.521919985263926e-07,0.2178119718015075,0
1589,613,0.21791593554089203,8.747359416147406e-07,0.2179150608049504,0
3214,1280,0.21802912308611608,1.9161999737584974e-08,0.21802910392411634,0
2195,677,0.2181918951819242,2.5834896075400594e-09,0.21819189259843458,0
3024,832,0.2183045161462959,1.49209934222326e-08,0.21830450122530248,0
758,322,0.21832559577470373,7.33218140335989e-09,0.21832558844252234,0
412,185,0.21908518764283566,3.0694108731696285e-07,0.21908488070174834,0
387,177,0.21946633968161824,0.00021689325619328662,0.21924944642542496,0
4026,1388,0.21939902592852475,4.178895364077182e-09,0.21939902174962939,0
3165,1279,0.21988958678676213,3.779992704035706e-09,0.21988958300676942,0
3490,1301,0.22023594326863608,5.411663958938156e-08,0.2202358891519965,0
1140,476,0.22049478518632218,4.282095552809582e-08,0.22049474236536665,0
231,101,0.22078819690428947,6.889005103830069e-09,0.22078819001528435,0
2301,701,0.22088079856594664,7.837880456134794e-08,0.22088072018714208,0
3947,1386,0.22128989498596138,4.900734777060678e-08,0.22128984597861362,0
48,49,0.22130619847862415,1.4892006095588038e-05,0.22129130647252857,0
1105,464,0.22168406602573093,5.066740049232563e-05,0.2216333986252386,0
937,392,0.22177818301302213,2.5275842250490193e-09,0.2217781804854379,0
3244,1280,0.22203039221342802,1.9161999737584974e-08,0.22203037305142828,0
774,327,0.22223842930108026,3.108128569078153e-09,0.2222384261929517,0
129,66,0.2226401761539274,1.755569573479537e-08,0.22264015859823166,0
176,74,0.22298457360780585,2.3798497984970796e-09,0.22298457122795606,0
3495,1301,0.22318408559363487,5.411663958938156e-08,0.22318403147699528,0
2486,717,0.22325398094110174,3.594415906728505e-08,0.22325394499694268,0
884,374,0.2236571442887089,1.1624244937020579e-06,0.2236559818642152,0
4125,1407,0.22376202319875224,1.7376710817960223e-08,0.22376200582204142,0
2496,718,0.22434127217445948,6.132875205135868e-08,0.22434121084570743,0
1060,442,0.22529384038660652,1.0755665714014978e-07,0.22529373282994938,0
3144,1257,0.22538314077273058,7.338749046223121e-09,0.22538313343398153,0
1100,462,0.2275618118196198,0.0006636674385545899,0.2268981443810652,0
1324,558,0.22705974845989968,8.132026423342172e-06,0.22705161643347635,0
1219,506,0.22768019480587323,1.1953218161603614e-07,0.2276800752736916,0
4070,1406,0.22776662510673287,3.909063197759953e-09,0.2277666211976697,0
3466,1301,0.22798858371530123,5.411663958938156e-08,0.22798852959866164,0
3241,1280,0.22817965558166028,1.9161999737584974e-08,0.22817963641966055,0
89,58,0.22828849929791242,1.8545813138376171e-07,0.22828831383978104,0
1312,548,0.22883135385376008,6.944319546245797e-09,0.22883134690944054,0
4043,1406,0.22926090937388025,3.909063197759953e-09,0.22926090546481706,0
2757,756,0.22946129774319846,3.3326501953046934e-09,0.22946129441054827,0
2726,752,0.2310323308648945,7.86812223360468e-09,0.23103232299677226,0
2419,710,0.23109694471697823,1.24909500644038e-07,0.2310968198074776,0
487,218,0.2316234953746587,1.2961769929166564e-07,0.2316233657569594,0
4289,1410,0.23169190738339732,7.635096244009848e-09,0.23169189974830107,0
3534,1302,0.23174688411002325,3.215866422566251e-08,0.23174685195135902,0
3771,1365,0.23197376022477922,1.9303153541820153e-08,0.23197374092162568,0
2890,813,0.2324056116672101,9.68430594832586e-09,0.23240560198290416,0
987,414,0.23264436285005047,1.93241822817641e-08,0.23264434352586819,0
1915,646,0.23386230036229,1.0035366342414018e-06,0.23386129682565576,0
1296,539,0.2340260256023003,6.848602557229479e-08,0.23402595711627472,0
377,167,0.23404346392581968,4.2041433988735845e-09,0.23404345972167628,0
1573,610,0.23416182867070984,3.091268788530204e-07,0.234161519543831,0
4181,1407,0.23428246586458823,1.7376710817960223e-08,0.2342824484878774,0
2494,717,0.23435012732558813,3.594415906728505e-08,0.23435009138142907,0
1028,432,0.23467511002970795,0.0002150893639265219,0.23446002066578142,0
1473,595,0.2346824103008335,1.2182271787249424e-05,0.23467022802904625,0
816,345,0.23469730043525855,1.1820056843287301e-07,0.2346971822346901,0
3016,831,0.23491334715698242,1.720054157206988e-08,0.23491332995644085,0
2836,805,0.2349928483479029,2.5643368336511798e-09,0.23499284578356608,0
4011,1387,0.23582239436146948,3.2640089231316074e-08,0.23582236172138024,0
2637,739,0.23587450525172635,2.0247950040438396e-08,0.2358744850037763,0
1101,463,0.23614279193082127,0.00010307083280044663,0.23603972109802082,0
1264,529,0.2365589039659097,9.252094492608342e-06,0.2365496518714171,0
1359,563,0.23665596334938638,1.6172263994572353e-06,0.2366543461229869,0
3923,1386,0.23665709474093233,4.900734777060678e-08,0.23665704573358456,0
907,385,0.2367974368565861,9.535221503711866e-09,0.2367974273213646,0
3749,1364,0.23696055647076147,1.4379026263434937e-07,0.23696041268049883,0
780,334,0.26634378746149534,0.029190128991465364,0.23715365847002998,0
836,353,0.23728274792564874,8.234950761844876e-09,0.237282739690698,0
3575,1315,0.2373694130343625,1.3505965715733492e-06,0.2373680624377909,0
832,351,0.23742059947130056,1.3176500882992117e-08,0.23742058629479967,0
3692,1362,0.23856161883750748,1.184596113315274e-06,0.23856043424139417,0
3015,829,0.23896540828830196,2.0377728154170923e-08,0.2389653879105738,0
4132,1407,0.23907861599785563,1.7376710817960223e-08,0.2390785986211448,0
732,314,0.2393638122979717,9.099792405953744e-08,0.23936372130004765,0
1872,643,0.23938528496737285,6.297971756716104e-07,0.2393846551701972,0
3863,1383,0.23948425603592363,2.2766567081976678e-08,0.23948423326935656,0
3586,1315,0.239681649418569,1.3505965715733492e-06,0.23968029882199743,0
4224,1408,0.23974617138043483,4.223958835876146e-08,0.23974612914084648,0
287,132,0.24081825918493188,8.164954937353357e-09,0.24081825101997695,0
4087,1406,0.24096058392999808,3.909063197759953e-09,0.2409605800209349,0
267,122,0.24144228191313344,1.9973243526317303e-07,0.24144208218069818,0
352,157,0.2414973678881367,4.2534789205280194e-08,0.24149732535334748,0
2334,705,0.24184786910742828,5.2556619686756175e-08,0.2418478165508086,0
1528,603,0.24212781456870186,1.743771877371825e-08,0.2421277971309831,0
1257,527,0.24240314929891063,3.190619553743297e-05,0.24237124310337319,0
1313,548,0.2425312361043906,6.944319546245797e-09,0.24253122916007105,0
3509,1301,0.24263008665420654,5.411663958938156e-08,0.24263003253756696,0
2595,734,0.2430142847080009,1.6937132392952706e-08,0.24301426777086851,0
1374,566,0.24331245280391853,7.216254727924195e-07,0.24331173117844573,0
669,289,0.24355007306323562,1.0278997868143873e-08,0.24355006278423774,0
1660,619,0.24451930444955697,4.0677440151845633e-07,0.24451889767515544,0
4113,1407,0.2448953729092893,1.7376710817960223e-08,0.2448953555325785,0
143,68,0.245828350380238,1.0586459152961922e-08,0.24582833979377886,0
3581,1315,0.2460023155447362,1.3505965715733492e-06,0.24600096494816462,0
1453,592,0.24675572425845665,1.2038988270169927e-05,0.24674368527018647,0
2680,746,0.2467588455705836,1.8008100206763095e-08,0.2467588275624834,0
859,360,0.2474723539902242,2.1797652234932474e-09,0.24747235181045896,0
1944,649,0.24767258963823877,3.124454934818741e-07,0.2476722771927453,0
3747,1364,0.24772858919093996,1.4379026263434937e-07,0.24772844540067732,0
4338,1432,0.24783868756761657,7.482417879008781e-09,0.2478386800851987,0
2211,678,0.24839391381897297,2.621849109859736e-09,0.24839391119712387,0
908,385,0.24867335069080082,9.535221503711866e-09,0.24867334115557932,0
4151,1407,0.2489279914011635,1.7376710817960223e-08,0.2489279740244527,0
2019,658,0.24893834098382522,1.0548391095971972e-07,0.24893823549991426,0
2657,743,0.24895654335064932,1.7896688795036742e-08,0.24895652545396052,0
1665,620,0.24948763131843366,5.41364741758929e-07,0.2494870899536919,0
1338,561,0.2498326419393513,3.0285652466902137e-06,0.24982961337410461,0
674,290,0.2499691189418751,8.222377230800831e-09,0.24996911071949787,0
4112,1407,0.25026399334775207,1.7376710817960223e-08,0.2502639759710413,0
1474,595,0.2504668326757671,1.2182271787249424e-05,0.25045465040397985,0
4104,1407,0.250648312841333,1.7376710817960223e-08,0.2506482954646222,0
3838,1383,0.2507104716372395,2.2766567081976678e-08,0.2507104488706724,0
3601,1316,0.25085013445751053,2.554721230811279e-07,0.25084987898538746,0
1662,619,0.2511259353188424,4.0677440151845633e-07,0.2511255285444409,0
3556,1302,0.2514536792683392,3.215866422566251e-08,0.251453647109675,0
2119,666,0.25197613438876854,6.071483438416427e-08,0.25197607367393415,0
3455,1301,0.2524569406620226,5.411663958938156e-08,0.252456886545383,0
3251,1280,0.2528469271079346,1.9161999737584974e-08,0.25284690794593484,0
1859,642,0.25319348304574907,2.4566019036824487e-07,0.2531932373855587,0
167,71,0.2531976481307769,5.3998333574518156e-09,0.25319764273094353,0
2752,756,0.2534465354351532,3.3326501953046934e-09,0.253446532102503,0
3482,1301,0.2536311523619506,5.411663958938156e-08,0.253631098245311,0
1590,613,0.25421573141481807,8.747359416147406e-07,0.25421485667887644,0
2640,739,0.2546270674966357,2.0247950040438396e-08,0.2546270472486857,0
4243,1409,0.25474372100312986,4.626295193606394e-08,0.25474367474017795,0
4057,1406,0.2547635271465056,3.909063197759953e-09,0.2547635232374424,0
2095,665,0.25570905149024314,1.6642798770652542e-07,0.2557088850622554,0
443,197,0.255778104068547,5.937968320256415e-09,0.25577809813057867,0
1505,599,0.2568306100540304,1.2636960031511893e-06,0.25682934635802723,0
159,69,0.257422754503623,7.612323225032516e-09,0.2574227468912998,0
59,50,0.2580443459569932,2.697564246082753e-06,0.2580416483927471,0
3669,1318,0.25810199324662325,2.0231048735218176e-08,0.2581019730155745,0
3738,1364,0.25816757443987587,1.4379026263434937e-07,0.2581674306496132,0
555,251,0.25827212565602087,9.590218640154798e-08,0.25827202975383445,0
972,409,0.25834466815214413,1.2903496653822628e-07,0.2583445391171776,0
1972,654,0.2583703394640285,3.5091137504838393e-08,0.258370304372891,0
3702,1362,0.2584256506582437,1.184596113315274e-06,0.2584244660621304,0
300,135,0.25846462046869595,5.019709210548148e-09,0.25846461544898675,0
2945,822,0.25869383069337815,1.8550898546275704e-08,0.2586938121424796,0
28,30,0.258991077606566,1.3995090990491972e-08,0.258991063611475,0
2929,819,0.2591990842455085,1.9519812105135988e-08,0.2591990647256964,0
730,312,0.25992000720055425,2.7514209254202626e-07,0.2599197320584617,0
148,68,0.2599219252077227,1.0586459152961922e-08,0.2599219146212636,0
1152,478,0.25997585395939976,2.332501735247294e-08,0.2599758306343824,0
3909,1385,0.2607917346261286,2.491181466623402e-07,0.2607914855079819,0
2051,661,0.2608922393084071,6.631361272489149e-08,0.2608921729947944,0
3792,1365,0.2612524185282646,1.9303153541820153e-08,0.26125239922511106,0
1558,607,0.2612605701978107,1.0066047890550128e-06,0.2612595635930216,0
1556,607,0.26157973512357313,1.0066047890550128e-06,0.26157872851878405,0
1059,442,0.2618105502330925,1.0755665714014978e-07,0.2618104426764354,0
3440,1300,0.2621825450067419,1.0273469436160387e-07,0.2621824422720475,0
3396,1299,0.26230087747404063,2.2261461497552227e-08,0.2623008552125791,0
661,286,0.26253180856116914,2.335318320273215e-08,0.2625317852079859,0
1273,532,0.26257703716084657,1.738934405397537e-06,0.26257529822644116,0
636,280,0.2627225368320463,3.8394080951212084e-07,0.2627221528912368,0
3535,1302,0.26322815109742065,3.215866422566251e-08,0.2632281189387564,0
2576,732,0.26347774682225333,9.888568239784145e-09,0.2634777369336851,0
1844,641,0.2635632173466572,2.7833944263489977e-07,0.26356293900721456,0
897,381,0.26409783245211704,2.87136059555829e-08,0.2640978037385111,0
1301,542,0.2642808060454003,2.90003748758093e-08,0.2642807770450254,0
2636,739,0.2646200390640777,2.0247950040438396e-08,0.2646200188161277,0
3773,1365,0.2649241828335067,1.9303153541820153e-08,0.2649241635303532,0
1161,481,0.2649595049303742,1.0556690757251591e-08,0.26495949437368344,0
868,369,0.2652666184864948,0.00026961870432932913,0.26499699978216545,0
2391,709,0.2657266799598147,1.4163996457925274e-07,0.2657265383198501,0
4004,1387,0.26593817878050374,3.2640089231316074e-08,0.2659381461404145,0
2215,693,0.2668226691587599,2.595583068126697e-09,0.2668226665631768,0
3120,1255,0.2668373513171115,1.1821299401159813e-09,0.26683735013498155,0
1237,517,0.26697500665011537,5.873422940423726e-09,0.26697500077669245,0
4165,1407,0.26728820907052175,1.7376710817960223e-08,0.26728819169381096,0
482,216,0.2673238313642615,3.983043954863248e-07,0.26732343305986606,0
3293,1281,0.26785993183928425,4.4431580635070816e-08,0.2678598874077036,0
1799,636,0.2679733939569962,5.647879626357824e-08,0.26797333747819996,0
1910,645,0.2680244069557734,5.164357340319726e-07,0.2680238905200394,0
1151,478,0.26900075741115775,2.332501735247294e-08,0.2690007340861404,0
4092,1406,0.26909218706069965,3.909063197759953e-09,0.26909218315163647,0
2822,803,0.26974973244542594,1.1978377979155696e-09,0.26974973124758816,0
2566,730,0.2702619329098611,1.6117308290070695e-08,0.27026191679255285,0
3250,1280,0.27034651559661427,1.9161999737584974e-08,0.2703464964346145,0
1933,648,0.27038128425486074,2.245923455519202e-07,0.2703810596625152,0
349,156,0.27039625214768065,6.080051203656078e-08,0.27039619134716864,0
46,48,0.27047618355172764,1.597011344958565e-05,0.2704602134382781,0
966,407,0.27082837490445355,3.9910160323503636e-07,0.27082797580285034,0
424,190,0.2709120296480086,3.312881999099768e-08,0.2709119965191886,0
2601,735,0.2714756713202299,1.7946664145324424e-08,0.2714756533735658,0
1652,618,0.271606800509729,2.8099758412243984e-07,0.2716065195121449,0
2378,708,0.2720320753109377,1.4462544711119803e-07,0.2720319306854906,0
2420,711,0.2722544474950648,1.702188062875357e-07,0.2722542772762585,0
1775,633,0.27250311045034586,1.0084603493456498e-08,0.2725031003657424,0
3009,829,0.2726026051077468,2.0377728154170923e-08,0.27260258473001864,0
2689,749,0.27339271603380383,2.5018377435830063e-08,0.2733926910154264,0
565,254,0.2736297172598158,2.8679570688965702e-08,0.2736296885802451,0
1764,632,0.2736592810589679,1.5869210375190914e-09,0.2736592794720469,0
4020,1387,0.2737950130179453,3.2640089231316074e-08,0.27379498037785605,0
2421,711,0.2741294705435022,1.702188062875357e-07,0.2741293003246959,0
624,276,0.2746737598451996,1.5004423504892538e-05,0.2746587554216947,0
3777,1365,0.2747737375638428,1.9303153541820153e-08,0.2747737182606893,0
2976,826,0.2757507970660317,2.086011578602951e-08,0.2757507762059159,0
2009,657,0.2759657058892864,1.0055286381831998e-07,0.27596560533642256,0
2743,756,0.2760691114018268,3.3326501953046934e-09,0.2760691080691766,0
3253,1280,0.2761498197687837,1.9161999737584974e-08,0.27614980060678396,0
2910,815,0.27627676401174733,1.7874488453502405e-08,0.2762767461372589,0
3772,1365,0.2768068740054881,1.9303153541820153e-08,0.27680685470233457,0
3345,1281,0.2773610089881933,4.4431580635070816e-08,0.2773609645566127,0
3727,1363,0.27799995148800866,1.987078351987218e-07,0.27799975278017347,0
179,79,0.2784485395374252,4.591445465398348e-05,0.27840262508277125,0
1566,609,0.279204339406468,3.141974304383581e-06,0.2792011974321636,0
3186,1279,0.2793037304946454,3.779992704035706e-09,0.2793037267146527,0
3336,1281,0.27938306667789725,4.4431580635070816e-08,0.2793830222463166,0
2671,745,0.27964355403557956,1.786071591059408e-08,0.27964353617486365,0
3528,1302,0.2799636037235061,3.215866422566251e-08,0.27996357156484186,0
523,232,0.2803706125799372,2.9881302275802234e-09,0.28037060959180693,0
942,393,0.28037324531221053,1.911947629676183e-09,0.2803732434002629,0
2339,705,0.28063754896039556,5.2556619686756175e-08,0.2806374964037759,0
2815,802,0.2807946756080606,6.614324342780838e-10,0.2807946749466282,0
1285,536,0.28106565346697254,2.680762473136891e-07,0.28106538539072523,0
2020,659,0.281190957162699,1.381270950457375e-07,0.28119081903560394,0
1824,638,0.2815119256739267,1.3755188092027774e-07,0.28151178812204575,0
3432,1300,0.28238259674949184,1.0273469436160387e-07,0.2823824940147975,0
4248,1409,0.28302963745246146,4.626295193606394e-08,0.28302959118950954,0
1600,614,0.2830330081304753,6.421359714566146e-07,0.2830323659945039,0
1618,616,0.2830718108332981,6.206770325822311e-07,0.2830711901562655,0
3091,839,0.2833594739021213,5.479127808492483e-09,0.2833594684229935,0
640,281,0.28348099575987523,2.047829007843258e-07,0.28348079097697443,0
627,277,0.28376864938101287,4.9128654816025196e-06,0.2837637365155313,0
1372,566,0.2838306413288766,7.216254727924195e-07,0.2838299197034038,0
3802,1365,0.2838641001610038,1.9303153541820153e-08,0.28386408085785025,0
31,30,0.2844412655064334,1.3995090990491972e-08,0.2844412515113424,0
1392,572,0.2860935334407828,6.974344417362958e-08,0.2860934636973386,0
2749,756,0.28613838280005194,3.3326501953046934e-09,0.2861383794674017,0
3643,1318,0.2865801953754361,2.0231048735218176e-08,0.2865801751443874,0
1020,430,0.2882452308782549,0.0015432126087478913,0.286702018269507,0
1548,606,0.2868096352990821,1.202770552826299e-06,0.2868084325285293,0
3417,1300,0.28745581861615016,1.0273469436160387e-07,0.2874557158814558,0
2622,737,0.2875705932289552,2.1977644091156636e-08,0.2875705712513111,0
3198,1279,0.28774112874183916,3.779992704035706e-09,0.28774112496184645,0
222,97,0.28779231003241657,1.6497289646288797e-08,0.2877922935351269,0
1073,448,0.2878134407861336,1.3996152665140802e-08,0.2878134267899809,0
63,51,0.28800446814093816,1.852219142509101e-06,0.28800261592179566,0
1416,579,0.2880173477440816,1.185148620308153e-08,0.2880173358925954,0
3742,1364,0.2883538360835428,1.4379026263434937e-07,0.2883536922932802,0
2042,661,0.28922389701771906,6.631361272489149e-08,0.28922383070410634,0
925,389,0.28994104661049647,4.507853144182135e-09,0.2899410421026433,0
4198,1408,0.2904027376620869,4.223958835876146e-08,0.2904026954224985,0
263,120,0.29042997768975903,5.754624940057659e-07,0.29042940222726504,0
2129,667,0.29104602208069646,3.7071120281148466e-08,0.2910459850095762,0
723,310,0.2911455107524567,1.2023413044663757e-06,0.29114430841115224,0
3195,1279,0.2916900941083298,3.779992704035706e-09,0.2916900903283371,0
1941,649,0.2917499270153992,3.124454934818741e-07,0.2917496145699057,0
4337,1432,0.29175797694190997,7.482417879008781e-09,0.2917579694594921,0
3152,1279,0.2927915404731876,3.779992704035706e-09,0.2927915366931949,0
858,360,0.29329252362335717,2.1797652234932474e-09,0.29329252144359197,0
2893,814,0.29334394461435886,6.383608746825865e-09,0.2933439382307501,0
1382,569,0.2934813303038822,1.6722244251142235e-07,0.2934811630814397,0
351,157,0.29439224413248055,4.2534789205280194e-08,0.29439220159769136,0
3167,1279,0.2944312393995801,3.779992704035706e-09,0.2944312356195874,0
3469,1301,0.2950448447557111,5.411663958938156e-08,0.29504479063907146,0
2371,707,0.2952694015889913,1.1303735174212855e-07,0.29526928855163953,0
1802,636,0.29548559664224877,5.647879626357824e-08,0.2954855401634525,0
2559,728,0.2956925455840435,9.475415439822687e-09,0.29569253610862806,0
3188,1279,0.2962172380935359,3.779992704035706e-09,0.2962172343135432,0
4071,1406,0.2963052488531777,3.909063197759953e-09,0.29630524494411453,0
1494,598,0.29635820033043797,1.1004767299533424e-06,0.296357099853708,0
2774,757,0.29675931027936964,3.4594821091418425e-09,0.29675930681988755,0
3436,1300,0.2969283724354615,1.0273469436160387e-07,0.29692826970076713,0
1212,501,0.2969984709452544,1.6233238335266264e-06,0.29699684762142087,0
4324,1431,0.297802537686247,4.609329671870398e-09,0.2978025330769173,0
342,153,0.29850880667267155,2.465393794551544e-07,0.2985085601332921,0
2343,705,0.29886945261627584,5.2556619686756175e-08,0.2988694000596562,0
2253,696,0.2990556358142098,1.5338227307169442e-08,0.2990556204759825,0
592,263,0.29907951882968237,3.885777998839193e-09,0.2990795149439044,0
2852,809,0.2990928943824089,3.5985557505034014e-09,0.29909289078385315,0
1606,615,0.2991957635440775,7.961574476846091e-07,0.2991949673866298,0
4076,1406,0.29926380615014736,3.909063197759953e-09,0.2992638022410842,0
3046,836,0.2994840110706281,1.1898004699724926e-08,0.2994839991726234,0
1901,645,0.30063294491988357,5.164357340319726e-07,0.30063242848414956,0
2044,661,0.30118538336805617,6.631361272489149e-08,0.30118531705444346,0
3890,1385,0.3013685927204064,2.491181466623402e-07,0.3013683436022597,0
3624,1318,0.3014533554541709,2.0231048735218176e-08,0.3014533352231222,0
3543,1302,0.3015505728453923,3.215866422566251e-08,0.30155054068672804,0
1419,579,0.30196194079516436,1.185148620308153e-08,0.3019619289436782,0
602,265,0.30199327283421745,2.5522060747842293e-09,0.3019932702820114,0
4204,1408,0.3022445207496494,4.223958835876146e-08,0.30224447851006103,0
3988,1387,0.3027124585970767,3.2640089231316074e-08,0.30271242595698744,0
1440,584,0.3028909007085652,3.35261567777556e-09,0.30289089735594954,0
126,65,0.3038184846346802,1.8670174607719223e-08,0.30381846596450557,0
3794,1365,0.30397199594244023,1.9303153541820153e-08,0.3039719766392867,0
3377,1282,0.304477460875104,4.052157546758797e-08,0.30447742035352854,0
1234,516,0.30450115449638304,6.931229684769043e-09,0.30450114756515334,0
2899,814,0.30508128212697255,6.383608746825865e-09,0.3050812757433638,0
1727,626,0.30570274992006424,1.0143396881854668e-08,0.30570273977666734,0
2923,819,0.30606801880447926,1.9519812105135988e-08,0.30606799928466716,0
1966,653,0.3061071821504482,6.019380727943293e-08,0.3061071219566409,0
511,227,0.30654457388462025,7.3033210093373685e-09,0.30654456658129925,0
3305,1281,0.30658582911643256,4.4431580635070816e-08,0.3065857846848519,0
1436,582,0.3066253551659193,5.83581340647513e-09,0.30662534933010593,0
2651,741,0.3068158803212154,1.96457663643601e-08,0.306815860675449,0
2694,750,0.30694273632207053,2.619698769469283e-08,0.30694271012508284,0
696,297,0.3069564126466385,2.191524624589749e-09,0.30695641045511385,0
3961,1386,0.3071726317236258,4.900734777060678e-08,0.307172582716278,0
1248,521,0.3072643382086744,2.1044479120755497e-09,0.3072643361042265,0
1610,615,0.308556052363519,7.961574476846091e-07,0.3085552562060713,0
3814,1366,0.3089058953042523,8.287415333324622e-09,0.30890588701683697,0
1831,639,0.30912871977496387,4.521919985263926e-07,0.30912826758296535,0
2410,710,0.30928677595536425,1.24909500644038e-07,0.3092866510458636,0
3398,1299,0.3101544330875883,2.2261461497552227e-08,0.31015441082612677,0
1466,594,0.31032332554254916,6.517653391651376e-06,0.3103168078891575,0
2427,712,0.31040824875309114,1.4701113266149196e-07,0.3104081017419585,0
1246,519,0.3109381070096589,3.9543189212092535e-09,0.31093810305534,0
3193,1279,0.31099000724935777,3.779992704035706e-09,0.31099000346936506,0
2867,809,0.3113021785173683,3.5985557505034014e-09,0.31130217491881257,0
1204,499,0.31162705602616586,5.492249616576813e-06,0.31162156377654926,0
4041,1406,0.3117603342740277,3.909063197759953e-09,0.31176033036496453,0
1454,592,0.3117888549379719,1.2038988270169927e-05,0.31177681594970175,0
157,69,0.3122672077901527,7.612323225032516e-09,0.3122672001778295,0
358,160,0.31259022512348206,1.7435620227412335e-08,0.31259020768786183,0
2831,804,0.3130648804408683,1.6106994863777075e-09,0.3130648788301688,0
4193,1408,0.3136391841115001,4.223958835876146e-08,0.3136391418719117,0
2329,705,0.31394023006064375,5.2556619686756175e-08,0.3139401775040241,0
2441,714,0.31438940156615086,1.3609163344581262e-07,0.3143892654745174,0
2999,827,0.31524103267193426,2.762840979816814e-08,0.3152410050435245,0
2709,751,0.31598435836522687,1.1683474153356078e-08,0.31598434668175274,0
211,92,0.3164204718496059,6.765504817495622e-08,0.31642040419455775,0
368,165,0.31662948192717266,5.9030963021014086e-09,0.3166294760240764,0
1062,442,0.3172860779648562,1.0755665714014978e-07,0.31728597040819906,0
3247,1280,0.3174865847408105,1.9161999737584974e-08,0.3174865655788107,0
1553,607,0.31770423344575327,1.0066047890550128e-06,0.3177032268409642,0
2888,813,0.3179398732674194,9.68430594832586e-09,0.31793986358311344,0
1874,643,0.3179999115081652,6.297971756716104e-07,0.3179992817109895,0
975,410,0.31835989180080015,8.020719348136601e-08,0.31835981159360666,0
1967,654,0.31875279093874764,3.5091137504838393e-08,0.31875275584761015,0
1137,474,0.31937653511501274,9.097019929297642e-08,0.3193764441448134,0
131,66,0.31944844695268587,1.755569573479537e-08,0.31944842939699014,0
2081,663,0.3197200424397522,7.07292474664604e-08,0.31971997171050476,0
1730,626,0.3200092893983967,1.0143396881854668e-08,0.3200092792549998,0
455,203,0.3202896499000407,1.463049546574455e-09,0.32028964843699115,0
4278,1410,0.3205981761648078,7.635096244009848e-09,0.32059816852971157,0
3539,1302,0.3212956820509027,3.215866422566251e-08,0.32129564989223847,0
3745,1364,0.3216013124511442,1.4379026263434937e-07,0.32160116866088156,0
544,247,0.3216604411907064,1.1584086904550733e-06,0.32165928278201594,0
3365,1282,0.32223618188029196,4.052157546758797e-08,0.3222361413587165,0
175,74,0.32225002959288657,2.3798497984970796e-09,0.32225002721303675,0
3271,1280,0.3222732782008699,1.9161999737584974e-08,0.3222732590388701,0
1394,572,0.32282292421928416,6.974344417362958e-08,0.32282285447583997,0
4240,1409,0.3230189463453131,4.626295193606394e-08,0.32301890008236117,0
3185,1279,0.32342326782939923,3.779992704035706e-09,0.3234232640494065,0
1867,643,0.3234353132041651,6.297971756716104e-07,0.3234346834069894,0
785,335,0.3293551262163888,0.005901110939811697,0.3234540152765771,0
3216,1280,0.32379847937499406,1.9161999737584974e-08,0.3237984602129943,0
2274,700,0.32390369704824823,1.8142651868789e-08,0.32390367890559635,0
2320,704,0.32392803642028367,3.886086598511667e-08,0.3239279975594177,0
1493,598,0.3240081776762463,1.1004767299533424e-06,0.3240070771995163,0
1936,648,0.3241642103776075,2.245923455519202e-07,0.32416398578526195,0
1401,572,0.3250114716921681,6.974344417362958e-08,0.3250114019487239,0
1288,537,0.32506986952154454,1.4857024122016624e-07,0.3250697209513033,0
3985,1387,0.32517888758715713,3.2640089231316074e-08,0.3251788549470679,0
2063,661,0.3254736828433088,6.631361272489149e-08,0.3254736165296961,0
3172,1279,0.3263294195349301,3.779992704035706e-09,0.3263294157549374,0
1871,643,0.3264395053933198,6.297971756716104e-07,0.3264388755961441,0
850,357,0.3265617418639013,4.058412580098926e-09,0.3265617378054887,0
733,315,0.3265866988669975,5.78179085167976e-08,0.32658664104908897,0
3373,1282,0.327967317324058,4.052157546758797e-08,0.3279672768024825,0
3130,1256,0.3280596488527823,4.113662408166659e-09,0.3280596447391199,0
1813,638,0.3283698353270965,1.3755188092027774e-07,0.3283696977752156,0
3856,1383,0.32839290074547917,2.2766567081976678e-08,0.3283928779789121,0
3092,839,0.3292131598746574,5.479127808492483e-09,0.32921315439552956,0
2548,726,0.329254771058285,4.686593445875734e-09,0.32925476637169154,0
4232,1408,0.32936446862076046,4.223958835876146e-08,0.3293644263811721,0
3578,1315,0.3295948478811182,1.3505965715733492e-06,0.3295934972845466,0
3499,1301,0.32969122512927407,5.411663958938156e-08,0.32969117101263445,0
3082,839,0.3298248848990561,5.479127808492483e-09,0.3298248794199283,0
459,207,0.33575783575096724,0.005809092571405449,0.3299487431795618,0
3627,1318,0.3301637680575267,2.0231048735218176e-08,0.33016374782647795,0
1096,456,0.3301781779552133,2.6957034673642374e-09,0.3301781752595098,0
1461,593,0.33091955755429575,6.76716372588391e-06,0.33091279039056987,0
4268,1409,0.33104926817731917,4.626295193606394e-08,0.33104922191436725,0
744,317,0.33167071821759847,2.711225448207795e-08,0.331670691105344,0
4254,1409,0.33251489439947884,4.626295193606394e-08,0.33251484813652693,0
1160,481,0.33388435071401923,1.0556690757251591e-08,0.3338843401573285,0
421,190,0.33407543599763734,3.312881999099768e-08,0.3340754028688174,0
2075,663,0.33488348587145356,7.07292474664604e-08,0.3348834151422061,0
4263,1409,0.33490674776557267,4.626295193606394e-08,0.33490670150262075,0
2492,717,0.33525963286874944,3.594415906728505e-08,0.33525959692459034,0
1126,471,0.3355836719803574,4.275598312986921e-07,0.33558324442052606,0
766,324,0.3356718704020459,5.08399869526447e-09,0.33567186531804716,0
2449,714,0.3360805740010673,1.3609163344581262e-07,0.3360804379094338,0
1907,645,0.33641572426812616,5.164357340319726e-07,0.33641520783239215,0
3228,1280,0.33653691762625826,1.9161999737584974e-08,0.3365368984642585,0
749,318,0.33679304518837677,1.9722239858553095e-08,0.33679302546613693,0
1004,420,0.3373410863361663,5.121367548120378e-09,0.3373410812147987,0
3143,1257,0.3374756337778345,7.338749046223121e-09,0.33747562643908546,0
1527,603,0.3382430366914792,1.743771877371825e-08,0.33824301925376044,0
3248,1280,0.3382431238139109,1.9161999737584974e-08,0.33824310465191115,0
703,305,0.33878439075096817,0.00036289148669930044,0.33842149926426884,0
3881,1384,0.3386117568000519,1.013507520603529e-07,0.33861165544929983,0
2277,700,0.33898494619269276,1.8142651868789e-08,0.3389849280500409,0
1681,621,0.33912766217941714,1.7315461343681965e-07,0.3391274890248037,0
2784,759,0.33922093204777193,1.9700122967245023e-09,0.3392209300777596,0
1208,500,0.33944542299747366,2.932226308713871e-06,0.33944249077116495,0
572,256,0.3400766069460044,1.5644700416335225e-08,0.34007659130130397,0
3695,1362,0.34072606807817085,1.184596113315274e-06,0.34072488348205754,0
1794,634,0.34079266653445084,7.71138464902897e-09,0.3407926588230662,0
4194,1408,0.34103227656464,4.223958835876146e-08,0.34103223432505164,0
1306,544,0.3415313848997992,1.6500335180316268e-08,0.341531368399464,0
3644,1318,0.3420448374075251,2.0231048735218176e-08,0.3420448171764764,0
503,223,0.3424049635384684,1.921837760201514e-08,0.3424049443200908,0
614,274,0.3428288699512155,0.00017547212031583247,0.34265339783089965,0
3041,835,0.3426678566165976,1.6739053983465062e-08,0.3426678398775436,0
469,211,0.3431109377814409,2.8439821893512402e-05,0.34308249795954743,0
321,147,0.34312660058361155,1.1445866519314515e-05,0.34311515471709225,0
3937,1386,0.3440721287493233,4.900734777060678e-08,0.3440720797419755,0
233,101,0.34466312472381494,6.889005103830069e-09,0.34466311783480985,0
2939,821,0.3448342696650697,1.810915886706904e-08,0.3448342515559108,0
3857,1383,0.34530067840449574,2.2766567081976678e-08,0.34530065563792867,0
745,317,0.34540413301125156,2.711225448207795e-08,0.34540410589899706,0
4040,1406,0.34551029763815916,3.909063197759953e-09,0.345510293729096,0
199,87,0.3455146567416451,6.887390675485996e-07,0.34551396800257755,0
1061,442,0.3459053154666102,1.0755665714014978e-07,0.34590520790995305,0
839,354,0.3461739781347562,6.724395953980391e-09,0.34617397141036027,0
3594,1316,0.34701004044492495,2.554721230811279e-07,0.3470097849728019,0
4192,1408,0.3470662173795103,4.223958835876146e-08,0.34706617513992194,0
1369,565,0.3472498805259703,8.424565615349253e-07,0.34724903806940877,0
1968,654,0.34732010577743755,3.5091137504838393e-08,0.34732007068630005,0
773,326,0.3486149718728564,3.7298927210958716e-09,0.34861496814296367,0
1588,613,0.349008641669874,8.747359416147406e-07,0.3490077669339324,0
2387,709,0.3490651174761801,1.4163996457925274e-07,0.3490649758362155,0
1679,621,0.3493475101009471,1.7315461343681965e-07,0.3493473369463337,0
526,233,0.3495455406370305,2.296140962080185e-09,0.3495455383408896,0
2568,730,0.3497359986836349,1.6117308290070695e-08,0.34973598256632665,0
21,28,0.3499296663999816,5.8474498370203995e-06,0.34992381895014457,0
2886,812,0.35071202553952885,1.0181566192423089e-08,0.35071201535796265,0
3640,1318,0.3508644143603546,2.0231048735218176e-08,0.35086439412930587,0
2001,657,0.35113174745324593,1.0055286381831998e-07,0.3511316469003821,0
594,263,0.3512314763073775,3.885777998839193e-09,0.3512314724215995,0
432,193,0.3512902137201075,1.3893935071798656e-08,0.35129019982617243,0
3492,1301,0.35168843009727824,5.411663958938156e-08,0.3516883759806386,0
2500,718,0.3517727210708677,6.132875205135868e-08,0.35177265974211563,0
2381,708,0.3518230987836717,1.4462544711119803e-07,0.35182295415822457,0
2435,713,0.3533362382306129,1.163870189835716e-07,0.3533361218435939,0
1952,650,0.35341805289880424,2.4931512808756678e-08,0.35341802796729144,0
1646,617,0.3535247557581111,2.5164070054640665e-07,0.35352450411741054,0
2059,661,0.35386182164857305,6.631361272489149e-08,0.35386175533496034,0
1344,561,0.3539700771026525,3.0285652466902137e-06,0.3539670485374058,0
872,370,0.35409781826517833,7.429464564479136e-05,0.35402352361953354,0
4120,1407,0.354358688695867,1.7376710817960223e-08,0.3543586713191562,0
296,135,0.35442557078434994,5.019709210548148e-09,0.35442556576464074,0
4302,1430,0.35449401938171543,5.500540880302589e-10,0.3544940188316613,0
3713,1363,0.35747567272250524,1.987078351987218e-07,0.35747547401467006,0
1868,643,0.35838706480656024,6.297971756716104e-07,0.35838643500938455,0
3359,1282,0.35877799265934696,4.052157546758797e-08,0.35877795213777147,0
1214,502,0.3588736642202301,9.600909122248506e-07,0.3588727041293179,0
4220,1408,0.358964339851341,4.223958835876146e-08,0.35896429761175264,0
2289,700,0.3594651560779661,1.8142651868789e-08,0.3594651379353142,0
1087,451,0.35947059202863546,7.1062322343046884e-09,0.35947058492240325,0
2862,809,0.3595791633725612,3.5985557505034014e-09,0.35957915977400545,0
4053,1406,0.36004783633913223,3.909063197759953e-09,0.36004783243006905,0
491,220,0.36028832295512203,5.282370777806981e-08,0.36028827013141423,0
3089,839,0.3608781188373004,5.479127808492483e-09,0.3608781133581726,0
3622,1317,0.36201329977347885,1.1389635089832492e-07,0.36201318587712794,0
2983,826,0.36209975513981524,2.086011578602951e-08,0.36209973427969944,0
2348,705,0.3624879768496047,5.2556619686756175e-08,0.36248792429298504,0
870,369,0.36308738847071437,0.00026961870432932913,0.362817769766385,0
4137,1407,0.3629537172408083,1.7376710817960223e-08,0.36295369986409753,0
3910,1385,0.3633303068618786,2.491181466623402e-07,0.36333005774373195,0
69,52,0.3635313077209852,1.6661761425545246e-06,0.36352964154484263,0
461,209,0.3640935906162504,0.00032813956711735,0.36376545104913305,0
2707,751,0.36380272409994335,1.1683474153356078e-08,0.3638027124164692,0
4315,1431,0.3643268025133169,4.609329671870398e-09,0.3643267979039872,0
2798,762,0.36457887086313057,1.093430809581696e-09,0.3645788697696998,0
3782,1365,0.36511736066442896,1.9303153541820153e-08,0.36511734136127544,0
2814,802,0.3657132186030456,6.614324342780838e-10,0.3657132179416132,0
4191,1408,0.365872523468217,4.223958835876146e-08,0.36587248122862864,0
2540,726,0.3663893419862023,4.686593445875734e-09,0.3663893372996089,0
281,128,0.36662953940631854,2.2166051929716003e-08,0.3666295172402666,0
1756,631,0.3666529053640273,7.494687418990581e-14,0.36665290536395234,0
2145,671,0.36701386123784346,2.1635128018706295e-08,0.36701383960271544,0
1239,518,0.36905638864429935,4.928278633774021e-09,0.36905638371602073,0
3987,1387,0.369154269150295,3.2640089231316074e-08,0.36915423651020574,0
3920,1386,0.3691845420508926,4.900734777060678e-08,0.3691844930435448,0
3834,1383,0.36922890169199896,2.2766567081976678e-08,0.3692288789254319,0
979,412,0.3701443073643019,3.6351792327470865e-08,0.3701442710125096,0
2304,702,0.3704421117313666,6.578912737972267e-08,0.37044204594223923,0
1937,648,0.3706128530360522,2.245923455519202e-07,0.3706126284437066,0
2924,819,0.37118340998906524,1.9519812105135988e-08,0.37118339046925314,0
3513,1302,0.3714096012269771,3.215866422566251e-08,0.37140956906831285,0
1992,656,0.3721604420683703,8.838290878262419e-08,0.3721603536854615,0
2550,726,0.37298919460781416,4.686593445875734e-09,0.3729891899212207,0
2094,665,0.37335030628216903,1.6642798770652542e-07,0.3733501398541813,0
2934,820,0.3738041599107679,1.9957607888643093e-08,0.37380413995316,0
4012,1387,0.37415809926042526,3.2640089231316074e-08,0.374158066620336,0
2102,666,0.3744695013074158,6.071483438416427e-08,0.3744694405925814,0
2213,678,0.3744725228055338,2.621849109859736e-09,0.37447252018368465,0
4091,1406,0.3745856781885847,3.909063197759953e-09,0.3745856742795215,0
3267,1280,0.374919860308784,1.9161999737584974e-08,0.3749198411467842,0
177,74,0.3755299518685756,2.3798497984970796e-09,0.37552994948872576,0
4326,1431,0.3758466416010728,4.609329671870398e-09,0.3758466369917431,0
2011,658,0.3759451014727142,1.0548391095971972e-07,0.37594499598880327,0
3112,842,0.376050666490417,3.942306231335733e-09,0.3760506625481108,0
4051,1406,0.3777517307073101,3.909063197759953e-09,0.3777517267982469,0
3540,1302,0.3782736730091762,3.215866422566251e-08,0.37827364085051196,0
2039,661,0.3783966537092599,6.631361272489149e-08,0.3783965873956472,0
1404,573,0.3791233372382625,4.5454158653724136e-08,0.37912329178410387,0
4287,1410,0.3791636313458496,7.635096244009848e-09,0.3791636237107534,0
3446,1301,0.379240391247914,5.411663958938156e-08,0.37924033713127436,0
765,324,0.37953460523073956,5.08399869526447e-09,0.37953460014674084,0
1136,473,0.3798918082432302,1.4542321924950228e-07,0.37989166282001097,0
623,276,0.3803875224361579,1.5004423504892538e-05,0.38037251801265304,0
2460,715,0.3807098219654747,7.216692321368858e-08,0.3807097497985515,0
1611,615,0.3815271352580064,7.961574476846091e-07,0.3815263391005587,0
1317,550,0.38173128928071187,4.738025079731593e-09,0.3817312845426868,0
3564,1303,0.3819656342626562,3.730403946971865e-09,0.38196563053225224,0
4332,1432,0.3824062771143481,7.482417879008781e-09,0.38240626963193025,0
2444,714,0.3826038318328566,1.3609163344581262e-07,0.38260369574122316,0
3157,1279,0.38292212897515515,3.779992704035706e-09,0.38292212519516244,0
1195,496,0.3832732860430665,4.0908951484478936e-05,0.38323237709158203,0
2723,752,0.3840402026804908,7.86812223360468e-09,0.3840401948123686,0
1598,614,0.3847334308272231,6.421359714566146e-07,0.38473278869125166,0
2180,676,0.38478542356782647,1.7061951941202096e-09,0.3847854218616313,0
3233,1280,0.38494310315020336,1.9161999737584974e-08,0.3849430839882036,0
3998,1387,0.3851021414665076,3.2640089231316074e-08,0.3851021088264184,0
223,97,0.3855447957055688,1.6497289646288797e-08,0.3855447792082792,0
2649,740,0.38574399048956565,2.0831979799404474e-08,0.38574396965758584,0
229,100,0.3861787755001886,7.910874345195587e-09,0.38617876758931424,0
1247,520,0.38623231592539176,2.944162577888615e-09,0.3862323129812292,0
3122,1255,0.38623400109255424,1.1821299401159813e-09,0.3862339999104243,0
1841,641,0.386276570433025,2.7833944263489977e-07,0.38627629209358233,0
1592,614,0.3863621526364099,6.421359714566146e-07,0.38636151050043843,0
2626,738,0.38640818751825423,2.519139118218031e-08,0.38640816232686304,0
3053,837,0.38642134175874965,9.742632680216967e-09,0.38642133201611695,0
2582,733,0.38694803005642936,1.5667732115724906e-08,0.38694801438869725,0
4122,1407,0.3869842672360964,1.7376710817960223e-08,0.3869842498593856,0
2819,802,0.38727198889133685,6.614324342780838e-10,0.38727198822990444,0
4037,1406,0.38751119291165226,3.909063197759953e-09,0.3875111890025891,0
3873,1384,0.38789112209099247,1.013507520603529e-07,0.3878910207402404,0
518,230,0.38821421996702266,4.4122492892765754e-09,0.38821421555477337,0
3568,1314,0.3889948374953534,1.233590501437464e-07,0.38899471413630327,0
376,167,0.38905974171784996,4.2041433988735845e-09,0.38905973751370654,0
903,383,0.38921515947988855,1.5701503787456045e-08,0.3892151437783848,0
3519,1302,0.389240419694222,3.215866422566251e-08,0.3892403875355578,0
3526,1302,0.38933027336834053,3.215866422566251e-08,0.3893302412096763,0
3442,1301,0.389665031981262,5.411663958938156e-08,0.3896649778646224,0
1095,456,0.3900044681876149,2.6957034673642374e-09,0.3900044654919114,0
1479,596,0.39025721340693725,3.3093809861979176e-06,0.39025390402595106,0
2221,693,0.391066491715276,2.595583068126697e-09,0.39106648911969294,0
2395,709,0.39111015219614426,1.4163996457925274e-07,0.39111001055617967,0
1570,610,0.3921452201198506,3.091268788530204e-07,0.3921449109929717,0
4009,1387,0.39261238884041133,3.2640089231316074e-08,0.3926123562003221,0
241,103,0.39316330444324005,4.807877086239385e-09,0.39316329963536295,0
1747,627,0.39372631226863153,1.1738156773143648e-09,0.3937263110948159,0
483,216,0.3940158840956675,3.983043954863248e-07,0.39401548579127205,0
2312,703,0.39422717213281927,4.8695878170004875e-08,0.3942271234369411,0
3655,1318,0.39440637318376837,2.0231048735218176e-08,0.39440635295271964,0
2688,749,0.39455297373875786,2.5018377435830063e-08,0.39455294872038044,0
227,99,0.39543738118621546,9.916580347103587e-09,0.39543737126963513,0
2489,717,0.3957500994402522,3.594415906728505e-08,0.3957500634960931,0
4182,1407,0.39587370432927166,1.7376710817960223e-08,0.39587368695256087,0
310,143,0.39713334527825744,0.0006668421446938435,0.3964665031335636,0
3268,1280,0.39688979052499757,1.9161999737584974e-08,0.3968897713629978,0
1561,608,0.39709624034824603,5.5186245447786055e-06,0.39709072172370125,0
3696,1362,0.39731923004523595,1.184596113315274e-06,0.39731804544912264,0
3201,1279,0.39783614183033406,3.779992704035706e-09,0.39783613805034135,0
2849,809,0.3982455646151382,3.5985557505034014e-09,0.3982455610165825,0
857,360,0.39828482170100576,2.1797652234932474e-09,0.39828481952124056,0
600,265,0.3986195162497978,2.5522060747842293e-09,0.39861951369759174,0
1226,510,0.39877159925659844,3.008575865731584e-08,0.3987715691708398,0
2768,757,0.39954031787857225,3.4594821091418425e-09,0.39954031441909016,0
1759,632,0.39992452180028887,1.5869210375190914e-09,0.39992452021336783,0
3764,1365,0.4000012258180796,1.9303153541820153e-08,0.4000012065149261,0
1196,497,0.4010607658656832,2.0477820724347005e-05,0.40104028804495884,0
2528,724,0.4011776645162434,5.1625864279554995e-09,0.401177659353657,0
2850,809,0.40136844946336453,3.5985557505034014e-09,0.4013684458648088,0
3372,1282,0.40236173341021514,4.052157546758797e-08,0.40236169288863965,0
1647,617,0.40289469688072227,2.5164070054640665e-07,0.4028944452400217,0
1205,499,0.4031516010043503,5.492249616576813e-06,0.4031461087547337,0
155,69,0.4032506998747815,7.612323225032516e-09,0.4032506922624583,0
2153,671,0.40360455503068937,2.1635128018706295e-08,0.40360453339556135,0
386,177,0.4039317461653672,0.00021689325619328662,0.4037148529091739,0
3264,1280,0.4048440024209856,1.9161999737584974e-08,0.40484398325898585,0
1916,646,0.4050621949380453,1.0035366342414018e-06,0.40506119140141106,0
402,182,0.4051145150318904,2.1561335366418965e-06,0.40511235889835373,0
3943,1386,0.4051733212754652,4.900734777060678e-08,0.4051732722681174,0
2894,814,0.4053897426513971,6.383608746825865e-09,0.40538973626778835,0
3875,1384,0.4054514007724879,1.013507520603529e-07,0.40545129942173586,0
890,376,0.4065761007990219,2.837879598745334e-07,0.40657581701106205,0
3611,1317,0.40667786169865455,1.1389635089832492e-07,0.40667774780230365,0
905,384,0.4067047402524041,1.2094820240630002e-08,0.40670472815758385,0
2656,741,0.4067833885529406,1.96457663643601e-08,0.40678336890717426,0
277,126,0.4068678279917309,3.9521783253439784e-08,0.40686778846994764,0
3661,1318,0.40695821432761403,2.0231048735218176e-08,0.4069581940965653,0
3194,1279,0.40721183218712254,3.779992704035706e-09,0.40721182840712983,0
1191,495,0.4075507085732139,0.0001258059873168892,0.40742490258589703,0
4103,1407,0.40874400874044686,1.7376710817960223e-08,0.40874399136373607,0
270,123,0.4089145416322296,1.2157733544248366e-07,0.4089144200548942,0
1572,610,0.40898277477541234,3.091268788530204e-07,0.40898246564853347,0
3242,1280,0.4090629912625166,1.9161999737584974e-08,0.40906297210051684,0
4170,1407,0.40935028002368584,1.7376710817960223e-08,0.40935026264697505,0
1833,639,0.40935727928371163,4.521919985263926e-07,0.4093568270917131,0
3908,1385,0.4096373539862367,2.491181466623402e-07,0.40963710486809,0
3597,1316,0.410293259557927,2.554721230811279e-07,0.41029300408580394,0
865,368,0.4117679879401128,0.001431505040669831,0.41033648289944297,0
750,319,0.4116782570579996,1.4817839503068315e-08,0.4116782422401601,0
1825,638,0.4118171821958545,1.3755188092027774e-07,0.41181704464397356,0
3005,828,0.4119036654748523,2.3424733821990713e-08,0.4119036420501185,0
4205,1408,0.41204838238448926,4.223958835876146e-08,0.4120483401449009,0
4118,1407,0.41220415777625563,1.7376710817960223e-08,0.41220414039954484,0
1812,638,0.4122848342308107,1.3755188092027774e-07,0.41228469667892975,0
860,361,0.41247291245276735,1.622436730355812e-09,0.4124729108303306,0
3870,1384,0.4126887862552205,1.013507520603529e-07,0.4126886849044684,0
249,113,0.412878259795673,4.181536284377647e-05,0.41283644443282924,0
834,352,0.41311010147922667,1.0298066720610691e-08,0.41311009118115993,0
2594,734,0.4132118609106437,1.6937132392952706e-08,0.4132118439735113,0
2413,710,0.41343372604309675,1.24909500644038e-07,0.4134336011335961,0
3010,829,0.41348627443575325,2.0377728154170923e-08,0.4134862540580251,0
3592,1316,0.41356163817886804,2.554721230811279e-07,0.413561382706745,0
1672,621,0.41430713831745236,1.7315461343681965e-07,0.41430696516283894,0
3658,1318,0.4145575660120434,2.0231048735218176e-08,0.4145575457809947,0
1447,590,0.4149069693739861,2.676952542859581e-05,0.4148801998485575,0
3860,1383,0.4151896288170234,2.2766567081976678e-08,0.41518960605045635,0
3370,1282,0.4154408614346962,4.052157546758797e-08,0.41544082091312073,0
3654,1318,0.415538428416168,2.0231048735218176e-08,0.4155384081851193,0
2092,665,0.41570909676630513,1.6642798770652542e-07,0.4157089303383174,0
2392,709,0.4158992611847633,1.4163996457925274e-07,0.4158991195447987,0
436,194,0.41630733043768553,1.0831273962067482e-08,0.41630731960641154,0
286,130,0.41658561989757514,1.3160643866260335e-08,0.4165856067369313,0
1891,644,0.41881802797581297,5.08309215175101e-07,0.4188175196665978,0
391,179,0.4188810713417165,2.883816771035004e-05,0.4188522331740061,0
3501,1301,0.4191118608095888,5.411663958938156e-08,0.4191118066929492,0
2967,824,0.41978501661226353,1.9241415751883685e-08,0.4197849973708478,0
4286,1410,0.419851704721375,7.635096244009848e-09,0.4198516970862788,0
3561,1302,0.420779216466995,3.215866422566251e-08,0.4207791843083308,0
2249,695,0.42114414256562627,1.6441722386094175e-09,0.421144140921454,0
2518,721,0.4213230908687316,2.549173767037662e-08,0.42132306537699393,0
1134,473,0.4213888673408725,1.4542321924950228e-07,0.42138872191765325,0
2246,695,0.4215126780217159,1.6441722386094175e-09,0.42151267637754364,0
8,18,0.42237047251996807,5.446255016822931e-06,0.42236502626495126,0
1991,655,0.4227752537149465,7.703565678859344e-08,0.4227751766792897,0
3768,1365,0.4231143886734384,1.9303153541820153e-08,0.4231143693702849,0
476,214,0.42360619888138173,1.63444126990278e-06,0.42360456444011185,0
3151,1279,0.4241781462677077,3.779992704035706e-09,0.424178142487715,0
3547,1302,0.425183115491675,3.215866422566251e-08,0.42518308333301075,0
1318,550,0.4258685918402364,4.738025079731593e-09,0.4258685871022113,0
995,416,0.4259771964717082,1.1384551038885813e-08,0.42597718508715715,0
2372,707,0.4260989887271984,1.1303735174212855e-07,0.42609887568984667,0
2259,696,0.42671900874729707,1.5338227307169442e-08,0.42671899340906977,0
2306,703,0.4267757931744947,4.8695878170004875e-08,0.42677574447861655,0
1469,594,0.4270738954260859,6.517653391651376e-06,0.42706737777269427,0
2399,710,0.42718673485414077,1.24909500644038e-07,0.42718660994464014,0
797,339,0.4277918367206331,1.5010483205515888e-05,0.4277768262374276,0
1309,545,0.4284000985245837,1.3368355449917313e-08,0.4284000851562283,0
360,161,0.428714549520209,1.3424860898272516e-08,0.4287145360953481,0
2773,757,0.42933275759967393,3.4594821091418425e-09,0.42933275414019184,0
2681,746,0.42961784761455013,1.8008100206763095e-08,0.4296178296064499,0
2702,751,0.42969252512898937,1.1683474153356078e-08,0.42969251344551523,0
2686,748,0.4297254696081521,2.238107969628084e-08,0.4297254472270724,0
2598,735,0.4303603016684057,1.7946664145324424e-08,0.43036028372174157,0
2941,821,0.4310839179442635,1.810915886706904e-08,0.4310838998351046,0
2414,710,0.43118539892950286,1.24909500644038e-07,0.43118527402000223,0
3039,835,0.43141785104871383,1.6739053983465062e-08,0.43141783430965985,0
621,276,0.4319093299030773,1.5004423504892538e-05,0.4318943254795724,0
215,94,0.43227330330527264,3.712194746768482e-08,0.4322732661833252,0
946,399,0.43459420904166873,0.0018802299202329343,0.4327139791214358,0
1510,599,0.43275894132353443,1.2636960031511893e-06,0.43275767762753126,0
3625,1318,0.4338004643471056,2.0231048735218176e-08,0.4338004441160569,0
3703,1362,0.43389153730139896,1.184596113315274e-06,0.43389035270528564,0
1576,611,0.4341486587694949,5.233449464229392e-07,0.43414813542454844,0
1957,652,0.4343303571157793,6.312419510679326e-08,0.4343302939915842,0
3999,1387,0.43442180168707356,3.2640089231316074e-08,0.4344217690469843,0
191,83,0.43531696244665796,5.262053479353686e-06,0.4353117003931786,0
1156,480,0.43562965208745363,1.3521380006846011e-08,0.4356296385660736,0
837,354,0.4357972678212039,6.724395953980391e-09,0.435797261096808,0
930,389,0.4359895268780137,4.507853144182135e-09,0.43598952237016053,0
722,310,0.43603072456412256,1.2023413044663757e-06,0.4360295222228181,0
4081,1406,0.4364828811778409,3.909063197759953e-09,0.4364828772687777,0
825,348,0.43672536382695415,3.270388527184478e-08,0.4367253311230689,0
856,360,0.4369641570796211,2.1797652234932474e-09,0.4369641548998559,0
3353,1281,0.437692339354982,4.4431580635070816e-08,0.43769229492340134,0
3076,839,0.4377934996035438,5.479127808492483e-09,0.437793494124416,0
4304,1430,0.43783985861081204,5.500540880302589e-10,0.4378398580607579,0
1045,439,0.4378867582624196,5.585338001544734e-07,0.4378861997286194,0
649,282,0.43825314422488826,1.1832299210491476e-07,0.43825302590189613,0
2973,826,0.439359168599208,2.086011578602951e-08,0.4393591477390922,0
3448,1301,0.4396774179733506,5.411663958938156e-08,0.43967736385671097,0
1070,445,0.4397799526932882,3.330785054447209e-08,0.43977991938543765,0
2151,671,0.439925209758264,2.1635128018706295e-08,0.43992518812313597,0
234,101,0.43994853157571445,6.889005103830069e-09,0.43994852468670936,0
121,64,0.4401014775957072,2.728825693276239e-08,0.4401014503074503,0
183,82,0.4407323039366605,9.402950631351099e-06,0.4407229009860292,0
3986,1387,0.4414235723515249,3.2640089231316074e-08,0.44142353971143566,0
3559,1302,0.4419806251241869,3.215866422566251e-08,0.44198059296552267,0
422,190,0.4424003586525727,3.312881999099768e-08,0.44240032552375275,0
681,292,0.44244057413821514,5.59624982325154e-09,0.44244056854196534,0
786,336,0.44447586928111105,0.0007600122297622959,0.44371585705134875,0
2690,749,0.4439589759679853,2.5018377435830063e-08,0.44395895094960786,0
3505,1301,0.4440502983541959,5.411663958938156e-08,0.4440502442375563,0
1701,623,0.4441458629310969,6.511208078425298e-08,0.44414579781901614,0
3859,1383,0.4442287235259672,2.2766567081976678e-08,0.44422870075940013,0
3148,1279,0.4447465832898797,3.779992704035706e-09,0.444746579509887,0
3077,839,0.44513791227632354,5.479127808492483e-09,0.4451379067971957,0
3062,838,0.44692229785159443,8.549414599389953e-09,0.4469222893021798,0
1723,625,0.44704629186902645,8.353024585901757e-09,0.44704628351600184,0
385,176,0.44891191364106164,0.0005615770042172522,0.44835033663684437,0
1084,450,0.44940208268488496,8.692548537959658e-09,0.44940207399233645,0
2547,726,0.4503150252502016,4.686593445875734e-09,0.45031502056360817,0
1720,625,0.4508351997807276,8.353024585901757e-09,0.450835191427703,0
2964,824,0.4509309529331722,1.9241415751883685e-08,0.45093093369175646,0
2383,708,0.4510815514158722,1.4462544711119803e-07,0.4510814067904251,0
3094,839,0.45108769291858014,5.479127808492483e-09,0.4510876874394523,0
1873,643,0.45125529779082585,6.297971756716104e-07,0.45125466799365016,0
2873,809,0.45150479999643317,3.5985557505034014e-09,0.45150479639787744,0
2264,697,0.4527038445024941,1.1647995462934405e-08,0.45270383285449867,0
4098,1407,0.4534691771649971,1.7376710817960223e-08,0.4534691597882863,0
553,250,0.4539387784126842,1.5952037948983575e-07,0.4539386188923047,0
1706,625,0.4539950414108206,8.353024585901757e-09,0.453995033057796,0
1640,617,0.4544352615227481,2.5164070054640665e-07,0.45443500988204755,0
2008,657,0.4545392314040119,1.0055286381831998e-07,0.4545391308511481,0
3328,1281,0.4550766118330209,4.4431580635070816e-08,0.45507656740144026,0
130,66,0.4555110299782036,1.755569573479537e-08,0.45551101242250785,0
3430,1300,0.4564935604934045,1.0273469436160387e-07,0.45649345775871014,0
3913,1385,0.45658103508818293,2.491181466623402e-07,0.45658078597003626,0
1801,636,0.4569406194496468,5.647879626357824e-08,0.45694056297085056,0
2049,661,0.45748063626845126,6.631361272489149e-08,0.45748056995483855,0
4133,1407,0.4576142362290917,1.7376710817960223e-08,0.4576142188523809,0
2896,814,0.4576826948741605,6.383608746825865e-09,0.45768268849055177,0
2182,676,0.457839525357274,1.7061951941202096e-09,0.45783952365107883,0
190,83,0.4580298810574194,5.262053479353686e-06,0.45802461900394004,0
3953,1386,0.45834297183199346,4.900734777060678e-08,0.45834292282464567,0
3997,1387,0.45935034482613163,3.2640089231316074e-08,0.4593503121860424,0
1255,526,0.4598210921633315,4.557496352353363e-05,0.45977551719980797,0
3307,1281,0.4601430502694544,4.4431580635070816e-08,0.46014300583787376,0
1714,625,0.46046136957775463,8.353024585901757e-09,0.46046136122473,0
4294,1430,0.46094042659745277,5.500540880302589e-10,0.46094042604739865,0
4127,1407,0.4617069188189565,1.7376710817960223e-08,0.4617069014422457,0
3303,1281,0.4624393688103465,4.4431580635070816e-08,0.46243932437876584,0
853,359,0.46274464474570215,2.8040168684594492e-09,0.4627446419416853,0
3847,1383,0.46277581768781684,2.2766567081976678e-08,0.46277579492124976,0
2533,726,0.46299708822478225,4.686593445875734e-09,0.4629970835381888,0
4314,1431,0.463748355634584,4.609329671870398e-09,0.4637483510252543,0
1315,549,0.463808094190998,5.743806152115467e-09,0.46380808844719185,0
41,47,0.46390594361495946,8.222747116754937e-06,0.4638977208678427,0
2809,802,0.4639217289814539,6.614324342780838e-10,0.4639217283200215,0
4344,1432,0.46413002745848125,7.482417879008781e-09,0.4641300199760634,0
4161,1407,0.4649015566746933,1.7376710817960223e-08,0.4649015392979825,0
3136,1256,0.4658967066607307,4.113662408166659e-09,0.4658967025470683,0
3587,1315,0.46605505697460586,1.3505965715733492e-06,0.4660537063780343,0
3809,1365,0.4660731735864048,1.9303153541820153e-08,0.4660731542832513,0
4082,1406,0.4662629883818757,3.909063197759953e-09,0.4662629844728125,0
2244,695,0.46721021845571964,1.6441722386094175e-09,0.4672102168115474,0
1047,439,0.467410466686559,5.585338001544734e-07,0.46740990815275885,0
4222,1408,0.4674502223117847,4.223958835876146e-08,0.4674501800721963,0
1411,576,0.4680620055191089,1.833806285054195e-08,0.4680619871810461,0
323,147,0.46831872242375416,1.1445866519314515e-05,0.46830727655723486,0
1537,606,0.4687124564698248,1.202770552826299e-06,0.46871125369927197,0
3990,1387,0.4706989605642385,3.2640089231316074e-08,0.47069892792414925,0
1259,527,0.47088583238484577,3.190619553743297e-05,0.4708539261893083,0
1124,471,0.47139743555982166,4.275598312986921e-07,0.47139700799999035,0
3760,1365,0.47142392174753117,1.9303153541820153e-08,0.47142390244437765,0
579,258,0.47145650762199076,9.501815388580888e-09,0.47145649812017537,0
2497,718,0.47187265974974424,6.132875205135868e-08,0.47187259842099216,0
1132,473,0.4719648759047049,1.4542321924950228e-07,0.47196473048148563,0
791,336,0.4729272254895912,0.0007600122297622959,0.4721672132598289,0
1635,616,0.472261713053081,6.206770325822311e-07,0.4722610923760484,0
91,58,0.4724398732216898,1.8545813138376171e-07,0.4724396877635584,0
2952,823,0.473265592753843,1.8155235443100635e-08,0.4732655745986076,0
3939,1386,0.4737331664225035,4.900734777060678e-08,0.4737331174151557,0
1656,618,0.47404745874812854,2.8099758412243984e-07,0.4740471777505444,0
2029,660,0.4748662574921644,2.069030621799731e-07,0.4748660505891022,0
1495,598,0.47523079595913087,1.1004767299533424e-06,0.4752296954824009,0
3042,835,0.47541003065498777,1.6739053983465062e-08,0.4754100139159338,0
3651,1318,0.47561845854411305,2.0231048735218176e-08,0.47561843831306433,0
2960,824,0.47605053227083405,1.9241415751883685e-08,0.4760505130294183,0
1035,435,0.4764089904403321,1.132828097413248e-05,0.47639766215935797,0
2758,757,0.4772932319079195,3.4594821091418425e-09,0.4772932284484374,0
2363,706,0.4774497849520599,1.7915353221803177e-07,0.4774496057985277,0
1697,623,0.4783631616256966,6.511208078425298e-08,0.4783630965136158,0
3447,1301,0.4798424498496303,5.411663958938156e-08,0.4798423957329907,0
3173,1279,0.47992805580085834,3.779992704035706e-09,0.47992805202086564,0
1358,563,0.47996991574483405,1.6172263994572353e-06,0.4799682985184346,0
236,102,0.4800203957255284,5.8669024770840704e-09,0.48002038985862594,0
2261,697,0.48045117971209594,1.1647995462934405e-08,0.4804511680641005,0
3487,1301,0.4804756947618269,5.411663958938156e-08,0.4804756406451873,0
2662,744,0.48104873914754026,1.866578382970872e-08,0.48104872048175645,0
2751,756,0.4832115052440156,3.3326501953046934e-09,0.4832115019113654,0
628,277,0.48358621024376575,4.9128654816025196e-06,0.48358129737828415,0
2947,822,0.4836626127561675,1.8550898546275704e-08,0.48366259420526897,0
2256,696,0.48398746146209876,1.5338227307169442e-08,0.48398744612387146,0
2416,710,0.48400412232802226,1.24909500644038e-07,0.4840039974185216,0
1033,434,0.48419994597246235,2.8605460968256562e-05,0.4841713405114941,0
2084,664,0.4844058614223995,7.621430399360825e-08,0.4844057852080955,0
78,53,0.4851702666149784,1.2411582304904136e-06,0.48516902545674795,0
578,257,0.4854468294568607,1.2048607306273994e-08,0.4854468174082534,0
2928,819,0.4854877775836618,1.9519812105135988e-08,0.4854877580638497,0
4016,1387,0.48582221084698085,3.2640089231316074e-08,0.4858221782068916,0
778,328,0.48586643021926873,2.4765044484270475e-09,0.4858664277427643,0
2023,659,0.4858822646104434,1.381270950457375e-07,0.4858821264833484,0
1793,634,0.4858952587145891,7.71138464902897e-09,0.48589525100320446,0
125,65,0.4858998472614605,1.8670174607719223e-08,0.4858998285912859,0
83,56,0.48594254019380956,5.652002114080273e-07,0.48594197499359815,0
3154,1279,0.4861656578620424,3.779992704035706e-09,0.4861656540820497,0
2136,669,0.4861956656247126,5.7205186803479785e-08,0.4861956084195258,0
4063,1406,0.4862092012587009,3.909063197759953e-09,0.4862091973496377,0
2423,711,0.48691616109524644,1.702188062875357e-07,0.48691599087644016,0
2405,710,0.4876986173426216,1.24909500644038e-07,0.48769849243312097,0
3017,831,0.48789827406225167,1.720054157206988e-08,0.4878982568617101,0
3441,1300,0.4879759781492366,1.0273469436160387e-07,0.48797587541454224,0
989,415,0.4881706558944458,1.4672017608862883e-08,0.4881706412224282,0
257,116,0.4884351873385136,5.528604240981034e-06,0.48842965873427263,0
2285,700,0.48868631085001557,1.8142651868789e-08,0.4886862927073637,0
1542,606,0.48913206798778885,1.202770552826299e-06,0.48913086521723603,0
3677,1361,0.4893334518353543,1.1553249482846917e-07,0.48933333630285947,0
66,52,0.48948059074361944,1.6661761425545246e-06,0.4894789245674769,0
1684,621,0.48979519471527194,1.7315461343681965e-07,0.4897950215606585,0
3067,839,0.48986151349287427,5.479127808492483e-09,0.48986150801374645,0
2288,700,0.4899445647596964,1.8142651868789e-08,0.4899445466170445,0
4119,1407,0.4904714948769519,1.7376710817960223e-08,0.4904714775002411,0
334,150,0.49068360151466484,1.357433220300588e-06,0.4906822440814445,0
2105,666,0.4908052968377156,6.071483438416427e-08,0.49080523612288124,0
2337,705,0.49093637307439814,5.2556619686756175e-08,0.49093632051777847,0
3476,1301,0.49095628640321765,5.411663958938156e-08,0.49095623228657803,0
3668,1318,0.491494175480092,2.0231048735218176e-08,0.4914941552490433,0
2997,827,0.4916899375939447,2.762840979816814e-08,0.4916899099655349,0
1965,653,0.4918985417225716,6.019380727943293e-08,0.4918984815287643,0
2705,751,0.4920915093196944,1.1683474153356078e-08,0.4920914976362203,0
1111,468,0.4925548226539923,2.6433109896192985e-06,0.4925521793430027,0
3190,1279,0.49384702193738433,3.779992704035706e-09,0.4938470181573916,0
3638,1318,0.49389567434885767,2.0231048735218176e-08,0.49389565411780895,0
1142,476,0.49449010340459776,4.282095552809582e-08,0.49449006058364225,0
1703,624,0.49482247850583283,8.26767216643407e-08,0.49482239582911114,0
2830,804,0.4952082529845628,1.6106994863777075e-09,0.4952082513738633,0
3284,1281,0.4954516965683282,4.4431580635070816e-08,0.4954516521367476,0
2319,704,0.4967849494600333,3.886086598511667e-08,0.49678491059916735,0
2871,809,0.49704865059586095,3.5985557505034014e-09,0.4970486469973052,0
2813,802,0.4979410703854877,6.614324342780838e-10,0.4979410697240553,0
525,232,0.4979708185552571,2.9881302275802234e-09,0.49797081556712686,0
1330,559,0.49917284108273496,1.5315132155998084e-05,0.49915752595057894,0
2692,750,0.49930820091319567,2.619698769469283e-08,0.499308174716208,0
879,372,0.49935058630946466,7.436161926621815e-06,0.49934315014753805,0
435,193,0.49972866697517765,1.3893935071798656e-08,0.4997286530812426,0
3424,1300,0.499785683710323,1.0273469436160387e-07,0.49978558097562864,0
584,260,0.5000354777846584,6.316149294999315e-09,0.5000354714685091,0
3757,1365,0.5008910645420385,1.9303153541820153e-08,0.500891045238885,0
2906,814,0.5016757808968377,6.383608746825865e-09,0.501675774513229,0
2506,719,0.5021762453617721,6.101863936296397e-08,0.5021761843431327,0
3774,1365,0.5025798905805297,1.9303153541820153e-08,0.5025798712773761,0
2551,727,0.502794413019892,7.639344870405149e-09,0.5027944053805472,0
3800,1365,0.5029501242748751,1.9303153541820153e-08,0.5029501049717215,0
4145,1407,0.503075904524617,1.7376710817960223e-08,0.5030758871479062,0
2394,709,0.5031636905383915,1.4163996457925274e-07,0.503163548898427,0
2432,713,0.5036006416088317,1.163870189835716e-07,0.5036005252218126,0
2474,716,0.5045532230268399,6.879497754930014e-08,0.5045531542318623,0
305,137,0.5046658171395603,2.9850869166256015e-09,0.5046658141544733,0
3962,1386,0.5052405017403788,4.900734777060678e-08,0.5052404527330311,0
204,89,0.506052659209547,2.798498934145966e-07,0.5060523793596536,0
240,103,0.5061367974454186,4.807877086239385e-09,0.5061367926375415,0
904,384,0.5065976484969749,1.2094820240630002e-08,0.5065976364021546,0
3701,1362,0.5066743274408188,1.184596113315274e-06,0.5066731428447054,0
1744,627,0.5075437610731381,1.1738156773143648e-09,0.5075437598993224,0
2358,706,0.5078397291515587,1.7915353221803177e-07,0.5078395499980265,0
4143,1407,0.5083741057632493,1.7376710817960223e-08,0.5083740883865384,0
2704,751,0.5086241551503443,1.1683474153356078e-08,0.5086241434668701,0
1049,440,0.5091928979049736,3.0686130971678323e-07,0.5091925910436639,0
156,69,0.5096752340606453,7.612323225032516e-09,0.5096752264483221,0
139,67,0.5100165823317356,1.5564638342149305e-08,0.5100165667670973,0
1005,421,0.5102374680259634,4.381192459533927e-09,0.510237463644771,0
3116,842,0.5107507054545724,3.942306231335733e-09,0.5107507015122661,0
1515,600,0.5113840951353904,2.047458682263558e-06,0.5113820476767081,0
1571,610,0.5118168390898422,3.091268788530204e-07,0.5118165299629633,0
3876,1384,0.5121720487483566,1.013507520603529e-07,0.5121719473976046,0
2192,677,0.5125905926660028,2.5834896075400594e-09,0.5125905900825132,0
1417,579,0.5136089000721502,1.185148620308153e-08,0.513608888220664,0
2418,710,0.5136322888782282,1.24909500644038e-07,0.5136321639687276,0
1154,479,0.5143474244701777,1.759875168721703e-08,0.514347406871426,0
1067,443,0.5145570967894028,6.904573028453652e-08,0.5145570277436725,0
2295,700,0.5147770393488479,1.8142651868789e-08,0.5147770212061961,0
2138,670,0.5149845340746408,6.969519714574414e-08,0.5149844643794437,0
1502,599,0.5152048376602267,1.2636960031511893e-06,0.5152035739642236,0
2561,729,0.5157917315114253,1.1729924572920557e-08,0.5157917197815007,0
4135,1407,0.5160416694065767,1.7376710817960223e-08,0.5160416520298658,0
978,412,0.5161080984632954,3.6351792327470865e-08,0.5161080621115031,0
2251,695,0.5161175621723946,1.6441722386094175e-09,0.5161175605282223,0
1460,593,0.5163137022772379,6.76716372588391e-06,0.5163069351135121,0
2653,741,0.5166451017210902,1.96457663643601e-08,0.5166450820753239,0
1181,488,0.5166937754336591,2.4157553308238798e-09,0.5166937730179038,0
467,211,0.5171915593595057,2.8439821893512402e-05,0.5171631195376122,0
2865,809,0.5172314427613407,3.5985557505034014e-09,0.5172314391627849,0
2193,677,0.5173500203224047,2.5834896075400594e-09,0.5173500177389151,0
2672,746,0.517405849076151,1.8008100206763095e-08,0.5174058310680507,0
1857,642,0.5174153785970272,2.4566019036824487e-07,0.5174151329368368,0
3900,1385,0.5174510479276508,2.491181466623402e-07,0.5174507988095042,0
573,256,0.517565204088326,1.5644700416335225e-08,0.5175651884436255,0
1704,624,0.5176310912189802,8.26767216643407e-08,0.5176310085422585,0
3371,1282,0.5176772903420558,4.052157546758797e-08,0.5176772498204804,0
11,21,0.5214397102513899,0.0035261881634394087,0.5179135220879505,0
2764,757,0.5186399522692198,3.4594821091418425e-09,0.5186399488097376,0
1969,654,0.5186761767684894,3.5091137504838393e-08,0.5186761416773519,0
428,191,0.5189248660901474,2.4222790981561632e-08,0.5189248418673564,0
4168,1407,0.5190598640003392,1.7376710817960223e-08,0.5190598466236284,0
3206,1279,0.5190915612769704,3.779992704035706e-09,0.5190915574969778,0
2728,753,0.5193752493016176,8.812876959405435e-09,0.5193752404887406,0
3335,1281,0.519718308094637,4.4431580635070816e-08,0.5197182636630564,0
307,143,0.5204289052428096,0.0006668421446938435,0.5197620630981158,0
3842,1383,0.5200635886900923,2.2766567081976678e-08,0.5200635659235252,0
1354,562,0.5200786329217301,1.9105540771383473e-06,0.5200767223676529,0
576,257,0.5202782739989568,1.2048607306273994e-08,0.5202782619503494,0
3290,1281,0.5211095499133542,4.4431580635070816e-08,0.5211095054817736,0
2473,716,0.5216265521191676,6.879497754930014e-08,0.52162648332419,0
3044,836,0.5219009474773756,1.1898004699724926e-08,0.5219009355793709,0
562,253,0.5223426586523294,4.094371333153583e-08,0.5223426177086161,0
1587,613,0.5228467516166897,8.747359416147406e-07,0.5228458768807481,0
3405,1299,0.5230625939599833,2.2261461497552227e-08,0.5230625716985219,0
1289,537,0.5243862777439322,1.4857024122016624e-07,0.524386129173691,0
275,125,0.5253912634259263,5.4061689078144124e-08,0.5253912093642372,0
1746,627,0.5254109054598446,1.1738156773143648e-09,0.5254109042860289,0
1011,424,0.5258594195688271,2.262972680419457e-09,0.5258594173058544,0
1054,441,0.5263426787615771,1.7721664783874368e-07,0.5263425015449293,0
3043,836,0.5264201657524743,1.1898004699724926e-08,0.5264201538544696,0
1346,561,0.5264474378158234,3.0285652466902137e-06,0.5264444092505767,0
3827,1366,0.5268748340476077,8.287415333324622e-09,0.5268748257601924,0
2282,700,0.5279664973901748,1.8142651868789e-08,0.5279664792475229,0
1094,456,0.5291488127716498,2.6957034673642374e-09,0.5291488100759464,0
2198,677,0.5291571271273597,2.5834896075400594e-09,0.5291571245438701,0
2069,661,0.5297914721602911,6.631361272489149e-08,0.5297914058466784,0
1052,440,0.5303261160536483,3.0686130971678323e-07,0.5303258091923386,0
438,195,0.53067849383129,8.640801041724046e-09,0.5306784851904889,0
3664,1318,0.5307232827737047,2.0231048735218176e-08,0.530723262542656,0
1323,555,0.5307919478271321,9.303708458362834e-10,0.5307919468967612,0
1733,626,0.5309428938592711,1.0143396881854668e-08,0.5309428837158742,0
252,115,0.5315779832208185,1.0775085828438516e-05,0.53156720813499,0
1651,618,0.5316728633578002,2.8099758412243984e-07,0.5316725823602161,0
1480,596,0.5319628192233932,3.3093809861979176e-06,0.5319595098424069,0
632,279,0.5325530129862015,7.93459630252125e-07,0.5325522195265713,0
653,284,0.5333675434445279,4.772401030319521e-08,0.5333674957205176,0
643,281,0.5339270014895175,2.047829007843258e-07,0.5339267967066168,0
1486,597,0.533939424256421,5.629794621873261e-06,0.5339337944617992,0
569,255,0.5340149495313714,2.0854606455682286e-08,0.5340149286767649,0
1253,526,0.5342531624052008,4.557496352353363e-05,0.5342075874416773,0
2771,757,0.5349371031929387,3.4594821091418425e-09,0.5349370997334566,0
2233,694,0.5349401505263675,2.3605975760353972e-09,0.5349401481657698,0
3134,1256,0.5355687377104895,4.113662408166659e-09,0.5355687335968271,0
3795,1365,0.5357821729837382,1.9303153541820153e-08,0.5357821536805847,0
3278,1280,0.5366923028647899,1.9161999737584974e-08,0.5366922837027901,0
427,191,0.5369870960168341,2.4222790981561632e-08,0.5369870717940431,0
3478,1301,0.5370812578184985,5.411663958938156e-08,0.5370812037018589,0
350,156,0.5372658478946943,6.080051203656078e-08,0.5372657870941823,0
1488,597,0.5375825717834597,5.629794621873261e-06,0.5375769419888379,0
1120,470,0.5380084737062895,7.61202105784993e-07,0.5380077125041837,0
4325,1431,0.5382500494531974,4.609329671870398e-09,0.5382500448438677,0
2452,714,0.5383056939424248,1.3609163344581262e-07,0.5383055578507914,0
2560,729,0.5390623228296559,1.1729924572920557e-08,0.5390623110997314,0
597,264,0.5399133224487661,3.2213890953702092e-09,0.5399133192273771,0
3584,1315,0.5400423177925981,1.3505965715733492e-06,0.5400409671960266,0
3311,1281,0.5403143268770908,4.4431580635070816e-08,0.5403142824455102,0
4345,1433,0.5403706461311,6.1555760883640896e-09,0.5403706399755239,0
3694,1362,0.5404609892032859,1.184596113315274e-06,0.5404598046071726,0
490,219,0.5406523496417102,8.060656713732763e-08,0.5406522690351431,0
2979,826,0.5410246601671115,2.086011578602951e-08,0.5410246393069957,0
3196,1279,0.5411124715751651,3.779992704035706e-09,0.5411124677951724,0
319,147,0.5414035957819976,1.1445866519314515e-05,0.5413921499154782,0
193,84,0.5419903141368472,3.030825182405636e-06,0.5419872833116648,0
4195,1408,0.5424249507890787,4.223958835876146e-08,0.5424249085494903,0
1686,621,0.5426652208273118,1.7315461343681965e-07,0.5426650476726984,0
2942,821,0.5427500235136868,1.810915886706904e-08,0.542750005404528,0
4341,1432,0.5428168407843237,7.482417879008781e-09,0.5428168333019058,0
771,325,0.5431577721916018,4.334919673178927e-09,0.5431577678566821,0
1398,572,0.5433268685175999,6.974344417362958e-08,0.5433267987741558,0
672,289,0.5441738609515742,1.0278997868143873e-08,0.5441738506725763,0
2154,671,0.5455968563469324,2.1635128018706295e-08,0.5455968347118044,0
980,412,0.5457759781982867,3.6351792327470865e-08,0.5457759418464944,0
2350,706,0.546051858683635,1.7915353221803177e-07,0.5460516795301028,0
1562,608,0.5469042242145553,5.5186245447786055e-06,0.5468987055900105,0
1777,633,0.5470279880976925,1.0084603493456498e-08,0.547027978013089,0
440,196,0.5473717999926765,7.078079465761295e-09,0.547371792914597,0
3164,1279,0.5473963521481958,3.779992704035706e-09,0.5473963483682032,0
64,52,0.5478241581619483,1.6661761425545246e-06,0.5478224919858058,0
404,182,0.547956668026015,2.1561335366418965e-06,0.5479545118924783,0
2426,712,0.5480043513171319,1.4701113266149196e-07,0.5480042043059992,0
3117,1255,0.548070116630963,1.1821299401159813e-09,0.548070115448833,0
1038,436,0.5481923749269083,4.780302901647259e-06,0.5481875946240067,0
4077,1406,0.5484055751909834,3.909063197759953e-09,0.5484055712819202,0
3406,1299,0.5484328308701983,2.2261461497552227e-08,0.5484328086087369,0
4147,1407,0.549032364768619,1.7376710817960223e-08,0.5490323473919082,0
2722,751,0.5493786953660715,1.1683474153356078e-08,0.5493786836825973,0
2804,763,0.5494776358651241,2.0060899494173243e-10,0.5494776356645151,0
1088,451,0.5497143507490456,7.1062322343046884e-09,0.5497143436428134,0
104,59,0.5498667376314812,9.298840137370772e-08,0.5498666446430798,0
775,327,0.5506339918041774,3.108128569078153e-09,0.5506339886960488,0
3451,1301,0.5514927727358919,5.411663958938156e-08,0.5514927186192523,0
962,404,0.5518140363148978,3.830372806505506e-06,0.5518102059420913,0
3493,1301,0.551884299784651,5.411663958938156e-08,0.5518842456680114,0
2776,757,0.5518968055451509,3.4594821091418425e-09,0.5518968020856687,0
163,70,0.55310047922077,6.632322399867972e-09,0.5531004725884476,0
1913,646,0.5535843323012964,1.0035366342414018e-06,0.5535833287646622,0
3730,1364,0.5536116246016791,1.4379026263434937e-07,0.5536114808114165,0
3141,1257,0.5541841444838479,7.338749046223121e-09,0.5541841371450988,0
981,412,0.5542143421994327,3.6351792327470865e-08,0.5542143058476403,0
1978,654,0.5542620753227273,3.5091137504838393e-08,0.5542620402315898,0
4097,1407,0.5549212111904621,1.7376710817960223e-08,0.5549211938137513,0
2491,717,0.5552993816641901,3.594415906728505e-08,0.555299345720031,0
2309,703,0.5555371298830682,4.8695878170004875e-08,0.55553708118719,0
1962,652,0.5556563321768624,6.312419510679326e-08,0.5556562690526673,0
1766,632,0.5562749806528389,1.5869210375190914e-09,0.5562749790659178,0
2748,756,0.5564350194080693,3.3326501953046934e-09,0.5564350160754191,0
1976,654,0.5565378593437431,3.5091137504838393e-08,0.5565378242526056,0
3108,841,0.5571476584825221,5.3200196638159365e-09,0.5571476531625025,0
1476,595,0.5576774800038706,1.2182271787249424e-05,0.5576652977320834,0
2619,737,0.55781167264565,2.1977644091156636e-08,0.557811650668006,0
517,229,0.5589903058408829,5.1387975374467655e-09,0.5589903007020854,0
737,316,0.5592598926199956,3.871725162265504e-08,0.559259853902744,0
1356,563,0.5594692258107246,1.6172263994572353e-06,0.5594676085843251,0
3375,1282,0.559733461187912,4.052157546758797e-08,0.5597334206663366,0
1765,632,0.5598664604141612,1.5869210375190914e-09,0.5598664588272402,0
3245,1280,0.5601365559182425,1.9161999737584974e-08,0.5601365367562428,0
3615,1317,0.5613766142000545,1.1389635089832492e-07,0.5613765003037036,0
477,214,0.5616483628446153,1.63444126990278e-06,0.5616467284033454,0
718,309,0.5629148709156137,3.0321427849990905e-06,0.5629118387728287,0
3177,1279,0.5634864863231323,3.779992704035706e-09,0.5634864825431396,0
763,323,0.5635052526527715,6.052183405080066e-09,0.5635052466005881,0
1487,597,0.5640007565867368,5.629794621873261e-06,0.5639951267921149,0
118,62,0.5641843699773185,4.476872232246817e-08,0.5641843252085962,0
2037,660,0.5651445400953867,2.069030621799731e-07,0.5651443331923246,0
4269,1409,0.5654288829786145,4.626295193606394e-08,0.5654288367156626,0
1615,616,0.5657673367535523,6.206770325822311e-07,0.5657667160765197,0
322,147,0.5657947175376454,1.1445866519314515e-05,0.5657832716711261,0
1676,621,0.5658866281435329,1.7315461343681965e-07,0.5658864549889194,0
2977,826,0.5662857240560856,2.086011578602951e-08,0.5662857031959698,0
3394,1299,0.5664373926572313,2.2261461497552227e-08,0.5664373703957698,0
2402,710,0.5666765330225707,1.24909500644038e-07,0.5666764081130701,0
1897,644,0.566719619496624,5.08309215175101e-07,0.5667191111874088,0
3260,1280,0.5672478529164532,1.9161999737584974e-08,0.5672478337544534,0
1450,590,0.5672776276199547,2.676952542859581e-05,0.5672508580945261,0
450,199,0.5678024701642893,4.330392390211448e-09,0.5678024658338969,0
4207,1408,0.5679001215975782,4.223958835876146e-08,0.5679000793579898,0
4216,1408,0.5683311956557909,4.223958835876146e-08,0.5683311534162026,0
2417,710,0.5686545310897078,1.24909500644038e-07,0.5686544061802071,0
4134,1407,0.5690432599225809,1.7376710817960223e-08,0.56904324254587,0
1729,626,0.5692735911703097,1.0143396881854668e-08,0.5692735810269128,0
2911,815,0.5693620851705053,1.7874488453502405e-08,0.5693620672960169,0
1162,481,0.5693934501536827,1.0556690757251591e-08,0.569393439596992,0
3170,1279,0.5697958028412944,3.779992704035706e-09,0.5697957990613017,0
2630,739,0.5706223012941231,2.0247950040438396e-08,0.570622281046173,0
1847,642,0.5711967944155011,2.4566019036824487e-07,0.5711965487553107,0
2096,665,0.5713139350945903,1.6642798770652542e-07,0.5713137686666026,0
1653,618,0.5724297188311354,2.8099758412243984e-07,0.5724294378335513,0
710,307,0.5737100605545222,2.8964077616415644e-05,0.5736810964769058,0
3361,1282,0.5737582323437049,4.052157546758797e-08,0.5737581918221295,0
3553,1302,0.574122601085718,3.215866422566251e-08,0.5741225689270538,0
2142,671,0.5745694604044417,2.1635128018706295e-08,0.5745694387693137,0
1645,617,0.5749347483388791,2.5164070054640665e-07,0.5749344966981786,0
2061,661,0.5753050479640796,6.631361272489149e-08,0.5753049816504668,0
1281,534,0.575625663016239,7.269069002424534e-07,0.5756249361093387,0
3458,1301,0.5773785414203995,5.411663958938156e-08,0.5773784873037598,0
2520,723,0.5776563071530707,3.8432130136092884e-09,0.5776563033098577,0
2988,826,0.5784668445585989,2.086011578602951e-08,0.5784668236984831,0
3688,1361,0.5787902910832757,1.1553249482846917e-07,0.5787901755507809,0
4234,1408,0.5790735189163684,4.223958835876146e-08,0.57907347667678,0
1365,564,0.5791855810885429,1.1252057662127296e-06,0.5791844558827767,0
3705,1363,0.5802829408722346,1.987078351987218e-07,0.5802827421643995,0
3516,1302,0.5803736701518393,3.215866422566251e-08,0.5803736379931751,0
364,163,0.5805032825605336,8.397056430824982e-09,0.5805032741634772,0
620,276,0.5806051721449914,1.5004423504892538e-05,0.5805901677214865,0
3274,1280,0.5806173516064504,1.9161999737584974e-08,0.5806173324444507,0
949,400,0.5811327635830251,0.0003264021815828111,0.5808063614014423,0
202,88,0.5824757870363425,4.858177703187209e-07,0.5824753012185722,0
1663,619,0.5825097007953789,4.0677440151845633e-07,0.5825092940209774,0
1240,518,0.5826084073887058,4.928278633774021e-09,0.5826084024604271,0
2057,661,0.5828375260993859,6.631361272489149e-08,0.5828374597857732,0
658,286,0.5830369299663818,2.335318320273215e-08,0.5830369066131986,0
2077,663,0.5833463308931963,7.07292474664604e-08,0.5833462601639489,0
2676,746,0.5851717997101793,1.8008100206763095e-08,0.5851717817020791,0
3816,1366,0.5856650475551755,8.287415333324622e-09,0.5856650392677601,0
2191,677,0.5862204995542319,2.5834896075400594e-09,0.5862204969707423,0
3038,835,0.5864243881293381,1.6739053983465062e-08,0.586424371390284,0
1780,633,0.5864323106906665,1.0084603493456498e-08,0.586432300606063,0
700,304,0.5886103893915878,0.0019779142999728017,0.586632475091615,0
680,292,0.5871831840698405,5.59624982325154e-09,0.5871831784735907,0
2082,663,0.5875158164329696,7.07292474664604e-08,0.5875157457037221,0
272,123,0.5878107227339988,1.2157733544248366e-07,0.5878106011566634,0
936,392,0.5892240777210933,2.5275842250490193e-09,0.5892240751935091,0
4095,1407,0.5896788763415214,1.7376710817960223e-08,0.5896788589648105,0
3369,1282,0.5896930827374683,4.052157546758797e-08,0.5896930422158929,0
2864,809,0.5904931236229349,3.5985557505034014e-09,0.5904931200243791,0
2412,710,0.5909010995374478,1.24909500644038e-07,0.5909009746279472,0
4206,1408,0.5917112939275417,4.223958835876146e-08,0.5917112516879534,0
3450,1301,0.5919940441349292,5.411663958938156e-08,0.5919939900182896,0
1367,565,0.592282959252885,8.424565615349253e-07,0.5922821167963235,0
3607,1317,0.5934711231059173,1.1389635089832492e-07,0.5934710092095664,0
2201,677,0.5934783804416005,2.5834896075400594e-09,0.5934783778581109,0
2895,814,0.5943742432275037,6.383608746825865e-09,0.5943742368438949,0
2002,657,0.5943909675887503,1.0055286381831998e-07,0.5943908670358865,0
1670,621,0.5944159964292233,1.7315461343681965e-07,0.5944158232746098,0
1122,471,0.5951010418327871,4.275598312986921e-07,0.5951006142729558,0
138,67,0.5953397046512134,1.5564638342149305e-08,0.5953396890865751,0
2438,714,0.595683594981896,1.3609163344581262e-07,0.5956834588902626,0
3566,1303,0.5960060561036195,3.730403946971865e-09,0.5960060523732155,0
1091,454,0.5964720296058951,4.281136485006411e-09,0.5964720253247586,0
2590,734,0.5972122283849035,1.6937132392952706e-08,0.5972122114477711,0
1471,595,0.5974106033109551,1.2182271787249424e-05,0.5973984210391678,0
2593,734,0.5975258856857649,1.6937132392952706e-08,0.5975258687486326,0
1593,614,0.5977031307294864,6.421359714566146e-07,0.5977024885935149,0
3239,1280,0.597963619183916,1.9161999737584974e-08,0.5979636000219163,0
2829,804,0.5980344960395473,1.6106994863777075e-09,0.5980344944288478,0
1275,532,0.5983616159323469,1.738934405397537e-06,0.5983598769979416,0
1211,501,0.5984955515556845,1.6233238335266264e-06,0.5984939282318509,0
3153,1279,0.5991936526238067,3.779992704035706e-09,0.5991936488438141,0
1692,622,0.5992653551286796,1.514088174237121e-07,0.5992652037198622,0
409,183,0.6003789402447598,1.0591859912477572e-06,0.6003778810587685,0
4144,1407,0.6009957830164953,1.7376710817960223e-08,0.6009957656397844,0
2674,746,0.601020641304454,1.8008100206763095e-08,0.6010206232963538,0
2866,809,0.6012838769362495,3.5985557505034014e-09,0.6012838733376937,0
1455,592,0.6015873811778297,1.2038988270169927e-05,0.6015753421895595,0
2286,700,0.6020182855474039,1.8142651868789e-08,0.6020182674047521,0
2922,818,0.6021108192451754,2.267290233660616e-08,0.6021107965722731,0
53,50,0.6029958514443,2.697564246082753e-06,0.6029931538800539,0
1199,498,0.6030085330540118,1.0594851827892371e-05,0.602997938202184,0
3869,1384,0.6030201738106495,1.013507520603529e-07,0.6030200724598975,0
4005,1387,0.6031028302121688,3.2640089231316074e-08,0.6031027975720796,0
1097,456,0.604357375072021,2.6957034673642374e-09,0.6043573723763176,0
1717,625,0.6044553028824698,8.353024585901757e-09,0.6044552945294452,0
1860,642,0.6045775513499383,2.4566019036824487e-07,0.6045773056897479,0
2359,706,0.605495841493608,1.7915353221803177e-07,0.6054956623400758,0
2487,717,0.605598340169231,3.594415906728505e-08,0.6055983042250719,0
3593,1316,0.6061901725814011,2.554721230811279e-07,0.6061899171092779,0
19,28,0.6066356801397188,5.8474498370203995e-06,0.6066298326898818,0
60,51,0.6072465937942608,1.852219142509101e-06,0.6072447415751183,0
1233,514,0.6080209532283258,1.0315767725831673e-08,0.6080209429125581,0
3964,1386,0.6080274764976006,4.900734777060678e-08,0.6080274274902528,0
1848,642,0.6081208282529821,2.4566019036824487e-07,0.6081205825927917,0
2803,763,0.6081949254837599,2.0060899494173243e-10,0.6081949252831509,0
1145,476,0.6092082280820776,4.282095552809582e-08,0.6092081852611221,0
2091,665,0.6097525358884798,1.6642798770652542e-07,0.609752369460492,0
1906,645,0.6103232735418556,5.164357340319726e-07,0.6103227571061215,0
551,250,0.6103579548251313,1.5952037948983575e-07,0.6103577953047519,0
1849,642,0.6107725026069759,2.4566019036824487e-07,0.6107722569467855,0
3,16,0.6109540684717548,1.1055553613948295e-08,0.6109540574162012,0
2760,757,0.6119882626135404,3.4594821091418425e-09,0.6119882591540583,0
84,56,0.6122061994864857,5.652002114080273e-07,0.6122056342862743,0
470,211,0.6124707528863013,2.8439821893512402e-05,0.6124423130644078,0
2925,819,0.6141448615754186,1.9519812105135988e-08,0.6141448420556065,0
1046,439,0.6141768696569864,5.585338001544734e-07,0.6141763111231863,0
1256,526,0.6143781506349465,4.557496352353363e-05,0.614332575671423,0
2834,805,0.6146224494284477,2.5643368336511798e-09,0.6146224468641108,0
2703,751,0.6146396577536695,1.1683474153356078e-08,0.6146396460701953,0
3639,1318,0.6148359154716837,2.0231048735218176e-08,0.614835895240635,0
645,282,0.61489853925041,1.1832299210491476e-07,0.614898420927418,0
3963,1386,0.615192049411118,4.900734777060678e-08,0.6151920004037703,0
3620,1317,0.6160296509618362,1.1389635089832492e-07,0.6160295370654852,0
2341,705,0.6161959938111549,5.2556619686756175e-08,0.6161959412545351,0
654,285,0.6163208651197487,3.270521963677551e-08,0.6163208324145291,0
4217,1408,0.6164499947719221,4.223958835876146e-08,0.6164499525323337,0
1987,655,0.6168520530744819,7.703565678859344e-08,0.6168519760388251,0
532,241,0.6185596373656151,0.001435060790212478,0.6171245765754027,0
3414,1300,0.6171545335394848,1.0273469436160387e-07,0.6171544308047905,0
1942,649,0.6185725254699864,3.124454934818741e-07,0.618572213024493,0
2811,802,0.6194790306909203,6.614324342780838e-10,0.6194790300294878,0
3138,1256,0.6209933179004316,4.113662408166659e-09,0.6209933137867691,0
251,113,0.6213885126811516,4.181536284377647e-05,0.6213466973183078,0
1644,617,0.6216321977682131,2.5164070054640665e-07,0.6216319461275126,0
610,271,0.6508833517702659,0.02922033357204805,0.6216630181982179,0
2558,728,0.6220505395177843,9.475415439822687e-09,0.6220505300423689,0
3954,1386,0.6227740013088499,4.900734777060678e-08,0.6227739523015021,0
924,388,0.6227769217404999,5.297683113879838e-09,0.6227769164428169,0
4211,1408,0.6227793152726666,4.223958835876146e-08,0.6227792730330782,0
727,312,0.6228540580600987,2.7514209254202626e-07,0.6228537829180062,0
2099,665,0.6228733008721282,1.6642798770652542e-07,0.6228731344441405,0
776,327,0.6241886689624889,3.108128569078153e-09,0.6241886658543604,0
619,275,0.6244773210800473,5.0329274370564183e-05,0.6244269918056767,0
726,312,0.6244697882367736,2.7514209254202626e-07,0.624469513094681,0
4094,1406,0.6250012474071615,3.909063197759953e-09,0.6250012434980983,0
1950,650,0.6263148024019795,2.4931512808756678e-08,0.6263147774704666,0
1637,616,0.6265917690850856,6.206770325822311e-07,0.6265911484080531,0
344,154,0.626874317570506,1.4742867458054487e-07,0.6268741701418314,0
1368,565,0.6269489564712497,8.424565615349253e-07,0.6269481140146882,0
250,113,0.6274172681810846,4.181536284377647e-05,0.6273754528182408,0
867,369,0.627652671219933,0.00026961870432932913,0.6273830525156037,0
3632,1318,0.6275689794934431,2.0231048735218176e-08,0.6275689592623944,0
694,296,0.627595025486925,2.81686113768169e-09,0.6275950226700638,0
2996,827,0.6277988743583395,2.762840979816814e-08,0.6277988467299297,0
1628,616,0.6298875688765758,6.206770325822311e-07,0.6298869481995433,0
182,82,0.6300007460900853,9.402950631351099e-06,0.6299913431394539,0
951,400,0.6303205705428304,0.0003264021815828111,0.6299941683612476,0
2691,749,0.6320033901014935,2.5018377435830063e-08,0.632003365083116,0
2181,676,0.6324259758058156,1.7061951941202096e-09,0.6324259740996204,0
4017,1387,0.6327811181806066,3.2640089231316074e-08,0.6327810855405174,0
2257,696,0.6327873871015046,1.5338227307169442e-08,0.6327873717632773,0
3052,837,0.6329089579709383,9.742632680216967e-09,0.6329089482283056,0
1187,491,0.6335057917910046,8.7040073072017e-10,0.6335057909206039,0
1340,561,0.6341916847247331,3.0285652466902137e-06,0.6341886561594864,0
3385,1283,0.634382845653657,8.159696042186908e-09,0.634382837493961,0
1220,506,0.634738910826588,1.1953218161603614e-07,0.6347387912944064,0
3435,1300,0.6352374971293708,1.0273469436160387e-07,0.6352373943946765,0
4129,1407,0.6364345441306093,1.7376710817960223e-08,0.6364345267538984,0
895,378,0.6366903027931378,9.563493767094325e-08,0.6366902071582001,0
1333,560,0.63731960931124,1.410300627886019e-05,0.6373055063049611,0
1752,627,0.6373654160989712,1.1738156773143648e-09,0.6373654149251555,0
528,236,0.6375637186114556,8.50589716545509e-10,0.6375637177608658,0
2026,659,0.6387831681010689,1.381270950457375e-07,0.6387830299739738,0
4032,1388,0.63944892135657,4.178895364077182e-09,0.6394489171776747,0
2328,705,0.6397898198721401,5.2556619686756175e-08,0.6397897673155204,0
1319,551,0.6399339928894705,3.701438769058277e-09,0.6399339891880317,0
2883,812,0.6400949681301997,1.0181566192423089e-08,0.6400949579486336,0
1085,450,0.6410483917420896,8.692548537959658e-09,0.641048383049541,0
2470,716,0.6418051690727751,6.879497754930014e-08,0.6418051002777975,0
1805,637,0.6422970212745277,1.669023118023504e-07,0.642296854372216,0
1223,509,0.6423411217042455,4.009883709656862e-08,0.6423410816054084,0
2398,710,0.6424040037414253,1.24909500644038e-07,0.6424038788319246,0
4141,1407,0.6424987799780336,1.7376710817960223e-08,0.6424987626013228,0
3868,1384,0.6431852802559018,1.013507520603529e-07,0.6431851789051498,0
2611,736,0.6434871039356738,1.9537969612372663e-08,0.6434870843977042,0
1596,614,0.6446661558418294,6.421359714566146e-07,0.6446655137058579,0
2792,761,0.6446988013763507,1.4552030223061726e-09,0.6446987999211476,0
1826,639,0.6447963726266612,4.521919985263926e-07,0.6447959204346627,0
3349,1281,0.6449911483311236,4.4431580635070816e-08,0.644991103899543,0
779,329,0.6455756839630277,1.8867883109068455e-09,0.6455756820762394,0
3967,1387,0.6457496859384647,3.2640089231316074e-08,0.6457496532983755,0
909,385,0.6458093159985181,9.535221503711866e-09,0.6458093064632966,0
3563,1302,0.6458268588806657,3.215866422566251e-08,0.6458268267220015,0
2464,716,0.6460055403369827,6.879497754930014e-08,0.646005471542005,0
4072,1406,0.6473921745636911,3.909063197759953e-09,0.647392170654628,0
134,67,0.6474346550715656,1.5564638342149305e-08,0.6474346395069273,0
1838,640,0.6486112787772518,4.0642756602808203e-07,0.6486108723496857,0
2828,804,0.6490943441888316,1.6106994863777075e-09,0.6490943425781321,0
782,334,0.6787924137992529,0.029190128991465364,0.6496022848077876,0
1736,627,0.6500760442643042,1.1738156773143648e-09,0.6500760430904885,0
3449,1301,0.6503616422898749,5.411663958938156e-08,0.6503615881732353,0
3057,837,0.650894838851596,9.742632680216967e-09,0.6508948291089633,0
1911,645,0.6514543017871683,5.164357340319726e-07,0.6514537853514343,0
299,135,0.6520742338467993,5.019709210548148e-09,0.6520742288270901,0
1395,572,0.6528457234516833,6.974344417362958e-08,0.6528456537082392,0
2962,824,0.6531625331602247,1.9241415751883685e-08,0.6531625139188089,0
734,315,0.6532613704472774,5.78179085167976e-08,0.6532613126293688,0
878,372,0.653527907362586,7.436161926621815e-06,0.6535204712006594,0
2503,719,0.653902255008994,6.101863936296397e-08,0.6539021939903547,0
954,401,0.6541690756543627,8.844347775497727e-05,0.6540806321766077,0
3550,1302,0.654394505383404,3.215866422566251e-08,0.6543944732247399,0
2010,657,0.6544698776649978,1.0055286381831998e-07,0.6544697771121339,0
1244,519,0.6546272466381683,3.9543189212092535e-09,0.6546272426838494,0
2794,762,0.6547748743069872,1.093430809581696e-09,0.6547748732135564,0
292,134,0.6557153885779302,5.952608824411274e-09,0.6557153826253214,0
519,230,0.6567009656991964,4.4122492892765754e-09,0.6567009612869471,0
2364,706,0.6568771392993,1.7915353221803177e-07,0.6568769601457678,0
3829,1366,0.6569232064952181,8.287415333324622e-09,0.6569231982078028,0
1439,583,0.6569709900820876,4.469741258430741e-09,0.6569709856123463,0
2085,664,0.6572703710867615,7.621430399360825e-08,0.6572702948724575,0
3746,1364,0.6579291833578249,1.4379026263434937e-07,0.6579290395675623,0
2146,671,0.6583974771308129,2.1635128018706295e-08,0.6583974554956848,0
3322,1281,0.6585206264795318,4.4431580635070816e-08,0.6585205820479512,0
3957,1386,0.6589508997207988,4.900734777060678e-08,0.658950850713451,0
3419,1300,0.6596443706223674,1.0273469436160387e-07,0.659644267887673,0
3911,1385,0.6598574022329524,2.491181466623402e-07,0.6598571531148058,0
2527,723,0.660034598190862,3.8432130136092884e-09,0.660034594347649,0
1791,634,0.6601222227260883,7.71138464902897e-09,0.6601222150147037,0
4106,1407,0.6605062482846403,1.7376710817960223e-08,0.6605062309079295,0
2197,677,0.6631129638872203,2.5834896075400594e-09,0.6631129613037307,0
3850,1383,0.6631231226618505,2.2766567081976678e-08,0.6631230998952834,0
4172,1407,0.6632882497397607,1.7376710817960223e-08,0.6632882323630499,0
1362,564,0.6634439479157092,1.1252057662127296e-06,0.6634428227099429,0
178,76,0.6638980341520759,1.2165476657060358e-09,0.6638980329355283,0
2347,705,0.6648531019162595,5.2556619686756175e-08,0.6648530493596397,0
1230,514,0.6654399417151731,1.0315767725831673e-08,0.6654399313994054,0
943,398,0.6715161808194613,0.005810037986130316,0.665706142833331,0
1617,616,0.6663403135092281,6.206770325822311e-07,0.6663396928321955,0
1483,597,0.6674392991685107,5.629794621873261e-06,0.6674336693738889,0
2724,752,0.6674528621180316,7.86812223360468e-09,0.6674528542499093,0
3129,1256,0.6679784645828772,4.113662408166659e-09,0.6679784604692148,0
2027,660,0.6685639924565986,2.069030621799731e-07,0.6685637855535365,0
642,281,0.6685688475249494,2.047829007843258e-07,0.6685686427420486,0
315,143,0.6699051283268477,0.0006668421446938435,0.6692382861821539,0
4139,1407,0.67071615890653,1.7376710817960223e-08,0.6707161415298192,0
3905,1385,0.6707230030953515,2.491181466623402e-07,0.6707227539772048,0
4343,1432,0.671160688011048,7.482417879008781e-09,0.6711606805286301,0
1631,616,0.6717501420536819,6.206770325822311e-07,0.6717495213766493,0
2087,665,0.6719060216775361,1.6642798770652542e-07,0.6719058552495484,0
599,265,0.6722483714268053,2.5522060747842293e-09,0.6722483688745992,0
667,288,0.6724073751436005,1.315212509221689e-08,0.6724073619914754,0
1898,644,0.6726034066347643,5.08309215175101e-07,0.6726028983255491,0
3907,1385,0.6726194774270939,2.491181466623402e-07,0.6726192283089473,0
2632,739,0.6729008640290409,2.0247950040438396e-08,0.6729008437810908,0
2970,825,0.6730695605075221,1.9596682994096523e-08,0.6730695409108391,0
195,85,0.6731065926231512,1.7202689396841245e-06,0.6731048723542116,0
407,183,0.6731068904208148,1.0591859912477572e-06,0.6731058312348236,0
4333,1432,0.6735365449938975,7.482417879008781e-09,0.6735365375114796,0
4126,1407,0.674080642461296,1.7376710817960223e-08,0.6740806250845851,0
1583,612,0.6741740802458712,6.124406093237143e-07,0.6741734678052619,0
3965,1386,0.6748132721839537,4.900734777060678e-08,0.674813223176606,0
862,367,0.6894460321743041,0.01437314593836383,0.6750728862359403,0
2571,730,0.6770571345137233,1.6117308290070695e-08,0.677057118396415,0
824,348,0.6775387685552325,3.270388527184478e-08,0.6775387358513473,0
593,263,0.6775465134946899,3.885777998839193e-09,0.6775465096089118,0
3779,1365,0.6778672473784745,1.9303153541820153e-08,0.677867228075321,0
149,68,0.6783349712031662,1.0586459152961922e-08,0.6783349606167071,0
361,162,0.6783735724263416,1.0483922048737177e-08,0.6783735619424195,0
187,82,0.6794357122503911,9.402950631351099e-06,0.6794263092997598,0
1068,444,0.6794311564336936,4.688756993735258e-08,0.6794311095461236,0
2170,675,0.6795830254524343,1.6025067164676977e-08,0.6795830094273672,0
390,179,0.680381693108979,2.883816771035004e-05,0.6803528549412686,0
2446,714,0.6805617586563928,1.3609163344581262e-07,0.6805616225647594,0
2159,673,0.6806755878351497,8.590668891449215e-09,0.6806755792444809,0
4013,1387,0.6822596159914832,3.2640089231316074e-08,0.682259583351394,0
3536,1302,0.6824234394541743,3.215866422566251e-08,0.6824234072955101,0
2844,808,0.6828281972110412,1.5216531053850086e-09,0.682828195689388,0
1099,458,0.683599441416107,1.4337699421101258e-09,0.683599439982337,0
1201,498,0.684413393433775,1.0594851827892371e-05,0.6844027985819472,0
1877,643,0.6844698966350381,6.297971756716104e-07,0.6844692668378625,0
2331,705,0.6858509453851224,5.2556619686756175e-08,0.6858508928285026,0
3125,1255,0.6862077063461643,1.1821299401159813e-09,0.6862077051640344,0
800,340,0.686332671272137,4.919094315537709e-06,0.6863277521778215,0
171,73,0.6864978819445552,3.3385414586987657e-09,0.6864978786060137,0
27,30,0.6865805692548005,1.3995090990491972e-08,0.6865805552597095,0
169,72,0.6871476024949273,4.414364356765106e-09,0.687147598080563,0
3717,1363,0.6871598139022296,1.987078351987218e-07,0.6871596151943944,0
3560,1302,0.6878511660289038,3.215866422566251e-08,0.6878511338702397,0
2114,666,0.6878762267411899,6.071483438416427e-08,0.6878761660263555,0
3471,1301,0.6890746654983242,5.411663958938156e-08,0.6890746113816846,0
1093,456,0.6891842558714703,2.6957034673642374e-09,0.6891842531757668,0
3634,1318,0.6899635864537781,2.0231048735218176e-08,0.6899635662227294,0
2553,727,0.690130539311561,7.639344870405149e-09,0.6901305316722162,0
1554,607,0.6915602322549584,1.0066047890550128e-06,0.6915592256501694,0
1621,616,0.6918617689098897,6.206770325822311e-07,0.6918611482328572,0
40,31,0.6932634115468737,9.842000598616391e-14,0.6932634115467753,0
2564,729,0.694671649148206,1.1729924572920557e-08,0.6946716374182814,0
3318,1281,0.6948391732335125,4.4431580635070816e-08,0.6948391288019319,0
401,181,0.6950886217499782,4.75144713312346e-06,0.6950838703028451,0
2790,761,0.6957894992265988,1.4552030223061726e-09,0.6957894977713958,0
2450,714,0.6971293190274335,1.3609163344581262e-07,0.6971291829358001,0
527,233,0.6972283207172888,2.296140962080185e-09,0.6972283184211479,0
1737,627,0.6975291753623479,1.1738156773143648e-09,0.6975291741885322,0
3315,1281,0.6978915778965619,4.4431580635070816e-08,0.6978915334649812,0
3541,1302,0.7001966909945139,3.215866422566251e-08,0.7001966588358497,0
2281,700,0.7010888446835146,1.8142651868789e-08,0.7010888265408628,0
1269,531,0.7013312816338596,2.9847163785564578e-06,0.701328296917481,0
3104,841,0.7019124027405742,5.3200196638159365e-09,0.7019123974205546,0
1789,634,0.7024099956498991,7.71138464902897e-09,0.7024099879385145,0
945,398,0.7094149959609712,0.005810037986130316,0.7036049579748409,0
3871,1384,0.7037147326986523,1.013507520603529e-07,0.7037146313479002,0
4276,1410,0.7045142583959689,7.635096244009848e-09,0.7045142507608727,0
478,215,0.705411124488284,7.736066614358408e-07,0.7054103508816226,0
1716,625,0.7054771324544745,8.353024585901757e-09,0.7054771241014499,0
1842,641,0.7059201230031598,2.7833944263489977e-07,0.7059198446637172,0
3096,839,0.7065117423973584,5.479127808492483e-09,0.7065117369182305,0
1757,631,0.7065539090771595,7.494687418990581e-14,0.7065539090770846,0
3994,1387,0.7066385904875688,3.2640089231316074e-08,0.7066385578474796,0
3555,1302,0.7068592486753305,3.215866422566251e-08,0.7068592165166663,0
4044,1406,0.7075982616450449,3.909063197759953e-09,0.7075982577359817,0
3426,1300,0.7079137881759031,1.0273469436160387e-07,0.7079136854412088,0
828,350,0.7081498487939498,1.7294131564420158e-08,0.7081498314998182,0
2708,751,0.7090450613574811,1.1683474153356078e-08,0.7090450496740069,0
2240,694,0.7123069374413403,2.3605975760353972e-09,0.7123069350807427,0
748,318,0.7123521975666407,1.9722239858553095e-08,0.7123521778444009,0
3649,1318,0.7124355989365353,2.0231048735218176e-08,0.7124355787054866,0
3312,1281,0.7127123434713774,4.4431580635070816e-08,0.7127122990397967,0
2161,673,0.7134781982535521,8.590668891449215e-09,0.7134781896628832,0
3222,1280,0.7137258158712045,1.9161999737584974e-08,0.7137257967092048,0
2701,751,0.7138288889046824,1.1683474153356078e-08,0.7138288772212082,0
4107,1407,0.7146728475131463,1.7376710817960223e-08,0.7146728301364355,0
2166,674,0.715279504507921,1.2283969349929394e-08,0.7152794922239516,0
500,223,0.7153816207527619,1.921837760201514e-08,0.7153816015343843,0
2167,674,0.7156362169203936,1.2283969349929394e-08,0.7156362046364242,0
2755,756,0.7164389927082299,3.3326501953046934e-09,0.7164389893755797,0
960,403,0.7169990169817887,9.913504207485144e-06,0.7169891034775812,0
2173,676,0.7173711103493007,1.7061951941202096e-09,0.7173711086431055,0
2344,705,0.717416920055001,5.2556619686756175e-08,0.7174168674983813,0
2034,660,0.717510215428883,2.069030621799731e-07,0.7175100085258209,0
413,185,0.7177799912633863,3.0694108731696285e-07,0.717779684322299,0
4102,1407,0.7183481496369919,1.7376710817960223e-08,0.718348132260281,0
1163,481,0.7191401724721908,1.0556690757251591e-08,0.7191401619155,0
3968,1387,0.7192920152653349,3.2640089231316074e-08,0.7192919826252457,0
4256,1409,0.7193505363441759,4.626295193606394e-08,0.719350490081224,0
812,344,0.7199103195935223,2.0471692145896986e-07,0.7199101148766008,0
1133,473,0.7205384495793724,1.4542321924950228e-07,0.7205383041561532,0
1776,633,0.7215367542064656,1.0084603493456498e-08,0.7215367441218621,0
2275,700,0.7222730651039908,1.8142651868789e-08,0.722273046961339,0
3839,1383,0.723491665072066,2.2766567081976678e-08,0.7234916423054989,0
259,118,0.7252391996257831,1.586949260398496e-06,0.7252376126765226,0
220,96,0.7252709740765183,2.1200198208512176e-08,0.72527095287632,0
2493,717,0.7257343267027507,3.594415906728505e-08,0.7257342907585916,0
3941,1386,0.7259026783544037,4.900734777060678e-08,0.725902629347056,0
3506,1301,0.7261751443136932,5.411663958938156e-08,0.7261750901970536,0
1743,627,0.7268259219827418,1.1738156773143648e-09,0.726825920808926,0
97,59,0.7268630751346689,9.298840137370772e-08,0.7268629821462674,0
4312,1431,0.7276559870297915,4.609329671870398e-09,0.7276559824204618,0
239,102,0.72842328118127,5.8669024770840704e-09,0.7284232753143675,0
2248,695,0.7301231777569616,1.6441722386094175e-09,0.7301231761127893,0
3641,1318,0.7301483796445981,2.0231048735218176e-08,0.7301483594135494,0
2046,661,0.7306928736898607,6.631361272489149e-08,0.730692807376248,0
2369,707,0.7308064081311368,1.1303735174212855e-07,0.7308062950937851,0
3068,839,0.7308798675002255,5.479127808492483e-09,0.7308798620210977,0
4237,1408,0.7309116813803128,4.223958835876146e-08,0.7309116391407244,0
4223,1408,0.7309706264695354,4.223958835876146e-08,0.730970584229947,0
1816,638,0.7310264543676527,1.3755188092027774e-07,0.7310263168157718,0
547,248,0.7318829607519286,5.464731203879314e-07,0.7318824142788082,0
787,336,0.7332265744573836,0.0007600122297622959,0.7324665622276213,0
3115,842,0.7333779374522735,3.942306231335733e-09,0.7333779335099673,0
423,190,0.734503262024902,3.312881999099768e-08,0.734503228896082,0
2805,763,0.7345521689345328,2.0060899494173243e-10,0.7345521687339238,0
4042,1406,0.7352310873504224,3.909063197759953e-09,0.7352310834413592,0
2354,706,0.7352914952909372,1.7915353221803177e-07,0.735291316137405,0
2469,716,0.7356466257401124,6.879497754930014e-08,0.7356465569451348,0
3971,1387,0.7359882454606167,3.2640089231316074e-08,0.7359882128205275,0
20,28,0.7362057436436485,5.8474498370203995e-06,0.7361998961938115,0
3898,1385,0.7364780070863821,2.491181466623402e-07,0.7364777579682354,0
2769,757,0.7371725728560385,3.4594821091418425e-09,0.7371725693965564,0
1649,617,0.738003379605436,2.5164070054640665e-07,0.7380031279647356,0
3608,1317,0.7384413002291692,1.1389635089832492e-07,0.7384411863328183,0
3571,1314,0.7394388604426969,1.233590501437464e-07,0.7394387370836467,0
3459,1301,0.7396832569782823,5.411663958938156e-08,0.7396832028616427,0
3544,1302,0.74015213531622,3.215866422566251e-08,0.7401521031575559,0
4024,1388,0.7418405021143789,4.178895364077182e-09,0.7418404979354836,0
806,343,0.7423072869502311,3.8415975686549587e-07,0.7423069027904742,0
2761,757,0.7425628149332941,3.4594821091418425e-09,0.742562811473812,0
725,311,0.7426519259456192,5.440748996120137e-07,0.7426513818707197,0
2066,661,0.7427514740821127,6.631361272489149e-08,0.7427514077685,0
4075,1406,0.7437735219328244,3.909063197759953e-09,0.7437735180237612,0
927,389,0.7440766667499183,4.507853144182135e-09,0.7440766622420653,0
1165,482,0.7441058895243693,8.464135068072434e-09,0.7441058810602342,0
1245,519,0.7441326351575183,3.9543189212092535e-09,0.7441326312031994,0
4105,1407,0.7443307673107852,1.7376710817960223e-08,0.7443307499340743,0
1232,514,0.7445974647081623,1.0315767725831673e-08,0.7445974543923947,0
1839,640,0.7450763164301871,4.0642756602808203e-07,0.7450759100026211,0
2575,732,0.7452439205233483,9.888568239784145e-09,0.7452439106347801,0
17,27,0.7463587649864681,9.409317505270625e-06,0.7463493556689629,0
2523,723,0.7476216312452512,3.8432130136092884e-09,0.7476216274020382,0
161,70,0.7485447023086844,6.632322399867972e-09,0.7485446956763621,0
1396,572,0.7485488724329795,6.974344417362958e-08,0.7485488026895354,0
3949,1386,0.7491016454372058,4.900734777060678e-08,0.7491015964298581,0
2772,757,0.7491726496833493,3.4594821091418425e-09,0.7491726462238671,0
3813,1366,0.7492074685657844,8.287415333324622e-09,0.749207460278369,0
3457,1301,0.7492798247282951,5.411663958938156e-08,0.7492797706116555,0
1560,608,0.7509905066838453,5.5186245447786055e-06,0.7509849880593005,0
2607,736,0.7520936508442939,1.9537969612372663e-08,0.7520936313063243,0
218,95,0.7522906908190383,2.8412513534721194e-08,0.7522906624065248,0
294,134,0.7524218595698732,5.952608824411274e-09,0.7524218536172643,0
2753,756,0.7524759349642873,3.3326501953046934e-09,0.7524759316316372,0
3286,1281,0.7528944202295593,4.4431580635070816e-08,0.7528943757979787,0
912,386,0.7531265963087197,7.68472551607477e-09,0.7531265886239942,0
112,61,0.7537680655545631,6.474016728245553e-08,0.7537680008143959,0
2832,805,0.7538511230643489,2.5643368336511798e-09,0.753851120500012,0
795,339,0.7540758980653398,1.5010483205515888e-05,0.7540608875821343,0
2079,663,0.7542487838062314,7.07292474664604e-08,0.7542487130769839,0
3665,1318,0.754488033443202,2.0231048735218176e-08,0.7544880132121533,0
2617,736,0.7547766479838671,1.9537969612372663e-08,0.7547766284458975,0
2276,700,0.755101638111448,1.8142651868789e-08,0.7551016199687962,0
65,52,0.7554019504529167,1.6661761425545246e-06,0.7554002842767742,0
1696,623,0.7557365250084985,6.511208078425298e-08,0.7557364598964177,0
2247,695,0.7564136262970577,1.6441722386094175e-09,0.7564136246528854,0
1143,476,0.7564676592208359,4.282095552809582e-08,0.7564676163998804,0
3712,1363,0.7592952898342803,1.987078351987218e-07,0.7592950911264451,0
648,282,0.7595290218475984,1.1832299210491476e-07,0.7595289035246063,0
1299,541,0.76030148599364,3.788174810951352e-08,0.7603014481118919,0
1650,618,0.7609011420597783,2.8099758412243984e-07,0.7609008610621942,0
876,372,0.7615182390138049,7.436161926621815e-06,0.7615108028518782,0
3542,1302,0.7615834003197764,3.215866422566251e-08,0.7615833681611123,0
1745,627,0.7621847677002103,1.1738156773143648e-09,0.7621847665263946,0
314,143,0.7629306400478022,0.0006668421446938435,0.7622637979031084,0
1043,439,0.7626813189839382,5.585338001544734e-07,0.7626807604501381,0
1767,632,0.762698075212808,1.5869210375190914e-09,0.7626980736258869,0
3716,1363,0.7633064583387199,1.987078351987218e-07,0.7633062596308847,0
1721,625,0.7634595100480839,8.353024585901757e-09,0.7634595016950593,0
3299,1281,0.7636567315144925,4.4431580635070816e-08,0.7636566870829119,0
3135,1256,0.7642949875955479,4.113662408166659e-09,0.7642949834818855,0
3884,1384,0.7644346791368727,1.013507520603529e-07,0.7644345777861207,0
1517,600,0.7649204743784603,2.047458682263558e-06,0.7649184269197781,0
1778,633,0.765323451974641,1.0084603493456498e-08,0.7653234418900375,0
1669,621,0.765810270353826,1.7315461343681965e-07,0.7658100971992126,0
4123,1407,0.7659023569414309,1.7376710817960223e-08,0.7659023395647201,0
583,259,0.7662679577766164,7.664819844648844e-09,0.7662679501117965,0
3199,1279,0.7664189148359971,3.779992704035706e-09,0.7664189110560045,0
488,219,0.7669268633350226,8.060656713732763e-08,0.7669267827284555,0
4303,1430,0.7670344235786055,5.500540880302589e-10,0.7670344230285514,0
2542,726,0.767555178314367,4.686593445875734e-09,0.7675551736277736,0
4265,1409,0.7681454520874307,4.626295193606394e-08,0.7681454058244788,0
1178,486,0.7684688747731957,4.143777430565116e-09,0.7684688706294183,0
2222,693,0.7686513833114741,2.595583068126697e-09,0.768651380715891,0
1918,647,0.7688450969126428,7.422360189736477e-07,0.7688443546766238,0
3310,1281,0.7690815271008032,4.4431580635070816e-08,0.7690814826692226,0
4046,1406,0.7693083696856321,3.909063197759953e-09,0.7693083657765689,0
2530,726,0.7694558337431907,4.686593445875734e-09,0.7694558290565973,0
1418,579,0.7697151295566859,1.185148620308153e-08,0.7697151177051996,0
3621,1317,0.7699436982717822,1.1389635089832492e-07,0.7699435843754313,0
829,350,0.7700873588570866,1.7294131564420158e-08,0.770087341562955,0
1364,564,0.7703144426596455,1.1252057662127296e-06,0.7703133174538793,0
2756,756,0.7710244853928974,3.3326501953046934e-09,0.7710244820602472,0
51,50,0.7714859924177307,2.697564246082753e-06,0.7714832948534847,0
2471,716,0.7727747611669383,6.879497754930014e-08,0.7727746923719607,0
3298,1281,0.7736231651794253,4.4431580635070816e-08,0.7736231207478447,0
533,242,0.773894403306804,0.00027030022023044083,0.7736241030865736,0
1468,594,0.7742000363252601,6.517653391651376e-06,0.7741935186718685,0
3145,1257,0.7742965363339652,7.338749046223121e-09,0.7742965289952162,0
3538,1302,0.7744370967227489,3.215866422566251e-08,0.7744370645640847,0
3765,1365,0.7754991087820821,1.9303153541820153e-08,0.7754990894789285,0
3279,1280,0.7758843807914109,1.9161999737584974e-08,0.7758843616294111,0
3807,1365,0.7761754659122961,1.9303153541820153e-08,0.7761754466091426,0
1524,603,0.7766818403471374,1.743771877371825e-08,0.7766818229094186,0
3083,839,0.7771152775527518,5.479127808492483e-09,0.777115272073624,0
1222,508,0.7771543730844069,5.4400661790247825e-08,0.7771543186837452,0
896,381,0.7771839955530023,2.87136059555829e-08,0.7771839668393964,0
2485,717,0.777517091632401,3.594415906728505e-08,0.7775170556882419,0
426,191,0.7784312200080222,2.4222790981561632e-08,0.7784311957852312,0
2605,736,0.7788104887549633,1.9537969612372663e-08,0.7788104692169937,0
2260,697,0.7788989868428342,1.1647995462934405e-08,0.7788989751948387,0
4060,1406,0.7791945917653648,3.909063197759953e-09,0.7791945878563016,0
363,163,0.7794731876267199,8.397056430824982e-09,0.7794731792296635,0
2126,667,0.780432490275331,3.7071120281148466e-08,0.7804324532042107,0
2781,758,0.7807687147276836,1.7871722851662934e-09,0.7807687129405113,0
2982,826,0.7819789301593352,2.086011578602951e-08,0.7819789092992194,0
3752,1364,0.7822454821321969,1.4379026263434937e-07,0.7822453383419343,0
4273,1409,0.7828341317541405,4.626295193606394e-08,0.7828340854911886,0
2241,695,0.7835446003509569,1.6441722386094175e-09,0.7835445987067846,0
355,158,0.7836427975633712,3.100393991981195e-08,0.7836427665594312,0
1192,496,0.7838658116732835,4.0908951484478936e-05,0.783824902721799,0
2993,827,0.7843889832024131,2.762840979816814e-08,0.7843889555740033,0
1258,527,0.785122095387373,3.190619553743297e-05,0.7850901891918356,0
1342,561,0.7860071910799956,3.0285652466902137e-06,0.7860041625147489,0
3285,1281,0.7864347673343456,4.4431580635070816e-08,0.786434722902765,0
1722,625,0.7866315783827231,8.353024585901757e-09,0.7866315700296985,0
3991,1387,0.7868031194537561,3.2640089231316074e-08,0.786803086813667,0
1098,457,0.7881379051595613,2.0013431105416e-09,0.7881379031582182,0
1643,617,0.7887624434569593,2.5164070054640665e-07,0.7887621918162588,0
1734,626,0.7894287415683932,1.0143396881854668e-08,0.7894287314249963,0
2877,809,0.7896711619304537,3.5985557505034014e-09,0.7896711583318979,0
4308,1430,0.7898223707568287,5.500540880302589e-10,0.7898223702067746,0
2461,716,0.7901533100597908,6.879497754930014e-08,0.7901532412648132,0
3479,1301,0.7904455201930762,5.411663958938156e-08,0.7904454660764366,0
2406,710,0.7907050334360474,1.24909500644038e-07,0.7907049085265467,0
2586,733,0.7915385560695228,1.5667732115724906e-08,0.7915385404017907,0
3178,1279,0.7920050295516363,3.779992704035706e-09,0.7920050257716437,0
2379,708,0.7920885999090633,1.4462544711119803e-07,0.7920884552836163,0
3200,1279,0.7926176916627261,3.779992704035706e-09,0.7926176878827335,0
2754,756,0.7929618288633047,3.3326501953046934e-09,0.7929618255306545,0
1048,439,0.792988071533751,5.585338001544734e-07,0.7929875129999508,0
1677,621,0.7930952498942938,1.7315461343681965e-07,0.7930950767396804,0
4067,1406,0.7936351921268244,3.909063197759953e-09,0.7936351882177612,0
2437,714,0.7937634084082795,1.3609163344581262e-07,0.7937632723166461,0
338,151,0.7943306713088316,7.490358841040959e-07,0.7943299222729475,0
2695,750,0.7948073775153384,2.619698769469283e-08,0.7948073513183507,0
3317,1281,0.7962019040446262,4.4431580635070816e-08,0.7962018596130456,0
382,169,0.7968355703447945,2.4608627619273916e-09,0.7968355678839317,0
2735,753,0.7969616152558261,8.812876959405435e-09,0.7969616064429491,0
1485,597,0.7990067073529195,5.629794621873261e-06,0.7990010775582976,0
3350,1281,0.7990296186721458,4.4431580635070816e-08,0.7990295742405652,0
3612,1317,0.799484460876901,1.1389635089832492e-07,0.79948434698055,0
3750,1364,0.7998590918688022,1.4379026263434937e-07,0.7998589480785396,0
1819,638,0.800569136046905,1.3755188092027774e-07,0.8005689984950242,0
2745,756,0.8006278797538674,3.3326501953046934e-09,0.8006278764212172,0
3001,828,0.8009086008701883,2.3424733821990713e-08,0.8009085774454545,0
2891,813,0.8012273486687348,9.68430594832586e-09,0.8012273389844289,0
1715,625,0.8029721509964,8.353024585901757e-09,0.8029721426433754,0
1840,641,0.8032787975677839,2.7833944263489977e-07,0.8032785192283413,0
1543,606,0.8038390749341264,1.202770552826299e-06,0.8038378721635736,0
1655,618,0.8057038954899102,2.8099758412243984e-07,0.8057036144923261,0
3974,1387,0.8057103686741152,3.2640089231316074e-08,0.805710336034026,0
1782,633,0.8059222634194529,1.0084603493456498e-08,0.8059222533348495,0
160,70,0.8079249828048851,6.632322399867972e-09,0.8079249761725628,0
1507,599,0.8084237879320972,1.2636960031511893e-06,0.8084225242360941,0
2332,705,0.8085022053270934,5.2556619686756175e-08,0.8085021527704737,0
588,261,0.8089500530159309,5.3042325648163206e-09,0.8089500477116983,0
2875,809,0.8092931658680544,3.5985557505034014e-09,0.8092931622694987,0
2107,666,0.8099536814057089,6.071483438416427e-08,0.8099536206908745,0
3831,1366,0.8101616203869269,8.287415333324622e-09,0.8101616120995115,0
2538,726,0.8116761390950475,4.686593445875734e-09,0.8116761344084541,0
3063,839,0.8128369611018437,5.479127808492483e-09,0.8128369556227159,0
308,143,0.8136528640205429,0.0006668421446938435,0.8129860218758491,0
1006,421,0.8130267343309561,4.381192459533927e-09,0.8130267299497637,0
985,414,0.8136078047592523,1.93241822817641e-08,0.8136077854350701,0
3265,1280,0.8141547767865217,1.9161999737584974e-08,0.8141547576245219,0
3515,1302,0.8145606965339661,3.215866422566251e-08,0.814560664375302,0
1549,607,0.8147173144377858,1.0066047890550128e-06,0.8147163078329968,0
3484,1301,0.8170341020534603,5.411663958938156e-08,0.8170340479368207,0
2782,759,0.817120988126522,1.9700122967245023e-09,0.8171209861565097,0
2294,700,0.8177821446747553,1.8142651868789e-08,0.8177821265321035,0
2141,671,0.8180086331154013,2.1635128018706295e-08,0.8180086114802733,0
2353,706,0.81813909017521,1.7915353221803177e-07,0.8181389110216778,0
869,369,0.8191110288262556,0.00026961870432932913,0.8188414101219263,0
1882,643,0.8190491947523258,6.297971756716104e-07,0.8190485649551502,0
3110,842,0.8191778966581337,3.942306231335733e-09,0.8191778927158274,0
247,112,0.8196754398983648,0.00012734328327169484,0.8195480966150931,0
262,119,0.8198409736731553,9.306418800052202e-07,0.8198400430312753,0
3918,1386,0.8212529163450879,4.900734777060678e-08,0.8212528673377402,0
4310,1431,0.8220948557775579,4.609329671870398e-09,0.8220948511682282,0
2214,693,0.8225582318602874,2.595583068126697e-09,0.8225582292647043,0
2930,819,0.8232255497818153,1.9519812105135988e-08,0.8232255302620032,0
671,289,0.8236143073004563,1.0278997868143873e-08,0.8236142970214584,0
3930,1386,0.8242874630926155,4.900734777060678e-08,0.8242874140852677,0
1837,640,0.8243367212755529,4.0642756602808203e-07,0.8243363148479869,0
2687,749,0.8249837674877533,2.5018377435830063e-08,0.8249837424693758,0
3567,1314,0.824984427054198,1.233590501437464e-07,0.8249843036951479,0
2838,807,0.8250673713709042,2.1563006625280825e-09,0.8250673692146036,0
886,374,0.8254629816896126,1.1624244937020579e-06,0.825461819265119,0
2715,751,0.82820406486217,1.1683474153356078e-08,0.8282040531786958,0
3697,1362,0.8283825248842824,1.184596113315274e-06,0.8283813402881691,0
2110,666,0.8291615750239888,6.071483438416427e-08,0.8291615143091544,0
601,265,0.8293846068508548,2.5522060747842293e-09,0.8293846042986487,0
2884,812,0.8298192983058661,1.0181566192423089e-08,0.8298192881243,0
1202,498,0.8306820534908116,1.0594851827892371e-05,0.8306714586389837,0
3491,1301,0.8307629061634465,5.411663958938156e-08,0.8307628520468069,0
4111,1407,0.8308018924055823,1.7376710817960223e-08,0.8308018750288715,0
3393,1299,0.831428116699711,2.2261461497552227e-08,0.8314280944382495,0
1017,425,0.8315202553834182,1.6633111445444211e-09,0.8315202537201071,0
4298,1430,0.8324059145769552,5.500540880302589e-10,0.8324059140269011,0
1075,448,0.8329434481080061,1.3996152665140802e-08,0.8329434341118535,0
4316,1431,0.83345331048623,4.609329671870398e-09,0.8334533058769003,0
3443,1301,0.8337850490721896,5.411663958938156e-08,0.83378499495555,0
530,240,0.8490824239286642,0.014390566731731686,0.8346918571969325,0
3523,1302,0.8348640262034301,3.215866422566251e-08,0.834863994044766,0
1071,446,0.8350938412447997,2.44151072817565e-08,0.8350938168296924,0
1798,636,0.8356987000300085,5.647879626357824e-08,0.8356986435512122,0
3149,1279,0.836131331494029,3.779992704035706e-09,0.8361313277140363,0
3960,1386,0.836447649583315,4.900734777060678e-08,0.8364476005759672,0
1881,643,0.8370186556899157,6.297971756716104e-07,0.8370180258927401,0
2429,712,0.8370216277032523,1.4701113266149196e-07,0.8370214806921196,0
1753,628,0.8377412661379775,2.768748596529626e-13,0.8377412661377006,0
952,401,0.8390169985651939,8.844347775497727e-05,0.8389285550874389,0
224,98,0.8392799776527573,1.3379018957508656e-08,0.8392799642737383,0
931,390,0.8395814656183063,3.862782172631836e-09,0.8395814617555241,0
3047,836,0.839982759978806,1.1898004699724926e-08,0.8399827480808013,0
7,16,0.8402275074734494,1.1055553613948295e-08,0.8402274964178958,0
72,53,0.8405092649919778,1.2411582304904136e-06,0.8405080238337472,0
564,253,0.8417093593594039,4.094371333153583e-08,0.8417093184156906,0
3676,1361,0.8462111283912379,1.1553249482846917e-07,0.8462110128587431,0
3456,1301,0.8462576133060783,5.411663958938156e-08,0.8462575591894387,0
1889,644,0.8465951625274388,5.08309215175101e-07,0.8465946542182237,0
481,215,0.8466682564416174,7.736066614358408e-07,0.846667482834956,0
1624,616,0.8471776353771466,6.206770325822311e-07,0.8471770147001141,0
3061,838,0.8475316306043978,8.549414599389953e-09,0.8475316220549832,0
941,393,0.847856298545709,1.911947629676183e-09,0.8478562966337614,0
3548,1302,0.8480306491578531,3.215866422566251e-08,0.8480306169991889,0
1864,643,0.8492690372666027,6.297971756716104e-07,0.8492684074694271,0
1386,570,0.8495529276685055,9.482378294781626e-08,0.8495528328447226,0
1920,647,0.850841417590484,7.422360189736477e-07,0.8508406753544651,0
2052,661,0.8512736944043157,6.631361272489149e-08,0.851273628090703,0
1311,547,0.8523109681532062,8.056885690260334e-09,0.8523109600963205,0
690,294,0.8525521736581828,4.068280268973235e-09,0.8525521695899025,0
2250,695,0.8526238007041645,1.6441722386094175e-09,0.8526237990599923,0
2659,743,0.8528373412693155,1.7896688795036742e-08,0.8528373233726267,0
1452,592,0.8533482605461101,1.2038988270169927e-05,0.85333622155784,0
3169,1279,0.8536050594847319,3.779992704035706e-09,0.8536050557047392,0
3462,1301,0.8566806390360866,5.411663958938156e-08,0.856680584919447,0
1532,605,0.8568989954843107,1.7131560957730972e-06,0.8568972823282149,0
2268,699,0.8570614321040192,6.7754999625582875e-09,0.8570614253285193,0
1550,607,0.859017898924791,1.0066047890550128e-06,0.8590168923200019,0
546,247,0.8592270492119071,1.1584086904550733e-06,0.8592258908032167,0
922,388,0.8603156685699052,5.297683113879838e-09,0.8603156632722221,0
1355,562,0.8609455712701709,1.9105540771383473e-06,0.8609436607160937,0
4030,1388,0.8631077666159774,4.178895364077182e-09,0.8631077624370821,0
731,312,0.8636491409255674,2.7514209254202626e-07,0.8636488657834749,0
2053,661,0.8637477775400064,6.631361272489149e-08,0.8637477112263937,0
1410,576,0.863923354087212,1.833806285054195e-08,0.8639233357491491,0
2765,757,0.8650974605884743,3.4594821091418425e-09,0.8650974571289921,0
3805,1365,0.8655035302086651,1.9303153541820153e-08,0.8655035109055116,0
235,101,0.8664014345833497,6.889005103830069e-09,0.8664014276943446,0
3119,1255,0.8668100751285966,1.1821299401159813e-09,0.8668100739464667,0
1748,627,0.8670119062549629,1.1738156773143648e-09,0.8670119050811472,0
3339,1281,0.8672259206412916,4.4431580635070816e-08,0.8672258762097109,0
2932,819,0.8676650848223983,1.9519812105135988e-08,0.8676650653025862,0
3003,828,0.8687573672569182,2.3424733821990713e-08,0.8687573438321844,0
2299,700,0.8688745882567954,1.8142651868789e-08,0.8688745701141436,0
4093,1406,0.8690420354174619,3.909063197759953e-09,0.8690420315083988,0
1695,622,0.8694898410156766,1.514088174237121e-07,0.8694896896068592,0
2569,730,0.869734792339846,1.6117308290070695e-08,0.8697347762225377,0
1772,632,0.8712457936254517,1.5869210375190914e-09,0.8712457920385307,0
1638,616,0.871873875374321,6.206770325822311e-07,0.8718732546972885,0
2679,746,0.8720010113172865,1.8008100206763095e-08,0.8720009933091862,0
1491,598,0.8730140589937722,1.1004767299533424e-06,0.8730129585170422,0
2125,667,0.8746952202008937,3.7071120281148466e-08,0.8746951831297735,0
1116,469,0.8749026783267435,1.3814744724428442e-06,0.874901296852271,0
1409,576,0.8750542739281205,1.833806285054195e-08,0.8750542555900577,0
3942,1386,0.8756445028767211,4.900734777060678e-08,0.8756444538693734,0
1399,572,0.8760057035882682,6.974344417362958e-08,0.8760056338448241,0
2696,750,0.8762695313359692,2.619698769469283e-08,0.8762695051389815,0
1031,432,0.8766036125530386,0.0002150893639265219,0.8763885231891121,0
380,168,0.8774069972692219,3.2896701673784674e-09,0.8774069939795517,0
3767,1365,0.8774190892276158,1.9303153541820153e-08,0.8774190699244623,0
1360,563,0.8779550110436476,1.6172263994572353e-06,0.8779533938172481,0
1188,494,0.8781961110126573,0.00021327741670360492,0.8779828335959536,0
3617,1317,0.8788085420803319,1.1389635089832492e-07,0.878808428183981,0
965,406,0.879210623717017,7.776104725457475e-07,0.8792098461065444,0
3168,1279,0.8792330181921009,3.779992704035706e-09,0.8792330144121082,0
2121,666,0.8798796046773601,6.071483438416427e-08,0.8798795439625258,0
2116,666,0.8799639055276803,6.071483438416427e-08,0.879963844812846,0
3545,1302,0.8812023916793458,3.215866422566251e-08,0.8812023595206816,0
3724,1363,0.8814441993064897,1.987078351987218e-07,0.8814440005986545,0
740,316,0.8818832030783419,3.871725162265504e-08,0.8818831643610903,0
5,16,0.8824894673673369,1.1055553613948295e-08,0.8824894563117833,0
921,388,0.8830093552499163,5.297683113879838e-09,0.8830093499522332,0
4050,1406,0.8832776879325369,3.909063197759953e-09,0.8832776840234737,0
4086,1406,0.8838626691005107,3.909063197759953e-09,0.8838626651914475,0
3969,1387,0.8839858750948935,3.2640089231316074e-08,0.8839858424548043,0
1242,518,0.8855282673175735,4.928278633774021e-09,0.8855282623892948,0
1604,615,0.8860682164742244,7.961574476846091e-07,0.8860674203167768,0
3051,837,0.8872492186684997,9.742632680216967e-09,0.887249208925867,0
433,193,0.8896638683970736,1.3893935071798656e-08,0.8896638545031385,0
261,119,0.8897492613926298,9.306418800052202e-07,0.8897483307507498,0
217,95,0.8898611027740716,2.8412513534721194e-08,0.889861074361558,0
1985,655,0.8905544059321676,7.703565678859344e-08,0.8905543288965109,0
3929,1386,0.8905582898832045,4.900734777060678e-08,0.8905582408758568,0
1931,648,0.891836047383936,2.245923455519202e-07,0.8918358227915905,0
4090,1406,0.8927101608090435,3.909063197759953e-09,0.8927101568999803,0
1671,621,0.8931554700107037,1.7315461343681965e-07,0.8931552968560903,0
288,132,0.8931700667859949,8.164954937353357e-09,0.8931700586210399,0
2531,726,0.8931912226911122,4.686593445875734e-09,0.8931912180045187,0
969,408,0.8933490218088684,2.199773489295585e-07,0.8933488018315195,0
4221,1408,0.8934277346543086,4.223958835876146e-08,0.8934276924147202,0
1719,625,0.8937107068381731,8.353024585901757e-09,0.8937106984851485,0
135,67,0.8940124739539647,1.5564638342149305e-08,0.8940124583893263,0
3161,1279,0.8945778014518846,3.779992704035706e-09,0.8945777976718919,0
1426,581,0.8946176220546923,6.910197783795327e-09,0.8946176151444946,0
2902,814,0.8948362065579151,6.383608746825865e-09,0.8948362001743063,0
2164,674,0.8952020895037568,1.2283969349929394e-08,0.8952020772197874,0
2305,703,0.8976743653031068,4.8695878170004875e-08,0.8976743166072286,0
47,49,0.8987450234721306,1.4892006095588038e-05,0.898730131466035,0
4124,1407,0.8990555657326247,1.7376710817960223e-08,0.8990555483559138,0
1177,485,0.8991345292538032,5.016996501137931e-09,0.8991345242368067,0
3181,1279,0.8999487425540021,3.779992704035706e-09,0.8999487387740095,0
3951,1386,0.9005200389971338,4.900734777060678e-08,0.9005199899897861,0
3659,1318,0.9006288687771903,2.0231048735218176e-08,0.9006288485461416,0
340,153,0.9014000737374778,2.465393794551544e-07,0.9013998271980983,0
3770,1365,0.9033525039514332,1.9303153541820153e-08,0.9033524846482797,0
633,279,0.9036662280755724,7.93459630252125e-07,0.9036654346159422,0
3720,1363,0.9039736319833374,1.987078351987218e-07,0.9039734332755022,0
1642,617,0.9043876170552333,2.5164070054640665e-07,0.9043873654145328,0
3781,1365,0.9045189505546958,1.9303153541820153e-08,0.9045189312515423,0
1832,639,0.9062396531640932,4.521919985263926e-07,0.9062392009720946,0
2291,700,0.9070249329010884,1.8142651868789e-08,0.9070249147584366,0
2744,756,0.907254334993685,3.3326501953046934e-09,0.9072543316610349,0
274,125,0.9079443009261018,5.4061689078144124e-08,0.9079442468644127,0
1774,633,0.9087885215771961,1.0084603493456498e-08,0.9087885114925927,0
1108,466,0.9090340070030021,1.134938551642269e-05,0.9090226576174857,0
4247,1409,0.909830829904952,4.626295193606394e-08,0.9098307836420001,0
3280,1280,0.9114218968302502,1.9161999737584974e-08,0.9114218776682504,0
2270,700,0.9119135764840841,1.8142651868789e-08,0.9119135583414323,0
119,63,0.9124515254554934,3.297995475619095e-08,0.9124514924755386,0
1294,539,0.9146774477187104,6.848602557229479e-08,0.9146773792326849,0
1811,638,0.9151729891676271,1.3755188092027774e-07,0.9151728516157462,0
988,414,0.9159503390160775,1.93241822817641e-08,0.9159503196918952,0
1170,482,0.9160428238083913,8.464135068072434e-09,0.9160428153442562,0
1850,642,0.9171928560701945,2.4566019036824487e-07,0.9171926104100041,0
2684,748,0.9190405576159548,2.238107969628084e-08,0.9190405352348752,0
3055,837,0.919587679324964,9.742632680216967e-09,0.9195876695823313,0
3217,1280,0.919972323822898,1.9161999737584974e-08,0.9199723046608982,0
1252,526,0.920347281726992,4.557496352353363e-05,0.9203017067634685,0
2139,670,0.9205093029975017,6.969519714574414e-08,0.9205092333023045,0
2943,821,0.9209188646429585,1.810915886706904e-08,0.9209188465337996,0
2176,676,0.9211244846536907,1.7061951941202096e-09,0.9211244829474955,0
1171,482,0.9211606922404865,8.464135068072434e-09,0.9211606837763514,0
3934,1386,0.9216821256185208,4.900734777060678e-08,0.9216820766111731,0
1102,464,0.9218245507386907,5.066740049232563e-05,0.9217738833381984,0
4267,1409,0.9218946074098833,4.626295193606394e-08,0.9218945611469314,0
3081,839,0.9226219626565341,5.479127808492483e-09,0.9226219571774062,0
4187,1408,0.924250376177434,4.223958835876146e-08,0.9242503339378456,0
3683,1361,0.9243478011647006,1.1553249482846917e-07,0.9243476856322058,0
677,292,0.9244893875764157,5.59624982325154e-09,0.924489381980166,0
1221,508,0.9247356490232269,5.4400661790247825e-08,0.9247355946225652,0
464,210,0.9248957462344715,8.888449273249841e-05,0.924806861741739,0
3753,1364,0.9258976105663211,1.4379026263434937e-07,0.9258974667760586,0
2824,803,0.9263253087485158,1.1978377979155696e-09,0.926325307550678,0
875,371,0.9263601807128697,2.258196547134351e-05,0.9263375987473984,0
4022,1387,0.9264137830115549,3.2640089231316074e-08,0.9264137503714657,0
4305,1430,0.9271391994442344,5.500540880302589e-10,0.9271391988941803,0
168,71,0.9272510867444325,5.3998333574518156e-09,0.9272510813445991,0
1526,603,0.9286881157619696,1.743771877371825e-08,0.9286880983242508,0
1422,579,0.9318918553234858,1.185148620308153e-08,0.9318918434719996,0
3841,1383,0.9323301269993762,2.2766567081976678e-08,0.9323301042328092,0
2403,710,0.9323945184394853,1.24909500644038e-07,0.9323943935299847,0
3507,1301,0.9325176958491644,5.411663958938156e-08,0.9325176417325248,0
3892,1385,0.9331562417246746,2.491181466623402e-07,0.9331559926065279,0
626,277,0.9337275389996478,4.9128654816025196e-06,0.9337226261341661,0
266,121,0.9341989587690103,3.434347324315577e-07,0.9341986153342778,0
1700,623,0.9342417418778688,6.511208078425298e-08,0.934241676765788,0
230,100,0.9363180221965411,7.910874345195587e-09,0.9363180142856667,0
2488,717,0.9368256491686042,3.594415906728505e-08,0.9368256132244451,0
1496,599,0.9374344727159031,1.2636960031511893e-06,0.9374332090198999,0
2645,739,0.9383526036885073,2.0247950040438396e-08,0.9383525834405572,0
1492,598,0.9388334156219871,1.1004767299533424e-06,0.9388323151452571,0
2908,814,0.938935356598882,6.383608746825865e-09,0.9389353502152733,0
4260,1409,0.9398294389973156,4.626295193606394e-08,0.9398293927343637,0
3591,1316,0.9403406828956044,2.554721230811279e-07,0.9403404274234812,0
1893,644,0.9411630586816063,5.08309215175101e-07,0.9411625503723912,0
3304,1281,0.941277014324198,4.4431580635070816e-08,0.9412769698926173,0
928,389,0.9429777567713445,4.507853144182135e-09,0.9429777522634915,0
3007,829,0.9450137306070145,2.0377728154170923e-08,0.9450137102292864,0
444,198,0.9461529462963395,5.0763005275119355e-09,0.946152941220039,0
1141,476,0.9478472833801036,4.282095552809582e-08,0.947847240559148,0
3402,1299,0.9483272431933871,2.2261461497552227e-08,0.9483272209319257,0
1508,599,0.9484317167895421,1.2636960031511893e-06,0.9484304530935389,0
1076,448,0.9488886776253833,1.3996152665140802e-08,0.9488886636292306,0
2731,753,0.9497225014835919,8.812876959405435e-09,0.949722492670715,0
3282,1280,0.9497978494869661,1.9161999737584974e-08,0.9497978303249663,0
3663,1318,0.9503104096553214,2.0231048735218176e-08,0.9503103894242727,0
451,199,0.9506313112830141,4.330392390211448e-09,0.9506313069526218,0
1724,625,0.9507661989419476,8.353024585901757e-09,0.950766190588923,0
541,246,0.9517090247960442,2.751266788402296e-06,0.9517062735292559,0
93,58,0.9530678009985,1.8545813138376171e-07,0.9530676155403686,0
201,88,0.9534118801753472,4.858177703187209e-07,0.9534113943575768,0
906,384,0.9538036666803666,1.2094820240630002e-08,0.9538036545855464,0
2546,726,0.9538285691311936,4.686593445875734e-09,0.9538285644446002,0
2025,659,0.955397047608838,1.381270950457375e-07,0.9553969094817429,0
950,400,0.9566859849658397,0.0003264021815828111,0.9563595827842568,0
42,47,0.9565638777006413,8.222747116754937e-06,0.9565556549535246,0
1509,599,0.9569586477391601,1.2636960031511893e-06,0.9569573840431569,0
1820,638,0.9573740430628446,1.3755188092027774e-07,0.9573739055109637,0
82,55,0.9581498827385662,6.205682343113959e-07,0.9581492621703318,0
2969,825,0.9587900506159571,1.9596682994096523e-08,0.9587900310192742,0
417,187,0.9588423197593823,1.0848941848320456e-07,0.9588422112699638,0
4297,1430,0.9592885498859656,5.500540880302589e-10,0.9592885493359115,0
4274,1410,0.9594929504243893,7.635096244009848e-09,0.9594929427892931,0
1821,638,0.9598671739894489,1.3755188092027774e-07,0.959867036437568,0
1284,535,0.9611954348189082,4.93679137594801e-07,0.9611949411397707,0
2599,735,0.9614917714613991,1.7946664145324424e-08,0.9614917535147349,0
4130,1407,0.9615538309997813,1.7376710817960223e-08,0.9615538136230705,0
1449,590,0.9619591248507423,2.676952542859581e-05,0.9619323553253137,0
4335,1432,0.9621352266924288,7.482417879008781e-09,0.9621352192100109,0
348,156,0.962822168241399,6.080051203656078e-08,0.9628221074408869,0
2905,814,0.9642144881338501,6.383608746825865e-09,0.9642144817502414,0
56,50,0.9666230562805884,2.697564246082753e-06,0.9666203587163423,0
4201,1408,0.9667982355235336,4.223958835876146e-08,0.9667981932839452,0
378,168,0.9668122726860399,3.2896701673784674e-09,0.9668122693963697,0
1779,633,0.9675819991854132,1.0084603493456498e-08,0.9675819891008097,0
2209,678,0.9676836009422867,2.621849109859736e-09,0.9676835983204376,0
456,204,0.967721393124809,1.0290119595054424e-09,0.967721392095797,0
172,73,0.9690742467772703,3.3385414586987657e-09,0.9690742434387288,0
4079,1406,0.9694355156657142,3.909063197759953e-09,0.969435511756651,0
2203,678,0.970323750201866,2.621849109859736e-09,0.9703237475800169,0
3803,1365,0.9706960675616139,1.9303153541820153e-08,0.9706960482584603,0
2629,738,0.9710096385333822,2.519139118218031e-08,0.971009613341991,0
2650,741,0.9712389600928807,1.96457663643601e-08,0.9712389404471143,0
1740,627,0.9725351302153267,1.1738156773143648e-09,0.972535129041511,0
1169,482,0.973459655963027,8.464135068072434e-09,0.9734596474988919,0
959,403,0.9735772934455923,9.913504207485144e-06,0.9735673799413848,0
1547,606,0.9736812893113511,1.202770552826299e-06,0.9736800865407983,0
1845,641,0.9739122842607836,2.7833944263489977e-07,0.973912005921341,0
2472,716,0.9742226041658747,6.879497754930014e-08,0.9742225353708971,0
3500,1301,0.9755306903406947,5.411663958938156e-08,0.9755306362240551,0
1118,470,0.9763330961663934,7.61202105784993e-07,0.9763323349642876,0
3972,1387,0.9763678396911804,3.2640089231316074e-08,0.9763678070510912,0
2516,721,0.9765081850442154,2.549173767037662e-08,0.9765081595524777,0
1063,442,0.9768876885299942,1.0755665714014978e-07,0.976887580973337,0
2098,665,0.9771550791872341,1.6642798770652542e-07,0.9771549127592464,0
3013,829,0.977584435885902,2.0377728154170923e-08,0.9775844155081739,0
1272,532,0.977757723799311,1.738934405397537e-06,0.9777559848649057,0
2727,752,0.9779221264401446,7.86812223360468e-09,0.9779221185720224,0
3715,1363,0.9786465189338316,1.987078351987218e-07,0.9786463202259964,0
4023,1387,0.9797858132943037,3.2640089231316074e-08,0.9797857806542145,0
1470,595,0.9800533294121613,1.2182271787249424e-05,0.980041147140374,0
1648,617,0.9808267252956725,2.5164070054640665e-07,0.980826473654972,0
873,370,0.9811645305410821,7.429464564479136e-05,0.9810902358954373,0
3527,1302,0.9811986978303172,3.215866422566251e-08,0.981198665671653,0
2361,706,0.9817325906479291,1.7915353221803177e-07,0.9817324114943968,0
2682,747,0.9819015513875,2.022452197906299e-08,0.9819015311629781,0
514,228,0.9823150730218558,6.068953467630238e-09,0.9823150669529024,0
2644,739,0.9824637930333747,2.0247950040438396e-08,0.9824637727854246,0
1353,562,0.9831446963073013,1.9105540771383473e-06,0.9831427857532241,0
854,359,0.9833559638527268,2.8040168684594492e-09,0.9833559610487099,0
2747,756,0.9839653453511908,3.3326501953046934e-09,0.9839653420185407,0
1350,561,0.9846050063109159,3.0285652466902137e-06,0.9846019777456692,0
1051,440,0.9853475932501061,3.0686130971678323e-07,0.9853472863887964,0
1974,654,0.9857656023507119,3.5091137504838393e-08,0.9857655672595743,0
1781,633,0.9861878890013102,1.0084603493456498e-08,0.9861878789167067,0
2534,726,0.9863322360590718,4.686593445875734e-09,0.9863322313724784,0
2477,716,0.9866548283568825,6.879497754930014e-08,0.9866547595619048,0
3292,1281,0.988100559728865,4.4431580635070816e-08,0.9881005152972844,0
4291,1430,0.988647144502155,5.500540880302589e-10,0.9886471439521008,0
3708,1363,0.9894453941658333,1.987078351987218e-07,0.9894451954579981,0
4002,1387,0.9895432057503853,3.2640089231316074e-08,0.9895431731102962,0
400,181,0.9901503624112417,4.75144713312346e-06,0.9901456109641086,0
1123,471,0.9904751362856892,4.275598312986921e-07,0.9904747087258579,0
1988,655,0.9905063174771263,7.703565678859344e-08,0.9905062404414695,0
1280,533,0.9905999909293971,1.073148216334273e-06,0.9905989177811808,0
618,275,0.9908730775028511,5.0329274370564183e-05,0.9908227482284806,0
3029,833,0.9914190535676194,9.483163458253209e-09,0.9914190440844559,0
2603,736,0.9916903658179476,1.9537969612372663e-08,0.991690346279978,0
3992,1387,0.9920951493030598,3.2640089231316074e-08,0.9920951166629706,0
3364,1282,0.9924765612291233,4.052157546758797e-08,0.9924765207075479,0
273,124,0.994910077316083,7.831905658454594e-08,0.9949099989970265,0
244,105,0.9954922623997668,2.6157280636543343e-09,0.9954922597840388,0
1835,640,0.9957114786375508,4.0642756602808203e-07,0.9957110722099848,0
2352,706,0.9960144522933262,1.7915353221803177e-07,0.996014273139794,0
665,287,0.9961522931759504,1.7267753605098748e-08,0.9961522759081969,0
1846,641,0.9969279815045521,2.7833944263489977e-07,0.9969277031651095,0
3189,1279,0.9974885137499687,3.779992704035706e-09,0.9974885099699761,0
3283,1280,0.9979534482575205,1.9161999737584974e-08,0.9979534290955208,0
2300,701,0.9980728817242609,7.837880456134794e-08,0.9980728033454563,0
137,67,0.9983656314100546,1.5564638342149305e-08,0.9983656158454163,0
3497,1301,0.9992926258845335,5.411663958938156e-08,0.9992925717678939,0
761,323,0.9997301293534143,6.052183405080066e-09,0.9997301233012309,0
698,303,1.0285043789705413,0.028693796866769386,0.9998105821037718,0
1917,646,0.9998233811878335,1.0035366342414018e-06,0.9998223776511993,0
3287,1281,1.000002348775003,4.4431580635070816e-08,1.0000023043434223,0
2267,698,1.0004028451344475,8.199485619261814e-09,1.000402836934962,0
1930,648,1.0015490618900071,2.245923455519202e-07,1.0015488372976615,0
3645,1318,1.0020013994559176,2.0231048735218176e-08,1.0020013792248688,0
3955,1386,1.0032867405250379,4.900734777060678e-08,1.0032866915176901,0
248,113,1.003873789095212,4.181536284377647e-05,1.0038319737323682,0
3573,1314,1.0048078529794096,1.233590501437464e-07,1.0048077296203595,0
3970,1387,1.0051984323622096,3.2640089231316074e-08,1.0051983997221203,0
796,339,1.0058874869908097,1.5010483205515888e-05,1.0058724765076041,0
1209,501,1.0060216736737055,1.6233238335266264e-06,1.006020050349872,0
3309,1281,1.0065274734656102,4.4431580635070816e-08,1.0065274290340296,0
3224,1280,1.0065793437874875,1.9161999737584974e-08,1.0065793246254877,0
1425,580,1.0075744663350574,7.558924634619126e-09,1.0075744587761328,0
1630,616,1.0079816127730792,6.206770325822311e-07,1.0079809920960465,0
691,294,1.00859590260873,4.068280268973235e-09,1.0085958985404497,0
4296,1430,1.0086033097864653,5.500540880302589e-10,1.0086033092364113,0
1010,423,1.0086233993592661,2.9508047706980008e-09,1.0086233964084614,0
882,373,1.008731296845024,2.76088915953902e-06,1.0087285359558644,0
2434,713,1.010427756682275,1.163870189835716e-07,1.0104276402952561,0
406,183,1.0104435280474617,1.0591859912477572e-06,1.0104424688614706,0
1523,603,1.0116372399553806,1.743771877371825e-08,1.0116372225176617,0
1886,644,1.0122130032375924,5.08309215175101e-07,1.0122124949283773,0
3231,1280,1.0129549644349787,1.9161999737584974e-08,1.012954945272979,0
1003,420,1.0131494244242905,5.121367548120378e-09,1.013149419302923,0
1659,619,1.015171479546122,4.0677440151845633e-07,1.0151710727717205,0
2,16,1.0152306814358882,1.1055553613948295e-08,1.0152306703803347,0
379,168,1.015591306120118,3.2896701673784674e-09,1.015591302830448,0
2986,826,1.0157836375132414,2.086011578602951e-08,1.0157836166531256,0
3229,1280,1.0159690342978822,1.9161999737584974e-08,1.0159690151358824,0
3653,1318,1.0160612388304806,2.0231048735218176e-08,1.0160612185994318,0
2174,676,1.017146687862248,1.7061951941202096e-09,1.0171466861560527,0
2018,658,1.0174926659480135,1.0548391095971972e-07,1.0174925604641025,0
4014,1387,1.0183226245038275,3.2640089231316074e-08,1.0183225918637382,0
2841,808,1.019757358710869,1.5216531053850086e-09,1.019757357189216,0
3982,1387,1.0199769690849552,3.2640089231316074e-08,1.0199769364448659,0
3230,1280,1.0212801321323683,1.9161999737584974e-08,1.0212801129703686,0
3731,1364,1.0213095929123572,1.4379026263434937e-07,1.0213094491220946,0
1385,570,1.0213874283431792,9.482378294781626e-08,1.0213873335193961,0
3454,1301,1.021760390934678,5.411663958938156e-08,1.0217603368180384,0
1707,625,1.0222851790092031,8.353024585901757e-09,1.0222851706561786,0
735,315,1.0225351847256925,5.78179085167976e-08,1.022535126907784,0
1370,565,1.0226602152944217,8.424565615349253e-07,1.0226593728378601,0
1103,464,1.0234179140853559,5.066740049232563e-05,1.0233672466848636,0
4307,1430,1.0242697459963714,5.500540880302589e-10,1.0242697454463174,0
1371,566,1.024608421292444,7.216254727924195e-07,1.0246076996669713,0
1403,573,1.0251593832466048,4.5454158653724136e-08,1.0251593377924462,0
2825,803,1.0259075417825096,1.1978377979155696e-09,1.0259075405846718,0
883,373,1.026350636976893,2.76088915953902e-06,1.0263478760877336,0
570,256,1.026898159746224,1.5644700416335225e-08,1.0268981441015235,0
1321,553,1.0275751211281026,1.7870982279120765e-09,1.0275751193410043,0
1424,580,1.0288958198109308,7.558924634619126e-09,1.0288958122520062,0
2667,744,1.028933447549896,1.866578382970872e-08,1.028933428884112,0
506,225,1.0297376996825174,1.1321634408964313e-08,1.0297376883608829,0
3207,1279,1.0299675831785027,3.779992704035706e-09,1.02996757939851,0
662,286,1.0304805831896837,2.335318320273215e-08,1.0304805598365006,0
1892,644,1.0306144139781939,5.08309215175101e-07,1.0306139056689787,0
4059,1406,1.0313205276469766,3.909063197759953e-09,1.0313205237379133,0
1322,553,1.0317329465030838,1.7870982279120765e-09,1.0317329447159855,0
1490,598,1.0318856495635047,1.1004767299533424e-06,1.0318845490867747,0
3922,1386,1.032744858523945,4.900734777060678e-08,1.0327448095165972,0
1408,576,1.0332646047694842,1.833806285054195e-08,1.0332645864314214,0
947,399,1.0353406379959413,0.0018802299202329343,1.0334604080757084,0
4039,1406,1.033502147585757,3.909063197759953e-09,1.0335021436766938,0
1818,638,1.0344132198521918,1.3755188092027774e-07,1.0344130823003108,0
811,344,1.035200574665056,2.0471692145896986e-07,1.0352003699481347,0
639,281,1.0363259120565715,2.047829007843258e-07,1.0363257072736707,0
3257,1280,1.0367460628995413,1.9161999737584974e-08,1.0367460437375415,0
2208,678,1.0368931585378522,2.621849109859736e-09,1.036893155916003,0
174,74,1.0373166292961575,2.3798497984970796e-09,1.0373166269163077,0
226,98,1.0376046244346988,1.3379018957508656e-08,1.0376046110556798,0
4309,1430,1.037640320998049,5.500540880302589e-10,1.037640320447995,0
2573,731,1.0391680270592152,1.3189293928706756e-08,1.0391680138699213,0
2868,809,1.0393311365798088,3.5985557505034014e-09,1.0393311329812531,0
4114,1407,1.0395281396377036,1.7376710817960223e-08,1.039528122260993,0
278,126,1.0396166567868943,3.9521783253439784e-08,1.0396166172651111,0
891,376,1.0413932009469795,2.837879598745334e-07,1.0413929171590197,0
120,63,1.0422475852290518,3.297995475619095e-08,1.042247552249097,0
2456,714,1.042284941049726,1.3609163344581262e-07,1.0422848049580924,0
33,30,1.043614268116295,1.3995090990491972e-08,1.043614254121204,0
2600,735,1.0436459253975976,1.7946664145324424e-08,1.0436459074509334,0
3362,1282,1.0447742521105312,4.052157546758797e-08,1.0447742115889558,0
3412,1300,1.0456328523262115,1.0273469436160387e-07,1.0456327495915172,0
545,247,1.0467968074652882,1.1584086904550733e-06,1.0467956490565977,0
1980,655,1.0469576693904388,7.703565678859344e-08,1.046957592354782,0
4189,1408,1.0485428321976873,4.223958835876146e-08,1.048542789958099,0
616,275,1.0494669255521905,5.0329274370564183e-05,1.04941659627782,0
15,25,1.0531722434496316,0.003527769153067157,1.0496444742965645,0
986,414,1.0496452671097274,1.93241822817641e-08,1.0496452477855451,0
2975,826,1.0507209714641381,2.086011578602951e-08,1.0507209506040223,0
4116,1407,1.0519486512856513,1.7376710817960223e-08,1.0519486339089406,0
1827,639,1.052030550474927,4.521919985263926e-07,1.0520300982829285,0
4301,1430,1.0521829508562637,5.500540880302589e-10,1.0521829503062097,0
3637,1318,1.0544316105810363,2.0231048735218176e-08,1.0544315903499875,0
3533,1302,1.054976956421797,3.215866422566251e-08,1.0549769242631328,0
687,294,1.0554724999468725,4.068280268973235e-09,1.0554724958785922,0
3862,1383,1.0557468515467887,2.2766567081976678e-08,1.0557468287802216,0
289,132,1.0559465548137856,8.164954937353357e-09,1.0559465466488307,0
3180,1279,1.0588052611327923,3.779992704035706e-09,1.0588052573527995,0
3032,833,1.0592965635345652,9.483163458253209e-09,1.0592965540514019,0
3158,1279,1.0593217670711503,3.779992704035706e-09,1.0593217632911576,0
2076,663,1.0602328531428464,7.07292474664604e-08,1.0602327824135989,0
1238,517,1.0608082157934406,5.873422940423726e-09,1.0608082099200178,0
4038,1406,1.0609457603117662,3.909063197759953e-09,1.060945756402703,0
2453,714,1.0628548335800132,1.3609163344581262e-07,1.0628546974883797,0
4068,1406,1.0636529569827153,3.909063197759953e-09,1.063652953073652,0
3889,1385,1.0636965201636175,2.491181466623402e-07,1.063696271045471,0
3209,1279,1.0645178335949705,3.779992704035706e-09,1.0645178298149778,0
1174,484,1.0649689280432013,5.877044154639487e-09,1.0649689221661571,0
885,374,1.0657934608667092,1.1624244937020579e-06,1.0657922984422155,0
3562,1302,1.0672190819456935,3.215866422566251e-08,1.0672190497870293,0
3384,1283,1.0686209608465609,8.159696042186908e-09,1.0686209526868649,0
1885,644,1.0703806299978535,5.08309215175101e-07,1.0703801216886384,0
2022,659,1.0710382780463419,1.381270950457375e-07,1.0710381399192468,0
3867,1384,1.071793878057466,1.013507520603529e-07,1.071793776706714,0
260,118,1.0723140173873607,1.586949260398496e-06,1.0723124304381002,0
3262,1280,1.072952045415748,1.9161999737584974e-08,1.0729520262537482,0
473,213,1.0730919587733685,3.810155086548826e-06,1.073088148618282,0
1290,537,1.0735987417288917,1.4857024122016624e-07,1.0735985931586505,0
2927,819,1.0754805580918605,1.9519812105135988e-08,1.0754805385720483,0
4210,1408,1.0760500220405445,4.223958835876146e-08,1.0760499798009562,0
2133,669,1.0770193059154922,5.7205186803479785e-08,1.0770192487103054,0
4045,1406,1.0783007358238461,3.909063197759953e-09,1.0783007319147828,0
2907,814,1.0796207834778127,6.383608746825865e-09,1.079620777094204,0
3579,1315,1.0809019971862177,1.3505965715733492e-06,1.0809006465896462,0
3226,1280,1.081378264557767,1.9161999737584974e-08,1.0813782453957672,0
2134,669,1.082753852240206,5.7205186803479785e-08,1.0827537950350192,0
4197,1408,1.083124605129869,4.223958835876146e-08,1.0831245628902808,0
2389,709,1.083475694699857,1.4163996457925274e-07,1.0834755530598923,0
2365,706,1.084685523715533,1.7915353221803177e-07,1.0846853445620008,0
346,154,1.0852679810129138,1.4742867458054487e-07,1.0852678335842392,0
3599,1316,1.0856124682688362,2.554721230811279e-07,1.0856122127967132,0
3452,1301,1.08565794364337,5.411663958938156e-08,1.0856578895267304,0
2132,669,1.085676067728095,5.7205186803479785e-08,1.0856760105229082,0
3755,1364,1.0870555977057919,1.4379026263434937e-07,1.0870554539155293,0
4233,1408,1.0886735857002934,4.223958835876146e-08,1.088673543460705,0
3236,1280,1.0899009234878938,1.9161999737584974e-08,1.089900904325894,0
2505,719,1.0901353056843308,6.101863936296397e-08,1.0901352446656916,0
1001,419,1.0911089561727,6.070875662709127e-09,1.0911089501018245,0
1522,602,1.0911946753428896,1.9706053657136315e-08,1.091194655636836,0
2858,809,1.091469549212921,3.5985557505034014e-09,1.0914695456143653,0
2987,826,1.0923108295841164,2.086011578602951e-08,1.0923108087240005,0
1675,621,1.0923582024689629,1.7315461343681965e-07,1.0923580293143493,0
3453,1301,1.092551621816034,5.411663958938156e-08,1.0925515676993944,0
3346,1281,1.0927889659660646,4.4431580635070816e-08,1.092788921534484,0
2279,700,1.093294339434654,1.8142651868789e-08,1.093294321292002,0
3118,1255,1.0935551206931349,1.1821299401159813e-09,1.093555119511005,0
1613,616,1.093618881431099,6.206770325822311e-07,1.0936182607540663,0
855,359,1.0946064594490599,2.8040168684594492e-09,1.094606456645043,0
911,386,1.0957204061876025,7.68472551607477e-09,1.095720398502877,0
3340,1281,1.095841707819355,4.4431580635070816e-08,1.0958416633877743,0
2422,711,1.0959229720588137,1.702188062875357e-07,1.0959228018400073,0
728,312,1.0962073883626258,2.7514209254202626e-07,1.0962071132205333,0
1277,533,1.0966424739891767,1.073148216334273e-06,1.0966414008409604,0
2937,820,1.0967835192776703,1.9957607888643093e-08,1.0967834993200625,0
3090,839,1.0971423467604002,5.479127808492483e-09,1.0971423412812724,0
4322,1431,1.0979789256635692,4.609329671870398e-09,1.0979789210542397,0
1960,652,1.0998165612464412,6.312419510679326e-08,1.099816498122246,0
724,311,1.0998892341269302,5.440748996120137e-07,1.0998886900520306,0
3952,1386,1.101219854960836,4.900734777060678e-08,1.1012198059534883,0
3223,1280,1.1017680827884968,1.9161999737584974e-08,1.101768063626497,0
3494,1301,1.1019981545022284,5.411663958938156e-08,1.1019981003855888,0
3295,1281,1.10372060028003,4.4431580635070816e-08,1.1037205558484493,0
790,336,1.104822451112158,0.0007600122297622959,1.1040624388823959,0
2627,738,1.1045083278808083,2.519139118218031e-08,1.1045083026894171,0
2483,717,1.1050157819365871,3.594415906728505e-08,1.1050157459924281,0
508,226,1.105807771347372,8.986971361864433e-09,1.1058077623604006,0
1267,530,1.1065878528312392,5.175635512439299e-06,1.1065826771957268,0
2047,661,1.1066854161562067,6.631361272489149e-08,1.106685349842594,0
717,309,1.1074535723571182,3.0321427849990905e-06,1.107450540214333,0
3796,1365,1.107562153419199,1.9303153541820153e-08,1.1075621341160455,0
2683,747,1.1077221382153368,2.022452197906299e-08,1.1077221179908148,0
2658,743,1.1087192722083077,1.7896688795036742e-08,1.1087192543116189,0
462,209,1.1094160000971245,0.00032813956711735,1.1090878605300072,0
1559,607,1.1095504949260973,1.0066047890550128e-06,1.1095494883213082,0
3301,1281,1.112962576146405,4.4431580635070816e-08,1.1129625317148244,0
3113,842,1.1142255355051098,3.942306231335733e-09,1.1142255315628036,0
2430,712,1.1144500177694063,1.4701113266149196e-07,1.1144498707582737,0
196,85,1.114570611784844,1.7202689396841245e-06,1.1145688915159042,0
892,377,1.1158092996846598,1.592504414467172e-07,1.1158091404342183,0
2995,827,1.1181716434696518,2.762840979816814e-08,1.118171615841242,0
2366,707,1.1183196613544035,1.1303735174212855e-07,1.1183195483170518,0
3483,1301,1.1185903800365116,5.411663958938156e-08,1.118590325919872,0
1383,570,1.1190053637454132,9.482378294781626e-08,1.11900526892163,0
1569,610,1.1192271645925842,3.091268788530204e-07,1.1192268554657054,0
200,87,1.119765931684606,6.887390675485996e-07,1.1197652429455385,0
1904,645,1.1199073363017973,5.164357340319726e-07,1.1199068198660633,0
2293,700,1.120490607309752,1.8142651868789e-08,1.1204905891671002,0
1869,643,1.120549233250306,6.297971756716104e-07,1.1205486034531302,0
2278,700,1.1206001366565883,1.8142651868789e-08,1.1206001185139365,0
1712,625,1.1208690518626425,8.353024585901757e-09,1.120869043509618,0
3618,1317,1.1210957766634833,1.1389635089832492e-07,1.1210956627671325,0
3921,1386,1.1232850316739147,4.900734777060678e-08,1.123284982666567,0
2311,703,1.1236217125736516,4.8695878170004875e-08,1.1236216638777734,0
405,183,1.1244742934644583,1.0591859912477572e-06,1.1244732342784671,0
18,28,1.124833456863445,5.8474498370203995e-06,1.124827609413608,0
1472,595,1.1248778373812354,1.2182271787249424e-05,1.124865655109448,0
1437,583,1.1260535156244622,4.469741258430741e-09,1.126053511154721,0
45,48,1.128207850073384,1.597011344958565e-05,1.1281918799599344,0
901,383,1.1310063941702724,1.5701503787456045e-08,1.1310063784687685,0
3085,839,1.1313449316520974,5.479127808492483e-09,1.1313449261729696,0
3205,1279,1.1318658650863334,3.779992704035706e-09,1.1318658613063406,0
3410,1299,1.1318743979333283,2.2261461497552227e-08,1.1318743756718668,0
1297,540,1.1321452094829154,4.978058122828838e-08,1.1321451597023342,0
2897,814,1.1323012092140292,6.383608746825865e-09,1.1323012028304205,0
3106,841,1.1336775985249108,5.3200196638159365e-09,1.133677593204891,0
1384,570,1.134318225089652,9.482378294781626e-08,1.134318130265869,0
494,221,1.1345565972616465,3.631349925918248e-08,1.1345565609481472,0
652,284,1.1352461546587826,4.772401030319521e-08,1.1352461069347723,0
1771,632,1.1359861001877285,1.5869210375190914e-09,1.1359860986008075,0
4184,1408,1.1364116037654375,4.223958835876146e-08,1.1364115615258492,0
3261,1280,1.1372161161189143,1.9161999737584974e-08,1.1372160969569145,0
3843,1383,1.137417195119687,2.2766567081976678e-08,1.13741717235312,0
3356,1281,1.1375058149769521,4.4431580635070816e-08,1.1375057705453715,0
916,387,1.1382272536785614,6.3221044270003346e-09,1.138227247356457,0
1636,616,1.139047679777118,6.206770325822311e-07,1.1390470591000854,0
3880,1384,1.1392573835527382,1.013507520603529e-07,1.1392572822019862,0
1666,620,1.1394537330234298,5.41364741758929e-07,1.139453191658688,0
1758,632,1.1394710286456373,1.5869210375190914e-09,1.1394710270587163,0
754,320,1.14007014303575,1.1446503398353253e-08,1.1400701315892467,0
801,341,1.1402262248938733,1.8476424262252566e-06,1.140224377251447,0
302,137,1.1423802170982682,2.9850869166256015e-09,1.1423802141131814,0
2826,803,1.1426835764399408,1.1978377979155696e-09,1.142683575242103,0
4025,1388,1.1450408390951117,4.178895364077182e-09,1.1450408349162162,0
3893,1385,1.1456222835254397,2.491181466623402e-07,1.1456220344072932,0
2655,741,1.1479225141404492,1.96457663643601e-08,1.1479224944946829,0
3546,1302,1.1484715493588202,3.215866422566251e-08,1.148471517200156,0
4176,1407,1.148543257590798,1.7376710817960223e-08,1.1485432402140872,0
4027,1388,1.149383916409901,4.178895364077182e-09,1.1493839122310054,0
1693,622,1.1509915390997347,1.514088174237121e-07,1.1509913876909172,0
673,290,1.1517839195444783,8.222377230800831e-09,1.1517839113221011,0
96,59,1.1518051504703755,9.298840137370772e-08,1.151805057481974,0
2570,730,1.1526917541425152,1.6117308290070695e-08,1.1526917380252069,0
746,318,1.1534767596280031,1.9722239858553095e-08,1.1534767399057633,0
830,350,1.153655959480698,1.7294131564420158e-08,1.1536559421865666,0
2802,762,1.154077378928337,1.093430809581696e-09,1.154077377834906,0
55,50,1.1551811424629503,2.697564246082753e-06,1.1551784448987044,0
3266,1280,1.155269801902216,1.9161999737584974e-08,1.1552697827402163,0
1946,649,1.1583058978024696,3.124454934818741e-07,1.1583055853569761,0
2104,666,1.1588410063262309,6.071483438416427e-08,1.1588409456113964,0
1265,529,1.1600946528633267,9.252094492608342e-06,1.1600854007688342,0
3071,839,1.1614667211446177,5.479127808492483e-09,1.1614667156654899,0
3588,1316,1.1618350800959778,2.554721230811279e-07,1.1618348246238548,0
1750,627,1.1625383392443194,1.1738156773143648e-09,1.1625383380705037,0
1254,526,1.1628480986988234,4.557496352353363e-05,1.1628025237353,0
1482,597,1.1636731580042332,5.629794621873261e-06,1.1636675282096114,0
3569,1314,1.163785047412129,1.233590501437464e-07,1.1637849240530789,0
3420,1300,1.164662948134196,1.0273469436160387e-07,1.1646628453995016,0
3192,1279,1.1660373321621476,3.779992704035706e-09,1.1660373283821548,0
1739,627,1.1669527380949316,1.1738156773143648e-09,1.166952736921116,0
1343,561,1.16699474995138,3.0285652466902137e-06,1.1669917213861334,0
1423,579,1.1674097686318954,1.185148620308153e-08,1.1674097567804091,0
1081,450,1.167510208950591,8.692548537959658e-09,1.1675102002580426,0
2525,723,1.1697031023927116,3.8432130136092884e-09,1.1697030985494985,0
2620,737,1.1698320837699172,2.1977644091156636e-08,1.169832061792273,0
2981,826,1.1704871493425222,2.086011578602951e-08,1.1704871284824063,0
1250,526,1.1708881980593853,4.557496352353363e-05,1.1708426230958617,0
515,229,1.170884904071222,5.1387975374467655e-09,1.1708848989324243,0
1986,655,1.1712740129456736,7.703565678859344e-08,1.1712739359100168,0
848,357,1.171606798437698,4.058412580098926e-09,1.1716067943792856,0
604,266,1.1716974355391312,1.9332896242357024e-09,1.1716974336058417,0
10,21,1.1753835196333178,0.0035261881634394087,1.1718573314698784,0
1227,511,1.1747969035544126,2.2460438143320166e-08,1.1747968810939744,0
3718,1363,1.174827778795426,1.987078351987218e-07,1.1748275800875907,0
3232,1280,1.175288325758782,1.9161999737584974e-08,1.1752883065967823,0
2892,814,1.1757891908719365,6.383608746825865e-09,1.1757891844883277,0
365,163,1.1760600738642368,8.397056430824982e-09,1.1760600654671804,0
4323,1431,1.176884200428314,4.609329671870398e-09,1.1768841958189844,0
331,149,1.1787027272773944,2.6085531576567526e-06,1.1787001187242367,0
3904,1385,1.1787039617915835,2.491181466623402e-07,1.178703712673437,0
1854,642,1.1789916542531327,2.4566019036824487e-07,1.1789914085929423,0
38,30,1.1795155014746748,1.3995090990491972e-08,1.1795154874795837,0
3477,1301,1.1799245494568074,5.411663958938156e-08,1.1799244953401677,0
3734,1364,1.1800978863008804,1.4379026263434937e-07,1.1800977425106178,0
3919,1386,1.1801853123192634,4.900734777060678e-08,1.1801852633119156,0
431,192,1.1804310262058413,1.815678488558875e-08,1.1804310080490563,0
798,340,1.1806407359718227,4.919094315537709e-06,1.1806358168775073,0
1308,545,1.1808191262428855,1.3368355449917313e-08,1.18081911287453,0
3060,838,1.1823159284667903,8.549414599389953e-09,1.1823159199173758,0
1243,519,1.1844189446221227,3.9543189212092535e-09,1.1844189406678038,0
290,132,1.184983461371492,8.164954937353357e-09,1.184983453206537,0
2179,676,1.1853532695480347,1.7061951941202096e-09,1.1853532678418395,0
1179,487,1.1853790626971896,3.2409937839515922e-09,1.185379059456196,0
3306,1281,1.185622253127819,4.4431580635070816e-08,1.1856222086962385,0
3470,1301,1.1866308622225725,5.411663958938156e-08,1.186630808105933,0
792,338,1.186723950074356,5.030929983591432e-05,1.1866736407745202,0
3837,1383,1.1875162318851538,2.2766567081976678e-08,1.1875162091185867,0
2462,716,1.1889858982108032,6.879497754930014e-08,1.1889858294158258,0
1935,648,1.1891159608149733,2.245923455519202e-07,1.1891157362226277,0
2336,705,1.1895593319936144,5.2556619686756175e-08,1.1895592794369947,0
3498,1301,1.1897935164528535,5.411663958938156e-08,1.1897934623362139,0
3347,1281,1.189916230155827,4.4431580635070816e-08,1.1899161857242464,0
1682,621,1.1900743615644662,1.7315461343681965e-07,1.1900741884098527,0
809,343,1.1904214817518886,3.8415975686549587e-07,1.1904210975921317,0
4241,1409,1.190673403820383,4.626295193606394e-08,1.190673357557431,0
2854,809,1.1906867848501081,3.5985557505034014e-09,1.1906867812515525,0
3366,1282,1.1906898272776139,4.052157546758797e-08,1.1906897867560384,0
3011,829,1.1912169837334032,2.0377728154170923e-08,1.191216963355675,0
1870,643,1.1916120523272946,6.297971756716104e-07,1.1916114225301189,0
4253,1409,1.192168564655568,4.626295193606394e-08,1.192168518392616,0
3853,1383,1.1929274883419927,2.2766567081976678e-08,1.1929274655754256,0
1186,490,1.1965257756530987,1.2281268037635742e-09,1.196525774424972,0
1800,636,1.19661756126493,5.647879626357824e-08,1.1966175047861336,0
2263,697,1.1971172128390968,1.1647995462934405e-08,1.1971172011911013,0
2799,762,1.1971379762660188,1.093430809581696e-09,1.197137975172588,0
3912,1385,1.1972814132214395,2.491181466623402e-07,1.197281164103293,0
3959,1386,1.1979421219173387,4.900734777060678e-08,1.197942072909991,0
2242,695,1.2010890716795495,1.6441722386094175e-09,1.2010890700353773,0
3882,1384,1.2013511920430198,1.013507520603529e-07,1.2013510906922678,0
983,413,1.2017534109707757,2.6095195805639042e-08,1.20175338487558,0
4055,1406,1.2020500501346962,3.909063197759953e-09,1.202050046225633,0
1135,473,1.2033030755779428,1.4542321924950228e-07,1.2033029301547236,0
371,165,1.203670362092666,5.9030963021014086e-09,1.2036703561895699,0
2938,821,1.204710806246626,1.810915886706904e-08,1.2047107881374672,0
4259,1409,1.2069390241075146,4.626295193606394e-08,1.2069389778445627,0
198,85,1.207429890933887,1.7202689396841245e-06,1.2074281706649472,0
3256,1280,1.2076958334393129,1.9161999737584974e-08,1.207695814277313,0
3423,1300,1.2096938602579184,1.0273469436160387e-07,1.209693757523224,0
3902,1385,1.2098799189720684,2.491181466623402e-07,1.2098796698539218,0
1292,538,1.2121099654613818,1.011692731627603e-07,1.2121098642921087,0
3413,1300,1.2121196765848932,1.0273469436160387e-07,1.2121195738501989,0
2040,661,1.2125608294622323,6.631361272489149e-08,1.2125607631486195,0
1919,647,1.2127807086304356,7.422360189736477e-07,1.2127799663944168,0
35,30,1.2139270388050667,1.3995090990491972e-08,1.2139270248099756,0
1351,562,1.2142273451121968,1.9105540771383473e-06,1.2142254345581196,0
1938,648,1.2144344559817926,2.245923455519202e-07,1.214434231389447,0
1018,430,1.2169345633281732,0.0015432126087478913,1.2153913507194254,0
3088,839,1.2156648506573666,5.479127808492483e-09,1.2156648451782388,0
115,61,1.2166971880103767,6.474016728245553e-08,1.2166971232702095,0
688,294,1.2181214874832675,4.068280268973235e-09,1.2181214834149872,0
3045,836,1.2185703474271619,1.1898004699724926e-08,1.218570335529157,0
3066,839,1.2190573893381345,5.479127808492483e-09,1.2190573838590066,0
2292,700,1.2207968456033218,1.8142651868789e-08,1.22079682746067,0
3603,1316,1.2212599837449887,2.554721230811279e-07,1.2212597282728657,0
2038,661,1.2217615978361294,6.631361272489149e-08,1.2217615315225165,0
3832,1366,1.2218441862230975,8.287415333324622e-09,1.2218441779356821,0
1963,652,1.2221096738276833,6.312419510679326e-08,1.2221096107034881,0
213,93,1.2231628850892973,4.9316876556880446e-08,1.2231628357724207,0
4121,1407,1.2238080334628931,1.7376710817960223e-08,1.2238080160861824,0
1402,572,1.224846308658326,6.974344417362958e-08,1.224846238914882,0
3166,1279,1.225213088558364,3.779992704035706e-09,1.2252130847783713,0
3008,829,1.2252352291202817,2.0377728154170923e-08,1.2252352087425535,0
1218,505,1.2266686212976816,1.946380845622202e-07,1.226668426659597,0
2054,661,1.227038597199268,6.631361272489149e-08,1.2270385308856553,0
3728,1363,1.2278183855166533,1.987078351987218e-07,1.227818186808818,0
1029,432,1.2291272300991751,0.0002150893639265219,1.2289121407352486,0
751,319,1.2296869319228143,1.4817839503068315e-08,1.229686917104975,0
3604,1316,1.2297052715867556,2.554721230811279e-07,1.2297050161146326,0
203,88,1.2301148521027907,4.858177703187209e-07,1.2301143662850205,0
3252,1280,1.230142119636471,1.9161999737584974e-08,1.2301421004744713,0
108,60,1.2302542820179507,7.71478049622883e-08,1.2302542048701457,0
2324,704,1.2304727876238426,3.886086598511667e-08,1.2304727487629765,0
2298,700,1.2307607678617494,1.8142651868789e-08,1.2307607497190975,0
388,179,1.2314982629514857,2.883816771035004e-05,1.2314694247837754,0
2837,806,1.2340791022887352,2.341245390468485e-09,1.2340790999474898,0
2663,744,1.234283543490864,1.866578382970872e-08,1.2342835248250803,0
1623,616,1.236212320527052,6.206770325822311e-07,1.2362116998500194,0
374,166,1.237189634327647,5.083381002556057e-09,1.237189629244266,0
162,70,1.2378118487700347,6.632322399867972e-09,1.2378118421377122,0
3630,1318,1.2392939376667966,2.0231048735218176e-08,1.2392939174357478,0
1053,440,1.24024634969467,3.0686130971678323e-07,1.2402460428333604,0
4173,1407,1.2417801619200224,1.7376710817960223e-08,1.2417801445433116,0
3886,1384,1.2419629124772456,1.013507520603529e-07,1.2419628111264935,0
2766,757,1.2427617733416427,3.4594821091418425e-09,1.2427617698821607,0
590,262,1.2452335086464532,4.524113545226303e-09,1.2452335041223397,0
695,296,1.2459026757806837,2.81686113768169e-09,1.2459026729638225,0
298,135,1.2459432724068262,5.019709210548148e-09,1.245943267387117,0
3187,1279,1.2466199779520988,3.779992704035706e-09,1.246619974172106,0
2507,719,1.2470112640854742,6.101863936296397e-08,1.247011203066835,0
2388,709,1.247952033771101,1.4163996457925274e-07,1.2479518921311363,0
1235,516,1.2480019424102242,6.931229684769043e-09,1.2480019354789946,0
3407,1299,1.24828335257901,2.2261461497552227e-08,1.2482833303175485,0
1530,604,1.2517316929629363,6.037757166314415e-07,1.2517310891872198,0
188,82,1.2520312991800515,9.402950631351099e-06,1.25202189622942,0
3159,1279,1.2522538189571648,3.779992704035706e-09,1.252253815177172,0
685,293,1.2539815953520441,4.739052323683488e-09,1.2539815906129919,0
3380,1283,1.255326649283747,8.159696042186908e-09,1.255326641124051,0
1260,527,1.2564501197622913,3.190619553743297e-05,1.2564182135667539,0
641,281,1.2582621915620322,2.047829007843258e-07,1.2582619867791314,0
3681,1361,1.2583481098623075,1.1553249482846917e-07,1.2583479943298126,0
384,176,1.2592110486985737,0.0005615770042172522,1.2586494716943564,0
2759,757,1.2588302135480345,3.4594821091418425e-09,1.2588302100885524,0
3931,1386,1.2604266701964981,4.900734777060678e-08,1.2604266211891504,0
2204,678,1.2613164306976834,2.621849109859736e-09,1.2613164280758342,0
466,210,1.2615991646574192,8.888449273249841e-05,1.2615102801646867,0
2618,737,1.2616972009399294,2.1977644091156636e-08,1.2616971789622853,0
3221,1280,1.2619014823308294,1.9161999737584974e-08,1.2619014631688297,0
1435,582,1.2621175759895031,5.83581340647513e-09,1.2621175701536897,0
2634,739,1.2634365109386085,2.0247950040438396e-08,1.2634364906906586,0
3197,1279,1.2639341046790147,3.779992704035706e-09,1.263934100899022,0
457,204,1.2655685080361803,1.0290119595054424e-09,1.2655685070071683,0
509,226,1.265852199108408,8.986971361864433e-09,1.2658521901214366,0
1964,653,1.2660839983038998,6.019380727943293e-08,1.2660839381100926,0
37,30,1.2663912900313243,1.3995090990491972e-08,1.2663912760362332,0
4117,1407,1.2673135094356043,1.7376710817960223e-08,1.2673134920588935,0
3399,1299,1.2682628960830094,2.2261461497552227e-08,1.2682628738215478,0
3238,1280,1.2685250330515356,1.9161999737584974e-08,1.2685250138895359,0
535,243,1.2688584780095222,7.443032441674668e-05,1.2687840476851056,0
1983,655,1.26977437211161,7.703565678859344e-08,1.2697742950759532,0
420,189,1.269822299023999,4.6876856752623016e-08,1.269822252147142,0
2088,665,1.27143626648996,1.6642798770652542e-07,1.2714361000619725,0
609,271,1.3022452603129038,0.02922033357204805,1.2730249267408558,0
3258,1280,1.2732865589404958,1.9161999737584974e-08,1.273286539778496,0
3897,1385,1.274332079044297,2.491181466623402e-07,1.2743318299261504,0
1200,498,1.2747552992456055,1.0594851827892371e-05,1.2747447043937776,0
264,120,1.2748635179006254,5.754624940057659e-07,1.2748629424381313,0
3124,1255,1.2750940379156466,1.1821299401159813e-09,1.2750940367335166,0
3401,1299,1.2755747313864378,2.2261461497552227e-08,1.2755747091249763,0
3888,1384,1.2760056943897076,1.013507520603529e-07,1.2760055930389556,0
80,54,1.2762030873466597,8.309765751699213e-07,1.2762022563700846,0
1293,538,1.2771128301144261,1.011692731627603e-07,1.277112728945153,0
589,261,1.2776276081146511,5.3042325648163206e-09,1.2776276028104185,0
208,90,1.279654402332832,1.5522146262005008e-07,1.2796542471113694,0
3155,1279,1.279724139067411,3.779992704035706e-09,1.2797241352874182,0
1015,425,1.2797979625670897,1.6633111445444211e-09,1.2797979609037786,0
1945,649,1.2803322346134458,3.124454934818741e-07,1.2803319221679523,0
3249,1280,1.2803497309454333,1.9161999737584974e-08,1.2803497117834335,0
3605,1317,1.2803664118248763,1.1389635089832492e-07,1.2803662979285255,0
442,197,1.2809759297878078,5.937968320256415e-09,1.2809759238498395,0
709,307,1.281643991087294,2.8964077616415644e-05,1.2816150270096778,0
994,416,1.28168601307606,1.1384551038885813e-08,1.2816860016915088,0
1710,625,1.28269159518546,8.353024585901757e-09,1.2826915868324356,0
1955,651,1.2830249560426248,4.491672856657151e-08,1.2830249111258962,0
1823,638,1.283127272713215,1.3755188092027774e-07,1.283127135161334,0
3093,839,1.2845470706118784,5.479127808492483e-09,1.2845470651327506,0
3684,1361,1.2854526700017763,1.1553249482846917e-07,1.2854525544692814,0
2148,671,1.2854700214224128,2.1635128018706295e-08,1.285469999787285,0
3508,1301,1.2882760817205494,5.411663958938156e-08,1.2882760276039098,0
1500,599,1.290243355791794,1.2636960031511893e-06,1.2902420920957909,0
3326,1281,1.2915982147208211,4.4431580635070816e-08,1.2915981702892405,0
2007,657,1.293164449026068,1.0055286381831998e-07,1.2931643484732043,0
2567,730,1.2944915060935573,1.6117308290070695e-08,1.294491489976249,0
268,122,1.2968176815544976,1.9973243526317303e-07,1.2968174818220624,0
841,355,1.2970194277714653,5.595560242800132e-09,1.297019422175905,0
1634,616,1.297240430783702,6.206770325822311e-07,1.2972398101066693,0
1815,638,1.297472652625477,1.3755188092027774e-07,1.297472515073596,0
1276,533,1.298236714422708,1.073148216334273e-06,1.2982356412744918,0
2955,824,1.299573134182822,1.9241415751883685e-08,1.2995731149414063,0
2602,735,1.301496646767402,1.7946664145324424e-08,1.301496628820738,0
2440,714,1.3024379114883802,1.3609163344581262e-07,1.3024377753967467,0
92,58,1.302777059019331,1.8545813138376171e-07,1.3027768735611998,0
313,143,1.3046621917379344,0.0006668421446938435,1.3039953495932406,0
2265,698,1.304199445101612,8.199485619261814e-09,1.3041994369021264,0
1951,650,1.3045052361394218,2.4931512808756678e-08,1.304505211207909,0
4069,1406,1.3050947752005984,3.909063197759953e-09,1.305094771291535,0
3926,1386,1.3055351577896879,4.900734777060678e-08,1.3055351087823401,0
1027,431,1.307559642273458,0.0005591252645918078,1.307000517008866,0
3577,1315,1.3073566880663137,1.3505965715733492e-06,1.3073553374697422,0
4228,1408,1.3092163690449163,4.223958835876146e-08,1.309216326805328,0
1157,480,1.313831644754414,1.3521380006846011e-08,1.313831631233034,0
1773,632,1.314271966060648,1.5869210375190914e-09,1.3142719644737269,0
3351,1281,1.3162123476953436,4.4431580635070816e-08,1.316212303263763,0
3037,835,1.316995241568124,1.6739053983465062e-08,1.3169952248290702,0
3758,1365,1.3170678853208382,1.9303153541820153e-08,1.3170678660176847,0
1117,469,1.3172180335141173,1.3814744724428442e-06,1.3172166520396449,0
3291,1281,1.3178174210854279,4.4431580635070816e-08,1.3178173766538472,0
238,102,1.3182505453920685,5.8669024770840704e-09,1.318250539525166,0
3933,1386,1.319028893783025,4.900734777060678e-08,1.3190288447756773,0
1513,600,1.3213741056457327,2.047458682263558e-06,1.3213720581870505,0
1625,616,1.3245782104901986,6.206770325822311e-07,1.324577589813166,0
1565,609,1.3247713778598957,3.141974304383581e-06,1.3247682358855914,0
3431,1300,1.325349952345407,1.0273469436160387e-07,1.3253498496107128,0
1320,551,1.3253796186685776,3.701438769058277e-09,1.3253796149671389,0
3924,1386,1.3254513682406834,4.900734777060678e-08,1.3254513192333357,0
3735,1364,1.3255021949326236,1.4379026263434937e-07,1.325502051142361,0
4101,1407,1.326281733153826,1.7376710817960223e-08,1.3262817157771152,0
2810,802,1.3271657734935043,6.614324342780838e-10,1.3271657728320718,0
1000,418,1.3277600956750928,7.327132609558786e-09,1.32776008834796,0
2060,661,1.3284444914831495,6.631361272489149e-08,1.3284444251695366,0
3272,1280,1.328660697307289,1.9161999737584974e-08,1.3286606781452892,0
510,227,1.32966862742998,7.3033210093373685e-09,1.329668620126659,0
2163,673,1.329915018011269,8.590668891449215e-09,1.3299150094206003,0
1597,614,1.3331842460217778,6.421359714566146e-07,1.3331836038858063,0
3243,1280,1.333465534289272,1.9161999737584974e-08,1.3334655151272723,0
1529,604,1.3341883728964774,6.037757166314415e-07,1.3341877691207609,0
668,289,1.3356477262466662,1.0278997868143873e-08,1.3356477159676683,0
1431,581,1.3365856965972804,6.910197783795327e-09,1.3365856896870827,0
1295,539,1.336766608261236,6.848602557229479e-08,1.3367665397752104,0
280,127,1.337182907314859,2.9586800608556163e-08,1.3371828777280583,0
585,260,1.3373985974850078,6.316149294999315e-09,1.3373985911688584,0
1866,643,1.339218247546053,6.297971756716104e-07,1.3392176177488773,0
2169,675,1.3414689498881678,1.6025067164676977e-08,1.3414689338631005,0
554,250,1.3442792485117974,1.5952037948983575e-07,1.3442790889914178,0
2330,705,1.3450364967710184,5.2556619686756175e-08,1.3450364442143987,0
1175,485,1.345676468523991,5.016996501137931e-09,1.3456764635069944,0
282,128,1.3459777875088998,2.2166051929716003e-08,1.345977765342848,0
1876,643,1.346882418038316,6.297971756716104e-07,1.3468817882411404,0
1956,652,1.3469732966699528,6.312419510679326e-08,1.3469732335457576,0
1977,654,1.34788943217433,3.5091137504838393e-08,1.3478893970831924,0
2563,729,1.3481431234753014,1.1729924572920557e-08,1.3481431117453768,0
4209,1408,1.3486775011542953,4.223958835876146e-08,1.348677458914707,0
1822,638,1.3495017749294094,1.3755188092027774e-07,1.3495016373775284,0
357,160,1.3499363810411558,1.7435620227412335e-08,1.3499363636055355,0
2362,706,1.3509421328947062,1.7915353221803177e-07,1.350941953741174,0
575,256,1.3520600113171468,1.5644700416335225e-08,1.3520599956724464,0
663,286,1.3536645006352517,2.335318320273215e-08,1.3536644772820685,0
2199,677,1.3570353879946924,2.5834896075400594e-09,1.3570353854112027,0
1768,632,1.3574500219663,1.5869210375190914e-09,1.357450020379379,0
3329,1281,1.35819746498094,4.4431580635070816e-08,1.3581974205493594,0
441,197,1.3582148394738869,5.937968320256415e-09,1.3582148335359185,0
1390,571,1.3586350189653253,8.460256519823754e-08,1.3586349343627602,0
714,309,1.3603624576462465,3.0321427849990905e-06,1.3603594255034615,0
3246,1280,1.3604288259381383,1.9161999737584974e-08,1.3604288067761385,0
759,323,1.3606118044650544,6.052183405080066e-09,1.360611798412871,0
4156,1407,1.3608095616411795,1.7376710817960223e-08,1.3608095442644688,0
4281,1410,1.363322118608855,7.635096244009848e-09,1.3633221109737588,0
16,25,1.3672073484200116,0.003527769153067157,1.3636795792669445,0
2130,668,1.3639638843917319,4.351620586068747e-08,1.3639638408755261,0
359,161,1.3658534260621569,1.3424860898272516e-08,1.3658534126372959,0
3532,1302,1.365961132961123,3.215866422566251e-08,1.3659611008024588,0
3709,1363,1.366955934218727,1.987078351987218e-07,1.3669557355108917,0
2808,802,1.3682707365533626,6.614324342780838e-10,1.3682707358919302,0
3179,1279,1.3693974073686863,3.779992704035706e-09,1.3693974035886936,0
2318,704,1.3698864315867678,3.886086598511667e-08,1.3698863927259017,0
1366,564,1.3704876637821195,1.1252057662127296e-06,1.3704865385763534,0
3580,1315,1.3707933564220793,1.3505965715733492e-06,1.3707920058255079,0
3725,1363,1.3724569363302097,1.987078351987218e-07,1.3724567376223744,0
2935,820,1.3734984468033031,1.9957607888643093e-08,1.3734984268456953,0
293,134,1.373558609697842,5.952608824411274e-09,1.3735586037452332,0
1657,618,1.3750914926666866,2.8099758412243984e-07,1.3750912116691025,0
1092,455,1.3757258525464051,3.4779627240899718e-09,1.3757258490684423,0
2949,822,1.3760872187610758,1.8550898546275704e-08,1.3760872002101772,0
1448,590,1.3764048426566848,2.676952542859581e-05,1.3763780731312563,0
567,255,1.3764123567007094,2.0854606455682286e-08,1.376412335846103,0
2368,707,1.3764968233770474,1.1303735174212855e-07,1.3764967103396957,0
1428,581,1.3766666230113485,6.910197783795327e-09,1.3766666161011507,0
4169,1407,1.377302553341125,1.7376710817960223e-08,1.3773025359644142,0
445,198,1.3779515903501465,5.0763005275119355e-09,1.377951585273846,0
2610,736,1.3780733556752742,1.9537969612372663e-08,1.3780733361373045,0
3906,1385,1.3783523190037865,2.491181466623402e-07,1.37835206988564,0
997,417,1.3804681949438649,9.030427830039965e-09,1.3804681859134371,0
1307,545,1.3810193543680853,1.3368355449917313e-08,1.3810193409997298,0
70,53,1.3815590969610543,1.2411582304904136e-06,1.3815578558028239,0
1923,648,1.386126112339497,2.245923455519202e-07,1.3861258877471514,0
2239,694,1.386220381963726,2.3605975760353972e-09,1.3862203796031285,0
2231,694,1.387243687027005,2.3605975760353972e-09,1.3872436846664076,0
534,242,1.3894091545357585,0.00027030022023044083,1.389138854315528,0
1224,510,1.3902607691467757,3.008575865731584e-08,1.390260739061017,0
75,53,1.3907796683857239,1.2411582304904136e-06,1.3907784272274935,0
3300,1281,1.392997771077548,4.4431580635070816e-08,1.3929977266459674,0
1310,547,1.3945326290995066,8.056885690260334e-09,1.394532621042621,0
58,50,1.39673180403901,2.697564246082753e-06,1.396729106474764,0
634,279,1.398863944174202,7.93459630252125e-07,1.3988631507145717,0
3602,1316,1.3995006379404964,2.554721230811279e-07,1.3995003824683734,0
1804,636,1.399910882600768,5.647879626357824e-08,1.3999108261219717,0
1241,518,1.4007626824662198,4.928278633774021e-09,1.4007626775379411,0
1567,609,1.4017980390179843,3.141974304383581e-06,1.40179489704368,0
1387,571,1.4021454383865812,8.460256519823754e-08,1.402145353784016,0
4006,1387,1.4044230617219577,3.2640089231316074e-08,1.4044230290818684,0
1912,646,1.4055867403223403,1.0035366342414018e-06,1.405585736785706,0
2120,666,1.4061569681060937,6.071483438416427e-08,1.4061569073912592,0
3833,1383,1.406566227272013,2.2766567081976678e-08,1.406566204505446,0
1921,648,1.4083308754584851,2.245923455519202e-07,1.4083306508661395,0
3666,1318,1.4119205898474456,2.0231048735218176e-08,1.4119205696163968,0
3979,1387,1.4124945436426102,3.2640089231316074e-08,1.4124945110025209,0
3743,1364,1.41295103106491,1.4379026263434937e-07,1.4129508872746475,0
1503,599,1.4129771450914472,1.2636960031511893e-06,1.412975881395444,0
4251,1409,1.4136089976621662,4.626295193606394e-08,1.4136089513992143,0
2623,737,1.4137422766618613,2.1977644091156636e-08,1.413742254684217,0
3006,828,1.414768643147037,2.3424733821990713e-08,1.414768619722303,0
3269,1280,1.4180688902223604,1.9161999737584974e-08,1.4180688710603606,0
4056,1406,1.4183079356046704,3.909063197759953e-09,1.418307931695607,0
1457,592,1.4224123764826428,1.2038988270169927e-05,1.4224003374943728,0
3980,1387,1.4237264367438751,3.2640089231316074e-08,1.4237264041037858,0
2035,660,1.4252319118703682,2.069030621799731e-07,1.425231704967306,0
2101,666,1.4256534723598449,6.071483438416427e-08,1.4256534116450104,0
3885,1384,1.42586692009322,1.013507520603529e-07,1.425866818742468,0
1016,425,1.426028907300449,1.6633111445444211e-09,1.426028905637138,0
2861,809,1.4268904784533278,3.5985557505034014e-09,1.4268904748547722,0
1984,655,1.4283146890049905,7.703565678859344e-08,1.4283146119693337,0
1568,610,1.4298949467869044,3.091268788530204e-07,1.4298946376600257,0
543,247,1.4309609230658191,1.1584086904550733e-06,1.4309597646571286,0
1940,648,1.431048808045328,2.245923455519202e-07,1.4310485834529825,0
3791,1365,1.4338149542829803,1.9303153541820153e-08,1.4338149349798268,0
1236,516,1.4339896910622991,6.931229684769043e-09,1.4339896841310695,0
1131,473,1.435933855058892,1.4542321924950228e-07,1.4359337096356728,0
1442,585,1.4359901485821631,2.289976802472491e-09,1.4359901462921862,0
864,368,1.438678870735013,0.001431505040669831,1.4372473656943432,0
124,65,1.4374693448702949,1.8670174607719223e-08,1.4374693262001204,0
2415,710,1.4386890929404543,1.24909500644038e-07,1.4386889680309536,0
2740,755,1.4394173585657983,7.611266270914285e-09,1.439417350954532,0
1786,634,1.4401887147676098,7.71138464902897e-09,1.4401887070562251,0
1203,498,1.440770960641446,1.0594851827892371e-05,1.4407603657896182,0
4140,1407,1.441381971380361,1.7376710817960223e-08,1.4413819540036503,0
3819,1366,1.4419674557539088,8.287415333324622e-09,1.4419674474664934,0
493,221,1.4423631882696115,3.631349925918248e-08,1.4423631519561122,0
4346,1433,1.4439071370553043,6.1555760883640896e-09,1.4439071308997282,0
448,199,1.4450144883817642,4.330392390211448e-09,1.4450144840513717,0
742,317,1.4457792473157582,2.711225448207795e-08,1.4457792202035038,0
2498,718,1.4461065615570998,6.132875205135868e-08,1.4461065002283477,0
4213,1408,1.4487039544335707,4.223958835876146e-08,1.4487039121939824,0
2137,670,1.449268003306141,6.969519714574414e-08,1.4492679336109437,0
301,136,1.450953710883581,3.997564382492725e-09,1.4509537068860168,0
3522,1302,1.4515569031411424,3.215866422566251e-08,1.4515568709824782,0
693,295,1.4534245476208216,3.460366730834182e-09,1.453424544160455,0
88,57,1.4539712853206752,4.486546606319145e-07,1.4539708366660147,0
531,240,1.4691290736879503,0.014390566731731686,1.4547385069562186,0
1393,572,1.4566092081287616,6.974344417362958e-08,1.4566091383853175,0
2823,803,1.4568155155196891,1.1978377979155696e-09,1.4568155143218513,0
4266,1409,1.4580260192665777,4.626295193606394e-08,1.4580259730036258,0
1994,656,1.4594852876532587,8.838290878262419e-08,1.45948519927035,0
1687,622,1.4596684359252745,1.514088174237121e-07,1.459668284516457,0
1501,599,1.461852800227842,1.2636960031511893e-06,1.4618515365318387,0
2074,662,1.4630690903189667,6.578645888348728e-08,1.4630690245325078,0
2016,658,1.463279874730768,1.0548391095971972e-07,1.463279769246857,0
1415,579,1.4638089311996172,1.185148620308153e-08,1.463808919348131,0
968,408,1.4642377059294842,2.199773489295585e-07,1.4642374859521352,0
948,400,1.465184279980657,0.0003264021815828111,1.4648578777990742,0
2716,751,1.4668984705565453,1.1683474153356078e-08,1.4668984588730711,0
1555,607,1.4681955468788512,1.0066047890550128e-06,1.4681945402740622,0
4231,1408,1.4688939769586231,4.223958835876146e-08,1.4688939347190348,0
3525,1302,1.4692771677795797,3.215866422566251e-08,1.4692771356209156,0
1577,611,1.4697071678667124,5.233449464229392e-07,1.469706644521766,0
165,71,1.4706643940910231,5.3998333574518156e-09,1.4706643886911899,0
498,222,1.471759913773889,2.599134812250936e-08,1.4717598877825409,0
1172,482,1.4719476005997845,8.464135068072434e-09,1.4719475921356493,0
2150,671,1.4720280775859855,2.1635128018706295e-08,1.4720280559508576,0
2965,824,1.4727946353729306,1.9241415751883685e-08,1.4727946161315149,0
2404,710,1.4729957986660138,1.24909500644038e-07,1.472995673756513,0
3381,1283,1.4730969357994077,8.159696042186908e-09,1.4730969276397117,0
2030,660,1.474768605093454,2.069030621799731e-07,1.4747683981903918,0
3763,1365,1.476259543269822,1.9303153541820153e-08,1.4762595239666685,0
197,85,1.4784021053880396,1.7202689396841245e-06,1.4784003851190999,0
1115,469,1.4791389312617311,1.3814744724428442e-06,1.4791375497872588,0
1113,469,1.4807198417300034,1.3814744724428442e-06,1.480718460255531,0
71,53,1.480823452327193,1.2411582304904136e-06,1.4808222111689626,0
2212,678,1.481282977073161,2.621849109859736e-09,1.4812829744513119,0
2376,708,1.4813332029347008,1.4462544711119803e-07,1.4813330583092537,0
3357,1281,1.4828683178246618,4.4431580635070816e-08,1.4828682733930811,0
3719,1363,1.4862366178379849,1.987078351987218e-07,1.4862364191301496,0
411,184,1.4887239566527144,5.550039501403951e-07,1.4887234016487643,0
3097,840,1.4892048335189543,5.8457919150388e-09,1.4892048276731624,0
2445,714,1.4897990585206606,1.3609163344581262e-07,1.4897989224290271,0
366,164,1.490132422988695,6.940591410387557e-09,1.4901324160481035,0
237,102,1.491557166934327,5.8669024770840704e-09,1.4915571610674245,0
3418,1300,1.4918201884224338,1.0273469436160387e-07,1.4918200856877395,0
1013,424,1.492056674932989,2.262972680419457e-09,1.4920566726700164,0
1110,468,1.4936846542960296,2.6433109896192985e-06,1.49368201098504,0
1632,616,1.4950780444028537,6.206770325822311e-07,1.495077423725821,0
3316,1281,1.499682775838393,4.4431580635070816e-08,1.4996827314068124,0
4018,1387,1.500413127822595,3.2640089231316074e-08,1.5004130951825057,0
819,347,1.5004734659541403,4.768241251012466e-08,1.5004734182717279,0
2317,704,1.5019784876772149,3.886086598511667e-08,1.5019784488163488,0
1929,648,1.5023945286895382,2.245923455519202e-07,1.5023943040971925,0
2216,693,1.502833786411417,2.595583068126697e-09,1.5028337838158339,0
4292,1430,1.5030671497272614,5.500540880302589e-10,1.5030671491772074,0
1119,470,1.5065264735437134,7.61202105784993e-07,1.5065257123416076,0
2589,734,1.5069020220169211,1.6937132392952706e-08,1.5069020050797888,0
3916,1386,1.506990500655616,4.900734777060678e-08,1.5069904516482682,0
4242,1409,1.50789329285189,4.626295193606394e-08,1.507893246588938,0
1146,476,1.5092463272324446,4.282095552809582e-08,1.5092462844114891,0
2736,754,1.5094344338488446,1.035640192817848e-08,1.5094344234924426,0
1690,622,1.5105961133894135,1.514088174237121e-07,1.510595961980596,0
2465,716,1.5112470795159312,6.879497754930014e-08,1.5112470107209537,0
3341,1281,1.5116544477973282,4.4431580635070816e-08,1.5116544033657475,0
2807,802,1.515426407379375,6.614324342780838e-10,1.5154264067179426,0
85,57,1.5156532761443076,4.486546606319145e-07,1.515652827489647,0
1865,643,1.5157969132924767,6.297971756716104e-07,1.515796283495301,0
486,217,1.5166210955853994,2.203359596732777e-07,1.5166208752494397,0
1903,645,1.5178011963454012,5.164357340319726e-07,1.5178006799096673,0
1909,645,1.5200618853028425,5.164357340319726e-07,1.5200613688671085,0
595,263,1.5208116589085725,3.885777998839193e-09,1.5208116550227946,0
3823,1366,1.5228598248234033,8.287415333324622e-09,1.522859816535988,0
343,153,1.5235476174936415,2.465393794551544e-07,1.5235473709542622,0
1336,561,1.5242283810169988,3.0285652466902137e-06,1.5242253524517522,0
1557,607,1.526359372468623,1.0066047890550128e-06,1.526358365863834,0
3475,1301,1.52842272817957,5.411663958938156e-08,1.5284226740629303,0
3127,1256,1.530037689205572,4.113662408166659e-09,1.5300376850919097,0
245,111,1.530456694073315,0.00021310931870790198,1.5302435847546072,0
918,387,1.5311855474853753,6.3221044270003346e-09,1.5311855411632709,0
964,405,1.5318993942619619,1.645338396373526e-06,1.5318977489235654,0
970,408,1.5326797901536078,2.199773489295585e-07,1.5326795701762588,0
2012,658,1.533381690056444,1.0548391095971972e-07,1.5333815845725332,0
425,191,1.5339200956229795,2.4222790981561632e-08,1.5339200714001886,0
1890,644,1.5344427299883732,5.08309215175101e-07,1.534442221679158,0
3176,1279,1.534622820147753,3.779992704035706e-09,1.5346228163677602,0
871,369,1.536726328849237,0.00026961870432932913,1.5364567101449076,0
1519,600,1.538778122450151,2.047458682263558e-06,1.538776074991469,0
3590,1316,1.5393667811714822,2.554721230811279e-07,1.5393665256993592,0
647,282,1.5401506805801692,1.1832299210491476e-07,1.5401505622571772,0
1633,616,1.5412757037527616,6.206770325822311e-07,1.541275083075729,0
2604,736,1.5425267541641254,1.9537969612372663e-08,1.5425267346261557,0
4321,1431,1.5432332719180766,4.609329671870398e-09,1.543233267308747,0
3626,1318,1.5433234541014897,2.0231048735218176e-08,1.543323433870441,0
1086,451,1.5437645985676889,7.1062322343046884e-09,1.5437645914614566,0
2117,666,1.5443881309540262,6.071483438416427e-08,1.5443880702391917,0
414,186,1.5457793952860215,1.783077534011158e-07,1.545779216978268,0
4235,1408,1.54647024180935,4.223958835876146e-08,1.5464701995697618,0
1605,615,1.54715187871945,7.961574476846091e-07,1.5471510825620023,0
1603,615,1.5489522324515386,7.961574476846091e-07,1.5489514362940908,0
1788,634,1.5497489835585887,7.71138464902897e-09,1.549748975847204,0
1627,616,1.5501514578876392,6.206770325822311e-07,1.5501508372106065,0
3289,1281,1.550889470334114,4.4431580635070816e-08,1.5508894259025334,0
3012,829,1.55111358647003,2.0377728154170923e-08,1.5511135660923019,0
2920,816,1.551259060521244,2.6960595300201446e-08,1.5512590335606486,0
1536,606,1.5537673976623436,1.202770552826299e-06,1.5537661948917907,0
2234,694,1.5539464121777922,2.3605975760353972e-09,1.5539464098171947,0
3174,1279,1.5544552827065077,3.779992704035706e-09,1.554455278926515,0
4047,1406,1.555740772158281,3.909063197759953e-09,1.5557407682492177,0
2000,657,1.5578918012306981,1.0055286381831998e-07,1.5578917006778343,0
3606,1317,1.55796639874185,1.1389635089832492e-07,1.5579662848454991,0
3473,1301,1.5583999825938022,5.411663958938156e-08,1.5583999284771626,0
372,166,1.5587435759166415,5.083381002556057e-09,1.5587435708332604,0
1077,449,1.5597886971802581,1.090303969354744e-08,1.5597886862772183,0
3852,1383,1.5605053671955633,2.2766567081976678e-08,1.5605053444289962,0
2795,762,1.560619846953592,1.093430809581696e-09,1.560619845860161,0
158,69,1.560868472789386,7.612323225032516e-09,1.5608684651770628,0
549,248,1.56157750990062,5.464731203879314e-07,1.5615769634274996,0
3434,1300,1.5629258017801573,1.0273469436160387e-07,1.562925699045463,0
1379,568,1.563844021745319,4.499207475542963e-07,1.5638435718245713,0
4313,1431,1.5653965782604196,4.609329671870398e-09,1.56539657365109,0
2889,813,1.5683373353773682,9.68430594832586e-09,1.5683373256930622,0
1475,595,1.5684789825253764,1.2182271787249424e-05,1.568466800253589,0
1225,510,1.5687948340443323,3.008575865731584e-08,1.5687948039585737,0
3389,1283,1.569244768157236,8.159696042186908e-09,1.5692447599975399,0
4238,1408,1.5696840552104403,4.223958835876146e-08,1.569684012970852,0
132,66,1.5715108308838532,1.755569573479537e-08,1.5715108133281575,0
1961,652,1.573873501458008,6.312419510679326e-08,1.5738734383338129,0
2641,739,1.574469599138717,2.0247950040438396e-08,1.574469578890767,0
1797,635,1.5746066201259556,6.349045073158704e-08,1.574606556635505,0
3945,1386,1.5758221548461206,4.900734777060678e-08,1.575822105838773,0
4034,1388,1.5763810949485972,4.178895364077182e-09,1.5763810907697018,0
4257,1409,1.5771605995714164,4.626295193606394e-08,1.5771605533084645,0
434,193,1.577266380464903,1.3893935071798656e-08,1.5772663665709679,0
3810,1365,1.5774674704466565,1.9303153541820153e-08,1.577467451143503,0
2481,717,1.578534764870178,3.594415906728505e-08,1.578534728926019,0
1069,444,1.5801544740105746,4.688756993735258e-08,1.5801544271230048,0
57,50,1.5832424696340972,2.697564246082753e-06,1.5832397720698512,0
453,201,1.5833198683887482,2.7392868848528057e-09,1.5833198656494614,0
2490,717,1.584152403732777,3.594415906728505e-08,1.584152367788618,0
312,143,1.5854045346031858,0.0006668421446938435,1.584737692458492,0
1856,642,1.5858090117652774,2.4566019036824487e-07,1.585808766105087,0
2442,714,1.5863110516681895,1.3609163344581262e-07,1.586310915576556,0
2984,826,1.5867465262661902,2.086011578602951e-08,1.5867465054060743,0
1520,601,1.5884050158235734,7.112595445719996e-07,1.5884043045640288,0
4089,1406,1.5897586273250603,3.909063197759953e-09,1.589758623415997,0
1953,651,1.5903396789399928,4.491672856657151e-08,1.5903396340232643,0
1008,421,1.5907433495544643,4.381192459533927e-09,1.5907433451732718,0
2532,726,1.5912211378046037,4.686593445875734e-09,1.5912211331180104,0
2297,700,1.5930076994676894,1.8142651868789e-08,1.5930076813250376,0
3511,1302,1.5933264962955234,3.215866422566251e-08,1.5933264641368592,0
1421,579,1.5962506219714663,1.185148620308153e-08,1.59625061011998,0
1040,437,1.5963654850226459,2.1788927614775177e-06,1.5963633061298843,0
3574,1314,1.5987082584207208,1.233590501437464e-07,1.5987081350616708,0
3737,1364,1.5994307044515477,1.4379026263434937e-07,1.599430560661285,0
1168,482,1.5995098489015882,8.464135068072434e-09,1.599509840437453,0
2254,696,1.600563750572118,1.5338227307169442e-08,1.6005637352338906,0
418,188,1.6010624827030573,6.945360652783853e-08,1.6010624132494509,0
2377,708,1.6019446671104236,1.4462544711119803e-07,1.6019445224849764,0
630,278,1.6026061377514396,1.8446427895990467e-06,1.60260429310865,0
2157,672,1.602773730743238,7.083308511024799e-09,1.6027737236599293,0
3936,1386,1.6027761448610867,4.900734777060678e-08,1.602776095853739,0
221,97,1.603242888972836,1.6497289646288797e-08,1.6032428724755463,0
3105,841,1.6041236293568788,5.3200196638159365e-09,1.604123624036859,0
370,165,1.606894465185442,5.9030963021014086e-09,1.6068944592823458,0
2458,714,1.6077954310774918,1.3609163344581262e-07,1.6077952949858583,0
283,129,1.6081301326833473,1.6869887254837587e-08,1.60813011581346,0
973,409,1.609494392522823,1.2903496653822628e-07,1.6094942634878564,0
4295,1430,1.6097068071883611,5.500540880302589e-10,1.6097068066383071,0
2517,721,1.6109495399430636,2.549173767037662e-08,1.610949514451326,0
1407,576,1.6111775112863944,1.833806285054195e-08,1.6111774929483316,0
2572,730,1.6122035608979364,1.6117308290070695e-08,1.612203544780628,0
2122,666,1.6138042644101298,6.071483438416427e-08,1.6138042036952953,0
4155,1407,1.614312522258765,1.7376710817960223e-08,1.6143125048820544,0
1109,468,1.6149445897235766,2.6433109896192985e-06,1.614941946412587,0
1591,614,1.6151556000985408,6.421359714566146e-07,1.6151549579625692,0
3861,1383,1.6158369075881438,2.2766567081976678e-08,1.6158368848215767,0
4136,1407,1.6163180011177913,1.7376710817960223e-08,1.6163179837410806,0
1808,638,1.617839448928208,1.3755188092027774e-07,1.617839311376327,0
3033,835,1.6181425261512852,1.6739053983465062e-08,1.6181425094122313,0
2175,676,1.6182083020950737,1.7061951941202096e-09,1.6182083003888785,0
1271,532,1.6207513638160778,1.738934405397537e-06,1.6207496248816724,0
3101,840,1.6218734273174453,5.8457919150388e-09,1.6218734214716535,0
2742,756,1.623221709203599,3.3326501953046934e-09,1.6232217058709488,0
1194,496,1.623270809374115,4.0908951484478936e-05,1.6232299004226305,0
2574,731,1.624412173571164,1.3189293928706756e-08,1.6244121603818702,0
2202,678,1.627508487984006,2.621849109859736e-09,1.6275084853621569,0
3966,1386,1.6298742634067764,4.900734777060678e-08,1.6298742143994287,0
3121,1255,1.6305948485872412,1.1821299401159813e-09,1.6305948474051113,0
1378,568,1.6308767809825715,4.499207475542963e-07,1.630876331061824,0
2661,744,1.6311807291640443,1.866578382970872e-08,1.6311807104982605,0
3382,1283,1.6340789240000257,8.159696042186908e-09,1.6340789158403297,0
1601,614,1.634772090754781,6.421359714566146e-07,1.6347714486188094,0
3894,1385,1.6350663790541506,2.491181466623402e-07,1.635066129936004,0
2998,827,1.6353872002382464,2.762840979816814e-08,1.6353871726098366,0
2224,693,1.6384646811838444,2.595583068126697e-09,1.6384646785882613,0
902,383,1.640707838166094,1.5701503787456045e-08,1.6407078224645901,0
3711,1363,1.641065950768429,1.987078351987218e-07,1.6410657520605938,0
2555,727,1.6422626444988089,7.639344870405149e-09,1.642262636859464,0
3103,841,1.6422672175322994,5.3200196638159365e-09,1.6422672122122797,0
2232,694,1.6436068019445866,2.3605975760353972e-09,1.6436067995839891,0
2628,738,1.6451922411369253,2.519139118218031e-08,1.645192215945534,0
2985,826,1.6465314462550642,2.086011578602951e-08,1.6465314253949483,0
4159,1407,1.6516623279004972,1.7376710817960223e-08,1.6516623105237864,0
574,256,1.6522774956867479,1.5644700416335225e-08,1.6522774800420474,0
2272,700,1.6523665098241083,1.8142651868789e-08,1.6523664916814564,0
3976,1387,1.6524712721346289,3.2640089231316074e-08,1.6524712394945396,0
1083,450,1.6525609177125289,8.692548537959658e-09,1.6525609090199804,0
4096,1407,1.6532502026020188,1.7376710817960223e-08,1.653250185225308,0
3098,840,1.6549165479195316,5.8457919150388e-09,1.6549165420737397,0
1345,561,1.6577225100937798,3.0285652466902137e-06,1.6577194815285332,0
3739,1364,1.6594754314264732,1.4379026263434937e-07,1.6594752876362107,0
4138,1407,1.6600368499533575,1.7376710817960223e-08,1.6600368325766468,0
4348,1433,1.661150612673367,6.1555760883640896e-09,1.661150606517791,0
2436,714,1.66161419755394,1.3609163344581262e-07,1.6616140614623065,0
2711,751,1.6637347296323133,1.1683474153356078e-08,1.663734717948839,0
2509,720,1.6639498539624833,4.598077933271663e-08,1.6639498079817039,0
1443,585,1.6643136311343554,2.289976802472491e-09,1.6643136288443785,0
2818,802,1.6652751805598363,6.614324342780838e-10,1.6652751798984038,0
613,273,1.6660936449279717,0.0007607844529455404,1.6653328604750262,0
339,153,1.6655179901638881,2.465393794551544e-07,1.6655177436245088,0
3263,1280,1.6684039823923877,1.9161999737584974e-08,1.668403963230388,0
2820,802,1.6697296172185496,6.614324342780838e-10,1.6697296165571172,0
2959,824,1.6698457728878948,1.9241415751883685e-08,1.669845753646479,0
2719,751,1.670271902920186,1.1683474153356078e-08,1.6702718912367118,0
52,50,1.6706094185296052,2.697564246082753e-06,1.6706067209653592,0
485,217,1.6709493345475528,2.203359596732777e-07,1.670949114211593,0
1249,523,1.672532064425465,1.0588554203137286e-09,1.6725320633666096,0
3531,1302,1.6743280992625418,3.215866422566251e-08,1.6743280671038776,0
3938,1386,1.6766862638914233,4.900734777060678e-08,1.6766862148840755,0
814,344,1.677395580794373,2.0471692145896986e-07,1.6773953760774516,0
2005,657,1.678663498492781,1.0055286381831998e-07,1.6786633979399173,0
1144,476,1.6812445700667098,4.282095552809582e-08,1.6812445272457543,0
3678,1361,1.6814170839211267,1.1553249482846917e-07,1.6814169683886317,0
1090,452,1.681569992869176,5.931780514871666e-09,1.6815699869373955,0
415,186,1.6872555429381044,1.783077534011158e-07,1.687255364630351,0
3983,1387,1.6888727806347454,3.2640089231316074e-08,1.6888727479946561,0
3932,1386,1.6888941908825892,4.900734777060678e-08,1.6888941418752415,0
3422,1300,1.6908977048909002,1.0273469436160387e-07,1.6908976021562059,0
4108,1407,1.691631192673787,1.7376710817960223e-08,1.6916311752970763,0
1586,613,1.6928092820955831,8.747359416147406e-07,1.6928084073596414,0
999,418,1.693093475085972,7.327132609558786e-09,1.6930934677588394,0
977,411,1.6931571507585634,5.2687136156550486e-08,1.6931570980714272,0
2912,815,1.693432351187917,1.7874488453502405e-08,1.6934323333134285,0
713,309,1.6935955197925001,3.0321427849990905e-06,1.693592487649715,0
1032,434,1.6939527859543997,2.8605460968256562e-05,1.6939241804934315,0
4229,1408,1.6971855812429022,4.223958835876146e-08,1.697185539003314,0
2916,815,1.6972509855206352,1.7874488453502405e-08,1.6972509676461467,0
0,14,1.6979204344429766,1.4917631216702765e-15,1.697920434442975,0
1884,644,1.6991463940453335,5.08309215175101e-07,1.6991458857361184,0
3799,1365,1.7002724954686057,1.9303153541820153e-08,1.7002724761654522,0
1855,642,1.7003525899292773,2.4566019036824487e-07,1.7003523442690869,0
835,352,1.7009125144169501,1.0298066720610691e-08,1.7009125041188835,0
2643,739,1.7019456826334212,2.0247950040438396e-08,1.7019456623854712,0
2050,661,1.7027267840196263,6.631361272489149e-08,1.7027267177060135,0
133,66,1.7031970332850006,1.755569573479537e-08,1.7031970157293048,0
934,391,1.703612635825742,3.195691815978828e-09,1.7036126326300502,0
170,72,1.7044450511306821,4.414364356765106e-09,1.7044450467163177,0
757,322,1.7048918062426368,7.33218140335989e-09,1.7048917989104555,0
2738,755,1.7050236932003824,7.611266270914285e-09,1.705023685589116,0
3693,1362,1.7072708033042006,1.184596113315274e-06,1.7072696187080871,0
2227,693,1.7083509117697828,2.595583068126697e-09,1.7083509091741997,0
552,250,1.7088520271792027,1.5952037948983575e-07,1.7088518676588231,0
587,261,1.7107605526253655,5.3042325648163206e-09,1.710760547321133,0
2356,706,1.7108696293007493,1.7915353221803177e-07,1.710869450147217,0
1316,550,1.712525392148843,4.738025079731593e-09,1.712525387410818,0
3706,1363,1.712675276822564,1.987078351987218e-07,1.7126750781147286,0
2041,661,1.716429414546988,6.631361272489149e-08,1.7164293482333752,0
2397,710,1.7187958481088346,1.24909500644038e-07,1.7187957231993338,0
1843,641,1.7198229456189553,2.7833944263489977e-07,1.7198226672795127,0
1641,617,1.7211927696079836,2.5164070054640665e-07,1.7211925179672831,0
210,92,1.722502224933369,6.765504817495622e-08,1.7225021572783208,0
437,194,1.7241639144059784,1.0831273962067482e-08,1.7241639035747045,0
3849,1383,1.7250479020503224,2.2766567081976678e-08,1.7250478792837554,0
2252,696,1.7253261980320955,1.5338227307169442e-08,1.7253261826938682,0
3977,1387,1.7275785476314207,3.2640089231316074e-08,1.7275785149913314,0
1197,497,1.7340499595055137,2.0477820724347005e-05,1.7340294816847892,0
3629,1318,1.7341866280476892,2.0231048735218176e-08,1.7341866078166404,0
2171,675,1.7346934341429925,1.6025067164676977e-08,1.7346934181179252,0
1114,469,1.735113345686063,1.3814744724428442e-06,1.7351119642115906,0
582,259,1.7359337450999202,7.664819844648844e-09,1.7359337374351003,0
3751,1364,1.7364106904322327,1.4379026263434937e-07,1.7364105466419701,0
4180,1407,1.7368276073036388,1.7376710817960223e-08,1.736827589926928,0
719,309,1.7389917861326911,3.0321427849990905e-06,1.738988753989906,0
3775,1365,1.7420616783057847,1.9303153541820153e-08,1.7420616590026312,0
4164,1407,1.743514213581523,1.7376710817960223e-08,1.7435141962048122,0
3225,1280,1.7441824530698442,1.9161999737584974e-08,1.7441824339078444,0
1564,609,1.747328422082867,3.141974304383581e-06,1.7473252801085628,0
2089,665,1.7480214294253789,1.6642798770652542e-07,1.7480212629973912,0
1127,471,1.749193235398044,4.275598312986921e-07,1.7491928078382126,0
2123,666,1.7496673675470384,6.071483438416427e-08,1.749667306832204,0
276,125,1.7499590272544623,5.4061689078144124e-08,1.7499589731927732,0
823,348,1.7509593659388452,3.270388527184478e-08,1.7509593332349598,0
1434,582,1.7531749485236847,5.83581340647513e-09,1.7531749426878713,0
3660,1318,1.7542873308504638,2.0231048735218176e-08,1.754287310619415,0
147,68,1.7547803254430974,1.0586459152961922e-08,1.7547803148566383,0
915,387,1.7556100485456712,6.3221044270003346e-09,1.7556100422235668,0
833,351,1.7561467658699734,1.3176500882992117e-08,1.7561467526934726,0
2978,826,1.756550156421045,2.086011578602951e-08,1.7565501355609292,0
4270,1409,1.7617487880795384,4.626295193606394e-08,1.7617487418165865,0
1790,634,1.7653220835493695,7.71138464902897e-09,1.7653220758379848,0
4183,1407,1.7660233508624732,1.7376710817960223e-08,1.7660233334857625,0
2502,719,1.7684420961230103,6.101863936296397e-08,1.768442035104371,0
2106,666,1.7722027949108814,6.071483438416427e-08,1.772202734196047,0
2183,676,1.777068539467814,1.7061951941202096e-09,1.7770685377616189,0
2326,705,1.7770829550966958,5.2556619686756175e-08,1.777082902540076,0
1516,600,1.7800220036196917,2.047458682263558e-06,1.7800199561610095,0
802,341,1.7809459462603283,1.8476424262252566e-06,1.7809440986179021,0
1444,586,1.7845613437146153,1.4664872421685887e-09,1.7845613422481281,0
3648,1318,1.7847850597384,2.0231048735218176e-08,1.7847850395073512,0
591,262,1.7878584536674178,4.524113545226303e-09,1.7878584491433043,0
1159,480,1.7916495182570398,1.3521380006846011e-08,1.7916495047356598,0
81,54,1.7956987938290208,8.309765751699213e-07,1.7956979628524457,0
2859,809,1.7959109586129183,3.5985557505034014e-09,1.7959109550143626,0
3025,832,1.796683082945787,1.49209934222326e-08,1.7966830680247936,0
1023,430,1.7983612185726083,0.0015432126087478913,1.7968180059638605,0
2725,752,1.7975053604953242,7.86812223360468e-09,1.797505352627202,0
1,15,1.8001934415523793,4.75618951523774e-14,1.8001934415523317,0
2225,693,1.8015455552558046,2.595583068126697e-09,1.8015455526602215,0
4177,1407,1.8033802441019062,1.7376710817960223e-08,1.8033802267251955,0
1213,502,1.8041834374108545,9.600909122248506e-07,1.8041824773199422,0
3778,1365,1.8044337004752726,1.9303153541820153e-08,1.804433681172119,0
686,293,1.8045173149712963,4.739052323683488e-09,1.804517310232244,0
2729,753,1.806171396706982,8.812876959405435e-09,1.806171387894105,0
2108,666,1.8082406484460622,6.071483438416427e-08,1.8082405877312278,0
659,286,1.809630499787837,2.335318320273215e-08,1.8096304764346538,0
706,307,1.8111580393307247,2.8964077616415644e-05,1.8111290752531084,0
1981,655,1.8119312997322228,7.703565678859344e-08,1.811931222696566,0
1198,497,1.812364034823206,2.0477820724347005e-05,1.8123435570024815,0
123,65,1.813487074091504,1.8670174607719223e-08,1.8134870554213294,0
173,74,1.8139763299101932,2.3798497984970796e-09,1.8139763275303433,0
762,323,1.814425839860782,6.052183405080066e-09,1.8144258338085986,0
520,231,1.814427514686672,3.715657546878369e-09,1.8144275109710144,0
2878,810,1.8170640192086749,1.2206697929920269e-08,1.817064007001977,0
330,149,1.8207763869246432,2.6085531576567526e-06,1.8207737783714855,0
3610,1317,1.8209769659611337,1.1389635089832492e-07,1.8209768520647829,0
4007,1387,1.8214766013877124,3.2640089231316074e-08,1.821476568747623,0
3595,1316,1.8237577905395719,2.554721230811279e-07,1.8237575350674489,0
657,285,1.8240658463910606,3.270521963677551e-08,1.824065813685841,0
4288,1410,1.8248353256602086,7.635096244009848e-09,1.8248353180251122,0
4021,1387,1.8255322425323086,3.2640089231316074e-08,1.8255322098922193,0
3903,1385,1.82639423474006,2.491181466623402e-07,1.8263939856219134,0
345,154,1.8273405465585542,1.4742867458054487e-07,1.8273403991298796,0
3973,1387,1.8278775299402905,3.2640089231316074e-08,1.8278774973002012,0
1150,478,1.8307950314304968,2.332501735247294e-08,1.8307950081054796,0
3255,1280,1.830917573417349,1.9161999737584974e-08,1.8309175542553493,0
568,255,1.8312314202885387,2.0854606455682286e-08,1.8312313994339322,0
2562,729,1.832974381223867,1.1729924572920557e-08,1.8329743694939424,0
2165,674,1.8349402984751273,1.2283969349929394e-08,1.834940286191158,0
4255,1409,1.8350664801922023,4.626295193606394e-08,1.8350664339292504,0
2168,675,1.8350880439104886,1.6025067164676977e-08,1.8350880278854214,0
2835,805,1.8359806879283878,2.5643368336511798e-09,1.835980685364051,0
153,68,1.8401847448916697,1.0586459152961922e-08,1.8401847343052107,0
516,229,1.8411034635477999,5.1387975374467655e-09,1.8411034584090022,0
1251,526,1.8418324147698206,4.557496352353363e-05,1.841786839806297,0
938,392,1.8422238444280878,2.5275842250490193e-09,1.8422238419005037,0
3975,1387,1.8444116395226398,3.2640089231316074e-08,1.8444116068825505,0
1511,599,1.8462452695561058,1.2636960031511893e-06,1.8462440058601026,0
670,289,1.8486180060515776,1.0278997868143873e-08,1.8486179957725797,0
1688,622,1.8486882973594048,1.514088174237121e-07,1.8486881459505873,0
827,349,1.8487230147472875,2.3373338380871722e-08,1.8487229913739491,0
2480,717,1.851089877608908,3.594415906728505e-08,1.851089841664749,0
2036,660,1.8512229114536871,2.069030621799731e-07,1.8512227045506249,0
1735,626,1.8513511993110165,1.0143396881854668e-08,1.8513511891676198,0
3614,1317,1.851449258731569,1.1389635089832492e-07,1.8514491448352182,0
332,150,1.8518894027094934,1.357433220300588e-06,1.8518880452762732,0
303,137,1.852345336123942,2.9850869166256015e-09,1.852345333138855,0
678,292,1.8537377687634435,5.59624982325154e-09,1.8537377631671936,0
122,65,1.8551596449531906,1.8670174607719223e-08,1.8551596262830161,0
3480,1301,1.8571795209413442,5.411663958938156e-08,1.8571794668247046,0
1888,644,1.8576439118978365,5.08309215175101e-07,1.8576434035886213,0
2785,759,1.8584505184746387,1.9700122967245023e-09,1.8584505165046263,0
3598,1316,1.8609005746435356,2.554721230811279e-07,1.8609003191714126,0
1167,482,1.8615241933782756,8.464135068072434e-09,1.8615241849141404,0
1206,499,1.8649212877077157,5.492249616576813e-06,1.864915795458099,0
2014,658,1.8657514611761055,1.0548391095971972e-07,1.8657513556921945,0
646,282,1.8670418311354806,1.1832299210491476e-07,1.8670417128124885,0
2124,667,1.870452158677728,3.7071120281148466e-08,1.870452121606608,0
206,90,1.8706558447107684,1.5522146262005008e-07,1.8706556894893058,0
711,308,1.8721546733892784,8.82611207828428e-06,1.8721458472772001,0
1685,621,1.8728138826294323,1.7315461343681965e-07,1.8728137094748187,0
2881,811,1.874740465698153,1.136256089345131e-08,1.874740454335592,0
2262,697,1.8759615718023064,1.1647995462934405e-08,1.875961560154311,0
3583,1315,1.8790092132330445,1.3505965715733492e-06,1.879007862636473,0
2526,723,1.8836363272266397,3.8432130136092884e-09,1.8836363233834266,0
3582,1315,1.8858969616249752,1.3505965715733492e-06,1.8858956110284038,0
2882,811,1.88904009160207,1.136256089345131e-08,1.889040080239509,0
596,263,1.889698052800679,3.885777998839193e-09,1.8896980489149011,0
813,344,1.8910936826957252,2.0471692145896986e-07,1.8910934779788038,0
4162,1407,1.8913747037085666,1.7376710817960223e-08,1.891374686331856,0
1796,634,1.893829176636549,7.71138464902897e-09,1.8938291689251643,0
1787,634,1.8948841214103287,7.71138464902897e-09,1.894884113698944,0
1792,634,1.8957207504849303,7.71138464902897e-09,1.8957207427735456,0
101,59,1.897543325214069,9.298840137370772e-08,1.8975432322256676,0
4246,1409,1.8979632110106135,4.626295193606394e-08,1.8979631647476616,0
764,324,1.905229123317726,5.08399869526447e-09,1.9052291182337273,0
399,181,1.905992140036775,4.75144713312346e-06,1.905987388589642,0
769,325,1.9088193706719478,4.334919673178927e-09,1.908819366337028,0
1914,646,1.9091356399753667,1.0035366342414018e-06,1.9091346364387325,0
2466,716,1.9098853431947094,6.879497754930014e-08,1.9098852743997319,0
524,232,1.9129629188263573,2.9881302275802234e-09,1.912962915838227,0
2349,706,1.9143176336354706,1.7915353221803177e-07,1.9143174544819384,0
1580,612,1.9147537654317406,6.124406093237143e-07,1.9147531529911312,0
3320,1281,1.9153711902298587,4.4431580635070816e-08,1.915371145798278,0
2666,744,1.9161844216800163,1.866578382970872e-08,1.9161844030142325,0
4167,1407,1.9168676113484433,1.7376710817960223e-08,1.9168675939717326,0
1121,471,1.9172395398057176,4.275598312986921e-07,1.9172391122458863,0
4100,1407,1.9189473148354328,1.7376710817960223e-08,1.918947297458722,0
3714,1363,1.9213772238299633,1.987078351987218e-07,1.921377025122128,0
3275,1280,1.9219362689477821,1.9161999737584974e-08,1.9219362497857824,0
2393,709,1.9230153593454697,1.4163996457925274e-07,1.923015217705505,0
603,266,1.9248351470287544,1.9332896242357024e-09,1.9248351450954648,0
242,104,1.9262992809187098,3.7085260764665898e-09,1.9262992772101837,0
3343,1281,1.92690052713916,4.4431580635070816e-08,1.9269004827075793,0
180,80,1.9270698141037126,3.281455474250233e-05,1.92703699954897,0
3864,1383,1.9272237885481862,2.2766567081976678e-08,1.9272237657816191,0
1862,643,1.9276787885318554,6.297971756716104e-07,1.9276781587346796,0
2283,700,1.9282394259236628,1.8142651868789e-08,1.928239407781011,0
1231,514,1.9288707810374812,1.0315767725831673e-08,1.9288707707217134,0
1908,645,1.9314772419922166,5.164357340319726e-07,1.9314767255564826,0
4328,1432,1.9329674780034427,7.482417879008781e-09,1.932967470521025,0
2280,700,1.9340812287644693,1.8142651868789e-08,1.9340812106218175,0
3756,1365,1.9398063126071678,1.9303153541820153e-08,1.9398062933040143,0
3815,1366,1.9430524562063083,8.287415333324622e-09,1.9430524479188929,0
982,413,1.94319170645886,2.6095195805639042e-08,1.9431916803636642,0
3835,1383,1.946498062692108,2.2766567081976678e-08,1.946498039925541,0
2499,718,1.9471840762465504,6.132875205135868e-08,1.9471840149177984,0
3740,1364,1.9475128788841924,1.4379026263434937e-07,1.9475127350939299,0
1278,533,1.9483929094009367,1.073148216334273e-06,1.9483918362527204,0
2821,802,1.9492568501585341,6.614324342780838e-10,1.9492568494971017,0
2514,721,1.9520713215905183,2.549173767037662e-08,1.9520712960987807,0
4300,1430,1.9538294922984172,5.500540880302589e-10,1.9538294917483632,0
3817,1366,1.9557559138972898,8.287415333324622e-09,1.9557559056098743,0
1014,424,1.9588574135760914,2.262972680419457e-09,1.9588574113131187,0
720,310,1.9593042577605495,1.2023413044663757e-06,1.959303055419245,0
3403,1299,1.960452741931974,2.2261461497552227e-08,1.9604527196705124,0
3069,839,1.9608042752522399,5.479127808492483e-09,1.960804269773112,0
1352,562,1.961337740237701,1.9105540771383473e-06,1.9613358296836239,0
186,82,1.961782992465604,9.402950631351099e-06,1.9617735895149726,0
2058,661,1.963136480943652,6.631361272489149e-08,1.9631364146300392,0
1879,643,1.9633854682534506,6.297971756716104e-07,1.9633848384562749,0
474,214,1.964018941240052,1.63444126990278e-06,1.964017306798782,0
2475,716,1.9670912655114308,6.879497754930014e-08,1.9670911967164533,0
3917,1386,1.96781688317566,4.900734777060678e-08,1.9678168341683122,0
821,348,1.9697057217342782,3.270388527184478e-08,1.9697056890303928,0
4175,1407,1.9731994786682343,1.7376710817960223e-08,1.9731994612915236,0
4179,1407,1.973703274160429,1.7376710817960223e-08,1.9737032567837183,0
702,305,1.9742245105928153,0.00036289148669930044,1.973861619106116,0
1357,563,1.9738868607706201,1.6172263994572353e-06,1.9738852435442207,0
3270,1280,1.9749173672697822,1.9161999737584974e-08,1.9749173481077824,0
831,351,1.9754378667418513,1.3176500882992117e-08,1.9754378535653505,0
2948,822,1.9782943931906214,1.8550898546275704e-08,1.9782943746397228,0
2290,700,1.9793893341511446,1.8142651868789e-08,1.9793893160084928,0
1349,561,1.9813836981774604,3.0285652466902137e-06,1.9813806696122138,0
4078,1406,1.986370444640441,3.909063197759953e-09,1.9863704407313778,0
2323,704,1.9872357908292801,3.886086598511667e-08,1.987235751968414,0
900,382,1.9909183654848175,2.0912569083592916e-08,1.9909183445722485,0
1391,571,1.9937144149138857,8.460256519823754e-08,1.9937143303113205,0
14,24,1.9989189370767777,0.005158703613818323,1.9937602334629594,0
1934,648,1.994807591296217,2.245923455519202e-07,1.9948073667038715,0
1381,569,1.9949459499451117,1.6722244251142235e-07,1.994945782722669,0
563,253,1.9956424887922786,4.094371333153583e-08,1.9956424478485653,0
2210,678,1.9962949743691651,2.621849109859736e-09,1.996294971747316,0
2631,739,1.9969305788046736,2.0247950040438396e-08,1.9969305585567236,0
2839,808,1.9998699278663465,1.5216531053850086e-09,1.9998699263446935,0
729,312,2.0003077224227814,2.7514209254202626e-07,2.0003074472806888,0
4285,1410,2.0036187582623426,7.635096244009848e-09,2.0036187506272465,0
1300,542,2.0042143135019805,2.90003748758093e-08,2.0042142845016055,0
111,61,2.0042464211190105,6.474016728245553e-08,2.004246356378843,0
1614,616,2.006432904416862,6.206770325822311e-07,2.0064322837398296,0
1927,648,2.012136792549412,2.245923455519202e-07,2.012136567957066,0
1176,485,2.012775474003503,5.016996501137931e-09,2.0127754689865065,0
3866,1384,2.013707008148303,1.013507520603529e-07,2.013706906797551,0
316,145,2.0175102958621465,5.149413593369228e-05,2.017458801726213,0
2457,714,2.0275578708317332,1.3609163344581262e-07,2.0275577347400997,0
940,393,2.0284415521726524,1.911947629676183e-09,2.028441550260705,0
2510,720,2.0301050682060264,4.598077933271663e-08,2.0301050222252472,0
3928,1386,2.0350218119576695,4.900734777060678e-08,2.0350217629503216,0
1905,645,2.0369883292379045,5.164357340319726e-07,2.0369878128021703,0
881,373,2.037665684987994,2.76088915953902e-06,2.0376629240988344,0
2616,736,2.0388889684028237,1.9537969612372663e-08,2.0388889488648543,0
777,327,2.0466643838559184,3.108128569078153e-09,2.04666438074779,0
1079,449,2.048250286518665,1.090303969354744e-08,2.0482502756156253,0
4073,1406,2.048749129474015,3.909063197759953e-09,2.0487491255649517,0
540,246,2.0497288446622934,2.751266788402296e-06,2.049726093395505,0
1302,543,2.0527461842683747,2.1447625530535752e-08,2.0527461628207493,0
3646,1318,2.053845704315254,2.0231048735218176e-08,2.053845684084205,0
2073,662,2.0576321112400793,6.578645888348728e-08,2.0576320454536203,0
205,89,2.0599884735942853,2.798498934145966e-07,2.059988193744392,0
560,252,2.0603450583241463,6.109026246974115e-08,2.0603449972338836,0
1609,615,2.065154891410723,7.961574476846091e-07,2.0651540952532756,0
3787,1365,2.0677931531319587,1.9303153541820153e-08,2.067793133828805,0
2177,676,2.0678358907416503,1.7061951941202096e-09,2.067835889035455,0
2236,694,2.068015306473499,2.3605975760353972e-09,2.0680153041129015,0
2512,721,2.0690651135076132,2.549173767037662e-08,2.0690650880158756,0
2915,815,2.070923640806962,1.7874488453502405e-08,2.0709236229324732,0
887,375,2.0756227181623563,5.476388479038397e-07,2.0756221705235083,0
419,189,2.078208944275323,4.6876856752623016e-08,2.0782088973984663,0
3444,1301,2.079948279019491,5.411663958938156e-08,2.0799482249028514,0
2720,751,2.0812208264556054,1.1683474153356078e-08,2.081220814772131,0
2515,721,2.086018492784812,2.549173767037662e-08,2.0860184672930746,0
3321,1281,2.0863923678338083,4.4431580635070816e-08,2.0863923234022277,0
3074,839,2.091279316258465,5.479127808492483e-09,2.091279310779337,0
4048,1406,2.0923845205541682,3.909063197759953e-09,2.092384516645105,0
114,61,2.0951691222213933,6.474016728245553e-08,2.095169057481226,0
704,305,2.0988337040624017,0.00036289148669930044,2.0984708125757026,0
3128,1256,2.100602387172007,4.113662408166659e-09,2.100602383058345,0
353,158,2.101018775073837,3.100393991981195e-08,2.101018744069897,0
2788,760,2.1019180644423856,2.220607880804064e-09,2.101918062221778,0
1925,648,2.103093495734448,2.245923455519202e-07,2.1030932711421024,0
279,127,2.1036257893149863,2.9586800608556163e-08,2.1036257597281858,0
1546,606,2.103901498309825,1.202770552826299e-06,2.103900295539272,0
3408,1299,2.10506395388703,2.2261461497552227e-08,2.1050639316255686,0
3518,1302,2.106818690201955,3.215866422566251e-08,2.1068186580432906,0
2608,736,2.106886029714762,1.9537969612372663e-08,2.1068860101767926,0
615,274,2.1080908667321947,0.00017547212031583247,2.107915394611879,0
3872,1384,2.109573945578176,1.013507520603529e-07,2.1095738442274237,0
3790,1365,2.112216365248982,1.9303153541820153e-08,2.112216345945828,0
2172,675,2.112217831973983,1.6025067164676977e-08,2.1122178159489158,0
295,134,2.113011678425002,5.952608824411274e-09,2.1130116724723935,0
2093,665,2.1140433623607384,1.6642798770652542e-07,2.1140431959327506,0
4236,1408,2.1141709508464928,4.223958835876146e-08,2.1141709086069045,0
1139,475,2.115534027775116,6.068122530130585e-08,2.1155339670938904,0
3146,1258,2.1163645722878273,5.866933315661621e-09,2.116364566420894,0
492,220,2.119697448645594,5.282370777806981e-08,2.1196973958218863,0
847,357,2.12103828177294,4.058412580098926e-09,2.1210382777145274,0
2678,746,2.1248964719212413,1.8008100206763095e-08,2.124896453913141,0
1694,622,2.1266010460405527,1.514088174237121e-07,2.126600894631735,0
3445,1301,2.1284586472122586,5.411663958938156e-08,2.128458593095619,0
2606,736,2.1304688582622986,1.9537969612372663e-08,2.130468838724329,0
2521,723,2.1399704455685327,3.8432130136092884e-09,2.13997044172532,0
3140,1257,2.1404716194717643,7.338749046223121e-09,2.140471612133015,0
1525,603,2.1442067810612153,1.743771877371825e-08,2.1442067636234965,0
3895,1385,2.145826826020768,2.491181466623402e-07,2.1458265769026212,0
2648,740,2.146314120053619,2.0831979799404474e-08,2.146314099221639,0
6,16,2.146874418574885,1.1055553613948295e-08,2.146874407519331,0
2345,705,2.1473744710021694,5.2556619686756175e-08,2.14737441844555,0
2068,661,2.148282339606088,6.631361272489149e-08,2.1482822732924753,0
2032,660,2.1488495762815982,2.069030621799731e-07,2.148849369378536,0
842,355,2.1506001875135947,5.595560242800132e-09,2.1506001819180343,0
3331,1281,2.1515077563686025,4.4431580635070816e-08,2.151507711937022,0
2524,723,2.151579450740931,3.8432130136092884e-09,2.1515794468977183,0
3667,1318,2.1550116607090146,2.0231048735218176e-08,2.155011640477966,0
1229,513,2.155315722192702,1.32179708753759e-08,2.1553157089747312,0
2484,717,2.1553172071393694,3.594415906728505e-08,2.15531717119521,0
43,47,2.156148435207701,8.222747116754937e-06,2.1561402124605844,0
232,101,2.156978086406571,6.889005103830069e-09,2.156978079517566,0
2639,739,2.1609033498255417,2.0247950040438396e-08,2.1609033295775917,0
1002,419,2.163392647965922,6.070875662709127e-09,2.163392641895046,0
1341,561,2.1638175872550405,3.0285652466902137e-06,2.163814558689794,0
3481,1301,2.1642192353178342,5.411663958938156e-08,2.1642191812011946,0
4283,1410,2.166305672184323,7.635096244009848e-09,2.1663056645492267,0
4202,1408,2.168804129366391,4.223958835876146e-08,2.168804087126803,0
3433,1300,2.1728221237753713,1.0273469436160387e-07,2.172822021040677,0
3733,1364,2.173370883705985,1.4379026263434937e-07,2.1733707399157223,0
2194,677,2.173789589604972,2.5834896075400594e-09,2.1737895870214827,0
2370,707,2.1747753768289755,1.1303735174212855e-07,2.1747752637916236,0
1895,644,2.175520075926569,5.08309215175101e-07,2.175519567617354,0
26,29,2.1757267446786406,1.6035008262468254e-16,2.1757267446786406,0
2660,744,2.177066490276457,1.866578382970872e-08,2.177066471610673,0
3404,1299,2.1787886996670753,2.2261461497552227e-08,2.1787886774056138,0
311,143,2.1802065493385276,0.0006668421446938435,2.179539707193834,0
146,68,2.181945757810386,1.0586459152961922e-08,2.1819457472239265,0
3883,1384,2.182206862894089,1.013507520603529e-07,2.1822067615433367,0
2411,710,2.1843560253369483,1.24909500644038e-07,2.1843559004274478,0
2879,811,2.1875513146125423,1.136256089345131e-08,2.187551303249981,0
2670,745,2.19143457411651,1.786071591059408e-08,2.191434556255794,0
1959,652,2.1944353047209373,6.312419510679326e-08,2.194435241596742,0
449,199,2.1968219512184253,4.330392390211448e-09,2.196821946888033,0
2903,814,2.1988972292687254,6.383608746825865e-09,2.1988972228851167,0
3123,1255,2.1991968538088305,1.1821299401159813e-09,2.1991968526267005,0
2045,661,2.1993681249366057,6.631361272489149e-08,2.199368058622993,0
1433,582,2.2051833285085523,5.83581340647513e-09,2.2051833226727386,0
2791,761,2.2083405359795725,1.4552030223061726e-09,2.2083405345243694,0
637,280,2.2093323764254067,3.8394080951212084e-07,2.2093319924845973,0
1680,621,2.2096124024004413,1.7315461343681965e-07,2.209612229245828,0
697,303,2.2391229106370076,0.028693796866769386,2.210429113770238,0
1829,639,2.212049784793316,4.521919985263926e-07,2.2120493326013175,0
799,340,2.2140292216411805,4.919094315537709e-06,2.214024302546865,0
3460,1301,2.2155119249149227,5.411663958938156e-08,2.215511870798283,0
1807,637,2.215546975815282,1.669023118023504e-07,2.21554680891297,0
4015,1387,2.2156929923194473,3.2640089231316074e-08,2.215692959679358,0
3395,1299,2.217219617887597,2.2261461497552227e-08,2.2172195956261356,0
805,341,2.217286862228146,1.8476424262252566e-06,2.2172850145857197,0
3354,1281,2.2180831019488405,4.4431580635070816e-08,2.21808305751726,0
2033,660,2.2198230448231295,2.069030621799731e-07,2.2198228379200673,0
557,252,2.222908576697454,6.109026246974115e-08,2.2229085156071915,0
375,167,2.223668521730536,4.2041433988735845e-09,2.223668517526393,0
3374,1282,2.2280951314223474,4.052157546758797e-08,2.228095090900772,0
4282,1410,2.2282218447178312,7.635096244009848e-09,2.228221837082735,0
110,61,2.2291437321034677,6.474016728245553e-08,2.2291436673633003,0
2519,723,2.229446518735296,3.8432130136092884e-09,2.229446514892083,0
3761,1365,2.2403706282877103,1.9303153541820153e-08,2.2403706089845565,0
1039,437,2.241200274791305,2.1788927614775177e-06,2.2411980958985436,0
1463,594,2.24756793257408,6.517653391651376e-06,2.247561414920688,0
1545,606,2.2495265422417163,1.202770552826299e-06,2.2495253394711634,0
3388,1283,2.2508008107065716,8.159696042186908e-09,2.2508008025468755,0
3914,1386,2.255409070807979,4.900734777060678e-08,2.255409021800631,0
1922,648,2.2577820128514103,2.245923455519202e-07,2.2577817882590647,0
2147,671,2.2579535286805568,2.1635128018706295e-08,2.257953507045429,0
1699,623,2.2605130047218065,6.511208078425298e-08,2.260512939609726,0
2783,759,2.262878305857894,1.9700122967245023e-09,2.2628783038878817,0
3489,1301,2.262963394633419,5.411663958938156e-08,2.2629633405167793,0
3107,841,2.264292834007367,5.3200196638159365e-09,2.2642928286873474,0
113,61,2.2644892951161713,6.474016728245553e-08,2.264489230376004,0
373,166,2.271442949295581,5.083381002556057e-09,2.2714429442122004,0
142,68,2.2726724502124998,1.0586459152961922e-08,2.2726724396260405,0
4052,1406,2.272775313515033,3.909063197759953e-09,2.2727753096059695,0
2919,815,2.2735922743182266,1.7874488453502405e-08,2.273592256443738,0
1708,625,2.2741367402194808,8.353024585901757e-09,2.2741367318664563,0
4031,1388,2.27679077201095,4.178895364077182e-09,2.2767907678320545,0
944,398,2.2846320546916745,0.005810037986130316,2.2788220167055444,0
2178,676,2.2822464045029025,1.7061951941202096e-09,2.2822464027967073,0
2207,678,2.282413726880984,2.621849109859736e-09,2.282413724259135,0
2100,665,2.2853732828178304,1.6642798770652542e-07,2.2853731163898425,0
913,386,2.288457634973913,7.68472551607477e-09,2.288457627289188,0
3858,1383,2.294485810566671,2.2766567081976678e-08,2.2944857878001037,0
74,53,2.2965223667965557,1.2411582304904136e-06,2.2965211256383253,0
914,387,2.2977367448687844,6.3221044270003346e-09,2.29773673854668,0
2596,734,2.303933819398379,1.6937132392952706e-08,2.3039338024612466,0
2482,717,2.3040059006657865,3.594415906728505e-08,2.3040058647216273,0
3203,1279,2.3096318606640485,3.779992704035706e-09,2.3096318568840557,0
705,306,2.3135206772399597,9.921223206245013e-05,2.313421465007897,0
1427,581,2.3152788288696367,6.910197783795327e-09,2.315278821959439,0
2451,714,2.317337750203864,1.3609163344581262e-07,2.3173376141122306,0
4214,1408,2.3187167926719425,4.223958835876146e-08,2.3187167504323543,0
4186,1408,2.32020460686859,4.223958835876146e-08,2.3202045646290017,0
2131,668,2.326682609265833,4.351620586068747e-08,2.326682565749627,0
3031,833,2.3297664308492076,9.483163458253209e-09,2.329766421366044,0
504,224,2.330747216439793,1.4586746520839446e-08,2.3307472018530464,0
1166,482,2.33249441959385,8.464135068072434e-09,2.332494411129715,0
3707,1363,2.333717454908205,1.987078351987218e-07,2.33371725620037,0
2926,819,2.3344945452398806,1.9519812105135988e-08,2.3344945257200687,0
976,410,2.3362609193040336,8.020719348136601e-08,2.3362608390968402,0
1574,611,2.3363190002428773,5.233449464229392e-07,2.336318476897931,0
3348,1281,2.3365266568928407,4.4431580635070816e-08,2.33652661246126,0
1585,613,2.338044117311639,8.747359416147406e-07,2.3380432425756976,0
1305,544,2.338568290433953,1.6500335180316268e-08,2.3385682739336175,0
106,60,2.340106128620864,7.71478049622883e-08,2.340106051473059,0
2780,758,2.3504335419037417,1.7871722851662934e-09,2.3504335401165695,0
2646,739,2.350872875168716,2.0247950040438396e-08,2.350872854920766,0
1024,430,2.3528499173563637,0.0015432126087478913,2.351306704747616,0
2431,713,2.363163469365861,1.163870189835716e-07,2.363163352978842,0
2787,760,2.365508426500635,2.220607880804064e-09,2.3655084242800273,0
3026,833,2.3657559659223346,9.483163458253209e-09,2.365755956439171,0
3729,1363,2.366348054188315,1.987078351987218e-07,2.36634785548048,0
3784,1365,2.36723735010768,1.9303153541820153e-08,2.3672373308045263,0
2874,809,2.3677534374435543,3.5985557505034014e-09,2.3677534338449986,0
2284,700,2.367904924976066,1.8142651868789e-08,2.3679049068334144,0
4279,1410,2.370101712399117,7.635096244009848e-09,2.370101704764021,0
140,67,2.372676852257862,1.5564638342149305e-08,2.3726768366932234,0
2816,802,2.3736696001893227,6.614324342780838e-10,2.3736695995278905,0
1539,606,2.374506668645733,1.202770552826299e-06,2.37450546587518,0
2909,814,2.3769999194552014,6.383608746825865e-09,2.3769999130715926,0
2869,809,2.3782305221802438,3.5985557505034014e-09,2.378230518581688,0
635,279,2.3884565578596466,7.93459630252125e-07,2.388455764400016,0
2543,726,2.3907378542609994,4.686593445875734e-09,2.390737849574406,0
2495,717,2.3946153656941265,3.594415906728505e-08,2.3946153297499673,0
2577,732,2.3952189342507113,9.888568239784145e-09,2.395218924362143,0
2070,662,2.395437685950021,6.578645888348728e-08,2.395437620163562,0
1612,615,2.396855484845953,7.961574476846091e-07,2.3968546886885056,0
4264,1409,2.3993962272901297,4.626295193606394e-08,2.3993961810271776,0
1698,623,2.402218812394354,6.511208078425298e-08,2.4022187472822734,0
4245,1409,2.404439080144235,4.626295193606394e-08,2.4044390338812827,0
395,180,2.4064691541853276,1.1345348717212294e-05,2.40645780883661,0
708,307,2.407827576916813,2.8964077616415644e-05,2.407798612839197,0
4154,1407,2.408558149776868,1.7376710817960223e-08,2.4085581324001573,0
1082,450,2.4130178732157486,8.692548537959658e-09,2.4130178645232,0
3776,1365,2.420956749013039,1.9303153541820153e-08,2.4209567297098853,0
3049,837,2.4219649387861946,9.742632680216967e-09,2.421964929043562,0
1602,614,2.430248888285158,6.421359714566146e-07,2.4302482461491866,0
3820,1366,2.4351731857012004,8.287415333324622e-09,2.4351731774137853,0
3698,1362,2.435433600069661,1.184596113315274e-06,2.4354324154735476,0
192,83,2.4379690616609393,5.262053479353686e-06,2.43796379960746,0
3425,1300,2.4400211069902364,1.0273469436160387e-07,2.440021004255542,0
3338,1281,2.4434731452216085,4.4431580635070816e-08,2.443473100790028,0
2974,826,2.4436167568253797,2.086011578602951e-08,2.443616735965264,0
1616,616,2.4463903626615453,6.206770325822311e-07,2.446389741984513,0
1883,643,2.4488948453770534,6.297971756716104e-07,2.4488942155798776,0
957,402,2.449937856309491,2.83610739596384e-05,2.4499094952355316,0
9,21,2.4535513957946096,0.0035261881634394087,2.45002520763117,0
2585,733,2.4503140894936846,1.5667732115724906e-08,2.4503140738259526,0
1377,567,2.4511805292910576,5.923637800937552e-07,2.4511799369272773,0
3160,1279,2.4551968112084572,3.779992704035706e-09,2.4551968074284645,0
3084,839,2.458775022202212,5.479127808492483e-09,2.458775016723084,0
2374,708,2.463248741815675,1.4462544711119803e-07,2.463248597190228,0
2189,677,2.465604331190144,2.5834896075400594e-09,2.4656043286066547,0
2817,802,2.466359150433085,6.614324342780838e-10,2.4663591497716526,0
788,336,2.468277239319881,0.0007600122297622959,2.4675172270901187,0
1498,599,2.469757510967447,1.2636960031511893e-06,2.469756247271444,0
1751,627,2.470831894773908,1.1738156773143648e-09,2.470831893600092,0
2186,677,2.4722786449061926,2.5834896075400594e-09,2.4722786423227032,0
4153,1407,2.473120896315772,1.7376710817960223e-08,2.4731208789390613,0
460,209,2.4736833280388923,0.00032813956711735,2.473355188471775,0
3950,1386,2.4744178802262864,4.900734777060678e-08,2.4744178312189384,0
1037,435,2.4768005324254516,1.132828097413248e-05,2.4767892041444775,0
789,336,2.477889214220276,0.0007600122297622959,2.477129201990514,0
2071,662,2.4774924505036475,6.578645888348728e-08,2.4774923847171886,0
318,147,2.480593454486523,1.1445866519314515e-05,2.4805820086200034,0
955,401,2.4815745267473397,8.844347775497727e-05,2.481486083269585,0
128,66,2.48164351931869,1.755569573479537e-08,2.4816435017629943,0
2111,666,2.483575165206288,6.071483438416427e-08,2.4835751044914534,0
2887,812,2.4857411674923706,1.0181566192423089e-08,2.4857411573108044,0
2638,739,2.487034977846567,2.0247950040438396e-08,2.487034957598617,0
4327,1431,2.487575709014887,4.609329671870398e-09,2.487575704405557,0
1326,558,2.488616576722372,8.132026423342172e-06,2.4886084446959487,0
367,164,2.4894394210168547,6.940591410387557e-09,2.4894394140762635,0
1853,642,2.490344158620443,2.4566019036824487e-07,2.4903439129602525,0
3821,1366,2.4917542957175183,8.287415333324622e-09,2.491754287430103,0
3927,1386,2.492340124663997,4.900734777060678e-08,2.492340075656649,0
1104,464,2.4977160860805587,5.066740049232563e-05,2.497665418680066,0
548,248,2.49805689242633,5.464731203879314e-07,2.4980563459532092,0
1072,446,2.5021811772978433,2.44151072817565e-08,2.502181152882736,0
3801,1365,2.504702185588739,1.9303153541820153e-08,2.5047021662855853,0
984,414,2.50616779173951,1.93241822817641e-08,2.5061677724153277,0
2900,814,2.506447806618643,6.383608746825865e-09,2.5064478002350343,0
1763,632,2.507687352492133,1.5869210375190914e-09,2.507687350905212,0
3652,1318,2.5082507921287136,2.0231048735218176e-08,2.5082507718976648,0
4064,1406,2.515008690365411,3.909063197759953e-09,2.5150086864563477,0
1506,599,2.5173196534418016,1.2636960031511893e-06,2.5173183897457987,0
840,354,2.519880781455794,6.724395953980391e-09,2.519880774731398,0
893,377,2.5219448955396437,1.592504414467172e-07,2.5219447362892025,0
1702,624,2.5228062009877603,8.26767216643407e-08,2.522806118311039,0
184,82,2.5247318971182495,9.402950631351099e-06,2.524722494167618,0
760,323,2.526408289241587,6.052183405080066e-09,2.526408283189404,0
1348,561,2.5286124302261457,3.0285652466902137e-06,2.528609401660899,0
1481,596,2.529473707522394,3.3093809861979176e-06,2.5294703981414077,0
3070,839,2.5304108249476105,5.479127808492483e-09,2.5304108194684827,0
44,47,2.5309335339635908,8.222747116754937e-06,2.5309253112164742,0
3896,1385,2.5312981606130998,2.491181466623402e-07,2.531297911494953,0
2917,815,2.5368307361836346,1.7874488453502405e-08,2.536830718309146,0
2827,804,2.5370262900456986,1.6106994863777075e-09,2.537026288434999,0
3687,1361,2.541963670009614,1.1553249482846917e-07,2.5419635544771193,0
95,58,2.54883150824885,1.8545813138376171e-07,2.5488313227907184,0
2271,700,2.5488789384790747,1.8142651868789e-08,2.548878920336423,0
996,417,2.554154925188728,9.030427830039965e-09,2.5541549161583,0
716,309,2.559466594980408,3.0321427849990905e-06,2.559463562837623,0
3722,1363,2.5614654668697967,1.987078351987218e-07,2.5614652681619616,0
1414,578,2.562904576036321,1.541517250642123e-08,2.5629045606211482,0
4200,1408,2.563255645859215,4.223958835876146e-08,2.5632556036196266,0
1430,581,2.565037017653311,6.910197783795327e-09,2.5650370107431133,0
2921,818,2.5688641474536795,2.267290233660616e-08,2.5688641247807773,0
1742,627,2.5718393302216858,1.1738156773143648e-09,2.57183932904787,0
2953,823,2.5741981561162643,1.8155235443100635e-08,2.574198137961029,0
3517,1302,2.5755113601319235,3.215866422566251e-08,2.5755113279732593,0
468,211,2.580598079804581,2.8439821893512402e-05,2.5805696399826874,0
4226,1408,2.5850799697791746,4.223958835876146e-08,2.5850799275395864,0
2511,720,2.587698915187323,4.598077933271663e-08,2.5876988692065437,0
2991,826,2.593810450038481,2.086011578602951e-08,2.5938104291783652,0
3126,1255,2.593823424371789,1.1821299401159813e-09,2.593823423189659,0
1153,478,2.597335509962332,2.332501735247294e-08,2.5973354866373146,0
1541,606,2.604224211730073,1.202770552826299e-06,2.60422300895952,0
3759,1365,2.613360289381983,1.9303153541820153e-08,2.613360270078829,0
838,354,2.614700298223373,6.724395953980391e-09,2.614700291498977,0
4019,1387,2.6176943395225325,3.2640089231316074e-08,2.617694306882443,0
958,402,2.6194520459589508,2.83610739596384e-05,2.619423684884991,0
1112,468,2.6250581717723667,2.6433109896192985e-06,2.625055528461377,0
3163,1279,2.627602604618754,3.779992704035706e-09,2.6276026008387614,0
1164,481,2.6288877951728176,1.0556690757251591e-08,2.628887784616127,0
3288,1281,2.632766057806218,4.4431580635070816e-08,2.6327660133746376,0
3075,839,2.6330501494600367,5.479127808492483e-09,2.633050143980909,0
3822,1366,2.6463350280237004,8.287415333324622e-09,2.646335019736285,0
1683,621,2.647851066318591,1.7315461343681965e-07,2.6478508931639775,0
1783,634,2.649750503102089,7.71138464902897e-09,2.649750495390704,0
3689,1361,2.6519024583237987,1.1553249482846917e-07,2.651902342791304,0
1149,477,2.6604130012085707,3.135554247067431e-08,2.660412969853028,0
127,65,2.6670071733041145,1.8670174607719223e-08,2.66700715463394,0
3558,1302,2.6755539263908608,3.215866422566251e-08,2.6755538942321966,0
383,169,2.6775330710845284,2.4608627619273916e-09,2.677533068623666,0
4280,1410,2.6814946026109827,7.635096244009848e-09,2.6814945949758866,0
2775,757,2.683425374046041,3.4594821091418425e-09,2.683425370586559,0
2055,661,2.6868587866931515,6.631361272489149e-08,2.6868587203795387,0
1446,590,2.687820087744368,2.676952542859581e-05,2.6877933182189393,0
3352,1281,2.688791965375563,4.4431580635070816e-08,2.6887919209439826,0
1019,430,2.6906550094781405,0.0015432126087478913,2.6891117968693927,0
1538,606,2.693830247991441,1.202770552826299e-06,2.693829045220888,0
1065,443,2.6995939862786433,6.904573028453652e-08,2.699593917232913,0
99,59,2.711447419906674,9.298840137370772e-08,2.7114473269182726,0
650,283,2.720050811511712,7.306516376092588e-08,2.7200507384465484,0
2335,705,2.7217839888567728,5.2556619686756175e-08,2.7217839363001533,0
3379,1282,2.725997452943766,4.052157546758797e-08,2.7259974124221906,0
3027,833,2.733707217261242,9.483163458253209e-09,2.7337072077780786,0
3237,1280,2.7443056333286004,1.9161999737584974e-08,2.744305614166601,0
2196,677,2.7445641868489177,2.5834896075400594e-09,2.7445641842654283,0
2307,703,2.753768497999506,4.8695878170004875e-08,2.753768449303628,0
2400,710,2.7558264093046363,1.24909500644038e-07,2.7558262843951358,0
3102,840,2.758893543616265,5.8457919150388e-09,2.758893537770473,0
3619,1317,2.7595446808547996,1.1389635089832492e-07,2.7595445669584486,0
1595,614,2.7616925205927942,6.421359714566146e-07,2.7616918784568227,0
899,382,2.761951385703784,2.0912569083592916e-08,2.761951364791215,0
2846,808,2.763305457078729,1.5216531053850086e-09,2.763305455557076,0
651,284,2.764190192647423,4.772401030319521e-08,2.7641901449234125,0
3521,1302,2.7667571111520335,3.215866422566251e-08,2.7667570789933693,0
484,216,2.7671261962027263,3.983043954863248e-07,2.7671257978983306,0
3636,1318,2.768298681629103,2.0231048735218176e-08,2.7682986613980543,0
4062,1406,2.772802971110234,3.909063197759953e-09,2.7728029672011707,0
1711,625,2.773104315025651,8.353024585901757e-09,2.7731043066726264,0
1007,421,2.786765150961075,4.381192459533927e-09,2.786765146579883,0
3302,1281,2.7870501596019346,4.4431580635070816e-08,2.787050115170354,0
3812,1366,2.796533651935053,8.287415333324622e-09,2.796533643647638,0
1608,615,2.8019756125861752,7.961574476846091e-07,2.8019748164287277,0
181,80,2.8022474075227115,3.281455474250233e-05,2.802214592967969,0
1464,594,2.8042476483705663,6.517653391651376e-06,2.8042411307171746,0
30,30,2.8108202257347825,1.3995090990491972e-08,2.8108202117396917,0
194,84,2.8123305817801727,3.030825182405636e-06,2.8123275509549903,0
49,49,2.817590552765651,1.4892006095588038e-05,2.8175756607595557,0
3674,1361,2.8222656875194345,1.1553249482846917e-07,2.82226557198694,0
1388,571,2.8239555459472134,8.460256519823754e-08,2.823955461344648,0
2642,739,2.824586772837095,2.0247950040438396e-08,2.824586752589145,0
3826,1366,2.826001941799111,8.287415333324622e-09,2.8260019335116957,0
2425,712,2.8296947422292953,1.4701113266149196e-07,2.8296945952181627,0
699,303,2.860049516340533,0.028693796866769386,2.8313557194737635,0
4157,1407,2.841071964559074,1.7376710817960223e-08,2.841071947182363,0
2812,802,2.841959062344722,6.614324342780838e-10,2.8419590616832897,0
2963,824,2.8442080211292264,1.9241415751883685e-08,2.844208001887811,0
3956,1386,2.8443046872486026,4.900734777060678e-08,2.8443046382412547,0
430,192,2.848471138982005,1.815678488558875e-08,2.84847112082522,0
3510,1301,2.84954996537098,5.411663958938156e-08,2.8495499112543405,0
1331,560,2.85270046078339,1.410300627886019e-05,2.8526863577771113,0
109,61,2.8531607937034127,6.474016728245553e-08,2.8531607289632452,0
1314,549,2.854440620278742,5.743806152115467e-09,2.8544406145349357,0
2615,736,2.855538330018702,1.9537969612372663e-08,2.8555383104807324,0
1064,443,2.8566541942978003,6.904573028453652e-08,2.85665412525207,0
2786,760,2.856929101166727,2.220607880804064e-09,2.8569290989461193,0
1579,611,2.862736964525993,5.233449464229392e-07,2.8627364411810463,0
1261,528,2.8631776008498484,1.6931629602303016e-05,2.863160669220246,0
2583,733,2.8638927317575886,1.5667732115724906e-08,2.8638927160898566,0
1732,626,2.869991954698517,1.0143396881854668e-08,2.86999194455512,0
79,53,2.8720287755763594,1.2411582304904136e-06,2.872027534418129,0
1397,572,2.8759497618686853,6.974344417362958e-08,2.875949692125241,0
4080,1406,2.8797010367945557,3.909063197759953e-09,2.8797010328854924,0
4250,1409,2.8828587971235025,4.626295193606394e-08,2.8828587508605503,0
3360,1282,2.9043952370282584,4.052157546758797e-08,2.904395196506683,0
2097,665,2.90525712350938,1.6642798770652542e-07,2.905256957081392,0
472,213,2.9092092547466066,3.810155086548826e-06,2.90920544459152,0
692,295,2.9093186981112247,3.460366730834182e-09,2.909318694650858,0
394,180,2.9097304065744187,1.1345348717212294e-05,2.9097190612257013,0
2968,824,2.911735079135997,1.9241415751883685e-08,2.9117350598945815,0
1814,638,2.92132597848317,1.3755188092027774e-07,2.921325840931289,0
4185,1408,2.9331354406426446,4.223958835876146e-08,2.9331353984030564,0
2789,760,2.936812164139906,2.220607880804064e-09,2.936812161919298,0
1478,595,2.93855371932202,1.2182271787249424e-05,2.9385415370502326,0
581,259,2.9404639841778217,7.664819844648844e-09,2.940463976513002,0
3080,839,2.945999534697307,5.479127808492483e-09,2.945999529218179,0
505,224,2.9462082298252192,1.4586746520839446e-08,2.9462082152384728,0
336,150,2.94989593504176,1.357433220300588e-06,2.9498945776085397,0
94,58,2.950551304179473,1.8545813138376171e-07,2.9505511187213416,0
2390,709,2.959394205623061,1.4163996457925274e-07,2.9593940639830962,0
4239,1409,2.963477871942696,4.626295193606394e-08,2.963477825679744,0
164,70,2.9690322289606983,6.632322399867972e-09,2.969032222328376,0
2842,808,2.970929524507104,1.5216531053850086e-09,2.970929522985451,0
1810,638,2.972339477699718,1.3755188092027774e-07,2.972339340147837,0
4262,1409,2.9731951027343553,4.626295193606394e-08,2.973195056471403,0
967,407,2.9760463129326067,3.9910160323503636e-07,2.9760459138310034,0
712,308,2.981505743475881,8.82611207828428e-06,2.981496917363803,0
3915,1386,2.982067443201254,4.900734777060678e-08,2.982067394193906,0
136,67,2.9849838459996905,1.5564638342149305e-08,2.984983830435052,0
559,252,2.9891836082150873,6.109026246974115e-08,2.9891835471248247,0
992,416,3.0026618683358577,1.1384551038885813e-08,3.0026618569513066,0
2990,826,3.006940311779199,2.086011578602951e-08,3.006940290919083,0
542,247,3.013691059153193,1.1584086904550733e-06,3.013689900744503,0
2971,825,3.0143843629333933,1.9596682994096523e-08,3.0143843433367103,0
3294,1281,3.0168784883554696,4.4431580635070816e-08,3.016878443923889,0
2860,809,3.0223927510061386,3.5985557505034014e-09,3.022392747407583,0
3589,1316,3.0227495915097173,2.554721230811279e-07,3.0227493360375943,0
2614,736,3.026276734737561,1.9537969612372663e-08,3.0262767151995917,0
1182,488,3.0305773268939316,2.4157553308238798e-09,3.0305773244781764,0
392,179,3.048787211089565,2.883816771035004e-05,3.0487583729218546,0
898,381,3.049473825442196,2.87136059555829e-08,3.0494737967285896,0
3851,1383,3.0504465728919232,2.2766567081976678e-08,3.050446550125356,0
25,28,3.0509509556153103,5.8474498370203995e-06,3.050945108165473,0
499,223,3.0585563398988507,1.921837760201514e-08,3.058556320680473,0
629,277,3.0610732177683326,4.9128654816025196e-06,3.061068304902851,0
2898,814,3.061158867009538,6.383608746825865e-09,3.0611588606259295,0
956,402,3.0673678049299733,2.83610739596384e-05,3.0673394438560138,0
189,83,3.070016266825545,5.262053479353686e-06,3.070011004772066,0
3213,1280,3.071185995792624,1.9161999737584974e-08,3.0711859766306246,0
2315,703,3.072535989935034,4.8695878170004875e-08,3.072535941239156,0
3754,1364,3.085167337302114,1.4379026263434937e-07,3.085167193511851,0
144,68,3.0860903112247997,1.0586459152961922e-08,3.0860903006383404,0
539,245,3.0896732361809915,7.421533192379311e-06,3.089665814647799,0
3211,1279,3.0929222776448397,3.779992704035706e-09,3.092922273864847,0
2325,704,3.0936779048194922,3.886086598511667e-08,3.093677865958626,0
2732,753,3.1070618006700026,8.812876959405435e-09,3.1070617918571255,0
3940,1386,3.115540464269296,4.900734777060678e-08,3.115540415261948,0
1575,611,3.117567781808635,5.233449464229392e-07,3.1175672584636884,0
2424,711,3.1242566174612176,1.702188062875357e-07,3.1242564472424115,0
3600,1316,3.1343047492222267,2.554721230811279e-07,3.1343044937501037,0
1947,649,3.140494871318719,3.124454934818741e-07,3.1404945588732254,0
2918,815,3.1417461038305454,1.7874488453502405e-08,3.141746085956057,0
2408,710,3.146072194693463,1.24909500644038e-07,3.1460720697839624,0
1725,625,3.1524008392868432,8.353024585901757e-09,3.1524008309338187,0
3023,832,3.155002380078055,1.49209934222326e-08,3.1550023651570616,0
826,348,3.155397102957647,3.270388527184478e-08,3.1553970702537617,0
2448,714,3.16661878474437,1.3609163344581262e-07,3.1666186486527366,0
961,404,3.17018824264715,3.830372806505506e-06,3.1701844122743434,0
2609,736,3.173109158981728,1.9537969612372663e-08,3.1731091394437585,0
145,68,3.187289044709053,1.0586459152961922e-08,3.187289034122594,0
3788,1365,3.1923229470874968,1.9303153541820153e-08,3.192322927784343,0
3662,1318,3.1998581276425884,2.0231048735218176e-08,3.1998581074115395,0
1667,621,3.2037723468807533,1.7315461343681965e-07,3.20377217372614,0
4049,1406,3.206791078966598,3.909063197759953e-09,3.206791075057535,0
1128,472,3.207271001697392,2.4453192689886917e-07,3.2072707571654653,0
655,285,3.2156243738574988,3.270521963677551e-08,3.2156243411522794,0
219,96,3.2208932597796354,2.1200198208512176e-08,3.2208932385794373,0
3391,1283,3.225027892282279,8.159696042186908e-09,3.225027884122583,0
2665,744,3.2321518938407405,1.866578382970872e-08,3.2321518751749565,0
2669,745,3.2338751567721498,1.786071591059408e-08,3.2338751389114337,0
3376,1282,3.2429782328818066,4.052157546758797e-08,3.242978192360231,0
3682,1361,3.2470664102996865,1.1553249482846917e-07,3.2470662947671918,0
2188,677,3.2507064259265506,2.5834896075400594e-09,3.250706423343061,0
3741,1364,3.2606225002557463,1.4379026263434937e-07,3.2606223564654835,0
3844,1383,3.2636712518687436,2.2766567081976678e-08,3.2636712291021763,0
393,180,3.273607149374013,1.1345348717212294e-05,3.2735958040252955,0
1325,558,3.2743823399128513,8.132026423342172e-06,3.274374207886428,0
701,304,3.2765710574103424,0.0019779142999728017,3.2745931431103696,0
3386,1283,3.279653963123469,8.159696042186908e-09,3.279653954963773,0
963,404,3.2869129372035,3.830372806505506e-06,3.2869091068306937,0
2314,703,3.2887615503830245,4.8695878170004875e-08,3.2887615016871465,0
2513,721,3.2931173821606494,2.549173767037662e-08,3.293117356668912,0
1078,449,3.303752254262161,1.090303969354744e-08,3.303752243359121,0
3358,1282,3.352597362013027,4.052157546758797e-08,3.3525973214914515,0
2961,824,3.359868051465491,1.9241415751883685e-08,3.3598680322240755,0
4219,1408,3.3614675376188856,4.223958835876146e-08,3.3614674953792973,0
2613,736,3.370361543524758,1.9537969612372663e-08,3.3703615239867886,0
2409,710,3.3809574474530595,1.24909500644038e-07,3.380957322543559,0
2385,708,3.3841117469612323,1.4462544711119803e-07,3.384111602335785,0
1328,558,3.3896511818183095,8.132026423342172e-06,3.389643049791886,0
1327,558,3.3935406297177653,8.132026423342172e-06,3.393532497691342,0
1761,632,3.437465514540309,1.5869210375190914e-09,3.437465512953388,0
1939,648,3.4382932260088888,2.245923455519202e-07,3.438293001416543,0
2187,677,3.439970631107564,2.5834896075400594e-09,3.4399706285240748,0
1741,627,3.446122977689798,1.1738156773143648e-09,3.446122976515982,0
2287,700,3.447852510488067,1.8142651868789e-08,3.4478524923454152,0
3798,1365,3.453788963129486,1.9303153541820153e-08,3.453788943826332,0
888,375,3.4591407324434833,5.476388479038397e-07,3.4591401848046353,0
2580,732,3.4721256044855386,9.888568239784145e-09,3.4721255945969705,0
3429,1300,3.4801763286846104,1.0273469436160387e-07,3.480176225949916,0
2316,704,3.495162616451248,3.886086598511667e-08,3.495162577590382,0
3797,1365,3.49619109771648,1.9303153541820153e-08,3.496191078413326,0
4340,1432,3.501149474543629,7.482417879008781e-09,3.5011494670612113,0
822,348,3.5012384486210975,3.270388527184478e-08,3.501238415917212,0
3780,1365,3.5190425718815543,1.9303153541820153e-08,3.5190425525784006,0
12,22,3.5259976111849634,0.005171587352920542,3.520826023832043,0
4160,1407,3.529568228888699,1.7376710817960223e-08,3.529568211511988,0
1954,651,3.540002065072036,4.491672856657151e-08,3.5400020201553075,0
3783,1365,3.55712892008785,1.9303153541820153e-08,3.5571289007846962,0
784,335,3.5704642179907244,0.005901110939811697,3.5645631070509127,0
1022,430,3.5678068665290628,0.0015432126087478913,3.566263653920315,0
3828,1366,3.5667078482430123,8.287415333324622e-09,3.566707839955597,0
2303,702,3.5674697386644025,6.578912737972267e-08,3.567469672875275,0
4146,1407,3.56761452912855,1.7376710817960223e-08,3.5676145117518394,0
4218,1408,3.568428749460234,4.223958835876146e-08,3.5684287072206455,0
2539,726,3.570023953047704,4.686593445875734e-09,3.5700239483611105,0
2741,755,3.5742642488093925,7.611266270914285e-09,3.5742642411981262,0
3670,1318,3.5817062038351817,2.0231048735218176e-08,3.581706183604133,0
2843,808,3.5853396465701164,1.5216531053850086e-09,3.5853396450484634,0
489,219,3.5858272211539455,8.060656713732763e-08,3.5858271405473783,0
1499,599,3.5940488470697947,1.2636960031511893e-06,3.5940475833737917,0
4317,1431,3.5982428413985352,4.609329671870398e-09,3.5982428367892054,0
1026,431,3.600811460498904,0.0005591252645918078,3.600252335234312,0
2592,734,3.6010871519505,1.6937132392952706e-08,3.6010871350133673,0
3147,1258,3.6061842319612496,5.866933315661621e-09,3.6061842260943164,0
3313,1281,3.6450961196091676,4.4431580635070816e-08,3.645096075177587,0
3035,835,3.648290899701574,1.6739053983465062e-08,3.64829088296252,0
1661,619,3.6509550584014097,4.0677440151845633e-07,3.650954651627008,0
152,68,3.662484538878716,1.0586459152961922e-08,3.6624845282922567,0
4142,1407,3.6690139981189325,1.7376710817960223e-08,3.6690139807422217,0
2113,666,3.682473065337786,6.071483438416427e-08,3.6824730046229517,0
993,416,3.687146359874788,1.1384551038885813e-08,3.687146348490237,0
1999,657,3.7255250491149994,1.0055286381831998e-07,3.7255249485621356,0
3723,1363,3.731217390034189,1.987078351987218e-07,3.731217191326354,0
2006,657,3.7350308357704147,1.0055286381831998e-07,3.735030735217551,0
1467,594,3.7426138366159227,6.517653391651376e-06,3.742607318962531,0
2537,726,3.753906523061591,4.686593445875734e-09,3.753906518374998,0
598,264,3.7687614412229666,3.2213890953702092e-09,3.7687614380015777,0
752,319,3.7697755068464813,1.4817839503068315e-08,3.769775492028642,0
253,115,3.7741281051276765,1.0775085828438516e-05,3.774117330041848,0
2478,716,3.78909973408728,6.879497754930014e-08,3.7890996652923024,0
2384,708,3.8022260354086472,1.4462544711119803e-07,3.8022258907832,0
3461,1301,3.8075020217984403,5.411663958938156e-08,3.8075019676818007,0
86,57,3.8310355690742637,4.486546606319145e-07,3.831035120419603,0
3387,1283,3.8475285987979695,8.159696042186908e-09,3.8475285906382735,0
1828,639,3.852709839656143,4.521919985263926e-07,3.8527093874641447,0
4284,1410,3.872951532228633,7.635096244009848e-09,3.872951524593537,0
1673,621,3.8998204511284738,1.7315461343681965e-07,3.8998202779738604,0
2856,809,3.9227970166821433,3.5985557505034014e-09,3.9227970130835876,0
2017,658,3.9594482436694256,1.0548391095971972e-07,3.9594481381855147,0
1334,560,3.964743079476841,1.410300627886019e-05,3.964728976470562,0
1973,654,3.9700619249923847,3.5091137504838393e-08,3.970061889901247,0
2269,699,3.976541286305358,6.7754999625582875e-09,3.976541279529858,0
2712,751,3.9795621785947017,1.1683474153356078e-08,3.9795621669112275,0
1626,616,4.006275627982354,6.206770325822311e-07,4.006275007305321,0
3846,1383,4.01465229518776,2.2766567081976678e-08,4.014652272421193,0
1057,441,4.022705263620498,1.7721664783874368e-07,4.0227050864038505,0
1184,489,4.03731789753445,1.740393629238015e-09,4.0373178957940565,0
2565,730,4.0488703457043425,1.6117308290070695e-08,4.048870329587034,0
3874,1384,4.052338732694319,1.013507520603529e-07,4.052338631343567,0
2219,693,4.097781212486287,2.595583068126697e-09,4.097781209890703,0
1622,616,4.121247168561262,6.206770325822311e-07,4.12124654788423,0
4163,1407,4.124897457897861,1.7376710817960223e-08,4.12489744052115,0
1581,612,4.1295829874493455,6.124406093237143e-07,4.129582375008736,0
1190,495,4.131209268164633,0.0001258059873168892,4.131083462177316,0
1270,531,4.141074275389276,2.9847163785564578e-06,4.1410712906728975,0
2143,671,4.15547078065644,2.1635128018706295e-08,4.155470759021312,0
3524,1302,4.295978442978999,3.215866422566251e-08,4.295978410820335,0
2625,737,4.300078344245552,2.1977644091156636e-08,4.300078322267908,0
4178,1407,4.303660844508971,1.7376710817960223e-08,4.30366082713226,0
1709,625,4.316085292110548,8.353024585901757e-09,4.316085283757523,0
4150,1407,4.320491814464718,1.7376710817960223e-08,4.320491797088008,0
2737,754,4.361521601136529,1.035640192817848e-08,4.361521590780127,0
3529,1302,4.363895397630062,3.215866422566251e-08,4.3638953654713974,0
3811,1366,4.36521663783008,8.287415333324622e-09,4.365216629542664,0
3680,1361,4.367925681728592,1.1553249482846917e-07,4.367925566196098,0
2459,714,4.378705486608168,1.3609163344581262e-07,4.378705350516535,0
3065,839,4.399155588048952,5.479127808492483e-09,4.399155582569825,0
3679,1361,4.406690517273977,1.1553249482846917e-07,4.406690401741482,0
150,68,4.407521843164372,1.0586459152961922e-08,4.407521832577913,0
1975,654,4.415858739575525,3.5091137504838393e-08,4.415858704484388,0
1620,616,4.416103440337826,6.206770325822311e-07,4.416102819660794,0
741,316,4.42906148724346,3.871725162265504e-08,4.429061448526208,0
3671,1318,4.470957802035152,2.0231048735218176e-08,4.4709577818041035,0
166,71,4.487728759765125,5.3998333574518156e-09,4.487728754365292,0
1629,616,4.552567087094306,6.206770325822311e-07,4.552566466417273,0
1654,618,4.563655040037139,2.8099758412243984e-07,4.563654759039554,0
471,212,4.5649980983721274,9.898989658998527e-06,4.564988199382468,0
3355,1281,4.590282174498534,4.4431580635070816e-08,4.590282130066954,0
577,257,4.613443936425967,1.2048607306273994e-08,4.61344392437736,0
1540,606,4.664456570366149,1.202770552826299e-06,4.664455367595597,0
3830,1366,4.6822087444919385,8.287415333324622e-09,4.682208736204523,0
1990,655,4.699250546815692,7.703565678859344e-08,4.6992504697800355,0
495,221,4.726528226267581,3.631349925918248e-08,4.726528189954082,0
3488,1301,4.7437068957047055,5.411663958938156e-08,4.743706841588066,0
3946,1386,4.748558777741858,4.900734777060678e-08,4.74855872873451,0
3656,1318,4.759328956541889,2.0231048735218176e-08,4.75932893631084,0
536,244,4.775627688121769,2.258791528852551e-05,4.775605100206481,0
4318,1431,4.789407187980851,4.609329671870398e-09,4.789407183371521,0
3748,1364,4.817485547175066,1.4379026263434937e-07,4.817485403384803,0
3022,832,4.821346986151716,1.49209934222326e-08,4.821346971230723,0
2972,826,4.830683400979855,2.086011578602951e-08,4.83068338011974,0
3150,1279,4.889934000301383,3.779992704035706e-09,4.889933996521391,0
1599,614,4.897329131416895,6.421359714566146e-07,4.897328489280924,0
676,291,4.899155211063099,6.718707522738776e-09,4.899155204344392,0
458,205,4.906134995417797,7.415519185618643e-10,4.906134994676245,0
3609,1317,4.916763492269126,1.1389635089832492e-07,4.916763378372775,0
3465,1301,4.936648095066292,5.411663958938156e-08,4.9366480409496525,0
1970,654,4.997488361431735,3.5091137504838393e-08,4.997488326340598,0
2118,666,5.015486139535279,6.071483438416427e-08,5.015486078820445,0
3073,839,5.143470653988453,5.479127808492483e-09,5.143470648509326,0
3486,1301,5.15751898583114,5.411663958938156e-08,5.157518931714501,0
1887,644,5.172600842037141,5.08309215175101e-07,5.172600333727926,0
721,310,5.203451826868246,1.2023413044663757e-06,5.203450624526941,0
507,225,5.2177281253155385,1.1321634408964313e-08,5.217728113993904,0
926,389,5.285273136385061,4.507853144182135e-09,5.285273131877208,0
333,150,5.306446901317481,1.357433220300588e-06,5.306445543884261,0
2149,671,5.319200217246891,2.1635128018706295e-08,5.319200195611763,0
1705,624,5.323507840072293,8.26767216643407e-08,5.323507757395571,0
4058,1406,5.34451672968508,3.909063197759953e-09,5.344516725776017,0
2228,693,5.613108107646064,2.595583068126697e-09,5.613108105050481,0
2541,726,5.9451180638856425,4.686593445875734e-09,5.945118059199049,0
1130,472,6.035530594216841,2.4453192689886917e-07,6.0355303496849135,0
2581,733,6.181760921507779,1.5667732115724906e-08,6.181760905840047,0
285,130,6.35021283253455,1.3160643866260335e-08,6.350212819373906,0
2549,726,6.605256127865113,4.686593445875734e-09,6.60525612317852,0
1347,561,6.692257407282648,3.0285652466902137e-06,6.692254378717402,0
2706,751,6.71902068478313,1.1683474153356078e-08,6.7190206730996564,0
783,335,6.974788777371843,0.005901110939811697,6.968887666432031,0
2401,710,6.972074594740921,1.24909500644038e-07,6.97207446983142,0
622,276,8.317602629373111,1.5004423504892538e-05,8.317587624949606,0
