Dloc_max,F0_residual_N_per_m,H_attempt,P_max,S_no_attempt,Umax_m,Umin_m,ale_accept_scale,ale_geometry_active,block,block_limited_by_birth_clock,case,cleavage_clock_model,cycles_connected,cycles_diffuse_abort,cycles_first_embryo,cycles_first_expected_embryo,cycles_first_expected_stable,cycles_first_softening,cycles_first_stable,cycles_front_capture,cycles_front_stalled,cycles_root_connected,cycles_target,cycles_total,cycles_two_horizon_crack,dN,delivery_hit_count,delivery_memory_s,delivery_scale,delivery_source,delivery_source_multiplicity,dep_eq_block_max,dep_eq_cycle_max,effective_scratch_Kt_max,epsp_acc_max,fatigue_model,fatigue_model_preset_applied,fem_scratch_Kt_max,geometry_invalid_reason,geometry_limit_mode,geometry_saturated,geometry_saturation_cycles,geometry_taper_factor,global_action_increment,global_action_increment_per_cycle,global_action_ledger_closure_error,global_attempt_count,global_clock_policy_state,global_threshold_action,marked_attempt_pd_node_id,marked_attempt_probability,marked_attempt_site_id,max_blocks_requested,minimum_element_area_over_initial,next_birth_wait_cycles_pre,pd_active_front,pd_active_front_bonds,pd_active_front_length_m,pd_amplification_max,pd_birth_rate_max_per_cycle,pd_bond_damage_max,pd_broken_bonds,pd_completion_max,pd_connected_bonds,pd_connected_extent_m,pd_crack_axial_coverage,pd_crack_boundary_clearance_m,pd_crack_centerline_length_m,pd_crack_local_upper_K_MPam05,pd_crack_max_axial_gap_m,pd_crack_orientation_coherence,pd_crack_orientation_deg,pd_crack_remote_KII_MPam05,pd_crack_remote_KI_MPam05,pd_crack_remote_K_MPam05,pd_crack_slenderness,pd_crack_surface_gap_m,pd_crack_tip_radius_eff_m,pd_crack_tip_width_m,pd_crack_width_m,pd_crack_width_ratio,pd_delivery_events_cycle_max,pd_delivery_memory_max,pd_delivery_rate_max_s,pd_diffuse_abort,pd_effective_stress_max_Pa,pd_embryo_max,pd_expected_births_cumulative,pd_expected_candidate_sites,pd_expected_embryos,pd_expected_stable,pd_front_backbone_bonds,pd_front_candidate_mode,pd_front_eligible_fallback,pd_front_eligible_preferred,pd_front_max_link_rate_per_cycle,pd_front_process_bonds,pd_front_stall_updates,pd_front_stalled,pd_front_wake_bonds,pd_growth_max,pd_handoff_K_pass,pd_handoff_boundary_pass,pd_handoff_competition_pass,pd_handoff_coverage_pass,pd_handoff_front_pass,pd_handoff_length_pass,pd_handoff_orientation_pass,pd_handoff_pass,pd_handoff_slenderness_pass,pd_handoff_surface_pass,pd_handoff_tip_pass,pd_max_rate_per_cycle,pd_nucleation_hazard_cycle_max,pd_nucleation_rate_max_s,pd_off_front_broken_bonds,pd_off_front_broken_fraction,pd_precapture_stalled,pd_primary_seed_node,pd_primary_seed_reselections,pd_primary_seed_stall_updates,pd_realized_births_cumulative,pd_realized_candidate_sites,pd_realized_embryos,pd_realized_stable,pd_stable_max,pd_temporal_transient_cycles,plastic_work_J_per_m,remote_sigma_max_Pa,residual_sigma1_max_Pa,rho_max_m2,rho_mean_m2,root_radius_m,root_radius_over_initial,root_radius_over_spacing,root_x_m,root_y_m,sigma1_cycle_max_Pa,sigma_a_MPa,surface_move_max_m,surface_shear_gamma_nt_max,v9_fem_embedded_error,v9_fem_error_ep_gp,v9_fem_error_epsp_acc_gp,v9_fem_error_rho_gp,v9_fem_rejections
0.0,-1.381976749849361e-18,1.6356849542346683,0.0,0.1948188835686146,2.348293699380713e-05,2.3482936993807135e-06,0.0,False,2,False,shielded,v9_four_class_stateful_PD_shared_root_m1_marked_embryo_v1,nan,nan,nan,nan,nan,nan,nan,nan,nan,nan,100000000000000.0,128.6103515625,nan,0.6103515625,2.0,0.001,1.0,emission,13098.721493975596,2.620788179182922e-27,4.293899352773352e-27,2.0180510680310784,5.522399053501432e-25,custom,False,2.033691229284313,,terminate,False,nan,1.0,0.007762538983377193,0.012718143870365194,2.220446049250313e-16,0,active,2.302585092994046,nan,nan,nan,1000000,1.0,inf,False,0,0.0,1.0,0.0,0.0,0,5.668317559082714e-36,0,0.0,0.0,0.0,0.0,0.0,inf,0.0,0.0,0.0,0.0,0.0,0.0,inf,inf,0.0,0.0,inf,2.5190613855026774e-18,3.366991998530057e-18,1.2439845403479572e-14,False,10323452352.461205,0.0,0.0,3741.9095810948684,0.0,0.0,0,0,0,0,0.0,0,0,False,0,0.0,False,False,False,False,False,False,False,False,False,False,False,0.0,77.56388924428384,890421.8094398007,0,0.0,False,-1,0,0,0,3804,0,0,0.0,20,5.663762176796067e-23,5115555555.555555,1.879034543727612e-14,1000000000000.0,1000000000000.0,0.0005987445183220907,1.0,49.89537652684091,0.00014991623455953818,-1.0024493102302374e-05,10403460466.249973,2302.0,0.0,0.0,2.2958874039497803e-33,2.2958874039497803e-33,0.0,0.0,0
0.0,-1.3879727753146047e-18,1.6434474932171999,0.0,0.19331244883398638,2.348293699380713e-05,2.3482936993807135e-06,0.0,False,3,False,shielded,v9_four_class_stateful_PD_shared_root_m1_marked_embryo_v1,nan,nan,nan,nan,nan,nan,nan,nan,nan,nan,100000000000000.0,129.220703125,nan,0.6103515625,2.0,0.001,1.0,emission,13098.721493975596,2.6207881790775866e-27,4.2938993526007594e-27,2.0180510680264914,5.548606935292208e-25,custom,False,2.033691229284313,,terminate,False,nan,1.0,0.007762538982531415,0.012718143868979471,2.220446049250313e-16,0,active,2.302585092994046,nan,nan,nan,1000000,1.0,inf,False,0,0.0,1.0,0.0,0.0,0,5.668317559095764e-36,0,0.0,0.0,0.0,0.0,0.0,inf,0.0,0.0,0.0,0.0,0.0,0.0,inf,inf,0.0,0.0,inf,2.5190613854538304e-18,3.3669919985339328e-18,1.2439845403232696e-14,False,10323452352.43774,0.0,0.0,3741.9095810948684,0.0,0.0,0,0,0,0,0.0,0,0,False,0,0.0,False,False,False,False,False,False,False,False,False,False,False,0.0,77.5638892361371,890421.8093471443,0,0.0,False,-1,0,0,0,3804,0,0,0.0,21,5.690640931515479e-23,5115555555.555555,1.887671099261018e-14,1000000000000.0,1000000000000.0,0.0005987445183220907,1.0,49.89537652684091,0.00014991623455953818,-1.0024493102302374e-05,10403460466.249973,2302.0,0.0,0.0,5.739718509874451e-34,5.739718509874451e-34,0.0,0.0,0
0.0,-1.394610938504434e-18,1.6512100321997312,0.0,0.1918176625882938,2.348293699380713e-05,2.3482936993807135e-06,0.0,False,4,False,shielded,v9_four_class_stateful_PD_shared_root_m1_marked_embryo_v1,nan,nan,nan,nan,nan,nan,nan,nan,nan,nan,100000000000000.0,129.8310546875,nan,0.6103515625,2.0,0.001,1.0,emission,13098.721493975596,2.6207881790775866e-27,4.2938993526007594e-27,2.0180510680264914,5.574814817082984e-25,custom,False,2.033691229284313,,terminate,False,nan,1.0,0.007762538982531415,0.012718143868979471,0.0,0,active,2.302585092994046,nan,nan,nan,1000000,1.0,inf,False,0,0.0,1.0,0.0,0.0,0,5.2529264398240666e-36,0,0.0,0.0,0.0,0.0,0.0,inf,0.0,0.0,0.0,0.0,0.0,0.0,inf,inf,0.0,0.0,inf,2.5190613854538304e-18,3.2412733423221395e-18,1.2439845403232696e-14,False,10323452352.43774,0.0,0.0,3741.9095810948684,0.0,0.0,0,0,0,0,0.0,0,0,False,0,0.0,False,False,False,False,False,False,False,False,False,False,False,0.0,77.5638892361371,890421.8093471443,0,0.0,False,-1,0,0,0,3804,0,0,0.0,20,5.717519686234891e-23,5115555555.555555,1.8965794294022123e-14,1000000000000.0,1000000000000.0,0.0005987445183220907,1.0,49.89537652684091,0.00014991623455953818,-1.0024493102302374e-05,10403460466.249973,2302.0,0.0,0.0,4.5917748078995606e-33,4.5917748078995606e-33,0.0,0.0,0
0.0,-1.4012522036215603e-18,1.6589725711822625,0.0,0.1903344347597326,2.348293699380713e-05,2.3482936993807135e-06,0.0,False,5,False,shielded,v9_four_class_stateful_PD_shared_root_m1_marked_embryo_v1,nan,nan,nan,nan,nan,nan,nan,nan,nan,nan,100000000000000.0,130.44140625,nan,0.6103515625,2.0,0.001,1.0,emission,13098.721493975596,2.6207881790775866e-27,4.2938993526007594e-27,2.0180510680264914,5.601022698873759e-25,custom,False,2.033691229284313,,terminate,False,nan,1.0,0.007762538982531415,0.012718143868979471,0.0,0,active,2.302585092994046,nan,nan,nan,1000000,1.0,inf,False,0,0.0,1.0,0.0,0.0,0,5.668317559098341e-36,0,0.0,0.0,0.0,0.0,0.0,inf,0.0,0.0,0.0,0.0,0.0,0.0,inf,inf,0.0,0.0,inf,2.5190613854538304e-18,3.3669919985346985e-18,1.2439845403232696e-14,False,10323452352.43774,0.0,0.0,3741.9095810948684,0.0,0.0,0,0,0,0,0.0,0,0,False,0,0.0,False,False,False,False,False,False,False,False,False,False,False,0.0,77.5638892361371,890421.8093471443,0,0.0,False,-1,0,0,0,3804,0,0,0.0,21,5.744398440954302e-23,5115555555.555555,1.9054566536351477e-14,1000000000000.0,1000000000000.0,0.0005987445183220907,1.0,49.89537652684091,0.00014991623455953818,-1.0024493102302374e-05,10403460466.249973,2302.0,0.0,0.0,1.4349296274686127e-34,1.4349296274686127e-34,0.0,0.0,0
0.0,-1.407790161634997e-18,1.6667351101647938,0.0,0.18886267597297773,2.348293699380713e-05,2.3482936993807135e-06,0.0,False,6,False,shielded,v9_four_class_stateful_PD_shared_root_m1_marked_embryo_v1,nan,nan,nan,nan,nan,nan,nan,nan,nan,nan,100000000000000.0,131.0517578125,nan,0.6103515625,2.0,0.001,1.0,emission,13098.721493975596,2.6207881790775866e-27,4.2938993526007594e-27,2.0180510680264914,5.627230580664535e-25,custom,False,2.033691229284313,,terminate,False,nan,1.0,0.007762538982531415,0.012718143868979471,0.0,0,active,2.302585092994046,nan,nan,nan,1000000,1.0,inf,False,0,0.0,1.0,0.0,0.0,0,4.444360007200051e-36,0,0.0,0.0,0.0,0.0,0.0,inf,0.0,0.0,0.0,0.0,0.0,0.0,inf,inf,0.0,0.0,inf,2.5190613854538304e-18,2.9813956487524603e-18,1.2439845403232696e-14,False,10323452352.43774,0.0,0.0,3741.9095810948684,0.0,0.0,0,0,0,0,0.0,0,0,False,0,0.0,False,False,False,False,False,False,False,False,False,False,False,0.0,77.5638892361371,890421.8093471443,0,0.0,False,-1,0,0,0,3804,0,0,0.0,20,5.771277195673714e-23,5115555555.555555,1.9143594861033525e-14,1000000000000.0,1000000000000.0,0.0005987445183220907,1.0,49.89537652684091,0.00014991623455953818,-1.0024493102302374e-05,10403460466.249973,2302.0,0.0,0.0,2.8698592549372254e-34,2.8698592549372254e-34,0.0,0.0,0
0.0,-1.4143746614825869e-18,1.6744976491473254,0.0,0.18740229754379775,2.348293699380713e-05,2.3482936993807135e-06,0.0,False,7,False,shielded,v9_four_class_stateful_PD_shared_root_m1_marked_embryo_v1,nan,nan,nan,nan,nan,nan,nan,nan,nan,nan,100000000000000.0,131.662109375,nan,0.6103515625,2.0,0.001,1.0,emission,13098.721493975596,2.6207881790775866e-27,4.2938993526007594e-27,2.0180510680264914,5.653438462455311e-25,custom,False,2.033691229284313,,terminate,False,nan,1.0,0.007762538982531415,0.012718143868979471,2.220446049250313e-16,0,active,2.302585092994046,nan,nan,nan,1000000,1.0,inf,False,0,0.0,1.0,0.0,0.0,0,5.668317559099308e-36,0,0.0,0.0,0.0,0.0,0.0,inf,0.0,0.0,0.0,0.0,0.0,0.0,inf,inf,0.0,0.0,inf,2.5190613854538304e-18,3.3669919985349855e-18,1.2439845403232696e-14,False,10323452352.43774,0.0,0.0,3741.9095810948684,0.0,0.0,0,0,0,0,0.0,0,0,False,0,0.0,False,False,False,False,False,False,False,False,False,False,False,0.0,77.5638892361371,890421.8093471443,0,0.0,False,-1,0,0,0,3804,0,0,0.0,21,5.798155950393126e-23,5115555555.555555,1.9232939976771556e-14,1000000000000.0,1000000000000.0,0.0005987445183220907,1.0,49.89537652684091,0.00014991623455953818,-1.0024493102302374e-05,10403460466.249973,2302.0,0.0,0.0,1.4349296274686127e-34,1.4349296274686127e-34,0.0,0.0,0
0.0,-1.4208304959708335e-18,1.6822601881298567,0.0,0.18595321147371116,2.348293699380713e-05,2.3482936993807135e-06,0.0,False,8,False,shielded,v9_four_class_stateful_PD_shared_root_m1_marked_embryo_v1,nan,nan,nan,nan,nan,nan,nan,nan,nan,nan,100000000000000.0,132.2724609375,nan,0.6103515625,2.0,0.001,1.0,emission,13098.721493975596,2.6207881790775866e-27,4.2938993526007594e-27,2.0180510680264914,5.679646344246087e-25,custom,False,2.033691229284313,,terminate,False,nan,1.0,0.007762538982531415,0.012718143868979471,0.0,0,active,2.302585092994046,nan,nan,nan,1000000,1.0,inf,False,0,0.0,1.0,0.0,0.0,0,5.668317559099549e-36,0,0.0,0.0,0.0,0.0,0.0,inf,0.0,0.0,0.0,0.0,0.0,0.0,inf,inf,0.0,0.0,inf,2.5190613854538304e-18,3.366991998535057e-18,1.2439845403232696e-14,False,10323452352.43774,0.0,0.0,3741.9095810948684,0.0,0.0,0,0,0,0,0.0,0,0,False,0,0.0,False,False,False,False,False,False,False,False,False,False,False,0.0,77.5638892361371,890421.8093471443,0,0.0,False,-1,0,0,0,3804,0,0,0.0,20,5.825034705112538e-23,5115555555.555555,1.9322227027584004e-14,1000000000000.0,1000000000000.0,0.0005987445183220907,1.0,49.89537652684091,0.00014991623455953818,-1.0024493102302374e-05,10403460466.249973,2302.0,0.0,0.0,5.739718509874451e-34,5.739718509874451e-34,0.0,0.0,0
0.0,-1.4271727740706132e-18,1.690022727112388,0.0,0.1845153304446835,2.348293699380713e-05,2.3482936993807135e-06,0.0,False,9,False,shielded,v9_four_class_stateful_PD_shared_root_m1_marked_embryo_v1,nan,nan,nan,nan,nan,nan,nan,nan,nan,nan,100000000000000.0,132.8828125,nan,0.6103515625,2.0,0.001,1.0,emission,13098.721493975596,2.6207881790775866e-27,4.2938993526007594e-27,2.0180510680264914,5.705854226036863e-25,custom,False,2.033691229284313,,terminate,False,nan,1.0,0.007762538982531415,0.012718143868979471,0.0,0,active,2.302585092994046,nan,nan,nan,1000000,1.0,inf,False,0,0.0,1.0,0.0,0.0,0,4.774140722535883e-36,0,0.0,0.0,0.0,0.0,0.0,inf,0.0,0.0,0.0,0.0,0.0,0.0,inf,inf,0.0,0.0,inf,2.5190613854538304e-18,3.0900293599044924e-18,1.2439845403232696e-14,False,10323452352.43774,0.0,0.0,3741.9095810948684,0.0,0.0,0,0,0,0,0.0,0,0,False,0,0.0,False,False,False,False,False,False,False,False,False,False,False,0.0,77.5638892361371,890421.8093471443,0,0.0,False,-1,0,0,0,3804,0,0,0.0,21,5.85191345983195e-23,5115555555.555555,1.9411042081625105e-14,1000000000000.0,1000000000000.0,0.0005987445183220907,1.0,49.89537652684091,0.00014991623455953818,-1.0024493102302374e-05,10403460466.249973,2302.0,0.0,0.0,2.8698592549372254e-34,2.8698592549372254e-34,0.0,0.0,0
0.0,-1.4339819180779965e-18,1.6977852660949195,0.0,0.18308856781386604,2.348293699380713e-05,2.3482936993807135e-06,0.0,False,10,False,shielded,v9_four_class_stateful_PD_shared_root_m1_marked_embryo_v1,nan,nan,nan,nan,nan,nan,nan,nan,nan,nan,100000000000000.0,133.4931640625,nan,0.6103515625,2.0,0.001,1.0,emission,13098.721493975596,2.6207881790775866e-27,4.2938993526007594e-27,2.0180510680264914,5.732062107827639e-25,custom,False,2.033691229284313,,terminate,False,nan,1.0,0.007762538982531415,0.012718143868979471,2.220446049250313e-16,0,active,2.302585092994046,nan,nan,nan,1000000,1.0,inf,False,0,0.0,1.0,0.0,0.0,0,5.668317559099711e-36,0,0.0,0.0,0.0,0.0,0.0,inf,0.0,0.0,0.0,0.0,0.0,0.0,inf,inf,0.0,0.0,inf,2.5190613854538304e-18,3.3669919985351053e-18,1.2439845403232696e-14,False,10323452352.43774,0.0,0.0,3741.9095810948684,0.0,0.0,0,0,0,0,0.0,0,0,False,0,0.0,False,False,False,False,False,False,False,False,False,False,False,0.0,77.5638892361371,890421.8093471443,0,0.0,False,-1,0,0,0,3804,0,0,0.0,20,5.878792214551362e-23,5115555555.555555,1.9500205894665167e-14,1000000000000.0,1000000000000.0,0.0005987445183220907,1.0,49.89537652684091,0.00014991623455953818,-1.0024493102302374e-05,10403460466.249973,2302.0,0.0,0.0,5.739718509874451e-34,5.739718509874451e-34,0.0,0.0,0
0.0,-1.4404527710642399e-18,1.705547805077451,0.0,0.18167283760837494,2.348293699380713e-05,2.3482936993807135e-06,0.0,False,11,False,shielded,v9_four_class_stateful_PD_shared_root_m1_marked_embryo_v1,nan,nan,nan,nan,nan,nan,nan,nan,nan,nan,100000000000000.0,134.103515625,nan,0.6103515625,2.0,0.001,1.0,emission,13098.721493975596,2.6207881790775866e-27,4.2938993526007594e-27,2.0180510680264914,5.758269989618415e-25,custom,False,2.033691229284313,,terminate,False,nan,1.0,0.007762538982531415,0.012718143868979471,2.220446049250313e-16,0,active,2.302585092994046,nan,nan,nan,1000000,1.0,inf,False,0,0.0,1.0,0.0,0.0,0,5.414633960779775e-36,0,0.0,0.0,0.0,0.0,0.0,inf,0.0,0.0,0.0,0.0,0.0,0.0,inf,inf,0.0,0.0,inf,2.5190613854538304e-18,3.290785304689376e-18,1.2439845403232696e-14,False,10323452352.43774,0.0,0.0,3741.9095810948684,0.0,0.0,0,0,0,0,0.0,0,0,False,0,0.0,False,False,False,False,False,False,False,False,False,False,False,0.0,77.5638892361371,890421.8093471443,0,0.0,False,-1,0,0,0,3804,0,0,0.0,21,5.905670969270773e-23,5115555555.555555,1.958950290994182e-14,1000000000000.0,1000000000000.0,0.0005987445183220907,1.0,49.89537652684091,0.00014991623455953818,-1.0024493102302374e-05,10403460466.249973,2302.0,0.0,0.0,5.739718509874451e-34,5.739718509874451e-34,0.0,0.0,0
0.0,-1.4470154540231737e-18,1.7133103440599824,0.0,0.18026805452011063,2.348293699380713e-05,2.3482936993807135e-06,0.0,False,12,False,shielded,v9_four_class_stateful_PD_shared_root_m1_marked_embryo_v1,nan,nan,nan,nan,nan,nan,nan,nan,nan,nan,100000000000000.0,134.7138671875,nan,0.6103515625,2.0,0.001,1.0,emission,13098.721493975596,2.6207881790775866e-27,4.2938993526007594e-27,2.0180510680264914,5.7844778714091905e-25,custom,False,2.033691229284313,,terminate,False,nan,1.0,0.007762538982531415,0.012718143868979471,0.0,0,active,2.302585092994046,nan,nan,nan,1000000,1.0,inf,False,0,0.0,1.0,0.0,0.0,0,5.668317559099791e-36,0,0.0,0.0,0.0,0.0,0.0,inf,0.0,0.0,0.0,0.0,0.0,0.0,inf,inf,0.0,0.0,inf,2.5190613854538304e-18,3.366991998535129e-18,1.2439845403232696e-14,False,10323452352.43774,0.0,0.0,3741.9095810948684,0.0,0.0,0,0,0,0,0.0,0,0,False,0,0.0,False,False,False,False,False,False,False,False,False,False,False,0.0,77.5638892361371,890421.8093471443,0,0.0,False,-1,0,0,0,3804,0,0,0.0,20,5.932549723990185e-23,5115555555.555555,1.967857785494939e-14,1000000000000.0,1000000000000.0,0.0005987445183220907,1.0,49.89537652684091,0.00014991623455953818,-1.0024493102302374e-05,10403460466.249973,2302.0,0.0,0.0,5.739718509874451e-34,5.739718509874451e-34,0.0,0.0,0
0.0,-1.4533170193271792e-18,1.7210728830425137,0.0,0.17887413390061743,2.348293699380713e-05,2.3482936993807135e-06,0.0,False,13,False,shielded,v9_four_class_stateful_PD_shared_root_m1_marked_embryo_v1,nan,nan,nan,nan,nan,nan,nan,nan,nan,nan,100000000000000.0,135.32421875,nan,0.6103515625,2.0,0.001,1.0,emission,13098.721493975596,2.6207881790775866e-27,4.2938993526007594e-27,2.0180510680264914,5.810685753199966e-25,custom,False,2.033691229284313,,terminate,False,nan,1.0,0.007762538982531415,0.012718143868979471,0.0,0,active,2.302585092994046,nan,nan,nan,1000000,1.0,inf,False,0,0.0,1.0,0.0,0.0,0,5.668317559099872e-36,0,0.0,0.0,0.0,0.0,0.0,inf,0.0,0.0,0.0,0.0,0.0,0.0,inf,inf,0.0,0.0,inf,2.5190613854538304e-18,3.366991998535153e-18,1.2439845403232696e-14,False,10323452352.43774,0.0,0.0,3741.9095810948684,0.0,0.0,0,0,0,0,0.0,0,0,False,0,0.0,False,False,False,False,False,False,False,False,False,False,False,0.0,77.5638892361371,890421.8093471443,0,0.0,False,-1,0,0,0,3804,0,0,0.0,21,5.959428478709597e-23,5115555555.555555,1.9767893870801085e-14,1000000000000.0,1000000000000.0,0.0005987445183220907,1.0,49.89537652684091,0.00014991623455953818,-1.0024493102302374e-05,10403460466.249973,2302.0,0.0,0.0,1.1479437019748901e-33,1.1479437019748901e-33,0.0,0.0,0
0.0,-1.459845180420236e-18,1.7288354220250453,0.0,0.17749099175598274,2.348293699380713e-05,2.3482936993807135e-06,0.0,False,14,False,shielded,v9_four_class_stateful_PD_shared_root_m1_marked_embryo_v1,nan,nan,nan,nan,nan,nan,nan,nan,nan,nan,100000000000000.0,135.9345703125,nan,0.6103515625,2.0,0.001,1.0,emission,13098.721493975596,2.6207881790775866e-27,4.2938993526007594e-27,2.0180510680264914,5.836893634990742e-25,custom,False,2.033691229284313,,terminate,False,nan,1.0,0.007762538982531415,0.012718143868979471,2.220446049250313e-16,0,active,2.302585092994046,nan,nan,nan,1000000,1.0,inf,False,0,0.0,1.0,0.0,0.0,0,4.311331977434062e-36,0,0.0,0.0,0.0,0.0,0.0,inf,0.0,0.0,0.0,0.0,0.0,0.0,inf,inf,0.0,0.0,inf,2.5190613854538304e-18,2.9364372894492613e-18,1.2439845403232696e-14,False,10323452352.43774,0.0,0.0,3741.9095810948684,0.0,0.0,0,0,0,0,0.0,0,0,False,0,0.0,False,False,False,False,False,False,False,False,False,False,False,0.0,77.5638892361371,890421.8093471443,0,0.0,False,-1,0,0,0,3804,0,0,0.0,20,5.986307233429009e-23,5115555555.555555,1.985653542446752e-14,1000000000000.0,1000000000000.0,0.0005987445183220907,1.0,49.89537652684091,0.00014991623455953818,-1.0024493102302374e-05,10403460466.249973,2302.0,0.0,0.0,1.4349296274686127e-34,1.4349296274686127e-34,0.0,0.0,0
0.0,-1.4665023558394569e-18,1.7365979610075768,0.0,0.17611854474177605,2.348293699380713e-05,2.3482936993807135e-06,0.0,False,15,False,shielded,v9_four_class_stateful_PD_shared_root_m1_marked_embryo_v1,nan,nan,nan,nan,nan,nan,nan,nan,nan,nan,100000000000000.0,136.544921875,nan,0.6103515625,2.0,0.001,1.0,emission,13098.721493975596,2.6207881790775866e-27,4.2938993526007594e-27,2.0180510680264914,5.863101516781518e-25,custom,False,2.033691229284313,,terminate,False,nan,1.0,0.007762538982531415,0.012718143868979471,2.220446049250313e-16,0,active,2.302585092994046,nan,nan,nan,1000000,1.0,inf,False,0,0.0,1.0,0.0,0.0,0,5.668317559099872e-36,0,0.0,0.0,0.0,0.0,0.0,inf,0.0,0.0,0.0,0.0,0.0,0.0,inf,inf,0.0,0.0,inf,2.5190613854538304e-18,3.366991998535153e-18,1.2439845403232696e-14,False,10323452352.43774,0.0,0.0,3741.9095810948684,0.0,0.0,0,0,0,0,0.0,0,0,False,0,0.0,False,False,False,False,False,False,False,False,False,False,False,0.0,77.5638892361371,890421.8093471443,0,0.0,False,-1,0,0,0,3804,0,0,0.0,21,6.013185988148421e-23,5115555555.555555,1.9946003153615575e-14,1000000000000.0,1000000000000.0,0.0005987445183220907,1.0,49.89537652684091,0.00014991623455953818,-1.0024493102302374e-05,10403460466.249973,2302.0,0.0,0.0,2.8698592549372254e-34,2.8698592549372254e-34,0.0,0.0,0
0.0,-1.4727655347931611e-18,1.7443604999901081,0.0,0.17475671015802668,2.348293699380713e-05,2.3482936993807135e-06,0.0,False,16,False,shielded,v9_four_class_stateful_PD_shared_root_m1_marked_embryo_v1,nan,nan,nan,nan,nan,nan,nan,nan,nan,nan,100000000000000.0,137.1552734375,nan,0.6103515625,2.0,0.001,1.0,emission,13098.721493975596,2.6207881790775866e-27,4.2938993526007594e-27,2.0180510680264914,5.889309398572294e-25,custom,False,2.033691229284313,,terminate,False,nan,1.0,0.007762538982531415,0.012718143868979471,0.0,0,active,2.302585092994046,nan,nan,nan,1000000,1.0,inf,False,0,0.0,1.0,0.0,0.0,0,5.667078434107572e-36,0,0.0,0.0,0.0,0.0,0.0,inf,0.0,0.0,0.0,0.0,0.0,0.0,inf,inf,0.0,0.0,inf,2.5190613854538304e-18,3.3666239570547737e-18,1.2439845403232696e-14,False,10323452352.43774,0.0,0.0,3741.9095810948684,0.0,0.0,0,0,0,0,0.0,0,0,False,0,0.0,False,False,False,False,False,False,False,False,False,False,False,0.0,77.5638892361371,890421.8093471443,0,0.0,False,-1,0,0,0,3804,0,0,0.0,20,6.040064742867832e-23,5115555555.555555,2.003483720301131e-14,1000000000000.0,1000000000000.0,0.0005987445183220907,1.0,49.89537652684091,0.00014991623455953818,-1.0024493102302374e-05,10403460466.249973,2302.0,0.0,0.0,7.174648137343063e-35,7.174648137343063e-35,0.0,0.0,0
0.0,-1.4793767629142941e-18,1.7521230389726394,0.0,0.17340540594424045,2.348293699380713e-05,2.3482936993807135e-06,0.0,False,17,False,shielded,v9_four_class_stateful_PD_shared_root_m1_marked_embryo_v1,nan,nan,nan,nan,nan,nan,nan,nan,nan,nan,100000000000000.0,137.765625,nan,0.6103515625,2.0,0.001,1.0,emission,13098.721493975596,2.6207881790775866e-27,4.2938993526007594e-27,2.0180510680264914,5.91551728036307e-25,custom,False,2.033691229284313,,terminate,False,nan,1.0,0.007762538982531415,0.012718143868979471,0.0,0,active,2.302585092994046,nan,nan,nan,1000000,1.0,inf,False,0,0.0,1.0,0.0,0.0,0,5.668317559099791e-36,0,0.0,0.0,0.0,0.0,0.0,inf,0.0,0.0,0.0,0.0,0.0,0.0,inf,inf,0.0,0.0,inf,2.5190613854538304e-18,3.366991998535129e-18,1.2439845403232696e-14,False,10323452352.43774,0.0,0.0,3741.9095810948684,0.0,0.0,0,0,0,0,0.0,0,0,False,0,0.0,False,False,False,False,False,False,False,False,False,False,False,0.0,77.5638892361371,890421.8093471443,0,0.0,False,-1,0,0,0,3804,0,0,0.0,21,6.066943497587244e-23,5115555555.555555,2.0124322559574944e-14,1000000000000.0,1000000000000.0,0.0005987445183220907,1.0,49.89537652684091,0.00014991623455953818,-1.0024493102302374e-05,10403460466.249973,2302.0,0.0,0.0,5.739718509874451e-34,5.739718509874451e-34,0.0,0.0,0
0.0,-1.4857954905972496e-18,1.7598855779551708,0.0,0.17206455067445495,2.348293699380713e-05,2.3482936993807135e-06,0.0,False,18,False,shielded,v9_four_class_stateful_PD_shared_root_m1_marked_embryo_v1,nan,nan,nan,nan,nan,nan,nan,nan,nan,nan,100000000000000.0,138.3759765625,nan,0.6103515625,2.0,0.001,1.0,emission,13098.721493975596,2.6207881790775866e-27,4.2938993526007594e-27,2.0180510680264914,5.941725162153846e-25,custom,False,2.033691229284313,,terminate,False,nan,1.0,0.007762538982531415,0.012718143868979471,0.0,0,active,2.302585092994046,nan,nan,nan,1000000,1.0,inf,False,0,0.0,1.0,0.0,0.0,0,5.668317559099791e-36,0,0.0,0.0,0.0,0.0,0.0,inf,0.0,0.0,0.0,0.0,0.0,0.0,inf,inf,0.0,0.0,inf,2.5190613854538304e-18,3.366991998535129e-18,1.2439845403232696e-14,False,10323452352.43774,0.0,0.0,3741.9095810948684,0.0,0.0,0,0,0,0,0.0,0,0,False,0,0.0,False,False,False,False,False,False,False,False,False,False,False,0.0,77.5638892361371,890421.8093471443,0,0.0,False,-1,0,0,0,3804,0,0,0.0,21,6.093822252306656e-23,5115555555.555555,2.0213280252443763e-14,1000000000000.0,1000000000000.0,0.0005987445183220907,1.0,49.89537652684091,0.00014991623455953818,-1.0024493102302374e-05,10403460466.249973,2302.0,0.0,0.0,5.739718509874451e-34,5.739718509874451e-34,0.0,0.0,0
0.0,-1.4925931574736338e-18,1.7676481169377023,0.0,0.17073406355233312,2.348293699380713e-05,2.3482936993807135e-06,0.0,False,19,False,shielded,v9_four_class_stateful_PD_shared_root_m1_marked_embryo_v1,nan,nan,nan,nan,nan,nan,nan,nan,nan,nan,100000000000000.0,138.986328125,nan,0.6103515625,2.0,0.001,1.0,emission,13098.721493975596,2.6207881790775866e-27,4.2938993526007594e-27,2.0180510680264914,5.9679330439446215e-25,custom,False,2.033691229284313,,terminate,False,nan,1.0,0.007762538982531415,0.012718143868979471,2.220446049250313e-16,0,active,2.302585092994046,nan,nan,nan,1000000,1.0,inf,False,0,0.0,1.0,0.0,0.0,0,3.8882009872790393e-36,0,0.0,0.0,0.0,0.0,0.0,inf,0.0,0.0,0.0,0.0,0.0,0.0,inf,inf,0.0,0.0,inf,2.5190613854538304e-18,2.7886200842994152e-18,1.2439845403232696e-14,False,10323452352.43774,0.0,0.0,3741.9095810948684,0.0,0.0,0,0,0,0,0.0,0,0,False,0,0.0,False,False,False,False,False,False,False,False,False,False,False,0.0,77.5638892361371,890421.8093471443,0,0.0,False,-1,0,0,0,3804,0,0,0.0,20,6.120701007026068e-23,5115555555.555555,2.0302428404323104e-14,1000000000000.0,1000000000000.0,0.0005987445183220907,1.0,49.89537652684091,0.00014991623455953818,-1.0024493102302374e-05,10403460466.249973,2302.0,0.0,0.0,2.8698592549372254e-34,2.8698592549372254e-34,0.0,0.0,0
0.0,-1.4990537611750997e-18,1.7754106559202338,0.0,0.1694138644062946,2.348293699380713e-05,2.3482936993807135e-06,0.0,False,20,False,shielded,v9_four_class_stateful_PD_shared_root_m1_marked_embryo_v1,nan,nan,nan,nan,nan,nan,nan,nan,nan,nan,100000000000000.0,139.5966796875,nan,0.6103515625,2.0,0.001,1.0,emission,13098.721493975596,2.6207881790775866e-27,4.2938993526007594e-27,2.0180510680264914,5.994140925735397e-25,custom,False,2.033691229284313,,terminate,False,nan,1.0,0.007762538982531415,0.012718143868979471,2.220446049250313e-16,0,active,2.302585092994046,nan,nan,nan,1000000,1.0,inf,False,0,0.0,1.0,0.0,0.0,0,5.668317559099872e-36,0,0.0,0.0,0.0,0.0,0.0,inf,0.0,0.0,0.0,0.0,0.0,0.0,inf,inf,0.0,0.0,inf,2.5190613854538304e-18,3.366991998535153e-18,1.2439845403232696e-14,False,10323452352.43774,0.0,0.0,3741.9095810948684,0.0,0.0,0,0,0,0,0.0,0,0,False,0,0.0,False,False,False,False,False,False,False,False,False,False,False,0.0,77.5638892361371,890421.8093471443,0,0.0,False,-1,0,0,0,3804,0,0,0.0,21,6.14757976174548e-23,5115555555.555555,2.0391473669920035e-14,1000000000000.0,1000000000000.0,0.0005987445183220907,1.0,49.89537652684091,0.00014991623455953818,-1.0024493102302374e-05,10403460466.249973,2302.0,0.0,0.0,2.8698592549372254e-34,2.8698592549372254e-34,0.0,0.0,0
0.0,-1.5054558935470158e-18,1.7831731949027652,0.0,0.168103873684685,2.348293699380713e-05,2.3482936993807135e-06,0.0,False,21,False,shielded,v9_four_class_stateful_PD_shared_root_m1_marked_embryo_v1,nan,nan,nan,nan,nan,nan,nan,nan,nan,nan,100000000000000.0,140.20703125,nan,0.6103515625,2.0,0.001,1.0,emission,13098.721493975596,2.6207881790775866e-27,4.2938993526007594e-27,2.0180510680264914,6.020348807526173e-25,custom,False,2.033691229284313,,terminate,False,nan,1.0,0.007762538982531415,0.012718143868979471,0.0,0,active,2.302585092994046,nan,nan,nan,1000000,1.0,inf,False,0,0.0,1.0,0.0,0.0,0,5.668317559099872e-36,0,0.0,0.0,0.0,0.0,0.0,inf,0.0,0.0,0.0,0.0,0.0,0.0,inf,inf,0.0,0.0,inf,2.5190613854538304e-18,3.366991998535153e-18,1.2439845403232696e-14,False,10323452352.43774,0.0,0.0,3741.9095810948684,0.0,0.0,0,0,0,0,0.0,0,0,False,0,0.0,False,False,False,False,False,False,False,False,False,False,False,0.0,77.5638892361371,890421.8093471443,0,0.0,False,-1,0,0,0,3804,0,0,0.0,20,6.174458516464892e-23,5115555555.555555,2.0480825501969847e-14,1000000000000.0,1000000000000.0,0.0005987445183220907,1.0,49.89537652684091,0.00014991623455953818,-1.0024493102302374e-05,10403460466.249973,2302.0,0.0,0.0,5.739718509874451e-34,5.739718509874451e-34,0.0,0.0,0
0.0,-1.5120709086043906e-18,1.7909357338852965,0.0,0.1668040124509819,2.348293699380713e-05,2.3482936993807135e-06,0.0,False,22,False,shielded,v9_four_class_stateful_PD_shared_root_m1_marked_embryo_v1,nan,nan,nan,nan,nan,nan,nan,nan,nan,nan,100000000000000.0,140.8173828125,nan,0.6103515625,2.0,0.001,1.0,emission,13098.721493975596,2.6207881790775866e-27,4.2938993526007594e-27,2.0180510680264914,6.046556689316949e-25,custom,False,2.033691229284313,,terminate,False,nan,1.0,0.007762538982531415,0.012718143868979471,0.0,0,active,2.302585092994046,nan,nan,nan,1000000,1.0,inf,False,0,0.0,1.0,0.0,0.0,0,5.3629639025448774e-36,0,0.0,0.0,0.0,0.0,0.0,inf,0.0,0.0,0.0,0.0,0.0,0.0,inf,inf,0.0,0.0,inf,2.5190613854538304e-18,3.275046229458411e-18,1.2439845403232696e-14,False,10323452352.43774,0.0,0.0,3741.9095810948684,0.0,0.0,0,0,0,0,0.0,0,0,False,0,0.0,False,False,False,False,False,False,False,False,False,False,False,0.0,77.5638892361371,890421.8093471443,0,0.0,False,-1,0,0,0,3804,0,0,0.0,21,6.201337271184303e-23,5115555555.555555,2.0569620526521472e-14,1000000000000.0,1000000000000.0,0.0005987445183220907,1.0,49.89537652684091,0.00014991623455953818,-1.0024493102302374e-05,10403460466.249973,2302.0,0.0,0.0,5.739718509874451e-34,5.739718509874451e-34,0.0,0.0,0
0.0,-1.5185841804464215e-18,1.798698272867828,0.0,0.16551420237903874,2.348293699380713e-05,2.3482936993807135e-06,0.0,False,23,False,shielded,v9_four_class_stateful_PD_shared_root_m1_marked_embryo_v1,nan,nan,nan,nan,nan,nan,nan,nan,nan,nan,100000000000000.0,141.427734375,nan,0.6103515625,2.0,0.001,1.0,emission,13098.721493975596,2.6207881790775866e-27,4.2938993526007594e-27,2.0180510680264914,6.072764571107725e-25,custom,False,2.033691229284313,,terminate,False,nan,1.0,0.007762538982531415,0.012718143868979471,2.220446049250313e-16,0,active,2.302585092994046,nan,nan,nan,1000000,1.0,inf,False,0,0.0,1.0,0.0,0.0,0,5.668317559099872e-36,0,0.0,0.0,0.0,0.0,0.0,inf,0.0,0.0,0.0,0.0,0.0,0.0,inf,inf,0.0,0.0,inf,2.5190613854538304e-18,3.366991998535153e-18,1.2439845403232696e-14,False,10323452352.43774,0.0,0.0,3741.9095810948684,0.0,0.0,0,0,0,0,0.0,0,0,False,0,0.0,False,False,False,False,False,False,False,False,False,False,False,0.0,77.5638892361371,890421.8093471443,0,0.0,False,-1,0,0,0,3804,0,0,0.0,20,6.228216025903715e-23,5115555555.555555,2.0658823412377762e-14,1000000000000.0,1000000000000.0,0.0005987445183220907,1.0,49.89537652684091,0.00014991623455953818,-1.0024493102302374e-05,10403460466.249973,2302.0,0.0,0.0,2.2958874039497803e-33,2.2958874039497803e-33,0.0,0.0,0
0.0,-1.525233846616644e-18,1.8064608118503596,0.0,0.16423436574836503,2.348293699380713e-05,2.3482936993807135e-06,0.0,False,24,False,shielded,v9_four_class_stateful_PD_shared_root_m1_marked_embryo_v1,nan,nan,nan,nan,nan,nan,nan,nan,nan,nan,100000000000000.0,142.0380859375,nan,0.6103515625,2.0,0.001,1.0,emission,13098.721493975596,2.6207881790775866e-27,4.2938993526007594e-27,2.0180510680264914,6.098972452898501e-25,custom,False,2.033691229284313,,terminate,False,nan,1.0,0.007762538982531415,0.012718143868979471,2.220446049250313e-16,0,active,2.302585092994046,nan,nan,nan,1000000,1.0,inf,False,0,0.0,1.0,0.0,0.0,0,4.1003203903135986e-36,0,0.0,0.0,0.0,0.0,0.0,inf,0.0,0.0,0.0,0.0,0.0,0.0,inf,inf,0.0,0.0,inf,2.5190613854538304e-18,2.8636760956203123e-18,1.2439845403232696e-14,False,10323452352.43774,0.0,0.0,3741.9095810948684,0.0,0.0,0,0,0,0,0.0,0,0,False,0,0.0,False,False,False,False,False,False,False,False,False,False,False,0.0,77.5638892361371,890421.8093471443,0,0.0,False,-1,0,0,0,3804,0,0,0.0,21,6.255094780623127e-23,5115555555.555555,2.0748016237793806e-14,1000000000000.0,1000000000000.0,0.0005987445183220907,1.0,49.89537652684091,0.00014991623455953818,-1.0024493102302374e-05,10403460466.249973,2302.0,0.0,0.0,5.739718509874451e-34,5.739718509874451e-34,0.0,0.0,0
0.0,-1.5317737304099443e-18,1.8142233508328909,0.0,0.16296442543944303,2.348293699380713e-05,2.3482936993807135e-06,0.0,False,25,False,shielded,v9_four_class_stateful_PD_shared_root_m1_marked_embryo_v1,nan,nan,nan,nan,nan,nan,nan,nan,nan,nan,100000000000000.0,142.6484375,nan,0.6103515625,2.0,0.001,1.0,emission,13098.721493975596,2.6207881790775866e-27,4.2938993526007594e-27,2.0180510680264914,6.125180334689277e-25,custom,False,2.033691229284313,,terminate,False,nan,1.0,0.007762538982531415,0.012718143868979471,0.0,0,active,2.302585092994046,nan,nan,nan,1000000,1.0,inf,False,0,0.0,1.0,0.0,0.0,0,5.668317559099872e-36,0,0.0,0.0,0.0,0.0,0.0,inf,0.0,0.0,0.0,0.0,0.0,0.0,inf,inf,0.0,0.0,inf,2.5190613854538304e-18,3.366991998535153e-18,1.2439845403232696e-14,False,10323452352.43774,0.0,0.0,3741.9095810948684,0.0,0.0,0,0,0,0,0.0,0,0,False,0,0.0,False,False,False,False,False,False,False,False,False,False,False,0.0,77.5638892361371,890421.8093471443,0,0.0,False,-1,0,0,0,3804,0,0,0.0,20,6.281973535342539e-23,5115555555.555555,2.0836934402751193e-14,1000000000000.0,1000000000000.0,0.0005987445183220907,1.0,49.89537652684091,0.00014991623455953818,-1.0024493102302374e-05,10403460466.249973,2302.0,0.0,0.0,2.8698592549372254e-34,2.8698592549372254e-34,0.0,0.0,0
0.0,-1.538236466686427e-18,1.8219858898154224,0.0,0.16170430492908067,2.348293699380713e-05,2.3482936993807135e-06,0.0,False,26,False,shielded,v9_four_class_stateful_PD_shared_root_m1_marked_embryo_v1,nan,nan,nan,nan,nan,nan,nan,nan,nan,nan,100000000000000.0,143.2587890625,nan,0.6103515625,2.0,0.001,1.0,emission,13098.721493975596,2.6207881790775866e-27,4.2938993526007594e-27,2.0180510680264914,6.151388216480053e-25,custom,False,2.033691229284313,,terminate,False,nan,1.0,0.007762538982531415,0.012718143868979471,2.220446049250313e-16,0,active,2.302585092994046,nan,nan,nan,1000000,1.0,inf,False,0,0.0,1.0,0.0,0.0,0,5.668317559099952e-36,0,0.0,0.0,0.0,0.0,0.0,inf,0.0,0.0,0.0,0.0,0.0,0.0,inf,inf,0.0,0.0,inf,2.5190613854538304e-18,3.366991998535177e-18,1.2439845403232696e-14,False,10323452352.43774,0.0,0.0,3741.9095810948684,0.0,0.0,0,0,0,0,0.0,0,0,False,0,0.0,False,False,False,False,False,False,False,False,False,False,False,0.0,77.5638892361371,890421.8093471443,0,0.0,False,-1,0,0,0,3804,0,0,0.0,21,6.308852290061951e-23,5115555555.555555,2.092596632253636e-14,1000000000000.0,1000000000000.0,0.0005987445183220907,1.0,49.89537652684091,0.00014991623455953818,-1.0024493102302374e-05,10403460466.249973,2302.0,0.0,0.0,2.8698592549372254e-34,2.8698592549372254e-34,0.0,0.0,0
0.0,-1.544833322544417e-18,1.829748428797954,0.0,0.16045392828580068,2.348293699380713e-05,2.3482936993807135e-06,0.0,False,27,False,shielded,v9_four_class_stateful_PD_shared_root_m1_marked_embryo_v1,nan,nan,nan,nan,nan,nan,nan,nan,nan,nan,100000000000000.0,143.869140625,nan,0.6103515625,2.0,0.001,1.0,emission,13098.721493975596,2.6207881790775866e-27,4.2938993526007594e-27,2.0180510680264914,6.177596098270828e-25,custom,False,2.033691229284313,,terminate,False,nan,1.0,0.007762538982531415,0.012718143868979471,2.220446049250313e-16,0,active,2.302585092994046,nan,nan,nan,1000000,1.0,inf,False,0,0.0,1.0,0.0,0.0,0,4.9013472686016265e-36,0,0.0,0.0,0.0,0.0,0.0,inf,0.0,0.0,0.0,0.0,0.0,0.0,inf,inf,0.0,0.0,inf,2.5190613854538304e-18,3.130925508089142e-18,1.2439845403232696e-14,False,10323452352.43774,0.0,0.0,3741.9095810948684,0.0,0.0,0,0,0,0,0.0,0,0,False,0,0.0,False,False,False,False,False,False,False,False,False,False,False,0.0,77.5638892361371,890421.8093471443,0,0.0,False,-1,0,0,0,3804,0,0,0.0,20,6.335731044781363e-23,5115555555.555555,2.101517506902878e-14,1000000000000.0,1000000000000.0,0.0005987445183220907,1.0,49.89537652684091,0.00014991623455953818,-1.0024493102302374e-05,10403460466.249973,2302.0,0.0,0.0,1.1479437019748901e-33,1.1479437019748901e-33,0.0,0.0,0
0.0,-1.5512632300903389e-18,1.8375109677804853,0.0,0.15921322016526504,2.348293699380713e-05,2.3482936993807135e-06,0.0,False,28,False,shielded,v9_four_class_stateful_PD_shared_root_m1_marked_embryo_v1,nan,nan,nan,nan,nan,nan,nan,nan,nan,nan,100000000000000.0,144.4794921875,nan,0.6103515625,2.0,0.001,1.0,emission,13098.721493975596,2.6207881790775866e-27,4.2938993526007594e-27,2.0180510680264914,6.203803980061604e-25,custom,False,2.033691229284313,,terminate,False,nan,1.0,0.007762538982531415,0.012718143868979471,0.0,0,active,2.302585092994046,nan,nan,nan,1000000,1.0,inf,False,0,0.0,1.0,0.0,0.0,0,5.668317559099952e-36,0,0.0,0.0,0.0,0.0,0.0,inf,0.0,0.0,0.0,0.0,0.0,0.0,inf,inf,0.0,0.0,inf,2.5190613854538304e-18,3.366991998535177e-18,1.2439845403232696e-14,False,10323452352.43774,0.0,0.0,3741.9095810948684,0.0,0.0,0,0,0,0,0.0,0,0,False,0,0.0,False,False,False,False,False,False,False,False,False,False,False,0.0,77.5638892361371,890421.8093471443,0,0.0,False,-1,0,0,0,3804,0,0,0.0,21,6.362609799500774e-23,5115555555.555555,2.110423803280286e-14,1000000000000.0,1000000000000.0,0.0005987445183220907,1.0,49.89537652684091,0.00014991623455953818,-1.0024493102302374e-05,10403460466.249973,2302.0,0.0,0.0,5.739718509874451e-34,5.739718509874451e-34,0.0,0.0,0
0.0,-1.5578682026580894e-18,1.8452735067630166,0.0,0.15798210580573485,2.348293699380713e-05,2.3482936993807135e-06,0.0,False,29,False,shielded,v9_four_class_stateful_PD_shared_root_m1_marked_embryo_v1,nan,nan,nan,nan,nan,nan,nan,nan,nan,nan,100000000000000.0,145.08984375,nan,0.6103515625,2.0,0.001,1.0,emission,13098.721493975596,2.6207881790775866e-27,4.2938993526007594e-27,2.0180510680264914,6.23001186185238e-25,custom,False,2.033691229284313,,terminate,False,nan,1.0,0.007762538982531415,0.012718143868979471,0.0,0,active,2.302585092994046,nan,nan,nan,1000000,1.0,inf,False,0,0.0,1.0,0.0,0.0,0,5.241991622579828e-36,0,0.0,0.0,0.0,0.0,0.0,inf,0.0,0.0,0.0,0.0,0.0,0.0,inf,inf,0.0,0.0,inf,2.5190613854538304e-18,3.2378979670705586e-18,1.2439845403232696e-14,False,10323452352.43774,0.0,0.0,3741.9095810948684,0.0,0.0,0,0,0,0,0.0,0,0,False,0,0.0,False,False,False,False,False,False,False,False,False,False,False,0.0,77.5638892361371,890421.8093471443,0,0.0,False,-1,0,0,0,3804,0,0,0.0,20,6.389488554220186e-23,5115555555.555555,2.1193428364794546e-14,1000000000000.0,1000000000000.0,0.0005987445183220907,1.0,49.89537652684091,0.00014991623455953818,-1.0024493102302374e-05,10403460466.249973,2302.0,0.0,0.0,5.739718509874451e-34,5.739718509874451e-34,0.0,0.0,0
0.0,-1.5643111641480533e-18,1.853036045745548,0.0,0.15676051102356559,2.348293699380713e-05,2.3482936993807135e-06,0.0,False,30,False,shielded,v9_four_class_stateful_PD_shared_root_m1_marked_embryo_v1,nan,nan,nan,nan,nan,nan,nan,nan,nan,nan,100000000000000.0,145.7001953125,nan,0.6103515625,2.0,0.001,1.0,emission,13098.721493975596,2.6207881790775866e-27,4.2938993526007594e-27,2.0180510680264914,6.256219743643156e-25,custom,False,2.033691229284313,,terminate,False,nan,1.0,0.007762538982531415,0.012718143868979471,0.0,0,active,2.302585092994046,nan,nan,nan,1000000,1.0,inf,False,0,0.0,1.0,0.0,0.0,0,5.668317559099872e-36,0,0.0,0.0,0.0,0.0,0.0,inf,0.0,0.0,0.0,0.0,0.0,0.0,inf,inf,0.0,0.0,inf,2.5190613854538304e-18,3.366991998535153e-18,1.2439845403232696e-14,False,10323452352.43774,0.0,0.0,3741.9095810948684,0.0,0.0,0,0,0,0,0.0,0,0,False,0,0.0,False,False,False,False,False,False,False,False,False,False,False,0.0,77.5638892361371,890421.8093471443,0,0.0,False,-1,0,0,0,3804,0,0,0.0,21,6.416367308939598e-23,5115555555.555555,2.1282662019306502e-14,1000000000000.0,1000000000000.0,0.0005987445183220907,1.0,49.89537652684091,0.00014991623455953818,-1.0024493102302374e-05,10403460466.249973,2302.0,0.0,0.0,7.174648137343063e-35,7.174648137343063e-35,0.0,0.0,0
0.0,-1.5710172078469001e-18,1.8607985847280792,0.0,0.1555483622087368,2.348293699380713e-05,2.3482936993807135e-06,0.0,False,31,False,shielded,v9_four_class_stateful_PD_shared_root_m1_marked_embryo_v1,nan,nan,nan,nan,nan,nan,nan,nan,nan,nan,100000000000000.0,146.310546875,nan,0.6103515625,2.0,0.001,1.0,emission,13098.721493975596,2.6207881790775866e-27,4.2938993526007594e-27,2.0180510680264914,6.282427625433932e-25,custom,False,2.033691229284313,,terminate,False,nan,1.0,0.007762538982531415,0.012718143868979471,0.0,0,active,2.302585092994046,nan,nan,nan,1000000,1.0,inf,False,0,0.0,1.0,0.0,0.0,0,5.668317559099872e-36,0,0.0,0.0,0.0,0.0,0.0,inf,0.0,0.0,0.0,0.0,0.0,0.0,inf,inf,0.0,0.0,inf,2.5190613854538304e-18,3.366991998535153e-18,1.2439845403232696e-14,False,10323452352.43774,0.0,0.0,3741.9095810948684,0.0,0.0,0,0,0,0,0.0,0,0,False,0,0.0,False,False,False,False,False,False,False,False,False,False,False,0.0,77.5638892361371,890421.8093471443,0,0.0,False,-1,0,0,0,3804,0,0,0.0,20,6.44324606365901e-23,5115555555.555555,2.1371738687410923e-14,1000000000000.0,1000000000000.0,0.0005987445183220907,1.0,49.89537652684091,0.00014991623455953818,-1.0024493102302374e-05,10403460466.249973,2302.0,0.0,0.0,2.8698592549372254e-34,2.8698592549372254e-34,0.0,0.0,0
0.0,-1.5773515760320722e-18,1.8685611237106106,0.0,0.1543455863204167,2.348293699380713e-05,2.3482936993807135e-06,0.0,False,32,False,shielded,v9_four_class_stateful_PD_shared_root_m1_marked_embryo_v1,nan,nan,nan,nan,nan,nan,nan,nan,nan,nan,100000000000000.0,146.9208984375,nan,0.6103515625,2.0,0.001,1.0,emission,13098.721493975596,2.6207881790775866e-27,4.2938993526007594e-27,2.0180510680264914,6.308635507224708e-25,custom,False,2.033691229284313,,terminate,False,nan,1.0,0.007762538982531415,0.012718143868979471,0.0,0,active,2.302585092994046,nan,nan,nan,1000000,1.0,inf,False,0,0.0,1.0,0.0,0.0,0,4.430241001382171e-36,0,0.0,0.0,0.0,0.0,0.0,inf,0.0,0.0,0.0,0.0,0.0,0.0,inf,inf,0.0,0.0,inf,2.5190613854538304e-18,2.976656178124095e-18,1.2439845403232696e-14,False,10323452352.43774,0.0,0.0,3741.9095810948684,0.0,0.0,0,0,0,0,0.0,0,0,False,0,0.0,False,False,False,False,False,False,False,False,False,False,False,0.0,77.5638892361371,890421.8093471443,0,0.0,False,-1,0,0,0,3804,0,0,0.0,21,6.470124818378422e-23,5115555555.555555,2.146067343282883e-14,1000000000000.0,1000000000000.0,0.0005987445183220907,1.0,49.89537652684091,0.00014991623455953818,-1.0024493102302374e-05,10403460466.249973,2302.0,0.0,0.0,5.739718509874451e-34,5.739718509874451e-34,0.0,0.0,0
0.0,-1.5840864418053878e-18,1.876323662693142,0.0,0.1531521108825609,2.348293699380713e-05,2.3482936993807135e-06,0.0,False,33,False,shielded,v9_four_class_stateful_PD_shared_root_m1_marked_embryo_v1,nan,nan,nan,nan,nan,nan,nan,nan,nan,nan,100000000000000.0,147.53125,nan,0.6103515625,2.0,0.001,1.0,emission,13098.721493975596,2.6207881790775866e-27,4.2938993526007594e-27,2.0180510680264914,6.334843389015484e-25,custom,False,2.033691229284313,,terminate,False,nan,1.0,0.007762538982531415,0.012718143868979471,2.220446049250313e-16,0,active,2.302585092994046,nan,nan,nan,1000000,1.0,inf,False,0,0.0,1.0,0.0,0.0,0,5.668317559099872e-36,0,0.0,0.0,0.0,0.0,0.0,inf,0.0,0.0,0.0,0.0,0.0,0.0,inf,inf,0.0,0.0,inf,2.5190613854538304e-18,3.366991998535153e-18,1.2439845403232696e-14,False,10323452352.43774,0.0,0.0,3741.9095810948684,0.0,0.0,0,0,0,0,0.0,0,0,False,0,0.0,False,False,False,False,False,False,False,False,False,False,False,0.0,77.5638892361371,890421.8093471443,0,0.0,False,-1,0,0,0,3804,0,0,0.0,20,6.497003573097833e-23,5115555555.555555,2.1549890972379295e-14,1000000000000.0,1000000000000.0,0.0005987445183220907,1.0,49.89537652684091,0.00014991623455953818,-1.0024493102302374e-05,10403460466.249973,2302.0,0.0,0.0,9.183549615799121e-33,9.183549615799121e-33,0.0,0.0,0
0.0,-1.5905555241081324e-18,1.8840862016756734,0.0,0.15196786397954515,2.348293699380713e-05,2.3482936993807135e-06,0.0,False,34,False,shielded,v9_four_class_stateful_PD_shared_root_m1_marked_embryo_v1,nan,nan,nan,nan,nan,nan,nan,nan,nan,nan,100000000000000.0,148.1416015625,nan,0.6103515625,2.0,0.001,1.0,emission,13098.721493975596,2.6207881790775866e-27,4.2938993526007594e-27,2.0180510680264914,6.3610512708062595e-25,custom,False,2.033691229284313,,terminate,False,nan,1.0,0.007762538982531415,0.012718143868979471,0.0,0,active,2.302585092994046,nan,nan,nan,1000000,1.0,inf,False,0,0.0,1.0,0.0,0.0,0,5.649617449445497e-36,0,0.0,0.0,0.0,0.0,0.0,inf,0.0,0.0,0.0,0.0,0.0,0.0,inf,inf,0.0,0.0,inf,2.5190613854538304e-18,3.3614334589414372e-18,1.2439845403232696e-14,False,10323452352.43774,0.0,0.0,3741.9095810948684,0.0,0.0,0,0,0,0,0.0,0,0,False,0,0.0,False,False,False,False,False,False,False,False,False,False,False,0.0,77.5638892361371,890421.8093471443,0,0.0,False,-1,0,0,0,3804,0,0,0.0,20,6.523882327817245e-23,5115555555.555555,2.1638720385169033e-14,1000000000000.0,1000000000000.0,0.0005987445183220907,1.0,49.89537652684091,0.00014991623455953818,-1.0024493102302374e-05,10403460466.249973,2302.0,0.0,0.0,4.5917748078995606e-33,4.5917748078995606e-33,0.0,0.0,0
0.0,-1.5969529131162233e-18,1.8918487406582047,0.0,0.15079277425183193,2.348293699380713e-05,2.3482936993807135e-06,0.0,False,35,False,shielded,v9_four_class_stateful_PD_shared_root_m1_marked_embryo_v1,nan,nan,nan,nan,nan,nan,nan,nan,nan,nan,100000000000000.0,148.751953125,nan,0.6103515625,2.0,0.001,1.0,emission,13098.721493975596,2.6207881790775866e-27,4.2938993526007594e-27,2.0180510680264914,6.387259152597035e-25,custom,False,2.033691229284313,,terminate,False,nan,1.0,0.007762538982531415,0.012718143868979471,0.0,0,active,2.302585092994046,nan,nan,nan,1000000,1.0,inf,False,0,0.0,1.0,0.0,0.0,0,5.668317559099872e-36,0,0.0,0.0,0.0,0.0,0.0,inf,0.0,0.0,0.0,0.0,0.0,0.0,inf,inf,0.0,0.0,inf,2.5190613854538304e-18,3.366991998535153e-18,1.2439845403232696e-14,False,10323452352.43774,0.0,0.0,3741.9095810948684,0.0,0.0,0,0,0,0,0.0,0,0,False,0,0.0,False,False,False,False,False,False,False,False,False,False,False,0.0,77.5638892361371,890421.8093471443,0,0.0,False,-1,0,0,0,3804,0,0,0.0,21,6.550761082536657e-23,5115555555.555555,2.1728004579068127e-14,1000000000000.0,1000000000000.0,0.0005987445183220907,1.0,49.89537652684091,0.00014991623455953818,-1.0024493102302374e-05,10403460466.249973,2302.0,0.0,0.0,2.8698592549372254e-34,2.8698592549372254e-34,0.0,0.0,0
0.0,-1.6035114472473973e-18,1.899611279640736,0.0,0.14962677089167048,2.348293699380713e-05,2.3482936993807135e-06,0.0,False,36,False,shielded,v9_four_class_stateful_PD_shared_root_m1_marked_embryo_v1,nan,nan,nan,nan,nan,nan,nan,nan,nan,nan,100000000000000.0,149.3623046875,nan,0.6103515625,2.0,0.001,1.0,emission,13098.721493975596,2.6207881790775866e-27,4.2938993526007594e-27,2.0180510680264914,6.413467034387811e-25,custom,False,2.033691229284313,,terminate,False,nan,1.0,0.007762538982531415,0.012718143868979471,0.0,0,active,2.302585092994046,nan,nan,nan,1000000,1.0,inf,False,0,0.0,1.0,0.0,0.0,0,5.668317559099872e-36,0,0.0,0.0,0.0,0.0,0.0,inf,0.0,0.0,0.0,0.0,0.0,0.0,inf,inf,0.0,0.0,inf,2.5190613854538304e-18,3.366991998535153e-18,1.2439845403232696e-14,False,10323452352.43774,0.0,0.0,3741.9095810948684,0.0,0.0,0,0,0,0,0.0,0,0,False,0,0.0,False,False,False,False,False,False,False,False,False,False,False,0.0,77.5638892361371,890421.8093471443,0,0.0,False,-1,0,0,0,3804,0,0,0.0,20,6.577639837256069e-23,5115555555.555555,2.1817194563836378e-14,1000000000000.0,1000000000000.0,0.0005987445183220907,1.0,49.89537652684091,0.00014991623455953818,-1.0024493102302374e-05,10403460466.249973,2302.0,0.0,0.0,2.8698592549372254e-34,2.8698592549372254e-34,0.0,0.0,0
0.0,-1.6101039733318684e-18,1.9073738186232674,0.0,0.14846978363883018,2.348293699380713e-05,2.3482936993807135e-06,0.0,False,37,False,shielded,v9_four_class_stateful_PD_shared_root_m1_marked_embryo_v1,nan,nan,nan,nan,nan,nan,nan,nan,nan,nan,100000000000000.0,149.97265625,nan,0.6103515625,2.0,0.001,1.0,emission,13098.721493975596,2.6207881790775866e-27,4.2938993526007594e-27,2.0180510680264914,6.439674916178587e-25,custom,False,2.033691229284313,,terminate,False,nan,1.0,0.007762538982531415,0.012718143868979471,0.0,0,active,2.302585092994046,nan,nan,nan,1000000,1.0,inf,False,0,0.0,1.0,0.0,0.0,0,3.995873518113921e-36,0,0.0,0.0,0.0,0.0,0.0,inf,0.0,0.0,0.0,0.0,0.0,0.0,inf,inf,0.0,0.0,inf,2.5190613854538304e-18,2.8269678166239958e-18,1.2439845403232696e-14,False,10323452352.43774,0.0,0.0,3741.9095810948684,0.0,0.0,0,0,0,0,0.0,0,0,False,0,0.0,False,False,False,False,False,False,False,False,False,False,False,0.0,77.5638892361371,890421.8093471443,0,0.0,False,-1,0,0,0,3804,0,0,0.0,21,6.604518591975481e-23,5115555555.555555,2.1905969412758956e-14,1000000000000.0,1000000000000.0,0.0005987445183220907,1.0,49.89537652684091,0.00014991623455953818,-1.0024493102302374e-05,10403460466.249973,2302.0,0.0,0.0,5.739718509874451e-34,5.739718509874451e-34,0.0,0.0,0
0.0,-1.616720759072742e-18,1.915136357605799,0.0,0.14732174277636678,2.348293699380713e-05,2.3482936993807135e-06,0.0,False,38,False,shielded,v9_four_class_stateful_PD_shared_root_m1_marked_embryo_v1,nan,nan,nan,nan,nan,nan,nan,nan,nan,nan,100000000000000.0,150.5830078125,nan,0.6103515625,2.0,0.001,1.0,emission,13098.721493975596,2.6207881790775866e-27,4.2938993526007594e-27,2.0180510680264914,6.465882797969363e-25,custom,False,2.033691229284313,,terminate,False,nan,1.0,0.007762538982531415,0.012718143868979471,2.220446049250313e-16,0,active,2.302585092994046,nan,nan,nan,1000000,1.0,inf,False,0,0.0,1.0,0.0,0.0,0,5.668317559099872e-36,0,0.0,0.0,0.0,0.0,0.0,inf,0.0,0.0,0.0,0.0,0.0,0.0,inf,inf,0.0,0.0,inf,2.5190613854538304e-18,3.366991998535153e-18,1.2439845403232696e-14,False,10323452352.43774,0.0,0.0,3741.9095810948684,0.0,0.0,0,0,0,0,0.0,0,0,False,0,0.0,False,False,False,False,False,False,False,False,False,False,False,0.0,77.5638892361371,890421.8093471443,0,0.0,False,-1,0,0,0,3804,0,0,0.0,20,6.631397346694893e-23,5115555555.555555,2.1995070127525344e-14,1000000000000.0,1000000000000.0,0.0005987445183220907,1.0,49.89537652684091,0.00014991623455953818,-1.0024493102302374e-05,10403460466.249973,2302.0,0.0,0.0,5.739718509874451e-34,5.739718509874451e-34,0.0,0.0,0
0.0,-1.6230441412654036e-18,1.9228988965883305,0.0,0.14618257912642152,2.348293699380713e-05,2.3482936993807135e-06,0.0,False,39,False,shielded,v9_four_class_stateful_PD_shared_root_m1_marked_embryo_v1,nan,nan,nan,nan,nan,nan,nan,nan,nan,nan,100000000000000.0,151.193359375,nan,0.6103515625,2.0,0.001,1.0,emission,13098.721493975596,2.6207881790775866e-27,4.2938993526007594e-27,2.0180510680264914,6.492090679760139e-25,custom,False,2.033691229284313,,terminate,False,nan,1.0,0.007762538982531415,0.012718143868979471,2.220446049250313e-16,0,active,2.302585092994046,nan,nan,nan,1000000,1.0,inf,False,0,0.0,1.0,0.0,0.0,0,5.668317559099952e-36,0,0.0,0.0,0.0,0.0,0.0,inf,0.0,0.0,0.0,0.0,0.0,0.0,inf,inf,0.0,0.0,inf,2.5190613854538304e-18,3.366991998535177e-18,1.2439845403232696e-14,False,10323452352.43774,0.0,0.0,3741.9095810948684,0.0,0.0,0,0,0,0,0.0,0,0,False,0,0.0,False,False,False,False,False,False,False,False,False,False,False,0.0,77.5638892361371,890421.8093471443,0,0.0,False,-1,0,0,0,3804,0,0,0.0,21,6.658276101414304e-23,5115555555.555555,2.208415821141773e-14,1000000000000.0,1000000000000.0,0.0005987445183220907,1.0,49.89537652684091,0.00014991623455953818,-1.0024493102302374e-05,10403460466.249973,2302.0,0.0,0.0,2.8698592549372254e-34,2.8698592549372254e-34,0.0,0.0,0
0.0,-1.6297063573164822e-18,1.9306614355708618,0.0,0.14505222404605264,2.348293699380713e-05,2.3482936993807135e-06,0.0,False,40,False,shielded,v9_four_class_stateful_PD_shared_root_m1_marked_embryo_v1,nan,nan,nan,nan,nan,nan,nan,nan,nan,nan,100000000000000.0,151.8037109375,nan,0.6103515625,2.0,0.001,1.0,emission,13098.721493975596,2.6207881790775866e-27,4.2938993526007594e-27,2.0180510680264914,6.518298561550915e-25,custom,False,2.033691229284313,,terminate,False,nan,1.0,0.007762538982531415,0.012718143868979471,0.0,0,active,2.302585092994046,nan,nan,nan,1000000,1.0,inf,False,0,0.0,1.0,0.0,0.0,0,5.472258336268845e-36,0,0.0,0.0,0.0,0.0,0.0,inf,0.0,0.0,0.0,0.0,0.0,0.0,inf,inf,0.0,0.0,inf,2.5190613854538304e-18,3.308249789924831e-18,1.2439845403232696e-14,False,10323452352.43774,0.0,0.0,3741.9095810948684,0.0,0.0,0,0,0,0,0.0,0,0,False,0,0.0,False,False,False,False,False,False,False,False,False,False,False,0.0,77.5638892361371,890421.8093471443,0,0.0,False,-1,0,0,0,3804,0,0,0.0,20,6.685154856133716e-23,5115555555.555555,2.2173657662036368e-14,1000000000000.0,1000000000000.0,0.0005987445183220907,1.0,49.89537652684091,0.00014991623455953818,-1.0024493102302374e-05,10403460466.249973,2302.0,0.0,0.0,2.2958874039497803e-33,2.2958874039497803e-33,0.0,0.0,0
0.0,-1.6358638122481445e-18,1.938423974553393,0.0,0.1439306094230991,2.348293699380713e-05,2.3482936993807135e-06,0.0,False,41,False,shielded,v9_four_class_stateful_PD_shared_root_m1_marked_embryo_v1,nan,nan,nan,nan,nan,nan,nan,nan,nan,nan,100000000000000.0,152.4140625,nan,0.6103515625,2.0,0.001,1.0,emission,13098.721493975596,2.6207881790775866e-27,4.2938993526007594e-27,2.0180510680264914,6.544506443341691e-25,custom,False,2.033691229284313,,terminate,False,nan,1.0,0.007762538982531415,0.012718143868979471,0.0,0,active,2.302585092994046,nan,nan,nan,1000000,1.0,inf,False,0,0.0,1.0,0.0,0.0,0,5.668317559099952e-36,0,0.0,0.0,0.0,0.0,0.0,inf,0.0,0.0,0.0,0.0,0.0,0.0,inf,inf,0.0,0.0,inf,2.5190613854538304e-18,3.366991998535177e-18,1.2439845403232696e-14,False,10323452352.43774,0.0,0.0,3741.9095810948684,0.0,0.0,0,0,0,0,0.0,0,0,False,0,0.0,False,False,False,False,False,False,False,False,False,False,False,0.0,77.5638892361371,890421.8093471443,0,0.0,False,-1,0,0,0,3804,0,0,0.0,21,6.712033610853128e-23,5115555555.555555,2.2262344661503463e-14,1000000000000.0,1000000000000.0,0.0005987445183220907,1.0,49.89537652684091,0.00014991623455953818,-1.0024493102302374e-05,10403460466.249973,2302.0,0.0,0.0,1.4349296274686127e-34,1.4349296274686127e-34,0.0,0.0,0
0.0,-1.6427845868641314e-18,1.9461865135359244,0.0,0.14281766767207632,2.348293699380713e-05,2.3482936993807135e-06,0.0,False,42,False,shielded,v9_four_class_stateful_PD_shared_root_m1_marked_embryo_v1,nan,nan,nan,nan,nan,nan,nan,nan,nan,nan,100000000000000.0,153.0244140625,nan,0.6103515625,2.0,0.001,1.0,emission,13098.721493975596,2.6207881790775866e-27,4.2938993526007594e-27,2.0180510680264914,6.570714325132466e-25,custom,False,2.033691229284313,,terminate,False,nan,1.0,0.007762538982531415,0.012718143868979471,0.0,0,active,2.302585092994046,nan,nan,nan,1000000,1.0,inf,False,0,0.0,1.0,0.0,0.0,0,3.7486389764064535e-36,0,0.0,0.0,0.0,0.0,0.0,inf,0.0,0.0,0.0,0.0,0.0,0.0,inf,inf,0.0,0.0,inf,2.5190613854538304e-18,2.7381157668756277e-18,1.2439845403232696e-14,False,10323452352.43774,0.0,0.0,3741.9095810948684,0.0,0.0,0,0,0,0,0.0,0,0,False,0,0.0,False,False,False,False,False,False,False,False,False,False,False,0.0,77.5638892361371,890421.8093471443,0,0.0,False,-1,0,0,0,3804,0,0,0.0,20,6.73891236557254e-23,5115555555.555555,2.2351836882121756e-14,1000000000000.0,1000000000000.0,0.0005987445183220907,1.0,49.89537652684091,0.00014991623455953818,-1.0024493102302374e-05,10403460466.249973,2302.0,0.0,0.0,2.8698592549372254e-34,2.8698592549372254e-34,0.0,0.0,0
0.0,-1.6493897920764292e-18,1.953949052518456,0.0,0.14171333173010367,2.348293699380713e-05,2.3482936993807135e-06,0.0,False,43,False,shielded,v9_four_class_stateful_PD_shared_root_m1_marked_embryo_v1,nan,nan,nan,nan,nan,nan,nan,nan,nan,nan,100000000000000.0,153.634765625,nan,0.6103515625,2.0,0.001,1.0,emission,13098.721493975596,2.6207881790775866e-27,4.2938993526007594e-27,2.0180510680264914,6.596922206923242e-25,custom,False,2.033691229284313,,terminate,False,nan,1.0,0.007762538982531415,0.012718143868979471,2.220446049250313e-16,0,active,2.302585092994046,nan,nan,nan,1000000,1.0,inf,False,0,0.0,1.0,0.0,0.0,0,5.668317559099952e-36,0,0.0,0.0,0.0,0.0,0.0,inf,0.0,0.0,0.0,0.0,0.0,0.0,inf,inf,0.0,0.0,inf,2.5190613854538304e-18,3.366991998535177e-18,1.2439845403232696e-14,False,10323452352.43774,0.0,0.0,3741.9095810948684,0.0,0.0,0,0,0,0,0.0,0,0,False,0,0.0,False,False,False,False,False,False,False,False,False,False,False,0.0,77.5638892361371,890421.8093471443,0,0.0,False,-1,0,0,0,3804,0,0,0.0,21,6.765791120291952e-23,5115555555.555555,2.244090036073172e-14,1000000000000.0,1000000000000.0,0.0005987445183220907,1.0,49.89537652684091,0.00014991623455953818,-1.0024493102302374e-05,10403460466.249973,2302.0,0.0,0.0,1.4349296274686127e-34,1.4349296274686127e-34,0.0,0.0,0
0.0,-1.6557868191930022e-18,1.9617115915009873,0.0,0.14061753505286356,2.348293699380713e-05,2.3482936993807135e-06,0.0,False,44,False,shielded,v9_four_class_stateful_PD_shared_root_m1_marked_embryo_v1,nan,nan,nan,nan,nan,nan,nan,nan,nan,nan,100000000000000.0,154.2451171875,nan,0.6103515625,2.0,0.001,1.0,emission,13098.721493975596,2.6207881790775866e-27,4.2938993526007594e-27,2.0180510680264914,6.623130088714018e-25,custom,False,2.033691229284313,,terminate,False,nan,1.0,0.007762538982531415,0.012718143868979471,0.0,0,active,2.302585092994046,nan,nan,nan,1000000,1.0,inf,False,0,0.0,1.0,0.0,0.0,0,5.668317559099952e-36,0,0.0,0.0,0.0,0.0,0.0,inf,0.0,0.0,0.0,0.0,0.0,0.0,inf,inf,0.0,0.0,inf,2.5190613854538304e-18,3.366991998535177e-18,1.2439845403232696e-14,False,10323452352.43774,0.0,0.0,3741.9095810948684,0.0,0.0,0,0,0,0,0.0,0,0,False,0,0.0,False,False,False,False,False,False,False,False,False,False,False,0.0,77.5638892361371,890421.8093471443,0,0.0,False,-1,0,0,0,3804,0,0,0.0,20,6.792669875011363e-23,5115555555.555555,2.2529914437048426e-14,1000000000000.0,1000000000000.0,0.0005987445183220907,1.0,49.89537652684091,0.00014991623455953818,-1.0024493102302374e-05,10403460466.249973,2302.0,0.0,0.0,5.739718509874451e-34,5.739718509874451e-34,0.0,0.0,0
0.0,-1.6623529271966599e-18,1.9694741304835188,0.0,0.13953021161059145,2.348293699380713e-05,2.3482936993807135e-06,0.0,False,45,False,shielded,v9_four_class_stateful_PD_shared_root_m1_marked_embryo_v1,nan,nan,nan,nan,nan,nan,nan,nan,nan,nan,100000000000000.0,154.85546875,nan,0.6103515625,2.0,0.001,1.0,emission,13098.721493975596,2.6207881790775866e-27,4.2938993526007594e-27,2.0180510680264914,6.649337970504794e-25,custom,False,2.033691229284313,,terminate,False,nan,1.0,0.007762538982531415,0.012718143868979471,2.220446049250313e-16,0,active,2.302585092994046,nan,nan,nan,1000000,1.0,inf,False,0,0.0,1.0,0.0,0.0,0,5.028581166967432e-36,0,0.0,0.0,0.0,0.0,0.0,inf,0.0,0.0,0.0,0.0,0.0,0.0,inf,inf,0.0,0.0,inf,2.5190613854538304e-18,3.1713029394769057e-18,1.2439845403232696e-14,False,10323452352.43774,0.0,0.0,3741.9095810948684,0.0,0.0,0,0,0,0,0.0,0,0,False,0,0.0,False,False,False,False,False,False,False,False,False,False,False,0.0,77.5638892361371,890421.8093471443,0,0.0,False,-1,0,0,0,3804,0,0,0.0,21,6.819548629730775e-23,5115555555.555555,2.261931602476765e-14,1000000000000.0,1000000000000.0,0.0005987445183220907,1.0,49.89537652684091,0.00014991623455953818,-1.0024493102302374e-05,10403460466.249973,2302.0,0.0,0.0,5.739718509874451e-34,5.739718509874451e-34,0.0,0.0,0
0.0,-1.6688544117149618e-18,1.9772366694660501,0.0,0.13845129588409727,2.348293699380713e-05,2.3482936993807135e-06,0.0,False,46,False,shielded,v9_four_class_stateful_PD_shared_root_m1_marked_embryo_v1,nan,nan,nan,nan,nan,nan,nan,nan,nan,nan,100000000000000.0,155.4658203125,nan,0.6103515625,2.0,0.001,1.0,emission,13098.721493975596,2.6207881790775866e-27,4.2938993526007594e-27,2.0180510680264914,6.67554585229557e-25,custom,False,2.033691229284313,,terminate,False,nan,1.0,0.007762538982531415,0.012718143868979471,0.0,0,active,2.302585092994046,nan,nan,nan,1000000,1.0,inf,False,0,0.0,1.0,0.0,0.0,0,5.668317559099952e-36,0,0.0,0.0,0.0,0.0,0.0,inf,0.0,0.0,0.0,0.0,0.0,0.0,inf,inf,0.0,0.0,inf,2.5190613854538304e-18,3.366991998535177e-18,1.2439845403232696e-14,False,10323452352.43774,0.0,0.0,3741.9095810948684,0.0,0.0,0,0,0,0,0.0,0,0,False,0,0.0,False,False,False,False,False,False,False,False,False,False,False,0.0,77.5638892361371,890421.8093471443,0,0.0,False,-1,0,0,0,3804,0,0,0.0,20,6.846427384450187e-23,5115555555.555555,2.2708145912331412e-14,1000000000000.0,1000000000000.0,0.0005987445183220907,1.0,49.89537652684091,0.00014991623455953818,-1.0024493102302374e-05,10403460466.249973,2302.0,0.0,0.0,1.4349296274686127e-34,1.4349296274686127e-34,0.0,0.0,0
0.0,-1.6754240223115257e-18,1.9849992084485817,0.0,0.13738072286081723,2.348293699380713e-05,2.3482936993807135e-06,0.0,False,47,False,shielded,v9_four_class_stateful_PD_shared_root_m1_marked_embryo_v1,nan,nan,nan,nan,nan,nan,nan,nan,nan,nan,100000000000000.0,156.076171875,nan,0.6103515625,2.0,0.001,1.0,emission,13098.721493975596,2.6207881790775866e-27,4.2938993526007594e-27,2.0180510680264914,6.701753734086346e-25,custom,False,2.033691229284313,,terminate,False,nan,1.0,0.007762538982531415,0.012718143868979471,2.220446049250313e-16,0,active,2.302585092994046,nan,nan,nan,1000000,1.0,inf,False,0,0.0,1.0,0.0,0.0,0,4.979842735114943e-36,0,0.0,0.0,0.0,0.0,0.0,inf,0.0,0.0,0.0,0.0,0.0,0.0,inf,inf,0.0,0.0,inf,2.5190613854538304e-18,3.1558969359327762e-18,1.2439845403232696e-14,False,10323452352.43774,0.0,0.0,3741.9095810948684,0.0,0.0,0,0,0,0,0.0,0,0,False,0,0.0,False,False,False,False,False,False,False,False,False,False,False,0.0,77.5638892361371,890421.8093471443,0,0.0,False,-1,0,0,0,3804,0,0,0.0,21,6.873306139169599e-23,5115555555.555555,2.2797064900598988e-14,1000000000000.0,1000000000000.0,0.0005987445183220907,1.0,49.89537652684091,0.00014991623455953818,-1.0024493102302374e-05,10403460466.249973,2302.0,0.0,0.0,5.739718509874451e-34,5.739718509874451e-34,0.0,0.0,0
0.0,-1.6818117177968133e-18,1.992761747431113,0.0,0.13631842803089653,2.348293699380713e-05,2.3482936993807135e-06,0.0,False,48,False,shielded,v9_four_class_stateful_PD_shared_root_m1_marked_embryo_v1,nan,nan,nan,nan,nan,nan,nan,nan,nan,nan,100000000000000.0,156.6865234375,nan,0.6103515625,2.0,0.001,1.0,emission,13098.721493975596,2.6207881790775866e-27,4.2938993526007594e-27,2.0180510680264914,6.727961615877122e-25,custom,False,2.033691229284313,,terminate,False,nan,1.0,0.007762538982531415,0.012718143868979471,0.0,0,active,2.302585092994046,nan,nan,nan,1000000,1.0,inf,False,0,0.0,1.0,0.0,0.0,0,5.668317559099952e-36,0,0.0,0.0,0.0,0.0,0.0,inf,0.0,0.0,0.0,0.0,0.0,0.0,inf,inf,0.0,0.0,inf,2.5190613854538304e-18,3.366991998535177e-18,1.2439845403232696e-14,False,10323452352.43774,0.0,0.0,3741.9095810948684,0.0,0.0,0,0,0,0,0.0,0,0,False,0,0.0,False,False,False,False,False,False,False,False,False,False,False,0.0,77.5638892361371,890421.8093471443,0,0.0,False,-1,0,0,0,3804,0,0,0.0,20,6.900184893889011e-23,5115555555.555555,2.2886486329666843e-14,1000000000000.0,1000000000000.0,0.0005987445183220907,1.0,49.89537652684091,0.00014991623455953818,-1.0024493102302374e-05,10403460466.249973,2302.0,0.0,0.0,2.8698592549372254e-34,2.8698592549372254e-34,0.0,0.0,0
0.0,-1.6883217972386676e-18,2.0005242864136443,0.0,0.13526434738330198,2.348293699380713e-05,2.3482936993807135e-06,0.0,False,49,False,shielded,v9_four_class_stateful_PD_shared_root_m1_marked_embryo_v1,nan,nan,nan,nan,nan,nan,nan,nan,nan,nan,100000000000000.0,157.296875,nan,0.6103515625,2.0,0.001,1.0,emission,13098.721493975596,2.6207881790775866e-27,4.2938993526007594e-27,2.0180510680264914,6.7541694976678975e-25,custom,False,2.033691229284313,,terminate,False,nan,1.0,0.007762538982531415,0.012718143868979471,0.0,0,active,2.302585092994046,nan,nan,nan,1000000,1.0,inf,False,0,0.0,1.0,0.0,0.0,0,5.668317559099952e-36,0,0.0,0.0,0.0,0.0,0.0,inf,0.0,0.0,0.0,0.0,0.0,0.0,inf,inf,0.0,0.0,inf,2.5190613854538304e-18,3.366991998535177e-18,1.2439845403232696e-14,False,10323452352.43774,0.0,0.0,3741.9095810948684,0.0,0.0,0,0,0,0,0.0,0,0,False,0,0.0,False,False,False,False,False,False,False,False,False,False,False,0.0,77.5638892361371,890421.8093471443,0,0.0,False,-1,0,0,0,3804,0,0,0.0,21,6.927063648608423e-23,5115555555.555555,2.2975718395478443e-14,1000000000000.0,1000000000000.0,0.0005987445183220907,1.0,49.89537652684091,0.00014991623455953818,-1.0024493102302374e-05,10403460466.249973,2302.0,0.0,0.0,2.8698592549372254e-34,2.8698592549372254e-34,0.0,0.0,0
0.0,-1.6948819469569755e-18,2.008286825396176,0.0,0.13421841740196494,2.348293699380713e-05,2.3482936993807135e-06,0.0,False,50,False,shielded,v9_four_class_stateful_PD_shared_root_m1_marked_embryo_v1,nan,nan,nan,nan,nan,nan,nan,nan,nan,nan,100000000000000.0,157.9072265625,nan,0.6103515625,2.0,0.001,1.0,emission,13098.721493975596,2.6207881790775866e-27,4.2938993526007594e-27,2.0180510680264914,6.780377379458673e-25,custom,False,2.033691229284313,,terminate,False,nan,1.0,0.007762538982531415,0.012718143868979471,0.0,0,active,2.302585092994046,nan,nan,nan,1000000,1.0,inf,False,0,0.0,1.0,0.0,0.0,0,4.551486746282383e-36,0,0.0,0.0,0.0,0.0,0.0,inf,0.0,0.0,0.0,0.0,0.0,0.0,inf,inf,0.0,0.0,inf,2.5190613854538304e-18,3.017113437139009e-18,1.2439845403232696e-14,False,10323452352.43774,0.0,0.0,3741.9095810948684,0.0,0.0,0,0,0,0,0.0,0,0,False,0,0.0,False,False,False,False,False,False,False,False,False,False,False,0.0,77.5638892361371,890421.8093471443,0,0.0,False,-1,0,0,0,3804,0,0,0.0,21,6.953942403327834e-23,5115555555.555555,2.3064811969008463e-14,1000000000000.0,1000000000000.0,0.0005987445183220907,1.0,49.89537652684091,0.00014991623455953818,-1.0024493102302374e-05,10403460466.249973,2302.0,0.0,0.0,1.4349296274686127e-34,1.4349296274686127e-34,0.0,0.0,0
0.0,-1.7013677796671242e-18,2.0160493643787074,0.0,0.1331805750619541,2.348293699380713e-05,2.3482936993807135e-06,0.0,False,51,False,shielded,v9_four_class_stateful_PD_shared_root_m1_marked_embryo_v1,nan,nan,nan,nan,nan,nan,nan,nan,nan,nan,100000000000000.0,158.517578125,nan,0.6103515625,2.0,0.001,1.0,emission,13098.721493975596,2.6207881790775866e-27,4.2938993526007594e-27,2.0180510680264914,6.806585261249449e-25,custom,False,2.033691229284313,,terminate,False,nan,1.0,0.007762538982531415,0.012718143868979471,0.0,0,active,2.302585092994046,nan,nan,nan,1000000,1.0,inf,False,0,0.0,1.0,0.0,0.0,0,5.668317559099952e-36,0,0.0,0.0,0.0,0.0,0.0,inf,0.0,0.0,0.0,0.0,0.0,0.0,inf,inf,0.0,0.0,inf,2.5190613854538304e-18,3.366991998535177e-18,1.2439845403232696e-14,False,10323452352.43774,0.0,0.0,3741.9095810948684,0.0,0.0,0,0,0,0,0.0,0,0,False,0,0.0,False,False,False,False,False,False,False,False,False,False,False,0.0,77.5638892361371,890421.8093471443,0,0.0,False,-1,0,0,0,3804,0,0,0.0,20,6.980821158047246e-23,5115555555.555555,2.315357028309055e-14,1000000000000.0,1000000000000.0,0.0005987445183220907,1.0,49.89537652684091,0.00014991623455953818,-1.0024493102302374e-05,10403460466.249973,2302.0,0.0,0.0,2.8698592549372254e-34,2.8698592549372254e-34,0.0,0.0,0
0.0,-1.7077718248942069e-18,2.023811903361239,0.0,0.13215075782567767,2.348293699380713e-05,2.3482936993807135e-06,0.0,False,52,False,shielded,v9_four_class_stateful_PD_shared_root_m1_marked_embryo_v1,nan,nan,nan,nan,nan,nan,nan,nan,nan,nan,100000000000000.0,159.1279296875,nan,0.6103515625,2.0,0.001,1.0,emission,13098.721493975596,2.6207881790775866e-27,4.2938993526007594e-27,2.0180510680264914,6.832793143040225e-25,custom,False,2.033691229284313,,terminate,False,nan,1.0,0.007762538982531415,0.012718143868979471,0.0,0,active,2.302585092994046,nan,nan,nan,1000000,1.0,inf,False,0,0.0,1.0,0.0,0.0,0,5.631943601140129e-36,0,0.0,0.0,0.0,0.0,0.0,inf,0.0,0.0,0.0,0.0,0.0,0.0,inf,inf,0.0,0.0,inf,2.5190613854538304e-18,3.356171509663989e-18,1.2439845403232696e-14,False,10323452352.43774,0.0,0.0,3741.9095810948684,0.0,0.0,0,0,0,0,0.0,0,0,False,0,0.0,False,False,False,False,False,False,False,False,False,False,False,0.0,77.5638892361371,890421.8093471443,0,0.0,False,-1,0,0,0,3804,0,0,0.0,21,7.007699912766658e-23,5115555555.555555,2.324266303582321e-14,1000000000000.0,1000000000000.0,0.0005987445183220907,1.0,49.89537652684091,0.00014991623455953818,-1.0024493102302374e-05,10403460466.249973,2302.0,0.0,0.0,2.8698592549372254e-34,2.8698592549372254e-34,0.0,0.0,0
0.0,-1.7145320876972672e-18,2.0315744423437705,0.0,0.13112890363911506,2.348293699380713e-05,2.3482936993807135e-06,0.0,False,53,False,shielded,v9_four_class_stateful_PD_shared_root_m1_marked_embryo_v1,nan,nan,nan,nan,nan,nan,nan,nan,nan,nan,100000000000000.0,159.73828125,nan,0.6103515625,2.0,0.001,1.0,emission,13098.721493975596,2.6207881790775866e-27,4.2938993526007594e-27,2.0180510680264914,6.859001024831001e-25,custom,False,2.033691229284313,,terminate,False,nan,1.0,0.007762538982531415,0.012718143868979471,0.0,0,active,2.302585092994046,nan,nan,nan,1000000,1.0,inf,False,0,0.0,1.0,0.0,0.0,0,5.668317559099952e-36,0,0.0,0.0,0.0,0.0,0.0,inf,0.0,0.0,0.0,0.0,0.0,0.0,inf,inf,0.0,0.0,inf,2.5190613854538304e-18,3.366991998535177e-18,1.2439845403232696e-14,False,10323452352.43774,0.0,0.0,3741.9095810948684,0.0,0.0,0,0,0,0,0.0,0,0,False,0,0.0,False,False,False,False,False,False,False,False,False,False,False,0.0,77.5638892361371,890421.8093471443,0,0.0,False,-1,0,0,0,3804,0,0,0.0,20,7.03457866748607e-23,5115555555.555555,2.333190145745811e-14,1000000000000.0,1000000000000.0,0.0005987445183220907,1.0,49.89537652684091,0.00014991623455953818,-1.0024493102302374e-05,10403460466.249973,2302.0,0.0,0.0,2.8698592549372254e-34,2.8698592549372254e-34,0.0,0.0,0
0.0,-1.7210138103537474e-18,2.0393369813263016,0.0,0.1301149509280777,2.348293699380713e-05,2.3482936993807135e-06,0.0,False,54,False,shielded,v9_four_class_stateful_PD_shared_root_m1_marked_embryo_v1,nan,nan,nan,nan,nan,nan,nan,nan,nan,nan,100000000000000.0,160.3486328125,nan,0.6103515625,2.0,0.001,1.0,emission,13098.721493975596,2.6207881790775866e-27,4.2938993526007594e-27,2.0180510680264914,6.885208906621777e-25,custom,False,2.033691229284313,,terminate,False,nan,1.0,0.007762538982531415,0.012718143868979471,4.440892098500626e-16,0,active,2.302585092994046,nan,nan,nan,1000000,1.0,inf,False,0,0.0,1.0,0.0,0.0,0,5.668317559099952e-36,0,0.0,0.0,0.0,0.0,0.0,inf,0.0,0.0,0.0,0.0,0.0,0.0,inf,inf,0.0,0.0,inf,2.5190613854538304e-18,3.366991998535177e-18,1.2439845403232696e-14,False,10323452352.43774,0.0,0.0,3741.9095810948684,0.0,0.0,0,0,0,0,0.0,0,0,False,0,0.0,False,False,False,False,False,False,False,False,False,False,False,0.0,77.5638892361371,890421.8093471443,0,0.0,False,-1,0,0,0,3804,0,0,0.0,21,7.061457422205482e-23,5115555555.555555,2.3421234924942773e-14,1000000000000.0,1000000000000.0,0.0005987445183220907,1.0,49.89537652684091,0.00014991623455953818,-1.0024493102302374e-05,10403460466.249973,2302.0,0.0,0.0,2.8698592549372254e-34,2.8698592549372254e-34,0.0,0.0,0
0.0,-1.7275419714468041e-18,2.047099520308833,0.0,0.12910883859449857,2.348293699380713e-05,2.3482936993807135e-06,0.0,False,55,False,shielded,v9_four_class_stateful_PD_shared_root_m1_marked_embryo_v1,nan,nan,nan,nan,nan,nan,nan,nan,nan,nan,100000000000000.0,160.958984375,nan,0.6103515625,2.0,0.001,1.0,emission,13098.721493975596,2.6207881790775866e-27,4.2938993526007594e-27,2.0180510680264914,6.911416788412553e-25,custom,False,2.033691229284313,,terminate,False,nan,1.0,0.007762538982531415,0.012718143868979471,0.0,0,active,2.302585092994046,nan,nan,nan,1000000,1.0,inf,False,0,0.0,1.0,0.0,0.0,0,4.106523042881864e-36,0,0.0,0.0,0.0,0.0,0.0,inf,0.0,0.0,0.0,0.0,0.0,0.0,inf,inf,0.0,0.0,inf,2.5190613854538304e-18,2.865841252715113e-18,1.2439845403232696e-14,False,10323452352.43774,0.0,0.0,3741.9095810948684,0.0,0.0,0,0,0,0,0.0,0,0,False,0,0.0,False,False,False,False,False,False,False,False,False,False,False,0.0,77.5638892361371,890421.8093471443,0,0.0,False,-1,0,0,0,3804,0,0,0.0,20,7.088336176924894e-23,5115555555.555555,2.3510046996506877e-14,1000000000000.0,1000000000000.0,0.0005987445183220907,1.0,49.89537652684091,0.00014991623455953818,-1.0024493102302374e-05,10403460466.249973,2302.0,0.0,0.0,5.739718509874451e-34,5.739718509874451e-34,0.0,0.0,0
0.0,-1.73418460658182e-18,2.0548620592913647,0.0,0.12811050601275084,2.348293699380713e-05,2.3482936993807135e-06,0.0,False,56,False,shielded,v9_four_class_stateful_PD_shared_root_m1_marked_embryo_v1,nan,nan,nan,nan,nan,nan,nan,nan,nan,nan,100000000000000.0,161.5693359375,nan,0.6103515625,2.0,0.001,1.0,emission,13098.721493975596,2.6207881790775866e-27,4.2938993526007594e-27,2.0180510680264914,6.937624670203329e-25,custom,False,2.033691229284313,,terminate,False,nan,1.0,0.007762538982531415,0.012718143868979471,0.0,0,active,2.302585092994046,nan,nan,nan,1000000,1.0,inf,False,0,0.0,1.0,0.0,0.0,0,5.668317559099952e-36,0,0.0,0.0,0.0,0.0,0.0,inf,0.0,0.0,0.0,0.0,0.0,0.0,inf,inf,0.0,0.0,inf,2.5190613854538304e-18,3.366991998535177e-18,1.2439845403232696e-14,False,10323452352.43774,0.0,0.0,3741.9095810948684,0.0,0.0,0,0,0,0,0.0,0,0,False,0,0.0,False,False,False,False,False,False,False,False,False,False,False,0.0,77.5638892361371,890421.8093471443,0,0.0,False,-1,0,0,0,3804,0,0,0.0,21,7.115214931644305e-23,5115555555.555555,2.3599058691586982e-14,1000000000000.0,1000000000000.0,0.0005987445183220907,1.0,49.89537652684091,0.00014991623455953818,-1.0024493102302374e-05,10403460466.249973,2302.0,0.0,0.0,5.739718509874451e-34,5.739718509874451e-34,0.0,0.0,0
0.0,-1.7407267263477136e-18,2.062624598273896,0.0,0.1271198930259947,2.348293699380713e-05,2.3482936993807135e-06,0.0,False,57,False,shielded,v9_four_class_stateful_PD_shared_root_m1_marked_embryo_v1,nan,nan,nan,nan,nan,nan,nan,nan,nan,nan,100000000000000.0,162.1796875,nan,0.6103515625,2.0,0.001,1.0,emission,13098.721493975596,2.6207881790775866e-27,4.2938993526007594e-27,2.0180510680264914,6.963832551994104e-25,custom,False,2.033691229284313,,terminate,False,nan,1.0,0.007762538982531415,0.012718143868979471,0.0,0,active,2.302585092994046,nan,nan,nan,1000000,1.0,inf,False,0,0.0,1.0,0.0,0.0,0,5.668317559099952e-36,0,0.0,0.0,0.0,0.0,0.0,inf,0.0,0.0,0.0,0.0,0.0,0.0,inf,inf,0.0,0.0,inf,2.5190613854538304e-18,3.366991998535177e-18,1.2439845403232696e-14,False,10323452352.43774,0.0,0.0,3741.9095810948684,0.0,0.0,0,0,0,0,0.0,0,0,False,0,0.0,False,False,False,False,False,False,False,False,False,False,False,0.0,77.5638892361371,890421.8093471443,0,0.0,False,-1,0,0,0,3804,0,0,0.0,20,7.142093686363717e-23,5115555555.555555,2.368838961566135e-14,1000000000000.0,1000000000000.0,0.0005987445183220907,1.0,49.89537652684091,0.00014991623455953818,-1.0024493102302374e-05,10403460466.249973,2302.0,0.0,0.0,2.2958874039497803e-33,2.2958874039497803e-33,0.0,0.0,0
0.0,-1.747335304905947e-18,2.0703871372564273,0.0,0.1261369399425523,2.348293699380713e-05,2.3482936993807135e-06,0.0,False,58,False,shielded,v9_four_class_stateful_PD_shared_root_m1_marked_embryo_v1,nan,nan,nan,nan,nan,nan,nan,nan,nan,nan,100000000000000.0,162.7900390625,nan,0.6103515625,2.0,0.001,1.0,emission,13098.721493975596,2.6207881790775866e-27,4.2938993526007594e-27,2.0180510680264914,6.99004043378488e-25,custom,False,2.033691229284313,,terminate,False,nan,1.0,0.007762538982531415,0.012718143868979471,4.440892098500626e-16,0,active,2.302585092994046,nan,nan,nan,1000000,1.0,inf,False,0,0.0,1.0,0.0,0.0,0,5.5563875564813326e-36,0,0.0,0.0,0.0,0.0,0.0,inf,0.0,0.0,0.0,0.0,0.0,0.0,inf,inf,0.0,0.0,inf,2.5190613854538304e-18,3.3335829242667215e-18,1.2439845403232696e-14,False,10323452352.43774,0.0,0.0,3741.9095810948684,0.0,0.0,0,0,0,0,0.0,0,0,False,0,0.0,False,False,False,False,False,False,False,False,False,False,False,0.0,77.5638892361371,890421.8093471443,0,0.0,False,-1,0,0,0,3804,0,0,0.0,21,7.168972441083129e-23,5115555555.555555,2.3777430470384214e-14,1000000000000.0,1000000000000.0,0.0005987445183220907,1.0,49.89537652684091,0.00014991623455953818,-1.0024493102302374e-05,10403460466.249973,2302.0,0.0,0.0,2.2958874039497803e-33,2.2958874039497803e-33,0.0,0.0,0
0.0,-1.7537779691278782e-18,2.078149676238959,0.0,0.12516158753231096,2.348293699380713e-05,2.3482936993807135e-06,0.0,False,59,False,shielded,v9_four_class_stateful_PD_shared_root_m1_marked_embryo_v1,nan,nan,nan,nan,nan,nan,nan,nan,nan,nan,100000000000000.0,163.400390625,nan,0.6103515625,2.0,0.001,1.0,emission,13098.721493975596,2.6207881790775866e-27,4.2938993526007594e-27,2.0180510680264914,7.016248315575656e-25,custom,False,2.033691229284313,,terminate,False,nan,1.0,0.007762538982531415,0.012718143868979471,0.0,0,active,2.302585092994046,nan,nan,nan,1000000,1.0,inf,False,0,0.0,1.0,0.0,0.0,0,5.668317559099952e-36,0,0.0,0.0,0.0,0.0,0.0,inf,0.0,0.0,0.0,0.0,0.0,0.0,inf,inf,0.0,0.0,inf,2.5190613854538304e-18,3.366991998535177e-18,1.2439845403232696e-14,False,10323452352.43774,0.0,0.0,3741.9095810948684,0.0,0.0,0,0,0,0,0.0,0,0,False,0,0.0,False,False,False,False,False,False,False,False,False,False,False,0.0,77.5638892361371,890421.8093471443,0,0.0,False,-1,0,0,0,3804,0,0,0.0,20,7.195851195802541e-23,5115555555.555555,2.386629695589846e-14,1000000000000.0,1000000000000.0,0.0005987445183220907,1.0,49.89537652684091,0.00014991623455953818,-1.0024493102302374e-05,10403460466.249973,2302.0,0.0,0.0,2.2958874039497803e-33,2.2958874039497803e-33,0.0,0.0,0
0.0,-1.760339592261652e-18,2.0859122152214904,0.0,0.12419377702315425,2.348293699380713e-05,2.3482936993807135e-06,0.0,False,60,False,shielded,v9_four_class_stateful_PD_shared_root_m1_marked_embryo_v1,nan,nan,nan,nan,nan,nan,nan,nan,nan,nan,100000000000000.0,164.0107421875,nan,0.6103515625,2.0,0.001,1.0,emission,13098.721493975596,2.6207881790775866e-27,4.2938993526007594e-27,2.0180510680264914,7.042456197366432e-25,custom,False,2.033691229284313,,terminate,False,nan,1.0,0.007762538982531415,0.012718143868979471,0.0,0,active,2.302585092994046,nan,nan,nan,1000000,1.0,inf,False,0,0.0,1.0,0.0,0.0,0,3.702963187228217e-36,0,0.0,0.0,0.0,0.0,0.0,inf,0.0,0.0,0.0,0.0,0.0,0.0,inf,inf,0.0,0.0,inf,2.5190613854538304e-18,2.721383173031029e-18,1.2439845403232696e-14,False,10323452352.43774,0.0,0.0,3741.9095810948684,0.0,0.0,0,0,0,0,0.0,0,0,False,0,0.0,False,False,False,False,False,False,False,False,False,False,False,0.0,77.5638892361371,890421.8093471443,0,0.0,False,-1,0,0,0,3804,0,0,0.0,21,7.222729950521953e-23,5115555555.555555,2.3955457052498646e-14,1000000000000.0,1000000000000.0,0.0005987445183220907,1.0,49.89537652684091,0.00014991623455953818,-1.0024493102302374e-05,10403460466.249973,2302.0,0.0,0.0,5.739718509874451e-34,5.739718509874451e-34,0.0,0.0,0
0.0,-1.7669534570209877e-18,2.0936747542040215,0.0,0.12323345009742043,2.348293699380713e-05,2.3482936993807135e-06,0.0,False,61,False,shielded,v9_four_class_stateful_PD_shared_root_m1_marked_embryo_v1,nan,nan,nan,nan,nan,nan,nan,nan,nan,nan,100000000000000.0,164.62109375,nan,0.6103515625,2.0,0.001,1.0,emission,13098.721493975596,2.6207881790775866e-27,4.2938993526007594e-27,2.0180510680264914,7.068664079157208e-25,custom,False,2.033691229284313,,terminate,False,nan,1.0,0.007762538982531415,0.012718143868979471,4.440892098500626e-16,0,active,2.302585092994046,nan,nan,nan,1000000,1.0,inf,False,0,0.0,1.0,0.0,0.0,0,5.668317559099952e-36,0,0.0,0.0,0.0,0.0,0.0,inf,0.0,0.0,0.0,0.0,0.0,0.0,inf,inf,0.0,0.0,inf,2.5190613854538304e-18,3.366991998535177e-18,1.2439845403232696e-14,False,10323452352.43774,0.0,0.0,3741.9095810948684,0.0,0.0,0,0,0,0,0.0,0,0,False,0,0.0,False,False,False,False,False,False,False,False,False,False,False,0.0,77.5638892361371,890421.8093471443,0,0.0,False,-1,0,0,0,3804,0,0,0.0,20,7.249608705241364e-23,5115555555.555555,2.4044722137945178e-14,1000000000000.0,1000000000000.0,0.0005987445183220907,1.0,49.89537652684091,0.00014991623455953818,-1.0024493102302374e-05,10403460466.249973,2302.0,0.0,0.0,2.2958874039497803e-33,2.2958874039497803e-33,0.0,0.0,0
0.0,-1.7731320955311496e-18,2.101437293186553,0.0,0.12228054888838827,2.348293699380713e-05,2.3482936993807135e-06,0.0,False,62,False,shielded,v9_four_class_stateful_PD_shared_root_m1_marked_embryo_v1,nan,nan,nan,nan,nan,nan,nan,nan,nan,nan,100000000000000.0,165.2314453125,nan,0.6103515625,2.0,0.001,1.0,emission,13098.721493975596,2.6207881790775866e-27,4.2938993526007594e-27,2.0180510680264914,7.094871960947984e-25,custom,False,2.033691229284313,,terminate,False,nan,1.0,0.007762538982531415,0.012718143868979471,0.0,0,active,2.302585092994046,nan,nan,nan,1000000,1.0,inf,False,0,0.0,1.0,0.0,0.0,0,5.668317559099952e-36,0,0.0,0.0,0.0,0.0,0.0,inf,0.0,0.0,0.0,0.0,0.0,0.0,inf,inf,0.0,0.0,inf,2.5190613854538304e-18,3.366991998535177e-18,1.2439845403232696e-14,False,10323452352.43774,0.0,0.0,3741.9095810948684,0.0,0.0,0,0,0,0,0.0,0,0,False,0,0.0,False,False,False,False,False,False,False,False,False,False,False,0.0,77.5638892361371,890421.8093471443,0,0.0,False,-1,0,0,0,3804,0,0,0.0,21,7.276487459960776e-23,5115555555.555555,2.4133740221295328e-14,1000000000000.0,1000000000000.0,0.0005987445183220907,1.0,49.89537652684091,0.00014991623455953818,-1.0024493102302374e-05,10403460466.249973,2302.0,0.0,0.0,1.1479437019748901e-33,1.1479437019748901e-33,0.0,0.0,0
0.0,-1.7799382410088125e-18,2.1091998321690846,0.0,0.12133501597679043,2.348293699380713e-05,2.3482936993807135e-06,0.0,False,63,False,shielded,v9_four_class_stateful_PD_shared_root_m1_marked_embryo_v1,nan,nan,nan,nan,nan,nan,nan,nan,nan,nan,100000000000000.0,165.841796875,nan,0.6103515625,2.0,0.001,1.0,emission,13098.721493975596,2.6207881790775866e-27,4.2938993526007594e-27,2.0180510680264914,7.12107984273876e-25,custom,False,2.033691229284313,,terminate,False,nan,1.0,0.007762538982531415,0.012718143868979471,0.0,0,active,2.302585092994046,nan,nan,nan,1000000,1.0,inf,False,0,0.0,1.0,0.0,0.0,0,5.152935378612137e-36,0,0.0,0.0,0.0,0.0,0.0,inf,0.0,0.0,0.0,0.0,0.0,0.0,inf,inf,0.0,0.0,inf,2.5190613854538304e-18,3.210275807033451e-18,1.2439845403232696e-14,False,10323452352.43774,0.0,0.0,3741.9095810948684,0.0,0.0,0,0,0,0,0.0,0,0,False,0,0.0,False,False,False,False,False,False,False,False,False,False,False,0.0,77.5638892361371,890421.8093471443,0,0.0,False,-1,0,0,0,3804,0,0,0.0,20,7.303366214680188e-23,5115555555.555555,2.4222924104023093e-14,1000000000000.0,1000000000000.0,0.0005987445183220907,1.0,49.89537652684091,0.00014991623455953818,-1.0024493102302374e-05,10403460466.249973,2302.0,0.0,0.0,7.174648137343063e-35,7.174648137343063e-35,0.0,0.0,0
0.0,-1.7862762668832557e-18,2.1169623711516157,0.0,0.12039679438735339,2.348293699380713e-05,2.3482936993807135e-06,0.0,False,64,False,shielded,v9_four_class_stateful_PD_shared_root_m1_marked_embryo_v1,nan,nan,nan,nan,nan,nan,nan,nan,nan,nan,100000000000000.0,166.4521484375,nan,0.6103515625,2.0,0.001,1.0,emission,13098.721493975596,2.6207881790775866e-27,4.2938993526007594e-27,2.0180510680264914,7.1472877245295355e-25,custom,False,2.033691229284313,,terminate,False,nan,1.0,0.007762538982531415,0.012718143868979471,4.440892098500626e-16,0,active,2.302585092994046,nan,nan,nan,1000000,1.0,inf,False,0,0.0,1.0,0.0,0.0,0,5.668317559099952e-36,0,0.0,0.0,0.0,0.0,0.0,inf,0.0,0.0,0.0,0.0,0.0,0.0,inf,inf,0.0,0.0,inf,2.5190613854538304e-18,3.366991998535177e-18,1.2439845403232696e-14,False,10323452352.43774,0.0,0.0,3741.9095810948684,0.0,0.0,0,0,0,0,0.0,0,0,False,0,0.0,False,False,False,False,False,False,False,False,False,False,False,0.0,77.5638892361371,890421.8093471443,0,0.0,False,-1,0,0,0,3804,0,0,0.0,21,7.3302449693996e-23,5115555555.555555,2.431169468470449e-14,1000000000000.0,1000000000000.0,0.0005987445183220907,1.0,49.89537652684091,0.00014991623455953818,-1.0024493102302374e-05,10403460466.249973,2302.0,0.0,0.0,5.739718509874451e-34,5.739718509874451e-34,0.0,0.0,0
0.0,-1.7930095687682256e-18,2.124724910134147,0.0,0.11946582758536407,2.348293699380713e-05,2.3482936993807135e-06,0.0,False,65,False,shielded,v9_four_class_stateful_PD_shared_root_m1_marked_embryo_v1,nan,nan,nan,nan,nan,nan,nan,nan,nan,nan,100000000000000.0,167.0625,nan,0.6103515625,2.0,0.001,1.0,emission,13098.721493975596,2.6207881790775866e-27,4.2938993526007594e-27,2.0180510680264914,7.173495606320311e-25,custom,False,2.033691229284313,,terminate,False,nan,1.0,0.007762538982531415,0.012718143868979471,0.0,0,active,2.302585092994046,nan,nan,nan,1000000,1.0,inf,False,0,0.0,1.0,0.0,0.0,0,4.7209488195159934e-36,0,0.0,0.0,0.0,0.0,0.0,inf,0.0,0.0,0.0,0.0,0.0,0.0,inf,inf,0.0,0.0,inf,2.5190613854538304e-18,3.0727670980782107e-18,1.2439845403232696e-14,False,10323452352.43774,0.0,0.0,3741.9095810948684,0.0,0.0,0,0,0,0,0.0,0,0,False,0,0.0,False,False,False,False,False,False,False,False,False,False,False,0.0,77.5638892361371,890421.8093471443,0,0.0,False,-1,0,0,0,3804,0,0,0.0,20,7.357123724119012e-23,5115555555.555555,2.440121442864971e-14,1000000000000.0,1000000000000.0,0.0005987445183220907,1.0,49.89537652684091,0.00014991623455953818,-1.0024493102302374e-05,10403460466.249973,2302.0,0.0,0.0,5.739718509874451e-34,5.739718509874451e-34,0.0,0.0,0
0.0,-1.799416315256996e-18,2.1324874491166783,0.0,0.11854205947326366,2.348293699380713e-05,2.3482936993807135e-06,0.0,False,66,False,shielded,v9_four_class_stateful_PD_shared_root_m1_marked_embryo_v1,nan,nan,nan,nan,nan,nan,nan,nan,nan,nan,100000000000000.0,167.6728515625,nan,0.6103515625,2.0,0.001,1.0,emission,13098.721493975596,2.6207881790775866e-27,4.2938993526007594e-27,2.0180510680264914,7.199703488111087e-25,custom,False,2.033691229284313,,terminate,False,nan,1.0,0.007762538982531415,0.012718143868979471,4.440892098500626e-16,0,active,2.302585092994046,nan,nan,nan,1000000,1.0,inf,False,0,0.0,1.0,0.0,0.0,0,5.668317559099952e-36,0,0.0,0.0,0.0,0.0,0.0,inf,0.0,0.0,0.0,0.0,0.0,0.0,inf,inf,0.0,0.0,inf,2.5190613854538304e-18,3.366991998535177e-18,1.2439845403232696e-14,False,10323452352.43774,0.0,0.0,3741.9095810948684,0.0,0.0,0,0,0,0,0.0,0,0,False,0,0.0,False,False,False,False,False,False,False,False,False,False,False,0.0,77.5638892361371,890421.8093471443,0,0.0,False,-1,0,0,0,3804,0,0,0.0,20,7.384002478838424e-23,5115555555.555555,2.4490192512856917e-14,1000000000000.0,1000000000000.0,0.0005987445183220907,1.0,49.89537652684091,0.00014991623455953818,-1.0024493102302374e-05,10403460466.249973,2302.0,0.0,0.0,2.8698592549372254e-34,2.8698592549372254e-34,0.0,0.0,0
0.0,-1.80602842225753e-18,2.14024998809921,0.0,0.11762543438726683,2.348293699380713e-05,2.3482936993807135e-06,0.0,False,67,False,shielded,v9_four_class_stateful_PD_shared_root_m1_marked_embryo_v1,nan,nan,nan,nan,nan,nan,nan,nan,nan,nan,100000000000000.0,168.283203125,nan,0.6103515625,2.0,0.001,1.0,emission,13098.721493975596,2.6207881790775866e-27,4.2938993526007594e-27,2.0180510680264914,7.225911369901863e-25,custom,False,2.033691229284313,,terminate,False,nan,1.0,0.007762538982531415,0.012718143868979471,0.0,0,active,2.302585092994046,nan,nan,nan,1000000,1.0,inf,False,0,0.0,1.0,0.0,0.0,0,5.668317559099872e-36,0,0.0,0.0,0.0,0.0,0.0,inf,0.0,0.0,0.0,0.0,0.0,0.0,inf,inf,0.0,0.0,inf,2.5190613854538304e-18,3.366991998535153e-18,1.2439845403232696e-14,False,10323452352.43774,0.0,0.0,3741.9095810948684,0.0,0.0,0,0,0,0,0.0,0,0,False,0,0.0,False,False,False,False,False,False,False,False,False,False,False,0.0,77.5638892361371,890421.8093471443,0,0.0,False,-1,0,0,0,3804,0,0,0.0,21,7.410881233557835e-23,5115555555.555555,2.457901753814287e-14,1000000000000.0,1000000000000.0,0.0005987445183220907,1.0,49.89537652684091,0.00014991623455953818,-1.0024493102302374e-05,10403460466.249973,2302.0,0.0,0.0,1.4349296274686127e-34,1.4349296274686127e-34,0.0,0.0,0
0.0,-1.812566289798087e-18,2.1480125270817414,0.0,0.11671589709400795,2.348293699380713e-05,2.3482936993807135e-06,0.0,False,68,False,shielded,v9_four_class_stateful_PD_shared_root_m1_marked_embryo_v1,nan,nan,nan,nan,nan,nan,nan,nan,nan,nan,100000000000000.0,168.8935546875,nan,0.6103515625,2.0,0.001,1.0,emission,13098.721493975596,2.6207881790775866e-27,4.2938993526007594e-27,2.0180510680264914,7.252119251692639e-25,custom,False,2.033691229284313,,terminate,False,nan,1.0,0.007762538982531415,0.012718143868979471,0.0,0,active,2.302585092994046,nan,nan,nan,1000000,1.0,inf,False,0,0.0,1.0,0.0,0.0,0,4.676072273686248e-36,0,0.0,0.0,0.0,0.0,0.0,inf,0.0,0.0,0.0,0.0,0.0,0.0,inf,inf,0.0,0.0,inf,2.5190613854538304e-18,3.058127621171572e-18,1.2439845403232696e-14,False,10323452352.43774,0.0,0.0,3741.9095810948684,0.0,0.0,0,0,0,0,0.0,0,0,False,0,0.0,False,False,False,False,False,False,False,False,False,False,False,0.0,77.5638892361371,890421.8093471443,0,0.0,False,-1,0,0,0,3804,0,0,0.0,20,7.437759988277247e-23,5115555555.555555,2.4668815941801644e-14,1000000000000.0,1000000000000.0,0.0005987445183220907,1.0,49.89537652684091,0.00014991623455953818,-1.0024493102302374e-05,10403460466.249973,2302.0,0.0,0.0,2.8698592549372254e-34,2.8698592549372254e-34,0.0,0.0,0
0.0,-1.8190882211871557e-18,2.155775066064273,0.0,0.11581339278721275,2.348293699380713e-05,2.3482936993807135e-06,0.0,False,69,False,shielded,v9_four_class_stateful_PD_shared_root_m1_marked_embryo_v1,nan,nan,nan,nan,nan,nan,nan,nan,nan,nan,100000000000000.0,169.50390625,nan,0.6103515625,2.0,0.001,1.0,emission,13098.721493975596,2.6207881790775866e-27,4.2938993526007594e-27,2.0180510680264914,7.278327133483415e-25,custom,False,2.033691229284313,,terminate,False,nan,1.0,0.007762538982531415,0.012718143868979471,0.0,0,active,2.302585092994046,nan,nan,nan,1000000,1.0,inf,False,0,0.0,1.0,0.0,0.0,0,5.668317559099872e-36,0,0.0,0.0,0.0,0.0,0.0,inf,0.0,0.0,0.0,0.0,0.0,0.0,inf,inf,0.0,0.0,inf,2.5190613854538304e-18,3.366991998535153e-18,1.2439845403232696e-14,False,10323452352.43774,0.0,0.0,3741.9095810948684,0.0,0.0,0,0,0,0,0.0,0,0,False,0,0.0,False,False,False,False,False,False,False,False,False,False,False,0.0,77.5638892361371,890421.8093471443,0,0.0,False,-1,0,0,0,3804,0,0,0.0,21,7.464638742996659e-23,5115555555.555555,2.4757488782408974e-14,1000000000000.0,1000000000000.0,0.0005987445183220907,1.0,49.89537652684091,0.00014991623455953818,-1.0024493102302374e-05,10403460466.249973,2302.0,0.0,0.0,1.1479437019748901e-33,1.1479437019748901e-33,0.0,0.0,0
0.0,-1.825637759729168e-18,2.1635376050468045,0.0,0.1149178670843958,2.348293699380713e-05,2.3482936993807135e-06,0.0,False,70,False,shielded,v9_four_class_stateful_PD_shared_root_m1_marked_embryo_v1,nan,nan,nan,nan,nan,nan,nan,nan,nan,nan,100000000000000.0,170.1142578125,nan,0.6103515625,2.0,0.001,1.0,emission,13098.721493975596,2.6207881790775866e-27,4.2938993526007594e-27,2.0180510680264914,7.304535015274191e-25,custom,False,2.033691229284313,,terminate,False,nan,1.0,0.007762538982531415,0.012718143868979471,0.0,0,active,2.302585092994046,nan,nan,nan,1000000,1.0,inf,False,0,0.0,1.0,0.0,0.0,0,5.5214385663382494e-36,0,0.0,0.0,0.0,0.0,0.0,inf,0.0,0.0,0.0,0.0,0.0,0.0,inf,inf,0.0,0.0,inf,2.5190613854538304e-18,3.323082474552279e-18,1.2439845403232696e-14,False,10323452352.43774,0.0,0.0,3741.9095810948684,0.0,0.0,0,0,0,0,0.0,0,0,False,0,0.0,False,False,False,False,False,False,False,False,False,False,False,0.0,77.5638892361371,890421.8093471443,0,0.0,False,-1,0,0,0,3804,0,0,0.0,20,7.491517497716071e-23,5115555555.555555,2.4846507594172363e-14,1000000000000.0,1000000000000.0,0.0005987445183220907,1.0,49.89537652684091,0.00014991623455953818,-1.0024493102302374e-05,10403460466.249973,2302.0,0.0,0.0,4.5917748078995606e-33,4.5917748078995606e-33,0.0,0.0,0
0.0,-1.831869260250351e-18,2.1713001440293356,0.0,0.11402926602358363,2.348293699380713e-05,2.3482936993807135e-06,0.0,False,71,False,shielded,v9_four_class_stateful_PD_shared_root_m1_marked_embryo_v1,nan,nan,nan,nan,nan,nan,nan,nan,nan,nan,100000000000000.0,170.724609375,nan,0.6103515625,2.0,0.001,1.0,emission,13098.721493975596,2.6207881790775866e-27,4.2938993526007594e-27,2.0180510680264914,7.330742897064967e-25,custom,False,2.033691229284313,,terminate,False,nan,1.0,0.007762538982531415,0.012718143868979471,4.440892098500626e-16,0,active,2.302585092994046,nan,nan,nan,1000000,1.0,inf,False,0,0.0,1.0,0.0,0.0,0,5.668317559099872e-36,0,0.0,0.0,0.0,0.0,0.0,inf,0.0,0.0,0.0,0.0,0.0,0.0,inf,inf,0.0,0.0,inf,2.5190613854538304e-18,3.366991998535153e-18,1.2439845403232696e-14,False,10323452352.43774,0.0,0.0,3741.9095810948684,0.0,0.0,0,0,0,0,0.0,0,0,False,0,0.0,False,False,False,False,False,False,False,False,False,False,False,0.0,77.5638892361371,890421.8093471443,0,0.0,False,-1,0,0,0,3804,0,0,0.0,21,7.518396252435483e-23,5115555555.555555,2.4935147079769932e-14,1000000000000.0,1000000000000.0,0.0005987445183220907,1.0,49.89537652684091,0.00014991623455953818,-1.0024493102302374e-05,10403460466.249973,2302.0,0.0,0.0,2.8698592549372254e-34,2.8698592549372254e-34,0.0,0.0,0
0.0,-1.8385965392264858e-18,2.179062683011867,0.0,0.11314753606006298,2.348293699380713e-05,2.3482936993807135e-06,0.0,False,72,False,shielded,v9_four_class_stateful_PD_shared_root_m1_marked_embryo_v1,nan,nan,nan,nan,nan,nan,nan,nan,nan,nan,100000000000000.0,171.3349609375,nan,0.6103515625,2.0,0.001,1.0,emission,13098.721493975596,2.6207881790775866e-27,4.2938993526007594e-27,2.0180510680264914,7.356950778855742e-25,custom,False,2.033691229284313,,terminate,False,nan,1.0,0.007762538982531415,0.012718143868979471,0.0,0,active,2.302585092994046,nan,nan,nan,1000000,1.0,inf,False,0,0.0,1.0,0.0,0.0,0,5.668317559099872e-36,0,0.0,0.0,0.0,0.0,0.0,inf,0.0,0.0,0.0,0.0,0.0,0.0,inf,inf,0.0,0.0,inf,2.5190613854538304e-18,3.366991998535153e-18,1.2439845403232696e-14,False,10323452352.43774,0.0,0.0,3741.9095810948684,0.0,0.0,0,0,0,0,0.0,0,0,False,0,0.0,False,False,False,False,False,False,False,False,False,False,False,0.0,77.5638892361371,890421.8093471443,0,0.0,False,-1,0,0,0,3804,0,0,0.0,20,7.545275007154894e-23,5115555555.555555,2.5024370104500312e-14,1000000000000.0,1000000000000.0,0.0005987445183220907,1.0,49.89537652684091,0.00014991623455953818,-1.0024493102302374e-05,10403460466.249973,2302.0,0.0,0.0,5.739718509874451e-34,5.739718509874451e-34,0.0,0.0,0
0.0,-1.8450952966337057e-18,2.1868252219943987,0.0,0.1122726240631546,2.348293699380713e-05,2.3482936993807135e-06,0.0,False,73,False,shielded,v9_four_class_stateful_PD_shared_root_m1_marked_embryo_v1,nan,nan,nan,nan,nan,nan,nan,nan,nan,nan,100000000000000.0,171.9453125,nan,0.6103515625,2.0,0.001,1.0,emission,13098.721493975596,2.6207881790775866e-27,4.2938993526007594e-27,2.0180510680264914,7.383158660646518e-25,custom,False,2.033691229284313,,terminate,False,nan,1.0,0.007762538982531415,0.012718143868979471,0.0,0,active,2.302585092994046,nan,nan,nan,1000000,1.0,inf,False,0,0.0,1.0,0.0,0.0,0,4.220034615845553e-36,0,0.0,0.0,0.0,0.0,0.0,inf,0.0,0.0,0.0,0.0,0.0,0.0,inf,inf,0.0,0.0,inf,2.5190613854538304e-18,2.9051797245077808e-18,1.2439845403232696e-14,False,10323452352.43774,0.0,0.0,3741.9095810948684,0.0,0.0,0,0,0,0,0.0,0,0,False,0,0.0,False,False,False,False,False,False,False,False,False,False,False,0.0,77.5638892361371,890421.8093471443,0,0.0,False,-1,0,0,0,3804,0,0,0.0,21,7.572153761874306e-23,5115555555.555555,2.5113973996256016e-14,1000000000000.0,1000000000000.0,0.0005987445183220907,1.0,49.89537652684091,0.00014991623455953818,-1.0024493102302374e-05,10403460466.249973,2302.0,0.0,0.0,5.739718509874451e-34,5.739718509874451e-34,0.0,0.0,0
0.0,-1.8516707233439516e-18,2.1945877609769298,0.0,0.11140447731301158,2.348293699380713e-05,2.3482936993807135e-06,0.0,False,74,False,shielded,v9_four_class_stateful_PD_shared_root_m1_marked_embryo_v1,nan,nan,nan,nan,nan,nan,nan,nan,nan,nan,100000000000000.0,172.5556640625,nan,0.6103515625,2.0,0.001,1.0,emission,13098.721493975596,2.6207881790775866e-27,4.2938993526007594e-27,2.0180510680264914,7.409366542437294e-25,custom,False,2.033691229284313,,terminate,False,nan,1.0,0.007762538982531415,0.012718143868979471,4.440892098500626e-16,0,active,2.302585092994046,nan,nan,nan,1000000,1.0,inf,False,0,0.0,1.0,0.0,0.0,0,5.668317559099952e-36,0,0.0,0.0,0.0,0.0,0.0,inf,0.0,0.0,0.0,0.0,0.0,0.0,inf,inf,0.0,0.0,inf,2.5190613854538304e-18,3.366991998535177e-18,1.2439845403232696e-14,False,10323452352.43774,0.0,0.0,3741.9095810948684,0.0,0.0,0,0,0,0,0.0,0,0,False,0,0.0,False,False,False,False,False,False,False,False,False,False,False,0.0,77.5638892361371,890421.8093471443,0,0.0,False,-1,0,0,0,3804,0,0,0.0,20,7.599032516593718e-23,5115555555.555555,2.5202675272774565e-14,1000000000000.0,1000000000000.0,0.0005987445183220907,1.0,49.89537652684091,0.00014991623455953818,-1.0024493102302374e-05,10403460466.249973,2302.0,0.0,0.0,1.1479437019748901e-33,1.1479437019748901e-33,0.0,0.0,0
0.0,-1.8582481146081524e-18,2.2023502999594613,0.0,0.11054304349744248,2.348293699380713e-05,2.3482936993807135e-06,0.0,False,75,False,shielded,v9_four_class_stateful_PD_shared_root_m1_marked_embryo_v1,nan,nan,nan,nan,nan,nan,nan,nan,nan,nan,100000000000000.0,173.166015625,nan,0.6103515625,2.0,0.001,1.0,emission,13098.721493975596,2.6207881790775866e-27,4.2938993526007594e-27,2.0180510680264914,7.43557442422807e-25,custom,False,2.033691229284313,,terminate,False,nan,1.0,0.007762538982531415,0.012718143868979471,0.0,0,active,2.302585092994046,nan,nan,nan,1000000,1.0,inf,False,0,0.0,1.0,0.0,0.0,0,5.668317559099952e-36,0,0.0,0.0,0.0,0.0,0.0,inf,0.0,0.0,0.0,0.0,0.0,0.0,inf,inf,0.0,0.0,inf,2.5190613854538304e-18,3.366991998535177e-18,1.2439845403232696e-14,False,10323452352.43774,0.0,0.0,3741.9095810948684,0.0,0.0,0,0,0,0,0.0,0,0,False,0,0.0,False,False,False,False,False,False,False,False,False,False,False,0.0,77.5638892361371,890421.8093471443,0,0.0,False,-1,0,0,0,3804,0,0,0.0,21,7.62591127131313e-23,5115555555.555555,2.529222346753888e-14,1000000000000.0,1000000000000.0,0.0005987445183220907,1.0,49.89537652684091,0.00014991623455953818,-1.0024493102302374e-05,10403460466.249973,2302.0,0.0,0.0,5.739718509874451e-34,5.739718509874451e-34,0.0,0.0,0
0.0,-1.8646220840651505e-18,2.210112838941993,0.0,0.10968827070875943,2.348293699380713e-05,2.3482936993807135e-06,0.0,False,76,False,shielded,v9_four_class_stateful_PD_shared_root_m1_marked_embryo_v1,nan,nan,nan,nan,nan,nan,nan,nan,nan,nan,100000000000000.0,173.7763671875,nan,0.6103515625,2.0,0.001,1.0,emission,13098.721493975596,2.6207881790775866e-27,4.2938993526007594e-27,2.0180510680264914,7.461782306018846e-25,custom,False,2.033691229284313,,terminate,False,nan,1.0,0.007762538982531415,0.012718143868979471,0.0,0,active,2.302585092994046,nan,nan,nan,1000000,1.0,inf,False,0,0.0,1.0,0.0,0.0,0,5.621225137186026e-36,0,0.0,0.0,0.0,0.0,0.0,inf,0.0,0.0,0.0,0.0,0.0,0.0,inf,inf,0.0,0.0,inf,2.5190613854538304e-18,3.3529763307205217e-18,1.2439845403232696e-14,False,10323452352.43774,0.0,0.0,3741.9095810948684,0.0,0.0,0,0,0,0,0.0,0,0,False,0,0.0,False,False,False,False,False,False,False,False,False,False,False,0.0,77.5638892361371,890421.8093471443,0,0.0,False,-1,0,0,0,3804,0,0,0.0,20,7.652790026032542e-23,5115555555.555555,2.5380868443095023e-14,1000000000000.0,1000000000000.0,0.0005987445183220907,1.0,49.89537652684091,0.00014991623455953818,-1.0024493102302374e-05,10403460466.249973,2302.0,0.0,0.0,1.1479437019748901e-33,1.1479437019748901e-33,0.0,0.0,0
0.0,-1.8712219255281638e-18,2.2178753779245244,0.0,0.10884010744065004,2.348293699380713e-05,2.3482936993807135e-06,0.0,False,77,False,shielded,v9_four_class_stateful_PD_shared_root_m1_marked_embryo_v1,nan,nan,nan,nan,nan,nan,nan,nan,nan,nan,100000000000000.0,174.38671875,nan,0.6103515625,2.0,0.001,1.0,emission,13098.721493975596,2.6207881790775866e-27,4.2938993526007594e-27,2.0180510680264914,7.487990187809622e-25,custom,False,2.033691229284313,,terminate,False,nan,1.0,0.007762538982531415,0.012718143868979471,0.0,0,active,2.302585092994046,nan,nan,nan,1000000,1.0,inf,False,0,0.0,1.0,0.0,0.0,0,5.668317559099872e-36,0,0.0,0.0,0.0,0.0,0.0,inf,0.0,0.0,0.0,0.0,0.0,0.0,inf,inf,0.0,0.0,inf,2.5190613854538304e-18,3.366991998535153e-18,1.2439845403232696e-14,False,10323452352.43774,0.0,0.0,3741.9095810948684,0.0,0.0,0,0,0,0,0.0,0,0,False,0,0.0,False,False,False,False,False,False,False,False,False,False,False,0.0,77.5638892361371,890421.8093471443,0,0.0,False,-1,0,0,0,3804,0,0,0.0,21,7.679668780751954e-23,5115555555.555555,2.5470484338610512e-14,1000000000000.0,1000000000000.0,0.0005987445183220907,1.0,49.89537652684091,0.00014991623455953818,-1.0024493102302374e-05,10403460466.249973,2302.0,0.0,0.0,1.4349296274686127e-34,1.4349296274686127e-34,0.0,0.0,0
0.0,-1.8776242129964447e-18,2.225637916907056,0.0,0.10799850258507393,2.348293699380713e-05,2.3482936993807135e-06,0.0,False,78,False,shielded,v9_four_class_stateful_PD_shared_root_m1_marked_embryo_v1,nan,nan,nan,nan,nan,nan,nan,nan,nan,nan,100000000000000.0,174.9970703125,nan,0.6103515625,2.0,0.001,1.0,emission,13098.721493975596,2.6207881790775866e-27,4.2938993526007594e-27,2.0180510680264914,7.514198069600398e-25,custom,False,2.033691229284313,,terminate,False,nan,1.0,0.007762538982531415,0.012718143868979471,0.0,0,active,2.302585092994046,nan,nan,nan,1000000,1.0,inf,False,0,0.0,1.0,0.0,0.0,0,3.8055811708404015e-36,0,0.0,0.0,0.0,0.0,0.0,inf,0.0,0.0,0.0,0.0,0.0,0.0,inf,inf,0.0,0.0,inf,2.5190613854538304e-18,2.7588335110478854e-18,1.2439845403232696e-14,False,10323452352.43774,0.0,0.0,3741.9095810948684,0.0,0.0,0,0,0,0,0.0,0,0,False,0,0.0,False,False,False,False,False,False,False,False,False,False,False,0.0,77.5638892361371,890421.8093471443,0,0.0,False,-1,0,0,0,3804,0,0,0.0,20,7.706547535471365e-23,5115555555.555555,2.555948202700885e-14,1000000000000.0,1000000000000.0,0.0005987445183220907,1.0,49.89537652684091,0.00014991623455953818,-1.0024493102302374e-05,10403460466.249973,2302.0,0.0,0.0,2.8698592549372254e-34,2.8698592549372254e-34,0.0,0.0,0
0.0,-1.8841922984787543e-18,2.233400455889587,0.0,0.10716340542918307,2.348293699380713e-05,2.3482936993807135e-06,0.0,False,79,False,shielded,v9_four_class_stateful_PD_shared_root_m1_marked_embryo_v1,nan,nan,nan,nan,nan,nan,nan,nan,nan,nan,100000000000000.0,175.607421875,nan,0.6103515625,2.0,0.001,1.0,emission,13098.721493975596,2.6207881790775866e-27,4.2938993526007594e-27,2.0180510680264914,7.5404059513911735e-25,custom,False,2.033691229284313,,terminate,False,nan,1.0,0.007762538982531415,0.012718143868979471,4.440892098500626e-16,0,active,2.302585092994046,nan,nan,nan,1000000,1.0,inf,False,0,0.0,1.0,0.0,0.0,0,5.668317559099872e-36,0,0.0,0.0,0.0,0.0,0.0,inf,0.0,0.0,0.0,0.0,0.0,0.0,inf,inf,0.0,0.0,inf,2.5190613854538304e-18,3.366991998535153e-18,1.2439845403232696e-14,False,10323452352.43774,0.0,0.0,3741.9095810948684,0.0,0.0,0,0,0,0,0.0,0,0,False,0,0.0,False,False,False,False,False,False,False,False,False,False,False,0.0,77.5638892361371,890421.8093471443,0,0.0,False,-1,0,0,0,3804,0,0,0.0,21,7.733426290190777e-23,5115555555.555555,2.5648603262102547e-14,1000000000000.0,1000000000000.0,0.0005987445183220907,1.0,49.89537652684091,0.00014991623455953818,-1.0024493102302374e-05,10403460466.249973,2302.0,0.0,0.0,1.4349296274686127e-34,1.4349296274686127e-34,0.0,0.0,0
0.0,-1.8907432328880504e-18,2.2411629948721186,0.0,0.1063347656522658,2.348293699380713e-05,2.3482936993807135e-06,0.0,False,80,False,shielded,v9_four_class_stateful_PD_shared_root_m1_marked_embryo_v1,nan,nan,nan,nan,nan,nan,nan,nan,nan,nan,100000000000000.0,176.2177734375,nan,0.6103515625,2.0,0.001,1.0,emission,13098.721493975596,2.6207881790775866e-27,4.2938993526007594e-27,2.0180510680264914,7.566613833181949e-25,custom,False,2.033691229284313,,terminate,False,nan,1.0,0.007762538982531415,0.012718143868979471,0.0,0,active,2.302585092994046,nan,nan,nan,1000000,1.0,inf,False,0,0.0,1.0,0.0,0.0,0,5.668317559099872e-36,0,0.0,0.0,0.0,0.0,0.0,inf,0.0,0.0,0.0,0.0,0.0,0.0,inf,inf,0.0,0.0,inf,2.5190613854538304e-18,3.366991998535153e-18,1.2439845403232696e-14,False,10323452352.43774,0.0,0.0,3741.9095810948684,0.0,0.0,0,0,0,0,0.0,0,0,False,0,0.0,False,False,False,False,False,False,False,False,False,False,False,0.0,77.5638892361371,890421.8093471443,0,0.0,False,-1,0,0,0,3804,0,0,0.0,20,7.760305044910189e-23,5115555555.555555,2.5738050831233793e-14,1000000000000.0,1000000000000.0,0.0005987445183220907,1.0,49.89537652684091,0.00014991623455953818,-1.0024493102302374e-05,10403460466.249973,2302.0,0.0,0.0,2.8698592549372254e-34,2.8698592549372254e-34,0.0,0.0,0
0.0,-1.8971649461760292e-18,2.24892553385465,0.0,0.10551253332271492,2.348293699380713e-05,2.3482936993807135e-06,0.0,False,81,False,shielded,v9_four_class_stateful_PD_shared_root_m1_marked_embryo_v1,nan,nan,nan,nan,nan,nan,nan,nan,nan,nan,100000000000000.0,176.828125,nan,0.6103515625,2.0,0.001,1.0,emission,13098.721493975596,2.6207881790775866e-27,4.2938993526007594e-27,2.0180510680264914,7.592821714972725e-25,custom,False,2.033691229284313,,terminate,False,nan,1.0,0.007762538982531415,0.012718143868979471,0.0,0,active,2.302585092994046,nan,nan,nan,1000000,1.0,inf,False,0,0.0,1.0,0.0,0.0,0,5.2788918094395123e-36,0,0.0,0.0,0.0,0.0,0.0,inf,0.0,0.0,0.0,0.0,0.0,0.0,inf,inf,0.0,0.0,inf,2.5190613854538304e-18,3.2492743218877387e-18,1.2439845403232696e-14,False,10323452352.43774,0.0,0.0,3741.9095810948684,0.0,0.0,0,0,0,0,0.0,0,0,False,0,0.0,False,False,False,False,False,False,False,False,False,False,False,0.0,77.5638892361371,890421.8093471443,0,0.0,False,-1,0,0,0,3804,0,0,0.0,21,7.787183799629601e-23,5115555555.555555,2.5826976556603844e-14,1000000000000.0,1000000000000.0,0.0005987445183220907,1.0,49.89537652684091,0.00014991623455953818,-1.0024493102302374e-05,10403460466.249973,2302.0,0.0,0.0,2.8698592549372254e-34,2.8698592549372254e-34,0.0,0.0,0
0.0,-1.903980487908463e-18,2.256688072837181,0.0,0.10469665889501875,2.348293699380713e-05,2.3482936993807135e-06,0.0,False,82,False,shielded,v9_four_class_stateful_PD_shared_root_m1_marked_embryo_v1,nan,nan,nan,nan,nan,nan,nan,nan,nan,nan,100000000000000.0,177.4384765625,nan,0.6103515625,2.0,0.001,1.0,emission,13098.721493975596,2.6207881790775866e-27,4.2938993526007594e-27,2.0180510680264914,7.619029596763501e-25,custom,False,2.033691229284313,,terminate,False,nan,1.0,0.007762538982531415,0.012718143868979471,4.440892098500626e-16,0,active,2.302585092994046,nan,nan,nan,1000000,1.0,inf,False,0,0.0,1.0,0.0,0.0,0,5.668317559099872e-36,0,0.0,0.0,0.0,0.0,0.0,inf,0.0,0.0,0.0,0.0,0.0,0.0,inf,inf,0.0,0.0,inf,2.5190613854538304e-18,3.366991998535153e-18,1.2439845403232696e-14,False,10323452352.43774,0.0,0.0,3741.9095810948684,0.0,0.0,0,0,0,0,0.0,0,0,False,0,0.0,False,False,False,False,False,False,False,False,False,False,False,0.0,77.5638892361371,890421.8093471443,0,0.0,False,-1,0,0,0,3804,0,0,0.0,21,7.814062554349013e-23,5115555555.555555,2.5916029984046642e-14,1000000000000.0,1000000000000.0,0.0005987445183220907,1.0,49.89537652684091,0.00014991623455953818,-1.0024493102302374e-05,10403460466.249973,2302.0,0.0,0.0,1.4349296274686127e-34,1.4349296274686127e-34,0.0,0.0,0
0.0,-1.9103551682238e-18,2.2644506118197127,0.0,0.10388709320677565,2.348293699380713e-05,2.3482936993807135e-06,0.0,False,83,False,shielded,v9_four_class_stateful_PD_shared_root_m1_marked_embryo_v1,nan,nan,nan,nan,nan,nan,nan,nan,nan,nan,100000000000000.0,178.048828125,nan,0.6103515625,2.0,0.001,1.0,emission,13098.721493975596,2.6207881790775866e-27,4.2938993526007594e-27,2.0180510680264914,7.645237478554277e-25,custom,False,2.033691229284313,,terminate,False,nan,1.0,0.007762538982531415,0.012718143868979471,0.0,0,active,2.302585092994046,nan,nan,nan,1000000,1.0,inf,False,0,0.0,1.0,0.0,0.0,0,4.369870639382886e-36,0,0.0,0.0,0.0,0.0,0.0,inf,0.0,0.0,0.0,0.0,0.0,0.0,inf,inf,0.0,0.0,inf,2.5190613854538304e-18,2.9563053426136095e-18,1.2439845403232696e-14,False,10323452352.43774,0.0,0.0,3741.9095810948684,0.0,0.0,0,0,0,0,0.0,0,0,False,0,0.0,False,False,False,False,False,False,False,False,False,False,False,0.0,77.5638892361371,890421.8093471443,0,0.0,False,-1,0,0,0,3804,0,0,0.0,20,7.840941309068425e-23,5115555555.555555,2.600482420039767e-14,1000000000000.0,1000000000000.0,0.0005987445183220907,1.0,49.89537652684091,0.00014991623455953818,-1.0024493102302374e-05,10403460466.249973,2302.0,0.0,0.0,5.739718509874451e-34,5.739718509874451e-34,0.0,0.0,0
0.0,-1.9168313203358423e-18,2.2722131508022443,0.0,0.10308378747573173,2.348293699380713e-05,2.3482936993807135e-06,0.0,False,84,False,shielded,v9_four_class_stateful_PD_shared_root_m1_marked_embryo_v1,nan,nan,nan,nan,nan,nan,nan,nan,nan,nan,100000000000000.0,178.6591796875,nan,0.6103515625,2.0,0.001,1.0,emission,13098.721493975596,2.6207881790775866e-27,4.2938993526007594e-27,2.0180510680264914,7.671445360345053e-25,custom,False,2.033691229284313,,terminate,False,nan,1.0,0.007762538982531415,0.012718143868979471,0.0,0,active,2.302585092994046,nan,nan,nan,1000000,1.0,inf,False,0,0.0,1.0,0.0,0.0,0,5.668317559099872e-36,0,0.0,0.0,0.0,0.0,0.0,inf,0.0,0.0,0.0,0.0,0.0,0.0,inf,inf,0.0,0.0,inf,2.5190613854538304e-18,3.366991998535153e-18,1.2439845403232696e-14,False,10323452352.43774,0.0,0.0,3741.9095810948684,0.0,0.0,0,0,0,0,0.0,0,0,False,0,0.0,False,False,False,False,False,False,False,False,False,False,False,0.0,77.5638892361371,890421.8093471443,0,0.0,False,-1,0,0,0,3804,0,0,0.0,21,7.867820063787836e-23,5115555555.555555,2.6094218215826866e-14,1000000000000.0,1000000000000.0,0.0005987445183220907,1.0,49.89537652684091,0.00014991623455953818,-1.0024493102302374e-05,10403460466.249973,2302.0,0.0,0.0,2.8698592549372254e-34,2.8698592549372254e-34,0.0,0.0,0
0.0,-1.9237493807654442e-18,2.2799756897847754,0.0,0.10228669329684134,2.348293699380713e-05,2.3482936993807135e-06,0.0,False,85,False,shielded,v9_four_class_stateful_PD_shared_root_m1_marked_embryo_v1,nan,nan,nan,nan,nan,nan,nan,nan,nan,nan,100000000000000.0,179.26953125,nan,0.6103515625,2.0,0.001,1.0,emission,13098.721493975596,2.6207881790775866e-27,4.2938993526007594e-27,2.0180510680264914,7.697653242135829e-25,custom,False,2.033691229284313,,terminate,False,nan,1.0,0.007762538982531415,0.012718143868979471,4.440892098500626e-16,0,active,2.302585092994046,nan,nan,nan,1000000,1.0,inf,False,0,0.0,1.0,0.0,0.0,0,5.668317559099872e-36,0,0.0,0.0,0.0,0.0,0.0,inf,0.0,0.0,0.0,0.0,0.0,0.0,inf,inf,0.0,0.0,inf,2.5190613854538304e-18,3.366991998535153e-18,1.2439845403232696e-14,False,10323452352.43774,0.0,0.0,3741.9095810948684,0.0,0.0,0,0,0,0,0.0,0,0,False,0,0.0,False,False,False,False,False,False,False,False,False,False,False,0.0,77.5638892361371,890421.8093471443,0,0.0,False,-1,0,0,0,3804,0,0,0.0,20,7.894698818507248e-23,5115555555.555555,2.6183617212459273e-14,1000000000000.0,1000000000000.0,0.0005987445183220907,1.0,49.89537652684091,0.00014991623455953818,-1.0024493102302374e-05,10403460466.249973,2302.0,0.0,0.0,1.4349296274686127e-34,1.4349296274686127e-34,0.0,0.0,0
0.0,-1.9299569576723484e-18,2.287738228767307,0.0,0.10149576263935015,2.348293699380713e-05,2.3482936993807135e-06,0.0,False,86,False,shielded,v9_four_class_stateful_PD_shared_root_m1_marked_embryo_v1,nan,nan,nan,nan,nan,nan,nan,nan,nan,nan,100000000000000.0,179.8798828125,nan,0.6103515625,2.0,0.001,1.0,emission,13098.721493975596,2.6207881790775866e-27,4.2938993526007594e-27,2.0180510680264914,7.723861123926605e-25,custom,False,2.033691229284313,,terminate,False,nan,1.0,0.007762538982531415,0.012718143868979471,0.0,0,active,2.302585092994046,nan,nan,nan,1000000,1.0,inf,False,0,0.0,1.0,0.0,0.0,0,4.801112804543614e-36,0,0.0,0.0,0.0,0.0,0.0,inf,0.0,0.0,0.0,0.0,0.0,0.0,inf,inf,0.0,0.0,inf,2.5190613854538304e-18,3.0987458122742544e-18,1.2439845403232696e-14,False,10323452352.43774,0.0,0.0,3741.9095810948684,0.0,0.0,0,0,0,0,0.0,0,0,False,0,0.0,False,False,False,False,False,False,False,False,False,False,False,0.0,77.5638892361371,890421.8093471443,0,0.0,False,-1,0,0,0,3804,0,0,0.0,21,7.92157757322666e-23,5115555555.555555,2.627250355133565e-14,1000000000000.0,1000000000000.0,0.0005987445183220907,1.0,49.89537652684091,0.00014991623455953818,-1.0024493102302374e-05,10403460466.249973,2302.0,0.0,0.0,1.4349296274686127e-34,1.4349296274686127e-34,0.0,0.0,0
0.0,-1.9364575633112495e-18,2.2955007677498385,0.0,0.10071094784390117,2.348293699380713e-05,2.3482936993807135e-06,0.0,False,87,False,shielded,v9_four_class_stateful_PD_shared_root_m1_marked_embryo_v1,nan,nan,nan,nan,nan,nan,nan,nan,nan,nan,100000000000000.0,180.490234375,nan,0.6103515625,2.0,0.001,1.0,emission,13098.721493975596,2.6207881790775866e-27,4.2938993526007594e-27,2.0180510680264914,7.75006900571738e-25,custom,False,2.033691229284313,,terminate,False,nan,1.0,0.007762538982531415,0.012718143868979471,0.0,0,active,2.302585092994046,nan,nan,nan,1000000,1.0,inf,False,0,0.0,1.0,0.0,0.0,0,5.668317559099872e-36,0,0.0,0.0,0.0,0.0,0.0,inf,0.0,0.0,0.0,0.0,0.0,0.0,inf,inf,0.0,0.0,inf,2.5190613854538304e-18,3.366991998535153e-18,1.2439845403232696e-14,False,10323452352.43774,0.0,0.0,3741.9095810948684,0.0,0.0,0,0,0,0,0.0,0,0,False,0,0.0,False,False,False,False,False,False,False,False,False,False,False,0.0,77.5638892361371,890421.8093471443,0,0.0,False,-1,0,0,0,3804,0,0,0.0,20,7.948456327946072e-23,5115555555.555555,2.636188192070162e-14,1000000000000.0,1000000000000.0,0.0005987445183220907,1.0,49.89537652684091,0.00014991623455953818,-1.0024493102302374e-05,10403460466.249973,2302.0,0.0,0.0,1.4349296274686127e-34,1.4349296274686127e-34,0.0,0.0,0
0.0,-1.942964023837924e-18,2.302585092994046,0.0,0.09999999999999998,2.348293699380713e-05,2.3482936993807135e-06,0.0,False,88,False,shielded,v9_four_class_stateful_PD_shared_root_m1_marked_embryo_v1,nan,nan,nan,nan,nan,nan,nan,nan,nan,nan,100000000000000.0,180.5466217627189,nan,0.056387387718891666,2.0,0.001,1.0,emission,13098.721493975596,2.4212176762100273e-28,4.2938993526007594e-27,2.0180510680264914,7.75249022339359e-25,custom,False,2.033691229284313,,terminate,False,nan,1.0,0.0070843252442074345,0.12563669875123418,0.0,0,active,2.302585092994046,nan,nan,nan,1000000,1.0,inf,False,0,0.0,1.0,0.0,0.0,0,3.0939794495211425e-36,0,0.0,0.0,0.0,0.0,0.0,inf,0.0,0.0,0.0,0.0,0.0,0.0,inf,inf,0.0,0.0,inf,2.5190613854538304e-18,2.487560833234493e-18,1.2439845403232696e-14,False,10323452352.43774,0.0,0.0,3741.9095810948684,0.0,0.0,0,0,0,0,0.0,0,0,False,0,0.0,False,False,False,False,False,False,False,False,False,False,False,0.0,77.5638892361371,890421.8093471443,0,0.0,False,-1,0,0,0,3804,0,0,0.0,3,7.950939524282224e-23,5115555555.555555,2.6450394961847587e-14,1000000000000.0,1000000000000.0,0.0005987445183220907,1.0,49.89537652684091,0.00014991623455953818,-1.0024493102302374e-05,10403460466.249973,2302.0,0.0,0.0,2.2958874039497803e-33,2.2958874039497803e-33,0.0,0.0,0
