site_id,pd_node_id,site_threshold,node_cumulative_action,remaining_threshold_action,site_status
2925,311,0.000424716203662,2.933100224493187e-13,0.00042471620336868995,0
304,47,0.0004990457190917104,5.8226654165816994e-08,0.0004989874924375445,0
2393,285,0.0007467264064276312,9.620779424178325e-16,0.0007467264064266691,0
2583,293,0.000806600523193177,1.464699369163404e-11,0.0008066005085461833,0
1694,252,0.0009818333029248062,8.145817296976646e-08,0.0009817518447518365,0
532,85,0.0013632315386613832,3.652380527545027e-08,0.0013631950148561077,0
3240,445,0.001703558116857605,1.3581579873827526e-14,0.0017035581168440234,0
3595,481,0.0017971187492930316,3.547991747934939e-13,0.0017971187489382325,0
1168,188,0.0022121515924584337,1.8294152384901995e-09,0.002212149763043195,0
735,113,0.0024509414993986304,6.314796594275426e-12,0.0024509414930838336,0
3012,314,0.002574295918987775,1.299374215888945e-15,0.0025742959189864758,0
2746,304,0.0026397941373587806,6.16858534776888e-08,0.002639732451505303,0
149,30,0.002797061107666486,2.803532837932063e-09,0.0027970583041336482,0
3426,462,0.002948850583484583,2.5202599375138385e-13,0.002948850583232557,0
1751,254,0.0036081352710593414,2.4443328314609746e-09,0.0036081328267265097,0
2953,312,0.0042600280068949975,1.872801304616799e-13,0.004260028006707718,0
2608,295,0.004371041026462114,1.4909076931052162e-07,0.004370891935692804,0
3402,461,0.004715271293452257,1.3398945504098442e-08,0.004715257894506753,0
1417,229,0.004724529492637021,5.107546362977811e-10,0.004724528981882385,0
2709,301,0.00478823465927818,4.1859505817988276e-12,0.00478823465509223,0
14,5,0.004801264627448138,5.078688754403545e-16,0.00480126462744763,0
2295,279,0.004902812122360056,9.338311355247114e-15,0.004902812122350718,0
307,47,0.005428441443209028,5.8226654165816994e-08,0.005428383216554862,0
514,80,0.005599865859887011,6.018972482339566e-15,0.005599865859880993,0
3137,320,0.005622360647082825,8.74737734152972e-15,0.005622360647074077,0
2415,286,0.005865344382755625,7.698306528367907e-14,0.005865344382678642,0
17,6,0.005924229531480505,5.814455016677414e-12,0.00592422952566605,0
1223,196,0.006235332127857344,4.1102266002298437e-14,0.006235332127816242,0
3431,462,0.006309708968009912,2.5202599375138385e-13,0.006309708967757886,0
2534,291,0.007595047673392628,1.970093906999935e-16,0.007595047673392431,0
1014,158,0.007844150272717062,7.033808192430619e-15,0.007844150272710028,0
638,99,0.007891097354024173,1.0357870294631994e-14,0.007891097354013814,0
3412,461,0.008018301311655795,1.3398945504098442e-08,0.008018287912710292,0
2522,290,0.008111408400304658,1.2916389698978609e-15,0.008111408400303366,0
1189,191,0.008138956850505629,2.607978809576692e-11,0.008138956824425841,0
3521,463,0.008201377798370475,1.6452625248773377e-16,0.00820137779837031,0
237,38,0.008433441909971251,1.681113064089929e-14,0.00843344190995444,0
3105,318,0.008824244470736115,1.42055103091189e-14,0.00882424447072191,0
2545,292,0.008873227945427524,6.516485207151854e-17,0.008873227945427458,0
2567,293,0.009344974853573074,1.464699369163404e-11,0.00934497483892608,0
3762,489,0.009426340450124256,9.72823860493449e-17,0.009426340450124158,0
3253,452,0.010005820430790114,1.3779527652336246e-07,0.01000568263551359,0
3154,443,0.010300471492926398,2.704976766350902e-16,0.010300471492926127,0
2966,312,0.010775094094084479,1.872801304616799e-13,0.010775094093897198,0
2730,303,0.010879819550939609,1.879811937275855e-05,0.01086102143156685,0
3189,444,0.011076300871990725,1.5310492928978335e-12,0.011076300870459676,0
1989,265,0.012604323573102842,0.001292350371451957,0.011311973201650885,0
1112,176,0.011323159619083412,2.9455511164247216e-14,0.011323159619053957,0
1589,246,0.011517954378084297,1.836867727595735e-08,0.011517936009407021,0
366,55,0.011543416116524955,7.163626509047019e-13,0.011543416115808593,0
3118,319,0.011584029885307975,2.605055760764354e-15,0.01158402988530537,0
1231,197,0.011997843366272472,1.6445336640676955e-14,0.011997843366256027,0
2399,285,0.01202560987106608,9.620779424178325e-16,0.012025609871065117,0
525,85,0.012279921241440768,3.652380527545027e-08,0.012279884717635492,0
2002,266,0.013167852755771394,2.5409228184154824e-10,0.013167852501679112,0
3512,463,0.014389013940343929,1.6452625248773377e-16,0.014389013940343764,0
1841,259,0.015158105250378626,2.965740258759707e-11,0.015158105220721222,0
502,78,0.01535565226622199,3.670148663461125e-14,0.015355652266185288,0
3714,487,0.015368380995739828,3.181426133698503e-08,0.015368349181478492,0
1179,189,0.015475078253614317,3.75130153905414e-10,0.015475077878484162,0
3293,453,0.015581121490384526,3.882372103043203e-11,0.015581121451560806,0
2098,270,0.015742899461322363,4.150845294846001e-09,0.015742895310477067,0
2466,288,0.015817065915781477,4.200802205712873e-13,0.015817065915361396,0
330,50,0.01629016808399668,8.861709795864332e-10,0.016290167197825698,0
942,148,0.01650164110233989,7.740053745361093e-10,0.016501640328334517,0
1706,253,0.016510068525792194,1.3625131584392639e-08,0.01651005490066061,0
2262,276,0.016854623037721086,1.8062144614455593e-11,0.01685462301965894,0
2290,278,0.018081666810008286,1.0070422376633096e-12,0.018081666809001244,0
2215,274,0.01856041955329117,2.36950622164961e-11,0.018560419529596108,0
3603,481,0.018715661785467942,3.547991747934939e-13,0.018715661785113143,0
3176,444,0.018808616196201174,1.5310492928978335e-12,0.018808616194670124,0
1073,170,0.01890307783610336,4.378930879764276e-11,0.018903077792314052,0
2527,290,0.019385305769286716,1.2916389698978609e-15,0.019385305769285426,0
3506,463,0.019487335896951594,1.6452625248773377e-16,0.01948733589695143,0
3336,454,0.019546754895287656,2.0026012764730836e-16,0.019546754895287455,0
2761,305,0.01975303628593591,1.3667523558818377e-10,0.01975303614926067,0
775,119,0.01980720152952787,6.818951542781575e-15,0.019807201529521052,0
1797,257,0.02069073615697215,1.816230578529975e-11,0.020690736138809843,0
2705,301,0.020806322998022257,4.1859505817988276e-12,0.020806322993836307,0
1265,204,0.02090825340825755,9.345983388192542e-08,0.02090815994842367,0
3620,481,0.02111328515919211,3.547991747934939e-13,0.02111328515883731,0
1615,247,0.021157613924889004,1.7393141563297048e-07,0.021157439993473373,0
2814,306,0.021269249054871542,8.5648482980827e-13,0.021269249054015057,0
3183,444,0.021594882160294974,1.5310492928978335e-12,0.021594882158763925,0
3019,314,0.021612562906430394,1.299374215888945e-15,0.021612562906429093,0
1376,224,0.022076678609046708,3.7540155641016095e-08,0.022076641068891067,0
3772,489,0.02220978833887285,9.72823860493449e-17,0.022209788338872754,0
570,90,0.02271212828871808,5.952456824074421e-10,0.022712127693472396,0
1548,245,0.02297859979355345,2.7677037600943016e-09,0.02297859702584969,0
2469,288,0.023283670350952676,4.200802205712873e-13,0.023283670350532595,0
577,91,0.023835033825394744,1.5100046050712686e-10,0.023835033674394282,0
622,97,0.02511707047912959,8.016543530614307e-14,0.025117070479049423,0
1749,254,0.025502751780462976,2.4443328314609746e-09,0.025502749336130146,0
2927,311,0.02610320807068895,2.933100224493187e-13,0.02610320807039564,0
1829,258,0.02613759001323909,1.2411362309674262e-11,0.026137590000827726,0
83,18,0.02620360962414814,2.911795196197686e-17,0.02620360962414811,0
959,150,0.02666859196425258,7.185525865441819e-11,0.02666859189239732,0
2499,290,0.026904096991828493,1.2916389698978609e-15,0.026904096991827203,0
1858,259,0.026925839060825192,2.965740258759707e-11,0.02692583903116779,0
3148,443,0.027264345750735833,2.704976766350902e-16,0.027264345750735563,0
2876,309,0.027285174048591796,6.134628598245165e-16,0.027285174048591182,0
877,135,0.027828504940112683,3.0970372533502083e-13,0.02782850493980298,0
2584,294,0.02819575627790384,2.410478477917211e-10,0.028195756036855993,0
3342,454,0.028391930867473505,2.0026012764730836e-16,0.028391930867473304,0
116,27,0.028566546999927903,4.429928115474769e-08,0.02856650270064675,0
1647,248,0.028621236482222086,3.089990072232165e-08,0.028621205582321365,0
810,125,0.028841092474244934,5.48400516992189e-09,0.028841086990239764,0
2866,309,0.029123849577985934,6.134628598245165e-16,0.02912384957798532,0
2270,277,0.02929027541599189,5.9966827147583414e-12,0.02929027540999521,0
3575,480,0.029429967196441614,4.580868399630539e-09,0.029429962615573214,0
1946,263,0.029493509599560284,6.260107497812655e-08,0.029493446998485308,0
1125,178,0.029610122765316566,3.9539349612106205e-15,0.02961012276531261,0
1696,252,0.02988921161525086,8.145817296976646e-08,0.02988913015707789,0
679,107,0.02993353588573626,7.212928598155452e-09,0.02993352867280766,0
1213,194,0.03010054451988927,4.924248093280047e-13,0.030100544519396845,0
3361,454,0.03040328735367345,2.0026012764730836e-16,0.030403287353673248,0
3057,315,0.030469675365313028,1.0394857467833793e-15,0.030469675365311987,0
3716,487,0.030808234192577173,3.181426133698503e-08,0.030808202378315837,0
566,90,0.030830836934779893,5.952456824074421e-10,0.03083083633953421,0
3556,480,0.030851014597747774,4.580868399630539e-09,0.030851010016879375,0
2778,305,0.031053650732517715,1.3667523558818377e-10,0.031053650595842478,0
3652,482,0.031127010123471403,8.639135709266118e-17,0.031127010123471317,0
225,37,0.03158678861347768,3.790769474802072e-14,0.031586788613439776,0
992,155,0.03197242380167166,1.6902021437160652e-13,0.03197242380150264,0
2624,298,0.03207892406090952,4.971835632455788e-13,0.03207892406041234,0
3375,454,0.032357762864124014,2.0026012764730836e-16,0.03235776286412381,0
782,120,0.032641384428012975,2.2952263694278702e-15,0.03264138442801068,0
2143,273,0.03268143878900199,7.013674901655295e-11,0.03268143871886524,0
1881,260,0.033219174057783546,8.928527890253894e-11,0.033219173968498265,0
3102,318,0.03386292777465616,1.42055103091189e-14,0.033862927774641956,0
1106,175,0.033944726724750234,8.582664465659257e-14,0.033944726724664406,0
2980,312,0.03430742378866497,1.872801304616799e-13,0.03430742378847769,0
3441,462,0.034313674720759094,2.5202599375138385e-13,0.034313674720507066,0
2018,267,0.03486587046078233,5.509889191193901e-10,0.03486586990979341,0
2513,290,0.03521091856058718,1.2916389698978609e-15,0.03521091856058589,0
772,119,0.03523023255368198,6.818951542781575e-15,0.03523023255367516,0
2787,305,0.0358325818498071,1.3667523558818377e-10,0.03583258171313187,0
3604,481,0.03726030104386207,3.547991747934939e-13,0.03726030104350727,0
3232,445,0.037273282521488586,1.3581579873827526e-14,0.03727328252147501,0
1950,263,0.03732684584748796,6.260107497812655e-08,0.03732678324641298,0
257,41,0.03734258847197908,9.181671014219212e-16,0.03734258847197816,0
990,155,0.03760396766220579,1.6902021437160652e-13,0.037603967662036775,0
452,72,0.03846065078225942,8.471221293493244e-11,0.03846065069754721,0
2511,290,0.03847770874231655,1.2916389698978609e-15,0.03847770874231526,0
2117,271,0.039060532944587154,2.4939775543579154e-08,0.03906050800481161,0
324,49,0.040225872756257296,4.66722565280367e-09,0.04022586808903164,0
2795,305,0.04091695123872038,1.3667523558818377e-10,0.04091695110204514,0
3746,488,0.040953729358925335,4.0249848708966285e-11,0.04095372931867548,0
3060,315,0.04115045482666642,1.0394857467833793e-15,0.04115045482666538,0
2622,297,0.09361424229405227,0.052442007653389786,0.04117223464066248,0
3609,481,0.041688953500667994,3.547991747934939e-13,0.041688953500313194,0
2192,273,0.0418138844337058,7.013674901655295e-11,0.04181388436356905,0
1180,189,0.04225029236802044,3.75130153905414e-10,0.042250291992890286,0
2401,285,0.04227451480058037,9.620779424178325e-16,0.04227451480057941,0
2774,305,0.04254117144868121,1.3667523558818377e-10,0.04254117131200598,0
729,113,0.042556413917304595,6.314796594275426e-12,0.0425564139109898,0
1515,238,0.04269843013330706,5.84262007541075e-15,0.04269843013330122,0
1968,263,0.04278053193205829,6.260107497812655e-08,0.04278046933098331,0
1493,235,0.043204775061304115,5.049271745407276e-14,0.04320477506125362,0
2505,290,0.04321830990792517,1.2916389698978609e-15,0.04321830990792388,0
1473,234,0.04417056512994456,1.302283978414377e-13,0.04417056512981433,0
1290,207,0.04432224151936135,5.021811489460364e-09,0.04432223649754986,0
7,5,0.04437819725435605,5.078688754403545e-16,0.044378197254355545,0
312,48,0.04448379073694985,1.764569275717097e-08,0.044483773091257096,0
3753,488,0.04448748870660824,4.0249848708966285e-11,0.04448748866635839,0
1020,159,0.04476071934208007,2.3066592648838474e-15,0.044760719342077766,0
3070,317,0.045151613206212034,3.5382690039432536e-14,0.04515161320617665,0
1081,171,0.04566546427258283,1.293925483747242e-11,0.04566546425964357,0
549,88,0.045700182316675206,1.1293606675968326e-08,0.04570017102306853,0
1666,249,0.045729419814867826,8.838807408460086e-09,0.04572941097606042,0
1634,248,0.04580292080596839,3.089990072232165e-08,0.04580288990606767,0
3405,461,0.046956205888387066,1.3398945504098442e-08,0.046956192489441564,0
1160,187,0.047183487226174464,8.63793027696552e-09,0.04718347858824419,0
1996,266,0.047304004831982986,2.5409228184154824e-10,0.047304004577890704,0
3397,461,0.047448407897611136,1.3398945504098442e-08,0.047448394498665634,0
417,66,0.047895815368476855,1.8334685009666347e-07,0.047895632021626756,0
1641,248,0.048161674647374954,3.089990072232165e-08,0.04816164374747423,0
3093,317,0.04822798232366375,3.5382690039432536e-14,0.04822798232362837,0
533,85,0.04838225993818228,3.652380527545027e-08,0.048382223414377,0
2530,291,0.048589275150043625,1.970093906999935e-16,0.04858927515004343,0
1203,192,0.048644642447306756,7.691922364185402e-12,0.04864464243961483,0
900,139,0.04893369129118852,4.142512798878164e-15,0.04893369129118438,0
2432,286,0.04893851739291073,7.698306528367907e-14,0.04893851739283375,0
3765,489,0.049543844284013615,9.72823860493449e-17,0.04954384428401352,0
2021,267,0.04956439149381765,5.509889191193901e-10,0.04956439094282873,0
2039,268,0.050993303749113816,0.0013887165593123633,0.04960458718980145,0
1932,262,0.04978828792852556,2.6417176771104317e-09,0.049788285286807885,0
369,55,0.05023139582655745,7.163626509047019e-13,0.05023139582584109,0
3393,461,0.0504137487435843,1.3398945504098442e-08,0.0504137353446388,0
1327,213,0.05064015288718572,7.933096432007839e-13,0.05064015288639241,0
347,52,0.05097650768443648,4.727848735880697e-11,0.05097650763715799,0
2600,294,0.051210259376397706,2.410478477917211e-10,0.05121025913534986,0
2553,293,0.05126241365918083,1.464699369163404e-11,0.051262413644533836,0
819,126,0.05135746548958763,3.4700673349947615e-09,0.051357462019520295,0
578,91,0.05154581162611907,1.5100046050712686e-10,0.05154581147511861,0
1940,262,0.05155111881427615,2.6417176771104317e-09,0.051551116172558475,0
820,126,0.05183313883483785,3.4700673349947615e-09,0.051833135364770515,0
2950,312,0.05266787366614553,1.872801304616799e-13,0.05266787366595825,0
2614,296,0.052733615845649104,2.8904343590423897e-05,0.05270471150205868,0
246,40,0.05296347267337493,6.140482860699521e-15,0.05296347267336879,0
2684,301,0.05355927783471382,4.1859505817988276e-12,0.05355927783052787,0
2023,267,0.05403255023111477,5.509889191193901e-10,0.05403254968012585,0
1627,247,0.054829943096653386,1.7393141563297048e-07,0.054829769165237754,0
1431,231,0.055414147067852595,3.6778709475247805e-11,0.05541414703107388,0
1270,204,0.0555566716352114,9.345983388192542e-08,0.05555657817537752,0
1278,206,0.05560704372304306,1.9046350523825086e-08,0.05560702467669253,0
3784,489,0.056042802209557596,9.72823860493449e-17,0.0560428022095575,0
1811,258,0.05628477526149024,1.2411362309674262e-11,0.05628477524907888,0
2237,275,0.0565397100567197,1.1708796086492855e-11,0.056539710045010905,0
2967,312,0.057076930040600625,1.872801304616799e-13,0.057076930040413344,0
2278,277,0.057104771026570404,5.9966827147583414e-12,0.05710477102057372,0
3750,488,0.057426268752464225,4.0249848708966285e-11,0.05742626871221437,0
792,121,0.05752998192900161,6.352408928606363e-16,0.057529981929000974,0
3460,462,0.057540466995894844,2.5202599375138385e-13,0.05754046699564282,0
639,99,0.05763120304809167,1.0357870294631994e-14,0.05763120304808131,0
3472,462,0.058160814263860945,2.5202599375138385e-13,0.05816081426360892,0
3376,454,0.058546279361795954,2.0026012764730836e-16,0.05854627936179575,0
1156,186,0.058638892770230905,4.113377248468286e-08,0.05863885163645842,0
386,57,0.058772979061672545,4.4018830402979806e-14,0.058772979061628525,0
1341,215,0.05928063295675282,5.1441052141733376e-14,0.059280632956701385,0
3689,487,0.05938356809238233,3.181426133698503e-08,0.05938353627812099,0
2014,267,0.05944831309272628,5.509889191193901e-10,0.05944831254173736,0
227,37,0.059485202407504066,3.790769474802072e-14,0.05948520240746616,0
3702,487,0.05955978980213085,3.181426133698503e-08,0.05955975798786951,0
2639,298,0.0597014431247378,4.971835632455788e-13,0.05970144312424062,0
2846,308,0.06136173162951493,8.096690797303459e-17,0.061361731629514846,0
2628,298,0.061586577447700734,4.971835632455788e-13,0.06158657744720355,0
930,146,0.0624807761798536,7.299894751627578e-09,0.06248076887995885,0
1338,215,0.06284616994886816,5.1441052141733376e-14,0.06284616994881671,0
3318,453,0.06313045199809936,3.882372103043203e-11,0.06313045195927564,0
1066,170,0.063413097035978,4.378930879764276e-11,0.0634130969921887,0
531,85,0.06347520469626813,3.652380527545027e-08,0.06347516817246286,0
2671,300,0.0636483919211054,8.439681132842416e-20,0.0636483919211054,0
1830,258,0.06371068406118546,1.2411362309674262e-11,0.0637106840487741,0
2869,309,0.06426787530168418,6.134628598245165e-16,0.06426787530168357,0
3690,487,0.06466027845872292,3.181426133698503e-08,0.06466024664446159,0
1557,245,0.0648956053362963,2.7677037600943016e-09,0.06489560256859254,0
3339,454,0.0655316860377224,2.0026012764730836e-16,0.0655316860377222,0
1129,179,0.06560500083981322,1.1494098111688794e-15,0.06560500083981206,0
299,47,0.065745302567047,5.8226654165816994e-08,0.06574524434039283,0
1071,170,0.06620457289042159,4.378930879764276e-11,0.06620457284663228,0
3063,316,0.0663537721810245,1.1720271846143623e-14,0.06635377218101278,0
928,145,0.06653176904708619,2.9482985420290084e-08,0.06653173956410077,0
196,35,0.06686775794191865,4.385199630359555e-13,0.06686775794148013,0
1407,228,0.06695441993076404,3.0897318703845477e-09,0.06695441684103216,0
3524,463,0.06714910705951702,1.6452625248773377e-16,0.06714910705951685,0
28,7,0.06762343192200032,1.5969733685803203e-12,0.06762343192040335,0
508,80,0.06773570465608104,6.018972482339566e-15,0.06773570465607502,0
794,121,0.06779327225228196,6.352408928606363e-16,0.06779327225228132,0
2361,284,0.06797934272714529,7.6691666216322715e-16,0.06797934272714452,0
3696,487,0.06810789930833609,3.181426133698503e-08,0.06810786749407476,0
745,114,0.06828287939925126,1.8746107867770666e-12,0.06828287939737665,0
2996,313,0.06841553664744329,4.677044190025765e-15,0.06841553664743862,0
1596,246,0.06856484577179,1.836867727595735e-08,0.06856482740311273,0
1544,244,0.0685954061645094,4.4397108792717e-12,0.06859540616006969,0
1576,245,0.06861675009510015,2.7677037600943016e-09,0.0686167473273964,0
1825,258,0.06908364743712174,1.2411362309674262e-11,0.06908364742471038,0
475,74,0.06917567063682833,6.843708627231646e-12,0.06917567062998463,0
425,67,0.06964218093731352,1.9466236126516804e-07,0.06964198627495224,0
3446,462,0.07030445434444897,2.5202599375138385e-13,0.07030445434419695,0
433,69,0.07034613961868694,8.178966421955095e-09,0.07034613143972052,0
1141,183,0.07096026135952575,2.885536588690656e-08,0.07096023250415986,0
251,41,0.07140947505065515,9.181671014219212e-16,0.07140947505065423,0
882,136,0.07193550167230546,9.625625815730744e-14,0.0719355016722092,0
176,32,0.07259791557960897,8.7205651283379e-11,0.07259791549240333,0
3463,462,0.07261513430715796,2.5202599375138385e-13,0.07261513430690594,0
846,130,0.07278624576711969,1.1874350938378968e-10,0.07278624564837617,0
3250,452,0.0732661825484654,1.3779527652336246e-07,0.07326604475318887,0
3179,444,0.07341692319969614,1.5310492928978335e-12,0.07341692319816509,0
171,32,0.07399847198259125,8.7205651283379e-11,0.07399847189538561,0
1898,260,0.07422526035771929,8.928527890253894e-11,0.07422526026843401,0
3461,462,0.07490608990432,2.5202599375138385e-13,0.07490608990406798,0
2547,292,0.0751159755679513,6.516485207151854e-17,0.07511597556795123,0
2085,270,0.0753424629103365,4.150845294846001e-09,0.07534245875949121,0
295,46,0.07534835127907336,9.858527340597493e-08,0.07534825269379995,0
1728,254,0.07536382410678548,2.4443328314609746e-09,0.07536382166245265,0
3304,453,0.0763944275787736,3.882372103043203e-11,0.07639442753994988,0
414,66,0.07679335739621973,1.8334685009666347e-07,0.07679317404936964,0
2153,273,0.07704432873809051,7.013674901655295e-11,0.07704432866795377,0
3049,315,0.0773175214337967,1.0394857467833793e-15,0.07731752143379565,0
3008,314,0.07791188067370411,1.299374215888945e-15,0.0779118806737028,0
613,95,0.07803563156074245,9.774396631077065e-13,0.078035631559765,0
670,106,0.07804205131220711,2.9785536608393945e-08,0.0780420215266705,0
3360,454,0.07813311234632232,2.0026012764730836e-16,0.07813311234632213,0
3744,488,0.07876578517544823,4.0249848708966285e-11,0.07876578513519839,0
136,29,0.07894227973796496,8.916717116056003e-09,0.07894227082124784,0
3562,480,0.07931329416307135,4.580868399630539e-09,0.07931328958220296,0
1803,258,0.07936827764563494,1.2411362309674262e-11,0.07936827763322357,0
128,28,0.079645931607707,2.3129022708360788e-08,0.07964590847868429,0
668,106,0.07977955957926648,2.9785536608393945e-08,0.07977952979372988,0
2380,284,0.07979715636105159,7.6691666216322715e-16,0.07979715636105082,0
614,96,0.07993840904517514,2.7032840550933495e-13,0.07993840904490482,0
2821,306,0.07999673184858305,8.5648482980827e-13,0.07999673184772657,0
2593,294,0.08084455815471725,2.410478477917211e-10,0.0808445579136694,0
1656,249,0.08097720745381669,8.838807408460086e-09,0.08097719861500928,0
3503,463,0.0813285673950578,1.6452625248773377e-16,0.08132856739505763,0
3233,445,0.08139376805806811,1.3581579873827526e-14,0.08139376805805452,0
2752,305,0.08176504770967222,1.3667523558818377e-10,0.08176504757299698,0
991,155,0.08183253800495859,1.6902021437160652e-13,0.08183253800478957,0
2983,312,0.08191805574529583,1.872801304616799e-13,0.08191805574510855,0
1732,254,0.08241624555761644,2.4443328314609746e-09,0.0824162431132836,0
3214,444,0.0824678887765592,1.5310492928978335e-12,0.08246788877502814,0
1272,205,0.0825136862816742,6.336653797613078e-08,0.08251362291513623,0
422,67,0.08272048101519132,1.9466236126516804e-07,0.08272028635283005,0
3039,315,0.08297869079627784,1.0394857467833793e-15,0.0829786907962768,0
2163,273,0.08344973851494554,7.013674901655295e-11,0.0834497384448088,0
3458,462,0.08349940797261537,2.5202599375138385e-13,0.08349940797236335,0
1714,253,0.08364425873069094,1.3625131584392639e-08,0.08364424510555936,0
726,112,0.08389615320994616,2.1011799990368728e-11,0.08389615318893436,0
1583,245,0.08419594342072886,2.7677037600943016e-09,0.0841959406530251,0
3364,454,0.0846378873610793,2.0026012764730836e-16,0.0846378873610791,0
1619,247,0.0851744820590786,1.7393141563297048e-07,0.08517430812766297,0
117,27,0.08562328580518902,4.429928115474769e-08,0.08562324150590786,0
2167,273,0.08578928280126838,7.013674901655295e-11,0.08578928273113164,0
824,126,0.0860323661801199,3.4700673349947615e-09,0.08603236271005257,0
3076,317,0.08730678948058825,3.5382690039432536e-14,0.08730678948055286,0
1624,247,0.08755273280117876,1.7393141563297048e-07,0.08755255886976313,0
611,95,0.08767391175917107,9.774396631077065e-13,0.08767391175819363,0
2183,273,0.08794688733956459,7.013674901655295e-11,0.08794688726942784,0
1,3,0.08794876298242199,4.470180999039129e-20,0.08794876298242199,0
2073,270,0.08801228066389487,4.150845294846001e-09,0.08801227651304958,0
2834,307,0.08818046335603617,3.56134292839627e-17,0.08818046335603613,0
354,53,0.08980350766587,1.4221001697895805e-11,0.089803507651649,0
2251,275,0.08990511400663433,1.1708796086492855e-11,0.08990511399492553,0
102,26,0.09053844116080963,5.802001029720007e-08,0.09053838314079933,0
2737,304,0.09127106371742681,6.16858534776888e-08,0.09127100203157333,0
761,117,0.09134095097380478,5.220959107738431e-14,0.09134095097375257,0
1378,224,0.09155096178045705,3.7540155641016095e-08,0.09155092424030141,0
1847,259,0.09211610044905884,2.965740258759707e-11,0.09211610041940144,0
1704,252,0.09246808567933142,8.145817296976646e-08,0.09246800422115845,0
2940,311,0.09357212912314647,2.933100224493187e-13,0.09357212912285316,0
1531,239,0.09361479220696134,7.355063916718475e-16,0.0936147922069606,0
1824,258,0.09397283118362947,1.2411362309674262e-11,0.0939728311712181,0
2465,288,0.09423832759987116,4.200802205712873e-13,0.09423832759945108,0
1805,258,0.09438775480989256,1.2411362309674262e-11,0.0943877547974812,0
3786,489,0.0947282402346089,9.72823860493449e-17,0.0947282402346088,0
3185,444,0.09561178965792495,1.5310492928978335e-12,0.0956117896563939,0
1927,261,0.09589660882315686,3.181424960694976e-09,0.0958966056417319,0
504,79,0.09591413836219674,1.4596568291693164e-14,0.09591413836218214,0
1552,245,0.09615360845256193,2.7677037600943016e-09,0.09615360568485817,0
3734,488,0.09621781919238466,4.0249848708966285e-11,0.09621781915213481,0
3018,314,0.09656661360234968,1.299374215888945e-15,0.09656661360234838,0
152,31,0.09670349244289428,4.150746500499982e-10,0.09670349202781962,0
2488,289,0.09706294598195003,6.644853809449961e-13,0.09706294598128555,0
2485,289,0.09721596391833608,6.644853809449961e-13,0.0972159639176716,0
1920,261,0.09742892402969704,3.181424960694976e-09,0.09742892084827208,0
842,129,0.09743081140249427,3.577608934277469e-10,0.09743081104473338,0
955,149,0.09839316427633062,2.3880847473257923e-10,0.09839316403752214,0
2560,293,0.09850655738561287,1.464699369163404e-11,0.09850655737096588,0
838,129,0.09851677463144276,3.577608934277469e-10,0.09851677427368187,0
1234,197,0.09857279966181492,1.6445336640676955e-14,0.09857279966179848,0
673,106,0.09862794224500691,2.9785536608393945e-08,0.09862791245947031,0
1564,245,0.09872140711377952,2.7677037600943016e-09,0.09872140434607576,0
1277,206,0.09924698572797896,1.9046350523825086e-08,0.09924696668162844,0
9,5,0.09949261647268251,5.078688754403545e-16,0.099492616472682,0
863,132,0.0999584442608796,1.1444380813452159e-11,0.09995844424943522,0
1098,174,0.10149016850381865,2.880784372192086e-13,0.10149016850353057,0
3611,481,0.1016473479610597,3.547991747934939e-13,0.1016473479607049,0
465,74,0.1020361756690081,6.843708627231646e-12,0.1020361756621644,0
1076,170,0.10204708211805649,4.378930879764276e-11,0.10204708207426719,0
341,51,0.10369599745588488,1.694331164104189e-10,0.10369599728645176,0
2826,306,0.10440401232264587,8.5648482980827e-13,0.10440401232178939,0
3169,444,0.10440683977917653,1.5310492928978335e-12,0.10440683977764548,0
2873,309,0.10452400738124294,6.134628598245165e-16,0.10452400738124233,0
1736,254,0.10471989264271578,2.4443328314609746e-09,0.10471989019838294,0
3368,454,0.10546801451579817,2.0026012764730836e-16,0.10546801451579797,0
2776,305,0.10590054284227336,1.3667523558818377e-10,0.10590054270559812,0
1724,253,0.10613599833230306,1.3625131584392639e-08,0.10613598470717148,0
3429,462,0.10632306952558584,2.5202599375138385e-13,0.10632306952533382,0
1214,194,0.10693345852939806,4.924248093280047e-13,0.10693345852890564,0
1949,263,0.10734242747851343,6.260107497812655e-08,0.10734236487743845,0
409,65,0.10786590886070678,3.8728857748258125e-08,0.10786587013184903,0
1555,245,0.10792231339961023,2.7677037600943016e-09,0.10792231063190647,0
2670,300,0.1079758210502197,8.439681132842416e-20,0.1079758210502197,0
3568,480,0.10843646254759333,4.580868399630539e-09,0.10843645796672494,0
2084,270,0.1084807052856876,4.150845294846001e-09,0.1084807011348423,0
3045,315,0.10854620722306371,1.0394857467833793e-15,0.10854620722306267,0
2915,310,0.10864891324581337,9.16072726806541e-13,0.1086489132448973,0
3236,445,0.10873099153933127,1.3581579873827526e-14,0.10873099153931769,0
3110,318,0.10918901499084387,1.42055103091189e-14,0.10918901499082966,0
2325,281,0.10921569964128863,1.868176861520509e-14,0.10921569964126995,0
858,132,0.11004061190195699,1.1444380813452159e-11,0.1100406118905126,0
2288,278,0.11014256223430934,1.0070422376633096e-12,0.1101425622333023,0
1177,189,0.1101774454543504,3.75130153905414e-10,0.11017744507922025,0
3363,454,0.11030237490164277,2.0026012764730836e-16,0.11030237490164257,0
873,134,0.11095736108136785,1.036403907997377e-12,0.11095736108033144,0
1609,247,0.11107992341006842,1.7393141563297048e-07,0.11107974947865279,0
3251,452,0.11112287432692289,1.3779527652336246e-07,0.11112273653164637,0
1514,238,0.11112347228470856,5.84262007541075e-15,0.11112347228470272,0
1878,260,0.11151005567795005,8.928527890253894e-11,0.11151005558866478,0
1387,225,0.11160251018952606,5.705963334327138e-08,0.11160245312989273,0
201,36,0.11190357492572586,1.041389911101128e-13,0.11190357492562172,0
2328,281,0.11264285175389097,1.868176861520509e-14,0.11264285175387229,0
2660,299,0.11281007717162743,4.8338983649767683e-23,0.11281007717162743,0
536,86,0.11299879971394548,9.641334131566013e-07,0.11299783558053232,0
428,68,0.11349492314551005,3.9194530171180723e-08,0.11349488395097987,0
84,19,0.11373223526532103,1.075985909011979e-23,0.11373223526532103,0
385,57,0.11397932080686152,4.4018830402979806e-14,0.1139793208068175,0
1344,215,0.11407880633820898,5.1441052141733376e-14,0.11407880633815753,0
910,140,0.11408554335504932,1.2624414917102984e-15,0.11408554335504806,0
3666,487,0.11431855526125918,3.181426133698503e-08,0.11431852344699785,0
3699,487,0.11455275253473274,3.181426133698503e-08,0.1145527207204714,0
393,58,0.11517136837344288,1.7941641645433732e-14,0.11517136837342494,0
1672,250,0.11519051084967608,3.5070736307074416e-08,0.11519047577893977,0
945,148,0.11554849251642141,7.740053745361093e-10,0.11554849174241603,0
265,41,0.1163943714950875,9.181671014219212e-16,0.11639437149508658,0
2159,273,0.11643271421659128,7.013674901655295e-11,0.11643271414645454,0
3622,481,0.11646236352825473,3.547991747934939e-13,0.11646236352789993,0
200,36,0.1174006415602411,1.041389911101128e-13,0.11740064156013696,0
291,45,0.11752056608432687,5.3133964193037716e-08,0.11752051295036268,0
1757,254,0.11808125779804235,2.4443328314609746e-09,0.11808125535370952,0
3256,452,0.11817423228341654,1.3779527652336246e-07,0.11817409448814002,0
2572,293,0.1183613521424603,1.464699369163404e-11,0.1183613521278133,0
1676,250,0.11845141135709059,3.5070736307074416e-08,0.11845137628635428,0
2877,309,0.11915210550254529,6.134628598245165e-16,0.11915210550254468,0
130,28,0.11971678998174554,2.3129022708360788e-08,0.11971676685272283,0
500,78,0.12001492729157583,3.670148663461125e-14,0.12001492729153912,0
1708,253,0.1204624640750916,1.3625131584392639e-08,0.12046245044996003,0
2766,305,0.12091929191921463,1.3667523558818377e-10,0.12091929178253939,0
480,75,0.12109848890711093,1.7852426385958062e-12,0.1210984889053257,0
125,28,0.1216963272952231,2.3129022708360788e-08,0.12169630416620039,0
3260,452,0.1222977580759891,1.3779527652336246e-07,0.12229762028071257,0
1958,263,0.12318322615428176,6.260107497812655e-08,0.12318316355320678,0
3570,480,0.12372202901091402,4.580868399630539e-09,0.12372202443004562,0
1313,211,0.12378753675662138,1.6368720349211045e-11,0.12378753674025265,0
1403,228,0.12383688980312867,3.0897318703845477e-09,0.1238368867133968,0
145,30,0.12387412823479695,2.803532837932063e-09,0.12387412543126411,0
3613,481,0.1247475415759251,3.547991747934939e-13,0.1247475415755703,0
2471,288,0.1247492487973892,4.200802205712873e-13,0.12474924879696912,0
3259,452,0.12512725268313485,1.3779527652336246e-07,0.12512711488785833,0
1466,234,0.1251809426870367,1.302283978414377e-13,0.12518094268690647,0
751,115,0.12559763934209403,5.476909832588855e-13,0.12559763934154633,0
1062,169,0.12638898580379263,1.575865389406506e-10,0.1263889856462061,0
733,113,0.1271111866041045,6.314796594275426e-12,0.1271111865977897,0
64,16,0.12727683343676524,7.146593039887984e-13,0.1272768334360506,0
3344,454,0.12783596507194495,2.0026012764730836e-16,0.12783596507194475,0
2056,269,0.12950537834160195,0.001120824880879847,0.1283845534607221,0
454,72,0.1290236281774031,8.471221293493244e-11,0.12902362809269088,0
3679,487,0.12943897363682172,3.181426133698503e-08,0.12943894182256038,0
2279,278,0.1300525468673874,1.0070422376633096e-12,0.13005254686638035,0
752,115,0.13067887629137462,5.476909832588855e-13,0.13067887629082692,0
1176,189,0.13094746121972403,3.75130153905414e-10,0.13094746084459388,0
678,107,0.13164256376155517,7.212928598155452e-09,0.13164255654862658,0
1577,245,0.1326919774213766,2.7677037600943016e-09,0.13269197465367283,0
2214,274,0.13295337859137465,2.36950622164961e-11,0.13295337856767958,0
1849,259,0.1338673819860305,2.965740258759707e-11,0.13386738195637307,0
2389,285,0.13391962092745852,9.620779424178325e-16,0.13391962092745754,0
665,106,0.1342918109473215,2.9785536608393945e-08,0.1342917811617849,0
1978,264,0.13570531452558063,0.0009331009686960391,0.1347722135568846,0
3538,463,0.13477962522457124,1.6452625248773377e-16,0.13477962522457107,0
2898,310,0.1351041152782122,9.16072726806541e-13,0.13510411527729613,0
3121,319,0.13518357794043726,2.605055760764354e-15,0.13518357794043465,0
2549,292,0.135547976644074,6.516485207151854e-17,0.13554797664407395,0
2921,310,0.1357561462063887,9.16072726806541e-13,0.13575614620547263,0
956,150,0.13580710278699584,7.185525865441819e-11,0.13580710271514057,0
278,42,0.13630049766286384,1.348962075912741e-16,0.1363004976628637,0
2268,277,0.13633362035266794,5.9966827147583414e-12,0.13633362034667126,0
140,29,0.13706405389379722,8.916717116056003e-09,0.1370640449770801,0
3578,481,0.1371427456711882,3.547991747934939e-13,0.1371427456708334,0
3718,487,0.13717894276426365,3.181426133698503e-08,0.13717891095000231,0
1598,246,0.1372142805886099,1.836867727595735e-08,0.13721426221993263,0
2413,286,0.1373028235463738,7.698306528367907e-14,0.1373028235462968,0
3488,463,0.13773664201557906,1.6452625248773377e-16,0.1377366420155789,0
2216,274,0.1379136844035126,2.36950622164961e-11,0.13791368437981752,0
1535,240,0.1379464729935745,3.5842135945461275e-16,0.13794647299357413,0
379,57,0.13827829330768684,4.4018830402979806e-14,0.13827829330764282,0
22,6,0.1383319170726348,5.814455016677414e-12,0.13833191706682035,0
2914,310,0.13851024976569978,9.16072726806541e-13,0.1385102497647837,0
2933,311,0.13868230266594908,2.933100224493187e-13,0.13868230266565576,0
3305,453,0.13876228873096805,3.882372103043203e-11,0.13876228869214433,0
189,35,0.13891423787270513,4.385199630359555e-13,0.13891423787226662,0
2867,309,0.13915498419130692,6.134628598245165e-16,0.1391549841913063,0
2473,288,0.13922528439554138,4.200802205712873e-13,0.1392252843951213,0
2845,308,0.13954387642708965,8.096690797303459e-17,0.13954387642708957,0
439,70,0.13969515801410362,1.7328865802541619e-09,0.13969515628121704,0
328,49,0.13974732871305492,4.66722565280367e-09,0.13974732404582926,0
3082,317,0.14003734635717618,3.5382690039432536e-14,0.1400373463571408,0
2916,310,0.14077160795401086,9.16072726806541e-13,0.1407716079530948,0
2613,296,0.14107925041457378,2.8904343590423897e-05,0.14105034607098335,0
1575,245,0.1411116057760564,2.7677037600943016e-09,0.14111160300835263,0
3471,462,0.14115456572866958,2.5202599375138385e-13,0.14115456572841756,0
3735,488,0.14126376645104488,4.0249848708966285e-11,0.14126376641079502,0
1150,185,0.14127040217652798,1.9082083938241458e-07,0.1412702113556886,0
3660,487,0.14141157060600215,3.181426133698503e-08,0.14141153879174082,0
698,109,0.14188174332696402,7.590935538572134e-10,0.14188174256787045,0
2063,270,0.14248875231729272,4.150845294846001e-09,0.1424887481664474,0
3202,444,0.14273705601469547,1.5310492928978335e-12,0.14273705601316442,0
3583,481,0.14293378306755658,3.547991747934939e-13,0.14293378306720178,0
1518,239,0.14306617891103776,7.355063916718475e-16,0.14306617891103704,0
1533,240,0.14390726235496085,3.5842135945461275e-16,0.14390726235496049,0
2191,273,0.14419499870582372,7.013674901655295e-11,0.14419499863568697,0
1488,234,0.14476540040201633,1.302283978414377e-13,0.1447654004018861,0
1887,260,0.14490719881628153,8.928527890253894e-11,0.14490719872699626,0
2694,301,0.1449724002348959,4.1859505817988276e-12,0.14497240023070995,0
182,34,0.14503505882713585,8.7141398902149e-12,0.1450350588184217,0
996,156,0.14526411797325692,5.418006449929963e-14,0.14526411797320274,0
3633,482,0.14536383280296394,8.639135709266118e-17,0.14536383280296386,0
1226,196,0.14563754515453914,4.1102266002298437e-14,0.14563754515449803,0
2792,305,0.1457745037510384,1.3667523558818377e-10,0.14577450361436317,0
3389,454,0.14591502538595902,2.0026012764730836e-16,0.14591502538595882,0
3159,443,0.14610159200928724,2.704976766350902e-16,0.14610159200928696,0
3528,463,0.1464870547353391,1.6452625248773377e-16,0.14648705473533893,0
3235,445,0.14656305426979327,1.3581579873827526e-14,0.1465630542697797,0
498,78,0.14686069772272708,3.670148663461125e-14,0.1468606977226904,0
565,90,0.14774609708692818,5.952456824074421e-10,0.1477460964916825,0
1295,208,0.1481853451473387,9.64570775252484e-10,0.1481853441827679,0
3407,461,0.14848388748606015,1.3398945504098442e-08,0.14848387408711464,0
38,8,0.14878735506422205,2.568143831532584e-07,0.1487870982498389,0
844,130,0.1493611927797144,1.1874350938378968e-10,0.1493611926609709,0
264,41,0.1493656785067107,9.181671014219212e-16,0.1493656785067098,0
694,109,0.14954245871076488,7.590935538572134e-10,0.14954245795167131,0
2187,273,0.14966025778772135,7.013674901655295e-11,0.1496602577175846,0
619,97,0.14989276729473136,8.016543530614307e-14,0.1498927672946512,0
127,28,0.14998137978381074,2.3129022708360788e-08,0.14998135665478804,0
2015,267,0.15052886473106114,5.509889191193901e-10,0.15052886418007222,0
2854,309,0.15094455240881,6.134628598245165e-16,0.15094455240880938,0
3,4,0.15104622387909145,2.3998594635993824e-20,0.15104622387909145,0
3651,482,0.151755119765939,8.639135709266118e-17,0.15175511976593892,0
1354,217,0.1521838499240974,9.853863232414447e-15,0.15218384992408754,0
1377,224,0.15237301632628875,3.7540155641016095e-08,0.1523729787861331,0
2602,294,0.1531408580877141,2.410478477917211e-10,0.15314085784666626,0
2125,272,0.15407814679038195,2.877372603324762e-09,0.15407814391300936,0
1807,258,0.15430246097796832,1.2411362309674262e-11,0.15430246096555697,0
3273,452,0.15437861481397133,1.3779527652336246e-07,0.1543784770186948,0
1938,262,0.15444382827805508,2.6417176771104317e-09,0.1544438256363374,0
2543,292,0.15454203676335188,6.516485207151854e-17,0.15454203676335182,0
1140,183,0.15460196828715306,2.885536588690656e-08,0.15460193943178718,0
3115,318,0.15473753584149463,1.42055103091189e-14,0.15473753584148042,0
1521,239,0.15509912062067796,7.355063916718475e-16,0.15509912062067724,0
3782,489,0.15542803506398528,9.72823860493449e-17,0.15542803506398517,0
790,121,0.15661986132832104,6.352408928606363e-16,0.1566198613283204,0
3452,462,0.15672557720530667,2.5202599375138385e-13,0.15672557720505464,0
3190,444,0.156917773553518,1.5310492928978335e-12,0.15691777355198694,0
2524,290,0.15694899069875132,1.2916389698978609e-15,0.15694899069875,0
2180,273,0.15719519442653962,7.013674901655295e-11,0.15719519435640286,0
3373,454,0.1573044581368496,2.0026012764730836e-16,0.1573044581368494,0
1559,245,0.15754537728440662,2.7677037600943016e-09,0.15754537451670286,0
3553,480,0.15756636555023285,4.580868399630539e-09,0.15756636096936444,0
1283,207,0.15778225376092772,5.021811489460364e-09,0.15778224873911623,0
1458,233,0.15806562181284928,4.4233355877447115e-13,0.15806562181240694,0
473,74,0.1581557844543769,6.843708627231646e-12,0.15815578444753317,0
3356,454,0.1586727459293967,2.0026012764730836e-16,0.1586727459293965,0
1678,251,0.15912946124402097,9.839073204587584e-08,0.15912936285328894,0
1091,173,0.1593668877739568,1.0521312191492142e-12,0.15936688777290467,0
1383,225,0.15987634303053855,5.705963334327138e-08,0.1598762859709052,0
1322,212,0.160128699012688,4.105301045193624e-12,0.1601286990085827,0
49,12,0.16020821605311925,4.231721692338142e-07,0.16020779288095002,0
676,107,0.16039936590216167,7.212928598155452e-09,0.16039935868923308,0
2666,300,0.16050112611332695,8.439681132842416e-20,0.16050112611332695,0
524,85,0.161398527371707,3.652380527545027e-08,0.16139849084790173,0
1844,259,0.16151452037431707,2.965740258759707e-11,0.16151452034465966,0
2179,273,0.1616848327472452,7.013674901655295e-11,0.16168483267710845,0
969,151,0.1627167150675599,2.1710770241267408e-11,0.16271671504584914,0
115,27,0.16276102106244994,4.429928115474769e-08,0.16276097676316878,0
2462,287,0.16286161305026003,1.9594975282532115e-13,0.16286161305006408,0
2566,293,0.16317599679047584,1.464699369163404e-11,0.16317599677582884,0
217,36,0.16318132136702618,1.041389911101128e-13,0.16318132136692204,0
2275,277,0.16339051969983023,5.9966827147583414e-12,0.16339051969383356,0
340,51,0.16354587523095465,1.694331164104189e-10,0.16354587506152155,0
853,131,0.16379600633918576,3.72364886637992e-11,0.16379600630194927,0
1782,256,0.16406355902454037,5.856305914246352e-12,0.16406355901868405,0
3278,452,0.16447161351326256,1.3779527652336246e-07,0.16447147571798604,0
1998,266,0.16505499113982935,2.5409228184154824e-10,0.16505499088573708,0
3423,462,0.16559525982460088,2.5202599375138385e-13,0.16559525982434886,0
3516,463,0.16572290844654575,1.6452625248773377e-16,0.16572290844654558,0
2024,267,0.1661048482955353,5.509889191193901e-10,0.16610484774454637,0
1228,196,0.16626981876869834,4.1102266002298437e-14,0.16626981876865723,0
1597,246,0.1672182146368414,1.836867727595735e-08,0.16721819626816412,0
1222,196,0.1672319870254414,4.1102266002298437e-14,0.1672319870254003,0
2669,300,0.16950686205111004,8.439681132842416e-20,0.16950686205111004,0
3224,445,0.17013428313625353,1.3581579873827526e-14,0.17013428313623996,0
2502,290,0.170164205686185,1.2916389698978609e-15,0.1701642056861837,0
3234,445,0.17030003694761786,1.3581579873827526e-14,0.1703000369476043,0
513,80,0.1707121589188639,6.018972482339566e-15,0.17071215891885788,0
2972,312,0.17077517236000261,1.872801304616799e-13,0.17077517235981535,0
139,29,0.17086844504088913,8.916717116056003e-09,0.17086843612417202,0
1079,171,0.17097055946428008,1.293925483747242e-11,0.17097055945134082,0
1677,251,0.17142286668001327,9.839073204587584e-08,0.17142276828928124,0
1405,228,0.17161098859075424,3.0897318703845477e-09,0.17161098550102238,0
997,156,0.17161345518018098,5.418006449929963e-14,0.1716134551801268,0
376,56,0.17203609589046584,1.6342449654299545e-13,0.17203609589030242,0
1123,177,0.17222762770422237,1.1207766762308908e-14,0.17222762770421116,0
2958,312,0.17268305054133895,1.872801304616799e-13,0.17268305054115168,0
642,100,0.17302491180292479,3.833844910152921e-15,0.17302491180292096,0
1855,259,0.17310892684565146,2.965740258759707e-11,0.17310892681599405,0
535,86,0.17390300816694687,9.641334131566013e-07,0.1739020440335337,0
27,7,0.1747981101212038,1.5969733685803203e-12,0.17479811011960683,0
3398,461,0.17646749574413087,1.3398945504098442e-08,0.17646748234518536,0
3268,452,0.17713751053084753,1.3779527652336246e-07,0.177137372735571,0
2353,283,0.177348255289461,1.2106960423571271e-14,0.1773482552894489,0
623,97,0.17752464957545677,8.016543530614307e-14,0.17752464957537661,0
564,90,0.17757798489265875,5.952456824074421e-10,0.17757798429741306,0
453,72,0.17764093880314116,8.471221293493244e-11,0.17764093871842895,0
1860,259,0.17786960614458613,2.965740258759707e-11,0.17786960611492872,0
1310,211,0.17812388293749437,1.6368720349211045e-11,0.17812388292112566,0
2739,304,0.17845075860515833,6.16858534776888e-08,0.17845069691930485,0
3171,444,0.17870972036627805,1.5310492928978335e-12,0.178709720364747,0
1009,157,0.17883089183416187,1.901553467758606e-14,0.17883089183414286,0
1810,258,0.1796342482533914,1.2411362309674262e-11,0.17963424824098004,0
3729,488,0.17969378636814087,4.0249848708966285e-11,0.17969378632789101,0
3439,462,0.17978059364667479,2.5202599375138385e-13,0.17978059364642276,0
3005,314,0.18029258985402932,1.299374215888945e-15,0.18029258985402802,0
1618,247,0.1803111171390828,1.7393141563297048e-07,0.18031094320766716,0
3147,443,0.18031434154507742,2.704976766350902e-16,0.18031434154507714,0
352,52,0.18065800430185555,4.727848735880697e-11,0.18065800425457706,0
2104,270,0.1811471433963933,4.150845294846001e-09,0.18114713924554798,0
494,77,0.18116655867550238,1.1636489728734524e-13,0.18116655867538603,0
2798,305,0.18148693225529558,1.3667523558818377e-10,0.18148693211862035,0
3419,462,0.1815898254843077,2.5202599375138385e-13,0.18158982548405567,0
519,82,0.18216130931861615,5.365278540150834e-16,0.18216130931861563,0
1752,254,0.18226171592088364,2.4443328314609746e-09,0.18226171347655082,0
2486,289,0.1826647404123968,6.644853809449961e-13,0.1826647404117323,0
2755,305,0.1832366374778706,1.3667523558818377e-10,0.18323663734119539,0
228,37,0.18393164607050497,3.790769474802072e-14,0.18393164607046705,0
814,125,0.18469519470084034,5.48400516992189e-09,0.18469518921683517,0
3624,481,0.18487989616530537,3.547991747934939e-13,0.18487989616495057,0
1764,255,0.18489333722092902,1.0227895978082928e-12,0.18489333721990622,0
370,56,0.18539324520110084,1.6342449654299545e-13,0.18539324520093742,0
415,66,0.1855140150020793,1.8334685009666347e-07,0.18551383165522922,0
1897,260,0.1856903678890678,8.928527890253894e-11,0.1856903677997825,0
2234,275,0.18629754506168733,1.1708796086492855e-11,0.18629754504997853,0
2110,271,0.18798640763206195,2.4939775543579154e-08,0.1879863826922864,0
1722,253,0.18841883374979854,1.3625131584392639e-08,0.18841882012466696,0
1105,175,0.18906869514626573,8.582664465659257e-14,0.1890686951461799,0
3601,481,0.18921950002403679,3.547991747934939e-13,0.18921950002368199,0
3634,482,0.1897224633634085,8.639135709266118e-17,0.18972246336340842,0
2516,290,0.18975691171442247,1.2916389698978609e-15,0.18975691171442116,0
935,147,0.19004213152360266,2.389301030444358e-09,0.19004212913430163,0
3646,482,0.190490539799546,8.639135709266118e-17,0.19049053979954592,0
1266,204,0.1910152229877945,9.345983388192542e-08,0.19101512952796063,0
3531,463,0.19120490055879505,1.6452625248773377e-16,0.19120490055879488,0
3284,452,0.19123235074397907,1.3779527652336246e-07,0.19123221294870255,0
3517,463,0.1912688447668495,1.6452625248773377e-16,0.19126884476684933,0
3590,481,0.1913383456375585,3.547991747934939e-13,0.1913383456372037,0
1139,183,0.19173499681947193,2.885536588690656e-08,0.19173496796410605,0
3378,454,0.19184909232298838,2.0026012764730836e-16,0.1918490923229882,0
2712,301,0.19197009644767582,4.1859505817988276e-12,0.19197009644348986,0
2631,298,0.1920104229892898,4.971835632455788e-13,0.19201042298879262,0
3682,487,0.1920731495471218,3.181426133698503e-08,0.19207311773286045,0
2577,293,0.1921404928706893,1.464699369163404e-11,0.1921404928560423,0
2747,304,0.19229827265345809,6.16858534776888e-08,0.1922982109676046,0
2864,309,0.19257935615407734,6.134628598245165e-16,0.19257935615407673,0
447,71,0.1937362995501592,3.539862612105824e-10,0.19373629919617294,0
2688,301,0.19391242386990865,4.1859505817988276e-12,0.1939124238657227,0
1765,255,0.1939219673371995,1.0227895978082928e-12,0.1939219673361767,0
1929,262,0.19411409641623664,2.6417176771104317e-09,0.19411409377451896,0
0,3,0.19424904322751302,4.470180999039129e-20,0.19424904322751302,0
474,74,0.19433034495097307,6.843708627231646e-12,0.19433034494412935,0
3333,454,0.19435104448374443,2.0026012764730836e-16,0.19435104448374424,0
1526,239,0.1945377016027139,7.355063916718475e-16,0.1945377016027132,0
105,26,0.19629593373732293,5.802001029720007e-08,0.19629587571731263,0
436,69,0.1964029541513543,8.178966421955095e-09,0.1964029459723879,0
836,128,0.19652221519510116,9.541538370442343e-10,0.19652221424094732,0
2803,306,0.19661661845775819,8.5648482980827e-13,0.1966166184569017,0
889,137,0.1974822989014452,3.211071904377209e-14,0.19748229890141308,0
419,66,0.1975898541864802,1.8334685009666347e-07,0.1975896708396301,0
606,94,0.19768134676379376,3.487298026391017e-12,0.19768134676030646,0
801,124,0.19773041784555984,2.9568086603316822e-05,0.19770084975895652,0
1379,224,0.19821251477488944,3.7540155641016095e-08,0.19821247723473379,0
1050,167,0.19829494936676015,2.5670306995862746e-09,0.19829494679972945,0
883,136,0.1984119627139685,9.625625815730744e-14,0.19841196271387224,0
2618,296,0.19874001509687234,2.8904343590423897e-05,0.1987111107532819,0
1297,208,0.19890388657854363,9.64570775252484e-10,0.19890388561397285,0
1142,183,0.19930684152634176,2.885536588690656e-08,0.19930681267097589,0
101,26,0.19982278576685103,5.802001029720007e-08,0.19982272774684073,0
1758,254,0.2000902016622878,2.4443328314609746e-09,0.20009019921795498,0
1346,216,0.20046445548956024,2.1010365452513193e-14,0.20046445548953923,0
416,66,0.20151369522996584,1.8334685009666347e-07,0.20151351188311575,0
3086,317,0.20172334629889002,3.5382690039432536e-14,0.20172334629885463,0
1979,264,0.2039105968950522,0.0009331009686960391,0.20297749592635617,0
3798,497,0.20345382112365235,6.724972253284777e-13,0.20345382112297986,0
593,92,0.2038903749682145,4.137046662409181e-11,0.20389037492684403,0
2802,306,0.20410344658787508,8.5648482980827e-13,0.2041034465870186,0
248,40,0.20443318062132815,6.140482860699521e-15,0.204433180621322,0
2142,272,0.20516989921896528,2.877372603324762e-09,0.2051698963415927,0
106,26,0.20538882044842552,5.802001029720007e-08,0.20538876242841522,0
3204,444,0.20566930151571786,1.5310492928978335e-12,0.2056693015141868,0
1973,263,0.20593308505693297,6.260107497812655e-08,0.20593302245585798,0
2213,274,0.2066012686671512,2.36950622164961e-11,0.20660126864345613,0
1795,257,0.20685091527220134,1.816230578529975e-11,0.20685091525403904,0
2699,301,0.20696625494340337,4.1859505817988276e-12,0.20696625493921741,0
2663,300,0.20711541086692875,8.439681132842416e-20,0.20711541086692875,0
902,139,0.20713638386217675,4.142512798878164e-15,0.20713638386217262,0
2437,286,0.20715239322084103,7.698306528367907e-14,0.20715239322076404,0
807,125,0.2078453660228284,5.48400516992189e-09,0.20784536053882324,0
2574,293,0.2087987142294452,1.464699369163404e-11,0.2087987142147982,0
108,27,0.20905336918651585,4.429928115474769e-08,0.2090533248872347,0
3474,462,0.20910173445609212,2.5202599375138385e-13,0.2091017344558401,0
3007,314,0.20993099153427333,1.299374215888945e-15,0.20993099153427203,0
2356,283,0.20994364728269638,1.2106960423571271e-14,0.20994364728268428,0
3365,454,0.20995585844788148,2.0026012764730836e-16,0.20995585844788128,0
1873,260,0.21040037410424528,8.928527890253894e-11,0.21040037401496,0
3009,314,0.21132320293199708,1.299374215888945e-15,0.21132320293199577,0
1158,187,0.211772743373962,8.63793027696552e-09,0.21177273473603173,0
3785,489,0.2118989038692067,9.72823860493449e-17,0.2118989038692066,0
2155,273,0.21226613029248045,7.013674901655295e-11,0.2122661302223437,0
600,94,0.21254374382316063,3.487298026391017e-12,0.21254374381967334,0
2384,284,0.21269766955671784,7.6691666216322715e-16,0.21269766955671707,0
170,32,0.21330427758688283,8.7205651283379e-11,0.21330427749967718,0
1394,227,0.21353200574779224,9.581894737431733e-09,0.2135319961658975,0
716,111,0.214066177321984,7.007241095719839e-11,0.21406617725191157,0
2718,302,0.28218378787534854,0.06679719991758762,0.21538658795776092,0
2254,275,0.2155464157378937,1.1708796086492855e-11,0.2155464157261849,0
1420,229,0.21645677630872096,5.107546362977811e-10,0.21645677579796632,0
308,47,0.21677600178432468,5.8226654165816994e-08,0.21677594355767052,0
1475,234,0.21688064678498178,1.302283978414377e-13,0.21688064678485156,0
3254,452,0.21710708262849748,1.3779527652336246e-07,0.21710694483322096,0
2701,301,0.2173672948276352,4.1859505817988276e-12,0.21736729482344924,0
1827,258,0.21778338934535058,1.2411362309674262e-11,0.21778338933293923,0
2131,272,0.2178905854402478,2.877372603324762e-09,0.21789058256287522,0
1928,262,0.21791809740437518,2.6417176771104317e-09,0.2179180947626575,0
2992,313,0.21792268372224152,4.677044190025765e-15,0.21792268372223683,0
2169,273,0.2182507088358661,7.013674901655295e-11,0.21825070876572933,0
1574,245,0.21840540573009037,2.7677037600943016e-09,0.2184054029623866,0
2655,298,0.21844627056640378,4.971835632455788e-13,0.2184462705659066,0
2829,307,0.2189043027424834,3.56134292839627e-17,0.21890430274248338,0
2936,311,0.21904631927800527,2.933100224493187e-13,0.21904631927771195,0
32,8,0.21907794504941128,2.568143831532584e-07,0.21907768823502813,0
1365,223,0.21943551978580222,1.6445057542207357e-08,0.2194355033407447,0
3311,453,0.21960024226411448,3.882372103043203e-11,0.21960024222529076,0
672,106,0.21977907658057044,2.9785536608393945e-08,0.21977904679503382,0
1569,245,0.21982152806956703,2.7677037600943016e-09,0.21982152530186327,0
3513,463,0.21994157143295445,1.6452625248773377e-16,0.21994157143295429,0
1984,264,0.22095465778961984,0.0009331009686960391,0.2200215568209238,0
717,111,0.2200682709794485,7.007241095719839e-11,0.22006827090937608,0
252,41,0.22011487391802717,9.181671014219212e-16,0.22011487391802625,0
2993,313,0.22027615016050298,4.677044190025765e-15,0.22027615016049829,0
2885,309,0.22090092588424357,6.134628598245165e-16,0.22090092588424295,0
1121,177,0.221307552628706,1.1207766762308908e-14,0.22130755262869478,0
3010,314,0.2217980771856892,1.299374215888945e-15,0.2217980771856879,0
3548,463,0.22203161320080578,1.6452625248773377e-16,0.2220316132008056,0
1022,159,0.22282230892189978,2.3066592648838474e-15,0.22282230892189747,0
70,17,0.22324032390342685,1.8913444246141057e-12,0.2232403239015355,0
1697,252,0.22340988048355168,8.145817296976646e-08,0.22340979902537872,0
399,59,0.22362926653729334,8.94202124356444e-15,0.2236292665372844,0
827,126,0.22466894227649895,3.4700673349947615e-09,0.2246689388064316,0
760,116,0.22474978007656532,1.6341249648396822e-13,0.2247497800764019,0
1430,230,0.22487576651740201,1.02246753484821e-10,0.22487576641515525,0
3433,462,0.22494872748761702,2.5202599375138385e-13,0.224948727487365,0
3077,317,0.22644797746626524,3.5382690039432536e-14,0.22644797746622986,0
1705,252,0.22661330569884555,8.145817296976646e-08,0.2266132242406726,0
1434,231,0.22730746402768115,3.6778709475247805e-11,0.22730746399090243,0
1864,259,0.22731616706195873,2.965740258759707e-11,0.22731616703230131,0
3565,480,0.22739967416543605,4.580868399630539e-09,0.22739966958456764,0
537,86,0.22769140378732822,9.641334131566013e-07,0.22769043965391506,0
1699,252,0.22783374368131623,8.145817296976646e-08,0.22783366222314327,0
91,26,0.22784884822710832,5.802001029720007e-08,0.22784879020709803,0
3493,463,0.22800845380099877,1.6452625248773377e-16,0.2280084538009986,0
199,36,0.22860101796071422,1.041389911101128e-13,0.22860101796061008,0
2404,285,0.22905986670416875,9.620779424178325e-16,0.22905986670416778,0
2589,294,0.22919692320505775,2.410478477917211e-10,0.2291969229640099,0
2849,309,0.22992402194048028,6.134628598245165e-16,0.22992402194047967,0
3545,463,0.23014786380739233,1.6452625248773377e-16,0.23014786380739216,0
2134,272,0.2303707295303269,2.877372603324762e-09,0.2303707266529543,0
2092,270,0.23037998374469162,4.150845294846001e-09,0.23037997959384632,0
563,89,0.23050295001755286,2.474143598188241e-09,0.23050294754340928,0
3585,481,0.23071521523195646,3.547991747934939e-13,0.23071521523160166,0
1321,212,0.23089162891336035,4.105301045193624e-12,0.23089162890925505,0
2702,301,0.23106753897709426,4.1859505817988276e-12,0.2310675389729083,0
3515,463,0.2311606157276991,1.6452625248773377e-16,0.23116061572769894,0
1207,193,0.23148897215900216,2.0029368305160468e-12,0.23148897215699923,0
3755,488,0.23162647169905973,4.0249848708966285e-11,0.23162647165880987,0
2348,282,0.23189398195765382,4.202422480660149e-14,0.2318939819576118,0
187,35,0.23202842823599645,4.385199630359555e-13,0.23202842823555794,0
336,51,0.23272162459093018,1.694331164104189e-10,0.23272162442149708,0
887,136,0.23274410668386397,9.625625815730744e-14,0.23274410668376772,0
2904,310,0.23367522109077582,9.16072726806541e-13,0.23367522108985975,0
1914,261,0.23374564404549722,3.181424960694976e-09,0.23374564086407226,0
172,32,0.2337877532583778,8.7205651283379e-11,0.23378775317117215,0
3589,481,0.23429896487670138,3.547991747934939e-13,0.23429896487634658,0
259,41,0.23499348481915425,9.181671014219212e-16,0.23499348481915333,0
3032,315,0.23617524125708048,1.0394857467833793e-15,0.23617524125707945,0
3673,487,0.23715054147567402,3.181426133698503e-08,0.23715050966141268,0
1770,255,0.23749484134457394,1.0227895978082928e-12,0.23749484134355114,0
640,100,0.23791722198075277,3.833844910152921e-15,0.23791722198074894,0
926,145,0.2379924970555136,2.9482985420290084e-08,0.23799246757252818,0
3362,454,0.2380944915537182,2.0026012764730836e-16,0.238094491553718,0
2573,293,0.23823228770339103,1.464699369163404e-11,0.23823228768874402,0
73,17,0.23901377843673685,1.8913444246141057e-12,0.2390137784348455,0
2617,296,0.2393062109733635,2.8904343590423897e-05,0.23927730662977306,0
3444,462,0.23937304561020417,2.5202599375138385e-13,0.23937304560995215,0
2377,284,0.23960973932069288,7.6691666216322715e-16,0.2396097393206921,0
1808,258,0.23969906759741236,1.2411362309674262e-11,0.239699067585001,0
132,29,0.24046842805706817,8.916717116056003e-09,0.24046841914035105,0
1087,172,0.24129459593220529,3.777197529946805e-12,0.24129459592842809,0
720,111,0.24130865174105315,7.007241095719839e-11,0.24130865167098073,0
1545,244,0.24186059849602587,4.4397108792717e-12,0.24186059849158617,0
2040,268,0.2433104582791809,0.0013887165593123633,0.24192174171986855,0
375,56,0.24220991392653599,1.6342449654299545e-13,0.24220991392637256,0
412,65,0.2422951924534608,3.8728857748258125e-08,0.24229515372460303,0
1899,260,0.24240852083780573,8.928527890253894e-11,0.24240852074852046,0
2769,305,0.24249756317339996,1.3667523558818377e-10,0.24249756303672473,0
913,141,0.24308087855646324,3.0831099682706644e-16,0.24308087855646293,0
2541,292,0.24318568182680844,6.516485207151854e-17,0.2431856818268084,0
3410,461,0.2438940917020176,1.3398945504098442e-08,0.24389407830307208,0
1637,248,0.24454369849501256,3.089990072232165e-08,0.24454366759511184,0
3083,317,0.24479440085071436,3.5382690039432536e-14,0.24479440085067897,0
2497,290,0.24492398004572216,1.2916389698978609e-15,0.24492398004572086,0
2244,275,0.24534563780234503,1.1708796086492855e-11,0.24534563779063623,0
2419,286,0.2454710973429542,7.698306528367907e-14,0.2454710973428772,0
26,7,0.24570198440190924,1.5969733685803203e-12,0.24570198440031227,0
1908,261,0.24588458495128598,3.181424960694976e-09,0.24588458176986103,0
1871,260,0.24632665755793096,8.928527890253894e-11,0.24632665746864568,0
2496,290,0.24668144503195583,1.2916389698978609e-15,0.24668144503195452,0
1435,231,0.24670593433284846,3.6778709475247805e-11,0.24670593429606974,0
567,90,0.24698912246777371,5.952456824074421e-10,0.24698912187252803,0
1661,249,0.24700630715714614,8.838807408460086e-09,0.24700629831833873,0
1711,253,0.24723671968462982,1.3625131584392639e-08,0.24723670605949824,0
1246,199,0.24726966143758147,1.9685583156080276e-15,0.2472696614375795,0
755,116,0.24734443580216378,1.6341249648396822e-13,0.24734443580200036,0
1182,190,0.2475475362575127,9.114816129163043e-11,0.24754753616636452,0
389,58,0.24758325295275166,1.7941641645433732e-14,0.24758325295273373,0
3033,315,0.24796025641566227,1.0394857467833793e-15,0.24796025641566125,0
1943,262,0.2485433473110302,2.6417176771104317e-09,0.24854334466931252,0
2121,272,0.2502554006820343,2.877372603324762e-09,0.25025539780466166,0
3248,445,0.2502736162059687,1.3581579873827526e-14,0.2502736162059551,0
1791,257,0.25101276693057445,1.816230578529975e-11,0.25101276691241214,0
3496,463,0.2511160745834698,1.6452625248773377e-16,0.25111607458346963,0
3126,319,0.25113593869544093,2.605055760764354e-15,0.2511359386954383,0
3101,318,0.25117232208729234,1.42055103091189e-14,0.25117232208727813,0
1963,263,0.2515396036670632,6.260107497812655e-08,0.2515395410659882,0
3055,315,0.25164252258351794,1.0394857467833793e-15,0.2516425225835169,0
3467,462,0.25170358914233404,2.5202599375138385e-13,0.251703589142082,0
785,120,0.2518582561709914,2.2952263694278702e-15,0.2518582561709891,0
275,42,0.25226721051927337,1.348962075912741e-16,0.25226721051927326,0
2307,280,0.2530568918884935,2.9036481875944973e-15,0.2530568918884906,0
3499,463,0.2532530456972993,1.6452625248773377e-16,0.2532530456972991,0
2472,288,0.253645300485945,4.200802205712873e-13,0.25364530048552497,0
916,144,0.25372094037000475,1.862608741872197e-07,0.2537207541091306,0
3677,487,0.25432251940623574,3.181426133698503e-08,0.2543224875919744,0
444,70,0.2554072637453508,1.7328865802541619e-09,0.2554072620124642,0
3161,443,0.2558056192350978,2.704976766350902e-16,0.25580561923509754,0
344,51,0.25613966252611153,1.694331164104189e-10,0.2561396623566784,0
1202,192,0.25633164230522704,7.691922364185402e-12,0.25633164229753513,0
2285,278,0.2564977894639662,1.0070422376633096e-12,0.25649778946295915,0
1335,214,0.25706145512912565,1.8363828478692235e-13,0.257061455128942,0
870,134,0.2573695727969537,1.036403907997377e-12,0.2573695727959173,0
572,90,0.25809601806871546,5.952456824074421e-10,0.2580960174734698,0
3507,463,0.2584970785325553,1.6452625248773377e-16,0.25849707853255516,0
3075,317,0.2586443051008861,3.5382690039432536e-14,0.25864430510085074,0
1030,160,0.2590282437627069,6.209522758255086e-16,0.2590282437627063,0
2160,273,0.2593256555742069,7.013674901655295e-11,0.25932565550407016,0
1478,234,0.2596634963516284,1.302283978414377e-13,0.25966349635149816,0
2995,313,0.25974955462426363,4.677044190025765e-15,0.25974955462425897,0
1064,169,0.2598025522596282,1.575865389406506e-10,0.2598025521020417,0
2653,298,0.2598479969882756,4.971835632455788e-13,0.25984799698777844,0
1148,184,0.26030794737156904,1.5506235071975223e-07,0.2603077923092183,0
3212,444,0.26048107110590774,1.5310492928978335e-12,0.2604810711043767,0
52,12,0.26145353221238865,4.231721692338142e-07,0.2614531090402194,0
2245,275,0.26153518617625976,1.1708796086492855e-11,0.26153518616455096,0
548,88,0.2617876397483906,1.1293606675968326e-08,0.2617876284547839,0
2640,298,0.2623807110232637,4.971835632455788e-13,0.26238071102276656,0
1769,255,0.26248567353929025,1.0227895978082928e-12,0.26248567353826746,0
1058,168,0.2626220029903116,6.174381332871962e-10,0.2626220023728734,0
993,155,0.26276121985220513,1.6902021437160652e-13,0.2627612198520361,0
1485,234,0.2630707296153533,1.302283978414377e-13,0.2630707296152231,0
326,49,0.26321922260807046,4.66722565280367e-09,0.2632192179408448,0
2603,295,0.26339894018707727,1.4909076931052162e-07,0.263398791096308,0
1907,260,0.2639716278437219,8.928527890253894e-11,0.2639716277544366,0
2461,287,0.2645591417744687,1.9594975282532115e-13,0.26455914177427275,0
175,32,0.2645645049617033,8.7205651283379e-11,0.2645645048744977,0
1460,233,0.2645783846773394,4.4233355877447115e-13,0.2645783846768971,0
2542,292,0.2645851711950479,6.516485207151854e-17,0.2645851711950478,0
3768,489,0.2645903201702106,9.72823860493449e-17,0.2645903201702105,0
571,90,0.2647974091836462,5.952456824074421e-10,0.2647974085884005,0
1746,254,0.26482161229217127,2.4443328314609746e-09,0.2648216098478384,0
723,112,0.26516737089831616,2.1011799990368728e-11,0.26516737087730435,0
1398,227,0.2656798974193285,9.581894737431733e-09,0.2656798878374338,0
3230,445,0.26639753963449175,1.3581579873827526e-14,0.26639753963447815,0
397,59,0.26756599361936356,8.94202124356444e-15,0.2675659936193546,0
3003,314,0.2676503346362281,1.299374215888945e-15,0.26765033463622684,0
3442,462,0.2681220369620494,2.5202599375138385e-13,0.26812203696179737,0
972,151,0.26814963331442365,2.1710770241267408e-11,0.2681496332927129,0
2889,309,0.2683345300788238,6.134628598245165e-16,0.2683345300788232,0
131,28,0.26867106273029495,2.3129022708360788e-08,0.26867103960127225,0
342,51,0.2688645362406308,1.694331164104189e-10,0.26886453607119765,0
2433,286,0.2691021907033966,7.698306528367907e-14,0.2691021907033196,0
2632,298,0.26927599351572473,4.971835632455788e-13,0.2692759935152276,0
2068,270,0.26931062784187176,4.150845294846001e-09,0.2693106236910265,0
2788,305,0.2694192497539405,1.3667523558818377e-10,0.26941924961726527,0
2240,275,0.27018691092720976,1.1708796086492855e-11,0.27018691091550096,0
2897,310,0.2702533326569984,9.16072726806541e-13,0.27025333265608237,0
618,97,0.27151619194414944,8.016543530614307e-14,0.2715161919440693,0
943,148,0.27173120765495373,7.740053745361093e-10,0.2717312068809484,0
3572,480,0.2717994835250897,4.580868399630539e-09,0.2717994789442213,0
266,41,0.2718269343372041,9.181671014219212e-16,0.2718269343372032,0
1840,259,0.2722720449342137,2.965740258759707e-11,0.2722720449045563,0
534,85,0.27227439886427374,3.652380527545027e-08,0.2722743623404685,0
2492,290,0.2723479800922437,1.2916389698978609e-15,0.2723479800922424,0
3320,453,0.27270450978922534,3.882372103043203e-11,0.2727045097504016,0
305,47,0.27271299450175995,5.8226654165816994e-08,0.2727129362751058,0
383,57,0.2728746746985628,4.4018830402979806e-14,0.2728746746985188,0
3598,481,0.2729507881457418,3.547991747934939e-13,0.27295078814538704,0
3643,482,0.27336577214238544,8.639135709266118e-17,0.27336577214238533,0
825,126,0.2733717599441251,3.4700673349947615e-09,0.27337175647405776,0
220,37,0.2734117362796829,3.790769474802072e-14,0.273411736279645,0
2924,311,0.2735017209534848,2.933100224493187e-13,0.2735017209531915,0
421,66,0.27405403166236436,1.8334685009666347e-07,0.27405384831551427,0
1474,234,0.2748611662520293,1.302283978414377e-13,0.27486116625189905,0
2750,305,0.27511212006878893,1.3667523558818377e-10,0.2751121199321137,0
112,27,0.27540387724130394,4.429928115474769e-08,0.2754038329420228,0
1057,168,0.275796368391327,6.174381332871962e-10,0.27579636777388883,0
2578,293,0.27632394481660355,1.464699369163404e-11,0.27632394480195654,0
133,29,0.2768068922450496,8.916717116056003e-09,0.2768068833283325,0
2482,289,0.2773429903807878,6.644853809449961e-13,0.27734299038012333,0
3047,315,0.27867928986140766,1.0394857467833793e-15,0.2786792898614066,0
2391,285,0.2789505454477983,9.620779424178325e-16,0.27895054544779735,0
1110,176,0.27909462462727824,2.9455511164247216e-14,0.27909462462724877,0
1459,233,0.27950452961830663,4.4233355877447115e-13,0.2795045296178643,0
592,92,0.2795556478108289,4.137046662409181e-11,0.27955564776945846,0
2171,273,0.27965430642390415,7.013674901655295e-11,0.2796543063537674,0
893,138,0.2798159676283849,1.158716354313336e-14,0.2798159676283733,0
952,149,0.27985674005098393,2.3880847473257923e-10,0.27985673981217546,0
204,36,0.2801467886072038,1.041389911101128e-13,0.2801467886070997,0
2424,286,0.28027404780132914,7.698306528367907e-14,0.28027404780125215,0
1912,261,0.2806760828362252,3.181424960694976e-09,0.28067607965480024,0
260,41,0.2807484025052567,9.181671014219212e-16,0.28074840250525573,0
1902,260,0.2807965757644476,8.928527890253894e-11,0.2807965756751623,0
1550,245,0.2808257255565731,2.7677037600943016e-09,0.28082572278886936,0
3374,454,0.28117378719408315,2.0026012764730836e-16,0.2811737871940829,0
1513,238,0.28153441674328084,5.84262007541075e-15,0.281534416743275,0
2211,274,0.28179445308997714,2.36950622164961e-11,0.2817944530662821,0
1099,174,0.2821897257474119,2.880784372192086e-13,0.2821897257471238,0
173,32,0.2827460164599917,8.7205651283379e-11,0.28274601637278607,0
443,70,0.2828506177207714,1.7328865802541619e-09,0.28285061598788486,0
1865,259,0.28305441333107645,2.965740258759707e-11,0.28305441330141906,0
126,28,0.2839697024577705,2.3129022708360788e-08,0.2839696793287478,0
3219,444,0.28413507847830544,1.5310492928978335e-12,0.2841350784767744,0
6,4,0.28450060481756356,2.3998594635993824e-20,0.28450060481756356,0
1199,191,0.2850103549976394,2.607978809576692e-11,0.2850103549715596,0
781,120,0.28505789612879473,2.2952263694278702e-15,0.28505789612879245,0
860,132,0.28540790846711045,1.1444380813452159e-11,0.28540790845566605,0
3160,443,0.2855018108631113,2.704976766350902e-16,0.28550181086311105,0
491,76,0.28564679431588424,4.5043990498316753e-13,0.2856467943154338,0
1316,211,0.28580922096135536,1.6368720349211045e-11,0.2858092209449866,0
499,78,0.2868757171439532,3.670148663461125e-14,0.2868757171439165,0
3413,461,0.28696839260932555,1.3398945504098442e-08,0.28696837921038004,0
2417,286,0.2873311773718964,7.698306528367907e-14,0.2873311773718194,0
3631,481,0.28756800242374503,3.547991747934939e-13,0.28756800242339026,0
168,32,0.2876670596552693,8.7205651283379e-11,0.28766705956806365,0
1812,258,0.28788964813072726,1.2411362309674262e-11,0.2878896481183159,0
3661,487,0.2881115419943704,3.181426133698503e-08,0.28811151018010905,0
651,101,0.28822737569220447,1.1793487217119534e-15,0.2882273756922033,0
2763,305,0.2882523402140393,1.3667523558818377e-10,0.28825234007736406,0
2443,287,0.28831565162277445,1.9594975282532115e-13,0.2883156516225785,0
163,31,0.28854403816958585,4.150746500499982e-10,0.2885440377545112,0
1995,266,0.28862137817282635,2.5409228184154824e-10,0.28862137791873405,0
2689,301,0.28963793282203365,4.1859505817988276e-12,0.2896379328178477,0
3327,453,0.2896782243066068,3.882372103043203e-11,0.28967822426778306,0
1671,250,0.29002395415648025,3.5070736307074416e-08,0.29002391908574393,0
3097,317,0.2900925470026674,3.5382690039432536e-14,0.29009254700263204,0
2601,294,0.29012290114121175,2.410478477917211e-10,0.2901229009001639,0
194,35,0.2903127207442936,4.385199630359555e-13,0.29031272074385506,0
67,16,0.2903241626230237,7.146593039887984e-13,0.29032416262230903,0
3146,443,0.2925115883963878,2.704976766350902e-16,0.2925115883963875,0
506,79,0.29271254723137063,1.4596568291693164e-14,0.29271254723135604,0
61,16,0.2928023176724735,7.146593039887984e-13,0.29280231767175885,0
2619,296,0.2933533576908521,2.8904343590423897e-05,0.29332445334726165,0
2292,278,0.2936764036480787,1.0070422376633096e-12,0.29367640364707165,0
1319,212,0.29385771148283163,4.105301045193624e-12,0.2938577114787263,0
783,120,0.2942922111380997,2.2952263694278702e-15,0.29429221113809745,0
191,35,0.29481895071613556,4.385199630359555e-13,0.294818950715697,0
2272,277,0.29579245242661506,5.9966827147583414e-12,0.29579245242061836,0
3237,445,0.29640262097512327,1.3581579873827526e-14,0.29640262097510967,0
3308,453,0.29653255355171,3.882372103043203e-11,0.29653255351288627,0
3173,444,0.2967599508617711,1.5310492928978335e-12,0.29675995086024004,0
434,69,0.29716037565541964,8.178966421955095e-09,0.2971603674764532,0
1642,248,0.29720113389046515,3.089990072232165e-08,0.2972011029905644,0
1777,255,0.29754310540099516,1.0227895978082928e-12,0.29754310539997236,0
762,117,0.297583547318126,5.220959107738431e-14,0.29758354731807374,0
3639,482,0.2979516564506045,8.639135709266118e-17,0.2979516564506044,0
2961,312,0.2980286591519972,1.872801304616799e-13,0.2980286591518099,0
932,146,0.2981944571525646,7.299894751627578e-09,0.29819444985266985,0
2654,298,0.2986823885716605,4.971835632455788e-13,0.29868238857116336,0
1104,174,0.29872253626000006,2.880784372192086e-13,0.29872253625971196,0
273,42,0.2991247670130972,1.348962075912741e-16,0.2991247670130971,0
2546,292,0.30049294443517316,6.516485207151854e-17,0.3004929444351731,0
1236,197,0.30073979636954185,1.6445336640676955e-14,0.3007397963695254,0
3152,443,0.30095254356016066,2.704976766350902e-16,0.3009525435601604,0
530,85,0.3009839574314831,3.652380527545027e-08,0.30098392090767784,0
721,111,0.30154865557141236,7.007241095719839e-11,0.30154865550133997,0
2651,298,0.30186462649934037,4.971835632455788e-13,0.3018646264988432,0
809,125,0.30205904549813983,5.48400516992189e-09,0.30205904001413464,0
119,28,0.3021286507472977,2.3129022708360788e-08,0.302128627618275,0
3114,318,0.30214115001665426,1.42055103091189e-14,0.30214115001664005,0
321,49,0.30225664869937174,4.66722565280367e-09,0.3022566440321461,0
431,69,0.30284432263499783,8.178966421955095e-09,0.3028443144560314,0
3292,453,0.3029355252622051,3.882372103043203e-11,0.30293552522338135,0
1047,167,0.3032639893217279,2.5670306995862746e-09,0.3032639867546972,0
1171,189,0.30378399457150707,3.75130153905414e-10,0.3037839941963769,0
849,130,0.30396849770978907,1.1874350938378968e-10,0.30396849759104555,0
2742,304,0.3041906414986883,6.16858534776888e-08,0.3041905798128348,0
3215,444,0.30487218885818806,1.5310492928978335e-12,0.304872188856657,0
866,133,0.30536236001162687,3.4723206544584702e-12,0.30536236000815453,0
1088,173,0.3054518479345844,1.0521312191492142e-12,0.30545184793353225,0
3580,481,0.3055930069513145,3.547991747934939e-13,0.30559300695095976,0
2319,280,0.3062503517844476,2.9036481875944973e-15,0.3062503517844447,0
635,99,0.30660456807620223,1.0357870294631994e-14,0.30660456807619185,0
3510,463,0.30717410216143937,1.6452625248773377e-16,0.3071741021614392,0
1738,254,0.30721101838391607,2.4443328314609746e-09,0.3072110159395832,0
603,94,0.3074538493525261,3.487298026391017e-12,0.3074538493490388,0
1836,258,0.3076667867103515,1.2411362309674262e-11,0.3076667866979402,0
2872,309,0.30849192900439765,6.134628598245165e-16,0.30849192900439704,0
3630,481,0.3088705815412927,3.547991747934939e-13,0.30887058154093794,0
1496,235,0.3092220060032475,5.049271745407276e-14,0.309222006003197,0
1257,201,0.3094236150735792,8.643601581022206e-17,0.3094236150735791,0
2321,281,0.3102854791127535,1.868176861520509e-14,0.3102854791127348,0
2075,270,0.3112805303769507,4.150845294846001e-09,0.3112805262261054,0
2652,298,0.3113833439948665,4.971835632455788e-13,0.31138334399436934,0
1629,247,0.3123065984786506,1.7393141563297048e-07,0.31230642454723495,0
462,73,0.3128667989779893,2.3677512469076245e-11,0.3128667989543118,0
2412,286,0.31296747275360703,7.698306528367907e-14,0.31296747275353004,0
3511,463,0.3130449787790269,1.6452625248773377e-16,0.3130449787790267,0
830,127,0.3137402902778252,2.070010134306299e-09,0.3137402882078151,0
1281,207,0.3147332526194861,5.021811489460364e-09,0.3147332475976746,0
512,80,0.31535988840506196,6.018972482339566e-15,0.31535988840505597,0
1632,247,0.3155098460154571,1.7393141563297048e-07,0.31550967208404146,0
1041,165,0.31593685198474597,7.014901306035602e-08,0.3159367818357329,0
1037,164,0.31603929317249196,8.999725665888591e-07,0.3160383931999254,0
282,42,0.31653972534665026,1.348962075912741e-16,0.31653972534665015,0
3072,317,0.3166216122750517,3.5382690039432536e-14,0.31662161227501634,0
3281,452,0.316771720277931,1.3779527652336246e-07,0.31677158248265447,0
3029,314,0.3167783477097974,1.299374215888945e-15,0.3167783477097961,0
2556,293,0.31685800818539755,1.464699369163404e-11,0.31685800817075055,0
1799,257,0.3169812320195085,1.816230578529975e-11,0.3169812320013462,0
2341,282,0.31698546477378203,4.202422480660149e-14,0.31698546477374,0
457,72,0.3170872880464284,8.471221293493244e-11,0.31708728796171615,0
97,26,0.31722374030748873,5.802001029720007e-08,0.31722368228747844,0
2791,305,0.31727040908477844,1.3667523558818377e-10,0.3172704089481032,0
2146,273,0.31745023445890647,7.013674901655295e-11,0.31745023438876974,0
1519,239,0.31840754595761417,7.355063916718475e-16,0.31840754595761345,0
3665,487,0.31842870035484655,3.181426133698503e-08,0.3184286685405852,0
2723,302,0.38570631156999513,0.06679719991758762,0.31890911165240754,0
2429,286,0.3198858652886301,7.698306528367907e-14,0.3198858652885531,0
1848,259,0.3200249643131459,2.965740258759707e-11,0.32002496428348853,0
2901,310,0.32102124505271445,9.16072726806541e-13,0.3210212450517984,0
3774,489,0.32108700000039847,9.72823860493449e-17,0.32108700000039836,0
1442,232,0.32112574900907714,1.0268320555327123e-11,0.3211257489988088,0
3220,444,0.3211851059659251,1.5310492928978335e-12,0.32118510596439404,0
2182,273,0.32122545842984074,7.013674901655295e-11,0.321225458359704,0
3561,480,0.3219485402787575,4.580868399630539e-09,0.3219485356978891,0
1307,210,0.32200159761115943,5.304275994573737e-11,0.3220015975581167,0
2208,274,0.32212900180351495,2.36950622164961e-11,0.3221290017798199,0
2570,293,0.3228381586682968,1.464699369163404e-11,0.3228381586536498,0
198,36,0.3230291018759888,1.041389911101128e-13,0.3230291018758847,0
2810,306,0.3232535559523325,8.5648482980827e-13,0.32325355595147603,0
1188,191,0.32425596750579516,2.607978809576692e-11,0.32425596747971536,0
1828,258,0.3257088563012965,1.2411362309674262e-11,0.32570885628888513,0
1227,196,0.32640544688840206,4.1102266002298437e-14,0.326405446888361,0
1814,258,0.32654150899302575,1.2411362309674262e-11,0.3265415089806144,0
2019,267,0.3265977779530538,5.509889191193901e-10,0.32659777740206486,0
620,97,0.3272155340029538,8.016543530614307e-14,0.3272155340028736,0
1415,229,0.32786219909403486,5.107546362977811e-10,0.3278621985832802,0
1643,248,0.3284408653600241,3.089990072232165e-08,0.32844083446012334,0
2165,273,0.32946419209812816,7.013674901655295e-11,0.32946419202799143,0
486,76,0.32947035294133764,4.5043990498316753e-13,0.3294703529408872,0
3596,481,0.32981522460655205,3.547991747934939e-13,0.3298152246061973,0
1494,235,0.3299187129715858,5.049271745407276e-14,0.3299187129715353,0
2638,298,0.3299223054788146,4.971835632455788e-13,0.32992230547831747,0
1781,256,0.3303480036787688,5.856305914246352e-12,0.3303480036729125,0
2879,309,0.3305924036336422,6.134628598245165e-16,0.33059240363364156,0
2568,293,0.33083756873683423,1.464699369163404e-11,0.3308375687221872,0
1762,255,0.3314293931178147,1.0227895978082928e-12,0.3314293931167919,0
722,111,0.3318925670128459,7.007241095719839e-11,0.3318925669427735,0
3415,462,0.33269669559843845,2.5202599375138385e-13,0.33269669559818643,0
748,115,0.33353030881888496,5.476909832588855e-13,0.3335303088183373,0
2626,298,0.3336179816232641,4.971835632455788e-13,0.33361798162276696,0
1870,260,0.3336325646584676,8.928527890253894e-11,0.3336325645691823,0
3071,317,0.33396550129390196,3.5382690039432536e-14,0.3339655012938666,0
1111,176,0.33456453214546134,2.9455511164247216e-14,0.33456453214543186,0
920,144,0.3347345156659365,1.862608741872197e-07,0.3347343294050623,0
270,42,0.3352200086596655,1.348962075912741e-16,0.3352200086596654,0
2862,309,0.3359180797991231,6.134628598245165e-16,0.33591807979912247,0
2822,306,0.3364608931076647,8.5648482980827e-13,0.3364608931068082,0
1723,253,0.3366988515847006,1.3625131584392639e-08,0.336698837959569,0
3739,488,0.3393317721761561,4.0249848708966285e-11,0.33933177213590626,0
3434,462,0.33936326858464294,2.5202599375138385e-13,0.3393632685843909,0
815,125,0.3398507247011447,5.48400516992189e-09,0.3398507192171395,0
2847,308,0.34078608606375993,8.096690797303459e-17,0.3407860860637599,0
2364,284,0.3413996327381521,7.6691666216322715e-16,0.3413996327381513,0
875,135,0.3419429859313521,3.0970372533502083e-13,0.3419429859310424,0
2591,294,0.34263721305990746,2.410478477917211e-10,0.3426372128188596,0
3380,454,0.3426727301017448,2.0026012764730836e-16,0.3426727301017446,0
2263,276,0.34308146740689127,1.8062144614455593e-11,0.3430814673888291,0
1549,245,0.343322791728206,2.7677037600943016e-09,0.3433227889605023,0
758,116,0.344017124084446,1.6341249648396822e-13,0.3440171240842826,0
2409,285,0.3446478208155753,9.620779424178325e-16,0.3446478208155744,0
2797,305,0.3454629898889406,1.3667523558818377e-10,0.34546298975226536,0
1859,259,0.34601043310780283,2.965740258759707e-11,0.34601043307814544,0
2369,284,0.34622993936849117,7.6691666216322715e-16,0.3462299393684904,0
387,57,0.3472274477117956,4.4018830402979806e-14,0.34722744771175157,0
2247,275,0.3473234035100972,1.1708796086492855e-11,0.3473234034983884,0
3155,443,0.3475951399851702,2.704976766350902e-16,0.34759513998516994,0
1390,225,0.3479866139893015,5.705963334327138e-08,0.3479865569296681,0
3300,453,0.3482258802570177,3.882372103043203e-11,0.34822588021819395,0
2835,307,0.34847435446624847,3.56134292839627e-17,0.3484743544662484,0
3657,487,0.348603309026029,3.181426133698503e-08,0.34860327721176765,0
2055,269,0.34973660544540713,0.001120824880879847,0.3486157805645273,0
471,74,0.3492924710071508,6.843708627231646e-12,0.3492924710003071,0
906,139,0.34948315451603773,4.142512798878164e-15,0.34948315451603357,0
594,92,0.349653247743621,4.137046662409181e-11,0.34965324770225054,0
1391,225,0.3496667541579221,5.705963334327138e-08,0.34966669709828874,0
1756,254,0.3497601941322955,2.4443328314609746e-09,0.34976019168796263,0
3338,454,0.35029451325247446,2.0026012764730836e-16,0.35029451325247424,0
1367,223,0.3514836322758143,1.6445057542207357e-08,0.35148361583075677,0
244,39,0.3521763270640272,1.1460387136006326e-14,0.35217632706401575,0
3675,487,0.3523491499690825,3.181426133698503e-08,0.3523491181548212,0
2194,274,0.3526353755506328,2.36950622164961e-11,0.35263537552693774,0
2515,290,0.3530108665996343,1.2916389698978609e-15,0.35301086659963304,0
180,34,0.3537432597024894,8.7141398902149e-12,0.35374325969377524,0
1837,258,0.35385339576707087,1.2411362309674262e-11,0.3538533957546595,0
216,36,0.3540170458277872,1.041389911101128e-13,0.35401704582768306,0
1433,231,0.3549105545865915,3.6778709475247805e-11,0.3549105545498128,0
1002,156,0.35512155511071014,5.418006449929963e-14,0.35512155511065596,0
505,79,0.3552310545002992,1.4596568291693164e-14,0.3552310545002846,0
1450,233,0.3553812526552721,4.4233355877447115e-13,0.3553812526548298,0
470,74,0.3557060500383935,6.843708627231646e-12,0.3557060500315498,0
3390,454,0.35593580927829727,2.0026012764730836e-16,0.35593580927829704,0
3170,444,0.35682390621867544,1.5310492928978335e-12,0.3568239062171444,0
3600,481,0.3570548570351332,3.547991747934939e-13,0.3570548570347784,0
1085,172,0.3576127544841432,3.777197529946805e-12,0.357612754480366,0
1882,260,0.35796717065117944,8.928527890253894e-11,0.35796717056189414,0
854,131,0.35854420690006694,3.72364886637992e-11,0.35854420686283045,0
492,76,0.35906037861326734,4.5043990498316753e-13,0.3590603786128169,0
2170,273,0.35923310778720213,7.013674901655295e-11,0.3592331077170654,0
648,100,0.35925622619718495,3.833844910152921e-15,0.3592562261971811,0
1070,170,0.3604224033372333,4.378930879764276e-11,0.360422403293444,0
951,149,0.36071020108548035,2.3880847473257923e-10,0.3607102008466719,0
3594,481,0.3608117397291061,3.547991747934939e-13,0.3608117397287513,0
3034,315,0.3609112065061631,1.0394857467833793e-15,0.36091120650616204,0
757,116,0.3618756845770893,1.6341249648396822e-13,0.36187568457692587,0
2020,267,0.3619508392347563,5.509889191193901e-10,0.3619508386837674,0
78,18,0.36239983519660596,2.911795196197686e-17,0.3623998351966059,0
281,42,0.36390582333292165,1.348962075912741e-16,0.36390582333292154,0
3037,315,0.3641659292378867,1.0394857467833793e-15,0.36416592923788565,0
231,37,0.3641863664284344,3.790769474802072e-14,0.36418636642839647,0
2533,291,0.3645046544861257,1.970093906999935e-16,0.36450465448612546,0
3195,444,0.36504296497230226,1.5310492928978335e-12,0.3650429649707712,0
2438,286,0.36542656526474965,7.698306528367907e-14,0.36542656526467265,0
3731,488,0.3659149076872715,4.0249848708966285e-11,0.3659149076470216,0
1726,254,0.36720421274374837,2.4443328314609746e-09,0.3672042102994155,0
2487,289,0.36741142347142386,6.644853809449961e-13,0.3674114234707594,0
296,46,0.36783779573388653,9.858527340597493e-08,0.36783769714861314,0
1358,218,0.3686290094694278,3.2106868907955054e-15,0.36862900946942456,0
3551,480,0.3689492078590938,4.580868399630539e-09,0.3689492032782254,0
437,69,0.3699852946048807,8.178966421955095e-09,0.3699852864259143,0
998,156,0.37001187174508154,5.418006449929963e-14,0.37001187174502737,0
579,91,0.37037414442504085,1.5100046050712686e-10,0.3703741442740404,0
1591,246,0.3708838510676683,1.836867727595735e-08,0.370883832698991,0
1198,191,0.37179621821534775,2.607978809576692e-11,0.37179621818926795,0
2054,269,0.37297570908792915,0.001120824880879847,0.3718548842070493,0
966,151,0.3718978856365266,2.1710770241267408e-11,0.37189788561481585,0
3013,314,0.37202369997782847,1.299374215888945e-15,0.3720236999778272,0
2775,305,0.37208411282107157,1.3667523558818377e-10,0.37208411268439634,0
1969,263,0.3722786721363081,6.260107497812655e-08,0.3722786095352331,0
3579,481,0.37312147870242834,3.547991747934939e-13,0.3731214787020736,0
732,113,0.3733628334569834,6.314796594275426e-12,0.3733628334506686,0
2738,304,0.37346310345939354,6.16858534776888e-08,0.37346304177354006,0
3692,487,0.37640004114264086,3.181426133698503e-08,0.3764000093283795,0
3310,453,0.3773514450411488,3.882372103043203e-11,0.3773514450023251,0
3676,487,0.3780288739028511,3.181426133698503e-08,0.3780288420885898,0
2447,287,0.37810481050714795,1.9594975282532115e-13,0.378104810506952,0
1080,171,0.37887633303545837,1.293925483747242e-11,0.3788763330225191,0
1336,214,0.3794135728046105,1.8363828478692235e-13,0.3794135728044269,0
343,51,0.3797459009414453,1.694331164104189e-10,0.37974590077201215,0
1556,245,0.38086702220628504,2.7677037600943016e-09,0.3808670194385813,0
1261,203,0.3810342340252308,3.661229449975501e-08,0.3810341974129363,0
3701,487,0.38125502893371976,3.181426133698503e-08,0.3812549971194584,0
2984,312,0.38159511623575487,1.872801304616799e-13,0.3815951162355676,0
1861,259,0.38260665636140573,2.965740258759707e-11,0.38260665633174834,0
2128,272,0.3828187851389228,2.877372603324762e-09,0.3828187822615502,0
2242,275,0.383190582728303,1.1708796086492855e-11,0.3831905827165942,0
1044,166,0.3835431285282127,1.1672750173597096e-08,0.38354311685546255,0
186,35,0.3835622136174407,4.385199630359555e-13,0.38356221361700216,0
1038,164,0.3836360587550662,8.999725665888591e-07,0.3836351587824996,0
3313,453,0.38416840615994874,3.882372103043203e-11,0.384168406121125,0
285,42,0.38417707126043393,1.348962075912741e-16,0.3841770712604338,0
1633,247,0.3842787570674134,1.7393141563297048e-07,0.3842785831359977,0
3625,481,0.3845344748075398,3.547991747934939e-13,0.384534474807185,0
703,110,0.38500657078738565,2.340308544355628e-10,0.3850065705533548,0
2156,273,0.38535806148880486,7.013674901655295e-11,0.38535806141866813,0
741,114,0.38589712171203927,1.8746107867770666e-12,0.38589712171016466,0
2704,301,0.3864432756529334,4.1859505817988276e-12,0.3864432756487475,0
3285,452,0.38687441285740326,1.3779527652336246e-07,0.38687427506212674,0
1646,248,0.3876828925125231,3.089990072232165e-08,0.38768286161262233,0
2378,284,0.3881615719362009,7.6691666216322715e-16,0.3881615719362001,0
1449,233,0.388354170289495,4.4233355877447115e-13,0.38835417028905267,0
1822,258,0.3885551864023722,1.2411362309674262e-11,0.38855518638996084,0
2725,303,0.3886136942328882,1.879811937275855e-05,0.38859489611351544,0
1980,264,0.3900699049019421,0.0009331009686960391,0.38913680393324607,0
1620,247,0.3891848223478578,1.7393141563297048e-07,0.3891846484164421,0
2078,270,0.38950300008103284,4.150845294846001e-09,0.38950299593018756,0
586,92,0.3901361344849088,4.137046662409181e-11,0.39013613444353834,0
41,11,0.39066644355221736,4.4596109952819997e-07,0.3906659975911178,0
1372,224,0.3912873447402103,3.7540155641016095e-08,0.39128730720005467,0
466,74,0.39130961144997084,6.843708627231646e-12,0.39130961144312715,0
3522,463,0.39151221248936346,1.6452625248773377e-16,0.3915122124893633,0
3636,482,0.3921815842689133,8.639135709266118e-17,0.3921815842689132,0
482,75,0.3922269655608363,1.7852426385958062e-12,0.39222696555905107,0
3532,463,0.39281861714864275,1.6452625248773377e-16,0.3928186171486426,0
309,47,0.3929463101050022,5.8226654165816994e-08,0.39294625187834803,0
1413,229,0.39312308457344236,5.107546362977811e-10,0.3931230840626877,0
1258,203,0.3942405447840674,3.661229449975501e-08,0.3942405081717729,0
743,114,0.3944406663602228,1.8746107867770666e-12,0.3944406663583482,0
1917,261,0.39457993403434105,3.181424960694976e-09,0.3945799308529161,0
3142,320,0.39469845702228495,8.74737734152972e-15,0.3946984570222762,0
2494,290,0.39489467791088034,1.2916389698978609e-15,0.39489467791087907,0
2881,309,0.3956755346678466,6.134628598245165e-16,0.395675534667846,0
3542,463,0.39582696615411045,1.6452625248773377e-16,0.3958269661541103,0
1818,258,0.395848152373667,1.2411362309674262e-11,0.39584815236125565,0
1373,224,0.3960097101112383,3.7540155641016095e-08,0.39600967257108266,0
2692,301,0.39686399901692976,4.1859505817988276e-12,0.39686399901274383,0
3125,319,0.39757813695940347,2.605055760764354e-15,0.39757813695940086,0
1698,252,0.39761830614266763,8.145817296976646e-08,0.39761822468449465,0
3229,445,0.39913695921659875,1.3581579873827526e-14,0.39913695921658515,0
3498,463,0.3993561585558789,1.6452625248773377e-16,0.39935615855587875,0
3002,314,0.39941718990063924,1.299374215888945e-15,0.39941718990063796,0
3430,462,0.39950951778666144,2.5202599375138385e-13,0.3995095177864094,0
1421,229,0.3997878667286546,5.107546362977811e-10,0.3997878662178999,0
2007,266,0.4004366622628253,2.5409228184154824e-10,0.400436662008733,0
1375,224,0.4025133436326118,3.7540155641016095e-08,0.40251330609245617,0
659,105,0.4026202322779926,1.967969969477813e-07,0.4026200354809957,0
1617,247,0.4034940169844768,1.7393141563297048e-07,0.40349384305306113,0
1120,177,0.40432840139357723,1.1207766762308908e-14,0.404328401393566,0
3547,463,0.4047459390764246,1.6452625248773377e-16,0.4047459390764244,0
1530,239,0.40490597222088304,7.355063916718475e-16,0.4049059722208823,0
1626,247,0.4050850238270314,1.7393141563297048e-07,0.4050848498956157,0
1683,251,0.40527525812433185,9.839073204587584e-08,0.4052751597335998,0
3443,462,0.4053147596840819,2.5202599375138385e-13,0.4053147596838299,0
3266,452,0.40574583730521246,1.3779527652336246e-07,0.40574569950993594,0
1659,249,0.40576742024589874,8.838807408460086e-09,0.4057674114070913,0
2710,301,0.40610121164712015,4.1859505817988276e-12,0.4061012116429342,0
674,107,0.4064122110598098,7.212928598155452e-09,0.4064122038468812,0
1852,259,0.4068199216581351,2.965740258759707e-11,0.4068199216284777,0
3156,443,0.4069361918212232,2.704976766350902e-16,0.4069361918212229,0
3087,317,0.40703510838930296,3.5382690039432536e-14,0.4070351083892676,0
286,43,0.40721927368349264,1.958166328718981e-17,0.40721927368349264,0
1428,230,0.407332981980873,1.02246753484821e-10,0.4073329818786262,0
1218,195,0.4078464962438966,1.2762968346438004e-13,0.40784649624376895,0
1527,239,0.40797556318131584,7.355063916718475e-16,0.4079755631813151,0
2314,280,0.4094208873322316,2.9036481875944973e-15,0.4094208873322287,0
3475,462,0.40960015480061834,2.5202599375138385e-13,0.4096001548003663,0
2100,270,0.41042056966228246,4.150845294846001e-09,0.4104205655114372,0
3778,489,0.411934373842543,9.72823860493449e-17,0.4119343738425429,0
1165,187,0.41202677148464123,8.63793027696552e-09,0.41202676284671097,0
3602,481,0.41205874269043696,3.547991747934939e-13,0.4120587426900822,0
174,32,0.4121415307100216,8.7205651283379e-11,0.41214153062281594,0
2202,274,0.41249164970390284,2.36950622164961e-11,0.4124916496802078,0
2804,306,0.4126354866559468,8.5648482980827e-13,0.4126354866550903,0
12,5,0.41271053544085173,5.078688754403545e-16,0.41271053544085123,0
2531,291,0.41289177881296973,1.970093906999935e-16,0.4128917788129695,0
256,41,0.41296582476660865,9.181671014219212e-16,0.4129658247666077,0
2271,277,0.41323370393757297,5.9966827147583414e-12,0.41323370393157627,0
2277,277,0.4141708001876391,5.9966827147583414e-12,0.4141708001816424,0
2708,301,0.4142471190855747,4.1859505817988276e-12,0.4142471190813888,0
2071,270,0.415082804407168,4.150845294846001e-09,0.4150828002563227,0
1461,233,0.4152446410348472,4.4233355877447115e-13,0.4152446410344049,0
1131,179,0.41578363507504096,1.1494098111688794e-15,0.4157836350750398,0
1924,261,0.4162535459990383,3.181424960694976e-09,0.41625354281761334,0
1149,185,0.4171573524176515,1.9082083938241458e-07,0.4171571615968121,0
2224,275,0.41767125177218967,1.1708796086492855e-11,0.41767125176048087,0
263,41,0.4178859536586242,9.181671014219212e-16,0.41788595365862324,0
1318,211,0.41826038971255786,1.6368720349211045e-11,0.4182603896961891,0
3382,454,0.4188653787476114,2.0026012764730836e-16,0.4188653787476112,0
3647,482,0.42011748303748775,8.639135709266118e-17,0.42011748303748764,0
1294,208,0.42049525893623996,9.64570775252484e-10,0.4204952579716692,0
2414,286,0.4207459334483808,7.698306528367907e-14,0.4207459334483038,0
950,149,0.4214069346734743,2.3880847473257923e-10,0.4214069344346658,0
2450,287,0.4219538220565138,1.9594975282532115e-13,0.4219538220563179,0
1717,253,0.421971325573694,1.3625131584392639e-08,0.4219713119485624,0
3748,488,0.42257250491418724,4.0249848708966285e-11,0.4225725048739374,0
2662,299,0.42273724225549386,4.8338983649767683e-23,0.42273724225549386,0
427,68,0.42278871882694935,3.9194530171180723e-08,0.4227886796324192,0
438,69,0.4231205375620488,8.178966421955095e-09,0.42312052938308237,0
625,98,0.423366778832566,2.7221877226530916e-14,0.4233667788325388,0
3720,487,0.4245794010954334,3.181426133698503e-08,0.42457936928117207,0
3658,487,0.42461163071785685,3.181426133698503e-08,0.4246115989035955,0
3708,487,0.42495512275210473,3.181426133698503e-08,0.4249550909378434,0
629,99,0.4253013692857167,1.0357870294631994e-14,0.42530136928570633,0
2008,266,0.42577030774917596,2.5409228184154824e-10,0.42577030749508366,0
2770,305,0.4261182725083064,1.3667523558818377e-10,0.4261182723716312,0
3703,487,0.4264297604167484,3.181426133698503e-08,0.42642972860248707,0
3352,454,0.42676675379406753,2.0026012764730836e-16,0.4267667537940673,0
981,153,0.427067765004967,1.949510303953235e-12,0.4270677650030175,0
881,136,0.42803029602449844,9.625625815730744e-14,0.4280302960244022,0
71,17,0.4293864741591147,1.8913444246141057e-12,0.42938647415722336,0
3321,453,0.4294208561269362,3.882372103043203e-11,0.4294208560881125,0
3138,320,0.4295765142377123,8.74737734152972e-15,0.42957651423770354,0
3717,487,0.42973766595822305,3.181426133698503e-08,0.4297376341439617,0
1590,246,0.430211962312488,1.836867727595735e-08,0.4302119439438107,0
1524,239,0.43041460431274714,7.355063916718475e-16,0.4304146043127464,0
3264,452,0.43081721304890697,1.3779527652336246e-07,0.43081707525363044,0
700,110,0.43191822024126447,2.340308544355628e-10,0.4319182200072336,0
2585,294,0.43204574116716726,2.410478477917211e-10,0.4320457409261194,0
1193,191,0.4327418736293958,2.607978809576692e-11,0.432741873603316,0
47,12,0.4339697943193031,4.231721692338142e-07,0.43396937114713385,0
1175,189,0.43405241284222296,3.75130153905414e-10,0.4340524124670928,0
442,70,0.43452272580056495,1.7328865802541619e-09,0.4345227240676784,0
3769,489,0.4350009313185198,9.72823860493449e-17,0.4350009313185197,0
2398,285,0.43566022058898984,9.620779424178325e-16,0.4356602205889889,0
362,54,0.43617248269129855,3.5375720778008944e-12,0.436172482687761,0
3081,317,0.4364149492762205,3.5382690039432536e-14,0.4364149492761851,0
3332,454,0.436448237174767,2.0026012764730836e-16,0.4364482371747668,0
384,57,0.4366668951403666,4.4018830402979806e-14,0.4366668951403226,0
1563,245,0.43716221860598253,2.7677037600943016e-09,0.4371622158382788,0
3210,444,0.4371824430566733,1.5310492928978335e-12,0.43718244305514226,0
2679,301,0.4375242661975638,4.1859505817988276e-12,0.43752426619337786,0
2677,300,0.43794868134382836,8.439681132842416e-20,0.43794868134382836,0
1432,231,0.438678577769501,3.6778709475247805e-11,0.4386785777327223,0
1854,259,0.43885756817884997,2.965740258759707e-11,0.4388575681491926,0
3345,454,0.43891626235197845,2.0026012764730836e-16,0.4389162623519782,0
3406,461,0.4392633727326309,1.3398945504098442e-08,0.4392633593336854,0
3144,443,0.439598156188173,2.704976766350902e-16,0.4395981561881727,0
1036,163,0.44037626817192327,3.1303930092188556e-08,0.44037623686799315,0
3205,444,0.4408314636255089,1.5310492928978335e-12,0.44083146362397785,0
1252,200,0.44173671996604824,4.857048237490678e-16,0.44173671996604774,0
628,98,0.4418789247488269,2.7221877226530916e-14,0.4418789247487997,0
2495,290,0.44271423922666103,1.2916389698978609e-15,0.44271423922665976,0
1128,178,0.4431445325881676,3.9539349612106205e-15,0.44314453258816366,0
255,41,0.44335184549492623,9.181671014219212e-16,0.4433518454949253,0
988,154,0.44336056876925833,5.676673802612604e-13,0.4433605687686907,0
488,76,0.44372656120563986,4.5043990498316753e-13,0.44372656120518944,0
2470,288,0.4453993036788454,4.200802205712873e-13,0.44539930367842534,0
3168,444,0.4457664203810768,1.5310492928978335e-12,0.4457664203795457,0
2289,278,0.44587231283976886,1.0070422376633096e-12,0.44587231283876183,0
3401,461,0.44598952597019775,1.3398945504098442e-08,0.44598951257125224,0
957,150,0.4466753709154759,7.185525865441819e-11,0.44667537084362063,0
894,138,0.4468165584376752,1.158716354313336e-14,0.4468165584376636,0
1833,258,0.44689043137499507,1.2411362309674262e-11,0.4468904313625837,0
213,36,0.4469083462559058,1.041389911101128e-13,0.44690834625580167,0
3265,452,0.4493880593468527,1.3779527652336246e-07,0.4493879215515762,0
3759,489,0.4494200326831459,9.72823860493449e-17,0.4494200326831458,0
869,134,0.44972716404590357,1.036403907997377e-12,0.4497271640448672,0
332,50,0.45009937233108466,8.861709795864332e-10,0.4500993714449137,0
684,108,0.4501306613711449,2.342572414414518e-09,0.45013065902857247,0
1823,258,0.45082904645322597,1.2411362309674262e-11,0.4508290464408146,0
773,119,0.45083629431523276,6.818951542781575e-15,0.4508362943152259,0
2219,274,0.45085901145715107,2.36950622164961e-11,0.450859011433456,0
3662,487,0.45139680312627883,3.181426133698503e-08,0.4513967713120175,0
3349,454,0.4517112668984162,2.0026012764730836e-16,0.45171126689841595,0
796,122,0.4518048105721515,1.3370396484814946e-16,0.4518048105721514,0
1072,170,0.4523997534805749,4.378930879764276e-11,0.45239975343678557,0
2034,267,0.4527588205550926,5.509889191193901e-10,0.45275882000410367,0
3089,317,0.4537809327696013,3.5382690039432536e-14,0.45378093276956594,0
1083,172,0.45453408415104674,3.777197529946805e-12,0.45453408414726953,0
3650,482,0.4551278141211702,8.639135709266118e-17,0.4551278141211701,0
2507,290,0.4556354302689856,1.2916389698978609e-15,0.45563543026898434,0
1495,235,0.45670686009124756,5.049271745407276e-14,0.45670686009119704,0
2312,280,0.45693614035364283,2.9036481875944973e-15,0.45693614035363994,0
95,26,0.45712582246331473,5.802001029720007e-08,0.45712576444330444,0
1573,245,0.45741675329152975,2.7677037600943016e-09,0.457416750523826,0
3404,461,0.45751171008204955,1.3398945504098442e-08,0.45751169668310404,0
1853,259,0.4576998176494042,2.965740258759707e-11,0.4576998176197468,0
303,47,0.4579238934644525,5.8226654165816994e-08,0.45792383523779834,0
2941,311,0.45855243711126464,2.933100224493187e-13,0.4585524371109713,0
2758,305,0.4585600157144205,1.3667523558818377e-10,0.4585600155777453,0
1616,247,0.46000620614001597,1.7393141563297048e-07,0.4600060322086003,0
349,52,0.460330969751922,4.727848735880697e-11,0.4603309697046435,0
890,137,0.4617608064667748,3.211071904377209e-14,0.4617608064667427,0
2082,270,0.46197164718072714,4.150845294846001e-09,0.46197164302988186,0
2086,270,0.4620097631594517,4.150845294846001e-09,0.4620097590086064,0
3724,487,0.4622401099919354,3.181426133698503e-08,0.46224007817767404,0
1163,187,0.46371477674460576,8.63793027696552e-09,0.4637147681066755,0
2148,273,0.4642212309279634,7.013674901655295e-11,0.4642212308578267,0
983,153,0.46443189159347503,1.949510303953235e-12,0.46443189159152554,0
987,154,0.46496101440398296,5.676673802612604e-13,0.4649610144034153,0
2359,284,0.46509805855680453,7.6691666216322715e-16,0.46509805855680375,0
2615,296,0.4651592159072858,2.8904343590423897e-05,0.4651303115636954,0
558,89,0.46528179595951435,2.474143598188241e-09,0.46528179348537074,0
3466,462,0.46657268560802445,2.5202599375138385e-13,0.46657268560777243,0
1727,254,0.467562598347018,2.4443328314609746e-09,0.4675625959026852,0
2106,271,0.46796726506981745,2.4939775543579154e-08,0.46796724013004193,0
1028,160,0.4679780675053107,6.209522758255086e-16,0.46797806750531007,0
2659,299,0.468715470730505,4.8338983649767683e-23,0.468715470730505,0
1719,253,0.46895145850401665,1.3625131584392639e-08,0.46895144487888507,0
3335,454,0.4690667414349818,2.0026012764730836e-16,0.46906674143498156,0
3543,463,0.4693063694779537,1.6452625248773377e-16,0.4693063694779535,0
2267,277,0.46937274153190073,5.9966827147583414e-12,0.469372741525904,0
3635,482,0.4693764315008793,8.639135709266118e-17,0.4693764315008792,0
2201,274,0.4699331626523749,2.36950622164961e-11,0.46993316262867985,0
1952,263,0.4700077922332939,6.260107497812655e-08,0.47000772963221893,0
1834,258,0.47054804506427206,1.2411362309674262e-11,0.4705480450518607,0
2360,284,0.47184377700607416,7.6691666216322715e-16,0.4718437770060734,0
3307,453,0.4735736155954538,3.882372103043203e-11,0.4735736155566301,0
2475,289,0.47359972321428484,6.644853809449961e-13,0.47359972321362037,0
2096,270,0.47363987057213186,4.150845294846001e-09,0.4736398664212866,0
1628,247,0.4746539885528824,1.7393141563297048e-07,0.4746538146214667,0
831,127,0.474761360068736,2.070010134306299e-09,0.4747613579987259,0
3559,480,0.4752033562138166,4.580868399630539e-09,0.4752033516329482,0
1360,219,0.47536493861505225,8.196610553416537e-16,0.4753649386150514,0
94,26,0.47578989920064246,5.802001029720007e-08,0.47578984118063217,0
1509,237,0.47636813715617415,1.3245252121199163e-14,0.4763681371561609,0
30,7,0.4765907607657323,1.5969733685803203e-12,0.4765907607641353,0
1124,178,0.4774528975582771,3.9539349612106205e-15,0.47745289755827314,0
1540,243,0.4785727679278519,3.938308428503602e-12,0.4785727679239136,0
3186,444,0.47890150733861786,1.5310492928978335e-12,0.4789015073370868,0
1503,236,0.4793517894751808,2.0735389008665305e-14,0.47935178947516005,0
3078,317,0.4795665760065826,3.5382690039432536e-14,0.47956657600654723,0
2239,275,0.4796965383051095,1.1708796086492855e-11,0.4796965382934007,0
56,13,0.48012576197637535,4.9056673648404325e-12,0.48012576197146967,0
954,149,0.4805632773505723,2.3880847473257923e-10,0.48056327711176383,0
769,118,0.4807263912137503,1.8258255404815804e-14,0.48072639121373206,0
2001,266,0.48075587712145584,2.5409228184154824e-10,0.48075587686736354,0
3544,463,0.48088893468988797,1.6452625248773377e-16,0.4808889346898878,0
2458,287,0.4812892832128861,1.9594975282532115e-13,0.48128928321269016,0
1194,191,0.48154128823727377,2.607978809576692e-11,0.48154128821119396,0
2112,271,0.4815646202093204,2.4939775543579154e-08,0.48156459526954487,0
3291,452,0.4817083711505246,1.3779527652336246e-07,0.4817082333552481,0
2,3,0.482337932025899,4.470180999039129e-20,0.482337932025899,0
111,27,0.4824295463986517,4.429928115474769e-08,0.4824295020993706,0
658,105,0.4825828546943077,1.967969969477813e-07,0.48258265789731075,0
2252,275,0.4831497123905546,1.1708796086492855e-11,0.4831497123788458,0
1740,254,0.48334723538398244,2.4443328314609746e-09,0.4833472329396496,0
1687,251,0.4839753015770428,9.839073204587584e-08,0.48397520318631077,0
90,26,0.48400960351700656,5.802001029720007e-08,0.48400954549699626,0
685,108,0.4841600975452783,2.342572414414518e-09,0.48416009520270586,0
2575,293,0.48419521234809293,1.464699369163404e-11,0.4841952123334459,0
1311,211,0.48451069838555305,1.6368720349211045e-11,0.4845106983691843,0
192,35,0.48514441246520507,4.385199630359555e-13,0.48514441246476653,0
1999,266,0.48523413174504626,2.5409228184154824e-10,0.48523413149095396,0
2225,275,0.488004522629428,1.1708796086492855e-11,0.4880045226177192,0
2375,284,0.488171309038367,7.6691666216322715e-16,0.4881713090383662,0
99,26,0.4886312842383967,5.802001029720007e-08,0.4886312262183864,0
1173,189,0.4895280851718637,3.75130153905414e-10,0.48952808479673354,0
1340,215,0.48989196086267217,5.1441052141733376e-14,0.4898919608626207,0
962,150,0.49088423944164794,7.185525865441819e-11,0.4908842393697927,0
3733,488,0.49110828357429975,4.0249848708966285e-11,0.4911082835340499,0
3062,316,0.49134129476122723,1.1720271846143623e-14,0.4913412947612155,0
363,54,0.49183949532312343,3.5375720778008944e-12,0.4918394953195859,0
472,74,0.4925313167195351,6.843708627231646e-12,0.4925313167126914,0
2991,313,0.4925713450877811,4.677044190025765e-15,0.49257134508777645,0
1918,261,0.4926089117187335,3.181424960694976e-09,0.49260890853730854,0
574,91,0.49322688799147346,1.5100046050712686e-10,0.493226887840473,0
941,148,0.49346660011984966,7.740053745361093e-10,0.4934665993458443,0
1208,193,0.49420952333679025,2.0029368305160468e-12,0.4942095233347873,0
2870,309,0.494513664899019,6.134628598245165e-16,0.4945136648990184,0
2329,281,0.49509041780646884,1.868176861520509e-14,0.49509041780645013,0
1065,169,0.49562876350739876,1.575865389406506e-10,0.4956287633498122,0
2943,312,0.4960655953186099,1.872801304616799e-13,0.4960655953184226,0
2625,298,0.4973712331575382,4.971835632455788e-13,0.497371233157041,0
737,113,0.49740752651087367,6.314796594275426e-12,0.4974075265045589,0
1138,183,0.49802969550518456,2.885536588690656e-08,0.4980296666498187,0
20,6,0.4988328299264314,5.814455016677414e-12,0.49883282992061695,0
2027,267,0.4997659353997799,5.509889191193901e-10,0.499765934848791,0
3261,452,0.49999973629411715,1.3779527652336246e-07,0.4999995984988406,0
212,36,0.5003092346505496,1.041389911101128e-13,0.5003092346504454,0
160,31,0.5004796930688952,4.150746500499982e-10,0.5004796926538205,0
2355,283,0.5011577064300058,1.2106960423571271e-14,0.5011577064299937,0
2094,270,0.5012076362974841,4.150845294846001e-09,0.5012076321466388,0
1547,244,0.5021220516850362,4.4397108792717e-12,0.5021220516805965,0
1279,206,0.5027552117458147,1.9046350523825086e-08,0.5027551926994642,0
595,93,0.5028366814045083,1.203447307585233e-11,0.5028366813924738,0
298,46,0.5029045491451487,9.858527340597493e-08,0.5029044505598753,0
1329,213,0.5029616452303219,7.933096432007839e-13,0.5029616452295287,0
2176,273,0.5029746161481734,7.013674901655295e-11,0.5029746160780366,0
2257,276,0.503613206807089,1.8062144614455593e-11,0.5036132067890269,0
864,133,0.5043443702855352,3.4723206544584702e-12,0.5043443702820629,0
2337,282,0.504408933769529,4.202422480660149e-14,0.5044089337694869,0
2477,289,0.5045084930873935,6.644853809449961e-13,0.5045084930867291,0
398,59,0.5055306484070422,8.94202124356444e-15,0.5055306484070332,0
3610,481,0.5055502601588217,3.547991747934939e-13,0.5055502601584668,0
1048,167,0.5056336600192778,2.5670306995862746e-09,0.5056336574522471,0
3198,444,0.5059924162438462,1.5310492928978335e-12,0.5059924162423152,0
1359,218,0.5062899187932481,3.2106868907955054e-15,0.5062899187932449,0
2858,309,0.5062936702366746,6.134628598245165e-16,0.5062936702366739,0
663,105,0.5063373879244188,1.967969969477813e-07,0.5063371911274219,0
3577,481,0.5064828524130506,3.547991747934939e-13,0.5064828524126957,0
279,42,0.5065883593448053,1.348962075912741e-16,0.5065883593448052,0
560,89,0.5066236805202535,2.474143598188241e-09,0.50662367804611,0
2451,287,0.5066656192024823,1.9594975282532115e-13,0.5066656192022864,0
2204,274,0.5071134389599511,2.36950622164961e-11,0.507113438936256,0
1053,167,0.5075379553375053,2.5670306995862746e-09,0.5075379527704746,0
1893,260,0.5081959769494026,8.928527890253894e-11,0.5081959768601173,0
3073,317,0.5087355161027349,3.5382690039432536e-14,0.5087355161026995,0
2892,309,0.509378724896294,6.134628598245165e-16,0.5093787248962933,0
1468,234,0.510197911380345,1.302283978414377e-13,0.5101979113802148,0
3725,487,0.5105074256922264,3.181426133698503e-08,0.5105073938779651,0
3727,487,0.5109832330256526,3.181426133698503e-08,0.5109832012113913,0
2093,270,0.5110453264835755,4.150845294846001e-09,0.5110453223327301,0
1572,245,0.511455410058668,2.7677037600943016e-09,0.5114554072909643,0
958,150,0.5115836753468332,7.185525865441819e-11,0.511583675274978,0
1835,258,0.5120645400752799,1.2411362309674262e-11,0.5120645400628685,0
3788,489,0.5127166914099048,9.72823860493449e-17,0.5127166914099047,0
92,26,0.5133182735301602,5.802001029720007e-08,0.5133182155101499,0
903,139,0.5135371620096357,4.142512798878164e-15,0.5135371620096316,0
2942,311,0.5139821306678132,2.933100224493187e-13,0.5139821306675199,0
3623,481,0.5142910109077513,3.547991747934939e-13,0.5142910109073965,0
2678,301,0.5143789985613867,4.1859505817988276e-12,0.5143789985572007,0
2235,275,0.51454165395032,1.1708796086492855e-11,0.5145416539386113,0
714,111,0.5151430142311885,7.007241095719839e-11,0.5151430141611161,0
573,90,0.5161385472820618,5.952456824074421e-10,0.5161385466868161,0
1539,243,0.5165843174738308,3.938308428503602e-12,0.5165843174698925,0
898,138,0.5179948431230652,1.158716354313336e-14,0.5179948431230537,0
21,6,0.5182322494826711,5.814455016677414e-12,0.5182322494768566,0
2175,273,0.5183590035068916,7.013674901655295e-11,0.5183590034367548,0
3064,316,0.5186734067342931,1.1720271846143623e-14,0.5186734067342813,0
2883,309,0.5192091414908524,6.134628598245165e-16,0.5192091414908517,0
3113,318,0.5200439871023439,1.42055103091189e-14,0.5200439871023297,0
1388,225,0.5203351591252668,5.705963334327138e-08,0.5203351020656335,0
2947,312,0.5205181908949632,1.872801304616799e-13,0.5205181908947759,0
597,93,0.5209165718254701,1.203447307585233e-11,0.5209165718134356,0
555,89,0.5213131723092735,2.474143598188241e-09,0.52131316983513,0
2102,270,0.522100746769462,4.150845294846001e-09,0.5221007426186167,0
2848,309,0.5238528354857996,6.134628598245165e-16,0.523852835485799,0
1411,229,0.5255387894563043,5.107546362977811e-10,0.5255387889455496,0
2903,310,0.5255457543255546,9.16072726806541e-13,0.5255457543246386,0
554,88,0.5263444010013547,1.1293606675968326e-08,0.526344389707748,0
2844,308,0.5264885228772889,8.096690797303459e-17,0.5264885228772888,0
1196,191,0.5292546831548731,2.607978809576692e-11,0.5292546831287933,0
1122,177,0.5292812249817387,1.1207766762308908e-14,0.5292812249817275,0
907,139,0.5298318266136647,4.142512798878164e-15,0.5298318266136606,0
538,86,0.5303677164573615,9.641334131566013e-07,0.5303667523239484,0
1023,159,0.5305712750237372,2.3066592648838474e-15,0.5305712750237349,0
2431,286,0.5309296536054021,7.698306528367907e-14,0.5309296536053252,0
3409,461,0.5310406644946997,1.3398945504098442e-08,0.5310406510957542,0
1512,238,0.5311537111124631,5.84262007541075e-15,0.5311537111124572,0
559,89,0.5314987440643963,2.474143598188241e-09,0.5314987415902528,0
1776,255,0.5336959875869217,1.0227895978082928e-12,0.533695987585899,0
247,40,0.5344737508654543,6.140482860699521e-15,0.5344737508654482,0
190,35,0.5345528822996304,4.385199630359555e-13,0.5345528822991918,0
3044,315,0.5346316178754903,1.0394857467833793e-15,0.5346316178754893,0
3139,320,0.5355125656583137,8.74737734152972e-15,0.535512565658305,0
42,11,0.5358876121840235,4.4596109952819997e-07,0.535887166222924,0
1200,192,0.5359629435382605,7.691922364185402e-12,0.5359629435305685,0
1075,170,0.5361731295799235,4.378930879764276e-11,0.5361731295361342,0
249,41,0.5362343292467353,9.181671014219212e-16,0.5362343292467344,0
1251,200,0.5367534696379554,4.857048237490678e-16,0.536753469637955,0
449,71,0.5384852856429021,3.539862612105824e-10,0.5384852852889158,0
1926,261,0.538650102597106,3.181424960694976e-09,0.538650099415681,0
3325,453,0.5389306475984597,3.882372103043203e-11,0.5389306475596359,0
1635,248,0.5389795683767925,3.089990072232165e-08,0.5389795374768918,0
1178,189,0.5393808990816855,3.75130153905414e-10,0.5393808987065554,0
1491,235,0.5396339859589313,5.049271745407276e-14,0.5396339859588808,0
607,94,0.5397504491483851,3.487298026391017e-12,0.5397504491448978,0
1737,254,0.5404795691800189,2.4443328314609746e-09,0.5404795667356861,0
2490,290,0.5406011908047484,1.2916389698978609e-15,0.5406011908047471,0
1884,260,0.5417580820951984,8.928527890253894e-11,0.5417580820059131,0
2690,301,0.5419070903032744,4.1859505817988276e-12,0.5419070902990885,0
3377,454,0.542386209942494,2.0026012764730836e-16,0.5423862099424938,0
2303,280,0.5442416160055437,2.9036481875944973e-15,0.5442416160055408,0
2937,311,0.5444079602362866,2.933100224493187e-13,0.5444079602359932,0
2611,295,0.5451674180599437,1.4909076931052162e-07,0.5451672689691744,0
3779,489,0.5453844841450302,9.72823860493449e-17,0.54538448414503,0
2421,286,0.545952547508901,7.698306528367907e-14,0.545952547508824,0
2188,273,0.547678255485927,7.013674901655295e-11,0.5476782554157902,0
2322,281,0.5481581358918844,1.868176861520509e-14,0.5481581358918658,0
2033,267,0.5481618496088813,5.509889191193901e-10,0.5481618490578923,0
2036,268,0.549628370995798,0.0013887165593123633,0.5482396544364856,0
1490,234,0.5484757820466015,1.302283978414377e-13,0.5484757820464713,0
885,136,0.5489171468246946,9.625625815730744e-14,0.5489171468245984,0
2957,312,0.5491150114557474,1.872801304616799e-13,0.5491150114555601,0
2676,300,0.5499514378202965,8.439681132842416e-20,0.5499514378202965,0
109,27,0.5500860993445494,4.429928115474769e-08,0.5500860550452683,0
2133,272,0.5509904899043537,2.877372603324762e-09,0.5509904870269812,0
949,149,0.5512213301323557,2.3880847473257923e-10,0.5512213298935472,0
3670,487,0.5520557401419148,3.181426133698503e-08,0.5520557083276535,0
539,86,0.5534985715231162,9.641334131566013e-07,0.5534976073897031,0
693,109,0.5545318092801248,7.590935538572134e-10,0.5545318085210312,0
2894,309,0.5565398359176175,6.134628598245165e-16,0.5565398359176168,0
3776,489,0.5565557674961371,9.72823860493449e-17,0.556555767496137,0
2911,310,0.5579602165951886,9.16072726806541e-13,0.5579602165942725,0
3331,454,0.5582542683766064,2.0026012764730836e-16,0.5582542683766062,0
2532,291,0.5584484080210931,1.970093906999935e-16,0.5584484080210929,0
1700,252,0.5594127140682922,8.145817296976646e-08,0.5594126326101192,0
3687,487,0.5596973169152544,3.181426133698503e-08,0.559697285100993,0
2501,290,0.5603649121219406,1.2916389698978609e-15,0.5603649121219393,0
963,150,0.5606938928081149,7.185525865441819e-11,0.5606938927362596,0
3684,487,0.5613349258106161,3.181426133698503e-08,0.5613348939963547,0
835,128,0.5614735386330508,9.541538370442343e-10,0.561473537678897,0
2079,270,0.5615034956774407,4.150845294846001e-09,0.5615034915265954,0
3357,454,0.5623444748575454,2.0026012764730836e-16,0.5623444748575451,0
2090,270,0.5633900776962757,4.150845294846001e-09,0.5633900735454304,0
207,36,0.5635000330764472,1.041389911101128e-13,0.5635000330763431,0
527,85,0.5638806489170687,3.652380527545027e-08,0.5638806123932634,0
3655,482,0.564000712615399,8.639135709266118e-17,0.5640007126153989,0
2557,293,0.5640091283876119,1.464699369163404e-11,0.5640091283729649,0
2227,275,0.5648435895590491,1.1708796086492855e-11,0.5648435895473404,0
1874,260,0.5654459063783935,8.928527890253894e-11,0.5654459062891083,0
2246,275,0.5660026141208385,1.1708796086492855e-11,0.5660026141091298,0
2680,301,0.5680503179961454,4.1859505817988276e-12,0.5680503179919594,0
1347,216,0.5685390364595038,2.1010365452513193e-14,0.5685390364594828,0
1086,172,0.5685450419239338,3.777197529946805e-12,0.5685450419201566,0
2971,312,0.5695360747652247,1.872801304616799e-13,0.5695360747650374,0
1426,230,0.569549331119421,1.02246753484821e-10,0.5695493310171742,0
756,116,0.570220340053737,1.6341249648396822e-13,0.5702203400535736,0
1239,198,0.5702707183349865,6.419436270567702e-15,0.5702707183349801,0
1804,258,0.5704362667088773,1.2411362309674262e-11,0.5704362666964659,0
3065,316,0.5705587325830447,1.1720271846143623e-14,0.5705587325830329,0
2057,269,0.5720042575687192,0.001120824880879847,0.5708834326878394,0
3674,487,0.5720615577052015,3.181426133698503e-08,0.5720615258909402,0
3379,454,0.5721995846597087,2.0026012764730836e-16,0.5721995846597084,0
602,94,0.5725510478215096,3.487298026391017e-12,0.5725510478180222,0
692,109,0.5728924971541984,7.590935538572134e-10,0.5728924963951049,0
3350,454,0.5730916587690801,2.0026012764730836e-16,0.5730916587690799,0
2832,307,0.5731154484956471,3.56134292839627e-17,0.5731154484956471,0
79,18,0.5731401191938906,2.911795196197686e-17,0.5731401191938906,0
3741,488,0.5733399791915111,4.0249848708966285e-11,0.5733399791512613,0
2595,294,0.5739656523121834,2.410478477917211e-10,0.5739656520711356,0
2946,312,0.5741818182111245,1.872801304616799e-13,0.5741818182109372,0
1734,254,0.5752093577652426,2.4443328314609746e-09,0.5752093553209098,0
2423,286,0.5754396518631655,7.698306528367907e-14,0.5754396518630885,0
2453,287,0.5757012078808235,1.9594975282532115e-13,0.5757012078806275,0
2745,304,0.5760382510200213,6.16858534776888e-08,0.5760381893341678,0
2306,280,0.5760882938265124,2.9036481875944973e-15,0.5760882938265095,0
985,153,0.5764879843716767,1.949510303953235e-12,0.5764879843697271,0
687,108,0.5771820611359064,2.342572414414518e-09,0.577182058793334,0
2088,270,0.5775655927256719,4.150845294846001e-09,0.5775655885748265,0
3030,314,0.5777131535736949,1.299374215888945e-15,0.5777131535736936,0
1954,263,0.5787800971593327,6.260107497812655e-08,0.5787800345582577,0
2032,267,0.5790380038683045,5.509889191193901e-10,0.5790380033173156,0
1838,258,0.5792471497132125,1.2411362309674262e-11,0.579247149700801,0
1561,245,0.579267838082612,2.7677037600943016e-09,0.5792678353149082,0
1703,252,0.5797000159474238,8.145817296976646e-08,0.5796999344892508,0
1331,213,0.5798697448296157,7.933096432007839e-13,0.5798697448288225,0
518,82,0.5821069700697523,5.365278540150834e-16,0.5821069700697518,0
313,48,0.5826048389800039,1.764569275717097e-08,0.5826048213343111,0
2173,273,0.5832561291680934,7.013674901655295e-11,0.5832561290979567,0
933,146,0.5840800627053099,7.299894751627578e-09,0.5840800554054151,0
153,31,0.5853652549693859,4.150746500499982e-10,0.5853652545543112,0
3050,315,0.5857562057279863,1.0394857467833793e-15,0.5857562057279853,0
2673,300,0.5860140047030464,8.439681132842416e-20,0.5860140047030464,0
876,135,0.5861522319401472,3.0970372533502083e-13,0.5861522319398375,0
3255,452,0.5861905217479959,1.3779527652336246e-07,0.5861903839527194,0
2223,275,0.5862257617126455,1.1708796086492855e-11,0.5862257617009368,0
3048,315,0.5864353505598575,1.0394857467833793e-15,0.5864353505598565,0
3216,444,0.5867033138695122,1.5310492928978335e-12,0.5867033138679812,0
2273,277,0.5870705457018823,5.9966827147583414e-12,0.5870705456958857,0
2114,271,0.587428531809307,2.4939775543579154e-08,0.5874285068695314,0
591,92,0.5878930954111146,4.137046662409181e-11,0.5878930953697441,0
3028,314,0.5882720992081342,1.299374215888945e-15,0.5882720992081328,0
3262,452,0.5890708416859182,1.3779527652336246e-07,0.5890707038906416,0
1875,260,0.5902986846897962,8.928527890253894e-11,0.5902986846005109,0
1003,157,0.5907573232131391,1.901553467758606e-14,0.5907573232131201,0
250,41,0.5907697232773913,9.181671014219212e-16,0.5907697232773904,0
2430,286,0.5908024172834814,7.698306528367907e-14,0.5908024172834044,0
3096,317,0.591136102589753,3.5382690039432536e-14,0.5911361025897176,0
3399,461,0.5919894960632641,1.3398945504098442e-08,0.5919894826643186,0
87,25,0.5922791425491681,3.0174777683192664e-08,0.5922791123743905,0
1069,170,0.592443408548905,4.378930879764276e-11,0.5924434085051157,0
2422,286,0.5925896510233921,7.698306528367907e-14,0.5925896510233152,0
1130,179,0.592650533673545,1.1494098111688794e-15,0.5926505336735439,0
420,66,0.5932581945603683,1.8334685009666347e-07,0.5932580112135182,0
3165,444,0.5935547468374692,1.5310492928978335e-12,0.5935547468359382,0
1352,217,0.5936511607541245,9.853863232414447e-15,0.5936511607541146,0
1161,187,0.5947325627377478,8.63793027696552e-09,0.5947325540998175,0
804,125,0.5949371520422506,5.48400516992189e-09,0.5949371465582455,0
3301,453,0.5956768644050767,3.882372103043203e-11,0.595676864366253,0
1621,247,0.5962635668049395,1.7393141563297048e-07,0.5962633928735239,0
2779,305,0.5964685340113323,1.3667523558818377e-10,0.596468533874657,0
267,42,0.5971113238609272,1.348962075912741e-16,0.5971113238609271,0
3486,463,0.5975549885196962,1.6452625248773377e-16,0.5975549885196961,0
372,56,0.5978789808391364,1.6342449654299545e-13,0.597878980838973,0
2668,300,0.599821145976915,8.439681132842416e-20,0.599821145976915,0
1843,259,0.6000739668344208,2.965740258759707e-11,0.6000739668047634,0
11,5,0.6009662358059119,5.078688754403545e-16,0.6009662358059114,0
3697,487,0.6014965229620186,3.181426133698503e-08,0.6014964911477573,0
346,52,0.6026715222154265,4.727848735880697e-11,0.602671522168148,0
3477,463,0.6041436432365191,1.6452625248773377e-16,0.604143643236519,0
3395,461,0.6043401858032944,1.3398945504098442e-08,0.6043401724043489,0
2720,302,0.6719295782975417,0.06679719991758762,0.6051323783799542,0
2918,310,0.6068032704757557,9.16072726806541e-13,0.6068032704748396,0
2806,306,0.6068722669320473,8.5648482980827e-13,0.6068722669311908,0
1151,185,0.6069476353192099,1.9082083938241458e-07,0.6069474444983706,0
3296,453,0.6071679111750385,3.882372103043203e-11,0.6071679111362148,0
1516,238,0.6074702520870099,5.84262007541075e-15,0.607470252087004,0
3781,489,0.6079170547266844,9.72823860493449e-17,0.6079170547266843,0
1183,190,0.6088138856592606,9.114816129163043e-11,0.6088138855681124,0
2332,281,0.6088859526917898,1.868176861520509e-14,0.6088859526917711,0
2031,267,0.6090210399188071,5.509889191193901e-10,0.6090210393678182,0
2231,275,0.609774228147144,1.1708796086492855e-11,0.6097742281354352,0
3366,454,0.6100527633973416,2.0026012764730836e-16,0.6100527633973414,0
3489,463,0.6103532795872394,1.6452625248773377e-16,0.6103532795872393,0
3178,444,0.611061316905158,1.5310492928978335e-12,0.611061316903627,0
1192,191,0.6114481414848136,2.607978809576692e-11,0.6114481414587338,0
2756,305,0.6118300637910394,1.3667523558818377e-10,0.6118300636543642,0
3795,489,0.6132801942633678,9.72823860493449e-17,0.6132801942633677,0
2635,298,0.6134287565845243,4.971835632455788e-13,0.6134287565840272,0
1945,263,0.6146885899912127,6.260107497812655e-08,0.6146885273901377,0
947,149,0.6148194928634756,2.3880847473257923e-10,0.6148194926246671,0
986,154,0.6155932242164875,5.676673802612604e-13,0.6155932242159199,0
1049,167,0.6156093155706704,2.5670306995862746e-09,0.6156093130036397,0
2930,311,0.6159712885502246,2.933100224493187e-13,0.6159712885499313,0
1955,263,0.6162240272595573,6.260107497812655e-08,0.6162239646584823,0
3286,452,0.6163294005183747,1.3779527652336246e-07,0.6163292627230982,0
3227,445,0.6163806881409949,1.3581579873827526e-14,0.6163806881409813,0
1212,194,0.6171774928356707,4.924248093280047e-13,0.6171774928351783,0
1492,235,0.6181634482570231,5.049271745407276e-14,0.6181634482569726,0
823,126,0.6181664427110997,3.4700673349947615e-09,0.6181664392410323,0
3799,497,0.618340166579106,6.724972253284777e-13,0.6183401665784335,0
3523,463,0.6188961653067846,1.6452625248773377e-16,0.6188961653067845,0
822,126,0.61917476003724,3.4700673349947615e-09,0.6191747565671727,0
2323,281,0.6196367458567945,1.868176861520509e-14,0.6196367458567759,0
705,110,0.6197559367710126,2.340308544355628e-10,0.6197559365369817,0
596,93,0.619798825249711,1.203447307585233e-11,0.6197988252376765,0
1767,255,0.6198396091833122,1.0227895978082928e-12,0.6198396091822894,0
3480,463,0.6200728606516435,1.6452625248773377e-16,0.6200728606516434,0
86,25,0.6204394896656742,3.0174777683192664e-08,0.6204394594908965,0
274,42,0.6205745381301212,1.348962075912741e-16,0.6205745381301211,0
3175,444,0.6207013622644514,1.5310492928978335e-12,0.6207013622629204,0
695,109,0.6211867538270319,7.590935538572134e-10,0.6211867530679384,0
3736,488,0.6219969916370887,4.0249848708966285e-11,0.6219969915968389,0
2072,270,0.6220409718657566,4.150845294846001e-09,0.6220409677149112,0
2909,310,0.6228166546362673,9.16072726806541e-13,0.6228166546353513,0
2287,278,0.6235134213789568,1.0070422376633096e-12,0.6235134213779497,0
3122,319,0.624438697050517,2.605055760764354e-15,0.6244386970505145,0
2938,311,0.6246465010944525,2.933100224493187e-13,0.6246465010941592,0
2823,306,0.6247875578842722,8.5648482980827e-13,0.6247875578834157,0
3099,318,0.6252115185059478,1.42055103091189e-14,0.6252115185059336,0
1761,255,0.6254113666245301,1.0227895978082928e-12,0.6254113666235074,0
2920,310,0.6270393089768009,9.16072726806541e-13,0.6270393089758849,0
2107,271,0.6271321882748264,2.4939775543579154e-08,0.6271321633350508,0
1903,260,0.6271523473013971,8.928527890253894e-11,0.6271523472121119,0
2740,304,0.6273371973789611,6.16858534776888e-08,0.6273371356931077,0
2248,275,0.6274828339552795,1.1708796086492855e-11,0.6274828339435707,0
1296,208,0.6275481647612371,9.64570775252484e-10,0.6275481637966663,0
970,151,0.6277055971533817,2.1710770241267408e-11,0.627705597131671,0
3351,454,0.6285899152148097,2.0026012764730836e-16,0.6285899152148094,0
1877,260,0.6286803655563309,8.928527890253894e-11,0.6286803654670456,0
1883,260,0.6287378472636067,8.928527890253894e-11,0.6287378471743215,0
1715,253,0.6290809142140775,1.3625131584392639e-08,0.629080900588946,0
1601,246,0.6293800129313225,1.836867727595735e-08,0.6293799945626453,0
3131,319,0.6295421009720696,2.605055760764354e-15,0.6295421009720671,0
699,109,0.6298049855720441,7.590935538572134e-10,0.6298049848129506,0
871,134,0.6301653089672589,1.036403907997377e-12,0.6301653089662225,0
3414,461,0.6303399584763957,1.3398945504098442e-08,0.6303399450774502,0
3279,452,0.6308031514480534,1.3779527652336246e-07,0.6308030136527769,0
1412,229,0.631894478452266,5.107546362977811e-10,0.6318944779415113,0
1857,259,0.6322900640170115,2.965740258759707e-11,0.6322900639873541,0
3192,444,0.6325855415687994,1.5310492928978335e-12,0.6325855415672684,0
3537,463,0.6325994754281795,1.6452625248773377e-16,0.6325994754281794,0
144,29,0.6328862047291364,8.916717116056003e-09,0.6328861958124192,0
338,51,0.6331524475577249,1.694331164104189e-10,0.6331524473882918,0
2945,312,0.63354025904827,1.872801304616799e-13,0.6335402590480828,0
2634,298,0.6338381463272376,4.971835632455788e-13,0.6338381463267404,0
3535,463,0.6341630245613703,1.6452625248773377e-16,0.6341630245613702,0
2309,280,0.634991351806434,2.9036481875944973e-15,0.6349913518064311,0
1976,264,0.6368086964395325,0.0009331009686960391,0.6358755954708365,0
2842,308,0.6361063026059138,8.096690797303459e-17,0.6361063026059137,0
1603,247,0.637071299616358,1.7393141563297048e-07,0.6370711256849424,0
791,121,0.6380517891325128,6.352408928606363e-16,0.6380517891325121,0
3462,462,0.6380807681339686,2.5202599375138385e-13,0.6380807681337166,0
1275,205,0.6386357604409834,6.336653797613078e-08,0.6386356970744453,0
2808,306,0.6394274838266993,8.5648482980827e-13,0.6394274838258428,0
1032,161,0.6401773794922077,1.2734238722167824e-16,0.6401773794922075,0
895,138,0.6419948771181206,1.158716354313336e-14,0.6419948771181091,0
2517,290,0.6426618317732703,1.2916389698978609e-15,0.642661831773269,0
1578,245,0.6428351277532923,2.7677037600943016e-09,0.6428351249855886,0
1712,253,0.643087735491633,1.3625131584392639e-08,0.6430877218665014,0
1640,248,0.6434148501873065,3.089990072232165e-08,0.6434148192874057,0
515,80,0.6434821331014348,6.018972482339566e-15,0.6434821331014288,0
3617,481,0.6441346348145647,3.547991747934939e-13,0.6441346348142098,0
908,140,0.6444271017141752,1.2624414917102984e-15,0.6444271017141739,0
2500,290,0.6448366882034,1.2916389698978609e-15,0.6448366882033987,0
1755,254,0.6458184565847415,2.4443328314609746e-09,0.6458184541404086,0
1916,261,0.6459424961748864,3.181424960694976e-09,0.6459424929934614,0
195,35,0.6459761850901676,4.385199630359555e-13,0.6459761850897291,0
3295,453,0.6459943980796301,3.882372103043203e-11,0.6459943980408064,0
1562,245,0.646400621362859,2.7677037600943016e-09,0.6464006185951553,0
2508,290,0.6464663607653517,1.2916389698978609e-15,0.6464663607653504,0
3035,315,0.6467616383276964,1.0394857467833793e-15,0.6467616383276954,0
2910,310,0.6468967305723281,9.16072726806541e-13,0.6468967305714121,0
3188,444,0.6470025602492862,1.5310492928978335e-12,0.6470025602477552,0
3440,462,0.6470503393587719,2.5202599375138385e-13,0.6470503393585199,0
1650,248,0.6473469127286786,3.089990072232165e-08,0.6473468818287779,0
2647,298,0.6473952425580238,4.971835632455788e-13,0.6473952425575267,0
2397,285,0.6476203596460622,9.620779424178325e-16,0.6476203596460612,0
1096,174,0.6477073114399647,2.880784372192086e-13,0.6477073114396766,0
1942,262,0.6479034143499991,2.6417176771104317e-09,0.6479034117082815,0
3719,487,0.6485433371842474,3.181426133698503e-08,0.6485433053699861,0
391,58,0.6491461776439902,1.7941641645433732e-14,0.6491461776439722,0
627,98,0.6495355990937741,2.7221877226530916e-14,0.6495355990937469,0
1610,247,0.6496648056284468,1.7393141563297048e-07,0.6496646316970311,0
3737,488,0.6499634686908295,4.0249848708966285e-11,0.6499634686505797,0
2523,290,0.6503612624234639,1.2916389698978609e-15,0.6503612624234626,0
3066,316,0.6504903841955698,1.1720271846143623e-14,0.650490384195558,0
1602,246,0.6506593813039053,1.836867727595735e-08,0.6506593629352281,0
2365,284,0.6512803835003101,7.6691666216322715e-16,0.6512803835003094,0
1669,250,0.6530489745158867,3.5070736307074416e-08,0.6530489394451504,0
3802,497,0.6541866141782302,6.724972253284777e-13,0.6541866141775577,0
74,17,0.6544630470854056,1.8913444246141057e-12,0.6544630470835142,0
2416,286,0.6550773225683753,7.698306528367907e-14,0.6550773225682983,0
924,144,0.6552121101420302,1.862608741872197e-07,0.655211923881156,0
1653,249,0.657233060989573,8.838807408460086e-09,0.6572330521507656,0
1716,253,0.6572434858916242,1.3625131584392639e-08,0.6572434722664926,0
2396,285,0.6577773110131414,9.620779424178325e-16,0.6577773110131404,0
3587,481,0.6583302787372337,3.547991747934939e-13,0.6583302787368789,0
122,28,0.6598793195498424,2.3129022708360788e-08,0.6598792964208197,0
1343,215,0.6609318238850698,5.1441052141733376e-14,0.6609318238850184,0
1580,245,0.6610694111575914,2.7677037600943016e-09,0.6610694083898877,0
3036,315,0.6616618806919854,1.0394857467833793e-15,0.6616618806919844,0
209,36,0.6620544273892541,1.041389911101128e-13,0.66205442738915,0
235,38,0.662441059113604,1.681113064089929e-14,0.6624410591135872,0
2760,305,0.6624619491329212,1.3667523558818377e-10,0.662461948996246,0
1961,263,0.6635144080248842,6.260107497812655e-08,0.6635143454238092,0
1133,180,0.6636655675824663,2.6170908545131544e-16,0.6636655675824661,0
2794,305,0.6638370785002231,1.3667523558818377e-10,0.6638370783635479,0
2954,312,0.6641489258585925,1.872801304616799e-13,0.6641489258584052,0
3422,462,0.664327309436945,2.5202599375138385e-13,0.6643273094366929,0
1967,263,0.6645417765753275,6.260107497812655e-08,0.6645417139742525,0
2390,285,0.6658219591067366,9.620779424178325e-16,0.6658219591067356,0
3094,317,0.6661493518626886,3.5382690039432536e-14,0.6661493518626532,0
2630,298,0.6668094089060438,4.971835632455788e-13,0.6668094089055466,0
2296,279,0.6669976987396525,9.338311355247114e-15,0.6669976987396432,0
2525,290,0.6675170467134633,1.2916389698978609e-15,0.667517046713462,0
3000,314,0.6678213813453042,1.299374215888945e-15,0.6678213813453029,0
1800,258,0.6679005739175243,1.2411362309674262e-11,0.6679005739051129,0
3664,487,0.6683658817905976,3.181426133698503e-08,0.6683658499763363,0
1586,246,0.6684299185958916,1.836867727595735e-08,0.6684299002272144,0
3411,461,0.668576492875501,1.3398945504098442e-08,0.6685764794765555,0
410,65,0.6699059909008356,3.8728857748258125e-08,0.6699059521719778,0
811,125,0.671113662790138,5.48400516992189e-09,0.6711136573061328,0
3174,444,0.6712873668056564,1.5310492928978335e-12,0.6712873668041254,0
2565,293,0.6714456414501804,1.464699369163404e-11,0.6714456414355334,0
3487,463,0.6726698240087664,1.6452625248773377e-16,0.6726698240087663,0
3465,462,0.6728563664105105,2.5202599375138385e-13,0.6728563664102585,0
964,151,0.6736642671641396,2.1710770241267408e-11,0.6736642671424289,0
2330,281,0.6739025380492414,1.868176861520509e-14,0.6739025380492227,0
1187,190,0.6741572514942796,9.114816129163043e-11,0.6741572514031314,0
2150,273,0.6756077834435363,7.013674901655295e-11,0.6756077833733996,0
680,108,0.675621284807226,2.342572414414518e-09,0.6756212824646536,0
2158,273,0.6757678990829032,7.013674901655295e-11,0.6757678990127665,0
2888,309,0.6762092288792056,6.134628598245165e-16,0.676209228879205,0
552,88,0.6763415325280765,1.1293606675968326e-08,0.6763415212344698,0
2162,273,0.6768066674596362,7.013674901655295e-11,0.6768066673894995,0
3685,487,0.6785946774517155,3.181426133698503e-08,0.6785946456374542,0
2050,269,0.6798462402538458,0.001120824880879847,0.6787254153729659,0
1059,168,0.6791210547836243,6.174381332871962e-10,0.6791210541661862,0
2138,272,0.6792293512588161,2.877372603324762e-09,0.6792293483814436,0
697,109,0.6815924107642378,7.590935538572134e-10,0.6815924100051443,0
2609,295,0.6816243559352992,1.4909076931052162e-07,0.68162420684453,0
459,73,0.6817603995371834,2.3677512469076245e-11,0.6817603995135059,0
232,37,0.6818421494988076,3.790769474802072e-14,0.6818421494987698,0
2011,266,0.682375105409961,2.5409228184154824e-10,0.6823751051558687,0
1911,261,0.6825632864982121,3.181424960694976e-09,0.6825632833167871,0
803,124,0.6826094593988354,2.9568086603316822e-05,0.6825798913122321,0
29,7,0.683478253448757,1.5969733685803203e-12,0.6834782534471601,0
3299,453,0.6838582551842933,3.882372103043203e-11,0.6838582551454696,0
2855,309,0.6839484326400697,6.134628598245165e-16,0.683948432640069,0
768,118,0.6842936737464775,1.8258255404815804e-14,0.6842936737464593,0
258,41,0.6845604460255139,9.181671014219212e-16,0.684560446025513,0
2383,284,0.6850308590159845,7.6691666216322715e-16,0.6850308590159837,0
147,30,0.6851440481724844,2.803532837932063e-09,0.6851440453689516,0
3586,481,0.685814297070082,3.547991747934939e-13,0.6858142970697272,0
1707,253,0.685894658485202,1.3625131584392639e-08,0.6858946448600705,0
2448,287,0.6863196619203924,1.9594975282532115e-13,0.6863196619201964,0
2599,294,0.6865357006587418,2.410478477917211e-10,0.686535700417694,0
2038,268,0.6885636697677325,0.0013887165593123633,0.6871749532084201,0
3534,463,0.6872836808546502,1.6452625248773377e-16,0.6872836808546501,0
481,75,0.6878630150306692,1.7852426385958062e-12,0.6878630150288839,0
1276,206,0.688331393472519,1.9046350523825086e-08,0.6883313744261685,0
2241,275,0.6887964098860663,1.1708796086492855e-11,0.6887964098743575,0
2067,270,0.6888751976005054,4.150845294846001e-09,0.6888751934496601,0
468,74,0.6889510825391699,6.843708627231646e-12,0.6889510825323262,0
2392,285,0.6891874031043591,9.620779424178325e-16,0.6891874031043581,0
2902,310,0.6897383165966706,9.16072726806541e-13,0.6897383165957546,0
1100,174,0.69003927127056,2.880784372192086e-13,0.6900392712702719,0
2975,312,0.6902334181566514,1.872801304616799e-13,0.6902334181564641,0
575,91,0.6907498138798531,1.5100046050712686e-10,0.6907498137288527,0
205,36,0.6910953585340612,1.041389911101128e-13,0.6910953585339571,0
897,138,0.6917394430196911,1.158716354313336e-14,0.6917394430196796,0
2118,271,0.6928665239688532,2.4939775543579154e-08,0.6928664990290776,0
3408,461,0.6939721638749662,1.3398945504098442e-08,0.6939721504760207,0
2796,305,0.6942036451292377,1.3667523558818377e-10,0.6942036449925625,0
3038,315,0.6966295029206463,1.0394857467833793e-15,0.6966295029206453,0
3068,316,0.6975504864048402,1.1720271846143623e-14,0.6975504864048284,0
146,30,0.6984112558410728,2.803532837932063e-09,0.6984112530375399,0
3249,445,0.69854580043785,1.3581579873827526e-14,0.6985458004378364,0
828,127,0.6988553248133816,2.070010134306299e-09,0.6988553227433715,0
2978,312,0.6989184439077474,1.872801304616799e-13,0.6989184439075601,0
55,13,0.7001718464737893,4.9056673648404325e-12,0.7001718464688836,0
2590,294,0.7002288784030403,2.410478477917211e-10,0.7002288781619924,0
736,113,0.7014597929903786,6.314796594275426e-12,0.7014597929840638,0
896,138,0.7021774581270855,1.158716354313336e-14,0.702177458127074,0
3796,496,0.7025628719884107,5.878857067351868e-17,0.7025628719884106,0
2069,270,0.7029211944786798,4.150845294846001e-09,0.7029211903278345,0
654,101,0.7032513476946285,1.1793487217119534e-15,0.7032513476946273,0
2661,299,0.7040487365972536,4.8338983649767683e-23,0.7040487365972536,0
767,118,0.704916398119733,1.8258255404815804e-14,0.7049163981197147,0
2439,286,0.7056831677437287,7.698306528367907e-14,0.7056831677436518,0
2456,287,0.7058775279749521,1.9594975282532115e-13,0.7058775279747561,0
3615,481,0.7067733644643713,3.547991747934939e-13,0.7067733644640165,0
522,82,0.7075514105502854,5.365278540150834e-16,0.7075514105502848,0
2168,273,0.7093876982662802,7.013674901655295e-11,0.7093876981961434,0
2998,313,0.7104093135838137,4.677044190025765e-15,0.710409313583809,0
784,120,0.7104640731901432,2.2952263694278702e-15,0.7104640731901408,0
3632,482,0.7108932030997919,8.639135709266118e-17,0.7108932030997918,0
1244,199,0.7115381555161696,1.9685583156080276e-15,0.7115381555161676,0
2786,305,0.711776407151831,1.3667523558818377e-10,0.7117764070151558,0
1033,163,0.7118395876871224,3.1303930092188556e-08,0.7118395563831923,0
1614,247,0.7124449416778403,1.7393141563297048e-07,0.7124447677464247,0
214,36,0.7128787681348081,1.041389911101128e-13,0.712878768134704,0
2960,312,0.7130509570551725,1.872801304616799e-13,0.7130509570549852,0
3752,488,0.715231534816913,4.0249848708966285e-11,0.7152315347766632,0
3527,463,0.7153998395628891,1.6452625248773377e-16,0.715399839562889,0
1102,174,0.7154415451291299,2.880784372192086e-13,0.7154415451288418,0
1500,235,0.7158538568237844,5.049271745407276e-14,0.7158538568237339,0
3546,463,0.7160064709927727,1.6452625248773377e-16,0.7160064709927726,0
3787,489,0.7188687639359546,9.72823860493449e-17,0.7188687639359544,0
3145,443,0.719452483489395,2.704976766350902e-16,0.7194524834893947,0
1153,186,0.719601097777844,4.113377248468286e-08,0.7196010566440715,0
3638,482,0.7197344553088887,8.639135709266118e-17,0.7197344553088886,0
2468,288,0.7207698739471903,4.200802205712873e-13,0.7207698739467702,0
77,18,0.7218152804390812,2.911795196197686e-17,0.7218152804390812,0
2410,285,0.7227462099689751,9.620779424178325e-16,0.7227462099689741,0
702,110,0.7234282795659546,2.340308544355628e-10,0.7234282793319237,0
1195,191,0.7247185181093025,2.607978809576692e-11,0.7247185180832227,0
891,137,0.7252138733089682,3.211071904377209e-14,0.7252138733089362,0
2334,282,0.7259547348534247,4.202422480660149e-14,0.7259547348533826,0
800,124,0.7262883832325167,2.9568086603316822e-05,0.7262588151459133,0
1668,250,0.7264181676524858,3.5070736307074416e-08,0.7264181325817495,0
1382,225,0.7268801635989854,5.705963334327138e-08,0.7268801065393521,0
1554,245,0.7272812969233449,2.7677037600943016e-09,0.7272812941556411,0
3738,488,0.7273620043806885,4.0249848708966285e-11,0.7273620043404387,0
2667,300,0.7278592010463882,8.439681132842416e-20,0.7278592010463882,0
3592,481,0.7280651134089761,3.547991747934939e-13,0.7280651134086212,0
2785,305,0.7291857502440863,1.3667523558818377e-10,0.729185750107411,0
1469,234,0.7296041198633539,1.302283978414377e-13,0.7296041198632237,0
744,114,0.7306046446075128,1.8746107867770666e-12,0.7306046446056382,0
1663,249,0.7307681205598661,8.838807408460086e-09,0.7307681117210586,0
3663,487,0.7308716869053432,3.181426133698503e-08,0.7308716550910819,0
2606,295,0.7309387801782699,1.4909076931052162e-07,0.7309386310875006,0
2274,277,0.7314385885942184,5.9966827147583414e-12,0.7314385885882217,0
1255,200,0.731881573681243,4.857048237490678e-16,0.7318815736812425,0
568,90,0.7320750454314251,5.952456824074421e-10,0.7320750448361795,0
3588,481,0.7335677844756389,3.547991747934939e-13,0.733567784475284,0
2059,270,0.7337812258117635,4.150845294846001e-09,0.7337812216609182,0
3541,463,0.734435246322652,1.6452625248773377e-16,0.7344352463226519,0
2956,312,0.7347150839219801,1.872801304616799e-13,0.7347150839217929,0
2598,294,0.735109029854143,2.410478477917211e-10,0.7351090296130951,0
1146,184,0.7351976450758787,1.5506235071975223e-07,0.735197490013528,0
1371,224,0.7362174599767296,3.7540155641016095e-08,0.736217422436574,0
1692,252,0.7369250463471536,8.145817296976646e-08,0.7369249648889806,0
545,87,0.7371666408032873,7.001889019812176e-08,0.7371665707843971,0
2597,294,0.7373462986078179,2.410478477917211e-10,0.73734629836677,0
2132,272,0.7385820173826395,2.877372603324762e-09,0.738582014505267,0
1309,210,0.7387719247986289,5.304275994573737e-11,0.7387719247455861,0
2616,296,0.7392064574306144,2.8904343590423897e-05,0.739177553087024,0
2186,273,0.7394299018947119,7.013674901655295e-11,0.7394299018245751,0
2238,275,0.7394375481371497,1.1708796086492855e-11,0.7394375481254409,0
3340,454,0.7395597281970111,2.0026012764730836e-16,0.7395597281970109,0
2366,284,0.7396491975404342,7.6691666216322715e-16,0.7396491975404335,0
230,37,0.7401346558035095,3.790769474802072e-14,0.7401346558034716,0
521,82,0.7408099621855861,5.365278540150834e-16,0.7408099621855856,0
3563,480,0.7408839627868804,4.580868399630539e-09,0.740883958206012,0
2722,302,0.8080583388378455,0.06679719991758762,0.7412611389202579,0
3794,489,0.741681503430348,9.72823860493449e-17,0.7416815034303479,0
1220,195,0.742940828460104,1.2762968346438004e-13,0.7429408284599763,0
3197,444,0.74305923024871,1.5310492928978335e-12,0.743059230247179,0
1206,192,0.7431434863506564,7.691922364185402e-12,0.7431434863429645,0
1886,260,0.7433553277016011,8.928527890253894e-11,0.7433553276123158,0
463,73,0.7452148320330776,2.3677512469076245e-11,0.7452148320094001,0
2408,285,0.7457619032429076,9.620779424178325e-16,0.7457619032429066,0
1793,257,0.7467872721667624,1.816230578529975e-11,0.7467872721486001,0
576,91,0.748294566390721,1.5100046050712686e-10,0.7482945662397206,0
290,45,0.7486841952428059,5.3133964193037716e-08,0.7486841421088417,0
3760,489,0.7496385465526368,9.72823860493449e-17,0.7496385465526367,0
3309,453,0.7503091246361208,3.882372103043203e-11,0.750309124597297,0
2913,310,0.7504783676373487,9.16072726806541e-13,0.7504783676364326,0
1445,233,0.7520956673455403,4.4233355877447115e-13,0.752095667345098,0
843,129,0.7528395846576776,3.577608934277469e-10,0.7528395842999167,0
3481,463,0.7529157945139219,1.6452625248773377e-16,0.7529157945139218,0
1174,189,0.7532122992923108,3.75130153905414e-10,0.7532122989171807,0
1127,178,0.754826351855849,3.9539349612106205e-15,0.754826351855845,0
2886,309,0.7552308330730153,6.134628598245165e-16,0.7552308330730146,0
3671,487,0.755346195362214,3.181426133698503e-08,0.7553461635479527,0
2282,278,0.7555768054582279,1.0070422376633096e-12,0.7555768054572208,0
1143,184,0.7557166147426972,1.5506235071975223e-07,0.7557164596803465,0
1400,227,0.7564524756180752,9.581894737431733e-09,0.7564524660361804,0
2550,293,0.7570429546354491,1.464699369163404e-11,0.7570429546208022,0
3564,480,0.7582977860474464,4.580868399630539e-09,0.758297781466578,0
2302,280,0.7583336876017672,2.9036481875944973e-15,0.7583336876017643,0
1332,213,0.7587621343270237,7.933096432007839e-13,0.7587621343262304,0
675,107,0.7588952579422193,7.212928598155452e-09,0.7588952507292908,0
2637,298,0.7597584326263553,4.971835632455788e-13,0.7597584326258582,0
2200,274,0.7610434712551656,2.36950622164961e-11,0.7610434712314705,0
3605,481,0.7612257769585011,3.547991747934939e-13,0.7612257769581463,0
1401,228,0.7622330817138226,3.0897318703845477e-09,0.7622330786240907,0
2441,287,0.7624837265010589,1.9594975282532115e-13,0.7624837265008629,0
2161,273,0.7626437572768935,7.013674901655295e-11,0.7626437572067567,0
1872,260,0.762845989637037,8.928527890253894e-11,0.7628459895477517,0
3672,487,0.7632426169136206,3.181426133698503e-08,0.7632425850993593,0
1284,207,0.7637945623502291,5.021811489460364e-09,0.7637945573284176,0
1039,164,0.7638005696725692,8.999725665888591e-07,0.7637996697000026,0
2825,306,0.7642432752862017,8.5648482980827e-13,0.7642432752853452,0
3756,488,0.7650543346665621,4.0249848708966285e-11,0.7650543346263123,0
918,144,0.7651762960751507,1.862608741872197e-07,0.7651761098142765,0
2195,274,0.7655469592044265,2.36950622164961e-11,0.7655469591807315,0
1406,228,0.765697139383495,3.0897318703845477e-09,0.7656971362937631,0
3277,452,0.7660615115411077,1.3779527652336246e-07,0.7660613737458312,0
3526,463,0.7666563634484013,1.6452625248773377e-16,0.7666563634484012,0
3455,462,0.7668633620779813,2.5202599375138385e-13,0.7668633620777293,0
143,29,0.767734089652012,8.916717116056003e-09,0.7677340807352948,0
2113,271,0.7680061114957573,2.4939775543579154e-08,0.7680060865559817,0
1333,213,0.7682320481788318,7.933096432007839e-13,0.7682320481780386,0
2035,267,0.7683500616304055,5.509889191193901e-10,0.7683500610794166,0
2333,282,0.7684804102605562,4.202422480660149e-14,0.7684804102605142,0
3358,454,0.7685881798131088,2.0026012764730836e-16,0.7685881798131086,0
62,16,0.7712326846506994,7.146593039887984e-13,0.7712326846499847,0
3141,320,0.7715540571969168,8.74737734152972e-15,0.7715540571969081,0
656,102,0.771927807073229,2.8266631235741964e-16,0.7719278070732287,0
939,147,0.7722492303452346,2.389301030444358e-09,0.7722492279559336,0
5,4,0.7722689295958878,2.3998594635993824e-20,0.7722689295958878,0
2381,284,0.772417029918747,7.6691666216322715e-16,0.7724170299187462,0
1885,260,0.7731571392694775,8.928527890253894e-11,0.7731571391801922,0
630,99,0.7734628909926567,1.0357870294631994e-14,0.7734628909926464,0
98,26,0.7736510766443145,5.802001029720007e-08,0.7736510186243042,0
813,125,0.7745853097451512,5.48400516992189e-09,0.774585304261146,0
3518,463,0.7748702134215083,1.6452625248773377e-16,0.7748702134215082,0
360,54,0.7753092837395501,3.5375720778008944e-12,0.7753092837360125,0
2868,309,0.7762486751657652,6.134628598245165e-16,0.7762486751657646,0
319,48,0.7765654423668824,1.764569275717097e-08,0.7765654247211896,0
373,56,0.7767759255714292,1.6342449654299545e-13,0.7767759255712657,0
1447,233,0.7775533766779223,4.4233355877447115e-13,0.77755337667748,0
2280,278,0.7778567403150427,1.0070422376633096e-12,0.7778567403140356,0
2164,273,0.7792137350994103,7.013674901655295e-11,0.7792137350292735,0
3274,452,0.7795569614314938,1.3779527652336246e-07,0.7795568236362173,0
241,39,0.7797501182251486,1.1460387136006326e-14,0.7797501182251372,0
1655,249,0.7797555524683911,8.838807408460086e-09,0.7797555436295837,0
142,29,0.7809784333470667,8.916717116056003e-09,0.7809784244303496,0
1019,159,0.7811748380786806,2.3066592648838474e-15,0.7811748380786783,0
3555,480,0.7812997470510606,4.580868399630539e-09,0.7812997424701923,0
2529,290,0.7816676178575146,1.2916389698978609e-15,0.7816676178575133,0
3130,319,0.7818229873668565,2.605055760764354e-15,0.781822987366854,0
3200,444,0.7824517479404131,1.5310492928978335e-12,0.7824517479388821,0
3614,481,0.7826121573450647,3.547991747934939e-13,0.7826121573447099,0
1282,207,0.7833853153797236,5.021811489460364e-09,0.783385310357912,0
435,69,0.7837766226830937,8.178966421955095e-09,0.7837766145041273,0
2819,306,0.7840920160722841,8.5648482980827e-13,0.7840920160714275,0
183,34,0.785201838431966,8.7141398902149e-12,0.7852018384232519,0
3754,488,0.7853341776271294,4.0249848708966285e-11,0.7853341775868796,0
806,125,0.7853671739648943,5.48400516992189e-09,0.7853671684808892,0
840,129,0.7859230448263063,3.577608934277469e-10,0.7859230444685453,0
2111,271,0.7859819632494635,2.4939775543579154e-08,0.7859819383096879,0
1689,252,0.7877834346924666,8.145817296976646e-08,0.7877833532342936,0
3164,444,0.7880016594214462,1.5310492928978335e-12,0.7880016594199152,0
3533,463,0.7881983171536794,1.6452625248773377e-16,0.7881983171536793,0
3566,480,0.7886015977532076,4.580868399630539e-09,0.7886015931723392,0
1948,263,0.7903101661062663,6.260107497812655e-08,0.7903101035051913,0
1983,264,0.79127017457657,0.0009331009686960391,0.790337073607874,0
3485,463,0.7904101358699283,1.6452625248773377e-16,0.7904101358699281,0
2539,292,0.790636721637076,6.516485207151854e-17,0.7906367216370759,0
1315,211,0.7909922405800441,1.6368720349211045e-11,0.7909922405636755,0
2989,312,0.7910378166287404,1.872801304616799e-13,0.7910378166285531,0
2610,295,0.7914104048075197,1.4909076931052162e-07,0.7914102557167504,0
2127,272,0.791720464837157,2.877372603324762e-09,0.7917204619597844,0
331,50,0.7920264541704142,8.861709795864332e-10,0.7920264532842431,0
1729,254,0.7921887695962829,2.4443328314609746e-09,0.7921887671519501,0
1921,261,0.79250996684383,3.181424960694976e-09,0.792509963662405,0
1159,187,0.7936263302783693,8.63793027696552e-09,0.793626321640439,0
3608,481,0.7953728875124512,3.547991747934939e-13,0.7953728875120963,0
19,6,0.7958317173044628,5.814455016677414e-12,0.7958317172986483,0
779,120,0.7966730276560607,2.2952263694278702e-15,0.7966730276560584,0
3158,443,0.7969750357174958,2.704976766350902e-16,0.7969750357174956,0
2294,279,0.7971253282669283,9.338311355247114e-15,0.797125328266919,0
1345,216,0.7974647847426353,2.1010365452513193e-14,0.7974647847426143,0
3119,319,0.7985688092020532,2.605055760764354e-15,0.7985688092020506,0
2345,282,0.798888703936332,4.202422480660149e-14,0.79888870393629,0
2184,273,0.7999807929091166,7.013674901655295e-11,0.7999807928389798,0
3201,444,0.8008016171465506,1.5310492928978335e-12,0.8008016171450196,0
979,152,0.800915337773527,6.563101367730883e-12,0.8009153377669639,0
3767,489,0.8015965230145171,9.72823860493449e-17,0.801596523014517,0
234,38,0.8031819012371164,1.681113064089929e-14,0.8031819012370996,0
978,152,0.8042505353951255,6.563101367730883e-12,0.8042505353885624,0
1839,258,0.8046132239662936,1.2411362309674262e-11,0.8046132239538822,0
2759,305,0.8066245791125033,1.3667523558818377e-10,0.8066245789758281,0
323,49,0.8073320595311455,4.66722565280367e-09,0.8073320548639199,0
1987,265,0.8088957754174916,0.001292350371451957,0.8076034250460397,0
2912,310,0.8083615153897197,9.16072726806541e-13,0.8083615153888036,0
1172,189,0.8100401870149542,3.75130153905414e-10,0.810040186639824,0
1754,254,0.8101628633975935,2.4443328314609746e-09,0.8101628609532606,0
3558,480,0.8102702968254122,4.580868399630539e-09,0.8102702922445438,0
1363,220,0.8117956169079464,1.77628921075069e-16,0.8117956169079462,0
2884,309,0.8119380203588881,6.134628598245165e-16,0.8119380203588874,0
350,52,0.812080532660392,4.727848735880697e-11,0.8120805326131135,0
2686,301,0.8132149679716509,4.1859505817988276e-12,0.813214967967465,0
277,42,0.8135858722014392,1.348962075912741e-16,0.8135858722014391,0
3789,489,0.8143617108649289,9.72823860493449e-17,0.8143617108649288,0
446,71,0.8152111712838312,3.539862612105824e-10,0.815211170929845,0
2744,304,0.8156698744236066,6.16858534776888e-08,0.8156698127377532,0
3108,318,0.8157501852098699,1.42055103091189e-14,0.8157501852098556,0
311,48,0.8160501453236644,1.764569275717097e-08,0.8160501276779716,0
3079,317,0.8161586664247013,3.5382690039432536e-14,0.8161586664246658,0
859,132,0.8163358582997238,1.1444380813452159e-11,0.8163358582882794,0
1245,199,0.8166782260500453,1.9685583156080276e-15,0.8166782260500433,0
2041,268,0.8191439984361228,0.0013887165593123633,0.8177552818768105,0
2683,301,0.8183104162186886,4.1859505817988276e-12,0.8183104162145026,0
517,82,0.8188244010561454,5.365278540150834e-16,0.8188244010561448,0
543,87,0.8208558009710822,7.001889019812176e-08,0.820855730952192,0
1055,168,0.8209649698138168,6.174381332871962e-10,0.8209649691963787,0
2857,309,0.8209668187856098,6.134628598245165e-16,0.8209668187856092,0
3091,317,0.8216506955089772,3.5382690039432536e-14,0.8216506955089418,0
2308,280,0.8228049014660629,2.9036481875944973e-15,0.82280490146606,0
3288,452,0.8228598522707744,1.3779527652336246e-07,0.8228597144754979,0
2973,312,0.8233014258115413,1.872801304616799e-13,0.823301425811354,0
2139,272,0.824016029302146,2.877372603324762e-09,0.8240160264247735,0
2298,279,0.8245356685285793,9.338311355247114e-15,0.82453566852857,0
3501,463,0.8248363688925623,1.6452625248773377e-16,0.8248363688925622,0
2623,298,0.8253401458339554,4.971835632455788e-13,0.8253401458334583,0
367,55,0.825678819039093,7.163626509047019e-13,0.8256788190383767,0
2860,309,0.8262546998238953,6.134628598245165e-16,0.8262546998238947,0
2109,271,0.8265603473197061,2.4939775543579154e-08,0.8265603223799305,0
1625,247,0.8269114737706933,1.7393141563297048e-07,0.8269112998392777,0
2233,275,0.8272175308664325,1.1708796086492855e-11,0.8272175308547237,0
1326,213,0.827993423158251,7.933096432007839e-13,0.8279934231574577,0
1599,246,0.8284723103240916,1.836867727595735e-08,0.8284722919554144,0
789,121,0.8285467088840176,6.352408928606363e-16,0.8285467088840169,0
2394,285,0.8290458535832981,9.620779424178325e-16,0.8290458535832971,0
2362,284,0.8297187412087822,7.6691666216322715e-16,0.8297187412087814,0
3238,445,0.8301420791519635,1.3581579873827526e-14,0.8301420791519499,0
2232,275,0.8312674594364712,1.1708796086492855e-11,0.8312674594247624,0
497,78,0.8315148292166727,3.670148663461125e-14,0.831514829216636,0
2123,272,0.835045436883177,2.877372603324762e-09,0.8350454340058044,0
3626,481,0.8354076603219038,3.547991747934939e-13,0.835407660321549,0
553,88,0.8359080041744819,1.1293606675968326e-08,0.8359079928808751,0
1894,260,0.8359517369368695,8.928527890253894e-11,0.8359517368475843,0
1915,261,0.8365775832129086,3.181424960694976e-09,0.8365775800314836,0
2576,293,0.8367962246167749,1.464699369163404e-11,0.836796224602128,0
3749,488,0.8368411064006648,4.0249848708966285e-11,0.836841106360415,0
460,73,0.8377352156520418,2.3677512469076245e-11,0.8377352156283643,0
3042,315,0.8378006818359222,1.0394857467833793e-15,0.8378006818359212,0
381,57,0.8388280243841517,4.4018830402979806e-14,0.8388280243841078,0
583,91,0.8400510214230109,1.5100046050712686e-10,0.8400510212720105,0
2838,307,0.8414022454017619,3.56134292839627e-17,0.8414022454017619,0
847,130,0.8415846389792634,1.1874350938378968e-10,0.8415846388605199,0
3539,463,0.8437743956172326,1.6452625248773377e-16,0.8437743956172324,0
2053,269,0.8452494834211493,0.001120824880879847,0.8441286585402694,0
484,75,0.8441311510433683,1.7852426385958062e-12,0.8441311510415831,0
3022,314,0.8450486114470601,1.299374215888945e-15,0.8450486114470588,0
1528,239,0.8453188579122675,7.355063916718475e-16,0.8453188579122667,0
2643,298,0.8454149620637837,4.971835632455788e-13,0.8454149620632866,0
31,7,0.8458406335167111,1.5969733685803203e-12,0.8458406335151142,0
911,140,0.8458741635721856,1.2624414917102984e-15,0.8458741635721844,0
239,38,0.8461126504199626,1.681113064089929e-14,0.8461126504199459,0
2581,293,0.8463291238054338,1.464699369163404e-11,0.8463291237907868,0
3780,489,0.848681724194089,9.72823860493449e-17,0.8486817241940889,0
3355,454,0.8489186305790727,2.0026012764730836e-16,0.8489186305790725,0
448,71,0.8490156767141053,3.539862612105824e-10,0.849015676360119,0
862,132,0.849284425099732,1.1444380813452159e-11,0.8492844250882876,0
683,108,0.8496137681353185,2.342572414414518e-09,0.8496137657927461,0
3323,453,0.8503293761306528,3.882372103043203e-11,0.8503293760918291,0
2979,312,0.8515798893469434,1.872801304616799e-13,0.8515798893467561,0
3792,489,0.8527548505015196,9.72823860493449e-17,0.8527548505015194,0
1454,233,0.8533914410988078,4.4233355877447115e-13,0.8533914410983655,0
1710,253,0.8542557049093816,1.3625131584392639e-08,0.85425569128425,0
1306,210,0.8548331606189508,5.304275994573737e-11,0.854833160565908,0
3196,444,0.8554169899258779,1.5310492928978335e-12,0.8554169899243469,0
2830,307,0.8566206335502362,3.56134292839627e-17,0.8566206335502362,0
3381,454,0.857572072727651,2.0026012764730836e-16,0.8575720727276508,0
1237,198,0.8579037263800744,6.419436270567702e-15,0.857903726380068,0
2955,312,0.858661369743693,1.872801304616799e-13,0.8586613697435057,0
662,105,0.8586936287674235,1.967969969477813e-07,0.8586934319704266,0
3026,314,0.8603343562905378,1.299374215888945e-15,0.8603343562905365,0
2324,281,0.8605093486283747,1.868176861520509e-14,0.860509348628356,0
1043,166,0.8610680278003667,1.1672750173597096e-08,0.8610680161276165,0
1977,264,0.8645960815904784,0.0009331009686960391,0.8636629806217824,0
2261,276,0.8652006212424361,1.8062144614455593e-11,0.865200621224374,0
240,38,0.8662143139488311,1.681113064089929e-14,0.8662143139488143,0
616,97,0.8664308508198649,8.016543530614307e-14,0.8664308508197848,0
1780,256,0.8669235929884285,5.856305914246352e-12,0.8669235929825722,0
181,34,0.8671042020584107,8.7141398902149e-12,0.8671042020496965,0
3052,315,0.8673403611076971,1.0394857467833793e-15,0.8673403611076961,0
222,37,0.8682743674264674,3.790769474802072e-14,0.8682743674264295,0
2395,285,0.86908758092908,9.620779424178325e-16,0.869087580929079,0
2052,269,0.8732843321912798,0.001120824880879847,0.8721635073103999,0
3571,480,0.8731091722773904,4.580868399630539e-09,0.873109167696522,0
3706,487,0.8738973431011,3.181426133698503e-08,0.8738973112868387,0
226,37,0.8742648329674614,3.790769474802072e-14,0.8742648329674235,0
1410,228,0.8756621473422126,3.0897318703845477e-09,0.8756621442524807,0
1702,252,0.8763601113260105,8.145817296976646e-08,0.8763600298678376,0
3705,487,0.8763882708990121,3.181426133698503e-08,0.8763882390847507,0
2000,266,0.8765420727284792,2.5409228184154824e-10,0.8765420724743869,0
1895,260,0.8767826755690837,8.928527890253894e-11,0.8767826754797985,0
3051,315,0.8771580289484288,1.0394857467833793e-15,0.8771580289484278,0
909,140,0.8774605969706193,1.2624414917102984e-15,0.8774605969706181,0
1846,259,0.8776958604656621,2.965740258759707e-11,0.8776958604360047,0
2970,312,0.8791068529987734,1.872801304616799e-13,0.8791068529985862,0
150,30,0.879626481509464,2.803532837932063e-09,0.8796264787059311,0
2357,283,0.8796547567068633,1.2106960423571271e-14,0.8796547567068512,0
2521,290,0.8805217734630565,1.2916389698978609e-15,0.8805217734630552,0
3337,454,0.8815333135489889,2.0026012764730836e-16,0.8815333135489887,0
1260,203,0.8822047985749095,3.661229449975501e-08,0.882204761962615,0
2974,312,0.8824046196605693,1.872801304616799e-13,0.882404619660382,0
3080,317,0.8847045347919185,3.5382690039432536e-14,0.884704534791883,0
1568,245,0.8852156245626337,2.7677037600943016e-09,0.88521562179493,0
35,8,0.8854976714601807,2.568143831532584e-07,0.8854974146457975,0
1581,245,0.8860499056306693,2.7677037600943016e-09,0.8860499028629656,0
3770,489,0.8867253190533966,9.72823860493449e-17,0.8867253190533965,0
162,31,0.8878997396926807,4.150746500499982e-10,0.887899739277606,0
3106,318,0.8879288672857307,1.42055103091189e-14,0.8879288672857165,0
280,42,0.8883446798269601,1.348962075912741e-16,0.88834467982696,0
2997,313,0.8913138515365093,4.677044190025765e-15,0.8913138515365047,0
2493,290,0.8919112696678507,1.2916389698978609e-15,0.8919112696678494,0
2510,290,0.8935344079901543,1.2916389698978609e-15,0.8935344079901529,0
787,121,0.8936809763478468,6.352408928606363e-16,0.8936809763478462,0
899,139,0.8961224519002352,4.142512798878164e-15,0.8961224519002311,0
719,111,0.896274350105431,7.007241095719839e-11,0.8962743500353586,0
1029,160,0.8964172454923953,6.209522758255086e-16,0.8964172454923947,0
1436,231,0.8964301562478492,3.6778709475247805e-11,0.8964301562110705,0
3213,444,0.8973024728831123,1.5310492928978335e-12,0.8973024728815813,0
3520,463,0.8973986242053843,1.6452625248773377e-16,0.8973986242053842,0
2479,289,0.8980615431748993,6.644853809449961e-13,0.8980615431742348,0
1286,207,0.8989316154361852,5.021811489460364e-09,0.8989316104143736,0
2772,305,0.899911975724596,1.3667523558818377e-10,0.8999119755879208,0
1622,247,0.9001329870989154,1.7393141563297048e-07,0.9001328131674998,0
3417,462,0.9003521092549207,2.5202599375138385e-13,0.9003521092546687,0
2706,301,0.9005131131748877,4.1859505817988276e-12,0.9005131131707017,0
374,56,0.9008890838982283,1.6342449654299545e-13,0.9008890838980649,0
2612,295,0.9010841085446983,1.4909076931052162e-07,0.901083959453929,0
3505,463,0.9019978287404772,1.6452625248773377e-16,0.9019978287404771,0
1092,173,0.9021972836133186,1.0521312191492142e-12,0.9021972836122665,0
476,74,0.9024188139044725,6.843708627231646e-12,0.9024188138976288,0
2715,301,0.9031129467239913,4.1859505817988276e-12,0.9031129467198054,0
929,146,0.9032433330345481,7.299894751627578e-09,0.9032433257346533,0
2735,303,0.9033304650333316,1.879811937275855e-05,0.9033116669139588,0
348,52,0.9049692968062306,4.727848735880697e-11,0.9049692967589521,0
1001,156,0.905065272964642,5.418006449929963e-14,0.9050652729645878,0
921,144,0.9054961999080454,1.862608741872197e-07,0.9054960136471712,0
1796,257,0.9059923645253933,1.816230578529975e-11,0.905992364507231,0
2310,280,0.9061810289247899,2.9036481875944973e-15,0.906181028924787,0
2418,286,0.906379828884378,7.698306528367907e-14,0.906379828884301,0
1015,158,0.9075585985847519,7.033808192430619e-15,0.9075585985847449,0
2850,309,0.9078567975933688,6.134628598245165e-16,0.9078567975933681,0
3124,319,0.9080783620920609,2.605055760764354e-15,0.9080783620920584,0
1455,233,0.9084108248556645,4.4233355877447115e-13,0.9084108248552222,0
1936,262,0.9086295208304562,2.6417176771104317e-09,0.9086295181887386,0
1600,246,0.9100338805988867,1.836867727595735e-08,0.9100338622302094,0
2828,306,0.9105416080588593,8.5648482980827e-13,0.9105416080580028,0
2754,305,0.9118656949363796,1.3667523558818377e-10,0.9118656947997044,0
3203,444,0.9142683491009839,1.5310492928978335e-12,0.9142683490994529,0
657,105,0.9147379297284253,1.967969969477813e-07,0.9147377329314283,0
2672,300,0.9149900048525585,8.439681132842416e-20,0.9149900048525585,0
3773,489,0.9150100122687602,9.72823860493449e-17,0.9150100122687601,0
179,33,0.9157582470966928,3.159401517677373e-11,0.9157582470650988,0
547,88,0.9157694450691681,1.1293606675968326e-08,0.9157694337755614,0
1368,223,0.9162012039733344,1.6445057542207357e-08,0.9162011875282768,0
1256,200,0.9166120655084838,4.857048237490678e-16,0.9166120655084834,0
2342,282,0.9170948475158729,4.202422480660149e-14,0.9170948475158308,0
2218,274,0.9188911215299823,2.36950622164961e-11,0.9188911215062873,0
2440,287,0.9190554366028313,1.9594975282532115e-13,0.9190554366026353,0
3771,489,0.9205572087856757,9.72823860493449e-17,0.9205572087856756,0
1905,260,0.9210122536751015,8.928527890253894e-11,0.9210122535858163,0
2579,293,0.9223548820751202,1.464699369163404e-11,0.9223548820604732,0
739,114,0.9231476224998708,1.8746107867770666e-12,0.9231476224979962,0
2685,301,0.923248485965383,4.1859505817988276e-12,0.923248485961197,0
394,58,0.9247139015687427,1.7941641645433732e-14,0.9247139015687247,0
2141,272,0.9254808559636977,2.877372603324762e-09,0.9254808530863251,0
788,121,0.9254991495155128,6.352408928606363e-16,0.9254991495155122,0
3582,481,0.9259874777081373,3.547991747934939e-13,0.9259874777077824,0
2230,275,0.9260533301624172,1.1708796086492855e-11,0.9260533301507085,0
857,132,0.9265070476053542,1.1444380813452159e-11,0.9265070475939098,0
1772,255,0.9269853429164668,1.0227895978082928e-12,0.9269853429154441,0
1304,209,0.9270247474921464,1.8680665561611676e-10,0.9270247473053397,0
3514,463,0.9271494473985811,1.6452625248773377e-16,0.927149447398581,0
272,42,0.9287437922830747,1.348962075912741e-16,0.9287437922830746,0
289,45,0.9309601641752623,5.3133964193037716e-08,0.930960111041298,0
2354,283,0.9309627182989998,1.2106960423571271e-14,0.9309627182989877,0
1721,253,0.930978204074914,1.3625131584392639e-08,0.9309781904497825,0
276,42,0.933005565110852,1.348962075912741e-16,0.9330055651108519,0
262,41,0.9331934752334086,9.181671014219212e-16,0.9331934752334077,0
584,91,0.9335206354181251,1.5100046050712686e-10,0.9335206352671247,0
3641,482,0.9335704040788031,8.639135709266118e-17,0.933570404078803,0
2719,302,1.0015126335995028,0.06679719991758762,0.9347154336819152,0
1330,213,0.9350641964565408,7.933096432007839e-13,0.9350641964557476,0
2265,276,0.9351861800847406,1.8062144614455593e-11,0.9351861800666785,0
1935,262,0.9400324380852412,2.6417176771104317e-09,0.9400324354435236,0
1520,239,0.9410653408551193,7.355063916718475e-16,0.9410653408551185,0
329,50,0.9411638596694532,8.861709795864332e-10,0.9411638587832821,0
2526,290,0.9432658967119868,1.2916389698978609e-15,0.9432658967119855,0
989,154,0.9436457674038512,5.676673802612604e-13,0.9436457674032835,0
1005,157,0.9436747357696222,1.901553467758606e-14,0.9436747357696033,0
429,68,0.9448648135673953,3.9194530171180723e-08,0.9448647743728651,0
3645,482,0.9449442249736725,8.639135709266118e-17,0.9449442249736724,0
2379,284,0.9452868687005248,7.6691666216322715e-16,0.945286868700524,0
2463,288,0.9452993937105205,4.200802205712873e-13,0.9452993937101004,0
3745,488,0.9478730475500178,4.0249848708966285e-11,0.947873047509768,0
93,26,0.9507282189583873,5.802001029720007e-08,0.950728160938377,0
3112,318,0.9508715768752208,1.42055103091189e-14,0.9508715768752066,0
1502,236,0.9512968411407381,2.0735389008665305e-14,0.9512968411407173,0
3783,489,0.9514306662906541,9.72823860493449e-17,0.951430666290654,0
2907,310,0.9521337598031382,9.16072726806541e-13,0.9521337598022221,0
1842,259,0.9533388505290744,2.965740258759707e-11,0.953338850499417,0
2986,312,0.9536856337925282,1.872801304616799e-13,0.953685633792341,0
1293,208,0.9554649767301118,9.64570775252484e-10,0.955464975765541,0
3061,316,0.9558584497409187,1.1720271846143623e-14,0.955858449740907,0
253,41,0.956119805607202,9.181671014219212e-16,0.9561198056072011,0
1393,227,0.957508241915451,9.581894737431733e-09,0.9575082323335563,0
451,71,0.9591754594044201,3.539862612105824e-10,0.9591754590504338,0
886,136,0.9605528945901934,9.625625815730744e-14,0.9605528945900972,0
585,91,0.9605587714336256,1.5100046050712686e-10,0.9605587712826251,0
3437,462,0.960994498549775,2.5202599375138385e-13,0.960994498549523,0
1686,251,0.9620126149328336,9.839073204587584e-08,0.9620125165421016,0
3470,462,0.9625427770797953,2.5202599375138385e-13,0.9625427770795433,0
1429,230,0.9628219138927377,1.02246753484821e-10,0.962821913790491,0
3387,454,0.9628238768991055,2.0026012764730836e-16,0.9628238768991053,0
3015,314,0.9636107425078871,1.299374215888945e-15,0.9636107425078858,0
2478,289,0.9643448967137659,6.644853809449961e-13,0.9643448967131014,0
1665,249,0.9666204736525004,8.838807408460086e-09,0.9666204648136929,0
2116,271,0.9678488384483552,2.4939775543579154e-08,0.9678488135085797,0
3726,487,0.967874567664798,3.181426133698503e-08,0.9678745358505366,0
2388,285,0.9691917786433996,9.620779424178325e-16,0.9691917786433986,0
1470,234,0.9692809702262063,1.302283978414377e-13,0.9692809702260761,0
1248,199,0.9693285987772657,1.9685583156080276e-15,0.9693285987772637,0
1534,240,0.9694181907671073,3.5842135945461275e-16,0.969418190767107,0
3713,487,0.9694279804160926,3.181426133698503e-08,0.9694279486018312,0
3228,445,0.97121090392458,1.3581579873827526e-14,0.9712109039245664,0
730,113,0.971249620881819,6.314796594275426e-12,0.9712496208755041,0
1966,263,0.9713325877937189,6.260107497812655e-08,0.9713325251926439,0
624,97,0.97182419962567,8.016543530614307e-14,0.9718241996255899,0
392,58,0.9735022794070499,1.7941641645433732e-14,0.9735022794070319,0
1735,254,0.9742743428637328,2.4443328314609746e-09,0.9742743404194,0
2372,284,0.9744957784899854,7.6691666216322715e-16,0.9744957784899846,0
134,29,0.975137444356647,8.916717116056003e-09,0.9751374354399298,0
2428,286,0.9756297026952581,7.698306528367907e-14,0.9756297026951811,0
390,58,0.9759724476423906,1.7941641645433732e-14,0.9759724476423726,0
1953,263,0.9763383834545258,6.260107497812655e-08,0.9763383208534508,0
353,53,0.9767741192610714,1.4221001697895805e-11,0.9767741192468504,0
2964,312,0.9768567498540588,1.872801304616799e-13,0.9768567498538715,0
2564,293,0.9775081175659627,1.464699369163404e-11,0.9775081175513157,0
3143,320,0.9776027874322735,8.74737734152972e-15,0.9776027874322647,0
1209,193,0.9784478081146621,2.0029368305160468e-12,0.9784478081126592,0
1463,234,0.9789943383690667,1.302283978414377e-13,0.9789943383689365,0
110,27,0.9792677695900407,4.429928115474769e-08,0.9792677252907596,0
1546,244,0.9816086934388741,4.4397108792717e-12,0.9816086934344345,0
3181,444,0.9820975390562137,1.5310492928978335e-12,0.9820975390546827,0
2076,270,0.984326119009005,4.150845294846001e-09,0.9843261148581597,0
2260,276,0.985882296215978,1.8062144614455593e-11,0.9858822961979159,0
3041,315,0.9861355861855211,1.0394857467833793e-15,0.9861355861855201,0
776,119,0.9870922047657389,6.818951542781575e-15,0.9870922047657321,0
2047,269,0.9885566780081595,0.001120824880879847,0.9874358531272797,0
1567,245,0.9882251834204429,2.7677037600943016e-09,0.9882251806527391,0
2900,310,0.9889903989489285,9.16072726806541e-13,0.9889903989480124,0
1107,175,0.9894994931128095,8.582664465659257e-14,0.9894994931127237,0
2851,309,0.9895379986548074,6.134628598245165e-16,0.9895379986548067,0
33,8,0.9912817144469753,2.568143831532584e-07,0.9912814576325921,0
3653,482,0.9928221457334833,8.639135709266118e-17,0.9928221457334832,0
2411,285,0.9939639530536551,9.620779424178325e-16,0.9939639530536541,0
2926,311,0.9941351600388072,2.933100224493187e-13,0.9941351600385139,0
335,50,0.9941882706150044,8.861709795864332e-10,0.9941882697288333,0
358,54,0.9945622541538844,3.5375720778008944e-12,0.9945622541503468,0
766,117,0.9953374917683687,5.220959107738431e-14,0.9953374917683165,0
746,115,0.9983154525059779,5.476909832588855e-13,0.9983154525054302,0
598,94,0.9983374341769131,3.487298026391017e-12,0.9983374341734258,0
2741,304,0.9983793411274693,6.16858534776888e-08,0.9983792794416159,0
754,115,0.9985243021870073,5.476909832588855e-13,0.9985243021864596,0
1068,170,0.998741787215375,4.378930879764276e-11,0.9987417871715857,0
2657,299,0.9990361361477883,4.8338983649767683e-23,0.9990361361477883,0
771,118,0.9998953039491486,1.8258255404815804e-14,0.9998953039491304,0
1664,249,1.0005688254571328,8.838807408460086e-09,1.0005688166183253,0
254,41,1.0011118354177646,9.181671014219212e-16,1.0011118354177637,0
738,114,1.0013686900760022,1.8746107867770666e-12,1.0013686900741277,0
1701,252,1.001564909376706,8.145817296976646e-08,1.0015648279185332,0
3128,319,1.0016547604885986,2.605055760764354e-15,1.001654760488596,0
3497,463,1.0023344866767818,1.6452625248773377e-16,1.0023344866767816,0
154,31,1.003444116443625,4.150746500499982e-10,1.0034441160285503,0
633,99,1.003988819379622,1.0357870294631994e-14,1.0039888193796116,0
15,6,1.0059651755332888,5.814455016677414e-12,1.0059651755274743,0
661,105,1.0062031033525847,1.967969969477813e-07,1.0062029065555878,0
2934,311,1.0065847590164265,2.933100224493187e-13,1.0065847590161332,0
184,35,1.0067802045342675,4.385199630359555e-13,1.006780204533829,0
3282,452,1.0081311162991728,1.3779527652336246e-07,1.0081309785038963,0
1243,198,1.008282542712263,6.419436270567702e-15,1.0082825427122566,0
423,67,1.0087210122262427,1.9466236126516804e-07,1.0087208175638813,0
3629,481,1.0095568234496322,3.547991747934939e-13,1.0095568234492773,0
2949,312,1.0102763558431738,1.872801304616799e-13,1.0102763558429866,0
3668,487,1.0113560412996525,3.181426133698503e-08,1.011356009485391,0
238,38,1.011842445209295,1.681113064089929e-14,1.011842445209278,0
34,8,1.0120997954160584,2.568143831532584e-07,1.0120995386016753,0
3394,461,1.0123264396951432,1.3398945504098442e-08,1.0123264262961977,0
23,7,1.012785943746612,1.5969733685803203e-12,1.012785943745015,0
1010,157,1.0128549297280172,1.901553467758606e-14,1.012854929727998,0
2058,269,1.0154058258142054,0.001120824880879847,1.0142850009333255,0
3367,454,1.0145978331552434,2.0026012764730836e-16,1.0145978331552432,0
458,73,1.0150240807195756,2.3677512469076245e-11,1.0150240806958981,0
1285,207,1.0155476158315575,5.021811489460364e-09,1.015547610809746,0
2151,273,1.0158158059795444,7.013674901655295e-11,1.0158158059094076,0
1536,240,1.015860844324863,3.5842135945461275e-16,1.0158608443248625,0
2137,272,1.0161162777029642,2.877372603324762e-09,1.0161162748255916,0
2373,284,1.0164070061809474,7.6691666216322715e-16,1.0164070061809467,0
206,36,1.0169962278544686,1.041389911101128e-13,1.0169962278543645,0
489,76,1.0180275168047044,4.5043990498316753e-13,1.0180275168042539,0
1437,232,1.019012214161794,1.0268320555327123e-11,1.0190122141515259,0
812,125,1.0192197959883236,5.48400516992189e-09,1.0192197905043183,0
2629,298,1.019384190326386,4.971835632455788e-13,1.019384190325889,0
1636,248,1.0196575441179059,3.089990072232165e-08,1.0196575132180052,0
1486,234,1.0199297062393669,1.302283978414377e-13,1.0199297062392367,0
60,16,1.0225621713853863,7.146593039887984e-13,1.0225621713846715,0
2716,302,1.0895203752338891,0.06679719991758762,1.0227231753163015,0
3088,317,1.0228522228565209,3.5382690039432536e-14,1.0228522228564856,0
418,66,1.0233843928625186,1.8334685009666347e-07,1.0233842095156684,0
1605,247,1.0235200427390119,1.7393141563297048e-07,1.0235198688075962,0
3129,319,1.024457042864731,2.605055760764354e-15,1.0244570428647284,0
292,45,1.0272170400687417,5.3133964193037716e-08,1.0272169869347776,0
1221,195,1.0281559341486648,1.2762968346438004e-13,1.0281559341485371,0
3491,463,1.028272065422095,1.6452625248773377e-16,1.0282720654220947,0
861,132,1.0296487786913346,1.1444380813452159e-11,1.0296487786798902,0
1919,261,1.0300723245185677,3.181424960694976e-09,1.0300723213371428,0
3504,463,1.0307179741992827,1.6452625248773377e-16,1.0307179741992825,0
3326,453,1.0311337562180474,3.882372103043203e-11,1.0311337561792238,0
1588,246,1.0344522873514712,1.836867727595735e-08,1.034452268982794,0
2402,285,1.0346525262620752,9.620779424178325e-16,1.0346525262620743,0
797,122,1.0359421759971497,1.3370396484814946e-16,1.0359421759971494,0
1667,249,1.0360680778903761,8.838807408460086e-09,1.0360680690515687,0
1145,184,1.0363876416750424,1.5506235071975223e-07,1.0363874866126916,0
688,108,1.0365586010654366,2.342572414414518e-09,1.0365585987228643,0
3104,318,1.0369484167569556,1.42055103091189e-14,1.0369484167569414,0
1439,232,1.0377672658646755,1.0268320555327123e-11,1.0377672658544073,0
1229,196,1.0382801301206532,4.1102266002298437e-14,1.0382801301206122,0
1018,159,1.0387098636998215,2.3066592648838474e-15,1.0387098636998193,0
3597,481,1.0403609583613818,3.547991747934939e-13,1.040360958361027,0
3764,489,1.0411514867279597,9.72823860493449e-17,1.0411514867279597,0
1815,258,1.0428493334478526,1.2411362309674262e-11,1.0428493334354412,0
975,152,1.042902123051366,6.563101367730883e-12,1.0429021230448028,0
2120,271,1.0431264112647165,2.4939775543579154e-08,1.043126386324941,0
973,151,1.043649810496038,2.1710770241267408e-11,1.0436498104743273,0
2209,274,1.0443175723522218,2.36950622164961e-11,1.0443175723285267,0
1380,224,1.0445321238484373,3.7540155641016095e-08,1.0445320863082816,0
3100,318,1.0454344525647905,1.42055103091189e-14,1.0454344525647763,0
2594,294,1.0460091370022009,2.410478477917211e-10,1.046009136761153,0
645,100,1.0464386805346004,3.833844910152921e-15,1.0464386805345967,0
2212,274,1.0491814415312768,2.36950622164961e-11,1.0491814415075817,0
3763,489,1.049404324090678,9.72823860493449e-17,1.049404324090678,0
1993,265,1.0511973223581932,0.001292350371451957,1.0499049719867413,0
937,147,1.0505240033502417,2.389301030444358e-09,1.0505240009609407,0
461,73,1.0510646728881325,2.3677512469076245e-11,1.051064672864455,0
3226,445,1.0513166727937102,1.3581579873827526e-14,1.0513166727936967,0
306,47,1.0519159428167772,5.8226654165816994e-08,1.051915884590123,0
1742,254,1.0523990153912275,2.4443328314609746e-09,1.0523990129468948,0
677,107,1.0533387381567854,7.212928598155452e-09,1.0533387309438567,0
3328,453,1.053564580995834,3.882372103043203e-11,1.0535645809570104,0
3046,315,1.0541581054876463,1.0394857467833793e-15,1.0541581054876452,0
2300,280,1.0556286723975665,2.9036481875944973e-15,1.0556286723975636,0
2346,282,1.055742965123134,4.202422480660149e-14,1.055742965123092,0
562,89,1.056459132521506,2.474143598188241e-09,1.0564591300473625,0
1216,195,1.057180478485152,1.2762968346438004e-13,1.0571804784850243,0
3252,452,1.057474718285179,1.3779527652336246e-07,1.0574745804899024,0
2558,293,1.0578906014043647,1.464699369163404e-11,1.0578906013897178,0
2311,280,1.0580093436451303,2.9036481875944973e-15,1.0580093436451274,0
2559,293,1.058330361234244,1.464699369163404e-11,1.0583303612195971,0
3479,463,1.0584024749765233,1.6452625248773377e-16,1.058402474976523,0
3456,462,1.0584026680517102,2.5202599375138385e-13,1.0584026680514582,0
2103,270,1.060560667161448,4.150845294846001e-09,1.0605606630106028,0
2343,282,1.0608727312512811,4.202422480660149e-14,1.0608727312512392,0
1063,169,1.0616102619895256,1.575865389406506e-10,1.061610261831939,0
1396,227,1.0633060853271168,9.581894737431733e-09,1.063306075745222,0
3683,487,1.0679710135871283,3.181426133698503e-08,1.0679709817728669,0
834,128,1.0688200484349133,9.541538370442343e-10,1.0688200474807594,0
1673,250,1.0703185985667578,3.5070736307074416e-08,1.0703185634960215,0
2561,293,1.0704556499852174,1.464699369163404e-11,1.0704556499705704,0
671,106,1.0709564107962866,2.9785536608393945e-08,1.0709563810107499,0
759,116,1.071063156918362,1.6341249648396822e-13,1.0710631569181985,0
3276,452,1.071596988648698,1.3779527652336246e-07,1.0715968508534215,0
1904,260,1.0731115520629024,8.928527890253894e-11,1.0731115519736172,0
1317,211,1.0741022188420628,1.6368720349211045e-11,1.0741022188256941,0
1186,190,1.0754491446153434,9.114816129163043e-11,1.0754491445241952,0
3525,463,1.0757078381990952,1.6452625248773377e-16,1.075707838199095,0
1169,188,1.0762778082668651,1.8294152384901995e-09,1.0762778064374499,0
980,152,1.07727165590605,6.563101367730883e-12,1.0772716558994868,0
359,54,1.0775067915713288,3.5375720778008944e-12,1.0775067915677912,0
3490,463,1.078271364579856,1.6452625248773377e-16,1.0782713645798558,0
3721,487,1.0803976557823791,3.181426133698503e-08,1.0803976239681177,0
2512,290,1.0819243965332725,1.2916389698978609e-15,1.0819243965332712,0
1489,234,1.0822425638113216,1.302283978414377e-13,1.0822425638111914,0
3303,453,1.0822624071677487,3.882372103043203e-11,1.082262407128925,0
1675,250,1.0825130898295787,3.5070736307074416e-08,1.0825130547588424,0
2498,290,1.085885369252126,1.2916389698978609e-15,1.0858853692521246,0
3791,489,1.0860446436133684,9.72823860493449e-17,1.0860446436133684,0
1298,208,1.0862313593762543,9.64570775252484e-10,1.0862313584116834,0
1004,157,1.0868916968293285,1.901553467758606e-14,1.0868916968293094,0
1970,263,1.0879336100691261,6.260107497812655e-08,1.0879335474680512,0
1185,190,1.088120552832802,9.114816129163043e-11,1.0881205527416538,0
2554,293,1.0911323114204123,1.464699369163404e-11,1.0911323114057654,0
2648,298,1.0918319134712893,4.971835632455788e-13,1.0918319134707921,0
799,124,1.0934812223585815,2.9568086603316822e-05,1.093451654271978,0
2013,267,1.0938642491587185,5.509889191193901e-10,1.0938642486077297,0
3184,444,1.094257879107833,1.5310492928978335e-12,1.094257879106302,0
2484,289,1.0945566511207616,6.644853809449961e-13,1.094556651120097,0
2833,307,1.0955075914108265,3.56134292839627e-17,1.0955075914108265,0
2258,276,1.0972621844356867,1.8062144614455593e-11,1.0972621844176245,0
3715,487,1.097701268663503,3.181426133698503e-08,1.0977012368492416,0
3120,319,1.0986372686214814,2.605055760764354e-15,1.0986372686214787,0
1312,211,1.0987013573537472,1.6368720349211045e-11,1.0987013573373785,0
1850,259,1.1017394267690257,2.965740258759707e-11,1.1017394267393683,0
1739,254,1.1017410611440648,2.4443328314609746e-09,1.101741058699732,0
636,99,1.1036042695918018,1.0357870294631994e-14,1.1036042695917914,0
1000,156,1.1037702340794,5.418006449929963e-14,1.1037702340793458,0
333,50,1.1046480666083573,8.861709795864332e-10,1.1046480657221864,0
1414,229,1.1052694149371058,5.107546362977811e-10,1.1052694144263513,0
3567,480,1.1070740038313804,4.580868399630539e-09,1.107073999250512,0
1498,235,1.1075756552941813,5.049271745407276e-14,1.107575655294131,0
3530,463,1.1085396876498637,1.6452625248773377e-16,1.1085396876498634,0
268,42,1.1085873035483362,1.348962075912741e-16,1.108587303548336,0
1900,260,1.1095583960436746,8.928527890253894e-11,1.1095583959543893,0
2645,298,1.1104110183552545,4.971835632455788e-13,1.1104110183547573,0
2476,289,1.1115269583092398,6.644853809449961e-13,1.1115269583085752,0
3707,487,1.112577930352274,3.181426133698503e-08,1.1125778985380126,0
2122,272,1.1129057351932998,2.877372603324762e-09,1.1129057323159273,0
731,113,1.1143284027597207,6.314796594275426e-12,1.114328402753406,0
2259,276,1.1154592378730348,1.8062144614455593e-11,1.1154592378549726,0
1553,245,1.1168455018767052,2.7677037600943016e-09,1.1168454991090013,0
2217,274,1.116983102959013,2.36950622164961e-11,1.1169831029353179,0
2641,298,1.1175428032602104,4.971835632455788e-13,1.1175428032597132,0
3581,481,1.1175792971663512,3.547991747934939e-13,1.1175792971659964,0
1045,166,1.1177369404930815,1.1672750173597096e-08,1.1177369288203314,0
120,28,1.1183033417505195,2.3129022708360788e-08,1.1183033186214968,0
3098,318,1.119150013654642,1.42055103091189e-14,1.1191500136546277,0
940,148,1.1208655651738326,7.740053745361093e-10,1.1208655643998273,0
1923,261,1.1212675310797229,3.181424960694976e-09,1.121267527898298,0
1964,263,1.1221681199447298,6.260107497812655e-08,1.1221680573436548,0
1507,237,1.1222082272434255,1.3245252121199163e-14,1.1222082272434122,0
734,113,1.1229374369356417,6.314796594275426e-12,1.122937436929327,0
3464,462,1.1232543461245774,2.5202599375138385e-13,1.1232543461243254,0
2703,301,1.124799128123543,4.1859505817988276e-12,1.124799128119357,0
3694,487,1.1253138329436467,3.181426133698503e-08,1.1253138011293853,0
647,100,1.126612542798497,3.833844910152921e-15,1.1266125427984932,0
1744,254,1.1294570211920103,2.4443328314609746e-09,1.1294570187476776,0
2891,309,1.1307625572292577,6.134628598245165e-16,1.130762557229257,0
1215,194,1.1309101725524453,4.924248093280047e-13,1.1309101725519528,0
2815,306,1.1319940827741108,8.5648482980827e-13,1.1319940827732544,0
851,131,1.132689896013111,3.72364886637992e-11,1.1326898959758747,0
53,12,1.1340192027626794,4.231721692338142e-07,1.1340187795905101,0
2405,285,1.1357911367704623,9.620779424178325e-16,1.1357911367704614,0
2172,273,1.1359473409633762,7.013674901655295e-11,1.1359473408932395,0
901,139,1.1359926990817149,4.142512798878164e-15,1.1359926990817106,0
1587,246,1.1377397908185962,1.836867727595735e-08,1.137739772449919,0
169,32,1.1386288230034398,8.7205651283379e-11,1.1386288229162342,0
1933,262,1.1407004426721317,2.6417176771104317e-09,1.140700440030414,0
2253,275,1.1409544285114552,1.1708796086492855e-11,1.1409544284997464,0
3314,453,1.1413123746123688,3.882372103043203e-11,1.1413123745735452,0
2633,298,1.1433552623704157,4.971835632455788e-13,1.1433552623699186,0
833,128,1.1456121391646663,9.541538370442343e-10,1.1456121382105124,0
2444,287,1.1461023755221558,1.9594975282532115e-13,1.14610237552196,0
976,152,1.1463034054921186,6.563101367730883e-12,1.1463034054855554,0
1816,258,1.1478379162065218,1.2411362309674262e-11,1.1478379161941104,0
780,120,1.1487119072259557,2.2952263694278702e-15,1.1487119072259535,0
1639,248,1.1495889533015635,3.089990072232165e-08,1.1495889224016629,0
3642,482,1.1497240436916536,8.639135709266118e-17,1.1497240436916536,0
3329,454,1.150455236735367,2.0026012764730836e-16,1.1504552367353669,0
1465,234,1.1514752735497735,1.302283978414377e-13,1.1514752735496434,0
3317,453,1.1522937262047466,3.882372103043203e-11,1.152293726165923,0
1137,183,1.1522970941356165,2.885536588690656e-08,1.1522970652802507,0
3742,488,1.1537516200423108,4.0249848708966285e-11,1.153751620002061,0
2874,309,1.1550185768325527,6.134628598245165e-16,1.155018576832552,0
3710,487,1.1552287528132692,3.181426133698503e-08,1.1552287209990078,0
300,47,1.1555551586142643,5.8226654165816994e-08,1.1555551003876101,0
2115,271,1.155778245226754,2.4939775543579154e-08,1.1557782202869784,0
2952,312,1.1565354645351786,1.872801304616799e-13,1.1565354645349915,0
2340,282,1.156939904630673,4.202422480660149e-14,1.156939904630631,0
1224,196,1.1574367135526054,4.1102266002298437e-14,1.1574367135525643,0
2316,280,1.1585518751979764,2.9036481875944973e-15,1.1585518751979735,0
546,87,1.159863009327332,7.001889019812176e-08,1.1598629393084419,0
3500,463,1.1602714736275,1.6452625248773377e-16,1.1602714736274997,0
1093,173,1.1609406922250103,1.0521312191492142e-12,1.1609406922239582,0
284,42,1.1613777449842109,1.348962075912741e-16,1.1613777449842106,0
1154,186,1.161916792644806,4.113377248468286e-08,1.1619167515110336,0
641,100,1.162422551354754,3.833844910152921e-15,1.1624225513547501,0
54,13,1.162461874403879,4.9056673648404325e-12,1.1624618743989734,0
3732,488,1.1639996477513013,4.0249848708966285e-11,1.1639996477110515,0
1250,200,1.1650439114806235,4.857048237490678e-16,1.165043911480623,0
3223,445,1.1664926571519565,1.3581579873827526e-14,1.166492657151943,0
1456,233,1.1665084348660262,4.4233355877447115e-13,1.1665084348655839,0
1351,217,1.1707811297594228,9.853863232414447e-15,1.170781129759413,0
1355,217,1.1722906271979803,9.853863232414447e-15,1.1722906271979705,0
148,30,1.1727150267790145,2.803532837932063e-09,1.1727150239754818,0
1357,218,1.1731259942049923,3.2106868907955054e-15,1.1731259942049892,0
1962,263,1.1761499303367695,6.260107497812655e-08,1.1761498677356945,0
287,45,1.1781498918477546,5.3133964193037716e-08,1.1781498387137905,0
3420,462,1.1823816428357583,2.5202599375138385e-13,1.1823816428355063,0
1082,171,1.1826341528008486,1.293925483747242e-11,1.1826341527879094,0
1288,207,1.183305347625994,5.021811489460364e-09,1.1833053426041826,0
96,26,1.1837110131060815,5.802001029720007e-08,1.1837109550860712,0
2650,298,1.1840883313306008,4.971835632455788e-13,1.1840883313301036,0
1012,158,1.1843954270818384,7.033808192430619e-15,1.1843954270818313,0
1748,254,1.1855576381725317,2.4443328314609746e-09,1.185557635728199,0
2931,311,1.1857932032033134,2.933100224493187e-13,1.18579320320302,0
1971,263,1.185934990078025,6.260107497812655e-08,1.18593492747695,0
495,77,1.1894894164489018,1.1636489728734524e-13,1.1894894164487855,0
208,36,1.1912689437217847,1.041389911101128e-13,1.1912689437216806,0
1593,246,1.1921153467113759,1.836867727595735e-08,1.1921153283426986,0
1109,175,1.1931496389953986,8.582664465659257e-14,1.1931496389953127,0
3761,489,1.193953784814339,9.72823860493449e-17,1.193953784814339,0
3001,314,1.1940063230701867,1.299374215888945e-15,1.1940063230701854,0
3117,319,1.1941019741292223,2.605055760764354e-15,1.1941019741292196,0
2108,271,1.1951214167250828,2.4939775543579154e-08,1.1951213917853072,0
322,49,1.196453228625778,4.66722565280367e-09,1.1964532239585524,0
3453,462,1.1969370093610077,2.5202599375138385e-13,1.1969370093607556,0
1684,251,1.1972802058267449,9.839073204587584e-08,1.1972801074360129,0
2790,305,1.1973268118853435,1.3667523558818377e-10,1.1973268117486682,0
3193,444,1.1985274851752958,1.5310492928978335e-12,1.1985274851737648,0
3593,481,1.199110251374067,3.547991747934939e-13,1.1991102513737122,0
3059,315,1.2005095469943958,1.0394857467833793e-15,1.2005095469943947,0
631,99,1.2010827360180711,1.0357870294631994e-14,1.2010827360180607,0
2537,292,1.2030369973785557,6.516485207151854e-17,1.2030369973785557,0
2455,287,1.203504806796119,1.9594975282532115e-13,1.203504806795923,0
3218,444,1.2035682379257713,1.5310492928978335e-12,1.2035682379242403,0
1074,170,1.205130190647086,4.378930879764276e-11,1.2051301906032965,0
3686,487,1.2054336097504765,3.181426133698503e-08,1.205433577936215,0
3370,454,1.2054545971281023,2.0026012764730836e-16,1.205454597128102,0
85,19,1.2066068343106733,1.075985909011979e-23,1.2066068343106733,0
430,68,1.2080834781141656,3.9194530171180723e-08,1.2080834389196355,0
2406,285,1.2088016488722613,9.620779424178325e-16,1.2088016488722604,0
48,12,1.2096675209379415,4.231721692338142e-07,1.2096670977657722,0
608,94,1.2100434817217116,3.487298026391017e-12,1.2100434817182244,0
1418,229,1.210710865012118,5.107546362977811e-10,1.2107108645013636,0
3432,462,1.211072093708537,2.5202599375138385e-13,1.211072093708285,0
3396,461,1.2111507447730792,1.3398945504098442e-08,1.2111507313741336,0
1268,204,1.2113215946666598,9.345983388192542e-08,1.211321501206826,0
1135,181,1.2114650103706037,4.3254629833867396e-17,1.2114650103706037,0
2255,275,1.2121122058483085,1.1708796086492855e-11,1.2121122058365996,0
2145,273,1.2123939127005599,7.013674901655295e-11,1.212393912630423,0
3341,454,1.2128032849927795,2.0026012764730836e-16,1.2128032849927792,0
3385,454,1.2134387843035601,2.0026012764730836e-16,1.21343878430356,0
848,130,1.2140239431885758,1.1874350938378968e-10,1.2140239430698323,0
587,92,1.2148200642093674,4.137046662409181e-11,1.214820064167997,0
1263,203,1.2148531173722763,3.661229449975501e-08,1.2148530807599818,0
2665,300,1.2155824814620495,8.439681132842416e-20,1.2155824814620495,0
2805,306,1.2156630637094874,8.5648482980827e-13,1.215663063708631,0
245,40,1.2171361849206543,6.140482860699521e-15,1.2171361849206481,0
2065,270,1.2189041691568367,4.150845294846001e-09,1.2189041650059915,0
2264,276,1.218966838886082,1.8062144614455593e-11,1.2189668388680197,0
1910,261,1.219958420040195,3.181424960694976e-09,1.21995841685877,0
3607,481,1.2206714914415693,3.547991747934939e-13,1.2206714914412145,0
2544,292,1.2227334032792083,6.516485207151854e-17,1.2227334032792083,0
581,91,1.2232898368215162,1.5100046050712686e-10,1.2232898366705156,0
3416,462,1.2237389945555424,2.5202599375138385e-13,1.2237389945552903,0
936,147,1.223851271229912,2.389301030444358e-09,1.2238512688406111,0
632,99,1.2238836734136098,1.0357870294631994e-14,1.2238836734135994,0
104,26,1.2251501570542547,5.802001029720007e-08,1.2251500990342443,0
2046,268,1.227802932961107,0.0013887165593123633,1.2264142164017948,0
712,110,1.227016437170237,2.340308544355628e-10,1.2270164369362062,0
1775,255,1.2282742900230228,1.0227895978082928e-12,1.228274290022,0
2990,313,1.2294213082736285,4.677044190025765e-15,1.2294213082736238,0
406,62,1.2309073316551526,1.7913251696923686e-16,1.2309073316551524,0
1389,225,1.231143600605166,5.705963334327138e-08,1.2311435435455327,0
1731,254,1.2332959494703466,2.4443328314609746e-09,1.2332959470260139,0
1745,254,1.2334550051171969,2.4443328314609746e-09,1.2334550026728641,0
599,94,1.2339368443023497,3.487298026391017e-12,1.2339368442988625,0
1741,254,1.2342782066780265,2.4443328314609746e-09,1.2342782042336937,0
1017,158,1.2344122195837028,7.033808192430619e-15,1.2344122195836957,0
3348,454,1.2348581333236506,2.0026012764730836e-16,1.2348581333236504,0
1560,245,1.235602068153859,2.7677037600943016e-09,1.2356020653861552,0
1794,257,1.2375848261271025,1.816230578529975e-11,1.2375848261089402,0
2446,287,1.2377826510466332,1.9594975282532115e-13,1.2377826510464374,0
3315,453,1.2385846771045346,3.882372103043203e-11,1.238584677065711,0
40,9,1.2388167814242905,3.8459958278042444e-08,1.2388167429643322,0
215,36,1.2390040222404834,1.041389911101128e-13,1.2390040222403793,0
977,152,1.2393871588674625,6.563101367730883e-12,1.2393871588608993,0
965,151,1.2407423295849218,2.1710770241267408e-11,1.240742329563211,0
605,94,1.2419973744661423,3.487298026391017e-12,1.2419973744626551,0
2228,275,1.2427407899240424,1.1708796086492855e-11,1.2427407899123335,0
242,39,1.2429229386654193,1.1460387136006326e-14,1.2429229386654077,0
1443,233,1.244268665785888,4.4233355877447115e-13,1.2442686657854456,0
224,37,1.2457038082752958,3.790769474802072e-14,1.2457038082752578,0
1314,211,1.2466767992126755,1.6368720349211045e-11,1.2466767991963068,0
550,88,1.2477899361336369,1.1293606675968326e-08,1.2477899248400302,0
3017,314,1.248289475019408,1.299374215888945e-15,1.2482894750194067,0
3424,462,1.2484264911179077,2.5202599375138385e-13,1.2484264911176557,0
1337,214,1.2496344736854124,1.8363828478692235e-13,1.2496344736852287,0
1960,263,1.2500208746961956,6.260107497812655e-08,1.2500208120951206,0
682,108,1.2507902362780394,2.342572414414518e-09,1.250790233935467,0
2824,306,1.2508631091389097,8.5648482980827e-13,1.2508631091380533,0
2538,292,1.2523482986091872,6.516485207151854e-17,1.2523482986091872,0
1595,246,1.2529270668112595,1.836867727595735e-08,1.2529270484425823,0
874,134,1.2529332765091081,1.036403907997377e-12,1.2529332765080716,0
3722,487,1.2534754690010106,3.181426133698503e-08,1.2534754371867491,0
2736,304,1.2538099921194192,6.16858534776888e-08,1.2538099304335657,0
1462,233,1.2539723196167147,4.4233355877447115e-13,1.2539723196162724,0
1947,263,1.2551685638578378,6.260107497812655e-08,1.2551685012567628,0
666,106,1.2558803401810312,2.9785536608393945e-08,1.2558803103954945,0
3648,482,1.2578821561744806,8.639135709266118e-17,1.2578821561744806,0
944,148,1.258122916259521,7.740053745361093e-10,1.2581229154855158,0
1909,261,1.2583073086302536,3.181424960694976e-09,1.2583073054488287,0
1077,171,1.2586413093598277,1.293925483747242e-11,1.2586413093468884,0
1308,210,1.2591705769270747,5.304275994573737e-11,1.259170576874032,0
728,113,1.26131635696216,6.314796594275426e-12,1.2613163569558452,0
982,153,1.2614856620288328,1.949510303953235e-12,1.2614856620268833,0
2178,273,1.2621283043119504,7.013674901655295e-11,1.2621283042418137,0
1750,254,1.2623491291988327,2.4443328314609746e-09,1.2623491267545,0
1944,262,1.2628156131131534,2.6417176771104317e-09,1.2628156104714356,0
1506,237,1.263573646823093,1.3245252121199163e-14,1.2635736468230796,0
1779,256,1.263627683591688,5.856305914246352e-12,1.2636276835858318,0
1353,217,1.2642885883722372,9.853863232414447e-15,1.2642885883722275,0
2434,286,1.2653509902398714,7.698306528367907e-14,1.2653509902397944,0
2481,289,1.265351217085639,6.644853809449961e-13,1.2653512170849743,0
2711,301,1.2658526981988676,4.1859505817988276e-12,1.2658526981946816,0
1108,175,1.2668492455991247,8.582664465659257e-14,1.2668492455990388,0
3245,445,1.2669055591587879,1.3581579873827526e-14,1.2669055591587743,0
617,97,1.2679671245697455,8.016543530614307e-14,1.2679671245696653,0
2119,271,1.2680546367402201,2.4939775543579154e-08,1.2680546118004445,0
2695,301,1.268621991845965,4.1859505817988276e-12,1.268621991841779,0
2044,268,1.2718746489706716,0.0013887165593123633,1.2704859324113593,0
1302,209,1.272155145638796,1.8680665561611676e-10,1.2721551454519895,0
2197,274,1.2744429829034216,2.36950622164961e-11,1.2744429828797266,0
1201,192,1.2745518242903129,7.691922364185402e-12,1.274551824282621,0
82,18,1.2747733795799234,2.911795196197686e-17,1.2747733795799234,0
2089,270,1.2759064899727588,4.150845294846001e-09,1.2759064858219136,0
1197,191,1.2767393968670633,2.607978809576692e-11,1.2767393968409835,0
1606,247,1.2786546487242376,1.7393141563297048e-07,1.278654474792822,0
1566,245,1.2800098234230917,2.7677037600943016e-09,1.2800098206553878,0
2185,273,1.2811076154627836,7.013674901655295e-11,1.2811076153926468,0
786,120,1.2820883400116436,2.2952263694278702e-15,1.2820883400116414,0
1957,263,1.2833816326249676,6.260107497812655e-08,1.2833815700238926,0
3628,481,1.285964334965671,3.547991747934939e-13,1.2859643349653163,0
3206,444,1.2896630845961916,1.5310492928978335e-12,1.2896630845946606,0
2592,294,1.2926936504452329,2.410478477917211e-10,1.292693650204185,0
3554,480,1.2935091494278883,4.580868399630539e-09,1.29350914484702,0
2861,309,1.2947809252414206,6.134628598245165e-16,1.29478092524142,0
1416,229,1.2952791075655894,5.107546362977811e-10,1.2952791070548348,0
3016,314,1.296144286653701,1.299374215888945e-15,1.2961442866536996,0
2906,310,1.296742581958894,9.16072726806541e-13,1.2967425819579779,0
1471,234,1.297027208046756,1.302283978414377e-13,1.2970272080466259,0
2243,275,1.299122617977664,1.1708796086492855e-11,1.2991226179659552,0
218,36,1.3009279738612884,1.041389911101128e-13,1.3009279738611843,0
765,117,1.3010647368929948,5.220959107738431e-14,1.3010647368929427,0
1441,232,1.3011387639161285,1.0268320555327123e-11,1.3011387639058603,0
1990,265,1.3025352518486764,0.001292350371451957,1.3012429014772244,0
1482,234,1.3029646205613408,1.302283978414377e-13,1.3029646205612107,0
526,85,1.3033764687509517,3.652380527545027e-08,1.3033764322271464,0
1747,254,1.3034294913110203,2.4443328314609746e-09,1.3034294888666875,0
1264,204,1.3037864379735264,9.345983388192542e-08,1.3037863445136926,0
1523,239,1.3041144635937405,7.355063916718475e-16,1.3041144635937398,0
2097,270,1.305184138625437,4.150845294846001e-09,1.3051841344745918,0
3438,462,1.3055892974825964,2.5202599375138385e-13,1.3055892974823444,0
2698,301,1.3065346568328926,4.1859505817988276e-12,1.3065346568287066,0
1856,259,1.3075565687160737,2.965740258759707e-11,1.3075565686864163,0
905,139,1.3085330637094885,4.142512798878164e-15,1.3085330637094843,0
582,91,1.308584933622285,1.5100046050712686e-10,1.3085849334712845,0
1013,158,1.3093544836542148,7.033808192430619e-15,1.3093544836542077,0
2166,273,1.3100365098835567,7.013674901655295e-11,1.31003650981342,0
3127,319,1.310398220808162,2.605055760764354e-15,1.3103982208081593,0
1452,233,1.3138128236735065,4.4233355877447115e-13,1.3138128236730642,0
3211,444,1.3149420502905378,1.5310492928978335e-12,1.3149420502890068,0
1166,188,1.3157941208319557,1.8294152384901995e-09,1.3157941190025404,0
490,76,1.3161280095093741,4.5043990498316753e-13,1.3161280095089236,0
1364,220,1.3165235987847144,1.77628921075069e-16,1.3165235987847141,0
1287,207,1.3187347110017311,5.021811489460364e-09,1.3187347059799197,0
1845,259,1.3195924334739135,2.965740258759707e-11,1.3195924334442561,0
604,94,1.3200042669596475,3.487298026391017e-12,1.3200042669561602,0
3149,443,1.3200610869473168,2.704976766350902e-16,1.3200610869473166,0
856,132,1.3202926951902805,1.1444380813452159e-11,1.320292695178836,0
3267,452,1.3219045348931957,1.3779527652336246e-07,1.3219043970979192,0
2101,270,1.323002489079837,4.150845294846001e-09,1.3230024849289919,0
740,114,1.3238708306041727,1.8746107867770666e-12,1.3238708306022982,0
3606,481,1.3244413686822383,3.547991747934939e-13,1.3244413686818834,0
2049,269,1.3283016674750485,0.001120824880879847,1.3271808425941687,0
2777,305,1.3284388246989076,1.3667523558818377e-10,1.3284388245622323,0
984,153,1.329363565516005,1.949510303953235e-12,1.3293635655140554,0
2427,286,1.3311600602267946,7.698306528367907e-14,1.3311600602267175,0
2621,297,1.3846891967657617,0.052442007653389786,1.332247189112372,0
1007,157,1.334139224802408,1.901553467758606e-14,1.334139224802389,0
203,36,1.3350235853235615,1.041389911101128e-13,1.3350235853234573,0
2781,305,1.3358489808381033,1.3667523558818377e-10,1.335848980701428,0
1094,174,1.3368790463280849,2.880784372192086e-13,1.3368790463277969,0
197,35,1.3375311242044996,4.385199630359555e-13,1.337531124204061,0
817,125,1.3386942990114374,5.48400516992189e-09,1.3386942935274322,0
1542,243,1.3392073827835271,3.938308428503602e-12,1.3392073827795887,0
1291,207,1.3392554754937536,5.021811489460364e-09,1.3392554704719422,0
2988,312,1.3394836869547482,1.872801304616799e-13,1.339483686954561,0
3557,480,1.3399505248411214,4.580868399630539e-09,1.339950520260253,0
2317,280,1.3401873523708958,2.9036481875944973e-15,1.340187352370893,0
2697,301,1.3421932269073973,4.1859505817988276e-12,1.3421932269032113,0
3680,487,1.3434309389952934,3.181426133698503e-08,1.343430907181032,0
141,29,1.3437016037914122,8.916717116056003e-09,1.343701594874695,0
2587,294,1.3440082446862527,2.410478477917211e-10,1.3440082444452048,0
914,141,1.345633175825302,3.0831099682706644e-16,1.3456331758253017,0
2210,274,1.3465391401410478,2.36950622164961e-11,1.3465391401173528,0
511,80,1.3468458608850171,6.018972482339566e-15,1.3468458608850111,0
2636,298,1.3476603158869134,4.971835632455788e-13,1.3476603158864162,0
356,53,1.3480642154477513,1.4221001697895805e-11,1.3480642154335303,0
1305,210,1.3516656659203377,5.304275994573737e-11,1.351665665867295,0
2732,303,1.3531716773698652,1.879811937275855e-05,1.3531528792504925,0
3056,315,1.3542659251853455,1.0394857467833793e-15,1.3542659251853444,0
3616,481,1.3550414975340832,3.547991747934939e-13,1.3550414975337284,0
1879,260,1.355285565116447,8.928527890253894e-11,1.3552855650271618,0
3109,318,1.3563547796060007,1.42055103091189e-14,1.3563547796059865,0
878,135,1.3587582069190574,3.0970372533502083e-13,1.3587582069187476,0
3272,452,1.3591800977758355,1.3779527652336246e-07,1.359179959980559,0
3574,480,1.359655611141088,4.580868399630539e-09,1.3596556065602197,0
1798,257,1.361837489527297,1.816230578529975e-11,1.3618374895091347,0
2841,308,1.361988310072229,8.096690797303459e-17,1.361988310072229,0
1078,171,1.3629838865105721,1.293925483747242e-11,1.362983886497633,0
3194,444,1.3630795554126356,1.5310492928978335e-12,1.3630795554111046,0
1880,260,1.3644048817967989,8.928527890253894e-11,1.3644048817075136,0
2025,267,1.3664792988223682,5.509889191193901e-10,1.3664792982713794,0
2010,266,1.3672524256433398,2.5409228184154824e-10,1.3672524253892475,0
1117,177,1.3672675421546114,1.1207766762308908e-14,1.3672675421546003,0
118,28,1.368242670822397,2.3129022708360788e-08,1.3682426476933742,0
2764,305,1.368305079386511,1.3667523558818377e-10,1.3683050792498357,0
123,28,1.3685302489294244,2.3129022708360788e-08,1.3685302258004017,0
3247,445,1.3686455607067263,1.3581579873827526e-14,1.3686455607067127,0
2596,294,1.3699700399849661,2.410478477917211e-10,1.3699700397439183,0
3483,463,1.3708437143974195,1.6452625248773377e-16,1.3708437143974193,0
2782,305,1.3710596335024534,1.3667523558818377e-10,1.371059633365778,0
747,115,1.3754867375929403,5.476909832588855e-13,1.3754867375923925,0
2371,284,1.3758130485932685,7.6691666216322715e-16,1.3758130485932678,0
3167,444,1.3759721651564611,1.5310492928978335e-12,1.3759721651549301,0
2249,275,1.3766707188644214,1.1708796086492855e-11,1.3766707188527125,0
1056,168,1.376843604971098,6.174381332871962e-10,1.3768436043536598,0
2297,279,1.3770502061753913,9.338311355247114e-15,1.377050206175382,0
818,126,1.377405198595653,3.4700673349947615e-09,1.3774051951255857,0
2853,309,1.378030995276869,6.134628598245165e-16,1.3780309952768683,0
3004,314,1.379745191096532,1.299374215888945e-15,1.3797451910965306,0
2407,285,1.379921570407097,9.620779424178325e-16,1.3799215704070962,0
2491,290,1.3801787989807752,1.2916389698978609e-15,1.380178798980774,0
3090,317,1.380500945941507,3.5382690039432536e-14,1.3805009459414717,0
1027,160,1.3805846560954391,6.209522758255086e-16,1.3805846560954385,0
3103,318,1.3815923137077835,1.42055103091189e-14,1.3815923137077692,0
155,31,1.3832401225265438,4.150746500499982e-10,1.3832401221114692,0
138,29,1.385954100715069,8.916717116056003e-09,1.385954091798352,0
2017,267,1.3860326534735574,5.509889191193901e-10,1.3860326529225686,0
485,76,1.3860937155722866,4.5043990498316753e-13,1.386093715571836,0
1820,258,1.3877255546332508,1.2411362309674262e-11,1.3877255546208394,0
2149,273,1.3877666900104453,7.013674901655295e-11,1.3877666899403085,0
707,110,1.3898782911798848,2.340308544355628e-10,1.389878290945854,0
1320,212,1.3904428614807798,4.105301045193624e-12,1.3904428614766744,0
36,8,1.3928844968839762,2.568143831532584e-07,1.392884240069593,0
750,115,1.393955336537314,5.476909832588855e-13,1.3939553365367663,0
2951,312,1.3941209554464067,1.872801304616799e-13,1.3941209554462195,0
2304,280,1.395108682471404,2.9036481875944973e-15,1.3951086824714012,0
2503,290,1.396414563259653,1.2916389698978609e-15,1.3964145632596516,0
1994,265,1.3989019320529252,0.001292350371451957,1.3976095816814733,0
3324,453,1.4001306281899237,3.882372103043203e-11,1.4001306281511001,0
114,27,1.400930089221153,4.429928115474769e-08,1.4009300449218718,0
3454,462,1.4011514841572639,2.5202599375138385e-13,1.4011514841570119,0
3790,489,1.4017956813080235,9.72823860493449e-17,1.4017956813080235,0
1594,246,1.402060792255038,1.836867727595735e-08,1.4020607738863609,0
2174,273,1.4032721127496748,7.013674901655295e-11,1.403272112679538,0
1892,260,1.404290001775353,8.928527890253894e-11,1.4042900016860678,0
655,101,1.4060256073695496,1.1793487217119534e-15,1.4060256073695485,0
404,61,1.4064080931767038,9.766876219186797e-16,1.406408093176703,0
63,16,1.408418293507239,7.146593039887984e-13,1.4084182935065241,0
1649,248,1.4086577757301297,3.089990072232165e-08,1.408657744830229,0
961,150,1.4092599740998502,7.185525865441819e-11,1.409259974027995,0
2809,306,1.4097578331052414,8.5648482980827e-13,1.409757833104385,0
3712,487,1.412478505025096,3.181426133698503e-08,1.4124784732108346,0
1532,239,1.412765979924586,7.355063916718475e-16,1.4127659799245853,0
3740,488,1.4133467550515888,4.0249848708966285e-11,1.413346755011339,0
3709,487,1.4150740663297587,3.181426133698503e-08,1.4150740345154973,0
1497,235,1.4151238058968185,5.049271745407276e-14,1.4151238058967681,0
646,100,1.4202346807734534,3.833844910152921e-15,1.4202346807734496,0
802,124,1.420576838467824,2.9568086603316822e-05,1.4205472703812205,0
1386,225,1.4213204936312334,5.705963334327138e-08,1.4213204365716001,0
3177,444,1.421363762078465,1.5310492928978335e-12,1.421363762076934,0
177,33,1.4217922927797684,3.159401517677373e-11,1.4217922927481743,0
3509,463,1.4222358629614105,1.6452625248773377e-16,1.4222358629614102,0
3270,452,1.4231750713882945,1.3779527652336246e-07,1.423174933593018,0
917,144,1.423671113980559,1.862608741872197e-07,1.4236709277196846,0
2831,307,1.4236883409383827,3.56134292839627e-17,1.4236883409383827,0
1851,259,1.4239370307349752,2.965740258759707e-11,1.4239370307053179,0
1384,225,1.4249678482354935,5.705963334327138e-08,1.4249677911758603,0
318,48,1.425458122988815,1.764569275717097e-08,1.4254581053431223,0
3191,444,1.4259901525582228,1.5310492928978335e-12,1.4259901525566918,0
884,136,1.4262746318609916,9.625625815730744e-14,1.4262746318608954,0
1558,245,1.4265871407732043,2.7677037600943016e-09,1.4265871380055004,0
3403,461,1.4299657838690254,1.3398945504098442e-08,1.4299657704700799,0
1813,258,1.4307485770573494,1.2411362309674262e-11,1.430748577044938,0
103,26,1.4314302853038243,5.802001029720007e-08,1.431430227283814,0
76,17,1.4315742707332235,1.8913444246141057e-12,1.4315742707313321,0
3450,462,1.4341148411031122,2.5202599375138385e-13,1.4341148411028601,0
934,146,1.4344925250935086,7.299894751627578e-09,1.4344925177936139,0
609,95,1.4355265501230376,9.774396631077065e-13,1.4355265501220602,0
2045,268,1.4370156380786259,0.0013887165593123633,1.4356269215193136,0
402,60,1.4361963638913957,3.3891978890040323e-15,1.4361963638913924,0
2198,274,1.4367772360611606,2.36950622164961e-11,1.4367772360374655,0
261,41,1.4370611716210044,9.181671014219212e-16,1.4370611716210036,0
1134,180,1.4394125117297452,2.6170908545131544e-16,1.439412511729745,0
2977,312,1.4405898599478222,1.872801304616799e-13,1.440589859947635,0
3669,487,1.441073152387737,3.181426133698503e-08,1.4410731205734755,0
946,149,1.4422141039781915,2.3880847473257923e-10,1.442214103739383,0
479,74,1.444189165499775,6.843708627231646e-12,1.4441891654929313,0
1688,251,1.4447678080918696,9.839073204587584e-08,1.4447677097011375,0
377,56,1.4449402487063865,1.6342449654299545e-13,1.444940248706223,0
580,91,1.446206809401602,1.5100046050712686e-10,1.4462068092506015,0
1831,258,1.4467403235947962,1.2411362309674262e-11,1.4467403235823848,0
3777,489,1.4474210080093828,9.72823860493449e-17,1.4474210080093828,0
2124,272,1.4486752486330885,2.877372603324762e-09,1.448675245755716,0
1773,255,1.4488257280068275,1.0227895978082928e-12,1.4488257280058048,0
1959,263,1.4490236306645004,6.260107497812655e-08,1.4490235680634254,0
2135,272,1.4491386711421927,2.877372603324762e-09,1.4491386682648202,0
931,146,1.4496080017526867,7.299894751627578e-09,1.449607994452792,0
2748,304,1.451729651092985,6.16858534776888e-08,1.4517295894071314,0
1662,249,1.4528642929410411,8.838807408460086e-09,1.4528642841022337,0
1604,247,1.4531742479440106,1.7393141563297048e-07,1.453174074012595,0
1051,167,1.4534936353946883,2.5670306995862746e-09,1.4534936328276575,0
2130,272,1.453709115986391,2.877372603324762e-09,1.4537091131090185,0
1356,218,1.4565462524774724,3.2106868907955054e-15,1.4565462524774693,0
880,135,1.457821377005963,3.0970372533502083e-13,1.4578213770056532,0
3418,462,1.458337271154632,2.5202599375138385e-13,1.45833727115438,0
1817,258,1.4585422587664545,1.2411362309674262e-11,1.458542258754043,0
3222,444,1.4590899544690203,1.5310492928978335e-12,1.4590899544674893,0
3302,453,1.4602996318651065,3.882372103043203e-11,1.4602996318262829,0
1607,247,1.4605159031110253,1.7393141563297048e-07,1.4605157291796096,0
2693,301,1.4606341169422794,4.1859505817988276e-12,1.4606341169380934,0
3388,454,1.46096147721033,2.0026012764730836e-16,1.4609614772103299,0
915,144,1.462933636077082,1.862608741872197e-07,1.4629334498162077,0
365,55,1.4633739537544457,7.163626509047019e-13,1.4633739537537294,0
43,11,1.4646293040938352,4.4596109952819997e-07,1.4646288581327356,0
2840,308,1.4648758287482022,8.096690797303459e-17,1.4648758287482022,0
3369,454,1.4671188790053054,2.0026012764730836e-16,1.4671188790053051,0
2839,308,1.4696159984876787,8.096690797303459e-17,1.4696159984876787,0
1095,174,1.4710853795202496,2.880784372192086e-13,1.4710853795199617,0
2713,301,1.4718704069079878,4.1859505817988276e-12,1.4718704069038018,0
345,52,1.4719260255461768,4.727848735880697e-11,1.4719260254988984,0
999,156,1.472938448872396,5.418006449929963e-14,1.4729384488723418,0
46,12,1.4729501858680814,4.231721692338142e-07,1.472949762695912,0
1789,256,1.4738029569802562,5.856305914246352e-12,1.4738029569744,0
380,57,1.4767623252091586,4.4018830402979806e-14,1.4767623252091147,0
1464,234,1.477098198366102,1.302283978414377e-13,1.477098198365972,0
3478,463,1.4779769863091368,1.6452625248773377e-16,1.4779769863091365,0
2028,267,1.4787015694495973,5.509889191193901e-10,1.4787015688986085,0
1730,254,1.4790083891515688,2.4443328314609746e-09,1.4790083867072361,0
1097,174,1.4809371861539415,2.880784372192086e-13,1.4809371861536536,0
3020,314,1.4818147077716826,1.299374215888945e-15,1.4818147077716812,0
2551,293,1.4831731512726951,1.464699369163404e-11,1.4831731512580482,0
1191,191,1.488150824338904,2.607978809576692e-11,1.4881508243128243,0
337,51,1.4887005795670292,1.694331164104189e-10,1.488700579397596,0
1232,197,1.489130874099308,1.6445336640676955e-14,1.4891308740992917,0
1511,237,1.4902432731498598,1.3245252121199163e-14,1.4902432731498465,0
1725,254,1.4907841243596855,2.4443328314609746e-09,1.4907841219153528,0
2780,305,1.490912290902417,1.3667523558818377e-10,1.4909122907657417,0
2875,309,1.4910005508770157,6.134628598245165e-16,1.491000550877015,0
50,12,1.4917510786177162,4.231721692338142e-07,1.4917506554455469,0
3492,463,1.4917641770657748,1.6452625248773377e-16,1.4917641770657746,0
3150,443,1.4922702911645909,2.704976766350902e-16,1.4922702911645906,0
2923,311,1.4952478051662486,2.933100224493187e-13,1.4952478051659552,0
1997,266,1.4960480016001325,2.5409228184154824e-10,1.4960480013460402,0
1446,233,1.496933895129079,4.4233355877447115e-13,1.4969338951286366,0
2338,282,1.4971870812307568,4.202422480660149e-14,1.4971870812307149,0
3217,444,1.4974128054108453,1.5310492928978335e-12,1.4974128054093143,0
2882,309,1.4978670622128776,6.134628598245165e-16,1.497867062212877,0
528,85,1.4982586584527073,3.652380527545027e-08,1.498258621928902,0
626,98,1.5006270130025479,2.7221877226530916e-14,1.5006270130025205,0
2006,266,1.5045478820328024,2.5409228184154824e-10,1.5045478817787101,0
1819,258,1.5046609692673594,1.2411362309674262e-11,1.504660969254948,0
2919,310,1.5047374857913938,9.16072726806541e-13,1.5047374857904776,0
3649,482,1.5065057973562908,8.639135709266118e-17,1.5065057973562908,0
1238,198,1.5107058657511983,6.419436270567702e-15,1.5107058657511918,0
1362,219,1.51289166369159,8.196610553416537e-16,1.512891663691589,0
2193,274,1.5151172385958853,2.36950622164961e-11,1.5151172385721903,0
283,42,1.5166053726323439,1.348962075912741e-16,1.5166053726323436,0
327,49,1.5168309679380696,4.66722565280367e-09,1.5168309632708439,0
1991,265,1.5183242658814766,0.001292350371451957,1.5170319155100247,0
2863,309,1.5193843959710005,6.134628598245165e-16,1.5193843959709998,0
8,5,1.520120651902048,5.078688754403545e-16,1.5201206519020476,0
3153,443,1.5206978907901327,2.704976766350902e-16,1.5206978907901325,0
557,89,1.521872906195376,2.474143598188241e-09,1.5218729037212324,0
3123,319,1.5222645204534284,2.605055760764354e-15,1.5222645204534258,0
2728,303,1.522640860350278,1.879811937275855e-05,1.5226220622309052,0
3334,454,1.523285147588924,2.0026012764730836e-16,1.5232851475889237,0
441,70,1.523319504004488,1.7328865802541619e-09,1.5233195022716015,0
507,79,1.523445395167592,1.4596568291693164e-14,1.5234453951675773,0
2315,280,1.5248425952637872,2.9036481875944973e-15,1.5248425952637843,0
3347,454,1.525961943201843,2.0026012764730836e-16,1.5259619432018428,0
2985,312,1.5281142882122711,1.872801304616799e-13,1.528114288212084,0
2483,289,1.528427930559731,6.644853809449961e-13,1.5284279305590664,0
320,49,1.5290138461484015,4.66722565280367e-09,1.5290138414811758,0
778,120,1.5303471672922668,2.2952263694278702e-15,1.5303471672922646,0
1862,259,1.5303567411422379,2.965740258759707e-11,1.5303567411125805,0
1240,198,1.5310827613186686,6.419436270567702e-15,1.5310827613186622,0
3435,462,1.5314767575449488,2.5202599375138385e-13,1.5314767575446968,0
1992,265,1.533089290265195,0.001292350371451957,1.531796939893743,0
3025,314,1.532117518288117,1.299374215888945e-15,1.5321175182881157,0
3163,444,1.5325149772208435,1.5310492928978335e-12,1.5325149772193125,0
2642,298,1.5329015377849746,4.971835632455788e-13,1.5329015377844775,0
368,55,1.5358652323442965,7.163626509047019e-13,1.5358652323435802,0
2816,306,1.5358662880730394,8.5648482980827e-13,1.535866288072183,0
469,74,1.536209515527818,6.843708627231646e-12,1.5362095155209743,0
1786,256,1.5364498700750995,5.856305914246352e-12,1.5364498700692433,0
3242,445,1.5366931390131275,1.3581579873827526e-14,1.536693139013114,0
2540,292,1.5429708979137702,6.516485207151854e-17,1.5429708979137702,0
293,46,1.543691650408508,9.858527340597493e-08,1.5436915518232346,0
3627,481,1.5438773151104728,3.547991747934939e-13,1.543877315110118,0
960,150,1.5458397533453923,7.185525865441819e-11,1.545839753273537,0
3058,315,1.5464425485587683,1.0394857467833793e-15,1.5464425485587672,0
3111,318,1.5477720343247678,1.42055103091189e-14,1.5477720343247536,0
2374,284,1.5485176742518996,7.6691666216322715e-16,1.548517674251899,0
839,129,1.548970376366118,3.577608934277469e-10,1.548970376008357,0
1680,251,1.5504370397870577,9.839073204587584e-08,1.5504369413963257,0
18,6,1.5521687803597297,5.814455016677414e-12,1.5521687803539153,0
185,35,1.5530036542759897,4.385199630359555e-13,1.5530036542755512,0
2944,312,1.555116903787444,1.872801304616799e-13,1.5551169037872568,0
1348,216,1.557068391818763,2.1010365452513193e-14,1.557068391818742,0
3162,443,1.5574777117024776,2.704976766350902e-16,1.5574777117024774,0
1369,223,1.5578869042416696,1.6445057542207357e-08,1.557886887796612,0
3688,487,1.5585450392988713,3.181426133698503e-08,1.55854500748461,0
1026,159,1.5592170484548484,2.3066592648838474e-15,1.5592170484548462,0
2965,312,1.560534315705017,1.872801304616799e-13,1.56053431570483,0
649,101,1.5633043354053295,1.1793487217119534e-15,1.5633043354053284,0
2489,289,1.5638162587568962,6.644853809449961e-13,1.5638162587562316,0
2347,282,1.5647037835001485,4.202422480660149e-14,1.5647037835001065,0
3084,317,1.5652038913445485,3.5382690039432536e-14,1.5652038913445132,0
2350,282,1.5654470532985696,4.202422480660149e-14,1.5654470532985276,0
1537,240,1.567443621715867,3.5842135945461275e-16,1.5674436217158665,0
2229,275,1.567970231527384,1.1708796086492855e-11,1.5679702315156752,0
634,99,1.5681193967095222,1.0357870294631994e-14,1.5681193967095117,0
1771,255,1.571110494910015,1.0227895978082928e-12,1.5711104949089922,0
3246,445,1.5717974773524905,1.3581579873827526e-14,1.571797477352477,0
88,25,1.5726220265388182,3.0174777683192664e-08,1.5726219963640404,0
3801,497,1.5732372442923994,6.724972253284777e-13,1.5732372442917268,0
2871,309,1.5732412544451018,6.134628598245165e-16,1.573241254445101,0
69,17,1.5735427126635149,1.8913444246141057e-12,1.5735427126616235,0
3134,319,1.5737225546203155,2.605055760764354e-15,1.5737225546203129,0
2836,307,1.5747145215811766,3.56134292839627e-17,1.5747145215811766,0
2081,270,1.5758402044364008,4.150845294846001e-09,1.5758402002855556,0
2074,270,1.5773918724757168,4.150845294846001e-09,1.5773918683248715,0
2425,286,1.578995492425358,7.698306528367907e-14,1.578995492425281,0
3187,444,1.5806079951979974,1.5310492928978335e-12,1.5806079951964664,0
403,60,1.5813023889039595,3.3891978890040323e-15,1.5813023889039561,0
1274,205,1.5824078967151745,6.336653797613078e-08,1.5824078333486364,0
664,105,1.583018113009271,1.967969969477813e-07,1.5830179162122742,0
2932,311,1.5832957202256364,2.933100224493187e-13,1.583295720225343,0
855,131,1.5836909746795242,3.72364886637992e-11,1.5836909746422878,0
1648,248,1.584153506358954,3.089990072232165e-08,1.5841534754590534,0
2800,306,1.5843971473042529,8.5648482980827e-13,1.5843971473033964,0
1901,260,1.5865571004624281,8.928527890253894e-11,1.586557100373143,0
2605,295,1.5874761580545227,1.4909076931052162e-07,1.5874760089637534,0
1481,234,1.587484274033311,1.302283978414377e-13,1.587484274033181,0
1718,253,1.5878799860016706,1.3625131584392639e-08,1.5878799723765389,0
3283,452,1.5896635170568738,1.3779527652336246e-07,1.5896633792615973,0
455,72,1.59311823720766,8.471221293493244e-11,1.5931182371229478,0
1538,241,1.5931501928713003,2.6176780359078053e-17,1.5931501928713003,0
157,31,1.5950680383906783,4.150746500499982e-10,1.5950680379756037,0
2284,278,1.595225848728197,1.0070422376633096e-12,1.59522584872719,0
1366,223,1.596291385834619,1.6445057542207357e-08,1.5962913693895615,0
1144,184,1.5968494339145693,1.5506235071975223e-07,1.5968492788522186,0
2548,292,1.5979415790440317,6.516485207151854e-17,1.5979415790440317,0
1801,258,1.6010218184806733,1.2411362309674262e-11,1.6010218184682619,0
2077,270,1.6021351148951974,4.150845294846001e-09,1.6021351107443522,0
2528,290,1.6021846653921554,1.2916389698978609e-15,1.602184665392154,0
837,129,1.60316092769612,3.577608934277469e-10,1.6031609273383591,0
2518,290,1.6042601937116865,1.2916389698978609e-15,1.6042601937116852,0
2887,309,1.6090013306073667,6.134628598245165e-16,1.609001330607366,0
2582,293,1.609211525835285,1.464699369163404e-11,1.609211525820638,0
3136,320,1.6125415163854417,8.74737734152972e-15,1.612541516385433,0
1863,259,1.614206355720448,2.965740258759707e-11,1.6142063556907906,0
202,36,1.6159531118971946,1.041389911101128e-13,1.6159531118970905,0
3322,453,1.6164721021963617,3.882372103043203e-11,1.6164721021575381,0
1913,261,1.6182275861686661,3.181424960694976e-09,1.6182275829872412,0
708,110,1.619557774558229,2.340308544355628e-10,1.6195577743241982,0
650,101,1.6195679991592216,1.1793487217119534e-15,1.6195679991592205,0
3667,487,1.6204399212524863,3.181426133698503e-08,1.6204398894382248,0
477,74,1.62061464704839,6.843708627231646e-12,1.6206146470415463,0
2535,291,1.6211249099608822,1.970093906999935e-16,1.621124909960882,0
653,101,1.6219111060253655,1.1793487217119534e-15,1.6219111060253644,0
3014,314,1.622537554452914,1.299374215888945e-15,1.6225375544529126,0
3476,463,1.6240517030365194,1.6452625248773377e-16,1.6240517030365191,0
1821,258,1.6303373653980924,1.2411362309674262e-11,1.630337365385681,0
3319,453,1.6333850499074987,3.882372103043203e-11,1.633385049868675,0
569,90,1.635161924890265,5.952456824074421e-10,1.6351619242950193,0
3172,444,1.6372566029050717,1.5310492928978335e-12,1.6372566029035407,0
2420,286,1.6392184271100856,7.698306528367907e-14,1.6392184271100085,0
2181,273,1.6399705089349226,7.013674901655295e-11,1.6399705088647858,0
1155,186,1.6441734391015594,4.113377248468286e-08,1.644173397967787,0
2236,275,1.6462251494943645,1.1708796086492855e-11,1.6462251494826556,0
3287,452,1.647714333880298,1.3779527652336246e-07,1.6477141960850215,0
1152,185,1.6477794223904516,1.9082083938241458e-07,1.6477792315696123,0
1300,209,1.6480917954812775,1.8680665561611676e-10,1.648091795294471,0
1631,247,1.6516182234616454,1.7393141563297048e-07,1.6516180495302297,0
2189,273,1.6525212466032821,7.013674901655295e-11,1.6525212465331454,0
3346,454,1.6561968631867476,2.0026012764730836e-16,1.6561968631867474,0
1374,224,1.6581330907437777,3.7540155641016095e-08,1.658133053203622,0
3599,481,1.6590469459083588,3.547991747934939e-13,1.659046945908004,0
1608,247,1.660352299135824,1.7393141563297048e-07,1.6603521252044082,0
3116,318,1.6637042653659726,1.42055103091189e-14,1.6637042653659584,0
1974,263,1.6682738005985294,6.260107497812655e-08,1.6682737379974544,0
1654,249,1.6683676014131144,8.838807408460086e-09,1.668367592574307,0
3343,454,1.6695946116364238,2.0026012764730836e-16,1.6695946116364235,0
456,72,1.6703632294232271,8.471221293493244e-11,1.6703632293385149,0
923,144,1.6704367939636466,1.862608741872197e-07,1.6704366077027724,0
400,59,1.670877154530965,8.94202124356444e-15,1.6708771545309562,0
808,125,1.6710840854071671,5.48400516992189e-09,1.6710840799231619,0
2890,309,1.6726661607406628,6.134628598245165e-16,1.672666160740662,0
445,71,1.6728928426590939,3.539862612105824e-10,1.6728928423051077,0
3316,453,1.6730832958510502,3.882372103043203e-11,1.6730832958122266,0
2733,303,1.6731924800291085,1.879811937275855e-05,1.6731736819097358,0
681,108,1.6734177597273636,2.342572414414518e-09,1.6734177573847913,0
3391,461,1.673472889206461,1.3398945504098442e-08,1.6734728758075155,0
2762,305,1.675641022417843,1.3667523558818377e-10,1.6756410222811677,0
1060,168,1.6758934665229195,6.174381332871962e-10,1.6758934659054814,0
2562,293,1.680399342167159,1.464699369163404e-11,1.680399342152512,0
2327,281,1.6813084231439213,1.868176861520509e-14,1.6813084231439026,0
2717,302,1.7482881800838308,0.06679719991758762,1.6814909801662432,0
2905,310,1.681588427944336,9.16072726806541e-13,1.68158842794342,0
3289,452,1.68196684820419,1.3779527652336246e-07,1.6819667104089135,0
2363,284,1.6862019156853323,7.6691666216322715e-16,1.6862019156853316,0
2064,270,1.6865282391461087,4.150845294846001e-09,1.6865282349952635,0
2801,306,1.6879965334041709,8.5648482980827e-13,1.6879965334033145,0
3021,314,1.6880210649658773,1.299374215888945e-15,1.688021064965876,0
1906,260,1.6882786297624013,8.928527890253894e-11,1.688278629673116,0
3691,487,1.689084547708502,3.181426133698503e-08,1.6890845158942405,0
382,57,1.6902283592892584,4.4018830402979806e-14,1.6902283592892144,0
3619,481,1.6929018679434205,3.547991747934939e-13,1.6929018679430656,0
2051,269,1.6957130722002183,0.001120824880879847,1.6945922473193384,0
44,12,1.6946438671588904,4.231721692338142e-07,1.694643443986721,0
3006,314,1.6947499422977141,1.299374215888945e-15,1.6947499422977128,0
2724,303,1.6997508687309735,1.879811937275855e-05,1.6997320706116008,0
1301,209,1.7005614225498864,1.8680665561611676e-10,1.7005614223630798,0
2893,309,1.7007031671075987,6.134628598245165e-16,1.700703167107598,0
867,133,1.7011663901633753,3.4723206544584702e-12,1.701166390159903,0
701,110,1.7023929658880423,2.340308544355628e-10,1.7023929656540115,0
971,151,1.708245341165035,2.1710770241267408e-11,1.708245341143324,0
1733,254,1.7087481179354376,2.4443328314609746e-09,1.7087481154911048,0
1889,260,1.7087987367471396,8.928527890253894e-11,1.7087987366578543,0
3654,482,1.7093749206268782,8.639135709266118e-17,1.7093749206268782,0
974,152,1.7094993254157542,6.563101367730883e-12,1.709499325409191,0
845,130,1.7097745228510965,1.1874350938378968e-10,1.709774522732353,0
1204,192,1.7122264511168983,7.691922364185402e-12,1.7122264511092065,0
2376,284,1.7138717303536475,7.6691666216322715e-16,1.7138717303536468,0
178,33,1.7147182123614095,3.159401517677373e-11,1.7147182123298155,0
1395,227,1.7181666377020481,9.581894737431733e-09,1.7181666281201533,0
1585,246,1.7187783088318627,1.836867727595735e-08,1.7187782904631854,0
1118,177,1.7222463535446701,1.1207766762308908e-14,1.722246353544659,0
3508,463,1.7241054654938264,1.6452625248773377e-16,1.7241054654938262,0
2266,276,1.7262787652375178,1.8062144614455593e-11,1.7262787652194556,0
3573,480,1.7275732071090146,4.580868399630539e-09,1.7275732025281463,0
710,110,1.7296815553273752,2.340308544355628e-10,1.7296815550933444,0
229,37,1.731256503068552,3.790769474802072e-14,1.731256503068514,0
2908,310,1.733162827906074,9.16072726806541e-13,1.7331628279051579,0
621,97,1.7357368149495176,8.016543530614307e-14,1.7357368149494374,0
3180,444,1.7360212378729403,1.5310492928978335e-12,1.7360212378714093,0
3428,462,1.7369207869652985,2.5202599375138385e-13,1.7369207869650465,0
243,39,1.7372808827332413,1.1460387136006326e-14,1.7372808827332298,0
2205,274,1.7380196764236275,2.36950622164961e-11,1.7380196763999325,0
1467,234,1.7396291864372353,1.302283978414377e-13,1.7396291864371052,0
2714,301,1.742095640045456,4.1859505817988276e-12,1.74209564004127,0
3468,462,1.742820693960245,2.5202599375138385e-13,1.742820693959993,0
100,26,1.7448574303976876,5.802001029720007e-08,1.7448573723776772,0
3031,314,1.749393902763169,1.299374215888945e-15,1.7493939027631678,0
58,15,1.7508564116276266,1.1055697129497195e-07,1.7508563010706553,0
841,129,1.7510154549081336,3.577608934277469e-10,1.7510154545503727,0
1613,247,1.751456188231636,1.7393141563297048e-07,1.7514560143002202,0
2994,313,1.7526305891714673,4.677044190025765e-15,1.7526305891714626,0
2445,287,1.7551322914263756,1.9594975282532115e-13,1.7551322914261798,0
1385,225,1.7560285506456672,5.705963334327138e-08,1.756028493586034,0
1444,233,1.7571342451306053,4.4233355877447115e-13,1.757134245130163,0
3591,481,1.757139672114719,3.547991747934939e-13,1.7571396721143642,0
3257,452,1.75857457211287,1.3779527652336246e-07,1.7585744343175935,0
496,77,1.7586996373314885,1.1636489728734524e-13,1.7586996373313721,0
1785,256,1.7593140196896129,5.856305914246352e-12,1.7593140196837567,0
3681,487,1.7600208076920554,3.181426133698503e-08,1.760020775877794,0
2449,287,1.7605051137328598,1.9594975282532115e-13,1.760505113732664,0
3644,482,1.7605601860788396,8.639135709266118e-17,1.7605601860788396,0
2026,267,1.7621036816951596,5.509889191193901e-10,1.7621036811441708,0
1985,264,1.764541262299995,0.0009331009686960391,1.7636081613312988,0
3529,463,1.7650652054580798,1.6452625248773377e-16,1.7650652054580795,0
1303,209,1.7657132726415772,1.8680665561611676e-10,1.7657132724547706,0
1674,250,1.7658338439248016,3.5070736307074416e-08,1.7658338088540653,0
1247,199,1.7674171802605174,1.9685583156080276e-15,1.7674171802605154,0
2426,286,1.7701062614709602,7.698306528367907e-14,1.7701062614708831,0
2060,270,1.7707044265824918,4.150845294846001e-09,1.7707044224316466,0
2807,306,1.7708383467189315,8.5648482980827e-13,1.770838346718075,0
2222,275,1.7710108879179687,1.1708796086492855e-11,1.7710108879062598,0
3207,444,1.7711892557132323,1.5310492928978335e-12,1.7711892557117013,0
1242,198,1.772802018512751,6.419436270567702e-15,1.7728020185127447,0
2976,312,1.7796116979770784,1.872801304616799e-13,1.7796116979768912,0
1517,239,1.7797457528079443,7.355063916718475e-16,1.7797457528079437,0
3330,454,1.7813175484427195,2.0026012764730836e-16,1.7813175484427193,0
2751,305,1.7867955411998087,1.3667523558818377e-10,1.7867955410631333,0
1582,245,1.7881773591816603,2.7677037600943016e-09,1.7881773564139565,0
2768,305,1.7889010428297603,1.3667523558818377e-10,1.788901042693085,0
2784,305,1.7913655385801384,1.3667523558818377e-10,1.791365538443463,0
1409,228,1.7915943618996477,3.0897318703845477e-09,1.791594358809916,0
2105,271,1.7916156633360345,2.4939775543579154e-08,1.791615638396259,0
852,131,1.79683304337921,3.72364886637992e-11,1.7968330433419735,0
1790,257,1.7969704654804945,1.816230578529975e-11,1.7969704654623322,0
3711,487,1.7996089317937438,3.181426133698503e-08,1.7996088999794824,0
3494,463,1.8011947976283853,1.6452625248773377e-16,1.801194797628385,0
89,26,1.805503833748698,5.802001029720007e-08,1.8055037757286876,0
652,101,1.8068723794873662,1.1793487217119534e-15,1.8068723794873651,0
3743,488,1.8083706095213559,4.0249848708966285e-11,1.808370609481106,0
968,151,1.8084546487810733,2.1710770241267408e-11,1.8084546487593625,0
2358,283,1.8086095720835922,1.2106960423571271e-14,1.80860957208358,0
1529,239,1.8100260864639115,7.355063916718475e-16,1.8100260864639108,0
405,61,1.8119060391935224,9.766876219186797e-16,1.8119060391935216,0
432,69,1.8138380611642095,8.178966421955095e-09,1.8138380529852431,0
3359,454,1.8157846914619944,2.0026012764730836e-16,1.8157846914619942,0
872,134,1.8165923427195962,1.036403907997377e-12,1.8165923427185597,0
3569,480,1.8179080551168934,4.580868399630539e-09,1.817908050536025,0
1806,258,1.8182290169549453,1.2411362309674262e-11,1.818229016942534,0
59,15,1.81856042667527,1.1055697129497195e-07,1.8185603161182986,0
3656,482,1.818824162882676,8.639135709266118e-17,1.818824162882676,0
371,56,1.8195346915775603,1.6342449654299545e-13,1.819534691577397,0
1693,252,1.8252010785560941,8.145817296976646e-08,1.8252009970979213,0
3353,454,1.8292963391286015,2.0026012764730836e-16,1.8292963391286012,0
2091,270,1.8312238330516237,4.150845294846001e-09,1.8312238289007785,0
2005,266,1.8317050604881726,2.5409228184154824e-10,1.8317050602340803,0
395,58,1.8342196199225065,1.7941641645433732e-14,1.8342196199224885,0
3797,496,1.8346484404725807,5.878857067351868e-17,1.8346484404725807,0
310,47,1.8354772869100426,5.8226654165816994e-08,1.8354772286833885,0
1404,228,1.836802986869486,3.0897318703845477e-09,1.8368029837797542,0
2467,288,1.8379874424989526,4.200802205712873e-13,1.8379874424985325,0
1136,183,1.8382684249919343,2.885536588690656e-08,1.8382683961365684,0
3271,452,1.8384879610082892,1.3779527652336246e-07,1.8384878232130126,0
3069,316,1.8389417611105883,1.1720271846143623e-14,1.8389417611105765,0
411,65,1.8393534864021033,3.8728857748258125e-08,1.8393534476732456,0
2852,309,1.8439987208351656,6.134628598245165e-16,1.843998720835165,0
704,110,1.8443607327565612,2.340308544355628e-10,1.8443607325225304,0
3258,452,1.8453258012787803,1.3779527652336246e-07,1.8453256634835038,0
503,78,1.8465612542747616,3.670148663461125e-14,1.846561254274725,0
3280,452,1.852461282305753,1.3779527652336246e-07,1.8524611445104764,0
2126,272,1.8537123958409067,2.877372603324762e-09,1.8537123929635342,0
1476,234,1.8544167098466902,1.302283978414377e-13,1.85441670984656,0
3383,454,1.85635648664094,2.0026012764730836e-16,1.8563564866409399,0
3803,497,1.857992988335225,6.724972253284777e-13,1.8579929883345525,0
1891,260,1.8593725240798678,8.928527890253894e-11,1.8593725239905825,0
4,4,1.8594224834482993,2.3998594635993824e-20,1.8594224834482993,0
1241,198,1.8598121125129365,6.419436270567702e-15,1.85981211251293,0
1658,249,1.8604273319600544,8.838807408460086e-09,1.860427323121247,0
1792,257,1.860964807542556,1.816230578529975e-11,1.8609648075243936,0
3074,317,1.861016341095923,3.5382690039432536e-14,1.8610163410958878,0
2799,305,1.8619499810518543,1.3667523558818377e-10,1.861949980915179,0
121,28,1.8645885047625028,2.3129022708360788e-08,1.8645884816334801,0
1025,159,1.8647579234883997,2.3066592648838474e-15,1.8647579234883975,0
2734,303,1.86527607075514,1.879811937275855e-05,1.8652572726357672,0
725,112,1.8666768083204508,2.1011799990368728e-11,1.866676808299439,0
357,53,1.8674290438524077,1.4221001697895805e-11,1.8674290438381866,0
1543,243,1.8677830801026494,3.938308428503602e-12,1.867783080098711,0
3540,463,1.8689106521969048,1.6452625248773377e-16,1.8689106521969046,0
3208,444,1.8694299996534762,1.5310492928978335e-12,1.8694299996519452,0
1052,167,1.8697963522804728,2.5670306995862746e-09,1.869796349713442,0
1760,255,1.8729004399580227,1.0227895978082928e-12,1.872900439957,0
3107,318,1.8740003393922249,1.42055103091189e-14,1.8740003393922107,0
805,125,1.8767557371657535,5.48400516992189e-09,1.8767557316817483,0
1660,249,1.8782779518861292,8.838807408460086e-09,1.8782779430473218,0
1339,215,1.8784264288638282,5.1441052141733376e-14,1.8784264288637766,0
1323,212,1.8849257180382921,4.105301045193624e-12,1.8849257180341867,0
294,46,1.8867452785820835,9.858527340597493e-08,1.88674517999681,0
2896,310,1.8871715295810927,9.16072726806541e-13,1.8871715295801765,0
2351,282,1.891531575506782,4.202422480660149e-14,1.8915315755067401,0
967,151,1.897580099332603,2.1710770241267408e-11,1.8975800993108922,0
1896,260,1.8987938583996546,8.928527890253894e-11,1.8987938583103694,0
1167,188,1.9036788727934153,1.8294152384901995e-09,1.903678870964,0
1042,166,1.9053708829485854,1.1672750173597096e-08,1.9053708712758353,0
2681,301,1.909995575517629,4.1859505817988276e-12,1.909995575513443,0
1184,190,1.911324310906987,9.114816129163043e-11,1.9113243108158389,0
156,31,1.9153882117544454,4.150746500499982e-10,1.9153882113393708,0
2318,280,1.9154313660628839,2.9036481875944973e-15,1.915431366062881,0
541,87,1.9178777263247624,7.001889019812176e-08,1.9178776563058721,0
1713,253,1.9179031557629245,1.3625131584392639e-08,1.9179031421377928,0
158,31,1.9219634090942328,4.150746500499982e-10,1.9219634086791582,0
2022,267,1.9226218147950391,5.509889191193901e-10,1.9226218142440503,0
1399,227,1.9232020983128622,9.581894737431733e-09,1.9232020887309673,0
3384,454,1.9259285358230638,2.0026012764730836e-16,1.9259285358230636,0
615,96,1.9268581008412071,2.7032840550933495e-13,1.926858100840937,0
3427,462,1.930911776136767,2.5202599375138385e-13,1.9309117761365149,0
1743,254,1.932444271542081,2.4443328314609746e-09,1.9324442690977484,0
3225,445,1.9380136644367114,1.3581579873827526e-14,1.9380136644366979,0
660,105,1.9388049565732823,1.967969969477813e-07,1.9388047597762854,0
3239,445,1.9443045130898158,1.3581579873827526e-14,1.9443045130898022,0
1508,237,1.9445744028830665,1.3245252121199163e-14,1.9445744028830532,0
3536,463,1.945354433796416,1.6452625248773377e-16,1.9453544337964157,0
798,124,1.947278589407177,2.9568086603316822e-05,1.9472490213205735,0
166,31,1.947791361857554,4.150746500499982e-10,1.9477913614424793,0
2320,280,1.9498753692907094,2.9036481875944973e-15,1.9498753692907065,0
1499,235,1.9499100964970868,5.049271745407276e-14,1.9499100964970364,0
2335,282,1.9500030794385081,4.202422480660149e-14,1.9500030794384662,0
1784,256,1.951610217555408,5.856305914246352e-12,1.9516102175495518,0
1350,216,1.9529455765470791,2.1010365452513193e-14,1.952945576547058,0
1126,178,1.957161409475061,3.9539349612106205e-15,1.957161409475057,0
588,92,1.9597847831187776,4.137046662409181e-11,1.959784783077407,0
2935,311,1.96137923023519,2.933100224493187e-13,1.9613792302348967,0
3371,454,1.963460446325611,2.0026012764730836e-16,1.9634604463256107,0
2664,300,1.9674713663708734,8.439681132842416e-20,1.9674713663708734,0
317,48,1.974308195223481,1.764569275717097e-08,1.9743081775777884,0
1483,234,1.976470464148033,1.302283978414377e-13,1.976470464147903,0
523,82,1.9768279944912328,5.365278540150834e-16,1.9768279944912324,0
706,110,1.9776401157002688,2.340308544355628e-10,1.977640115466238,0
1054,168,1.9828208046570537,6.174381332871962e-10,1.9828208040396156,0
2687,301,1.9835024715229914,4.1859505817988276e-12,1.9835024715188054,0
689,108,1.9837699752688847,2.342572414414518e-09,1.9837699729263123,0
1422,229,1.9902349058527362,5.107546362977811e-10,1.9902349053419817,0
2700,301,1.9902572345228668,4.1859505817988276e-12,1.9902572345186809,0
413,66,1.9960976359438447,1.8334685009666347e-07,1.9960974525969946,0
2029,267,2.002136085720796,5.509889191193901e-10,2.002136085169807,0
1225,196,2.004148934907831,4.1102266002298437e-14,2.0041489349077897,0
2922,311,2.007970128248795,2.933100224493187e-13,2.007970128248502,0
2095,270,2.008279124994693,4.150845294846001e-09,2.0082791208438477,0
3436,462,2.0086306032288728,2.5202599375138385e-13,2.0086306032286205,0
696,109,2.0087082569945496,7.590935538572134e-10,2.008708256235456,0
1510,237,2.0101213886252642,1.3245252121199163e-14,2.010121388625251,0
316,48,2.0114812239366033,1.764569275717097e-08,2.0114812062909104,0
1438,232,2.0118950384081313,1.0268320555327123e-11,2.011895038397863,0
1292,208,2.0131751378159555,9.64570775252484e-10,2.013175136851385,0
302,47,2.014233264593542,5.8226654165816994e-08,2.014233206366888,0
2917,310,2.015413824211313,9.16072726806541e-13,2.015413824210397,0
493,77,2.019922595759418,1.1636489728734524e-13,2.0199225957593017,0
2504,290,2.021415062847007,1.2916389698978609e-15,2.0214150628470056,0
1170,188,2.0214527558712096,1.8294152384901995e-09,2.0214527540417944,0
2928,311,2.026115715598774,2.933100224493187e-13,2.026115715598481,0
467,74,2.029525180115966,6.843708627231646e-12,2.0295251801091223,0
2880,309,2.0315509092015676,6.134628598245165e-16,2.031550909201567,0
3166,444,2.032922160214124,1.5310492928978335e-12,2.0329221602125926,0
1190,191,2.035186572968606,2.607978809576692e-11,2.0351865729425263,0
1690,252,2.0354820704006,8.145817296976646e-08,2.035481988942427,0
3723,487,2.0394130799101133,3.181426133698503e-08,2.039413048095852,0
1262,203,2.0436095429799885,3.661229449975501e-08,2.043609506367694,0
2789,305,2.0486644671572467,1.3667523558818377e-10,2.0486644670205716,0
361,54,2.0491316684165857,3.5375720778008944e-12,2.049131668413048,0
1768,255,2.0496709589476825,1.0227895978082928e-12,2.0496709589466597,0
904,139,2.049930890036545,4.142512798878164e-15,2.049930890036541,0
1040,164,2.0508290868500483,8.999725665888591e-07,2.0508281868774816,0
1937,262,2.0516337707380683,2.6417176771104317e-09,2.051633768096351,0
2305,280,2.0545924605044465,2.9036481875944973e-15,2.0545924605044434,0
2865,309,2.0551867823999483,6.134628598245165e-16,2.055186782399948,0
556,89,2.056217210591293,2.474143598188241e-09,2.0562172081171495,0
2147,273,2.0575785783442866,7.013674901655295e-11,2.05757857827415,0
3027,314,2.0581505571244647,1.299374215888945e-15,2.0581505571244634,0
1324,212,2.0614417386936177,4.105301045193624e-12,2.0614417386895125,0
529,85,2.064844306151093,3.652380527545027e-08,2.0648442696272875,0
2506,290,2.0671020675234515,1.2916389698978609e-15,2.06710206752345,0
610,95,2.071939562797586,9.774396631077065e-13,2.0719395627966084,0
426,68,2.0764304396857636,3.9194530171180723e-08,2.0764304004912333,0
1453,233,2.076535306696956,4.4233355877447115e-13,2.0765353066965138,0
2731,303,2.0777918911249107,1.879811937275855e-05,2.077773093005538,0
2152,273,2.079478393039337,7.013674901655295e-11,2.0794783929692002,0
1205,192,2.0798761237522845,7.691922364185402e-12,2.0798761237445924,0
2563,293,2.080988974878422,1.464699369163404e-11,2.080988974863775,0
424,67,2.081605566911095,1.9466236126516804e-07,2.0816053722487338,0
2837,307,2.0859847888769814,3.56134292839627e-17,2.0859847888769814,0
3243,445,2.086659571482913,1.3581579873827526e-14,2.0866595714828993,0
3451,462,2.087896795718246,2.5202599375138385e-13,2.087896795717994,0
2580,293,2.08798760480657,1.464699369163404e-11,2.0879876047919232,0
1975,264,2.0917440315002644,0.0009331009686960391,2.0908109305315685,0
1695,252,2.0909174081220065,8.145817296976646e-08,2.0909173266638335,0
1217,195,2.0935137824609824,1.2762968346438004e-13,2.093513782460855,0
753,115,2.0936962945933053,5.476909832588855e-13,2.0936962945927577,0
774,119,2.095014248239312,6.818951542781575e-15,2.0950142482393055,0
80,18,2.095256524721985,2.911795196197686e-17,2.095256524721985,0
221,37,2.100947000013657,3.790769474802072e-14,2.1009470000136194,0
2386,285,2.1037253578749504,9.620779424178325e-16,2.1037253578749495,0
2856,309,2.1107446177468976,6.134628598245165e-16,2.110744617746897,0
2403,285,2.1120277419916844,9.620779424178325e-16,2.1120277419916835,0
2726,303,2.1168621219981234,1.879811937275855e-05,2.1168433238787507,0
314,48,2.1169618395870193,1.764569275717097e-08,2.1169618219413264,0
3445,462,2.1202995475586572,2.5202599375138385e-13,2.120299547558405,0
1016,158,2.121533469726166,7.033808192430619e-15,2.1215334697261587,0
1939,262,2.1219044871533654,2.6417176771104317e-09,2.121904484511648,0
1440,232,2.1227838932297014,1.0268320555327123e-11,2.122783893219433,0
161,31,2.1253458069989364,4.150746500499982e-10,2.1253458065838617,0
2083,270,2.1273485534781043,4.150845294846001e-09,2.127348549327259,0
2157,273,2.1363193063607993,7.013674901655295e-11,2.1363193062906625,0
912,141,2.1434386327261725,3.0831099682706644e-16,2.143438632726172,0
2813,306,2.1450352214593185,8.5648482980827e-13,2.145035221458462,0
3637,482,2.146154558344327,8.639135709266118e-17,2.146154558344327,0
1766,255,2.1469280552444174,1.0227895978082928e-12,2.1469280552433947,0
2385,284,2.1479223774153917,7.6691666216322715e-16,2.147922377415391,0
1501,235,2.15020523689174,5.049271745407276e-14,2.1502052368916895,0
821,126,2.151500929479867,3.4700673349947615e-09,2.1515009260097995,0
1868,260,2.153315181931214,8.928527890253894e-11,2.1533151818419287,0
1273,205,2.156915938966084,6.336653797613078e-08,2.1569158755995463,0
1925,261,2.1594862378064956,3.181424960694976e-09,2.1594862346250707,0
2968,312,2.159525387771337,1.872801304616799e-13,2.1595253877711498,0
1259,203,2.159610073654424,3.661229449975501e-08,2.1596100370421296,0
1457,233,2.1607244424987266,4.4233355877447115e-13,2.1607244424982843,0
1267,204,2.16134048150501,9.345983388192542e-08,2.161340388045176,0
1162,187,2.1631291279978773,8.63793027696552e-09,2.163129119359947,0
826,126,2.166371483749759,3.4700673349947615e-09,2.166371480279692,0
1832,258,2.1677568415007213,1.2411362309674262e-11,2.16775684148831,0
2070,270,2.168551837399525,4.150845294846001e-09,2.1685518332486797,0
718,111,2.1736576533950456,7.007241095719839e-11,2.173657653324973,0
1472,234,2.1800799397651796,1.302283978414377e-13,2.1800799397650494,0
3054,315,2.1824859747294503,1.0394857467833793e-15,2.1824859747294494,0
1570,245,2.183166357654901,2.7677037600943016e-09,2.1831663548871973,0
561,89,2.1839554874495564,2.474143598188241e-09,2.183955484975413,0
2729,303,2.190734076447269,1.879811937275855e-05,2.1907152783278963,0
2066,270,2.193904300552805,4.150845294846001e-09,2.1939042964019597,0
727,113,2.198563507211346,6.314796594275426e-12,2.198563507205031,0
1986,264,2.2017773983223257,0.0009331009686960391,2.2008442973536297,0
749,115,2.2033140678985146,5.476909832588855e-13,2.203314067897967,0
3092,317,2.2064722931882543,3.5382690039432536e-14,2.206472293188219,0
520,82,2.211109773827922,5.365278540150834e-16,2.2111097738279217,0
2588,294,2.212265690927205,2.410478477917211e-10,2.2122656906861575,0
2286,278,2.2126753043881373,1.0070422376633096e-12,2.21267530438713,0
1299,208,2.2132982828099297,9.64570775252484e-10,2.213298281845359,0
269,42,2.2149781584549664,1.348962075912741e-16,2.2149781584549664,0
2820,306,2.218236244069424,8.5648482980827e-13,2.2182362440685672,0
2154,273,2.222870854203346,7.013674901655295e-11,2.2228708541332094,0
2767,305,2.233225190272336,1.3667523558818377e-10,2.233225190135661,0
1211,193,2.2414429236670688,2.0029368305160468e-12,2.241442923665066,0
3241,445,2.2454894527079716,1.3581579873827526e-14,2.245489452707958,0
3751,488,2.2491576744209945,4.0249848708966285e-11,2.2491576743807444,0
1652,248,2.2515241312236274,3.089990072232165e-08,2.2515241003237265,0
2773,305,2.2588873375869123,1.3667523558818377e-10,2.258887337450237,0
3386,454,2.2596093385450615,2.0026012764730836e-16,2.2596093385450615,0
1934,262,2.271677430783517,2.6417176771104317e-09,2.2716774281417993,0
2783,305,2.2729270338839687,1.3667523558818377e-10,2.2729270337472935,0
1021,159,2.2732904465565253,2.3066592648838474e-15,2.273290446556523,0
2452,287,2.2764484136786103,1.9594975282532115e-13,2.2764484136784144,0
1269,204,2.289485217799631,9.345983388192542e-08,2.289485124339797,0
1103,174,2.300455751685794,2.880784372192086e-13,2.3004557516855058,0
3618,481,2.3039359904973544,3.547991747934939e-13,2.3039359904969996,0
223,37,2.308629712360581,3.790769474802072e-14,2.3086297123605433,0
2080,270,2.3110352077577545,4.150845294846001e-09,2.311035203606909,0
3758,488,2.3149973472166825,4.0249848708966285e-11,2.3149973471764325,0
2313,280,2.317029188196145,2.9036481875944973e-15,2.317029188196142,0
2009,266,2.3185425503800445,2.5409228184154824e-10,2.3185425501259522,0
378,56,2.318784273489447,1.6342449654299545e-13,2.3187842734892836,0
2793,305,2.3228902991034936,1.3667523558818377e-10,2.3228902989668185,0
1965,263,2.3244042673938683,6.260107497812655e-08,2.3244042047927933,0
188,35,2.325486695801253,4.385199630359555e-13,2.3254866958008145,0
3659,487,2.3307108783705854,3.181426133698503e-08,2.330710846556324,0
925,145,2.3427321518151674,2.9482985420290084e-08,2.342732122332182,0
124,28,2.3456388931057743,2.3129022708360788e-08,2.3456388699767516,0
713,111,2.346235665730596,7.007241095719839e-11,2.3462356656605237,0
1419,229,2.34856814952748,5.107546362977811e-10,2.3485681490167254,0
612,95,2.3534252691908324,9.774396631077065e-13,2.353425269189855,0
2037,268,2.3549588643935193,0.0013887165593123633,2.353570147834207,0
2959,312,2.3539855230170024,1.872801304616799e-13,2.353985523016815,0
3800,497,2.3553248360078434,6.724972253284777e-13,2.355324836007171,0
3693,487,2.3561869903079677,3.181426133698503e-08,2.3561869584937063,0
2586,294,2.358348328377081,2.410478477917211e-10,2.3583483281360333,0
2480,289,2.3612099791546637,6.644853809449961e-13,2.3612099791539993,0
501,78,2.3633592541581687,3.670148663461125e-14,2.363359254158132,0
2644,298,2.371166909218424,4.971835632455788e-13,2.371166909217927,0
3459,462,2.3748297714805657,2.5202599375138385e-13,2.3748297714803135,0
3067,316,2.376063719694127,1.1720271846143623e-14,2.3760637196941157,0
37,8,2.376858357088883,2.568143831532584e-07,2.3768581002744997,0
65,16,2.3880671835179577,7.146593039887984e-13,2.388067183517243,0
3421,462,2.392086701548956,2.5202599375138385e-13,2.392086701548704,0
3560,480,2.392735182751456,4.580868399630539e-09,2.3927351781705872,0
10,5,2.394081188294245,5.078688754403545e-16,2.3940811882942445,0
2281,278,2.398828904285033,1.0070422376633096e-12,2.398828904284026,0
2352,283,2.403490092792362,1.2106960423571271e-14,2.40349009279235,0
2062,270,2.4089735101783516,4.150845294846001e-09,2.408973506027506,0
3576,480,2.4132573356029225,4.580868399630539e-09,2.413257331022054,0
3221,444,2.413279886454218,1.5310492928978335e-12,2.413279886452687,0
711,110,2.4167581019475124,2.340308544355628e-10,2.4167581017134814,0
2199,274,2.4255604863281515,2.36950622164961e-11,2.425560486304456,0
2607,295,2.4264215145478563,1.4909076931052162e-07,2.4264213654570868,0
57,15,2.4268304198815915,1.1055697129497195e-07,2.4268303093246204,0
2256,275,2.4290972424276864,1.1708796086492855e-11,2.4290972424159776,0
2519,290,2.432041053488841,1.2916389698978609e-15,2.4320410534888395,0
724,112,2.438102468937242,2.1011799990368728e-11,2.4381024689162305,0
795,121,2.4395037405010176,6.352408928606363e-16,2.439503740501017,0
715,111,2.441449177685829,7.007241095719839e-11,2.4414491776157567,0
3263,452,2.4419370497348534,1.3779527652336246e-07,2.441936911939577,0
1253,200,2.4468937873844614,4.857048237490678e-16,2.446893787384461,0
542,87,2.45435592857524,7.001889019812176e-08,2.4543558585563496,0
1249,199,2.457429977217049,1.9685583156080276e-15,2.457429977217047,0
2442,287,2.4580369680062457,1.9594975282532115e-13,2.45803696800605,0
1809,258,2.4584883433017852,1.2411362309674262e-11,2.458488343289374,0
1448,233,2.4615423607442155,4.4233355877447115e-13,2.461542360743773,0
1325,212,2.4647118279469113,4.105301045193624e-12,2.464711827942806,0
2331,281,2.4647729972199595,1.868176861520509e-14,2.464772997219941,0
1670,250,2.464835867411394,3.5070736307074416e-08,2.464835832340658,0
2727,303,2.4671008695535646,1.879811937275855e-05,2.467082071434192,0
1644,248,2.470128362497249,3.089990072232165e-08,2.470128331597348,0
1565,245,2.4773359494273923,2.7677037600943016e-09,2.4773359466596885,0
3297,453,2.478828899779602,3.882372103043203e-11,2.4788288997407784,0
793,121,2.482397216864362,6.352408928606363e-16,2.4823972168643618,0
3011,314,2.493496334450298,1.299374215888945e-15,2.4934963344502967,0
3449,462,2.4947044681846244,2.5202599375138385e-13,2.494704468184372,0
2190,273,2.4952951175830336,7.013674901655295e-11,2.495295117512897,0
1424,229,2.4955596386856542,5.107546362977811e-10,2.4955596381748997,0
135,29,2.4956137541468664,8.916717116056003e-09,2.4956137452301492,0
637,99,2.49663868924449,1.0357870294631994e-14,2.4966386892444796,0
334,50,2.501211199790063,8.861709795864332e-10,2.5012111989038917,0
2765,305,2.501831894040558,1.3667523558818377e-10,2.501831893903883,0
165,31,2.508240055723033,4.150746500499982e-10,2.5082400553079585,0
1235,197,2.508362813112157,1.6445336640676955e-14,2.5083628131121407,0
742,114,2.5154648737606613,1.8746107867770666e-12,2.515464873758787,0
3157,443,2.517138836776105,2.704976766350902e-16,2.5171388367761045,0
3730,488,2.518003337549322,4.0249848708966285e-11,2.518003337509072,0
2299,280,2.5196046601070656,2.9036481875944973e-15,2.5196046601070625,0
829,127,2.529214804809352,2.070010134306299e-09,2.529214802739342,0
3231,445,2.531294962113566,1.3581579873827526e-14,2.5312949621135523,0
2721,302,2.599109623736567,0.06679719991758762,2.5323124238189796,0
590,92,2.5343622117000977,4.137046662409181e-11,2.534362211658727,0
948,149,2.5351502743786805,2.3880847473257923e-10,2.535150274139872,0
325,49,2.538965679652298,4.66722565280367e-09,2.5389656749850724,0
16,6,2.5400364894505603,5.814455016677414e-12,2.540036489444746,0
1425,229,2.5424306709269597,5.107546362977811e-10,2.542430670416205,0
3290,452,2.5444222132012975,1.3779527652336246e-07,2.544422075406021,0
1342,215,2.558013471023815,5.1441052141733376e-14,2.5580134710237634,0
1210,193,2.562543067312633,2.0029368305160468e-12,2.56254306731063,0
2042,268,2.565726149507199,0.0013887165593123633,2.5643374329478865,0
1763,255,2.570329405767092,1.0227895978082928e-12,2.5703294057660693,0
351,52,2.571860279417704,4.727848735880697e-11,2.5718602793704255,0
2003,266,2.5755584665995883,2.5409228184154824e-10,2.575558466345496,0
1113,176,2.582761477237861,2.9455511164247216e-14,2.5827614772378316,0
339,51,2.5852104894315935,1.694331164104189e-10,2.5852104892621606,0
2827,306,2.5861777719686767,8.5648482980827e-13,2.58617777196782,0
271,42,2.587946897732048,1.348962075912741e-16,2.587946897732048,0
2061,270,2.5920259115899986,4.150845294846001e-09,2.592025907439153,0
1334,214,2.60060304539663,1.8363828478692235e-13,2.600603045396446,0
1132,179,2.6010573205111345,1.1494098111688794e-15,2.601057320511133,0
2520,290,2.6020831638691684,1.2916389698978609e-15,2.602083163869167,0
355,53,2.603806587988736,1.4221001697895805e-11,2.603806587974515,0
2771,305,2.605269769613865,1.3667523558818377e-10,2.60526976947719,0
407,62,2.6085628297505448,1.7913251696923686e-16,2.6085628297505448,0
2948,312,2.621927519273584,1.872801304616799e-13,2.6219275192733966,0
2646,298,2.63535266281425,4.971835632455788e-13,2.6353526628137525,0
301,47,2.636545900711282,5.8226654165816994e-08,2.6365458424846278,0
1289,207,2.6433330982684042,5.021811489460364e-09,2.643333093246593,0
922,144,2.6437019542561626,1.862608741872197e-07,2.6437017679952883,0
2895,310,2.64607612264594,9.16072726806541e-13,2.646076122645024,0
2336,282,2.6467265394129473,4.202422480660149e-14,2.646726539412905,0
1681,251,2.649765565417938,9.839073204587584e-08,2.649765467027206,0
2843,308,2.6547314731216467,8.096690797303459e-17,2.6547314731216467,0
2177,273,2.65536935697333,7.013674901655295e-11,2.655369356903193,0
1783,256,2.6589578215374114,5.856305914246352e-12,2.6589578215315552,0
1116,176,2.6635463657384006,2.9455511164247216e-14,2.6635463657383713,0
2459,287,2.6793479125299706,1.9594975282532115e-13,2.6793479125297748,0
3473,462,2.6815168648402037,2.5202599375138385e-13,2.6815168648399514,0
450,71,2.685014712971462,3.539862612105824e-10,2.685014712617476,0
2436,286,2.6932790398514834,7.698306528367907e-14,2.6932790398514066,0
2276,277,2.693796603656972,5.9966827147583414e-12,2.6937966036509753,0
3457,462,2.6949160283867264,2.5202599375138385e-13,2.694916028386474,0
1504,236,2.6952759001067434,2.0735389008665305e-14,2.6952759001067226,0
1006,157,2.6986579655629375,1.901553467758606e-14,2.6986579655629184,0
1230,196,2.6995805760482554,4.1102266002298437e-14,2.699580576048214,0
2382,284,2.699977070523724,7.6691666216322715e-16,2.699977070523723,0
1972,263,2.7011922601916813,6.260107497812655e-08,2.7011921975906064,0
3209,444,2.7023825638177525,1.5310492928978335e-12,2.7023825638162213,0
1089,173,2.704829965926499,1.0521312191492142e-12,2.704829965925447,0
1034,163,2.705921993625411,3.1303930092188556e-08,2.7059219623214807,0
2536,291,2.717563943037248,1.970093906999935e-16,2.717563943037248,0
233,38,2.717965234443852,1.681113064089929e-14,2.717965234443835,0
3766,489,2.7196650819593193,9.72823860493449e-17,2.7196650819593193,0
2370,284,2.7268714787713617,7.6691666216322715e-16,2.726871478771361,0
1611,247,2.730174014931441,1.7393141563297048e-07,2.7301738410000254,0
509,80,2.7302676852548977,6.018972482339566e-15,2.7302676852548915,0
3448,462,2.732223230568925,2.5202599375138385e-13,2.732223230568673,0
888,137,2.733043102441978,3.211071904377209e-14,2.733043102441946,0
2368,284,2.7340594247791605,7.6691666216322715e-16,2.7340594247791596,0
1774,255,2.734142905793522,1.0227895978082928e-12,2.734142905792499,0
850,130,2.7349564640080444,1.1874350938378968e-10,2.7349564638893007,0
816,125,2.7469420335620867,5.48400516992189e-09,2.7469420280780814,0
2749,305,2.7478177355980735,1.3667523558818377e-10,2.7478177354613984,0
1551,245,2.7516360397735546,2.7677037600943016e-09,2.751636037005851,0
1720,253,2.7581394522117937,1.3625131584392639e-08,2.758139438586662,0
3584,481,2.7649995030607064,3.547991747934939e-13,2.7649995030603516,0
2460,287,2.766321867522481,1.9594975282532115e-13,2.766321867522285,0
1956,263,2.7678609188869228,6.260107497812655e-08,2.7678608562858478,0
1682,251,2.78008532236927,9.839073204587584e-08,2.780085223978538,0
3550,480,2.7859539026655913,4.580868399630539e-09,2.7859538980847227,0
2339,282,2.788777462004064,4.202422480660149e-14,2.7887774620040218,0
1011,157,2.795466500169452,1.901553467758606e-14,2.7954665001694328,0
2707,301,2.7968520361838087,4.1859505817988276e-12,2.7968520361796227,0
2387,285,2.797220612854602,9.620779424178325e-16,2.797220612854601,0
1691,252,2.8045110354366583,8.145817296976646e-08,2.804510953978485,0
2196,274,2.8051408304707284,2.36950622164961e-11,2.805140830447033,0
2878,309,2.813715305847511,6.134628598245165e-16,2.8137153058475106,0
589,92,2.823837470181829,4.137046662409181e-11,2.8238374701404587,0
1164,187,2.828184432151844,8.63793027696552e-09,2.8281844235139135,0
3312,453,2.8340569352559877,3.882372103043203e-11,2.834056935217164,0
2226,275,2.839178708920329,1.1708796086492855e-11,2.8391787089086202,0
3695,487,2.8403213337790287,3.181426133698503e-08,2.8403213019647673,0
3425,462,2.847958478091919,2.5202599375138385e-13,2.847958478091667,0
691,109,2.8534599085670247,7.590935538572134e-10,2.853459907807931,0
1788,256,2.855109509430886,5.856305914246352e-12,2.85510950942503,0
2283,278,2.8555082666599865,1.0070422376633096e-12,2.8555082666589793,0
1922,261,2.8637942394364413,3.181424960694976e-09,2.8637942362550164,0
3698,487,2.8644013856637143,3.181426133698503e-08,2.864401353849453,0
396,59,2.868017477902535,8.94202124356444e-15,2.868017477902526,0
3502,463,2.8723491899403943,1.6452625248773377e-16,2.8723491899403943,0
669,106,2.877487923037057,2.9785536608393945e-08,2.87748789325152,0
1579,245,2.879107046753205,2.7677037600943016e-09,2.8791070439855013,0
1930,262,2.880139946948769,2.6417176771104317e-09,2.8801399443070514,0
211,36,2.8820101249619507,1.041389911101128e-13,2.8820101249618464,0
1541,243,2.8830030483069313,3.938308428503602e-12,2.883003048302993,0
1181,190,2.891600689772955,9.114816129163043e-11,2.891600689681807,0
1090,173,2.9001313628451526,1.0521312191492142e-12,2.9001313628441006,0
1008,157,2.9044536700490227,1.901553467758606e-14,2.9044536700490036,0
2144,273,2.9090908644123368,7.013674901655295e-11,2.9090908643422,0
1525,239,2.9221910141689937,7.355063916718475e-16,2.922191014168993,0
2454,287,2.9246675465397316,1.9594975282532115e-13,2.9246675465395358,0
2136,272,2.9348113086690257,2.877372603324762e-09,2.934811305791653,0
388,58,2.937542325387041,1.7941641645433732e-14,2.937542325387023,0
2818,306,2.9383196639729667,8.5648482980827e-13,2.93831966397211,0
3306,453,2.94873475480292,3.882372103043203e-11,2.9487347547640965,0
1951,263,2.9515676401035855,6.260107497812655e-08,2.9515675775025105,0
210,36,2.951599007730663,1.041389911101128e-13,2.9515990077305587,0
2811,306,2.953469437907898,8.5648482980827e-13,2.9534694379070414,0
1826,258,2.9536770550349556,1.2411362309674262e-11,2.953677055022544,0
1679,251,2.9666751865717713,9.839073204587584e-08,2.9666750881810393,0
2981,312,2.969691498970726,1.872801304616799e-13,2.9696914989705387,0
3133,319,2.977642045816955,2.605055760764354e-15,2.9776420458169524,0
151,30,2.9786819822780557,2.803532837932063e-09,2.9786819794745227,0
2812,306,2.9789565591145224,8.5648482980827e-13,2.9789565591136657,0
1685,251,2.985312322078443,9.839073204587584e-08,2.985312223687711,0
1787,256,2.9854025542690374,5.856305914246352e-12,2.9854025542631812,0
1941,262,2.9859859764006256,2.6417176771104317e-09,2.985985973758908,0
3244,445,2.986075047413666,1.3581579873827526e-14,2.986075047413652,0
440,70,2.9911118314244876,1.7328865802541619e-09,2.991111829691601,0
164,31,2.9917491264942373,4.150746500499982e-10,2.9917491260791627,0
601,94,2.9947643813739355,3.487298026391017e-12,2.994764381370448,0
1480,234,3.004053429844776,1.302283978414377e-13,3.004053429844646,0
45,12,3.0088076437517275,4.231721692338142e-07,3.008807220579558,0
3024,314,3.0142596197115656,1.299374215888945e-15,3.0142596197115643,0
3132,319,3.019338168529473,2.605055760764354e-15,3.0193381685294702,0
3621,481,3.025563953507809,3.547991747934939e-13,3.0255639535074543,0
3085,317,3.042662185089074,3.5382690039432536e-14,3.0426621850890383,0
1067,170,3.050576510833663,4.378930879764276e-11,3.0505765107898735,0
764,117,3.0630905953237866,5.220959107738431e-14,3.063090595323734,0
401,60,3.0636882739113496,3.3891978890040323e-15,3.063688273911346,0
1402,228,3.0649999145095808,3.0897318703845477e-09,3.0649999114198487,0
551,88,3.0685660324230613,1.1293606675968326e-08,3.0685660211294548,0
2899,310,3.092854837692315,9.16072726806541e-13,3.092854837691399,0
2555,293,3.094889181071286,1.464699369163404e-11,3.0948891810566392,0
2604,295,3.0953411963639894,1.4909076931052162e-07,3.09534104727322,0
3775,489,3.0988999876802352,9.72823860493449e-17,3.0988999876802352,0
865,133,3.1054380497776863,3.4723206544584702e-12,3.105438049774214,0
1867,259,3.1081927989243887,2.965740258759707e-11,3.108192798894731,0
1759,254,3.109932156723768,2.4443328314609746e-09,3.109932154279435,0
2514,290,3.1144365240494425,1.2916389698978609e-15,3.114436524049441,0
3354,454,3.118258718529427,2.0026012764730836e-16,3.118258718529427,0
3447,462,3.118770540824722,2.5202599375138385e-13,3.1187705408244697,0
66,16,3.1217776305596927,7.146593039887984e-13,3.121777630558978,0
3372,454,3.1220214089441694,2.0026012764730836e-16,3.1220214089441694,0
1119,177,3.1233065386029866,1.1207766762308908e-14,3.1233065386029755,0
487,76,3.1234381745703317,4.5043990498316753e-13,3.1234381745698814,0
1392,226,3.1297601203450016,2.5981443215684276e-08,3.1297600943635584,0
51,12,3.1303003900346256,4.231721692338142e-07,3.1302999668624563,0
644,100,3.1315510518670107,3.833844910152921e-15,3.1315510518670067,0
129,28,3.1336965203653224,2.3129022708360788e-08,3.1336964972362997,0
1778,256,3.141536648958987,5.856305914246352e-12,3.1415366489531307,0
315,48,3.142022829347224,1.764569275717097e-08,3.142022811701531,0
2691,301,3.142801676150689,4.1859505817988276e-12,3.142801676146503,0
13,5,3.145347770743388,5.078688754403545e-16,3.1453477707433874,0
3095,317,3.1523862115225874,3.5382690039432536e-14,3.152386211522552,0
1233,197,3.177120381412264,1.6445336640676955e-14,3.1771203814122475,0
2367,284,3.185350244828239,7.6691666216322715e-16,3.1853502448282383,0
2269,277,3.1860724594384724,5.9966827147583414e-12,3.186072459432476,0
938,147,3.1868637110323372,2.389301030444358e-09,3.186863708643036,0
544,87,3.191095482298611,7.001889019812176e-08,3.191095412279721,0
2464,288,3.19364119917063,4.200802205712873e-13,3.19364119917021,0
643,100,3.1987440447779165,3.833844910152921e-15,3.1987440447779125,0
1657,249,3.198930131572794,8.838807408460086e-09,3.1989301227339864,0
3700,487,3.2154527476726753,3.181426133698503e-08,3.215452715858414,0
3140,320,3.217231177617486,8.74737734152972e-15,3.217231177617477,0
3043,315,3.225248596382047,1.0394857467833793e-15,3.225248596382046,0
2087,270,3.22928528781422,4.150845294846001e-09,3.2292852836633745,0
2658,299,3.229750208573495,4.8338983649767683e-23,3.229750208573495,0
2221,274,3.231763741053133,2.36950622164961e-11,3.2317637410294378,0
2129,272,3.2359287085259503,2.877372603324762e-09,3.2359287056485777,0
483,75,3.2405853621200875,1.7852426385958062e-12,3.2405853621183023,0
1592,246,3.2640792627663378,1.836867727595735e-08,3.2640792443976605,0
2012,266,3.274824161478849,2.5409228184154824e-10,3.274824161224757,0
1931,262,3.277978894306096,2.6417176771104317e-09,3.2779788916643784,0
2929,311,3.284662507434116,2.933100224493187e-13,3.284662507433823,0
3495,463,3.2993957639471505,1.6452625248773377e-16,3.2993957639471505,0
2939,311,3.2995135478591977,2.933100224493187e-13,3.2995135478589046,0
709,110,3.301504891373369,2.340308544355628e-10,3.301504891139338,0
1988,265,3.303755188900563,0.001292350371451957,3.302462838529111,0
297,46,3.3076583341511356,9.858527340597493e-08,3.3076582355658624,0
1046,166,3.31457957004405,1.1672750173597096e-08,3.3145795583712996,0
1709,253,3.315948327758504,1.3625131584392639e-08,3.3159483141333723,0
2987,312,3.3186668083823565,1.872801304616799e-13,3.318666808382169,0
1888,260,3.337912351682407,8.928527890253894e-11,3.3379123515931215,0
1505,236,3.3411882930930537,2.0735389008665305e-14,3.341188293093033,0
1084,172,3.352148699554917,3.777197529946805e-12,3.35214869955114,0
3612,481,3.3563678835790802,3.547991747934939e-13,3.3563678835787254,0
777,119,3.3653760983025762,6.818951542781575e-15,3.3653760983025696,0
2743,304,3.3657892118269026,6.16858534776888e-08,3.3657891501410493,0
686,108,3.3891507597492905,2.342572414414518e-09,3.389150757406718,0
1427,230,3.390294321887981,1.02246753484821e-10,3.3902943217857344,0
1869,260,3.3920779843998634,8.928527890253894e-11,3.392077984310578,0
927,145,3.396607735309937,2.9482985420290084e-08,3.3966077058269515,0
2291,278,3.40040347971477,1.0070422376633096e-12,3.4004034797137628,0
879,135,3.40112587429176,3.0970372533502083e-13,3.4011258742914503,0
2203,274,3.4026709861589395,2.36950622164961e-11,3.402670986135244,0
770,118,3.4037681264205517,1.8258255404815804e-14,3.4037681264205335,0
2682,301,3.412343522237206,4.1859505817988276e-12,3.41234352223302,0
1031,161,3.428674575174166,1.2734238722167824e-16,3.428674575174166,0
2457,287,3.4292496677642212,1.9594975282532115e-13,3.4292496677640254,0
3793,489,3.4300252636249495,9.72823860493449e-17,3.4300252636249495,0
1361,219,3.4346481499913897,8.196610553416537e-16,3.434648149991389,0
1423,229,3.4401419066587158,5.107546362977811e-10,3.4401419061479612,0
540,86,3.463106275447364,9.641334131566013e-07,3.4631053113139507,0
3392,461,3.464561356137404,1.3398945504098442e-08,3.4645613427384583,0
1024,159,3.4685953101272076,2.3066592648838474e-15,3.4685953101272053,0
2004,266,3.474131825098116,2.5409228184154824e-10,3.4741318248440236,0
68,17,3.480812901320211,1.8913444246141057e-12,3.4808129013183198,0
1982,264,3.4917809292190687,0.0009331009686960391,3.4908478282503728,0
516,81,3.4914104518637923,2.011195742923401e-15,3.49141045186379,0
2099,270,3.4972654507295426,4.150845294846001e-09,3.497265446578697,0
2569,293,3.508695683229774,1.464699369163404e-11,3.508695683215127,0
2757,305,3.512680662234559,1.3667523558818377e-10,3.512680662097884,0
25,7,3.530631309917166,1.5969733685803203e-12,3.530631309915569,0
408,62,3.538635368904434,1.7913251696923686e-16,3.538635368904434,0
2649,298,3.5391613149781267,4.971835632455788e-13,3.5391613149776293,0
1638,248,3.5472512878846016,3.089990072232165e-08,3.547251256984701,0
3482,463,3.552181319230804,1.6452625248773377e-16,3.552181319230804,0
2048,269,3.555536825135072,0.001120824880879847,3.554416000254192,0
2250,275,3.5578656531278883,1.1708796086492855e-11,3.5578656531161794,0
3023,314,3.566438468017867,1.299374215888945e-15,3.5664384680178656,0
2552,293,3.57288250461674,1.464699369163404e-11,3.572882504602093,0
2435,286,3.57357936889254,7.698306528367907e-14,3.5735793688924633,0
1612,247,3.573886366780912,1.7393141563297048e-07,3.5738861928494967,0
1115,176,3.5748529022879287,2.9455511164247216e-14,3.5748529022878994,0
2474,289,3.574966269234551,6.644853809449961e-13,3.5749662692338866,0
2571,293,3.5791341752481243,1.464699369163404e-11,3.5791341752334773,0
1349,216,3.58703769818612,2.1010365452513193e-14,3.587037698186099,0
193,35,3.5906247488621665,4.385199630359555e-13,3.590624748861728,0
2016,267,3.5945144423848086,5.509889191193901e-10,3.5945144418338195,0
2509,290,3.600848103756825,1.2916389698978609e-15,3.6008481037568236,0
1101,174,3.627570225308355,2.880784372192086e-13,3.627570225308067,0
75,17,3.6358033364131113,1.8913444246141057e-12,3.63580333641122,0
832,128,3.655080804969105,9.541538370442343e-10,3.6550808040149514,0
1981,264,3.673577672047475,0.0009331009686960391,3.672644571078779,0
1477,234,3.674549172532127,1.302283978414377e-13,3.674549172531997,0
1280,206,3.6825977071207086,1.9046350523825086e-08,3.682597688074358,0
3519,463,3.693921427250728,1.6452625248773377e-16,3.693921427250728,0
1271,205,3.7034429865227048,6.336653797613078e-08,3.703442923156167,0
1487,234,3.7142104789715957,1.302283978414377e-13,3.7142104789714656,0
364,55,3.7314720618116746,7.163626509047019e-13,3.7314720618109583,0
1328,213,3.7339927877824763,7.933096432007839e-13,3.733992787781683,0
2656,298,3.7619606683859583,4.971835632455788e-13,3.761960668385461,0
2969,312,3.7862302874169886,1.872801304616799e-13,3.7862302874168012,0
1370,224,3.7878733382202388,3.7540155641016095e-08,3.7878733006800833,0
2344,282,3.7898240859787564,4.202422480660149e-14,3.7898240859787142,0
219,37,3.7927442295810834,3.790769474802072e-14,3.7927442295810456,0
3640,482,3.793608467158373,8.639135709266118e-17,3.793608467158373,0
3678,487,3.7981026176806356,3.181426133698503e-08,3.798102585866374,0
72,17,3.798824945601989,1.8913444246141057e-12,3.7988249456000975,0
763,117,3.8093895324664753,5.220959107738431e-14,3.809389532466423,0
81,18,3.845895808078012,2.911795196197686e-17,3.845895808078012,0
3469,462,3.8567097089970477,2.5202599375138385e-13,3.8567097089967954,0
1114,176,3.8630008930539175,2.9455511164247216e-14,3.863000893053888,0
1890,260,3.8661932602563045,8.928527890253894e-11,3.866193260167019,0
2696,301,3.8663550136894673,4.1859505817988276e-12,3.8663550136852813,0
2963,312,3.8695050396768647,1.872801304616799e-13,3.8695050396766772,0
1061,169,3.8818167599188143,1.575865389406506e-10,3.881816759761228,0
3135,319,3.8832879351025724,2.605055760764354e-15,3.8832879351025698,0
953,149,3.8873342005359066,2.3880847473257923e-10,3.887334200297098,0
3747,488,3.892020067483198,4.0249848708966285e-11,3.892020067442948,0
3757,488,3.8938843767077556,4.0249848708966285e-11,3.8938843766675055,0
1397,227,3.898427905579844,9.581894737431733e-09,3.898427895997949,0
1876,260,3.9196835816207587,8.928527890253894e-11,3.9196835815314732,0
1802,258,3.9443960700543963,1.2411362309674262e-11,3.944396070041985,0
667,106,3.985263454818718,2.9785536608393945e-08,3.9852634250331813,0
1157,187,3.9861994837174635,8.63793027696552e-09,3.986199475079533,0
1571,245,3.994607417911329,2.7677037600943016e-09,3.994607415143625,0
1381,224,4.001719997321791,3.7540155641016095e-08,4.001719959781635,0
919,144,4.025823712244075,1.862608741872197e-07,4.025823525983201,0
2400,285,4.02895370966182,9.620779424178325e-16,4.0289537096618195,0
3549,463,4.035541664368121,1.6452625248773377e-16,4.035541664368121,0
2674,300,4.057429747170138,8.439681132842416e-20,4.057429747170138,0
2301,280,4.0644438234174025,2.9036481875944973e-15,4.0644438234174,0
1484,234,4.090208284128633,1.302283978414377e-13,4.090208284128503,0
2206,274,4.095014466830304,2.36950622164961e-11,4.095014466806609,0
892,138,4.117825565230854,1.158716354313336e-14,4.117825565230842,0
2140,272,4.135666188622396,2.877372603324762e-09,4.135666185745023,0
1408,228,4.136487721105961,3.0897318703845477e-09,4.136487718016229,0
2043,268,4.143239860252905,0.0013887165593123633,4.141851143693592,0
288,45,4.1610685544849,5.3133964193037716e-08,4.161068501350936,0
3552,480,4.1884770792574075,4.580868399630539e-09,4.188477074676539,0
107,27,4.199288118079752,4.429928115474769e-08,4.199288073780471,0
1623,247,4.267633903252883,1.7393141563297048e-07,4.267633729321467,0
2999,314,4.272278708835003,1.299374215888945e-15,4.272278708835002,0
236,38,4.282374914205813,1.681113064089929e-14,4.282374914205796,0
2627,298,4.288746347186709,4.971835632455788e-13,4.288746347186212,0
1584,245,4.35248641804921,2.7677037600943016e-09,4.352486415281507,0
3182,444,4.366140840403986,1.5310492928978335e-12,4.366140840402455,0
510,80,4.398241005689304,6.018972482339566e-15,4.3982410056892975,0
1035,163,4.406866149079276,3.1303930092188556e-08,4.406866117775346,0
690,108,4.414873944576636,2.342572414414518e-09,4.414873942234063,0
3704,487,4.451574568007134,3.181426133698503e-08,4.451574536192872,0
3040,315,4.480446943817922,1.0394857467833793e-15,4.480446943817921,0
24,7,4.503818037594302,1.5969733685803203e-12,4.503818037592705,0
1753,254,4.55370090736467,2.4443328314609746e-09,4.553700904920337,0
137,29,4.570767647748856,8.916717116056003e-09,4.570767638832139,0
3053,315,4.595713667343982,1.0394857467833793e-15,4.595713667343981,0
1866,259,4.59896322657938,2.965740258759707e-11,4.5989632265497224,0
3484,463,4.627065477382475,1.6452625248773377e-16,4.627065477382475,0
2207,274,4.6675032977399,2.36950622164961e-11,4.667503297716205,0
3151,443,4.687458680793461,2.704976766350902e-16,4.687458680793461,0
478,74,4.771507498603254,6.843708627231646e-12,4.771507498596411,0
2859,309,4.803852116019539,6.134628598245165e-16,4.803852116019538,0
159,31,4.804177664278816,4.150746500499982e-10,4.804177663863741,0
2962,312,4.903028013597291,1.872801304616799e-13,4.903028013597104,0
1147,184,4.9692559142927735,1.5506235071975223e-07,4.969255759230423,0
2982,312,4.981624103291728,1.872801304616799e-13,4.981624103291541,0
39,9,4.988023219300018,3.8459958278042444e-08,4.98802318084006,0
994,155,5.003091116958636,1.6902021437160652e-13,5.003091116958467,0
1522,239,5.123515468597033,7.355063916718475e-16,5.1235154685970326,0
464,73,5.15742831332722,2.3677512469076245e-11,5.157428313303542,0
2220,274,5.2438804405402495,2.36950622164961e-11,5.243880440516555,0
1254,200,5.275416527837229,4.857048237490678e-16,5.275416527837228,0
2326,281,5.3420579499232534,1.868176861520509e-14,5.342057949923235,0
2030,267,5.391327158190595,5.509889191193901e-10,5.391327157639607,0
3728,488,5.407642815369043,4.0249848708966285e-11,5.407642815328793,0
1630,247,5.4295156822952855,1.7393141563297048e-07,5.4295155083638695,0
3298,453,5.470505904611445,3.882372103043203e-11,5.4705059045726205,0
1479,234,5.471251845848659,1.302283978414377e-13,5.471251845848529,0
1645,248,5.519253385242975,3.089990072232165e-08,5.519253354343075,0
1451,233,5.625558121370189,4.4233355877447115e-13,5.625558121369747,0
2817,306,5.636047573348139,8.5648482980827e-13,5.636047573347283,0
3269,452,5.927714579037359,1.3779527652336246e-07,5.927714441242083,0
2675,300,6.086563743975989,8.439681132842416e-20,6.086563743975989,0
3400,461,6.08799015081888,1.3398945504098442e-08,6.0879901374199346,0
2293,278,6.238946769284668,1.0070422376633096e-12,6.238946769283661,0
113,27,6.303276033823161,4.429928115474769e-08,6.303275989523879,0
1219,195,6.595730988573031,1.2762968346438004e-13,6.595730988572903,0
1651,248,6.613888595569794,3.089990072232165e-08,6.613888564669893,0
2349,282,6.889869360655169,4.202422480660149e-14,6.889869360655127,0
167,31,7.0191268498705925,4.150746500499982e-10,7.0191268494555175,0
2753,305,7.046313266011107,1.3667523558818377e-10,7.046313265874431,0
3294,453,7.103621732610566,3.882372103043203e-11,7.103621732571742,0
3275,452,7.183198690208841,1.3779527652336246e-07,7.183198552413565,0
868,133,7.197785683445248,3.4723206544584702e-12,7.197785683441776,0
3199,444,7.436059513859441,1.5310492928978335e-12,7.43605951385791,0
995,156,7.7712707639901595,5.418006449929963e-14,7.771270763990105,0
