site_id,node_id,x_m,y_m,site_threshold,node_cumulative_action,remaining_threshold_action,site_status
683,293,0.0005313750000000005,-7.500000000000006e-06,9.649186180543273e-06,3.3215141062271063e-09,9.645864666437046e-06,0
2067,661,0.0004269006467537924,0.00012341315379275108,4.9016269795860904e-05,4.463506753824434e-08,4.897163472832266e-05,0
1189,494,0.00036262500000000005,4.499999999999999e-05,0.00028899896085808846,0.00021158352455000589,7.741543630808258e-05,0
767,325,0.0005351250000000004,-6.776263578034403e-21,0.0003650804050642932,3.0456433523185158e-09,0.0003650773594209409,0
974,409,0.00044887500000000027,2.249999999999999e-05,0.0008979838930887144,8.221440972910591e-08,0.0008979016786789853,0
3699,1362,0.00045742028878796543,-0.001747449068702735,0.0009540169611949147,8.64009075800238e-07,0.0009531529521191144,0
2522,723,0.0005498054557068993,7.3531025277579e-05,0.001219775739052468,2.8212094008646687e-09,0.0012197729178430672,0
3018,831,0.0005052559082019141,-0.00014259608629591756,0.0016323856128894938,1.2259935852966035e-08,0.0016323733529536408,0
328,148,0.00040387500000000015,-3.7500000000000003e-05,0.0016429295874735034,3.3543641606798774e-06,0.0016395752233128236,0
3726,1363,0.0004980498508590125,-0.0017495891039972066,0.0024204106903169664,1.303138308747088e-07,0.0024202803764860918,0
919,387,0.0005201250000000004,1.4999999999999992e-05,0.002704604805398529,4.3955306162339185e-09,0.0027046004098679128,0
1514,600,0.0003430263342084167,6.457452227107159e-05,0.0028868403969606405,1.601313965866978e-06,0.0028852390829947733,0
255,116,0.00040012500000000014,-4.5e-05,0.0032765815127525255,3.592006066770434e-06,0.003272989506685755,0
1518,600,0.0003430263342084167,6.457452227107159e-05,0.0033442157046167345,1.601313965866978e-06,0.0033426143906508674,0
889,376,0.00043762500000000024,1.4999999999999992e-05,0.00396060987821282,1.771047718144346e-07,0.0039604327734410055,0
23,28,0.00033537279169846044,4.626701118018792e-05,0.004101772312663133,4.813700262333484e-06,0.0040969586124008,0
2455,714,0.0004516700070720543,-0.00010631609882119671,0.004379527413883116,8.836640397662698e-08,0.00437943904747914,0
3439,1300,0.0019586220894085822,-0.0018338156596585703,0.0046671869785907556,7.285132515831509e-08,0.004667114127265597,0
1405,573,0.00047512500000000034,5.999999999999999e-05,0.004801195023080072,2.9704763685970672e-08,0.004801165318316386,0
309,143,0.00036637500000000006,-3.7500000000000003e-05,0.005541777312151968,0.0006643243141099803,0.004877452998041988,0
1050,440,0.00043762500000000024,2.999999999999999e-05,0.004925111428019729,1.9110593067260764e-07,0.004924920322089057,0
3673,1318,0.0006654805645827595,-0.0017913884242686483,0.005371885664629758,1.3505968375492156e-08,0.005371872158661382,0
3114,842,0.0005498054557068993,-7.353102527757903e-05,0.005430086115425757,2.8923715216076588e-09,0.005430083223054235,0
3996,1387,0.0015029018387132948,-0.0017473203703996317,0.005476539150724948,2.180477085144828e-08,0.005476517345954096,0
4029,1388,0.0015430996086898707,-0.0017488292043807475,0.00588151184239933,3.510913238384681e-09,0.005881508331486092,0
2128,667,0.00038437670561554204,0.0001382471673795964,0.006019520672730152,2.6037155044868073e-08,0.0060194946355751075,0
794,339,0.00040387500000000015,7.4999999999999926e-06,0.006044489275417031,9.099974363044701e-06,0.006035389301053987,0
2954,823,0.00045740140625132584,-0.0001787341286792756,0.006110437548920953,1.3182417654261962e-08,0.006110424366503299,0
77,53,0.00040762500000000016,-6e-05,0.006183640301955103,8.045962220568645e-07,0.006182835705733046,0
2714,751,0.00039369862170935083,0.00020074193779418822,0.006649386617543562,8.718542757268554e-09,0.006649377899000804,0
141,68,0.0005201250000000004,-6e-05,0.006741537288849567,7.193027720452753e-09,0.006741530095821847,0
1283,534,0.0004263750000000002,5.249999999999999e-05,0.006769051042321237,4.533515729228951e-07,0.006768597690748314,0
329,149,0.0004113750000000002,-3.7500000000000003e-05,0.00686272451348555,1.6049215619148837e-06,0.006861119591923635,0
1760,632,0.0003115931542154948,-8.38431163329143e-05,0.007054267518940603,1.1820845718733618e-09,0.007054266336856031,0
354,158,0.00047887500000000035,-3.7500000000000003e-05,0.0072151287266376506,2.053186253119957e-08,0.007215108194775119,0
1932,648,0.00042365707097667893,-7.294291048408706e-05,0.007679208336818433,1.44746253469961e-07,0.007679063590564963,0
2697,750,0.00040109332316923805,0.00019935962852439364,0.00823185695177514,1.943750454569452e-08,0.008231837514270595,0
933,391,0.0005501250000000005,1.4999999999999992e-05,0.008577236440392133,2.2809539603251084e-09,0.008577234159438172,0
3631,1318,0.0006654805645827595,-0.0017913884242686483,0.008624502996434694,1.3505968375492156e-08,0.00862448949046632,0
2777,758,0.00034121870285998014,0.0002026824747535266,0.009050851172304968,1.3750670286002188e-09,0.009050849797237939,0
1894,644,0.00039834594430604073,-8.889589096520435e-05,0.009284129781909031,3.44733742335527e-07,0.009283785048166696,0
2699,751,0.00039369862170935083,0.00020074193779418822,0.00964477180860725,8.718542757268554e-09,0.009644763090064493,0
4272,1409,0.0003752823907658263,-0.0017092114270423236,0.010190508836507847,3.208013893465805e-08,0.010190476756368912,0
2024,659,0.0004397448455128243,0.00011553035393040538,0.010334480514459302,9.115557166615707e-08,0.010334389358887636,0
185,82,0.0003888750000000001,-5.25e-05,0.01035577842628525,6.703792878923332e-06,0.010349074633406327,0
1928,648,0.00042365707097667893,-7.294291048408706e-05,0.010446628876541509,1.44746253469961e-07,0.01044648413028804,0
3878,1384,0.0013738430140100327,-0.001747035302962676,0.010960136750344787,7.187926468036283e-08,0.010960064871080106,0
465,210,0.0003888750000000001,-2.2500000000000005e-05,0.011623809531623315,6.82020560368161e-05,0.0115556074755865,0
1658,619,0.00036937261777678494,9.63589378896933e-05,0.011623234184361335,2.9069613913589394e-07,0.011622943488222199,0
1678,621,0.00035437078446752833,9.664989812570138e-05,0.011911917259900082,1.2562936241729608e-07,0.011911791630537665,0
1943,649,0.0004291181731234339,-6.779062633800117e-05,0.01206157746666062,1.9769346161496606e-07,0.012061379773199005,0
2468,716,0.0004625386972560682,-9.587658019650753e-05,0.012273848878802939,4.4855855708196496e-08,0.01227380402294723,0
1477,595,0.00035619747382519424,-4.588966645821942e-05,0.012408743471560917,1.0774866923788777e-05,0.012397968604637127,0
2901,814,0.0003936986217093507,-0.00020074193779418825,0.012453580314681096,4.798547018335494e-09,0.012453575516134078,0
3034,835,0.0005246760455161772,-0.00011964415041124925,0.012532273930877184,1.1870192673199509e-08,0.012532262060684512,0
1465,594,0.0003486961444771855,-4.4637915982671575e-05,0.012904405416963291,5.494759238390881e-06,0.0128989106577249,0
2220,693,0.00030324692444946453,-0.0001283962284520233,0.013263309539106113,1.895665708906316e-09,0.013263307643440404,0
4085,1406,0.0002528682826605001,-0.0017101146573470373,0.013418631275066066,2.8236642550380505e-09,0.01341862845140181,0
845,356,0.0005313750000000005,7.4999999999999926e-06,0.013442044836146388,3.3174307055008268e-09,0.013442041518715683,0
1138,474,0.0004563750000000003,3.749999999999999e-05,0.014497848051102971,5.839605355892661e-08,0.014497789655049413,0
4115,1407,0.0002931700512453749,-0.0017084410577699741,0.0147212438279744,1.2275674944536702e-08,0.014721231552299454,0
447,199,0.0005426250000000006,-3.0000000000000004e-05,0.015043949460013927,3.040363256462645e-09,0.01504394641965067,0
2806,802,0.0003042956831283605,-0.00019578036616662979,0.015196994894920225,5.142559973308471e-10,0.015196994380664228,0
844,356,0.0005313750000000005,7.4999999999999926e-06,0.016078741959674483,3.3174307055008268e-09,0.016078738642243778,0
1332,560,0.0003776250000000001,5.999999999999999e-05,0.016330178862720295,1.0982779020837966e-05,0.016319196083699458,0
4061,1406,0.0002528682826605001,-0.0017101146573470373,0.016422254064005434,2.8236642550380505e-09,0.01642225124034118,0
2064,661,0.0004269006467537924,0.00012341315379275108,0.01683995286445724,4.463506753824434e-08,0.016839908229389702,0
497,222,0.00047887500000000035,-2.2500000000000005e-05,0.016882278919357663,1.7352332973012653e-08,0.01688226156702469,0
1036,435,0.00040012500000000014,2.999999999999999e-05,0.017001180866467656,7.176817873466283e-06,0.016994004048594188,0
808,343,0.00043387500000000023,7.4999999999999926e-06,0.017808527559644165,2.3782304958333776e-07,0.017808289736594582,0
362,162,0.0005088750000000003,-3.7500000000000003e-05,0.018385970136321584,7.164466666471789e-09,0.018385962971854918,0
3028,833,0.0005153903208829037,-0.00013147916515700845,0.018423574533048083,6.815438516297206e-09,0.018423567717609567,0
2162,673,0.0003393437404681261,0.00013885179871827666,0.018587163717863453,6.146791561234625e-09,0.01858715757107189,0
2730,753,0.00037878129714001996,0.00020268247475352657,0.01944146960390564,6.678631917872048e-09,0.019441462925273722,0
1263,529,0.0003888750000000001,5.249999999999999e-05,0.01970712195093837,6.6048528605076164e-06,0.019700517098077863,0
1607,615,0.00039834594430604073,8.889589096520433e-05,0.020164449095388493,5.404606383178633e-07,0.020163908634750174,0
1504,599,0.00035049791389083905,6.608846053976123e-05,0.02021850908281547,9.765684729121883e-07,0.020217532514342558,0
638,280,0.00043387500000000023,-7.500000000000006e-06,0.02023343487116159,2.3768783364395315e-07,0.020233197183327944,0
2152,671,0.0003543474732555907,0.00014026600445778972,0.020833785664534258,1.538209714277646e-08,0.020833770282437117,0
1441,585,0.0005651250000000005,5.999999999999999e-05,0.020887338286962313,1.814953194701976e-09,0.02088733647200912,0
475,214,0.0004188750000000002,-2.2500000000000005e-05,0.02143237495490655,9.854296047558822e-07,0.021431389525301794,0
3204,1279,0.0010853696574508723,-0.0018348853894366581,0.021656853538409775,2.731603399001012e-09,0.021656850806806377,0
243,105,0.0005613750000000006,-5.25e-05,0.021697687877344655,1.9893405479517803e-09,0.02169768588800411,0
1484,597,0.0003657136775702661,6.652313992562682e-05,0.021818397008351646,4.479246900015937e-06,0.02181391776145163,0
3808,1365,0.0005858232018222758,-0.001752429859975062,0.021924421624158575,1.2900585714593919e-08,0.02192440872357286,0
2746,756,0.00035623860436146976,0.0002035160303202824,0.02200925349284337,2.5392780058497007e-09,0.022009250953565363,0
3087,839,0.0005405034812376771,-9.408196402900622e-05,0.022130330682017536,3.984490126884458e-09,0.02213032669752741,0
3050,837,0.0005330623666938131,-0.0001071556808051344,0.02213163881116138,6.988737771910894e-09,0.022131631822423607,0
550,249,0.00043762500000000024,-1.5000000000000005e-05,0.022296278001909035,1.7706581462694445e-07,0.022296100936094406,0
3002,828,0.0004885852721786183,-0.00015779337905383195,0.02256641615574986,1.676550523652948e-08,0.022566399390244622,0
625,277,0.0004113750000000002,-7.500000000000006e-06,0.02276579190151489,2.912082372846733e-06,0.022762879819142046,0
1009,423,0.0005538750000000004,2.249999999999999e-05,0.022811819093441238,2.128813182741316e-09,0.022811816964628057,0
397,181,0.00040762500000000016,-3.0000000000000004e-05,0.02285269558881357,2.908092661345162e-06,0.022849787496152223,0
3496,1301,0.002,-0.0018333333333333333,0.02296496010141767,3.6044118441876554e-08,0.022964924057299226,0
880,372,0.00040762500000000016,1.4999999999999992e-05,0.02307394829214187,4.467154975645392e-06,0.023069481137166226,0
2597,735,0.0004998875679570837,0.00014786612534832972,0.024265199901218747,1.2781985578946093e-08,0.02426518711923317,0
4261,1409,0.0003752823907658263,-0.0017092114270423236,0.02477999968934751,3.208013893465805e-08,0.024779967609208576,0
2245,695,0.0003173378387221443,-0.00013374020734338335,0.025214610805740275,1.210188274086831e-09,0.025214609595552002,0
2015,658,0.000445831163023568,0.00011108336742811969,0.02572088388680124,6.94013994249836e-08,0.025720814485401814,0
1376,567,0.0004301250000000002,5.999999999999999e-05,0.02579109542672479,3.7160972673562206e-07,0.025790723816998054,0
1021,430,0.00036262500000000005,2.999999999999999e-05,0.02749719829760594,0.001541738891892167,0.025955459405713772,0
3512,1302,0.0,-0.0017916666666666667,0.025985152448395665,2.1460700857017973e-08,0.02598513098769481,0
3208,1279,0.0010853696574508723,-0.0018348853894366581,0.025992247513201075,2.731603399001012e-09,0.025992244781597677,0
3333,1281,0.0011683063225345087,-0.001835821235010951,0.02622620491717863,3.04051247806275e-08,0.026226174512053852,0
3367,1282,0.0012103756595647091,-0.0018311249926090982,0.026546746075658975,2.8048161649195223e-08,0.026546718027497324,0
1726,625,0.00032512986484072894,9.031591525967967e-05,0.02689491712732951,6.0560206497547175e-09,0.02689491107130886,0
4166,1407,0.0002931700512453749,-0.0017084410577699741,0.027126943520943254,1.2275674944536702e-08,0.02712693124526831,0
4131,1407,0.0002931700512453749,-0.0017084410577699741,0.028163626818563145,1.2275674944536702e-08,0.0281636145428882,0
2103,666,0.0003917622054501175,0.00013673940679297052,0.02854914330186455,4.235101707239463e-08,0.028549100950847478,0
1432,582,0.0005426250000000006,5.999999999999999e-05,0.02863837612894663,4.084720561261821e-09,0.02863837204422607,0
269,123,0.0004526250000000003,-4.5e-05,0.028715045123181314,7.737986442645582e-08,0.028714967743316888,0
36,30,0.00031661055043433607,6.0578213238823295e-05,0.0291843390310478,1.017085796253868e-08,0.02918432886018984,0
1958,652,0.0004765905330907351,7.818663989945569e-05,0.029278850137355185,4.0916124776755385e-08,0.02927880922123041,0
2591,734,0.0005052559082019142,0.00014259608629591745,0.02943468777213419,1.2071616999828138e-08,0.02943467570051719,0
496,221,0.00047137500000000033,-2.2500000000000005e-05,0.02947950627552478,2.4005963162145616e-08,0.029479482269561617,0
3503,1301,0.002,-0.0018333333333333333,0.029750610714777973,3.6044118441876554e-08,0.02975057467065953,0
4001,1387,0.0015029018387132948,-0.0017473203703996317,0.030365089716407,2.180477085144828e-08,0.03036506791163615,0
3995,1387,0.0015029018387132948,-0.0017473203703996317,0.030509490169848264,2.180477085144828e-08,0.030509468365077414,0
2857,809,0.0003562386043614697,-0.0002035160303202824,0.030601874099991728,2.7376551071689497e-09,0.030601871362336622,0
62,51,0.0003926250000000001,-6e-05,0.03065048236037556,1.2666504830658032e-06,0.030649215709892492,0
4225,1408,0.0003352491194219976,-0.001709268843234495,0.03066255975004642,2.90809048727778e-08,0.030662530669141548,0
3642,1318,0.0006654805645827595,-0.0017913884242686483,0.03091387411584474,1.3505968375492156e-08,0.030913860609876366,0
2673,746,0.00043001107291196184,0.00019113181933992995,0.03137801950608638,1.3298051665468392e-08,0.031378006208034714,0
254,115,0.0003926250000000001,-4.5e-05,0.03163476478454066,7.39222710129204e-06,0.031627372557439366,0
1836,640,0.0003693726177767849,-9.63589378896933e-05,0.03216044337561484,2.899099018836165e-07,0.03216015346571296,0
2048,661,0.0004269006467537924,0.00012341315379275108,0.03261492566033159,4.463506753824434e-08,0.03261488102526405,0
2443,714,0.0004516700070720543,-0.00010631609882119671,0.03268128172968407,8.836640397662698e-08,0.03268119336328009,0
2698,751,0.00039369862170935083,0.00020074193779418822,0.03305687357377385,8.718542757268554e-09,0.03305686485523109,0
1689,622,0.00034689807728635754,9.592304465781523e-05,0.03337921025795831,1.0963212399090174e-07,0.03337910062583432,0
3877,1384,0.0013738430140100327,-0.001747035302962676,0.03355226306605788,7.187926468036283e-08,0.0335521911867932,0
1207,499,0.00040012500000000014,4.499999999999999e-05,0.03357352518436062,3.568852377303381e-06,0.033569956331983314,0
3308,1281,0.0011683063225345087,-0.001835821235010951,0.034082305177721074,3.04051247806275e-08,0.034082274772596295,0
3502,1301,0.002,-0.0018333333333333333,0.034114395682544804,3.6044118441876554e-08,0.034114359638426364,0
2554,727,0.0005369037385796695,0.00010068758598264056,0.034150619347590144,5.512032687955576e-09,0.03415061383555745,0
522,231,0.0005463750000000005,-2.2500000000000005e-05,0.03428855318535349,2.62859594551491e-09,0.034288550556757544,0
923,388,0.0005276250000000005,1.4999999999999992e-05,0.03446228335751427,3.7002710696184817e-09,0.0344622796572432,0
4065,1406,0.0002528682826605001,-0.0017101146573470373,0.03462395073286142,2.8236642550380505e-09,0.034623947909197164,0
4152,1407,0.0002931700512453749,-0.0017084410577699741,0.03471334528934873,1.2275674944536702e-08,0.03471333301367379,0
3004,828,0.0004885852721786183,-0.00015779337905383195,0.03472759270728562,1.676550523652948e-08,0.034727575941780386,0
2733,753,0.00037878129714001996,0.00020268247475352657,0.03476762731189925,6.678631917872048e-09,0.034767620633267333,0
1858,642,0.0003841493179854505,-9.375340695706517e-05,0.03492392300611126,1.714583663396239e-07,0.03492375154774492,0
320,147,0.00039637500000000013,-3.7500000000000003e-05,0.034955208335943594,7.519600386518392e-06,0.03494768873555708,0
1534,605,0.0003430263342084166,-6.457452227107157e-05,0.035517417179379014,1.3289108504179577e-06,0.035516088268528596,0
3463,1301,0.002,-0.0018333333333333333,0.03604493786412253,3.6044118441876554e-08,0.03604490182000409,0
2863,809,0.0003562386043614697,-0.0002035160303202824,0.03626586318668559,2.7376551071689497e-09,0.03626586044903048,0
2031,660,0.00043342860296878213,0.00011964423651476869,0.036278671939594095,1.374152746961556e-07,0.0362785345243194,0
558,252,0.0004601250000000003,-1.5000000000000005e-05,0.03674039776519825,3.982799064639215e-08,0.036740357937207604,0
67,52,0.00040012500000000014,-6e-05,0.037191178933100005,1.1045510481293354e-06,0.03719007438205187,0
3171,1279,0.0010853696574508723,-0.0018348853894366581,0.037752887986600855,2.731603399001012e-09,0.037752885254997454,0
3202,1279,0.0010853696574508723,-0.0018348853894366581,0.03781146897814174,2.731603399001012e-09,0.03781146624653834,0
4258,1409,0.0003752823907658263,-0.0017092114270423236,0.037991708650018365,3.208013893465805e-08,0.03799167656987943,0
4329,1432,0.001331330508901036,-0.0017097630929053104,0.03802457141652485,5.977987489325365e-09,0.03802456543853736,0
3981,1387,0.0015029018387132948,-0.0017473203703996317,0.038108900975195655,2.180477085144828e-08,0.038108879170424804,0
1216,504,0.00043762500000000024,4.499999999999999e-05,0.0384113727306776,2.127548124811159e-07,0.03841115997586512,0
2367,707,0.00040623743887438605,-0.0001325466043000965,0.038958292525017695,7.728247968619983e-08,0.03895821524253801,0
4188,1408,0.0003352491194219976,-0.001709268843234495,0.03914069104482349,2.90809048727778e-08,0.03914066196391862,0
3840,1383,0.0013348570556488925,-0.0017524623557613741,0.03957132041825196,1.63302481798422e-08,0.03957130408800378,0
3212,1280,0.0011235544737104631,-0.0018311701190403204,0.039734077151444946,1.3513546574396908e-08,0.03973406363789837,0
98,59,0.0004526250000000003,-6e-05,0.04004956775037034,5.974883135408689e-08,0.04004950800153899,0
3825,1366,0.000626945333864304,-0.0017488310248700133,0.04020214067538417,5.823364972043562e-09,0.0402021348520192,0
1834,639,0.00036187734641326974,-9.679548773400577e-05,0.04055038744003731,3.276111116059559e-07,0.040550059828925705,0
1185,489,0.0005688750000000005,3.749999999999999e-05,0.04061589025992589,1.3740536680719103e-09,0.04061588888587222,0
513,227,0.0005163750000000004,-2.2500000000000005e-05,0.04061754402090821,5.053931108360162e-09,0.040617538966977104,0
1183,488,0.0005613750000000006,3.749999999999999e-05,0.040718639629701174,1.8112047365114987e-09,0.04071863781849644,0
1584,613,0.0004116214895004921,8.190306891057295e-05,0.04081431630610297,5.761287149026529e-07,0.04081374017738807,0
1531,605,0.0003430263342084166,-6.457452227107157e-05,0.041447966476123435,1.3289108504179577e-06,0.04144663756527302,0
4339,1432,0.001331330508901036,-0.0017097630929053104,0.04156424617475389,5.977987489325365e-09,0.041564240196766404,0
1298,541,0.00047887500000000035,5.249999999999999e-05,0.04264535762889899,2.4890051393469826e-08,0.042645332738847595,0
3554,1302,0.0,-0.0017916666666666667,0.042699964857167295,2.1460700857017973e-08,0.04269994339646644,0
3095,839,0.0005405034812376771,-9.408196402900622e-05,0.04309725277780209,3.984490126884458e-09,0.04309724879331196,0
2243,695,0.0003173378387221443,-0.00013374020734338335,0.04403801784750588,1.210188274086831e-09,0.0440380166373176,0
3421,1300,0.0019586220894085822,-0.0018338156596585703,0.044287307235760166,7.285132515831509e-08,0.044287234384435006,0
1995,657,0.00045167000707205425,0.00010631609882119674,0.04489529357675018,6.556841812759795e-08,0.04489522800833205,0
3428,1300,0.0019586220894085822,-0.0018338156596585703,0.04529802147096879,7.285132515831509e-08,0.04529794861964363,0
3551,1302,0.0,-0.0017916666666666667,0.04553551706689652,2.1460700857017973e-08,0.045535495606195665,0
3596,1316,0.0005843082459749532,-0.0017931415468221683,0.0460164624137621,1.6759312591280528e-07,0.04601629482063619,0
1900,645,0.0004051193935742176,-8.56570557439043e-05,0.04603983899768683,3.442248684343402e-07,0.04603949477281839,0
4320,1431,0.0012933998027881317,-0.001710610546743135,0.04627067193264747,3.603961414914697e-09,0.04627066832868606,0
2302,701,0.0003618846284857497,-0.0001403672014418598,0.046447631621245794,5.5641249687601393e-08,0.0464475759799961,0
1785,634,0.0003251298648407288,-9.031591525967964e-05,0.04663595281691557,5.589535660989452e-09,0.04663594722737991,0
3704,1362,0.00045742028878796543,-0.001747449068702735,0.04685525268846675,8.64009075800238e-07,0.04685438867939095,0
817,346,0.0004563750000000003,7.4999999999999926e-06,0.046894868599847886,4.738176553942076e-08,0.04689482121808235,0
3710,1363,0.0004980498508590125,-0.0017495891039972066,0.04701637418992164,1.303138308747088e-07,0.04701624387609077,0
341,153,0.00044137500000000025,-3.7500000000000003e-05,0.0472189142839633,1.543776019339691e-07,0.04721875990636137,0
1210,501,0.0004151250000000002,4.499999999999999e-05,0.04750149835499248,1.0068588183290604e-06,0.047500491496174156,0
1012,424,0.0005613750000000006,2.249999999999999e-05,0.04790464723655853,1.6844658593743057e-09,0.04790464555209267,0
398,181,0.00040762500000000016,-3.0000000000000004e-05,0.047927583205260575,2.908092661345162e-06,0.04792467511259923,0
3891,1385,0.0014197734752504174,-0.0017467174082457623,0.04826903160256088,1.6766268000891533e-07,0.04826886393988087,0
2310,703,0.0003769209214282374,-0.00013935632559438542,0.04943014761708186,3.4203613114510965e-08,0.04943011341346874,0
1304,544,0.0005013750000000004,5.249999999999999e-05,0.04946686066568809,1.1091906580631952e-08,0.04946684957378151,0
2003,657,0.00045167000707205425,0.00010631609882119674,0.050068689834361975,6.556841812759795e-08,0.05006862426594385,0
389,179,0.0003926250000000001,-3.0000000000000004e-05,0.05020899783781768,1.9721553177643056e-05,0.05018927628464004,0
1158,480,0.0005013750000000004,3.749999999999999e-05,0.050748542894431314,9.169890462085575e-09,0.05074853372454085,0
3218,1280,0.0011235544737104631,-0.0018311701190403204,0.051207299453097106,1.3513546574396908e-08,0.05120728593955053,0
4244,1409,0.0003752823907658263,-0.0017092114270423236,0.05174399846449435,3.208013893465805e-08,0.05174396638435542,0
2386,709,0.0004201797986555263,-0.00012682623900017403,0.05174530410843253,9.52794943683815e-08,0.05174520882893816,0
4306,1430,0.0012466915290819092,-0.0017102513126253656,0.05175639553980796,4.4781034284360416e-10,0.051756395091997615,0
3647,1318,0.0006654805645827595,-0.0017913884242686483,0.052005797117003406,1.3505968375492156e-08,0.05200578361103503,0
3633,1318,0.0006654805645827595,-0.0017913884242686483,0.05211567083879025,1.3505968375492156e-08,0.05211565733282187,0
2346,705,0.0003917622054501175,-0.00013673940679297052,0.052394211267724415,3.669571335376032e-08,0.05239417457201106,0
446,199,0.0005426250000000006,-3.0000000000000004e-05,0.05245589170939836,3.040363256462645e-09,0.0524558886690351,0
61,51,0.0003926250000000001,-6e-05,0.05260264560060842,1.2666504830658032e-06,0.05260137895012536,0
3557,1302,0.0,-0.0017916666666666667,0.052719288511521675,2.1460700857017973e-08,0.05271926705082082,0
4290,1410,0.0004191076616030197,-0.0017055678807356095,0.05299107788817512,6.347297876509247e-09,0.052991071540877246,0
2767,757,0.0003487209506984081,0.00020323805190300341,0.0530388610699016,2.630770096533511e-09,0.0530388584391315,0
1066,443,0.0004601250000000003,2.999999999999999e-05,0.053385649452921666,4.47242077314692e-08,0.05338560472871393,0
1497,599,0.00035049791389083905,6.608846053976123e-05,0.05349311523648274,9.765684729121883e-07,0.05349213866800982,0
3019,831,0.0005052559082019141,-0.00014259608629591756,0.05378583239212431,1.2259935852966035e-08,0.05378582013218846,0
561,252,0.0004601250000000003,-1.5000000000000005e-05,0.05384887192873932,3.982799064639215e-08,0.05384883210074867,0
103,59,0.0004526250000000003,-6e-05,0.054195366839308236,5.974883135408689e-08,0.05419530709047688,0
1563,609,0.0003732595008181979,-6.543821433225158e-05,0.055353335126022224,2.324763978353258e-06,0.05535101036204387,0
73,53,0.00040762500000000016,-6e-05,0.05536179280741254,8.045962220568645e-07,0.05536098821119048,0
4347,1433,0.001375728555843743,-0.0017060906296348618,0.05536305858753769,5.930750409177369e-09,0.05536305265678728,0
3020,831,0.0005052559082019141,-0.00014259608629591756,0.056081285747592496,1.2259935852966035e-08,0.056081273487656645,0
3899,1385,0.0014197734752504174,-0.0017467174082457623,0.05636856291298828,1.6766268000891533e-07,0.05636839525030827,0
3332,1281,0.0011683063225345087,-0.001835821235010951,0.05648212499610432,3.04051247806275e-08,0.05648209459097954,0
2062,661,0.0004269006467537924,0.00012341315379275108,0.05677915025569283,4.463506753824434e-08,0.05677910562062529,0
4199,1408,0.0003352491194219976,-0.001709268843234495,0.056801850682978154,2.90809048727778e-08,0.05680182160207328,0
874,370,0.0003926250000000001,1.4999999999999992e-05,0.05698294182642634,5.368082354105849e-05,0.056929261002885284,0
2357,706,0.00039905612662404367,-0.00013483739109859555,0.057204937401062785,1.2436346873626324e-07,0.057204813037594046,0
4074,1406,0.0002528682826605001,-0.0017101146573470373,0.0579307515221515,2.8236642550380505e-09,0.057930748698487244,0
2273,700,0.0003543474732555907,-0.00014026600445778972,0.05822483195650447,1.291702848647408e-08,0.05822481903947598,0
24,28,0.00033537279169846044,4.626701118018792e-05,0.05825781739535871,4.813700262333484e-06,0.058253003695096374,0
3240,1280,0.0011235544737104631,-0.0018311701190403204,0.05826682219584821,1.3513546574396908e-08,0.058266808682301635,0
1770,632,0.0003115931542154948,-8.38431163329143e-05,0.05832514369767384,1.1820845718733618e-09,0.05832514251558927,0
2373,708,0.00041328543661888856,-0.00012987365132883328,0.058859466993141804,9.807531348419076e-08,0.05885936891782832,0
1718,625,0.00032512986484072894,9.031591525967967e-05,0.05898914127786982,6.0560206497547175e-09,0.05898913522184917,0
3054,837,0.0005330623666938131,-0.0001071556808051344,0.05919498186365303,6.988737771910894e-09,0.05919497487491526,0
753,320,0.0004976250000000005,-6.776263578034403e-21,0.05931729033976281,7.840656293684794e-09,0.05931728249910652,0
4190,1408,0.0003352491194219976,-0.001709268843234495,0.059499687937593665,2.90809048727778e-08,0.05949965885668879,0
1228,513,0.0005051250000000004,4.499999999999999e-05,0.05979227095128792,8.95679375630274e-09,0.05979226199449416,0
4128,1407,0.0002931700512453749,-0.0017084410577699741,0.05988809560816862,1.2275674944536702e-08,0.05988808333249368,0
4203,1408,0.0003352491194219976,-0.001709268843234495,0.060076207244751184,2.90809048727778e-08,0.06007617816384631,0
2428,712,0.0004397448455128243,-0.00011553035393040541,0.060282226047418105,9.706519894408578e-08,0.060282128982219164,0
1979,654,0.0004675372061441989,9.023443001343238e-05,0.06029611287411324,2.3127509418066948e-08,0.06029608974660382,0
4010,1387,0.0015029018387132948,-0.0017473203703996317,0.06085704568683698,2.180477085144828e-08,0.06085702388206613,0
454,202,0.0005651250000000005,-3.0000000000000004e-05,0.06097002572954491,1.5552636804543802e-09,0.060970024174281226,0
154,69,0.0005276250000000005,-6e-05,0.061437525368116065,5.2240580191155885e-09,0.061437520144058046,0
3804,1365,0.0005858232018222758,-0.001752429859975062,0.06154691584614404,1.2900585714593919e-08,0.06154690294555832,0
258,117,0.00040762500000000016,-4.5e-05,0.06187721903077715,1.829844384949396e-06,0.061875389186392196,0
1303,543,0.0004938750000000003,5.249999999999999e-05,0.061898048756523986,1.4312141864627954e-08,0.06189803444438212,0
2380,708,0.00041328543661888856,-0.00012987365132883328,0.06200168369276854,9.807531348419076e-08,0.06200158561745506,0
306,139,0.0005726250000000007,-4.5e-05,0.06245700694514761,1.267604136704435e-09,0.06245700567754347,0
1106,465,0.0003888750000000001,3.749999999999999e-05,0.06276839347200047,1.7246181570778375e-05,0.06275114729042969,0
3700,1362,0.00045742028878796543,-0.001747449068702735,0.06334081148445726,8.64009075800238e-07,0.06333994747538146,0
3845,1383,0.0013348570556488925,-0.0017524623557613741,0.06363585891382263,1.63302481798422e-08,0.06363584258357445,0
2624,737,0.0004885852721786184,0.00015779337905383193,0.06384543571921802,1.5732678557437894e-08,0.06384541998653946,0
4000,1387,0.0015029018387132948,-0.0017473203703996317,0.06401764133187925,2.180477085144828e-08,0.0640176195271084,0
529,239,0.00036262500000000005,-1.5000000000000005e-05,0.06765708216379297,0.0034744120226551703,0.06418267014113781,0
1878,643,0.0003913418780168542,-9.160009583835658e-05,0.06428100460144877,4.3674982910749494e-07,0.06428056785161966,0
689,294,0.0005388750000000004,-7.500000000000006e-06,0.06520819085670948,2.8622805829741997e-09,0.0652081879944289,0
117,62,0.00047512500000000034,-6e-05,0.06531274083878516,2.926719771021785e-08,0.06531271157158745,0
3072,839,0.0005405034812376771,-9.408196402900622e-05,0.06553974788537933,3.984490126884458e-09,0.06553974390088921,0
2322,704,0.000384376705615542,-0.00013824716737959644,0.06558512187118935,2.7173621889311787e-08,0.06558509469756746,0
4148,1407,0.0002931700512453749,-0.0017084410577699741,0.06626787663102457,1.2275674944536702e-08,0.06626786435534962,0
32,30,0.00031661055043433607,6.0578213238823295e-05,0.0667526007372032,1.017085796253868e-08,0.06675259056634524,0
501,223,0.00048637500000000037,-2.2500000000000005e-05,0.06683003290931318,1.2943416680161535e-08,0.06683001996589649,0
1282,534,0.0004263750000000002,5.249999999999999e-05,0.06725143484993547,4.533515729228951e-07,0.06725098149836255,0
2904,814,0.0003936986217093507,-0.00020074193779418825,0.06763936872035171,4.798547018335494e-09,0.0676393639218047,0
2028,660,0.00043342860296878213,0.00011964423651476869,0.06831767483641223,1.374152746961556e-07,0.06831753742113753,0
324,147,0.00039637500000000013,-3.7500000000000003e-05,0.0689198333766284,7.519600386518392e-06,0.06891231377624188,0
4299,1430,0.0012466915290819092,-0.0017102513126253656,0.0690131639967664,4.4781034284360416e-10,0.06901316354895605,0
1809,638,0.0003543707844675283,-9.664989812570138e-05,0.06909254529782084,9.977164192353979e-08,0.06909244552617892,0
1795,634,0.0003251298648407288,-9.031591525967964e-05,0.06919058288115411,5.589535660989452e-09,0.06919057729161844,0
34,30,0.00031661055043433607,6.0578213238823295e-05,0.06922542040324514,1.017085796253868e-08,0.06922541023238718,0
3616,1317,0.0006264091269581266,-0.001793554870120426,0.06971299781548991,7.340702519687142e-08,0.06971292440846472,0
861,363,0.0005838750000000005,7.4999999999999926e-06,0.07028411781634238,7.373634865262164e-10,0.07028411707897889,0
1817,638,0.0003543707844675283,-9.664989812570138e-05,0.0703348941265019,9.977164192353979e-08,0.07033479435485998,0
566,254,0.00047512500000000034,-1.5000000000000005e-05,0.07065461153368538,1.911770161984789e-08,0.07065459241598376,0
894,378,0.0004526250000000003,1.4999999999999992e-05,0.07066375734864383,6.154176904840954e-08,0.07066369580687479,0
1512,600,0.0003430263342084167,6.457452227107159e-05,0.07106786880060813,1.601313965866978e-06,0.07106626748664226,0
538,245,0.00040762500000000016,-1.5000000000000005e-05,0.07150441741893741,4.457966858888021e-06,0.07149995945207853,0
4252,1409,0.0003752823907658263,-0.0017092114270423236,0.07182921982513688,3.208013893465805e-08,0.07182918774499794,0
3227,1280,0.0011235544737104631,-0.0018311701190403204,0.07203563829275572,1.3513546574396908e-08,0.07203562477920915,0
4003,1387,0.0015029018387132948,-0.0017473203703996317,0.07211101336342302,2.180477085144828e-08,0.07211099155865217,0
2508,719,0.0004765905330907351,-7.818663989945565e-05,0.0724249146683469,3.957589316877576e-08,0.07242487509245372,0
116,61,0.0004676250000000003,-6e-05,0.07371387435543879,4.194828025322652e-08,0.07371383240715854,0
1262,529,0.0003888750000000001,5.249999999999999e-05,0.07408943097473189,6.6048528605076164e-06,0.07408282612187138,0
2739,755,0.0003637613956385303,0.0002035160303202824,0.07439164487287794,5.752728443007786e-09,0.0743916391201495,0
4249,1409,0.0003752823907658263,-0.0017092114270423236,0.07466868586348477,3.208013893465805e-08,0.07466865378334583,0
3721,1363,0.0004980498508590125,-0.0017495891039972066,0.0747062650620863,1.303138308747088e-07,0.07470613474825542,0
2360,706,0.00039905612662404367,-0.00013483739109859555,0.07472940902577568,1.2436346873626324e-07,0.07472928466230695,0
3565,1303,3.915017100512667e-05,-0.0017885611458615834,0.07483831180318219,3.2816617002613603e-09,0.07483830852152049,0
107,60,0.0004601250000000003,-6e-05,0.07505523139151546,4.9795343929851604e-08,0.07505518159617153,0
1042,439,0.0004301250000000002,2.999999999999999e-05,0.0753964230002427,3.43522729250625e-07,0.07539607947751345,0
747,318,0.00048262500000000036,-6.776263578034403e-21,0.07541149002244163,1.3306221216520712e-08,0.07541147671622041,0
3273,1280,0.0011235544737104631,-0.0018311701190403204,0.07545033822845514,1.3513546574396908e-08,0.07545032471490856,0
1339,561,0.0003851250000000001,5.999999999999999e-05,0.07573485399754366,2.172403207948945e-06,0.07573268159433572,0
4036,1406,0.0002528682826605001,-0.0017101146573470373,0.07627488488699331,2.8236642550380505e-09,0.07627488206332905,0
3175,1279,0.0010853696574508723,-0.0018348853894366581,0.07657002246391455,2.731603399001012e-09,0.07657001973231115,0
1728,626,0.0003182359224899663,8.734215880635978e-05,0.07658694570306807,7.3320827800480875e-09,0.07658693837098529,0
3855,1383,0.0013348570556488925,-0.0017524623557613741,0.0777236875116551,1.63302481798422e-08,0.07772367118140693,0
3259,1280,0.0011235544737104631,-0.0018311701190403204,0.07782952996993234,1.3513546574396908e-08,0.07782951645638576,0
3944,1386,0.001455283505559255,-0.001747823274873921,0.07795941222354724,3.250126316178113e-08,0.07795937972228408,0
4336,1432,0.001331330508901036,-0.0017097630929053104,0.07807031966357321,5.977987489325365e-09,0.07807031368558572,0
3058,837,0.0005330623666938131,-0.0001071556808051344,0.07884811554338012,6.988737771910894e-09,0.07884810855464235,0
1852,642,0.0003841493179854505,-9.375340695706517e-05,0.078890874091953,1.714583663396239e-07,0.07889070263358666,0
3235,1280,0.0011235544737104631,-0.0018311701190403204,0.07922894713423109,1.3513546574396908e-08,0.07922893362068452,0
3210,1279,0.0010853696574508723,-0.0018348853894366581,0.07933296864514926,2.731603399001012e-09,0.07933296591354586,0
1074,448,0.0004976250000000005,2.999999999999999e-05,0.07952194987002005,9.497019816082575e-09,0.07952194037300024,0
2913,815,0.00040109332316923805,-0.00019935962852439364,0.07954038168455048,1.3289194590176737e-08,0.07954036839535589,0
1713,625,0.00032512986484072894,9.031591525967967e-05,0.0796772506222541,6.0560206497547175e-09,0.07967724456623346,0
1451,591,0.00035617217565788145,-3.152496970101228e-05,0.07978290246006005,2.614658286213214e-05,0.07975675587719791,0
971,408,0.00044137500000000025,2.249999999999999e-05,0.07992883328177315,1.3813988232283445e-07,0.07992869514189083,0
608,269,0.0005876250000000007,-1.5000000000000005e-05,0.08074386743209087,6.657486404117879e-10,0.08074386676634224,0
1274,532,0.0004113750000000002,5.249999999999999e-05,0.08094276683396529,1.0989157835251024e-06,0.08094166791818176,0
3344,1281,0.0011683063225345087,-0.001835821235010951,0.08094274102922434,3.04051247806275e-08,0.08094271062409956,0
2668,744,0.00044393545274988913,0.00018543937679507767,0.08095226075113382,1.3625216594652994e-08,0.08095224712591723,0
3021,832,0.0005104258463483998,-0.00013713127814194426,0.08107940786505749,1.0633194785680474e-08,0.08107939723186271,0
4230,1408,0.0003352491194219976,-0.001709268843234495,0.08150465214017427,2.90809048727778e-08,0.0815046230592694,0
4054,1406,0.0002528682826605001,-0.0017101146573470373,0.0816100597499876,2.8236642550380505e-09,0.08161005692632334,0
335,150,0.0004188750000000002,-3.7500000000000003e-05,0.08200498221268898,8.309725426699295e-07,0.08200415124014632,0
54,50,0.0003851250000000001,-6e-05,0.08229348428826662,1.9244926481349133e-06,0.08229155979561849,0
3585,1315,0.0005446477052616283,-0.0017885884216789338,0.08257446895995596,9.821408908870207e-07,0.08257348681906507,0
1691,622,0.00034689807728635754,9.592304465781523e-05,0.0829580077447483,1.0963212399090174e-07,0.08295789811262431,0
2950,822,0.0004507303929021594,-0.00018221119202259622,0.08296294115231029,1.3494466317268383e-08,0.08296292765784397,0
90,58,0.00044512500000000026,-6e-05,0.08342337974076572,1.1757162675259048e-07,0.08342326216913896,0
2333,705,0.0003917622054501175,-0.00013673940679297052,0.0835148397690453,3.669571335376032e-08,0.08351480307333194,0
3383,1283,0.0012478521718904474,-0.0018324870133428497,0.0838481405188135,6.636637563717846e-09,0.08384813388217593,0
2308,703,0.0003769209214282374,-0.00013935632559438542,0.08407986178673246,3.4203613114510965e-08,0.08407982758311935,0
304,137,0.0005576250000000006,-4.5e-05,0.08475785911054613,2.2024867004862706e-09,0.08475785690805943,0
452,200,0.0005501250000000005,-3.0000000000000004e-05,0.08504713513116197,2.5149799408655974e-09,0.08504713261618202,0
3984,1387,0.0015029018387132948,-0.0017473203703996317,0.08543606363119789,2.180477085144828e-08,0.08543604182642704,0
2840,808,0.0003487209506984081,-0.00020323805190300341,0.08565947441921844,1.1655154774778041e-09,0.08565947325370296,0
3570,1314,0.0004984881118846614,-0.001793090059836856,0.08588295521746661,9.180600153086182e-08,0.08588286341146507,0
2338,705,0.0003917622054501175,-0.00013673940679297052,0.08748946561986091,3.669571335376032e-08,0.08748942892414756,0
2190,677,0.0003102206181636503,0.00013125744249047305,0.08769106936719721,1.890243106677214e-09,0.08769106747695411,0
3530,1302,0.0,-0.0017916666666666667,0.08779153672544418,2.1460700857017973e-08,0.08779151526474333,0
1578,611,0.000423657070976679,7.294291048408704e-05,0.08790639909795832,3.343528889673797e-07,0.08790606474506935,0
151,68,0.0005201250000000004,-6e-05,0.08807153880800839,7.193027720452753e-09,0.08807153161498067,0
743,317,0.00047512500000000034,-6.776263578034403e-21,0.08814808258865724,1.8126372711362296e-08,0.08814806446228453,0
3472,1301,0.002,-0.0018333333333333333,0.08830934732004585,3.6044118441876554e-08,0.08830931127592741,0
3014,829,0.0004943281581209461,-0.00015293419705974777,0.08865969306104947,1.4527108634839e-08,0.08865967853394083,0
664,287,0.00048637500000000037,-7.500000000000006e-06,0.08876593796318374,1.1690479372055087e-08,0.08876592627270437,0
675,291,0.0005163750000000004,-7.500000000000006e-06,0.08958233438290959,4.6670527450893645e-09,0.08958232971585685,0
2155,671,0.0003543474732555907,0.00014026600445778972,0.09002484445099984,1.538209714277646e-08,0.0900248290689027,0
3078,839,0.0005405034812376771,-9.408196402900622e-05,0.0901776783679186,3.984490126884458e-09,0.09017767438342847,0
586,261,0.0005276250000000005,-1.5000000000000005e-05,0.09055376808971254,3.704878663033235e-09,0.09055376438483387,0
3925,1386,0.001455283505559255,-0.001747823274873921,0.0907252031850212,3.250126316178113e-08,0.09072517068375803,0
2433,713,0.000445831163023568,-0.00011108336742811969,0.09075427521703089,7.649222575895273e-08,0.09075419872480513,0
1982,655,0.00046253869725606817,9.587658019650754e-05,0.09106501488864989,5.016978233858687e-08,0.09106496471886755,0
228,100,0.0005238750000000004,-5.25e-05,0.09106550409254319,5.436459248512044e-09,0.09106549865608393,0
4215,1408,0.0003352491194219976,-0.001709268843234495,0.09107250431477672,2.90809048727778e-08,0.09107247523387184,0
2342,705,0.0003917622054501175,-0.00013673940679297052,0.09110121685025063,3.669571335376032e-08,0.09110118015453728,0
1971,654,0.0004675372061441989,9.023443001343238e-05,0.09121630435904977,2.3127509418066948e-08,0.09121628123154035,0
3785,1365,0.0005858232018222758,-0.001752429859975062,0.09122797033747186,1.2900585714593919e-08,0.09122795743688615,0
2578,732,0.0005153903208829037,0.00013147916515700845,0.09162305181056564,7.101177484728671e-09,0.09162304470938816,0
1268,530,0.00039637500000000013,5.249999999999999e-05,0.09168586590263611,3.4858932651732347e-06,0.09168238000937094,0
2536,726,0.0005405034812376771,9.40819640290061e-05,0.09174323658194991,3.4190466697932333e-09,0.09174323316290324,0
2931,819,0.0004300110729119618,-0.00019113181933992998,0.09182255122945253,1.4421775978352106e-08,0.09182253680767655,0
337,151,0.0004263750000000002,-3.7500000000000003e-05,0.09184755918356295,4.602951734782712e-07,0.09184709888838948,0
2467,716,0.0004625386972560682,-9.587658019650753e-05,0.09219955068861556,4.4855855708196496e-08,0.09219950583275985,0
3390,1283,0.0012478521718904474,-0.0018324870133428497,0.09235774335290414,6.636637563717846e-09,0.09235773671626658,0
1438,583,0.0005501250000000005,5.999999999999999e-05,0.09239907607818972,3.2164234930436135e-09,0.09239907286176623,0
1058,442,0.0004526250000000003,2.999999999999999e-05,0.09313482433598659,6.878857111995215e-08,0.09313475554741547,0
1056,441,0.00044512500000000026,2.999999999999999e-05,0.09322190884002676,1.118329009574174e-07,0.09322179700712581,0
3504,1301,0.002,-0.0018333333333333333,0.09332244557093405,3.6044118441876554e-08,0.09332240952681561,0
1413,578,0.0005126250000000005,5.999999999999999e-05,0.09343560925204354,1.0369805851165406e-08,0.0934355988822377,0
2685,748,0.0004157043168716395,0.00019578036616662979,0.09372457888619358,1.6601500002254204e-08,0.09372456228469357,0
2382,708,0.00041328543661888856,-0.00012987365132883328,0.0938176748678061,9.807531348419076e-08,0.09381757679249261,0
3133,1256,0.00012691196507293,-0.0018305646115425647,0.09395171022313166,3.2245341414056467e-09,0.09395170699859752,0
1080,450,0.0005126250000000005,2.999999999999999e-05,0.09403872690466512,5.978717350452613e-09,0.09403872092594777,0
3000,828,0.0004885852721786183,-0.00015779337905383195,0.0943274140983032,1.676550523652948e-08,0.09432739733279796,0
3137,1256,0.00012691196507293,-0.0018305646115425647,0.09450164402679799,3.2245341414056467e-09,0.09450164080226385,0
3400,1299,0.0019146927158673187,-0.0018343109948123562,0.09523566146314738,1.5975082076411483e-08,0.0952356454880653,0
2115,666,0.0003917622054501175,0.00013673940679297052,0.09528712235704695,4.235101707239463e-08,0.09528708000602988,0
1193,496,0.0003776250000000001,4.499999999999999e-05,0.09589826409451986,3.3348783103194805e-05,0.09586491531141667,0
666,288,0.0004938750000000003,-7.500000000000006e-06,0.09594502314717027,8.972237855834793e-09,0.09594501417493241,0
3139,1256,0.00012691196507293,-0.0018305646115425647,0.09610001590094312,3.2245341414056467e-09,0.09610001267640898,0
2184,676,0.0003173378387221443,0.00013374020734338335,0.0962098512229162,1.2535618619664699e-09,0.09620984996935433,0
607,268,0.0005801250000000006,-1.5000000000000005e-05,0.09645265052219679,8.565451668415771e-10,0.09645264966565162,0
2552,727,0.0005369037385796695,0.00010068758598264056,0.0967070308173325,5.512032687955576e-09,0.09670702530529982,0
2255,696,0.00032457806533562933,-0.0001358373645569657,0.0974588452019282,1.0988379264459703e-08,0.09745883421354894,0
1375,567,0.0004301250000000002,5.999999999999999e-05,0.0975049848208801,3.7160972673562206e-07,0.09750461321115336,0
4088,1406,0.0002528682826605001,-0.0017101146573470373,0.0976780832487874,2.8236642550380505e-09,0.09767808042512315,0
3650,1318,0.0006654805645827595,-0.0017913884242686483,0.09781301192812622,1.3505968375492156e-08,0.09781299842215785,0
2833,805,0.0003263013782906491,-0.0002007419377941882,0.09788847203883079,1.969868987527466e-09,0.0978884700689618,0
2205,678,0.0003032469244494645,0.00012839622845202327,0.09790507853305318,1.91534661762075e-09,0.09790507661770656,0
87,57,0.00043762500000000024,-6e-05,0.09800105118160436,2.8091753582552615e-07,0.09800077026406853,0
3691,1362,0.00045742028878796543,-0.001747449068702735,0.0987766942177006,8.64009075800238e-07,0.0987758302086248,0
3989,1387,0.0015029018387132948,-0.0017473203703996317,0.09885258391747849,2.180477085144828e-08,0.09885256211270764,0
2717,751,0.00039369862170935083,0.00020074193779418822,0.09895524252195328,8.718542757268554e-09,0.09895523380341052,0
3368,1282,0.0012103756595647091,-0.0018311249926090982,0.09906022988450706,2.8048161649195223e-08,0.09906020183634541,0
347,156,0.0004638750000000003,-3.7500000000000003e-05,0.09922757321388484,3.9478790614185554e-08,0.09922753373509423,0
1755,628,0.0003052415104073346,7.983983149249146e-05,0.09926815820229441,2.39233901996771e-13,0.09926815820205517,0
1880,643,0.0003913418780168542,-9.160009583835658e-05,0.09945550638539243,4.3674982910749494e-07,0.09945506963556332,0
1803,636,0.0003395041666100166,-9.461929871262795e-05,0.10023559435598817,4.003103117483332e-08,0.100235554324957,0
2237,694,0.00031022061816365025,-0.00013125744249047302,0.10089381923080122,1.7296886262542678e-09,0.10089381750111259,0
3363,1282,0.0012103756595647091,-0.0018311249926090982,0.10126839102835286,2.8048161649195223e-08,0.1012683629801912,0
2226,693,0.00030324692444946453,-0.0001283962284520233,0.10133340391768803,1.895665708906316e-09,0.10133340202202232,0
612,273,0.0003813750000000001,-7.500000000000006e-06,0.10228118911413048,0.0007297262724133153,0.10155146284171716,0
1582,612,0.0004178131277148982,7.765650738373669e-05,0.10168382503880527,3.969110216605586e-07,0.10168342812778361,0
2940,821,0.000443935452749889,-0.00018543937679507772,0.10186364301257383,1.3244627142096203e-08,0.10186362976794669,0
1373,566,0.0004226250000000002,5.999999999999999e-05,0.10215643160378556,4.5643797420008876e-07,0.10215597516581136,0
4293,1430,0.0012466915290819092,-0.0017102513126253656,0.10255283028375206,4.4781034284360416e-10,0.10255282983594172,0
3342,1281,0.0011683063225345087,-0.001835821235010951,0.1029857934301645,3.04051247806275e-08,0.10298576302503971,0
3836,1383,0.0013348570556488925,-0.0017524623557613741,0.10316698002669111,1.63302481798422e-08,0.10316696369644293,0
1107,466,0.00039637500000000013,3.749999999999999e-05,0.10330195197023773,7.456512387906844e-06,0.10329449545784981,0
1041,437,0.0004151250000000002,2.999999999999999e-05,0.10347559812388463,1.3212296446604493e-06,0.10347427689423996,0
3685,1361,0.00041540645613897707,-0.0017497865928541032,0.10453564139776039,8.572315711959396e-08,0.10453555567460328,0
3296,1281,0.0011683063225345087,-0.001835821235010951,0.10524509066997773,3.04051247806275e-08,0.10524506026485295,0
2855,809,0.0003562386043614697,-0.0002035160303202824,0.10524639906210523,2.7376551071689497e-09,0.10524639632445013,0
998,418,0.0005163750000000004,2.249999999999999e-05,0.10528001134937054,5.069369158758886e-09,0.10528000628000138,0
605,268,0.0005801250000000006,-1.5000000000000005e-05,0.1065031284764232,8.565451668415771e-10,0.10650312761987803,0
4275,1410,0.0004191076616030197,-0.0017055678807356095,0.10686611243285368,6.347297876509247e-09,0.1068661060855558,0
3040,835,0.0005246760455161772,-0.00011964415041124925,0.1070086894253054,1.1870192673199509e-08,0.10700867755511273,0
3100,840,0.0005438566778523642,-8.734783742925543e-05,0.10726762683288163,4.245688653758997e-09,0.10726762258719298,0
3935,1386,0.001455283505559255,-0.001747823274873921,0.10767671690779927,3.250126316178113e-08,0.1076766844065361,0
935,391,0.0005501250000000005,1.4999999999999992e-05,0.10826435311197721,2.2809539603251084e-09,0.10826435083102326,0
1544,606,0.00035049791389083905,-6.608846053976122e-05,0.10926996017743984,9.257240905089254e-07,0.10926903445334933,0
2355,706,0.00039905612662404367,-0.00013483739109859555,0.10927364817436098,1.2436346873626324e-07,0.10927352381089225,0
1406,575,0.0004901250000000003,5.999999999999999e-05,0.10950214211486554,1.847914685336585e-08,0.10950212363571869,0
1948,650,0.00048430018651999184,6.523777047266547e-05,0.10992012023551359,1.6560339776050874e-08,0.10992010367517381,0
3215,1280,0.0011235544737104631,-0.0018311701190403204,0.10996170483863098,1.3513546574396908e-08,0.1099616913250844,0
3514,1302,0.0,-0.0017916666666666667,0.11025638461524288,2.1460700857017973e-08,0.11025636315454203,0
617,275,0.00039637500000000013,-7.500000000000006e-06,0.11081204755466635,3.356347479850315e-05,0.11077848407986784,0
739,316,0.0004676250000000003,-6.776263578034403e-21,0.11081644871940897,2.5619303669968373e-08,0.11081642310010531,0
3686,1361,0.00041540645613897707,-0.0017497865928541032,0.11096980749036056,8.572315711959396e-08,0.11096972176720345,0
3314,1281,0.0011683063225345087,-0.001835821235010951,0.11111796028365532,3.04051247806275e-08,0.11111792987853054,0
929,389,0.0005351250000000004,1.4999999999999992e-05,0.11162127725297917,3.161649619680312e-09,0.11162127409132955,0
656,285,0.00047137500000000033,-7.500000000000006e-06,0.11175065313858838,2.1739289002852734e-08,0.11175063139929937,0
2351,706,0.00039905612662404367,-0.00013483739109859555,0.11226777503475911,1.2436346873626324e-07,0.11226765067129038,0
939,393,0.0005651250000000005,1.4999999999999992e-05,0.11246542256633103,1.4496175423385922e-09,0.1124654211167135,0
246,112,0.00037012500000000007,-4.5e-05,0.11285094459056594,0.00011884623761464766,0.1127320983529513,0
2957,824,0.00046393938099558276,-0.00017501293601540074,0.11286841308121394,1.395304283595456e-08,0.1128683991281711,0
4174,1407,0.0002931700512453749,-0.0017084410577699741,0.11289192289376108,1.2275674944536702e-08,0.11289191061808614,0
4334,1432,0.001331330508901036,-0.0017097630929053104,0.11301908757792653,5.977987489325365e-09,0.11301908159993904,0
2677,746,0.00043001107291196184,0.00019113181933992995,0.11314650792635267,1.3298051665468392e-08,0.11314649462830101,0
2872,809,0.0003562386043614697,-0.0002035160303202824,0.11325337859795671,2.7376551071689497e-09,0.11325337586030161,0
3520,1302,0.0,-0.0017916666666666667,0.11359761365126869,2.1460700857017973e-08,0.11359759219056784,0
2966,824,0.00046393938099558276,-0.00017501293601540074,0.11363317537855763,1.395304283595456e-08,0.1136331614255148,0
2078,663,0.00041328543661888856,0.00012987365132883328,0.11374171474319002,4.804138748825676e-08,0.11374166670180252,0
3059,838,0.0005369037385796694,-0.00010068758598264066,0.11379705084667965,6.150848423070251e-09,0.11379704469583123,0
3865,1384,0.0013738430140100327,-0.001747035302962676,0.11391872543039672,7.187926468036283e-08,0.11391865355113204,0
2396,709,0.0004201797986555263,-0.00012682623900017403,0.11414060066791784,9.52794943683815e-08,0.11414050538842348,0
2793,761,0.00031890667683076205,0.00019935962852439364,0.1152948134418108,1.1234540087756449e-09,0.1152948123183568,0
3219,1280,0.0011235544737104631,-0.0018311701190403204,0.11579512652612158,1.3513546574396908e-08,0.115795113012575,0
3464,1301,0.002,-0.0018333333333333333,0.11601616343466753,3.6044118441876554e-08,0.11601612739054909,0
1217,505,0.00044512500000000026,4.499999999999999e-05,0.1165706722165287,1.225786873140155e-07,0.11657054963784139,0
2584,733,0.0005104258463483998,0.0001371312781419443,0.11660974613094043,1.1154246138679001e-08,0.11660973497669429,0
3162,1279,0.0010853696574508723,-0.0018348853894366581,0.11667723471342764,2.731603399001012e-09,0.11667723198182424,0
3675,1361,0.00041540645613897707,-0.0017497865928541032,0.1167526900584562,8.572315711959396e-08,0.11675260433529909,0
2223,693,0.00030324692444946453,-0.0001283962284520233,0.11683838883396544,1.895665708906316e-09,0.11683838693829973,0
738,316,0.0004676250000000003,-6.776263578034403e-21,0.11714575468441028,2.5619303669968373e-08,0.11714572906510662,0
2933,820,0.000437025866865426,-0.00018841427368462648,0.11733870001430315,1.4666830352625784e-08,0.1173386853474728,0
225,98,0.0005088750000000003,-5.25e-05,0.117392599825027,9.050789168233182e-09,0.11739259077423783,0
849,357,0.0005388750000000004,7.4999999999999926e-06,0.11749432807451386,2.8555251119060035e-09,0.11749432521898875,0
804,341,0.0004188750000000002,7.4999999999999926e-06,0.11758077607928269,1.1035670765816388e-06,0.11757967251220611,0
3901,1385,0.0014197734752504174,-0.0017467174082457623,0.11820509321706707,1.6766268000891533e-07,0.11820492555438707,0
102,59,0.0004526250000000003,-6e-05,0.11821511698619358,5.974883135408689e-08,0.11821505723736223,0
803,341,0.0004188750000000002,7.4999999999999926e-06,0.11829119992557442,1.1035670765816388e-06,0.11829009635849784,0
3427,1300,0.0019586220894085822,-0.0018338156596585703,0.11844650035706641,7.285132515831509e-08,0.11844642750574126,0
29,30,0.00031661055043433607,6.0578213238823295e-05,0.11880894927767523,1.017085796253868e-08,0.11880893910681727,0
3183,1279,0.0010853696574508723,-0.0018348853894366581,0.11889430909023647,2.731603399001012e-09,0.11889430635863307,0
4066,1406,0.0002528682826605001,-0.0017101146573470373,0.11927568664207765,2.8236642550380505e-09,0.11927568381841339,0
4271,1409,0.0003752823907658263,-0.0017092114270423236,0.11971833778836662,3.208013893465805e-08,0.11971830570822768,0
1806,637,0.0003468980772863575,-9.592304465781522e-05,0.11976032436925119,1.2093927019819104e-07,0.11976020342998099,0
3690,1361,0.00041540645613897707,-0.0017497865928541032,0.11985944988736036,8.572315711959396e-08,0.11985936416420324,0
2206,678,0.0003032469244494645,0.00012839622845202327,0.1199198537197256,1.91534661762075e-09,0.11991985180437899,0
1551,607,0.00035809336779726213,-6.674083465604075e-05,0.12008976984693598,7.604467373998765e-07,0.12008900940019858,0
3220,1280,0.0011235544737104631,-0.0018311701190403204,0.12029293628612578,1.3513546574396908e-08,0.1202929227725792,0
2140,671,0.0003543474732555907,0.00014026600445778972,0.1205011572441424,1.538209714277646e-08,0.12050114186204526,0
3824,1366,0.000626945333864304,-0.0017488310248700133,0.12060632533701351,5.823364972043562e-09,0.12060631951364854,0
1389,571,0.0004601250000000003,5.999999999999999e-05,0.12062308526083124,5.450793060788647e-08,0.12062303075290062,0
810,343,0.00043387500000000023,7.4999999999999926e-06,0.12126596603674199,2.3782304958333776e-07,0.1212657282136924,0
1335,561,0.0003851250000000001,5.999999999999999e-05,0.12140966029846428,2.172403207948945e-06,0.12140748789525634,0
917,387,0.0005201250000000004,1.4999999999999992e-05,0.12154574564714064,4.3955306162339185e-09,0.12154574125161002,0
1489,598,0.0003580933677972622,6.674083465604075e-05,0.12172399332102575,8.338570177774644e-07,0.12172315946400797,0
3468,1301,0.002,-0.0018333333333333333,0.12182220541738328,3.6044118441876554e-08,0.12182216937326484,0
2504,719,0.0004765905330907351,-7.818663989945565e-05,0.12212841489010591,3.957589316877576e-08,0.12212837531421274,0
3409,1299,0.0019146927158673187,-0.0018343109948123562,0.12222276510734473,1.5975082076411483e-08,0.12222274913226265,0
2313,703,0.0003769209214282374,-0.00013935632559438542,0.12232240756031605,3.4203613114510965e-08,0.12232237335670294,0
682,293,0.0005313750000000005,-7.500000000000006e-06,0.1224248504704195,3.3215141062271063e-09,0.12242484714890539,0
3182,1279,0.0010853696574508723,-0.0018348853894366581,0.12281355189741934,2.731603399001012e-09,0.12281354916581594,0
2801,762,0.0003115681039073707,0.00019770501798221614,0.12282973074630177,8.454143642207108e-10,0.1228297299008874,0
1863,643,0.0003913418780168542,-9.160009583835658e-05,0.12294773520376981,4.3674982910749494e-07,0.1229472984539407,0
3848,1383,0.0013348570556488925,-0.0017524623557613741,0.1231204730695328,1.63302481798422e-08,0.12312045673928462,0
2880,811,0.0003712790493015919,-0.00020323805190300341,0.12312659376313172,8.592532335696039e-09,0.12312658517059938,0
3623,1317,0.0006264091269581266,-0.001793554870120426,0.1231796777280573,7.340702519687142e-08,0.1231796043210321,0
2218,693,0.00030324692444946453,-0.0001283962284520233,0.12352213339688359,1.895665708906316e-09,0.12352213150121788,0
1949,650,0.00048430018651999184,6.523777047266547e-05,0.12358055873897926,1.6560339776050874e-08,0.12358054217863948,0
768,325,0.0005351250000000004,-6.776263578034403e-21,0.12382829177636484,3.0456433523185158e-09,0.12382828873072149,0
284,129,0.0004976250000000005,-4.5e-05,0.12393756913600303,1.1351322248027364e-08,0.12393755778468078,0
3635,1318,0.0006654805645827595,-0.0017913884242686483,0.12418838896225787,1.3505968375492156e-08,0.1241883754562895,0
2989,826,0.00047658068823323103,-0.00016685882004120089,0.12453320607386753,1.501028608746256e-08,0.12453319106358145,0
3818,1366,0.000626945333864304,-0.0017488310248700133,0.12459939473863801,5.823364972043562e-09,0.12459938891527304,0
2992,827,0.0004826667542215086,-0.00016243703427247025,0.12558666727622966,1.977978557610221e-08,0.12558664749644408,0
2848,808,0.0003487209506984081,-0.00020323805190300341,0.12561696638204992,1.1655154774778041e-09,0.12561696521653443,0
2936,820,0.000437025866865426,-0.00018841427368462648,0.12580627705623942,1.4666830352625784e-08,0.12580626238940906,0
271,123,0.0004526250000000003,-4.5e-05,0.12618288046177858,7.737986442645582e-08,0.12618280308191415,0
1784,634,0.0003251298648407288,-9.031591525967964e-05,0.12661096723209767,5.589535660989452e-09,0.126610961642562,0
1731,626,0.0003182359224899663,8.734215880635978e-05,0.1267526841626061,7.3320827800480875e-09,0.12675267683052333,0
1762,632,0.0003115931542154948,-8.38431163329143e-05,0.12715844924353523,1.1820845718733618e-09,0.12715844806145066,0
3297,1281,0.0011683063225345087,-0.001835821235010951,0.12724403623530378,3.04051247806275e-08,0.127244005830179,0
1533,605,0.0003430263342084166,-6.457452227107157e-05,0.1273141034019241,1.3289108504179577e-06,0.12731277449107367,0
479,215,0.0004263750000000002,-2.2500000000000005e-05,0.12735881242194674,4.71686435544728e-07,0.1273583407355112,0
2476,716,0.0004625386972560682,-9.587658019650753e-05,0.12773380396692485,4.4855855708196496e-08,0.12773375911106916,0
410,184,0.0004301250000000002,-3.0000000000000004e-05,0.128021395873741,3.4134578116358304e-07,0.12802105452795984,0
2327,705,0.0003917622054501175,-0.00013673940679297052,0.12837609406376968,3.669571335376032e-08,0.12837605736805632,0
1400,572,0.0004676250000000003,5.999999999999999e-05,0.12863435000958118,4.512235952656635e-08,0.12863430488722166,0
1445,586,0.0005726250000000007,5.999999999999999e-05,0.12884672797615676,1.2521871909962517e-09,0.12884672672396957,0
2072,662,0.00042017979865552633,0.000126826239000174,0.12887284971924234,4.46728574133111e-08,0.12887280504638493,0
2588,734,0.0005052559082019142,0.00014259608629591745,0.129548952788425,1.2071616999828138e-08,0.12954894071680798,0
2713,751,0.00039369862170935083,0.00020074193779418822,0.12959643164009182,8.718542757268554e-09,0.12959642292154908,0
3056,837,0.0005330623666938131,-0.0001071556808051344,0.12970537566205337,6.988737771910894e-09,0.12970536867331559,0
1286,536,0.00044137500000000025,5.249999999999999e-05,0.12986842855846803,1.6823652222578549e-07,0.12986826032194582,0
3766,1365,0.0005858232018222758,-0.001752429859975062,0.13037830803643033,1.2900585714593919e-08,0.13037829513584462,0
2750,756,0.00035623860436146976,0.0002035160303202824,0.1311783386195324,2.5392780058497007e-09,0.1311783360802544,0
807,343,0.00043387500000000023,7.4999999999999926e-06,0.13166042830815816,2.3782304958333776e-07,0.13166019048510857,0
2853,809,0.0003562386043614697,-0.0002035160303202824,0.13203961601781594,2.7376551071689497e-09,0.13203961328016084,0
920,388,0.0005276250000000005,1.4999999999999992e-05,0.13204245595401007,3.7002710696184817e-09,0.132042452253739,0
207,90,0.00044887500000000027,-5.25e-05,0.13221336540027107,9.830365360024532e-08,0.13221326709661746,0
105,60,0.0004601250000000003,-6e-05,0.13237867882230195,4.9795343929851604e-08,0.13237862902695802,0
863,367,0.00037012500000000007,1.4999999999999992e-05,0.14679360774920228,0.014365489330461454,0.13242811841874083,0
502,223,0.00048637500000000037,-2.2500000000000005e-05,0.13260593028846748,1.2943416680161535e-08,0.1326059173450508,0
1459,593,0.0003486961444771855,4.4637915982671575e-05,0.13270426172988212,5.715416692710188e-06,0.13269854631318942,0
1998,657,0.00045167000707205425,0.00010631609882119674,0.13283889786737682,6.556841812759795e-08,0.13283883229895868,0
2529,725,0.0005438566778523642,8.734783742925546e-05,0.1328473649488898,4.296409585861147e-09,0.1328473606524802,0
851,358,0.0005463750000000005,7.4999999999999926e-06,0.13285014819661617,2.443783994937273e-09,0.13285014575283216,0
2710,751,0.00039369862170935083,0.00020074193779418822,0.13356841250871798,8.718542757268554e-09,0.13356840379017523,0
3325,1281,0.0011683063225345087,-0.001835821235010951,0.13361061686017645,3.04051247806275e-08,0.13361058645505167,0
1173,484,0.0005313750000000005,3.749999999999999e-05,0.13376491961773124,4.0802289688038115e-09,0.13376491553750228,0
2587,734,0.0005052559082019142,0.00014259608629591745,0.13389418718457133,1.2071616999828138e-08,0.13389417511295432,0
4331,1432,0.001331330508901036,-0.0017097630929053104,0.1341394764203755,5.977987489325365e-09,0.134139470442388,0
3397,1299,0.0019146927158673187,-0.0018343109948123562,0.13450723127390934,1.5975082076411483e-08,0.13450721529882728,0
2796,762,0.0003115681039073707,0.00019770501798221614,0.13451343310325084,8.454143642207108e-10,0.13451343225783646,0
852,359,0.0005538750000000004,7.4999999999999926e-06,0.1346099135550041,2.021877629010805e-09,0.13460991153312646,0
2144,671,0.0003543474732555907,0.00014026600445778972,0.13513165881984293,1.538209714277646e-08,0.13513164343774578,0
4083,1406,0.0002528682826605001,-0.0017101146573470373,0.13604405901250366,2.8236642550380505e-09,0.1360440561888394,0
2447,714,0.0004516700070720543,-0.00010631609882119671,0.13626037174359595,8.836640397662698e-08,0.13626028337719198,0
866,368,0.0003776250000000001,1.4999999999999992e-05,0.1388251607611554,0.0014141016318871952,0.1374110591292682,0
2951,823,0.00045740140625132584,-0.0001787341286792756,0.13763473036316856,1.3182417654261962e-08,0.1376347171807509,0
611,272,0.0003738750000000001,-7.500000000000006e-06,0.14458439139308407,0.005887874509301334,0.13869651688378273,0
1989,655,0.00046253869725606817,9.587658019650754e-05,0.13888344352382756,5.016978233858687e-08,0.13888339335404523,0
755,320,0.0004976250000000005,-6.776263578034403e-21,0.13903231991233955,7.840656293684794e-09,0.13903231207168326,0
3978,1387,0.0015029018387132948,-0.0017473203703996317,0.13909750981819755,2.180477085144828e-08,0.1390974880134267,0
4342,1432,0.001331330508901036,-0.0017097630929053104,0.13910488785278496,5.977987489325365e-09,0.13910488187479747,0
2479,717,0.00046753720614419884,-9.023443001343242e-05,0.1393229122508546,2.3675745995681973e-08,0.1393228885751086,0
403,182,0.0004151250000000002,-3.0000000000000004e-05,0.13955151171772823,1.3074627365773744e-06,0.13955020425499165,0
2230,694,0.00031022061816365025,-0.00013125744249047302,0.1396842065952553,1.7296886262542678e-09,0.13968420486556668,0
2870,809,0.0003562386043614697,-0.0002035160303202824,0.13975278594636872,2.7376551071689497e-09,0.13975278320871362,0
3131,1256,0.00012691196507293,-0.0018305646115425647,0.13992809579539017,3.2245341414056467e-09,0.13992809257085603,0
843,355,0.0005238750000000004,7.4999999999999926e-06,0.14000220344977496,3.905196976676526e-09,0.140002199544578,0
317,147,0.00039637500000000013,-3.7500000000000003e-05,0.14019149517068508,7.519600386518392e-06,0.14018397557029855,0
3537,1302,0.0,-0.0017916666666666667,0.14099483123937484,2.1460700857017973e-08,0.14099480977867399,0
212,93,0.00047137500000000033,-5.25e-05,0.1410272870477323,3.21732324835722e-08,0.1410272548744998,0
2647,740,0.0004703353870478569,0.00017105269673254288,0.141063351725534,1.4991593797349114e-08,0.1410633367339402,0
396,180,0.00040012500000000014,-3.0000000000000004e-05,0.14107682986225592,7.187846593788432e-06,0.14106964201566213,0
1896,644,0.00039834594430604073,-8.889589096520435e-05,0.14133538694533582,3.44733742335527e-07,0.1413350422115935,0
4227,1408,0.0003352491194219976,-0.001709268843234495,0.14189552840053427,2.90809048727778e-08,0.1418954993196294,0
3948,1386,0.001455283505559255,-0.001747823274873921,0.1420079156789316,3.250126316178113e-08,0.14200788317766844,0
1458,592,0.00035619747382519424,4.588966645821942e-05,0.14230860788664226,1.0641371672852775e-05,0.1422979665149694,0
2718,751,0.00039369862170935083,0.00020074193779418822,0.1423701772365459,8.718542757268554e-09,0.14237016851800316,0
2770,757,0.0003487209506984081,0.00020323805190300341,0.14241106848354207,2.630770096533511e-09,0.14241106585277197,0
2944,822,0.0004507303929021594,-0.00018221119202259622,0.1424310250218231,1.3494466317268383e-08,0.14243101152735677,0
4,16,0.00031661055043433607,-6.0578213238823295e-05,0.14327985848886463,8.068335252250949e-09,0.14327985042052938,0
3276,1280,0.0011235544737104631,-0.0018311701190403204,0.14361329921762883,1.3513546574396908e-08,0.14361328570408224,0
1924,648,0.00042365707097667893,-7.294291048408706e-05,0.14382596882798238,1.44746253469961e-07,0.1438258240817289,0
2635,739,0.00047658068823323103,0.00016685882004120083,0.14428757457189204,1.4560114185213875e-08,0.14428756001177784,0
1089,452,0.0005276250000000005,2.999999999999999e-05,0.14463647039530034,4.122423515891329e-09,0.14463646627287682,0
3327,1281,0.0011683063225345087,-0.001835821235010951,0.14487131693108174,3.04051247806275e-08,0.14487128652595696,0
381,169,0.0005613750000000006,-3.7500000000000003e-05,0.1451413620559958,1.843840321726456e-09,0.14514136021215546,0
3485,1301,0.002,-0.0018333333333333333,0.1452863932530682,3.6044118441876554e-08,0.14528635720894975,0
3552,1302,0.0,-0.0017916666666666667,0.14578741148148291,2.1460700857017973e-08,0.14578739002078206,0
4171,1407,0.0002931700512453749,-0.0017084410577699741,0.14580312963800302,1.2275674944536702e-08,0.14580311736232807,0
2633,739,0.00047658068823323103,0.00016685882004120083,0.14586186953100796,1.4560114185213875e-08,0.14586185497089377,0
793,339,0.00040387500000000015,7.4999999999999926e-06,0.14626766612794737,9.099974363044701e-06,0.14625856615358432,0
2080,663,0.00041328543661888856,0.00012987365132883328,0.14690121939503667,4.804138748825676e-08,0.1469011713536492,0
3887,1384,0.0013738430140100327,-0.001747035302962676,0.14713921895238624,7.187926468036283e-08,0.14713914707312156,0
3572,1314,0.0004984881118846614,-0.001793090059836856,0.14750284109842315,9.180600153086182e-08,0.14750274929242163,0
2156,672,0.00034682661572331527,0.0001397603842719665,0.14769314509068635,5.069572708498939e-09,0.14769314002111364,0
3191,1279,0.0010853696574508723,-0.0018348853894366581,0.14792200251663584,2.731603399001012e-09,0.14792199978503245,0
3628,1318,0.0006654805645827595,-0.0017913884242686483,0.148199234702871,1.3505968375492156e-08,0.14819922119690263,0
3793,1365,0.0005858232018222758,-0.001752429859975062,0.14859984539641327,1.2900585714593919e-08,0.14859983249582756,0
2004,657,0.00045167000707205425,0.00010631609882119674,0.14916916645512604,6.556841812759795e-08,0.1491691008867079,0
4110,1407,0.0002931700512453749,-0.0017084410577699741,0.1495953869383945,1.2275674944536702e-08,0.14959537466271955,0
1456,592,0.00035619747382519424,4.588966645821942e-05,0.1500292566050798,1.0641371672852775e-05,0.15001861523340693,0
1025,431,0.00037012500000000007,2.999999999999999e-05,0.15069607672788074,0.0005444572539177264,0.15015161947396302,0
3392,1299,0.0019146927158673187,-0.0018343109948123562,0.15045368438074244,1.5975082076411483e-08,0.15045366840566038,0
3030,833,0.0005153903208829037,-0.00013147916515700845,0.15060655637667023,6.815438516297206e-09,0.1506065495612317,0
2612,736,0.0004943281581209462,0.00015293419705974772,0.15071057694340112,1.39298703782177e-08,0.15071056301353075,0
1668,621,0.00035437078446752833,9.664989812570138e-05,0.15071565078348823,1.2562936241729608e-07,0.1507155251541258,0
1380,569,0.00044512500000000026,5.999999999999999e-05,0.15080379152173606,1.0632445205705175e-07,0.15080368519728402,0
2083,663,0.00041328543661888856,0.00012987365132883328,0.15091999818922508,4.804138748825676e-08,0.1509199501478376,0
3613,1317,0.0006264091269581266,-0.001793554870120426,0.15159820512527808,7.340702519687142e-08,0.15159813171825287,0
1902,645,0.0004051193935742176,-8.56570557439043e-05,0.15161153371812894,3.442248684343402e-07,0.1516111894932605,0
521,231,0.0005463750000000005,-2.2500000000000005e-05,0.15178199975734927,2.62859594551491e-09,0.15178199712875332,0
2258,696,0.00032457806533562933,-0.0001358373645569657,0.1524213999073261,1.0988379264459703e-08,0.15242138891894683,0
770,325,0.0005351250000000004,-6.776263578034403e-21,0.1530857954657995,3.0456433523185158e-09,0.15308579242015616,0
3854,1383,0.0013348570556488925,-0.0017524623557613741,0.15310688374776962,1.63302481798422e-08,0.15310686741752144,0
1147,477,0.00047887500000000035,3.749999999999999e-05,0.1535982447368939,2.0756951122487674e-08,0.15359822397994277,0
1861,642,0.0003841493179854505,-9.375340695706517e-05,0.1537740176170455,1.714583663396239e-07,0.15377384615867917,0
820,347,0.0004638750000000003,7.4999999999999926e-06,0.15389281605747213,3.134873641182603e-08,0.1538927847087357,0
256,116,0.00040012500000000014,-4.5e-05,0.154175264538567,3.592006066770434e-06,0.15417167253250022,0
846,357,0.0005388750000000004,7.4999999999999926e-06,0.15419690183483825,2.8555251119060035e-09,0.15419689897931313,0
480,215,0.0004263750000000002,-2.2500000000000005e-05,0.1544272332468769,4.71686435544728e-07,0.15442676156044136,0
68,52,0.00040012500000000014,-6e-05,0.15457517229434234,1.1045510481293354e-06,0.1545740677432942,0
3184,1279,0.0010853696574508723,-0.0018348853894366581,0.15461413544150604,2.731603399001012e-09,0.15461413270990265,0
2200,677,0.0003102206181636503,0.00013125744249047305,0.15490610179446,1.890243106677214e-09,0.1549060999042169,0
439,195,0.0005126250000000005,-3.0000000000000004e-05,0.1549316995244035,5.945103111400452e-09,0.1549316935793004,0
3036,835,0.0005246760455161772,-0.00011964415041124925,0.15591960508989378,1.1870192673199509e-08,0.1559195932197011,0
2065,661,0.0004269006467537924,0.00012341315379275108,0.1564117065098297,4.463506753824434e-08,0.15641166187476216,0
463,210,0.0003888750000000001,-2.2500000000000005e-05,0.1574648347179548,6.82020560368161e-05,0.157396632661918,0
4212,1408,0.0003352491194219976,-0.001709268843234495,0.15768584290699247,2.90809048727778e-08,0.1576858138260876,0
3334,1281,0.0011683063225345087,-0.001835821235010951,0.15799562101793452,3.04051247806275e-08,0.15799559061280974,0
1363,564,0.00040762500000000016,5.999999999999999e-05,0.15807006607743718,7.2809624347809e-07,0.15806933798119369,0
4084,1406,0.0002528682826605001,-0.0017101146573470373,0.1583198123187081,2.8236642550380505e-09,0.15831980949504385,0
2958,824,0.00046393938099558276,-0.00017501293601540074,0.15868146162400024,1.395304283595456e-08,0.1586814476709574,0
3806,1365,0.0005858232018222758,-0.001752429859975062,0.1591300753267565,1.2900585714593919e-08,0.15913006242617078,0
3254,1280,0.0011235544737104631,-0.0018311701190403204,0.15920308446165288,1.3513546574396908e-08,0.1592030709481063,0
1279,533,0.0004188750000000002,5.249999999999999e-05,0.15941854769420696,6.714869554628966e-07,0.1594178762072515,0
4028,1388,0.0015430996086898707,-0.0017488292043807475,0.1594337493072782,3.510913238384681e-09,0.15943374579636496,0
2056,661,0.0004269006467537924,0.00012341315379275108,0.1601597533544879,4.463506753824434e-08,0.16015970871942037,0
76,53,0.00040762500000000016,-6e-05,0.16069046130160386,8.045962220568645e-07,0.1606896567053818,0
2851,809,0.0003562386043614697,-0.0002035160303202824,0.1607444221390872,2.7376551071689497e-09,0.1607444194014321,0
2778,758,0.00034121870285998014,0.0002026824747535266,0.161029066936987,1.3750670286002188e-09,0.16102906556191995,0
3277,1280,0.0011235544737104631,-0.0018311701190403204,0.16119137656620905,1.3513546574396908e-08,0.16119136305266246,0
4008,1387,0.0015029018387132948,-0.0017473203703996317,0.16201506400947058,2.180477085144828e-08,0.16201504220469973,0
3234,1280,0.0011235544737104631,-0.0018311701190403204,0.1620349205499293,1.3513546574396908e-08,0.1620349070363827,0
2321,704,0.000384376705615542,-0.00013824716737959644,0.16213088984058519,2.7173621889311787e-08,0.1621308626669633,0
3048,837,0.0005330623666938131,-0.0001071556808051344,0.16239543730297068,6.988737771910894e-09,0.1623954303142329,0
3576,1315,0.0005446477052616283,-0.0017885884216789338,0.16241671028922455,9.821408908870207e-07,0.16241572814833366,0
3736,1364,0.0005435187833675847,-0.0017471359451393734,0.16254908279079935,9.259807926297897e-08,0.1625489901927201,0
991,415,0.0004938750000000003,2.249999999999999e-05,0.16273157295822765,9.957190225016839e-09,0.16273156300103744,0
1129,472,0.00044137500000000025,3.749999999999999e-05,0.16428066972297387,1.53152978169985e-07,0.1642805165699957,0
1155,480,0.0005013750000000004,3.749999999999999e-05,0.16490461373514906,9.169890462085575e-09,0.1649046045652586,0
297,135,0.0005426250000000006,-4.5e-05,0.16511228111227663,3.5128835814838125e-09,0.16511227759939304,0
100,59,0.0004526250000000003,-6e-05,0.16541202077724873,5.974883135408689e-08,0.16541196102841738,0
3762,1365,0.0005858232018222758,-0.001752429859975062,0.1654630806466069,1.2900585714593919e-08,0.16546306774602118,0
818,346,0.0004563750000000003,7.4999999999999926e-06,0.16556941910673925,4.738176553942076e-08,0.1655693717249737,0
3769,1365,0.0005858232018222758,-0.001752429859975062,0.16594050421928075,1.2900585714593919e-08,0.16594049131869504,0
3411,1299,0.0019146927158673187,-0.0018343109948123562,0.16616548321142927,1.5975082076411483e-08,0.1661654672363472,0
1361,563,0.00040012500000000014,5.999999999999999e-05,0.1662042243591553,1.0717204071109663e-06,0.16620315263874819,0
3111,842,0.0005498054557068993,-7.353102527757903e-05,0.16656424572044448,2.8923715216076588e-09,0.16656424282807297,0
660,286,0.00047887500000000035,-7.500000000000006e-06,0.16679372115849592,1.5674929632341892e-08,0.16679370548356628,0
2086,664,0.0004062374388743861,0.0001325466043000965,0.1674781501504693,5.177173492806981e-08,0.16747809837873437,0
1997,657,0.00045167000707205425,0.00010631609882119674,0.16768751752279365,6.556841812759795e-08,0.1676874519543755,0
1899,645,0.0004051193935742176,-8.56570557439043e-05,0.16834005064214475,3.442248684343402e-07,0.1683397064172763,0
3109,842,0.0005498054557068993,-7.353102527757903e-05,0.16891244971598166,2.8923715216076588e-09,0.16891244682361015,0
2621,737,0.0004885852721786184,0.00015779337905383193,0.16893214287403222,1.5732678557437894e-08,0.16893212714135367,0
2463,716,0.0004625386972560682,-9.587658019650753e-05,0.16906005690035303,4.4855855708196496e-08,0.16906001204449733,0
326,148,0.00040387500000000015,-3.7500000000000003e-05,0.1694266100280015,3.3543641606798774e-06,0.1694232556638408,0
3064,839,0.0005405034812376771,-9.408196402900622e-05,0.16949656759063797,3.984490126884458e-09,0.16949656360614784,0
1030,432,0.0003776250000000001,2.999999999999999e-05,0.1698073535219196,0.00019379981574026736,0.16961355370617934,0
2797,762,0.0003115681039073707,0.00019770501798221614,0.1697820517603613,8.454143642207108e-10,0.1697820509149469,0
13,23,0.00036,0.0,0.31055891713135686,0.14025654034835636,0.1703023767830005,0
2946,822,0.0004507303929021594,-0.00018221119202259622,0.170793914380811,1.3494466317268383e-08,0.1707939008863447,0
1412,578,0.0005126250000000005,5.999999999999999e-05,0.17097814280408455,1.0369805851165406e-08,0.1709781324342787,0
3672,1318,0.0006654805645827595,-0.0017913884242686483,0.17134757229854358,1.3505968375492156e-08,0.1713475587925752,0
781,334,0.00036637500000000006,7.4999999999999926e-06,0.2006080643147004,0.029181883110963452,0.17142618120373695,0
1429,581,0.0005351250000000004,5.999999999999999e-05,0.17166309247986017,4.766900910275365e-09,0.17166308771295927,0
512,227,0.0005163750000000004,-2.2500000000000005e-05,0.17231290419008302,5.053931108360162e-09,0.17231289913615191,0
932,390,0.0005426250000000006,1.4999999999999992e-05,0.1723821675789482,2.7219921015835375e-09,0.1723821648569561,0
3657,1318,0.0006654805645827595,-0.0017913884242686483,0.17263083296643636,1.3505968375492156e-08,0.172630819460468,0
429,192,0.0004901250000000003,-3.0000000000000004e-05,0.17277672681610914,1.222980719584825e-08,0.17277671458630195,0
2652,741,0.00046393938099558276,0.00017501293601540074,0.17286847223119126,1.4255057133079984e-08,0.17286845797613412,0
291,132,0.0005201250000000004,-4.5e-05,0.17303779936050964,5.61277698745392e-09,0.17303779374773265,0
408,183,0.0004226250000000002,-3.0000000000000004e-05,0.1732468951989918,6.448313520242875e-07,0.17324625036763977,0
2763,757,0.0003487209506984081,0.00020323805190300341,0.17329985926911415,2.630770096533511e-09,0.17329985663834405,0
1639,617,0.00038414931798545055,9.375340695706516e-05,0.1741842585850302,1.7592857514829883e-07,0.17418408265645505,0
1148,477,0.00047887500000000035,3.749999999999999e-05,0.1742620442257368,2.0756951122487674e-08,0.17426202346878567,0
1749,627,0.00031159315421549485,8.384311633291435e-05,0.1744035078612352,8.779130966173827e-10,0.1744035069833221,0
3958,1386,0.001455283505559255,-0.001747823274873921,0.17488284912772062,3.250126316178113e-08,0.17488281662645747,0
3789,1365,0.0005858232018222758,-0.001752429859975062,0.17530715213639167,1.2900585714593919e-08,0.17530713923580596,0
2021,659,0.0004397448455128243,0.00011553035393040538,0.17554838863447086,9.115557166615707e-08,0.1755482974788992,0
1180,487,0.0005538750000000004,3.749999999999999e-05,0.17624808673598613,2.3436500359722e-09,0.1762480843923361,0
606,268,0.0005801250000000006,-1.5000000000000005e-05,0.17631906034323727,8.565451668415771e-10,0.1763190594866921,0
3323,1281,0.0011683063225345087,-0.001835821235010951,0.17635326449165845,3.04051247806275e-08,0.17635323408653367,0
2112,666,0.0003917622054501175,0.00013673940679297052,0.17639044220213662,4.235101707239463e-08,0.17639039985111954,0
1044,439,0.0004301250000000002,2.999999999999999e-05,0.17640033783525227,3.43522729250625e-07,0.176399994312523,0
3079,839,0.0005405034812376771,-9.408196402900622e-05,0.17752378975436817,3.984490126884458e-09,0.17752378576987804,0
1462,593,0.0003486961444771855,4.4637915982671575e-05,0.17777272111987202,5.715416692710188e-06,0.17776700570317933,0
684,293,0.0005313750000000005,-7.500000000000006e-06,0.17796112737965597,3.3215141062271063e-09,0.17796112405814185,0
2090,665,0.0003990561266240436,0.00013483739109859555,0.1782552778933494,1.1517645074678549e-07,0.17825516271689867,0
3474,1301,0.002,-0.0018333333333333333,0.17843548105132634,3.6044118441876554e-08,0.1784354450072079,0
3549,1302,0.0,-0.0017916666666666667,0.17876422571356007,2.1460700857017973e-08,0.17876420425285922,0
2266,698,0.00033934374046812614,-0.00013885179871827666,0.17908059256199116,5.857533688928587e-09,0.17908058670445748,0
1055,441,0.00044512500000000026,2.999999999999999e-05,0.17930604244401593,1.118329009574174e-07,0.17930593061111497,0
4330,1432,0.001331330508901036,-0.0017097630929053104,0.1793510990054774,5.977987489325365e-09,0.17935109302748992,0
369,165,0.0005313750000000005,-3.7500000000000003e-05,0.17953845781089625,4.098060721273306e-09,0.17953845371283553,0
3281,1280,0.0011235544737104631,-0.0018311701190403204,0.17976046450843783,1.3513546574396908e-08,0.17976045099489124,0
2734,753,0.00037878129714001996,0.00020268247475352657,0.1799046049977832,6.678631917872048e-09,0.1799045983191513,0
2721,751,0.00039369862170935083,0.00020074193779418822,0.17995191546567804,8.718542757268554e-09,0.1799519067471353,0
39,30,0.00031661055043433607,6.0578213238823295e-05,0.1800390885707885,1.017085796253868e-08,0.18003907839993055,0
1521,602,0.0003288415266923407,5.905187378972293e-05,0.18016939906058294,1.5399700827319413e-08,0.18016938366088212,0
631,278,0.0004188750000000002,-7.500000000000006e-06,0.18032311036446647,1.1017519489759704e-06,0.1803220086125175,0
4196,1408,0.0003352491194219976,-0.001709268843234495,0.18062500957537875,2.90809048727778e-08,0.18062498049447387,0
4311,1431,0.0012933998027881317,-0.001710610546743135,0.18085221959211173,3.603961414914697e-09,0.18085221598815032,0
2914,815,0.00040109332316923805,-0.00019935962852439364,0.1810033915393075,1.3289194590176737e-08,0.18100337825011292,0
1664,620,0.0003618773464132698,9.679548773400577e-05,0.18146847706161304,3.9223274825909343e-07,0.18146808482886478,0
815,344,0.00044137500000000025,7.4999999999999926e-06,0.18182908322208677,1.2899488563197846e-07,0.18182895422720113,0
736,315,0.0004601250000000003,-6.776263578034403e-21,0.1818383126112947,3.781305958944042e-08,0.1818382747982351,0
4149,1407,0.0002931700512453749,-0.0017084410577699741,0.1819493777567472,1.2275674944536702e-08,0.18194936548107224,0
3437,1300,0.0019586220894085822,-0.0018338156596585703,0.1825760633272886,7.285132515831509e-08,0.18257599047596343,0
3324,1281,0.0011683063225345087,-0.001835821235010951,0.18267823236756806,3.04051247806275e-08,0.18267820196244328,0
3438,1300,0.0019586220894085822,-0.0018338156596585703,0.18281467556688194,7.285132515831509e-08,0.18281460271555677,0
265,121,0.00043762500000000024,-4.5e-05,0.1830080377356824,2.141632509823568e-07,0.1830078235724314,0
537,245,0.00040762500000000016,-1.5000000000000005e-05,0.18339123836677448,4.457966858888021e-06,0.1833867803999156,0
1851,642,0.0003841493179854505,-9.375340695706517e-05,0.18393621945507685,1.714583663396239e-07,0.1839360479967105,0
4035,1388,0.0015430996086898707,-0.0017488292043807475,0.18516854424842985,3.510913238384681e-09,0.18516854073751662,0
772,326,0.0005426250000000006,-6.776263578034403e-21,0.18553604383613528,2.63170536713616e-09,0.18553604120442993,0
22,28,0.00033537279169846044,4.626701118018792e-05,0.18584343899938668,4.813700262333484e-06,0.18583862529912434,0
3378,1282,0.0012103756595647091,-0.0018311249926090982,0.18614693077263444,2.8048161649195223e-08,0.1861469027244728,0
644,282,0.00044887500000000027,-7.500000000000006e-06,0.18618670170894558,7.574904687384464e-08,0.1861866259598987,0
1754,628,0.0003052415104073346,7.983983149249146e-05,0.18639541235859827,2.39233901996771e-13,0.18639541235835905,0
2407,710,0.0004269006467537924,-0.00012341315379275108,0.1870426834325696,8.35969419845021e-08,0.18704259983562763,0
1337,561,0.0003851250000000001,5.999999999999999e-05,0.1878363974789567,2.172403207948945e-06,0.18783422507574873,0
3467,1301,0.002,-0.0018333333333333333,0.18794369236263683,3.6044118441876554e-08,0.1879436563185184,0
2439,714,0.0004516700070720543,-0.00010631609882119671,0.1880451467831638,8.836640397662698e-08,0.18804505841675984,0
2217,693,0.00030324692444946453,-0.0001283962284520233,0.18853400577622367,1.895665708906316e-09,0.18853400388055797,0
2109,666,0.0003917622054501175,0.00013673940679297052,0.18919718598971724,4.235101707239463e-08,0.18919714363870016,0
2762,757,0.0003487209506984081,0.00020323805190300341,0.1894808991252713,2.630770096533511e-09,0.1894808964945012,0
2556,727,0.0005369037385796695,0.00010068758598264056,0.19004438744032806,5.512032687955576e-09,0.19004438192829537,0
2229,694,0.00031022061816365025,-0.00013125744249047302,0.1904732736783066,1.7296886262542678e-09,0.190473271948618,0
2557,728,0.0005330623666938131,0.0001071556808051343,0.1905101062154509,6.801660057542452e-09,0.19051009941379082,0
356,159,0.00048637500000000037,-3.7500000000000003e-05,0.19083273112912993,1.539926122389175e-08,0.1908327157298687,0
1125,471,0.00043387500000000023,3.749999999999999e-05,0.19085946072691504,2.6497442953261527e-07,0.1908591957524855,0
3142,1257,0.00016780204431158984,-0.001832047585117765,0.19086284571060824,5.94799990830093e-09,0.19086283976260834,0
580,258,0.0005051250000000004,-1.5000000000000005e-05,0.1910378302061881,6.535231184549759e-09,0.1910378236709569,0
2296,700,0.0003543474732555907,-0.00014026600445778972,0.19137192948851317,1.291702848647408e-08,0.1913719165714847,0
2375,708,0.00041328543661888856,-0.00012987365132883328,0.19195406327251335,9.807531348419076e-08,0.19195396519719987,0
4277,1410,0.0004191076616030197,-0.0017055678807356095,0.19204538225641687,6.347297876509247e-09,0.192045375909119,0
2654,741,0.00046393938099558276,0.00017501293601540074,0.19221812781744843,1.4255057133079984e-08,0.1922181135623913,0
2185,676,0.0003173378387221443,0.00013374020734338335,0.19354210398458563,1.2535618619664699e-09,0.19354210273102376,0
990,415,0.0004938750000000003,2.249999999999999e-05,0.19364075292558822,9.957190225016839e-09,0.193640742968398,0
2158,672,0.00034682661572331527,0.0001397603842719665,0.19370750895030506,5.069572708498939e-09,0.19370750388073235,0
3786,1365,0.0005858232018222758,-0.001752429859975062,0.19375643976680573,1.2900585714593919e-08,0.19375642686622002,0
2885,812,0.00037878129714001986,-0.0002026824747535266,0.19436211471678916,7.692773178424875e-09,0.194362107024016,0
325,147,0.00039637500000000013,-3.7500000000000003e-05,0.19460604393661232,7.519600386518392e-06,0.1945985243362258,0
2980,826,0.00047658068823323103,-0.00016685882004120089,0.1947110805927398,1.501028608746256e-08,0.1947110655824537,0
2545,726,0.0005405034812376771,9.40819640290061e-05,0.19531855170578577,3.4190466697932333e-09,0.1953185482867391,0
214,94,0.00047887500000000035,-5.25e-05,0.19551539202153542,2.440636961235315e-08,0.1955153676151658,0
2501,719,0.0004765905330907351,-7.818663989945565e-05,0.1957151301117967,3.957589316877576e-08,0.19571509053590352,0
4099,1407,0.0002931700512453749,-0.0017084410577699741,0.19619648859665045,1.2275674944536702e-08,0.1961964763209755,0
1996,657,0.00045167000707205425,0.00010631609882119674,0.19626594470721442,6.556841812759795e-08,0.19626587913879628,0
2340,705,0.0003917622054501175,-0.00013673940679297052,0.19634519812362247,3.669571335376032e-08,0.19634516142790912,0
2779,758,0.00034121870285998014,0.0002026824747535266,0.1967048412000106,1.3750670286002188e-09,0.19670483982494358,0
556,251,0.0004526250000000003,-1.5000000000000005e-05,0.1968158484333528,6.170678791193749e-08,0.1968157867265649,0
3330,1281,0.0011683063225345087,-0.001835821235010951,0.19687989165206007,3.04051247806275e-08,0.1968798612469353,0
910,385,0.0005051250000000004,1.4999999999999992e-05,0.19731220841839942,6.557006168393425e-09,0.19731220186139325,0
3879,1384,0.0013738430140100327,-0.001747035302962676,0.1974674237789402,7.187926468036283e-08,0.19746735189967551,0
877,372,0.00040762500000000016,1.4999999999999992e-05,0.1980112230527616,4.467154975645392e-06,0.19800675589778594,0
2238,694,0.00031022061816365025,-0.00013125744249047302,0.19871665715043668,1.7296886262542678e-09,0.19871665542074807,0
2693,750,0.00040109332316923805,0.00019935962852439364,0.19935221712106216,1.943750454569452e-08,0.1993521976835576,0
1552,607,0.00035809336779726213,-6.674083465604075e-05,0.19964665760127662,7.604467373998765e-07,0.1996458971545392,0
679,292,0.0005238750000000004,-7.500000000000006e-06,0.19995288436054623,3.905773378979298e-09,0.19995288045477286,0
756,320,0.0004976250000000005,-6.776263578034403e-21,0.20040684744832515,7.840656293684794e-09,0.20040683960766886,0
2675,746,0.00043001107291196184,0.00019113181933992995,0.20078128060420705,1.3298051665468392e-08,0.2007812673061554,0
1535,605,0.0003430263342084166,-6.457452227107157e-05,0.20112265244141977,1.3289108504179577e-06,0.20112132353056936,0
2800,762,0.0003115681039073707,0.00019770501798221614,0.20114658459479484,8.454143642207108e-10,0.20114658374938046,0
2127,667,0.00038437670561554204,0.0001382471673795964,0.2016050752545907,2.6037155044868073e-08,0.20160504921743566,0
3156,1279,0.0010853696574508723,-0.0018348853894366581,0.2016831873922669,2.731603399001012e-09,0.2016831846606635,0
2956,824,0.00046393938099558276,-0.00017501293601540074,0.20189521559191487,1.395304283595456e-08,0.20189520163887203,0
216,94,0.00047887500000000035,-5.25e-05,0.2020691387094733,2.440636961235315e-08,0.20206911430310368,0
1619,616,0.00039134187801685423,9.160009583835657e-05,0.20249566369624325,4.310611809911413e-07,0.20249523263506225,0
1594,614,0.00040511939357421766,8.565705574390428e-05,0.2026389115705486,4.2811746482642523e-07,0.20263848345308377,0
3086,839,0.0005405034812376771,-9.408196402900622e-05,0.2027221604442769,3.984490126884458e-09,0.20272215645978678,0
4208,1408,0.0003352491194219976,-0.001709268843234495,0.20280960615370278,2.90809048727778e-08,0.2028095770727979,0
2160,673,0.0003393437404681261,0.00013885179871827666,0.20355421141057353,6.146791561234625e-09,0.20355420526378198,0
715,309,0.0004151250000000002,-6.776263578034403e-21,0.20367894371226966,1.7965497729040099e-06,0.20367714716249677,0
1215,503,0.0004301250000000002,4.499999999999999e-05,0.20373994275794904,3.648392012143651e-07,0.20373957791874783,0
1875,643,0.0003913418780168542,-9.160009583835658e-05,0.20417014025723854,4.3674982910749494e-07,0.20416970350740943,0
2235,694,0.00031022061816365025,-0.00013125744249047302,0.20440470755461423,1.7296886262542678e-09,0.20440470582492562,0
2043,661,0.0004269006467537924,0.00012341315379275108,0.2046791982790234,4.463506753824434e-08,0.20467915364395586,0
2994,827,0.0004826667542215086,-0.00016243703427247025,0.2050195748267257,1.977978557610221e-08,0.2050195550469401,0
1769,632,0.0003115931542154948,-8.38431163329143e-05,0.20596818730862673,1.1820845718733618e-09,0.20596818612654216,0
2579,732,0.0005153903208829037,0.00013147916515700845,0.20662137706411018,7.101177484728671e-09,0.2066213699629327,0
571,256,0.0004901250000000003,-1.5000000000000005e-05,0.2068978543184758,1.0612149068730967e-08,0.20689784370632672,0
1329,559,0.00037012500000000007,5.999999999999999e-05,0.20748313653204298,1.2753990986839382e-05,0.20747038254105613,0
3337,1281,0.0011683063225345087,-0.001835821235010951,0.2074978645863687,3.04051247806275e-08,0.20749783418124393,0
3993,1387,0.0015029018387132948,-0.0017473203703996317,0.20804771770943112,2.180477085144828e-08,0.20804769590466027,0
416,187,0.0004526250000000003,-3.0000000000000004e-05,0.20820236772575276,6.936056054590064e-08,0.20820229836519222,0
1034,434,0.0003926250000000001,2.999999999999999e-05,0.20847586395434237,1.955000564533636e-05,0.20845631394869704,0
3415,1300,0.0019586220894085822,-0.0018338156596585703,0.20925897742660493,7.285132515831509e-08,0.20925890457527976,0
1291,537,0.00044887500000000027,5.249999999999999e-05,0.20942933792903762,9.421283811638753e-08,0.2094292437161995,0
1420,579,0.0005201250000000004,5.999999999999999e-05,0.20944691778031047,8.026380258345251e-09,0.2094469097539302,0
2544,726,0.0005405034812376771,9.40819640290061e-05,0.20946321507541624,3.4190466697932333e-09,0.20946321165636958,0
4033,1388,0.0015430996086898707,-0.0017488292043807475,0.20977954065223722,3.510913238384681e-09,0.209779537141324,0
3744,1364,0.0005435187833675847,-0.0017471359451393734,0.2098176605569305,9.259807926297897e-08,0.20981756795885123,0
4158,1407,0.0002931700512453749,-0.0017084410577699741,0.21113701642919017,1.2275674944536702e-08,0.21113700415351522,0
3099,840,0.0005438566778523642,-8.734783742925543e-05,0.21246431519234302,4.245688653758997e-09,0.21246431094665436,0
2135,669,0.0003694163498441071,0.00014006368344707463,0.21246534467445427,4.0480842953986136e-08,0.21246530419361132,0
1738,627,0.00031159315421549485,8.384311633291435e-05,0.2127941221194405,8.779130966173827e-10,0.21279412124152738,0
3132,1256,0.00012691196507293,-0.0018305646115425647,0.21303878855910136,3.2245341414056467e-09,0.21303878533456722,0
2013,658,0.000445831163023568,0.00011108336742811969,0.2133646224242008,6.94013994249836e-08,0.21336455302280136,0
707,307,0.00040012500000000014,-6.776263578034403e-21,0.21392084110098564,1.814536230517119e-05,0.21390269573868045,0
2847,808,0.0003487209506984081,-0.00020323805190300341,0.21394769092100321,1.1655154774778041e-09,0.21394768975548772,0
2535,726,0.0005405034812376771,9.40819640290061e-05,0.21460720512120485,3.4190466697932333e-09,0.2146072017021582,0
3732,1364,0.0005435187833675847,-0.0017471359451393734,0.21478515603598236,9.259807926297897e-08,0.2147850634379031,0
1674,621,0.00035437078446752833,9.664989812570138e-05,0.21480879232059572,1.2562936241729608e-07,0.2148086666912333,0
1287,536,0.00044137500000000025,5.249999999999999e-05,0.21496300873041044,1.6823652222578549e-07,0.21496284049388822,0
4109,1407,0.0002931700512453749,-0.0017084410577699741,0.21526375448448964,1.2275674944536702e-08,0.2152637422088147,0
2454,714,0.0004516700070720543,-0.00010631609882119671,0.2152916118387732,8.836640397662698e-08,0.21529152347236924,0
209,91,0.0004563750000000003,-5.25e-05,0.2157007806034423,6.412243767665105e-08,0.21570071648100464,0
953,401,0.0003888750000000001,2.249999999999999e-05,0.21610842918717865,6.780408216308079e-05,0.21604062510501557,0
2845,808,0.0003487209506984081,-0.00020323805190300341,0.2160645014536056,1.1655154774778041e-09,0.2160645002880901,0
1993,656,0.00045724454275937975,0.00010124229337914131,0.2160939991951253,5.753863463503627e-08,0.21609394165649068,0
2664,744,0.00044393545274988913,0.00018543937679507767,0.2160972439182465,1.3625216594652994e-08,0.2160972302930299,0
2876,809,0.0003562386043614697,-0.0002035160303202824,0.21626109895802828,2.7376551071689497e-09,0.21626109622037318,0
1926,648,0.00042365707097667893,-7.294291048408706e-05,0.21626526657512896,1.44746253469961e-07,0.21626512182887547,0
2700,751,0.00039369862170935083,0.00020074193779418822,0.21663282226898073,8.718542757268554e-09,0.21663281355043798,0
1266,530,0.00039637500000000013,5.249999999999999e-05,0.2167042027115473,3.4858932651732347e-06,0.21670071681828212,0
3416,1300,0.0019586220894085822,-0.0018338156596585703,0.21695526221420788,7.285132515831509e-08,0.21695518936288272,0
4319,1431,0.0012933998027881317,-0.001710610546743135,0.21708945527149362,3.603961414914697e-09,0.2170894516675322,0
327,148,0.00040387500000000015,-3.7500000000000003e-05,0.217157796687254,3.3543641606798774e-06,0.2171544423230933,0
3319,1281,0.0011683063225345087,-0.001835821235010951,0.21718754801305026,3.04051247806275e-08,0.21718751760792548,0
50,49,0.0003776250000000001,-6e-05,0.21763540836381884,1.1640820726150033e-05,0.21762376754309268,0
1830,639,0.00036187734641326974,-9.679548773400577e-05,0.21781242399350603,3.276111116059559e-07,0.21781209638239443,0
1589,613,0.0004116214895004921,8.190306891057295e-05,0.21791593554089203,5.761287149026529e-07,0.21791535941217713,0
3214,1280,0.0011235544737104631,-0.0018311701190403204,0.21802912308611608,1.3513546574396908e-08,0.2180291095725695,0
2195,677,0.0003102206181636503,0.00013125744249047305,0.2181918951819242,1.890243106677214e-09,0.2181918932916811,0
3024,832,0.0005104258463483998,-0.00013713127814194426,0.2183045161462959,1.0633194785680474e-08,0.2183045055131011,0
758,322,0.0005126250000000005,-6.776263578034403e-21,0.21832559577470373,5.082630306467032e-09,0.2183255906920734,0
412,185,0.00043762500000000024,-3.0000000000000004e-05,0.21908518764283566,1.911468443889159e-07,0.21908499649599128,0
387,177,0.0003776250000000001,-3.0000000000000004e-05,0.21946633968161824,0.00019558910935499045,0.21927075057226325,0
4026,1388,0.0015430996086898707,-0.0017488292043807475,0.21939902592852475,3.510913238384681e-09,0.21939902241761153,0
3165,1279,0.0010853696574508723,-0.0018348853894366581,0.21988958678676213,2.731603399001012e-09,0.21988958405515874,0
3490,1301,0.002,-0.0018333333333333333,0.22023594326863608,3.6044118441876554e-08,0.22023590722451764,0
1140,476,0.00047137500000000033,3.749999999999999e-05,0.22049478518632218,2.809402790926824e-08,0.22049475709229427,0
231,101,0.0005313750000000005,-5.25e-05,0.22078819690428947,4.750184491507251e-09,0.22078819215410497,0
2301,701,0.0003618846284857497,-0.0001403672014418598,0.22088079856594664,5.5641249687601393e-08,0.22088074292469695,0
3947,1386,0.001455283505559255,-0.001747823274873921,0.22128989498596138,3.250126316178113e-08,0.22128986248469823,0
48,49,0.0003776250000000001,-6e-05,0.22130619847862415,1.1640820726150033e-05,0.221294557657898,0
1105,464,0.0003813750000000001,3.749999999999999e-05,0.22168406602573093,3.97314988619741e-05,0.22164433452686896,0
937,392,0.0005576250000000006,1.4999999999999992e-05,0.22177818301302213,1.8471838512209066e-09,0.22177818116583828,0
3244,1280,0.0011235544737104631,-0.0018311701190403204,0.22203039221342802,1.3513546574396908e-08,0.22203037869988143,0
774,327,0.0005501250000000005,-6.776263578034403e-21,0.22223842930108026,2.2191002365020692e-09,0.22223842708198002,0
129,66,0.0005051250000000004,-6e-05,0.2226401761539274,1.1768282317559068e-08,0.22264016438564507,0
176,74,0.0005651250000000005,-6e-05,0.22298457360780585,1.884423021918988e-09,0.22298457172338282,0
3495,1301,0.002,-0.0018333333333333333,0.22318408559363487,3.6044118441876554e-08,0.22318404954951643,0
2486,717,0.00046753720614419884,-9.023443001343242e-05,0.22325398094110174,2.3675745995681973e-08,0.22325395726535574,0
884,374,0.0004226250000000002,1.4999999999999992e-05,0.2236571442887089,7.017394988298121e-07,0.22365644254921005,0
4125,1407,0.0002931700512453749,-0.0017084410577699741,0.22376202319875224,1.2275674944536702e-08,0.2237620109230773,0
2496,718,0.0004722256574286747,-8.433211060948672e-05,0.22434127217445948,3.98528044063868e-08,0.22434123232165507,0
1060,442,0.0004526250000000003,2.999999999999999e-05,0.22529384038660652,6.878857111995215e-08,0.2252937715980354,0
3144,1257,0.00016780204431158984,-0.001832047585117765,0.22538314077273058,5.94799990830093e-09,0.22538313482473069,0
1100,462,0.00036637500000000006,3.749999999999999e-05,0.2275618118196198,0.0006611536155291402,0.22690065820409064,0
1324,558,0.00036262500000000005,5.999999999999999e-05,0.22705974845989968,6.821529097361687e-06,0.2270529269308023,0
1219,506,0.0004526250000000003,4.499999999999999e-05,0.22768019480587323,7.61301339414382e-08,0.22768011867573928,0
4070,1406,0.0002528682826605001,-0.0017101146573470373,0.22776662510673287,2.8236642550380505e-09,0.22776662228306863,0
3466,1301,0.002,-0.0018333333333333333,0.22798858371530123,3.6044118441876554e-08,0.2279885476711828,0
3241,1280,0.0011235544737104631,-0.0018311701190403204,0.22817965558166028,1.3513546574396908e-08,0.2281796420681137,0
89,58,0.00044512500000000026,-6e-05,0.22828849929791242,1.1757162675259048e-07,0.22828838172628568,0
1312,548,0.0005313750000000005,5.249999999999999e-05,0.22883135385376008,4.78681798998993e-09,0.22883134906694208,0
4043,1406,0.0002528682826605001,-0.0017101146573470373,0.22926090937388025,2.8236642550380505e-09,0.229260906550216,0
2757,756,0.00035623860436146976,0.0002035160303202824,0.22946129774319846,2.5392780058497007e-09,0.22946129520392045,0
2726,752,0.0003862578919856826,0.00020185005772340985,0.2310323308648945,5.957104811766834e-09,0.2310323249077897,0
2419,710,0.0004269006467537924,-0.00012341315379275108,0.23109694471697823,8.35969419845021e-08,0.23109686112003625,0
487,218,0.00044887500000000027,-2.2500000000000005e-05,0.2316234953746587,8.257225434912072e-08,0.23162341280240437,0
4289,1410,0.0004191076616030197,-0.0017055678807356095,0.23169190738339732,6.347297876509247e-09,0.23169190103609943,0
3534,1302,0.0,-0.0017916666666666667,0.23174688411002325,2.1460700857017973e-08,0.2317468626493224,0
3771,1365,0.0005858232018222758,-0.001752429859975062,0.23197376022477922,1.2900585714593919e-08,0.2319737473241935,0
2890,813,0.0003862578919856825,-0.00020185005772340985,0.2324056116672101,7.313125004791687e-09,0.2324056043540851,0
987,414,0.00048637500000000037,2.249999999999999e-05,0.23264436285005047,1.3012023287503473e-08,0.23264434983802718,0
1915,646,0.00041162148950049204,-8.190306891057299e-05,0.23386230036229,6.620231951795843e-07,0.23386163833909482,0
1296,539,0.0004638750000000003,5.249999999999999e-05,0.2340260256023003,4.428517435993626e-08,0.23402598131712593,0
377,167,0.0005463750000000005,-3.7500000000000003e-05,0.23404346392581968,2.9683215887676587e-09,0.2340434609574981,0
1573,610,0.0004291181731234339,6.779062633800114e-05,0.23416182867070984,1.958264447340291e-07,0.2341616328442651,0
4181,1407,0.0002931700512453749,-0.0017084410577699741,0.23428246586458823,1.2275674944536702e-08,0.23428245358891328,0
2494,717,0.00046753720614419884,-9.023443001343242e-05,0.23435012732558813,2.3675745995681973e-08,0.23435010364984213,0
1028,432,0.0003776250000000001,2.999999999999999e-05,0.23467511002970795,0.00019379981574026736,0.23448131021396768,0
1473,595,0.00035619747382519424,-4.588966645821942e-05,0.2346824103008335,1.0774866923788777e-05,0.2346716354339097,0
816,345,0.00044887500000000027,7.4999999999999926e-06,0.23469730043525855,7.56735530438804e-08,0.23469722476170551,0
3016,831,0.0005052559082019141,-0.00014259608629591756,0.23491334715698242,1.2259935852966035e-08,0.23491333489704658,0
2836,805,0.0003263013782906491,-0.0002007419377941882,0.2349928483479029,1.969868987527466e-09,0.23499284637803391,0
4011,1387,0.0015029018387132948,-0.0017473203703996317,0.23582239436146948,2.180477085144828e-08,0.23582237255669863,0
2637,739,0.00047658068823323103,0.00016685882004120083,0.23587450525172635,1.4560114185213875e-08,0.23587449069161215,0
1101,463,0.0003738750000000001,3.749999999999999e-05,0.23614279193082127,8.878878146236309e-05,0.2360540031493589,0
1264,529,0.0003888750000000001,5.249999999999999e-05,0.2365589039659097,6.6048528605076164e-06,0.2365522991130492,0
1359,563,0.00040012500000000014,5.999999999999999e-05,0.23665596334938638,1.0717204071109663e-06,0.23665489162897926,0
3923,1386,0.001455283505559255,-0.001747823274873921,0.23665709474093233,3.250126316178113e-08,0.23665706223966917,0
907,385,0.0005051250000000004,1.4999999999999992e-05,0.2367974368565861,6.557006168393425e-09,0.23679743029957995,0
3749,1364,0.0005435187833675847,-0.0017471359451393734,0.23696055647076147,9.259807926297897e-08,0.23696046387268221,0
780,334,0.00036637500000000006,7.4999999999999926e-06,0.26634378746149534,0.029181883110963452,0.2371619043505319,0
836,353,0.0005088750000000003,7.4999999999999926e-06,0.23728274792564874,5.68944345262036e-09,0.2372827422362053,0
3575,1315,0.0005446477052616283,-0.0017885884216789338,0.2373694130343625,9.821408908870207e-07,0.2373684308934716,0
832,351,0.0004938750000000003,7.4999999999999926e-06,0.23742059947130056,8.988136566626576e-09,0.237420590483164,0
3692,1362,0.00045742028878796543,-0.001747449068702735,0.23856161883750748,8.64009075800238e-07,0.23856075482843167,0
3015,829,0.0004943281581209461,-0.00015293419705974777,0.23896540828830196,1.4527108634839e-08,0.23896539376119333,0
4132,1407,0.0002931700512453749,-0.0017084410577699741,0.23907861599785563,1.2275674944536702e-08,0.23907860372218068,0
732,314,0.0004526250000000003,-6.776263578034403e-21,0.2393638122979717,5.872743268213016e-08,0.23936375357053902,0
1872,643,0.0003913418780168542,-9.160009583835658e-05,0.23938528496737285,4.3674982910749494e-07,0.23938484821754374,0
3863,1383,0.0013348570556488925,-0.0017524623557613741,0.23948425603592363,1.63302481798422e-08,0.23948423970567545,0
3586,1315,0.0005446477052616283,-0.0017885884216789338,0.239681649418569,9.821408908870207e-07,0.23968066727767812,0
4224,1408,0.0003352491194219976,-0.001709268843234495,0.23974617138043483,2.90809048727778e-08,0.23974614229952995,0
287,132,0.0005201250000000004,-4.5e-05,0.24081825918493188,5.61277698745392e-09,0.2408182535721549,0
4087,1406,0.0002528682826605001,-0.0017101146573470373,0.24096058392999808,2.8236642550380505e-09,0.24096058110633384,0
267,122,0.00044512500000000026,-4.5e-05,0.24144228191313344,1.2569874148966573e-07,0.24144215621439194,0
352,157,0.00047137500000000033,-3.7500000000000003e-05,0.2414973678881367,2.7910826877605865e-08,0.24149733997730982,0
2334,705,0.0003917622054501175,-0.00013673940679297052,0.24184786910742828,3.669571335376032e-08,0.24184783241171492,0
1528,603,0.00032884152669234064,-5.9051873789722924e-05,0.24212781456870186,1.3793106978125105e-08,0.24212780077559487,0
1257,527,0.0003738750000000001,5.249999999999999e-05,0.24240314929891063,2.6614511200649062e-05,0.24237653478770999,0
1313,548,0.0005313750000000005,5.249999999999999e-05,0.2425312361043906,4.78681798998993e-09,0.2425312313175726,0
3509,1301,0.002,-0.0018333333333333333,0.24263008665420654,3.6044118441876554e-08,0.2426300506100881,0
2595,734,0.0005052559082019142,0.00014259608629591745,0.2430142847080009,1.2071616999828138e-08,0.2430142726363839,0
1374,566,0.0004226250000000002,5.999999999999999e-05,0.24331245280391853,4.5643797420008876e-07,0.24331199636594433,0
669,289,0.0005013750000000004,-7.500000000000006e-06,0.24355007306323562,7.059779969166717e-09,0.24355006600345563,0
1660,619,0.00036937261777678494,9.63589378896933e-05,0.24451930444955697,2.9069613913589394e-07,0.24451901375341784,0
4113,1407,0.0002931700512453749,-0.0017084410577699741,0.2448953729092893,1.2275674944536702e-08,0.24489536063361436,0
143,68,0.0005201250000000004,-6e-05,0.245828350380238,7.193027720452753e-09,0.24582834318721028,0
3581,1315,0.0005446477052616283,-0.0017885884216789338,0.2460023155447362,9.821408908870207e-07,0.2460013334038453,0
1453,592,0.00035619747382519424,4.588966645821942e-05,0.24675572425845665,1.0641371672852775e-05,0.2467450828867838,0
2680,746,0.00043001107291196184,0.00019113181933992995,0.2467588455705836,1.3298051665468392e-08,0.24675883227253195,0
859,360,0.0005613750000000006,7.4999999999999926e-06,0.2474723539902242,1.6179274727192426e-09,0.2474723523722967,0
1944,649,0.0004291181731234339,-6.779062633800117e-05,0.24767258963823877,1.9769346161496606e-07,0.24767239194477714,0
3747,1364,0.0005435187833675847,-0.0017471359451393734,0.24772858919093996,9.259807926297897e-08,0.2477284965928607,0
4338,1432,0.001331330508901036,-0.0017097630929053104,0.24783868756761657,5.977987489325365e-09,0.24783868158962907,0
2211,678,0.0003032469244494645,0.00012839622845202327,0.24839391381897297,1.91534661762075e-09,0.24839391190362634,0
908,385,0.0005051250000000004,1.4999999999999992e-05,0.24867335069080082,6.557006168393425e-09,0.24867334413379466,0
4151,1407,0.0002931700512453749,-0.0017084410577699741,0.2489279914011635,1.2275674944536702e-08,0.24892797912548856,0
2019,658,0.000445831163023568,0.00011108336742811969,0.24893834098382522,6.94013994249836e-08,0.2489382715824258,0
2657,743,0.0004507303929021596,0.0001822111920225962,0.24895654335064932,1.3017304991259248e-08,0.24895653033334433,0
1665,620,0.0003618773464132698,9.679548773400577e-05,0.24948763131843366,3.9223274825909343e-07,0.2494872390856854,0
1338,561,0.0003851250000000001,5.999999999999999e-05,0.2498326419393513,2.172403207948945e-06,0.24983046953614335,0
674,290,0.0005088750000000003,-7.500000000000006e-06,0.2499691189418751,5.681240642879855e-09,0.24996911326063445,0
4112,1407,0.0002931700512453749,-0.0017084410577699741,0.25026399334775207,1.2275674944536702e-08,0.25026398107207715,0
1474,595,0.00035619747382519424,-4.588966645821942e-05,0.2504668326757671,1.0774866923788777e-05,0.2504560578088433,0
4104,1407,0.0002931700512453749,-0.0017084410577699741,0.250648312841333,1.2275674944536702e-08,0.25064830056565807,0
3838,1383,0.0013348570556488925,-0.0017524623557613741,0.2507104716372395,1.63302481798422e-08,0.2507104553069913,0
3601,1316,0.0005843082459749532,-0.0017931415468221683,0.25085013445751053,1.6759312591280528e-07,0.2508499668643846,0
1662,619,0.00036937261777678494,9.63589378896933e-05,0.2511259353188424,2.9069613913589394e-07,0.25112564462270326,0
3556,1302,0.0,-0.0017916666666666667,0.2514536792683392,2.1460700857017973e-08,0.25145365780763834,0
2119,666,0.0003917622054501175,0.00013673940679297052,0.25197613438876854,4.235101707239463e-08,0.25197609203775145,0
3455,1301,0.002,-0.0018333333333333333,0.2524569406620226,3.6044118441876554e-08,0.25245690461790415,0
3251,1280,0.0011235544737104631,-0.0018311701190403204,0.2528469271079346,1.3513546574396908e-08,0.25284691359438805,0
1859,642,0.0003841493179854505,-9.375340695706517e-05,0.25319348304574907,1.714583663396239e-07,0.25319331158738273,0
167,71,0.0005426250000000006,-6e-05,0.2531976481307769,3.789553791433858e-09,0.2531976443412231,0
2752,756,0.00035623860436146976,0.0002035160303202824,0.2534465354351532,2.5392780058497007e-09,0.2534465328958752,0
3482,1301,0.002,-0.0018333333333333333,0.2536311523619506,3.6044118441876554e-08,0.25363111631783214,0
1590,613,0.0004116214895004921,8.190306891057295e-05,0.25421573141481807,5.761287149026529e-07,0.25421515528610317,0
2640,739,0.00047658068823323103,0.00016685882004120083,0.2546270674966357,1.4560114185213875e-08,0.25462705293652155,0
4243,1409,0.0003752823907658263,-0.0017092114270423236,0.25474372100312986,3.208013893465805e-08,0.25474368892299093,0
4057,1406,0.0002528682826605001,-0.0017101146573470373,0.2547635271465056,2.8236642550380505e-09,0.25476352432284133,0
2095,665,0.0003990561266240436,0.00013483739109859555,0.25570905149024314,1.1517645074678549e-07,0.2557089363137924,0
443,197,0.0005276250000000005,-3.0000000000000004e-05,0.255778104068547,4.126965613837739e-09,0.2557780999415814,0
1505,599,0.00035049791389083905,6.608846053976123e-05,0.2568306100540304,9.765684729121883e-07,0.2568296334855575,0
159,69,0.0005276250000000005,-6e-05,0.257422754503623,5.2240580191155885e-09,0.257422749279565,0
59,50,0.0003851250000000001,-6e-05,0.2580443459569932,1.9244926481349133e-06,0.2580424214643451,0
3669,1318,0.0006654805645827595,-0.0017913884242686483,0.25810199324662325,1.3505968375492156e-08,0.25810197974065485,0
3738,1364,0.0005435187833675847,-0.0017471359451393734,0.25816757443987587,9.259807926297897e-08,0.2581674818417966,0
555,251,0.0004526250000000003,-1.5000000000000005e-05,0.25827212565602087,6.170678791193749e-08,0.25827206394923297,0
972,409,0.00044887500000000027,2.249999999999999e-05,0.25834466815214413,8.221440972910591e-08,0.2583445859377344,0
1972,654,0.0004675372061441989,9.023443001343238e-05,0.2583703394640285,2.3127509418066948e-08,0.2583703163365191,0
3702,1362,0.00045742028878796543,-0.001747449068702735,0.2584256506582437,8.64009075800238e-07,0.2584247866491679,0
300,135,0.0005426250000000006,-4.5e-05,0.25846462046869595,3.5128835814838125e-09,0.25846461695581235,0
2945,822,0.0004507303929021594,-0.00018221119202259622,0.25869383069337815,1.3494466317268383e-08,0.2586938171989118,0
28,30,0.00031661055043433607,6.0578213238823295e-05,0.258991077606566,1.017085796253868e-08,0.258991067435708,0
2929,819,0.0004300110729119618,-0.00019113181933992998,0.2591990842455085,1.4421775978352106e-08,0.25919906982373253,0
730,312,0.00043762500000000024,-6.776263578034403e-21,0.25992000720055425,1.7194322719897182e-07,0.25991983525732704,0
148,68,0.0005201250000000004,-6e-05,0.2599219252077227,7.193027720452753e-09,0.259921918014695,0
1152,478,0.00048637500000000037,3.749999999999999e-05,0.25997585395939976,1.5571849115312756e-08,0.2599758383875507,0
3909,1385,0.0014197734752504174,-0.0017467174082457623,0.2607917346261286,1.6766268000891533e-07,0.2607915669634486,0
2051,661,0.0004269006467537924,0.00012341315379275108,0.2608922393084071,4.463506753824434e-08,0.2608921946733396,0
3792,1365,0.0005858232018222758,-0.001752429859975062,0.2612524185282646,1.2900585714593919e-08,0.2612524056276789,0
1558,607,0.00035809336779726213,-6.674083465604075e-05,0.2612605701978107,7.604467373998765e-07,0.26125980975107327,0
1556,607,0.00035809336779726213,-6.674083465604075e-05,0.26157973512357313,7.604467373998765e-07,0.2615789746768357,0
1059,442,0.0004526250000000003,2.999999999999999e-05,0.2618105502330925,6.878857111995215e-08,0.2618104814445214,0
3440,1300,0.0019586220894085822,-0.0018338156596585703,0.2621825450067419,7.285132515831509e-08,0.26218247215541673,0
3396,1299,0.0019146927158673187,-0.0018343109948123562,0.26230087747404063,1.5975082076411483e-08,0.26230086149895854,0
661,286,0.00047887500000000035,-7.500000000000006e-06,0.26253180856116914,1.5674929632341892e-08,0.2625317928862395,0
1273,532,0.0004113750000000002,5.249999999999999e-05,0.26257703716084657,1.0989157835251024e-06,0.26257593824506303,0
636,280,0.00043387500000000023,-7.500000000000006e-06,0.2627225368320463,2.3768783364395315e-07,0.2627222991442127,0
3535,1302,0.0,-0.0017916666666666667,0.26322815109742065,2.1460700857017973e-08,0.26322812963671977,0
2576,732,0.0005153903208829037,0.00013147916515700845,0.26347774682225333,7.101177484728671e-09,0.26347773972107585,0
1844,641,0.0003768115211141669,-9.534287405489409e-05,0.2635632173466572,1.9471265255993482e-07,0.26356302263400466,0
897,381,0.00047512500000000034,1.4999999999999992e-05,0.26409783245211704,1.9140358918043233e-08,0.26409781331175813,0
1301,542,0.00048637500000000037,5.249999999999999e-05,0.2642808060454003,1.9192087242991947e-08,0.264280786853313,0
2636,739,0.00047658068823323103,0.00016685882004120083,0.2646200390640777,1.4560114185213875e-08,0.26462002450396355,0
3773,1365,0.0005858232018222758,-0.001752429859975062,0.2649241828335067,1.2900585714593919e-08,0.264924169932921,0
1161,481,0.0005088750000000003,3.749999999999999e-05,0.2649595049303742,7.211410989744806e-09,0.2649594977189632,0
868,369,0.0003851250000000001,1.4999999999999992e-05,0.2652666184864948,0.00023963558887030653,0.2650269828976245,0
2391,709,0.0004201797986555263,-0.00012682623900017403,0.2657266799598147,9.52794943683815e-08,0.26572658468032034,0
4004,1387,0.0015029018387132948,-0.0017473203703996317,0.26593817878050374,2.180477085144828e-08,0.26593815697573286,0
2215,693,0.00030324692444946453,-0.0001283962284520233,0.2668226691587599,1.895665708906316e-09,0.26682266726309417,0
3120,1255,8.021387565745436e-05,-0.0018312838481263913,0.2668373513171115,9.498567254074446e-10,0.26683735036725476,0
1237,517,0.0005351250000000004,4.499999999999999e-05,0.26697500665011537,4.072739819575284e-09,0.26697500257737555,0
4165,1407,0.0002931700512453749,-0.0017084410577699741,0.26728820907052175,1.2275674944536702e-08,0.26728819679484683,0
482,216,0.00043387500000000023,-2.2500000000000005e-05,0.2673238313642615,2.4640169703561016e-07,0.2673235849625645,0
3293,1281,0.0011683063225345087,-0.001835821235010951,0.26785993183928425,3.04051247806275e-08,0.26785990143415944,0
1799,636,0.0003395041666100166,-9.461929871262795e-05,0.2679733939569962,4.003103117483332e-08,0.26797335392596505,0
1910,645,0.0004051193935742176,-8.56570557439043e-05,0.2680244069557734,3.442248684343402e-07,0.26802406273090496,0
1151,478,0.00048637500000000037,3.749999999999999e-05,0.26900075741115775,1.5571849115312756e-08,0.26900074183930867,0
4092,1406,0.0002528682826605001,-0.0017101146573470373,0.26909218706069965,2.8236642550380505e-09,0.2690921842370354,0
2822,803,0.0003115681039073706,-0.00019770501798221612,0.26974973244542594,9.259144910660984e-10,0.2697497315195114,0
2566,730,0.0005246760455161772,0.00011964415041124919,0.2702619329098611,1.1436804951437766e-08,0.27026192147305617,0
3250,1280,0.0011235544737104631,-0.0018311701190403204,0.27034651559661427,1.3513546574396908e-08,0.2703465020830677,0
1933,648,0.00042365707097667893,-7.294291048408706e-05,0.27038128425486074,1.44746253469961e-07,0.27038113950860726,0
349,156,0.0004638750000000003,-3.7500000000000003e-05,0.27039625214768065,3.9478790614185554e-08,0.27039621266889,0
46,48,0.00037012500000000007,-6e-05,0.27047618355172764,1.335739219725323e-05,0.2704628261595304,0
966,407,0.00043387500000000023,2.249999999999999e-05,0.27082837490445355,2.468966415927852e-07,0.270828128007812,0
424,190,0.00047512500000000034,-3.0000000000000004e-05,0.2709120296480086,2.1927796623020626e-08,0.27091200772021196,0
2601,735,0.0004998875679570837,0.00014786612534832972,0.2714756713202299,1.2781985578946093e-08,0.27147565853824435,0
1652,618,0.00037681152111416696,9.534287405489408e-05,0.271606800509729,1.9704562837636954e-07,0.27160660346410065,0
2378,708,0.00041328543661888856,-0.00012987365132883328,0.2720320753109377,9.807531348419076e-08,0.2720319772356242,0
2420,711,0.00043342860296878213,-0.00011964423651476868,0.2722544474950648,1.1291017372352702e-07,0.27225433458489107,0
1775,633,0.00031823592248996624,-8.734215880635975e-05,0.27250311045034586,7.281412540505613e-09,0.27250310316893334,0
3009,829,0.0004943281581209461,-0.00015293419705974777,0.2726026051077468,1.4527108634839e-08,0.2726025905806382,0
2689,749,0.0004084318960926294,0.00019770501798221614,0.27339271603380383,1.856696887718319e-08,0.273392697466835,0
565,254,0.00047512500000000034,-1.5000000000000005e-05,0.2736297172598158,1.911770161984789e-08,0.27362969814211413,0
1764,632,0.0003115931542154948,-8.38431163329143e-05,0.2736592810589679,1.1820845718733618e-09,0.2736592798768833,0
4020,1387,0.0015029018387132948,-0.0017473203703996317,0.2737950130179453,2.180477085144828e-08,0.2737949912131744,0
2421,711,0.00043342860296878213,-0.00011964423651476868,0.2741294705435022,1.1291017372352702e-07,0.27412935763332846,0
624,276,0.00040387500000000015,-7.500000000000006e-06,0.2746737598451996,9.096035243466796e-06,0.27466466380995613,0
3777,1365,0.0005858232018222758,-0.001752429859975062,0.2747737375638428,1.2900585714593919e-08,0.2747737246632571,0
2976,826,0.00047658068823323103,-0.00016685882004120089,0.2757507970660317,1.501028608746256e-08,0.27575078205574566,0
2009,657,0.00045167000707205425,0.00010631609882119674,0.2759657058892864,6.556841812759795e-08,0.27596564032086823,0
2743,756,0.00035623860436146976,0.0002035160303202824,0.2760691114018268,2.5392780058497007e-09,0.2760691088625488,0
3253,1280,0.0011235544737104631,-0.0018311701190403204,0.2761498197687837,1.3513546574396908e-08,0.27614980625523716,0
2910,815,0.00040109332316923805,-0.00019935962852439364,0.27627676401174733,1.3289194590176737e-08,0.27627675072255276,0
3772,1365,0.0005858232018222758,-0.001752429859975062,0.2768068740054881,1.2900585714593919e-08,0.2768068611049024,0
3345,1281,0.0011683063225345087,-0.001835821235010951,0.2773610089881933,3.04051247806275e-08,0.2773609785830685,0
3727,1363,0.0004980498508590125,-0.0017495891039972066,0.27799995148800866,1.303138308747088e-07,0.27799982117417776,0
179,79,0.00036637500000000006,-5.25e-05,0.2784485395374252,4.2267714606413174e-05,0.2784062718228188,0
1566,609,0.0003732595008181979,-6.543821433225158e-05,0.279204339406468,2.324763978353258e-06,0.2792020146424896,0
3186,1279,0.0010853696574508723,-0.0018348853894366581,0.2793037304946454,2.731603399001012e-09,0.279303727763042,0
3336,1281,0.0011683063225345087,-0.001835821235010951,0.27938306667789725,3.04051247806275e-08,0.27938303627277244,0
2671,745,0.00043702586686542613,0.00018841427368462642,0.27964355403557956,1.3114535926402649e-08,0.27964354092104365,0
3528,1302,0.0,-0.0017916666666666667,0.2799636037235061,2.1460700857017973e-08,0.2799635822628052,0
523,232,0.0005538750000000004,-2.2500000000000005e-05,0.2803706125799372,2.154826707636728e-09,0.28037061042511047,0
942,393,0.0005651250000000005,1.4999999999999992e-05,0.28037324531221053,1.4496175423385922e-09,0.280373243862593,0
2339,705,0.0003917622054501175,-0.00013673940679297052,0.28063754896039556,3.669571335376032e-08,0.2806375122646822,0
2815,802,0.0003042956831283605,-0.00019578036616662979,0.2807946756080606,5.142559973308471e-10,0.2807946750938046,0
1285,536,0.00044137500000000025,5.249999999999999e-05,0.28106565346697254,1.6823652222578549e-07,0.28106548523045033,0
2020,659,0.0004397448455128243,0.00011553035393040538,0.281190957162699,9.115557166615707e-08,0.28119086600712734,0
1824,638,0.0003543707844675283,-9.664989812570138e-05,0.2815119256739267,9.977164192353979e-08,0.28151182590228474,0
3432,1300,0.0019586220894085822,-0.0018338156596585703,0.28238259674949184,7.285132515831509e-08,0.2823825238981667,0
4248,1409,0.0003752823907658263,-0.0017092114270423236,0.28302963745246146,3.208013893465805e-08,0.2830296053723225,0
1600,614,0.00040511939357421766,8.565705574390428e-05,0.2830330081304753,4.2811746482642523e-07,0.2830325800130105,0
1618,616,0.00039134187801685423,9.160009583835657e-05,0.2830718108332981,4.310611809911413e-07,0.2830713797721171,0
3091,839,0.0005405034812376771,-9.408196402900622e-05,0.2833594739021213,3.984490126884458e-09,0.28335946991763117,0
640,281,0.00044137500000000025,-7.500000000000006e-06,0.28348099575987523,1.2903463586915307e-07,0.28348086672523937,0
627,277,0.0004113750000000002,-7.500000000000006e-06,0.28376864938101287,2.912082372846733e-06,0.28376573729864,0
1372,566,0.0004226250000000002,5.999999999999999e-05,0.2838306413288766,4.5643797420008876e-07,0.2838301848909024,0
3802,1365,0.0005858232018222758,-0.001752429859975062,0.2838641001610038,1.2900585714593919e-08,0.28386408726041806,0
31,30,0.00031661055043433607,6.0578213238823295e-05,0.2844412655064334,1.017085796253868e-08,0.2844412553355754,0
1392,572,0.0004676250000000003,5.999999999999999e-05,0.2860935334407828,4.512235952656635e-08,0.2860934883184233,0
2749,756,0.00035623860436146976,0.0002035160303202824,0.28613838280005194,2.5392780058497007e-09,0.28613838026077393,0
3643,1318,0.0006654805645827595,-0.0017913884242686483,0.2865801953754361,1.3505968375492156e-08,0.2865801818694677,0
1020,430,0.00036262500000000005,2.999999999999999e-05,0.2882452308782549,0.001541738891892167,0.2867034919863627,0
1548,606,0.00035049791389083905,-6.608846053976122e-05,0.2868096352990821,9.257240905089254e-07,0.2868087095749916,0
3417,1300,0.0019586220894085822,-0.0018338156596585703,0.28745581861615016,7.285132515831509e-08,0.287455745764825,0
2622,737,0.0004885852721786184,0.00015779337905383193,0.2875705932289552,1.5732678557437894e-08,0.2875705774962766,0
3198,1279,0.0010853696574508723,-0.0018348853894366581,0.28774112874183916,2.731603399001012e-09,0.28774112601023577,0
222,97,0.0005013750000000004,-5.25e-05,0.28779231003241657,1.1091218946020021e-08,0.2877922989411976,0
1073,448,0.0004976250000000005,2.999999999999999e-05,0.2878134407861336,9.497019816082575e-09,0.28781343128911374,0
63,51,0.0003926250000000001,-6e-05,0.28800446814093816,1.2666504830658032e-06,0.2880032014904551,0
1416,579,0.0005201250000000004,5.999999999999999e-05,0.2880173477440816,8.026380258345251e-09,0.2880173397177013,0
3742,1364,0.0005435187833675847,-0.0017471359451393734,0.2883538360835428,9.259807926297897e-08,0.28835374348546355,0
2042,661,0.0004269006467537924,0.00012341315379275108,0.28922389701771906,4.463506753824434e-08,0.2892238523826515,0
925,389,0.0005351250000000004,1.4999999999999992e-05,0.28994104661049647,3.161649619680312e-09,0.28994104344884686,0
4198,1408,0.0003352491194219976,-0.001709268843234495,0.2904027376620869,2.90809048727778e-08,0.29040270858118206,0
263,120,0.0004301250000000002,-4.5e-05,0.29042997768975903,3.566016120030929e-07,0.290429621088147,0
2129,667,0.00038437670561554204,0.0001382471673795964,0.29104602208069646,2.6037155044868073e-08,0.2910459960435414,0
723,310,0.0004226250000000002,-6.776263578034403e-21,0.2911455107524567,7.232043504263997e-07,0.2911447875481063,0
3195,1279,0.0010853696574508723,-0.0018348853894366581,0.2916900941083298,2.731603399001012e-09,0.2916900913767264,0
1941,649,0.0004291181731234339,-6.779062633800117e-05,0.2917499270153992,1.9769346161496606e-07,0.2917497293219376,0
4337,1432,0.001331330508901036,-0.0017097630929053104,0.29175797694190997,5.977987489325365e-09,0.2917579709639225,0
3152,1279,0.0010853696574508723,-0.0018348853894366581,0.2927915404731876,2.731603399001012e-09,0.29279153774158423,0
858,360,0.0005613750000000006,7.4999999999999926e-06,0.29329252362335717,1.6179274727192426e-09,0.2932925220054297,0
2893,814,0.0003936986217093507,-0.00020074193779418825,0.29334394461435886,4.798547018335494e-09,0.29334393981581186,0
1382,569,0.00044512500000000026,5.999999999999999e-05,0.2934813303038822,1.0632445205705175e-07,0.2934812239794301,0
351,157,0.00047137500000000033,-3.7500000000000003e-05,0.29439224413248055,2.7910826877605865e-08,0.2943922162216537,0
3167,1279,0.0010853696574508723,-0.0018348853894366581,0.2944312393995801,2.731603399001012e-09,0.2944312366679767,0
3469,1301,0.002,-0.0018333333333333333,0.2950448447557111,3.6044118441876554e-08,0.2950448087115926,0
2371,707,0.00040623743887438605,-0.0001325466043000965,0.2952694015889913,7.728247968619983e-08,0.2952693243065116,0
1802,636,0.0003395041666100166,-9.461929871262795e-05,0.29548559664224877,4.003103117483332e-08,0.2954855566112176,0
2559,728,0.0005330623666938131,0.0001071556808051343,0.2956925455840435,6.801660057542452e-09,0.29569253878238344,0
3188,1279,0.0010853696574508723,-0.0018348853894366581,0.2962172380935359,2.731603399001012e-09,0.2962172353619325,0
4071,1406,0.0002528682826605001,-0.0017101146573470373,0.2963052488531777,2.8236642550380505e-09,0.29630524602951347,0
1494,598,0.0003580933677972622,6.674083465604075e-05,0.29635820033043797,8.338570177774644e-07,0.2963573664734202,0
2774,757,0.0003487209506984081,0.00020323805190300341,0.29675931027936964,2.630770096533511e-09,0.29675930764859954,0
3436,1300,0.0019586220894085822,-0.0018338156596585703,0.2969283724354615,7.285132515831509e-08,0.29692829958413636,0
1212,501,0.0004151250000000002,4.499999999999999e-05,0.2969984709452544,1.0068588183290604e-06,0.29699746408643607,0
4324,1431,0.0012933998027881317,-0.001710610546743135,0.297802537686247,3.603961414914697e-09,0.2978025340822856,0
342,153,0.00044137500000000025,-3.7500000000000003e-05,0.29850880667267155,1.543776019339691e-07,0.2985086522950696,0
2343,705,0.0003917622054501175,-0.00013673940679297052,0.29886945261627584,3.669571335376032e-08,0.2988694159205625,0
2253,696,0.00032457806533562933,-0.0001358373645569657,0.2990556358142098,1.0988379264459703e-08,0.29905562482583053,0
592,263,0.0005426250000000006,-1.5000000000000005e-05,0.29907951882968237,2.737706135495536e-09,0.29907951609197625,0
2852,809,0.0003562386043614697,-0.0002035160303202824,0.2990928943824089,2.7376551071689497e-09,0.2990928916447538,0
1606,615,0.00039834594430604073,8.889589096520433e-05,0.2991957635440775,5.404606383178633e-07,0.2991952230834392,0
4076,1406,0.0002528682826605001,-0.0017101146573470373,0.29926380615014736,2.8236642550380505e-09,0.2992638033264831,0
3046,836,0.0005289846124320408,-0.00011347741385698144,0.2994840110706281,8.494250182757065e-09,0.2994840025763779,0
1901,645,0.0004051193935742176,-8.56570557439043e-05,0.30063294491988357,3.442248684343402e-07,0.30063260069501513,0
2044,661,0.0004269006467537924,0.00012341315379275108,0.30118538336805617,4.463506753824434e-08,0.30118533873298864,0
3890,1385,0.0014197734752504174,-0.0017467174082457623,0.3013685927204064,1.6766268000891533e-07,0.3013684250577264,0
3624,1318,0.0006654805645827595,-0.0017913884242686483,0.3014533554541709,1.3505968375492156e-08,0.3014533419482025,0
3543,1302,0.0,-0.0017916666666666667,0.3015505728453923,2.1460700857017973e-08,0.3015505513846914,0
1419,579,0.0005201250000000004,5.999999999999999e-05,0.30196194079516436,8.026380258345251e-09,0.3019619327687841,0
602,265,0.0005576250000000006,-1.5000000000000005e-05,0.30199327283421745,1.864598290063078e-09,0.30199327096961914,0
4204,1408,0.0003352491194219976,-0.001709268843234495,0.3022445207496494,2.90809048727778e-08,0.30224449166874456,0
3988,1387,0.0015029018387132948,-0.0017473203703996317,0.3027124585970767,2.180477085144828e-08,0.3027124367923058,0
1440,584,0.0005576250000000006,5.999999999999999e-05,0.3028909007085652,2.5107790089522015e-09,0.3028908981977862,0
126,65,0.0004976250000000005,-6e-05,0.3038184846346802,1.2501529383512628e-08,0.30381847213315083,0
3794,1365,0.0005858232018222758,-0.001752429859975062,0.30397199594244023,1.2900585714593919e-08,0.3039719830418545,0
3377,1282,0.0012103756595647091,-0.0018311249926090982,0.304477460875104,2.8048161649195223e-08,0.3044774328269424,0
1234,516,0.0005276250000000005,4.499999999999999e-05,0.30450115449638304,4.7842882423446354e-09,0.3045011497120948,0
2899,814,0.0003936986217093507,-0.00020074193779418825,0.30508128212697255,4.798547018335494e-09,0.30508127732842555,0
1727,626,0.0003182359224899663,8.734215880635978e-05,0.30570274992006424,7.3320827800480875e-09,0.30570274258798147,0
2923,819,0.0004300110729119618,-0.00019113181933992998,0.30606801880447926,1.4421775978352106e-08,0.30606800438270326,0
1966,653,0.0004722256574286747,8.43321106094867e-05,0.3061071821504482,3.914059212363414e-08,0.3061071430098561,0
511,227,0.0005163750000000004,-2.2500000000000005e-05,0.30654457388462025,5.053931108360162e-09,0.30654456883068915,0
3305,1281,0.0011683063225345087,-0.001835821235010951,0.30658582911643256,3.04051247806275e-08,0.30658579871130776,0
1436,582,0.0005426250000000006,5.999999999999999e-05,0.3066253551659193,4.084720561261821e-09,0.30662535108119876,0
2651,741,0.00046393938099558276,0.00017501293601540074,0.3068158803212154,1.4255057133079984e-08,0.30681586606615824,0
2694,750,0.00040109332316923805,0.00019935962852439364,0.30694273632207053,1.943750454569452e-08,0.306942716884566,0
696,297,0.0005613750000000006,-7.500000000000006e-06,0.3069564126466385,1.6263897094428932e-09,0.3069564110202488,0
3961,1386,0.001455283505559255,-0.001747823274873921,0.3071726317236258,3.250126316178113e-08,0.3071725992223626,0
1248,521,0.0005651250000000005,4.499999999999999e-05,0.3072643382086744,1.628995198996646e-09,0.30726433657967916,0
1610,615,0.00039834594430604073,8.889589096520433e-05,0.308556052363519,5.404606383178633e-07,0.3085555119028807,0
3814,1366,0.000626945333864304,-0.0017488310248700133,0.3089058953042523,5.823364972043562e-09,0.3089058894808873,0
1831,639,0.00036187734641326974,-9.679548773400577e-05,0.30912871977496387,3.276111116059559e-07,0.30912839216385224,0
2410,710,0.0004269006467537924,-0.00012341315379275108,0.30928677595536425,8.35969419845021e-08,0.30928669235842227,0
3398,1299,0.0019146927158673187,-0.0018343109948123562,0.3101544330875883,1.5975082076411483e-08,0.3101544171125062,0
1466,594,0.0003486961444771855,-4.4637915982671575e-05,0.31032332554254916,5.494759238390881e-06,0.31031783078331077,0
2427,712,0.0004397448455128243,-0.00011553035393040541,0.31040824875309114,9.706519894408578e-08,0.3104081516878922,0
1246,519,0.0005501250000000005,4.499999999999999e-05,0.3109381070096589,2.824955700280692e-09,0.3109381041847032,0
3193,1279,0.0010853696574508723,-0.0018348853894366581,0.31099000724935777,2.731603399001012e-09,0.3109900045177544,0
2867,809,0.0003562386043614697,-0.0002035160303202824,0.3113021785173683,2.7376551071689497e-09,0.3113021757797132,0
1204,499,0.00040012500000000014,4.499999999999999e-05,0.31162705602616586,3.568852377303381e-06,0.31162348717378857,0
4041,1406,0.0002528682826605001,-0.0017101146573470373,0.3117603342740277,2.8236642550380505e-09,0.31176033145036347,0
1454,592,0.00035619747382519424,4.588966645821942e-05,0.3117888549379719,1.0641371672852775e-05,0.3117782135662991,0
157,69,0.0005276250000000005,-6e-05,0.3122672077901527,5.2240580191155885e-09,0.3122672025660947,0
358,160,0.0004938750000000003,-3.7500000000000003e-05,0.31259022512348206,1.1738921890486358e-08,0.31259021338456017,0
2831,804,0.00031890667683076194,-0.0001993596285243936,0.3130648804408683,1.2419263853748193e-09,0.3130648791989419,0
4193,1408,0.0003352491194219976,-0.001709268843234495,0.3136391841115001,2.90809048727778e-08,0.31363915503059525,0
2329,705,0.0003917622054501175,-0.00013673940679297052,0.31394023006064375,3.669571335376032e-08,0.3139401933649304,0
2441,714,0.0004516700070720543,-0.00010631609882119671,0.31438940156615086,8.836640397662698e-08,0.3143893131997469,0
2999,827,0.0004826667542215086,-0.00016243703427247025,0.31524103267193426,1.977978557610221e-08,0.3152410128921487,0
2709,751,0.00039369862170935083,0.00020074193779418822,0.31598435836522687,8.718542757268554e-09,0.3159843496466841,0
211,92,0.0004638750000000003,-5.25e-05,0.3164204718496059,4.3758852310802515e-08,0.3164204280907536,0
368,165,0.0005313750000000005,-3.7500000000000003e-05,0.31662948192717266,4.098060721273306e-09,0.31662947782911194,0
1062,442,0.0004526250000000003,2.999999999999999e-05,0.3172860779648562,6.878857111995215e-08,0.3172860091762851,0
3247,1280,0.0011235544737104631,-0.0018311701190403204,0.3174865847408105,1.3513546574396908e-08,0.3174865712272639,0
1553,607,0.00035809336779726213,-6.674083465604075e-05,0.31770423344575327,7.604467373998765e-07,0.31770347299901586,0
2888,813,0.0003862578919856825,-0.00020185005772340985,0.3179398732674194,7.313125004791687e-09,0.3179398659542944,0
1874,643,0.0003913418780168542,-9.160009583835658e-05,0.3179999115081652,4.3674982910749494e-07,0.3179994747583361,0
975,410,0.0004563750000000003,2.249999999999999e-05,0.31835989180080015,5.180286644864282e-08,0.3183598399979337,0
1967,654,0.0004675372061441989,9.023443001343238e-05,0.31875279093874764,2.3127509418066948e-08,0.31875276781123824,0
1137,474,0.0004563750000000003,3.749999999999999e-05,0.31937653511501274,5.839605355892661e-08,0.3193764767189592,0
131,66,0.0005051250000000004,-6e-05,0.31944844695268587,1.1768282317559068e-08,0.3194484351844036,0
2081,663,0.00041328543661888856,0.00012987365132883328,0.3197200424397522,4.804138748825676e-08,0.31971999439836474,0
1730,626,0.0003182359224899663,8.734215880635978e-05,0.3200092893983967,7.3320827800480875e-09,0.3200092820663139,0
455,203,0.0005726250000000007,-3.0000000000000004e-05,0.3202896499000407,1.1820129686424394e-09,0.32028964871802773,0
4278,1410,0.0004191076616030197,-0.0017055678807356095,0.3205981761648078,6.347297876509247e-09,0.32059816981750994,0
3539,1302,0.0,-0.0017916666666666667,0.3212956820509027,2.1460700857017973e-08,0.3212956605902018,0
3745,1364,0.0005435187833675847,-0.0017471359451393734,0.3216013124511442,9.259807926297897e-08,0.32160121985306495,0
544,247,0.0004226250000000002,-1.5000000000000005e-05,0.3216604411907064,6.993086846589483e-07,0.32165974188202173,0
3365,1282,0.0012103756595647091,-0.0018311249926090982,0.32223618188029196,2.8048161649195223e-08,0.32223615383213033,0
175,74,0.0005651250000000005,-6e-05,0.32225002959288657,1.884423021918988e-09,0.32225002770846356,0
3271,1280,0.0011235544737104631,-0.0018311701190403204,0.3222732782008699,1.3513546574396908e-08,0.3222732646873233,0
1394,572,0.0004676250000000003,5.999999999999999e-05,0.32282292421928416,4.512235952656635e-08,0.32282287909692464,0
4240,1409,0.0003752823907658263,-0.0017092114270423236,0.3230189463453131,3.208013893465805e-08,0.32301891426517415,0
3185,1279,0.0010853696574508723,-0.0018348853894366581,0.32342326782939923,2.731603399001012e-09,0.32342326509779584,0
1867,643,0.0003913418780168542,-9.160009583835658e-05,0.3234353132041651,4.3674982910749494e-07,0.323434876454336,0
785,335,0.0003738750000000001,7.4999999999999926e-06,0.3293551262163888,0.005883496884753185,0.3234716293316356,0
3216,1280,0.0011235544737104631,-0.0018311701190403204,0.32379847937499406,1.3513546574396908e-08,0.3237984658614475,0
2274,700,0.0003543474732555907,-0.00014026600445778972,0.32390369704824823,1.291702848647408e-08,0.3239036841312197,0
2320,704,0.000384376705615542,-0.00013824716737959644,0.32392803642028367,2.7173621889311787e-08,0.32392800924666176,0
1493,598,0.0003580933677972622,6.674083465604075e-05,0.3240081776762463,8.338570177774644e-07,0.3240073438192285,0
1936,648,0.00042365707097667893,-7.294291048408706e-05,0.3241642103776075,1.44746253469961e-07,0.324164065631354,0
1401,572,0.0004676250000000003,5.999999999999999e-05,0.3250114716921681,4.512235952656635e-08,0.3250114265698086,0
1288,537,0.00044887500000000027,5.249999999999999e-05,0.32506986952154454,9.421283811638753e-08,0.3250697753087064,0
3985,1387,0.0015029018387132948,-0.0017473203703996317,0.32517888758715713,2.180477085144828e-08,0.32517886578238625,0
2063,661,0.0004269006467537924,0.00012341315379275108,0.3254736828433088,4.463506753824434e-08,0.32547363820824127,0
3172,1279,0.0010853696574508723,-0.0018348853894366581,0.3263294195349301,2.731603399001012e-09,0.3263294168033267,0
1871,643,0.0003913418780168542,-9.160009583835658e-05,0.3264395053933198,4.3674982910749494e-07,0.3264390686434907,0
850,357,0.0005388750000000004,7.4999999999999926e-06,0.3265617418639013,2.8555251119060035e-09,0.3265617390083762,0
733,315,0.0004601250000000003,-6.776263578034403e-21,0.3265866988669975,3.781305958944042e-08,0.3265866610539379,0
3373,1282,0.0012103756595647091,-0.0018311249926090982,0.327967317324058,2.8048161649195223e-08,0.32796728927589636,0
3130,1256,0.00012691196507293,-0.0018305646115425647,0.3280596488527823,3.2245341414056467e-09,0.3280596456282482,0
1813,638,0.0003543707844675283,-9.664989812570138e-05,0.3283698353270965,9.977164192353979e-08,0.32836973555545457,0
3856,1383,0.0013348570556488925,-0.0017524623557613741,0.32839290074547917,1.63302481798422e-08,0.328392884415231,0
3092,839,0.0005405034812376771,-9.408196402900622e-05,0.3292131598746574,3.984490126884458e-09,0.32921315589016725,0
2548,726,0.0005405034812376771,9.40819640290061e-05,0.329254771058285,3.4190466697932333e-09,0.32925476763923833,0
4232,1408,0.0003352491194219976,-0.001709268843234495,0.32936446862076046,2.90809048727778e-08,0.3293644395398556,0
3578,1315,0.0005446477052616283,-0.0017885884216789338,0.3295948478811182,9.821408908870207e-07,0.3295938657402273,0
3499,1301,0.002,-0.0018333333333333333,0.32969122512927407,3.6044118441876554e-08,0.3296911890851556,0
3082,839,0.0005405034812376771,-9.408196402900622e-05,0.3298248848990561,3.984490126884458e-09,0.32982488091456597,0
459,207,0.00036637500000000006,-2.2500000000000005e-05,0.33575783575096724,0.005804400723165455,0.3299534350278018,0
3627,1318,0.0006654805645827595,-0.0017913884242686483,0.3301637680575267,1.3505968375492156e-08,0.3301637545515583,0
1096,456,0.0005576250000000006,2.999999999999999e-05,0.3301781779552133,1.9756956081817046e-09,0.3301781759795177,0
1461,593,0.0003486961444771855,4.4637915982671575e-05,0.33091955755429575,5.715416692710188e-06,0.33091384213760305,0
4268,1409,0.0003752823907658263,-0.0017092114270423236,0.33104926817731917,3.208013893465805e-08,0.33104923609718023,0
744,317,0.00047512500000000034,-6.776263578034403e-21,0.33167071821759847,1.8126372711362296e-08,0.33167070009122573,0
4254,1409,0.0003752823907658263,-0.0017092114270423236,0.33251489439947884,3.208013893465805e-08,0.3325148623193399,0
1160,481,0.0005088750000000003,3.749999999999999e-05,0.33388435071401923,7.211410989744806e-09,0.33388434350260826,0
421,190,0.00047512500000000034,-3.0000000000000004e-05,0.33407543599763734,2.1927796623020626e-08,0.3340754140698407,0
2075,663,0.00041328543661888856,0.00012987365132883328,0.33488348587145356,4.804138748825676e-08,0.3348834378300661,0
4263,1409,0.0003752823907658263,-0.0017092114270423236,0.33490674776557267,3.208013893465805e-08,0.33490671568543373,0
2492,717,0.00046753720614419884,-9.023443001343242e-05,0.33525963286874944,2.3675745995681973e-08,0.33525960919300346,0
1126,471,0.00043387500000000023,3.749999999999999e-05,0.3355836719803574,2.6497442953261527e-07,0.33558340700592787,0
766,324,0.0005276250000000005,-6.776263578034403e-21,0.3356718704020459,3.55764588027017e-09,0.3356718668444,0
2449,714,0.0004516700070720543,-0.00010631609882119671,0.3360805740010673,8.836640397662698e-08,0.3360804856346633,0
1907,645,0.0004051193935742176,-8.56570557439043e-05,0.33641572426812616,3.442248684343402e-07,0.3364153800432577,0
3228,1280,0.0011235544737104631,-0.0018311701190403204,0.33653691762625826,1.3513546574396908e-08,0.3365369041127117,0
749,318,0.00048262500000000036,-6.776263578034403e-21,0.33679304518837677,1.3306221216520712e-08,0.33679303188215554,0
1004,420,0.0005313750000000005,2.249999999999999e-05,0.3373410863361663,3.5770345577121454e-09,0.3373410827591317,0
3143,1257,0.00016780204431158984,-0.001832047585117765,0.3374756337778345,5.94799990830093e-09,0.3374756278298346,0
1527,603,0.00032884152669234064,-5.9051873789722924e-05,0.3382430366914792,1.3793106978125105e-08,0.3382430228983722,0
3248,1280,0.0011235544737104631,-0.0018311701190403204,0.3382431238139109,1.3513546574396908e-08,0.33824311030036436,0
703,305,0.0003851250000000001,-6.776263578034403e-21,0.33878439075096817,0.000327015101038348,0.33845737564992984,0
3881,1384,0.0013738430140100327,-0.001747035302962676,0.3386117568000519,7.187926468036283e-08,0.3386116849207872,0
2277,700,0.0003543474732555907,-0.00014026600445778972,0.33898494619269276,1.291702848647408e-08,0.33898493327566426,0
1681,621,0.00035437078446752833,9.664989812570138e-05,0.33912766217941714,1.2562936241729608e-07,0.33912753655005473,0
2784,759,0.0003337421080143174,0.00020185005772340985,0.33922093204777193,1.5158672724721197e-09,0.33922093053190466,0
1208,500,0.00040762500000000016,4.499999999999999e-05,0.33944542299747366,1.8452922011188172e-06,0.33944357770527256,0
572,256,0.0004901250000000003,-1.5000000000000005e-05,0.3400766069460044,1.0612149068730967e-08,0.34007659633385534,0
3695,1362,0.00045742028878796543,-0.001747449068702735,0.34072606807817085,8.64009075800238e-07,0.34072520406909507,0
1794,634,0.0003251298648407288,-9.031591525967964e-05,0.34079266653445084,5.589535660989452e-09,0.34079266094491517,0
4194,1408,0.0003352491194219976,-0.001709268843234495,0.34103227656464,2.90809048727778e-08,0.3410322474837352,0
1306,544,0.0005013750000000004,5.249999999999999e-05,0.3415313848997992,1.1091906580631952e-08,0.3415313738078926,0
3644,1318,0.0006654805645827595,-0.0017913884242686483,0.3420448374075251,1.3505968375492156e-08,0.3420448239015567,0
503,223,0.00048637500000000037,-2.2500000000000005e-05,0.3424049635384684,1.2943416680161535e-08,0.3424049505950517,0
3041,835,0.0005246760455161772,-0.00011964415041124925,0.3426678566165976,1.1870192673199509e-08,0.34266784474640494,0
614,274,0.0003888750000000001,-7.500000000000006e-06,0.3428288699512155,0.00014246235005139953,0.3426864076011641,0
469,211,0.00039637500000000013,-2.2500000000000005e-05,0.3431109377814409,1.877865369113425e-05,0.34309215912774976,0
321,147,0.00039637500000000013,-3.7500000000000003e-05,0.34312660058361155,7.519600386518392e-06,0.343119080983225,0
3937,1386,0.001455283505559255,-0.001747823274873921,0.3440721287493233,3.250126316178113e-08,0.3440720962480601,0
233,101,0.0005313750000000005,-5.25e-05,0.34466312472381494,4.750184491507251e-09,0.34466311997363047,0
2939,821,0.000443935452749889,-0.00018543937679507772,0.3448342696650697,1.3244627142096203e-08,0.3448342564204426,0
3857,1383,0.0013348570556488925,-0.0017524623557613741,0.34530067840449574,1.63302481798422e-08,0.3453006620742476,0
745,317,0.00047512500000000034,-6.776263578034403e-21,0.34540413301125156,1.8126372711362296e-08,0.3454041148848788,0
4040,1406,0.0002528682826605001,-0.0017101146573470373,0.34551029763815916,2.8236642550380505e-09,0.3455102948144949,0
199,87,0.0004263750000000002,-5.25e-05,0.3455146567416451,4.295876271933208e-07,0.3455142271540179,0
1061,442,0.0004526250000000003,2.999999999999999e-05,0.3459053154666102,6.878857111995215e-08,0.34590524667803907,0
839,354,0.0005163750000000004,7.4999999999999926e-06,0.3461739781347562,4.670719666266777e-09,0.34617397346403656,0
3594,1316,0.0005843082459749532,-0.0017931415468221683,0.34701004044492495,1.6759312591280528e-07,0.347009872851799,0
4192,1408,0.0003352491194219976,-0.001709268843234495,0.3470662173795103,2.90809048727778e-08,0.34706618829860547,0
1369,565,0.0004151250000000002,5.999999999999999e-05,0.3472498805259703,5.37438421350258e-07,0.3472493430875489,0
1968,654,0.0004675372061441989,9.023443001343238e-05,0.34732010577743755,2.3127509418066948e-08,0.34732008264992814,0
773,326,0.0005426250000000006,-6.776263578034403e-21,0.3486149718728564,2.63170536713616e-09,0.34861496924115104,0
1588,613,0.0004116214895004921,8.190306891057295e-05,0.349008641669874,5.761287149026529e-07,0.3490080655411591,0
2387,709,0.0004201797986555263,-0.00012682623900017403,0.3490651174761801,9.52794943683815e-08,0.3490650221966857,0
1679,621,0.00035437078446752833,9.664989812570138e-05,0.3493475101009471,1.2562936241729608e-07,0.3493473844715847,0
526,233,0.0005613750000000006,-2.2500000000000005e-05,0.3495455406370305,1.708376565504911e-09,0.349545538928654,0
2568,730,0.0005246760455161772,0.00011964415041124919,0.3497359986836349,1.1436804951437766e-08,0.34973598724682997,0
21,28,0.00033537279169846044,4.626701118018792e-05,0.3499296663999816,4.813700262333484e-06,0.34992485269971924,0
2886,812,0.00037878129714001986,-0.0002026824747535266,0.35071202553952885,7.692773178424875e-09,0.35071201784675565,0
3640,1318,0.0006654805645827595,-0.0017913884242686483,0.3508644143603546,1.3505968375492156e-08,0.3508644008543862,0
2001,657,0.00045167000707205425,0.00010631609882119674,0.35113174745324593,6.556841812759795e-08,0.3511316818848278,0
594,263,0.0005426250000000006,-1.5000000000000005e-05,0.3512314763073775,2.737706135495536e-09,0.3512314735696714,0
432,193,0.0004976250000000005,-3.0000000000000004e-05,0.3512902137201075,9.430881915640906e-09,0.3512902042892256,0
3492,1301,0.002,-0.0018333333333333333,0.35168843009727824,3.6044118441876554e-08,0.35168839405315977,0
2500,718,0.0004722256574286747,-8.433211060948672e-05,0.3517727210708677,3.98528044063868e-08,0.3517726812180633,0
2381,708,0.00041328543661888856,-0.00012987365132883328,0.3518230987836717,9.807531348419076e-08,0.3518230007083582,0
2435,713,0.000445831163023568,-0.00011108336742811969,0.3533362382306129,7.649222575895273e-08,0.3533361617383871,0
1952,650,0.00048430018651999184,6.523777047266547e-05,0.35341805289880424,1.6560339776050874e-08,0.35341803633846447,0
1646,617,0.00038414931798545055,9.375340695706516e-05,0.3535247557581111,1.7592857514829883e-07,0.35352457982953595,0
2059,661,0.0004269006467537924,0.00012341315379275108,0.35386182164857305,4.463506753824434e-08,0.3538617770135055,0
1344,561,0.0003851250000000001,5.999999999999999e-05,0.3539700771026525,2.172403207948945e-06,0.35396790469944456,0
872,370,0.0003926250000000001,1.4999999999999992e-05,0.35409781826517833,5.368082354105849e-05,0.35404413744163726,0
4120,1407,0.0002931700512453749,-0.0017084410577699741,0.354358688695867,1.2275674944536702e-08,0.3543586764201921,0
296,135,0.0005426250000000006,-4.5e-05,0.35442557078434994,3.5128835814838125e-09,0.35442556727146635,0
4302,1430,0.0012466915290819092,-0.0017102513126253656,0.35449401938171543,4.4781034284360416e-10,0.3544940189339051,0
3713,1363,0.0004980498508590125,-0.0017495891039972066,0.35747567272250524,1.303138308747088e-07,0.35747554240867435,0
1868,643,0.0003913418780168542,-9.160009583835658e-05,0.35838706480656024,4.3674982910749494e-07,0.35838662805673116,0
3359,1282,0.0012103756595647091,-0.0018311249926090982,0.35877799265934696,2.8048161649195223e-08,0.35877796461118533,0
1214,502,0.0004226250000000002,4.499999999999999e-05,0.3588736642202301,5.935463641260253e-07,0.358873070673866,0
4220,1408,0.0003352491194219976,-0.001709268843234495,0.358964339851341,2.90809048727778e-08,0.35896431077043617,0
2289,700,0.0003543474732555907,-0.00014026600445778972,0.3594651560779661,1.291702848647408e-08,0.3594651431609376,0
1087,451,0.0005201250000000004,2.999999999999999e-05,0.35947059202863546,4.914706141629065e-09,0.3594705871139293,0
2862,809,0.0003562386043614697,-0.0002035160303202824,0.3595791633725612,2.7376551071689497e-09,0.3595791606349061,0
4053,1406,0.0002528682826605001,-0.0017101146573470373,0.36004783633913223,2.8236642550380505e-09,0.360047833515468,0
491,220,0.0004638750000000003,-2.2500000000000005e-05,0.36028832295512203,3.4534587390526124e-08,0.3602882884205346,0
3089,839,0.0005405034812376771,-9.408196402900622e-05,0.3608781188373004,3.984490126884458e-09,0.3608781148528103,0
3622,1317,0.0006264091269581266,-0.001793554870120426,0.36201329977347885,7.340702519687142e-08,0.36201322636645367,0
2983,826,0.00047658068823323103,-0.00016685882004120089,0.36209975513981524,1.501028608746256e-08,0.36209974012952917,0
2348,705,0.0003917622054501175,-0.00013673940679297052,0.3624879768496047,3.669571335376032e-08,0.36248794015389135,0
870,369,0.0003851250000000001,1.4999999999999992e-05,0.36308738847071437,0.00023963558887030653,0.36284775288184407,0
4137,1407,0.0002931700512453749,-0.0017084410577699741,0.3629537172408083,1.2275674944536702e-08,0.3629537049651334,0
3910,1385,0.0014197734752504174,-0.0017467174082457623,0.3633303068618786,1.6766268000891533e-07,0.3633301391991986,0
69,52,0.00040012500000000014,-6e-05,0.3635313077209852,1.1045510481293354e-06,0.36353020316993706,0
461,209,0.0003813750000000001,-2.2500000000000005e-05,0.3640935906162504,0.0003034166671051728,0.36379017394914526,0
2707,751,0.00039369862170935083,0.00020074193779418822,0.36380272409994335,8.718542757268554e-09,0.3638027153814006,0
4315,1431,0.0012933998027881317,-0.001710610546743135,0.3643268025133169,3.603961414914697e-09,0.3643267989093555,0
2798,762,0.0003115681039073707,0.00019770501798221614,0.36457887086313057,8.454143642207108e-10,0.3645788700177162,0
3782,1365,0.0005858232018222758,-0.001752429859975062,0.36511736066442896,1.2900585714593919e-08,0.36511734776384325,0
2814,802,0.0003042956831283605,-0.00019578036616662979,0.3657132186030456,5.142559973308471e-10,0.36571321808878965,0
4191,1408,0.0003352491194219976,-0.001709268843234495,0.365872523468217,2.90809048727778e-08,0.3658724943873122,0
2540,726,0.0005405034812376771,9.40819640290061e-05,0.3663893419862023,3.4190466697932333e-09,0.36638933856715566,0
281,128,0.0004901250000000003,-4.5e-05,0.36662953940631854,1.4798547438179966e-08,0.3666295246077711,0
1756,631,0.00030524151040733455,-7.983983149249142e-05,0.3666529053640273,6.597063191153155e-14,0.36665290536396133,0
2145,671,0.0003543474732555907,0.00014026600445778972,0.36701386123784346,1.538209714277646e-08,0.3670138458557463,0
1239,518,0.0005426250000000006,4.499999999999999e-05,0.36905638864429935,3.451078099567779e-09,0.36905638519322126,0
3987,1387,0.0015029018387132948,-0.0017473203703996317,0.369154269150295,2.180477085144828e-08,0.3691542473455241,0
3920,1386,0.001455283505559255,-0.001747823274873921,0.3691845420508926,3.250126316178113e-08,0.3691845095496294,0
3834,1383,0.0013348570556488925,-0.0017524623557613741,0.36922890169199896,1.63302481798422e-08,0.3692288853617508,0
979,412,0.00047137500000000033,2.249999999999999e-05,0.3701443073643019,2.4032073376284374e-08,0.37014428333222854,0
2304,702,0.0003694163498441071,-0.00014006368344707463,0.3704421117313666,4.652621142187619e-08,0.37044206520515516,0
1937,648,0.00042365707097667893,-7.294291048408706e-05,0.3706128530360522,1.44746253469961e-07,0.3706127082897987,0
2924,819,0.0004300110729119618,-0.00019113181933992998,0.37118340998906524,1.4421775978352106e-08,0.37118339556728924,0
3513,1302,0.0,-0.0017916666666666667,0.3714096012269771,2.1460700857017973e-08,0.3714095797662762,0
1992,656,0.00045724454275937975,0.00010124229337914131,0.3721604420683703,5.753863463503627e-08,0.37216038452973565,0
2550,726,0.0005405034812376771,9.40819640290061e-05,0.37298919460781416,3.4190466697932333e-09,0.3729891911887675,0
2094,665,0.0003990561266240436,0.00013483739109859555,0.37335030628216903,1.1517645074678549e-07,0.37335019110571827,0
2934,820,0.000437025866865426,-0.00018841427368462648,0.3738041599107679,1.4666830352625784e-08,0.3738041452439375,0
4012,1387,0.0015029018387132948,-0.0017473203703996317,0.37415809926042526,2.180477085144828e-08,0.3741580774556544,0
2102,666,0.0003917622054501175,0.00013673940679297052,0.3744695013074158,4.235101707239463e-08,0.3744694589563987,0
2213,678,0.0003032469244494645,0.00012839622845202327,0.3744725228055338,1.91534661762075e-09,0.3744725208901872,0
4091,1406,0.0002528682826605001,-0.0017101146573470373,0.3745856781885847,2.8236642550380505e-09,0.37458567536492043,0
3267,1280,0.0011235544737104631,-0.0018311701190403204,0.374919860308784,1.3513546574396908e-08,0.37491984679523743,0
177,74,0.0005651250000000005,-6e-05,0.3755299518685756,1.884423021918988e-09,0.37552994998415257,0
4326,1431,0.0012933998027881317,-0.001710610546743135,0.3758466416010728,3.603961414914697e-09,0.3758466379971114,0
2011,658,0.000445831163023568,0.00011108336742811969,0.3759451014727142,6.94013994249836e-08,0.3759450320713148,0
3112,842,0.0005498054557068993,-7.353102527757903e-05,0.376050666490417,2.8923715216076588e-09,0.3760506635980455,0
4051,1406,0.0002528682826605001,-0.0017101146573470373,0.3777517307073101,2.8236642550380505e-09,0.37775172788364586,0
3540,1302,0.0,-0.0017916666666666667,0.3782736730091762,2.1460700857017973e-08,0.3782736515484753,0
2039,661,0.0004269006467537924,0.00012341315379275108,0.3783966537092599,4.463506753824434e-08,0.37839660907419237,0
1404,573,0.00047512500000000034,5.999999999999999e-05,0.3791233372382625,2.9704763685970672e-08,0.3791233075334988,0
4287,1410,0.0004191076616030197,-0.0017055678807356095,0.3791636313458496,6.347297876509247e-09,0.3791636249985518,0
3446,1301,0.002,-0.0018333333333333333,0.379240391247914,3.6044118441876554e-08,0.3792403552037955,0
765,324,0.0005276250000000005,-6.776263578034403e-21,0.37953460523073956,3.55764588027017e-09,0.37953460167309366,0
1136,473,0.00044887500000000027,3.749999999999999e-05,0.3798918082432302,9.217581943895485e-08,0.3798917160674108,0
623,276,0.00040387500000000015,-7.500000000000006e-06,0.3803875224361579,9.096035243466796e-06,0.38037842640091446,0
2460,715,0.0004572445427593797,-0.00010124229337914132,0.3807098219654747,4.701360432799871e-08,0.38070977495187036,0
1611,615,0.00039834594430604073,8.889589096520433e-05,0.3815271352580064,5.404606383178633e-07,0.3815265947973681,0
1317,550,0.0005463750000000005,5.249999999999999e-05,0.38173128928071187,3.3505673422218047e-09,0.38173128593014455,0
3564,1303,3.915017100512667e-05,-0.0017885611458615834,0.3819656342626562,3.2816617002613603e-09,0.38196563098099445,0
4332,1432,0.001331330508901036,-0.0017097630929053104,0.3824062771143481,5.977987489325365e-09,0.3824062711363606,0
2444,714,0.0004516700070720543,-0.00010631609882119671,0.3826038318328566,8.836640397662698e-08,0.38260374346645265,0
3157,1279,0.0010853696574508723,-0.0018348853894366581,0.38292212897515515,2.731603399001012e-09,0.38292212624355176,0
1195,496,0.0003776250000000001,4.499999999999999e-05,0.3832732860430665,3.3348783103194805e-05,0.3832399372599633,0
2723,752,0.0003862578919856826,0.00020185005772340985,0.3840402026804908,5.957104811766834e-09,0.384040196723386,0
1598,614,0.00040511939357421766,8.565705574390428e-05,0.3847334308272231,4.2811746482642523e-07,0.3847330027097583,0
2180,676,0.0003173378387221443,0.00013374020734338335,0.38478542356782647,1.2535618619664699e-09,0.3847854223142646,0
3233,1280,0.0011235544737104631,-0.0018311701190403204,0.38494310315020336,1.3513546574396908e-08,0.3849430896366568,0
3998,1387,0.0015029018387132948,-0.0017473203703996317,0.3851021414665076,2.180477085144828e-08,0.38510211966173674,0
223,97,0.0005013750000000004,-5.25e-05,0.3855447957055688,1.1091218946020021e-08,0.3855447846143499,0
2649,740,0.0004703353870478569,0.00017105269673254288,0.38574399048956565,1.4991593797349114e-08,0.38574397549797185,0
229,100,0.0005238750000000004,-5.25e-05,0.3861787755001886,5.436459248512044e-09,0.38617877006372936,0
1247,520,0.0005576250000000006,4.499999999999999e-05,0.38623231592539176,2.1735558520839244e-09,0.3862323137518359,0
3122,1255,8.021387565745436e-05,-0.0018312838481263913,0.38623400109255424,9.498567254074446e-10,0.3862340001426975,0
1841,641,0.0003768115211141669,-9.534287405489409e-05,0.386276570433025,1.9471265255993482e-07,0.38627637572037243,0
1592,614,0.00040511939357421766,8.565705574390428e-05,0.3863621526364099,4.2811746482642523e-07,0.38636172451894507,0
2626,738,0.0004826667542215086,0.0001624370342724702,0.38640818751825423,1.8040843202637752e-08,0.386408169477411,0
3053,837,0.0005330623666938131,-0.0001071556808051344,0.38642134175874965,6.988737771910894e-09,0.3864213347700119,0
2582,733,0.0005104258463483998,0.0001371312781419443,0.38694803005642936,1.1154246138679001e-08,0.3869480189021832,0
4122,1407,0.0002931700512453749,-0.0017084410577699741,0.3869842672360964,1.2275674944536702e-08,0.3869842549604215,0
2819,802,0.0003042956831283605,-0.00019578036616662979,0.38727198889133685,5.142559973308471e-10,0.3872719883770809,0
4037,1406,0.0002528682826605001,-0.0017101146573470373,0.38751119291165226,2.8236642550380505e-09,0.387511190087988,0
3873,1384,0.0013738430140100327,-0.001747035302962676,0.38789112209099247,7.187926468036283e-08,0.38789105021172776,0
518,230,0.0005388750000000004,-2.2500000000000005e-05,0.38821421996702266,3.0936338722280162e-09,0.3882142168733888,0
3568,1314,0.0004984881118846614,-0.001793090059836856,0.3889948374953534,9.180600153086182e-08,0.3889947456893519,0
376,167,0.0005463750000000005,-3.7500000000000003e-05,0.38905974171784996,2.9683215887676587e-09,0.38905973874952837,0
903,383,0.0004901250000000003,1.4999999999999992e-05,0.38921515947988855,1.0649115842523395e-08,0.3892151488307727,0
3519,1302,0.0,-0.0017916666666666667,0.389240419694222,2.1460700857017973e-08,0.38924039823352113,0
3526,1302,0.0,-0.0017916666666666667,0.38933027336834053,2.1460700857017973e-08,0.38933025190763965,0
3442,1301,0.002,-0.0018333333333333333,0.389665031981262,3.6044118441876554e-08,0.38966499593714354,0
1095,456,0.0005576250000000006,2.999999999999999e-05,0.3900044681876149,1.9756956081817046e-09,0.3900044662119193,0
1479,596,0.000373259500818198,6.543821433225156e-05,0.39025721340693725,2.4590144443267836e-06,0.3902547543924929,0
2221,693,0.00030324692444946453,-0.0001283962284520233,0.391066491715276,1.895665708906316e-09,0.3910664898196103,0
2395,709,0.0004201797986555263,-0.00012682623900017403,0.39111015219614426,9.52794943683815e-08,0.3911100569166499,0
1570,610,0.0004291181731234339,6.779062633800114e-05,0.3921452201198506,1.958264447340291e-07,0.39214502429340586,0
4009,1387,0.0015029018387132948,-0.0017473203703996317,0.39261238884041133,2.180477085144828e-08,0.39261236703564045,0
241,103,0.0005463750000000005,-5.25e-05,0.39316330444324005,3.3981107196774904e-09,0.3931633010451293,0
1747,627,0.00031159315421549485,8.384311633291435e-05,0.39372631226863153,8.779130966173827e-10,0.39372631139071845,0
483,216,0.00043387500000000023,-2.2500000000000005e-05,0.3940158840956675,2.4640169703561016e-07,0.39401563769397047,0
2312,703,0.0003769209214282374,-0.00013935632559438542,0.39422717213281927,3.4203613114510965e-08,0.39422713792920616,0
3655,1318,0.0006654805645827595,-0.0017913884242686483,0.39440637318376837,1.3505968375492156e-08,0.39440635967779997,0
2688,749,0.0004084318960926294,0.00019770501798221614,0.39455297373875786,1.856696887718319e-08,0.394552955171789,0
227,99,0.0005163750000000004,-5.25e-05,0.39543738118621546,6.771490878214668e-09,0.3954373744147246,0
2489,717,0.00046753720614419884,-9.023443001343242e-05,0.3957500994402522,2.3675745995681973e-08,0.3957500757645062,0
4182,1407,0.0002931700512453749,-0.0017084410577699741,0.39587370432927166,1.2275674944536702e-08,0.39587369205359674,0
310,143,0.00036637500000000006,-3.7500000000000003e-05,0.39713334527825744,0.0006643243141099803,0.3964690209641475,0
3268,1280,0.0011235544737104631,-0.0018311701190403204,0.39688979052499757,1.3513546574396908e-08,0.396889777011451,0
1561,608,0.0003657136775702661,-6.652313992562682e-05,0.39709624034824603,4.3863601097320254e-06,0.3970918539881363,0
3696,1362,0.00045742028878796543,-0.001747449068702735,0.39731923004523595,8.64009075800238e-07,0.39731836603616016,0
3201,1279,0.0010853696574508723,-0.0018348853894366581,0.39783614183033406,2.731603399001012e-09,0.39783613909873067,0
2849,809,0.0003562386043614697,-0.0002035160303202824,0.3982455646151382,2.7376551071689497e-09,0.3982455618774831,0
857,360,0.0005613750000000006,7.4999999999999926e-06,0.39828482170100576,1.6179274727192426e-09,0.3982848200830783,0
600,265,0.0005576250000000006,-1.5000000000000005e-05,0.3986195162497978,1.864598290063078e-09,0.3986195143851995,0
1226,510,0.00048262500000000036,4.499999999999999e-05,0.39877159925659844,1.9912175582775075e-08,0.39877157934442287,0
2768,757,0.0003487209506984081,0.00020323805190300341,0.39954031787857225,2.630770096533511e-09,0.39954031524780215,0
1759,632,0.0003115931542154948,-8.38431163329143e-05,0.39992452180028887,1.1820845718733618e-09,0.39992452061820427,0
3764,1365,0.0005858232018222758,-0.001752429859975062,0.4000012258180796,1.2900585714593919e-08,0.4000012129174939,0
1196,497,0.0003851250000000001,4.499999999999999e-05,0.4010607658656832,1.5220547108274576e-05,0.4010455453185749,0
2528,724,0.0005469587483604977,8.049440419030242e-05,0.4011776645162434,3.758000156475162e-09,0.4011776607582433,0
2850,809,0.0003562386043614697,-0.0002035160303202824,0.40136844946336453,2.7376551071689497e-09,0.4013684467257094,0
3372,1282,0.0012103756595647091,-0.0018311249926090982,0.40236173341021514,2.8048161649195223e-08,0.4023617053620535,0
1647,617,0.00038414931798545055,9.375340695706516e-05,0.40289469688072227,1.7592857514829883e-07,0.4028945209521471,0
1205,499,0.00040012500000000014,4.499999999999999e-05,0.4031516010043503,3.568852377303381e-06,0.40314803215197303,0
155,69,0.0005276250000000005,-6e-05,0.4032506998747815,5.2240580191155885e-09,0.4032506946507235,0
2153,671,0.0003543474732555907,0.00014026600445778972,0.40360455503068937,1.538209714277646e-08,0.4036045396485922,0
386,177,0.0003776250000000001,-3.0000000000000004e-05,0.4039317461653672,0.00019558910935499045,0.40373615705601223,0
3264,1280,0.0011235544737104631,-0.0018311701190403204,0.4048440024209856,1.3513546574396908e-08,0.40484398890743906,0
1916,646,0.00041162148950049204,-8.190306891057299e-05,0.4050621949380453,6.620231951795843e-07,0.40506153291485014,0
402,182,0.0004151250000000002,-3.0000000000000004e-05,0.4051145150318904,1.3074627365773744e-06,0.4051132075691538,0
3943,1386,0.001455283505559255,-0.001747823274873921,0.4051733212754652,3.250126316178113e-08,0.405173288774202,0
2894,814,0.0003936986217093507,-0.00020074193779418825,0.4053897426513971,4.798547018335494e-09,0.4053897378528501,0
3875,1384,0.0013738430140100327,-0.001747035302962676,0.4054514007724879,7.187926468036283e-08,0.4054513288932232,0
890,376,0.00043762500000000024,1.4999999999999992e-05,0.4065761007990219,1.771047718144346e-07,0.4065759236942501,0
3611,1317,0.0006264091269581266,-0.001793554870120426,0.40667786169865455,7.340702519687142e-08,0.40667778829162937,0
905,384,0.0004976250000000005,1.4999999999999992e-05,0.4067047402524041,8.262995308726594e-09,0.4067047319894088,0
2656,741,0.00046393938099558276,0.00017501293601540074,0.4067833885529406,1.4255057133079984e-08,0.40678337429788347,0
277,126,0.00047512500000000034,-4.5e-05,0.4068678279917309,2.596188377332599e-08,0.4068678020298471,0
3661,1318,0.0006654805645827595,-0.0017913884242686483,0.40695821432761403,1.3505968375492156e-08,0.40695820082164563,0
3194,1279,0.0010853696574508723,-0.0018348853894366581,0.40721183218712254,2.731603399001012e-09,0.40721182945551915,0
1191,495,0.00037012500000000007,4.499999999999999e-05,0.4075507085732139,0.00011730186713672703,0.4074334067060772,0
4103,1407,0.0002931700512453749,-0.0017084410577699741,0.40874400874044686,1.2275674944536702e-08,0.40874399646477194,0
270,123,0.0004526250000000003,-4.5e-05,0.4089145416322296,7.737986442645582e-08,0.4089144642523652,0
1572,610,0.0004291181731234339,6.779062633800114e-05,0.40898277477541234,1.958264447340291e-07,0.4089825789489676,0
3242,1280,0.0011235544737104631,-0.0018311701190403204,0.4090629912625166,1.3513546574396908e-08,0.40906297774897005,0
4170,1407,0.0002931700512453749,-0.0017084410577699741,0.40935028002368584,1.2275674944536702e-08,0.4093502677480109,0
1833,639,0.00036187734641326974,-9.679548773400577e-05,0.40935727928371163,3.276111116059559e-07,0.4093569516726,0
3908,1385,0.0014197734752504174,-0.0017467174082457623,0.4096373539862367,1.6766268000891533e-07,0.40963718632355667,0
3597,1316,0.0005843082459749532,-0.0017931415468221683,0.410293259557927,1.6759312591280528e-07,0.41029309196480107,0
865,368,0.0003776250000000001,1.4999999999999992e-05,0.4117679879401128,0.0014141016318871952,0.4103538863082256,0
750,319,0.0004901250000000003,-6.776263578034403e-21,0.4116782570579996,1.0078004268065222e-08,0.41167824697999533,0
1825,638,0.0003543707844675283,-9.664989812570138e-05,0.4118171821958545,9.977164192353979e-08,0.41181708242421255,0
3005,828,0.0004885852721786183,-0.00015779337905383195,0.4119036654748523,1.676550523652948e-08,0.41190364870934704,0
4205,1408,0.0003352491194219976,-0.001709268843234495,0.41204838238448926,2.90809048727778e-08,0.4120483533035844,0
4118,1407,0.0002931700512453749,-0.0017084410577699741,0.41220415777625563,1.2275674944536702e-08,0.4122041455005807,0
1812,638,0.0003543707844675283,-9.664989812570138e-05,0.4122848342308107,9.977164192353979e-08,0.41228473445916874,0
860,361,0.0005688750000000005,7.4999999999999926e-06,0.41247291245276735,1.2578257935800686e-09,0.41247291119494156,0
3870,1384,0.0013738430140100327,-0.001747035302962676,0.4126887862552205,7.187926468036283e-08,0.4126887143759558,0
249,113,0.0003776250000000001,-4.5e-05,0.412878259795673,3.417201232191759e-05,0.4128440877833511,0
834,352,0.0005013750000000004,7.4999999999999926e-06,0.41311010147922667,7.072226211861255e-09,0.41311009440700047,0
2594,734,0.0005052559082019142,0.00014259608629591745,0.4132118609106437,1.2071616999828138e-08,0.41321184883902673,0
2413,710,0.0004269006467537924,-0.00012341315379275108,0.41343372604309675,8.35969419845021e-08,0.41343364244615477,0
3010,829,0.0004943281581209461,-0.00015293419705974777,0.41348627443575325,1.4527108634839e-08,0.4134862599086446,0
3592,1316,0.0005843082459749532,-0.0017931415468221683,0.41356163817886804,1.6759312591280528e-07,0.4135614705857421,0
1672,621,0.00035437078446752833,9.664989812570138e-05,0.41430713831745236,1.2562936241729608e-07,0.41430701268808995,0
3658,1318,0.0006654805645827595,-0.0017913884242686483,0.4145575660120434,1.3505968375492156e-08,0.414557552506075,0
1447,590,0.00035617217565788145,3.152496970101228e-05,0.4149069693739861,2.664146419086361e-05,0.41488032790979523,0
3860,1383,0.0013348570556488925,-0.0017524623557613741,0.4151896288170234,1.63302481798422e-08,0.4151896124867753,0
3370,1282,0.0012103756595647091,-0.0018311249926090982,0.4154408614346962,2.8048161649195223e-08,0.4154408333865346,0
3654,1318,0.0006654805645827595,-0.0017913884242686483,0.415538428416168,1.3505968375492156e-08,0.4155384149101996,0
2092,665,0.0003990561266240436,0.00013483739109859555,0.41570909676630513,1.1517645074678549e-07,0.41570898158985436,0
2392,709,0.0004201797986555263,-0.00012682623900017403,0.4158992611847633,9.52794943683815e-08,0.41589916590526893,0
436,194,0.0005051250000000004,-3.0000000000000004e-05,0.41630733043768553,7.404890961662233e-09,0.41630732303279455,0
286,130,0.0005051250000000004,-4.5e-05,0.41658561989757514,8.920529432956444e-09,0.4165856109770457,0
1891,644,0.00039834594430604073,-8.889589096520435e-05,0.41881802797581297,3.44733742335527e-07,0.41881768324207064,0
391,179,0.0003926250000000001,-3.0000000000000004e-05,0.4188810713417165,1.9721553177643056e-05,0.41886134978853884,0
3501,1301,0.002,-0.0018333333333333333,0.4191118608095888,3.6044118441876554e-08,0.4191118247654703,0
2967,824,0.00046393938099558276,-0.00017501293601540074,0.41978501661226353,1.395304283595456e-08,0.4197850026592207,0
4286,1410,0.0004191076616030197,-0.0017055678807356095,0.419851704721375,6.347297876509247e-09,0.41985169837407715,0
3561,1302,0.0,-0.0017916666666666667,0.420779216466995,2.1460700857017973e-08,0.4207791950062941,0
2249,695,0.0003173378387221443,-0.00013374020734338335,0.42114414256562627,1.210188274086831e-09,0.421144141355438,0
2518,721,0.0004843001865199919,-6.523777047266544e-05,0.4213230908687316,1.6923775858866647e-08,0.4213230739449557,0
1134,473,0.00044887500000000027,3.749999999999999e-05,0.4213888673408725,9.217581943895485e-08,0.4213887751650531,0
2246,695,0.0003173378387221443,-0.00013374020734338335,0.4215126780217159,1.210188274086831e-09,0.4215126768115276,0
8,18,0.00033537279169846044,-4.626701118018792e-05,0.42237047251996807,4.46391735410806e-06,0.422366008602614,0
1991,655,0.00046253869725606817,9.587658019650754e-05,0.4227752537149465,5.016978233858687e-08,0.4227752035451642,0
3768,1365,0.0005858232018222758,-0.001752429859975062,0.4231143886734384,1.2900585714593919e-08,0.4231143757728527,0
476,214,0.0004188750000000002,-2.2500000000000005e-05,0.42360619888138173,9.854296047558822e-07,0.423605213451777,0
3151,1279,0.0010853696574508723,-0.0018348853894366581,0.4241781462677077,2.731603399001012e-09,0.42417814353610434,0
3547,1302,0.0,-0.0017916666666666667,0.425183115491675,2.1460700857017973e-08,0.4251830940309741,0
1318,550,0.0005463750000000005,5.249999999999999e-05,0.4258685918402364,3.3505673422218047e-09,0.4258685884896691,0
995,416,0.0005013750000000004,2.249999999999999e-05,0.4259771964717082,7.781579743961342e-09,0.4259771886901284,0
2372,707,0.00040623743887438605,-0.0001325466043000965,0.4260989887271984,7.728247968619983e-08,0.42609891144471873,0
2259,696,0.00032457806533562933,-0.0001358373645569657,0.42671900874729707,1.0988379264459703e-08,0.4267189977589178,0
2306,703,0.0003769209214282374,-0.00013935632559438542,0.4267757931744947,3.4203613114510965e-08,0.4267757589708816,0
1469,594,0.0003486961444771855,-4.4637915982671575e-05,0.4270738954260859,5.494759238390881e-06,0.42706840066684754,0
2399,710,0.0004269006467537924,-0.00012341315379275108,0.42718673485414077,8.35969419845021e-08,0.4271866512571988,0
797,339,0.00040387500000000015,7.4999999999999926e-06,0.4277918367206331,9.099974363044701e-06,0.42778273674627004,0
1309,545,0.0005088750000000003,5.249999999999999e-05,0.4284000985245837,9.042180447563539e-09,0.42840008948240327,0
360,161,0.0005013750000000004,-3.7500000000000003e-05,0.428714549520209,9.107765526840915e-09,0.42871454041244345,0
2773,757,0.0003487209506984081,0.00020323805190300341,0.42933275759967393,2.630770096533511e-09,0.42933275496890383,0
2681,746,0.00043001107291196184,0.00019113181933992995,0.42961784761455013,1.3298051665468392e-08,0.42961783431649847,0
2702,751,0.00039369862170935083,0.00020074193779418822,0.42969252512898937,8.718542757268554e-09,0.4296925164104466,0
2686,748,0.0004157043168716395,0.00019578036616662979,0.4297254696081521,1.6601500002254204e-08,0.4297254530066521,0
2598,735,0.0004998875679570837,0.00014786612534832972,0.4303603016684057,1.2781985578946093e-08,0.43036028888642014,0
2941,821,0.000443935452749889,-0.00018543937679507772,0.4310839179442635,1.3244627142096203e-08,0.43108390469963637,0
2414,710,0.0004269006467537924,-0.00012341315379275108,0.43118539892950286,8.35969419845021e-08,0.4311853153325609,0
3039,835,0.0005246760455161772,-0.00011964415041124925,0.43141785104871383,1.1870192673199509e-08,0.43141783917852117,0
621,276,0.00040387500000000015,-7.500000000000006e-06,0.4319093299030773,9.096035243466796e-06,0.4319002338678338,0
215,94,0.00047887500000000035,-5.25e-05,0.43227330330527264,2.440636961235315e-08,0.43227327889890305,0
946,399,0.0003738750000000001,2.249999999999999e-05,0.43459420904166873,0.0018678354768697808,0.4327263735647989,0
1510,599,0.00035049791389083905,6.608846053976123e-05,0.43275894132353443,9.765684729121883e-07,0.4327579647550615,0
3625,1318,0.0006654805645827595,-0.0017913884242686483,0.4338004643471056,1.3505968375492156e-08,0.4338004508411372,0
3703,1362,0.00045742028878796543,-0.001747449068702735,0.43389153730139896,8.64009075800238e-07,0.43389067329232317,0
1576,611,0.000423657070976679,7.294291048408704e-05,0.4341486587694949,3.343528889673797e-07,0.4341483244166059,0
1957,652,0.0004765905330907351,7.818663989945569e-05,0.4343303571157793,4.0916124776755385e-08,0.4343303161996545,0
3999,1387,0.0015029018387132948,-0.0017473203703996317,0.43442180168707356,2.180477085144828e-08,0.4344217798823027,0
191,83,0.00039637500000000013,-5.25e-05,0.43531696244665796,3.541226893039106e-06,0.4353134212197649,0
1156,480,0.0005013750000000004,3.749999999999999e-05,0.43562965208745363,9.169890462085575e-09,0.4356296429175632,0
837,354,0.0005163750000000004,7.4999999999999926e-06,0.4357972678212039,4.670719666266777e-09,0.4357972631504843,0
930,389,0.0005351250000000004,1.4999999999999992e-05,0.4359895268780137,3.161649619680312e-09,0.43598952371636407,0
722,310,0.0004226250000000002,-6.776263578034403e-21,0.43603072456412256,7.232043504263997e-07,0.43603000135977216,0
4081,1406,0.0002528682826605001,-0.0017101146573470373,0.4364828811778409,2.8236642550380505e-09,0.43648287835417665,0
825,348,0.00047137500000000033,7.4999999999999926e-06,0.43672536382695415,2.173898157039657e-08,0.4367253420879726,0
856,360,0.0005613750000000006,7.4999999999999926e-06,0.4369641570796211,1.6179274727192426e-09,0.43696415546169365,0
3353,1281,0.0011683063225345087,-0.001835821235010951,0.437692339354982,3.04051247806275e-08,0.43769230894985717,0
3076,839,0.0005405034812376771,-9.408196402900622e-05,0.4377934996035438,3.984490126884458e-09,0.4377934956190537,0
4304,1430,0.0012466915290819092,-0.0017102513126253656,0.43783985861081204,4.4781034284360416e-10,0.4378398581630017,0
1045,439,0.0004301250000000002,2.999999999999999e-05,0.4378867582624196,3.43522729250625e-07,0.4378864147396903,0
649,282,0.00044887500000000027,-7.500000000000006e-06,0.43825314422488826,7.574904687384464e-08,0.4382530684758414,0
2973,826,0.00047658068823323103,-0.00016685882004120089,0.439359168599208,1.501028608746256e-08,0.4393591535889219,0
3448,1301,0.002,-0.0018333333333333333,0.4396774179733506,3.6044118441876554e-08,0.4396773819292321,0
1070,445,0.00047512500000000034,2.999999999999999e-05,0.4397799526932882,2.2043317972931335e-08,0.43977993064997023,0
2151,671,0.0003543474732555907,0.00014026600445778972,0.439925209758264,1.538209714277646e-08,0.43992519437616684,0
234,101,0.0005313750000000005,-5.25e-05,0.43994853157571445,4.750184491507251e-09,0.43994852682553,0
121,64,0.0004901250000000003,-6e-05,0.4401014775957072,1.8084391130463688e-08,0.4401014595113161,0
183,82,0.0003888750000000001,-5.25e-05,0.4407323039366605,6.703792878923332e-06,0.4407256001437816,0
3986,1387,0.0015029018387132948,-0.0017473203703996317,0.4414235723515249,2.180477085144828e-08,0.44142355054675403,0
3559,1302,0.0,-0.0017916666666666667,0.4419806251241869,2.1460700857017973e-08,0.441980603663486,0
422,190,0.00047512500000000034,-3.0000000000000004e-05,0.4424003586525727,2.1927796623020626e-08,0.4424003367247761,0
681,292,0.0005238750000000004,-7.500000000000006e-06,0.44244057413821514,3.905773378979298e-09,0.44244057023244177,0
786,336,0.0003813750000000001,7.4999999999999926e-06,0.44447586928111105,0.0007289379422381506,0.4437469313388729,0
2690,749,0.0004084318960926294,0.00019770501798221614,0.4439589759679853,1.856696887718319e-08,0.44395895740101643,0
3505,1301,0.002,-0.0018333333333333333,0.4440502983541959,3.6044118441876554e-08,0.44405026231007744,0
1701,623,0.00033950416661001666,9.461929871262797e-05,0.4441458629310969,4.618389126633074e-08,0.44414581674720566,0
3859,1383,0.0013348570556488925,-0.0017524623557613741,0.4442287235259672,1.63302481798422e-08,0.44422870719571905,0
3148,1279,0.0010853696574508723,-0.0018348853894366581,0.4447465832898797,2.731603399001012e-09,0.4447465805582763,0
3077,839,0.0005405034812376771,-9.408196402900622e-05,0.44513791227632354,3.984490126884458e-09,0.4451379082918334,0
3062,838,0.0005369037385796694,-0.00010068758598264066,0.44692229785159443,6.150848423070251e-09,0.446922291700746,0
1723,625,0.00032512986484072894,9.031591525967967e-05,0.44704629186902645,6.0560206497547175e-09,0.4470462858130058,0
385,176,0.00037012500000000007,-3.0000000000000004e-05,0.44891191364106164,0.0005469150808618265,0.4483649985601998,0
1084,450,0.0005126250000000005,2.999999999999999e-05,0.44940208268488496,5.978717350452613e-09,0.4494020767061676,0
2547,726,0.0005405034812376771,9.40819640290061e-05,0.4503150252502016,3.4190466697932333e-09,0.45031502183115496,0
1720,625,0.00032512986484072894,9.031591525967967e-05,0.4508351997807276,6.0560206497547175e-09,0.450835193724707,0
2964,824,0.00046393938099558276,-0.00017501293601540074,0.4509309529331722,1.395304283595456e-08,0.45093093898012937,0
2383,708,0.00041328543661888856,-0.00012987365132883328,0.4510815514158722,9.807531348419076e-08,0.4510814533405587,0
3094,839,0.0005405034812376771,-9.408196402900622e-05,0.45108769291858014,3.984490126884458e-09,0.45108768893409,0
1873,643,0.0003913418780168542,-9.160009583835658e-05,0.45125529779082585,4.3674982910749494e-07,0.45125486104099677,0
2873,809,0.0003562386043614697,-0.0002035160303202824,0.45150479999643317,2.7376551071689497e-09,0.45150479725877807,0
2264,697,0.00033192042255648864,-0.00013754286748407854,0.4527038445024941,8.33369438069656e-09,0.4527038361687997,0
4098,1407,0.0002931700512453749,-0.0017084410577699741,0.4534691771649971,1.2275674944536702e-08,0.45346916488932215,0
553,250,0.00044512500000000026,-1.5000000000000005e-05,0.4539387784126842,1.0115509523158407e-07,0.45393867725758896,0
1706,625,0.00032512986484072894,9.031591525967967e-05,0.4539950414108206,6.0560206497547175e-09,0.45399503535479996,0
1640,617,0.00038414931798545055,9.375340695706516e-05,0.4544352615227481,1.7592857514829883e-07,0.45443508559417295,0
2008,657,0.00045167000707205425,0.00010631609882119674,0.4545392314040119,6.556841812759795e-08,0.4545391658355938,0
3328,1281,0.0011683063225345087,-0.001835821235010951,0.4550766118330209,3.04051247806275e-08,0.4550765814278961,0
130,66,0.0005051250000000004,-6e-05,0.4555110299782036,1.1768282317559068e-08,0.4555110182099213,0
3430,1300,0.0019586220894085822,-0.0018338156596585703,0.4564935604934045,7.285132515831509e-08,0.45649348764207937,0
3913,1385,0.0014197734752504174,-0.0017467174082457623,0.45658103508818293,1.6766268000891533e-07,0.4565808674255029,0
1801,636,0.0003395041666100166,-9.461929871262795e-05,0.4569406194496468,4.003103117483332e-08,0.45694057941861566,0
2049,661,0.0004269006467537924,0.00012341315379275108,0.45748063626845126,4.463506753824434e-08,0.4574805916333837,0
4133,1407,0.0002931700512453749,-0.0017084410577699741,0.4576142362290917,1.2275674944536702e-08,0.4576142239534168,0
2896,814,0.0003936986217093507,-0.00020074193779418825,0.4576826948741605,4.798547018335494e-09,0.4576826900756135,0
2182,676,0.0003173378387221443,0.00013374020734338335,0.457839525357274,1.2535618619664699e-09,0.45783952410371215,0
190,83,0.00039637500000000013,-5.25e-05,0.4580298810574194,3.541226893039106e-06,0.4580263398305263,0
3953,1386,0.001455283505559255,-0.001747823274873921,0.45834297183199346,3.250126316178113e-08,0.4583429393307303,0
3997,1387,0.0015029018387132948,-0.0017473203703996317,0.45935034482613163,2.180477085144828e-08,0.45935032302136075,0
1255,526,0.00036637500000000006,5.249999999999999e-05,0.4598210921633315,4.19078426865044e-05,0.459779184320645,0
3307,1281,0.0011683063225345087,-0.001835821235010951,0.4601430502694544,3.04051247806275e-08,0.4601430198643296,0
1714,625,0.00032512986484072894,9.031591525967967e-05,0.46046136957775463,6.0560206497547175e-09,0.460461363521734,0
4294,1430,0.0012466915290819092,-0.0017102513126253656,0.46094042659745277,4.4781034284360416e-10,0.4609404261496424,0
4127,1407,0.0002931700512453749,-0.0017084410577699741,0.4617069188189565,1.2275674944536702e-08,0.46170690654328156,0
3303,1281,0.0011683063225345087,-0.001835821235010951,0.4624393688103465,3.04051247806275e-08,0.46243933840522167,0
853,359,0.0005538750000000004,7.4999999999999926e-06,0.46274464474570215,2.021877629010805e-09,0.46274464272382454,0
3847,1383,0.0013348570556488925,-0.0017524623557613741,0.46277581768781684,1.63302481798422e-08,0.4627758013575687,0
2533,726,0.0005405034812376771,9.40819640290061e-05,0.46299708822478225,3.4190466697932333e-09,0.4629970848057356,0
4314,1431,0.0012933998027881317,-0.001710610546743135,0.463748355634584,3.603961414914697e-09,0.4637483520306226,0
1315,549,0.0005388750000000004,5.249999999999999e-05,0.463808094190998,3.9933405577529976e-09,0.46380809019765745,0
41,47,0.00036262500000000005,-6e-05,0.46390594361495946,6.907799862686476e-06,0.4638990358150968,0
2809,802,0.0003042956831283605,-0.00019578036616662979,0.4639217289814539,5.142559973308471e-10,0.4639217284671979,0
4344,1432,0.001331330508901036,-0.0017097630929053104,0.46413002745848125,5.977987489325365e-09,0.46413002148049376,0
4161,1407,0.0002931700512453749,-0.0017084410577699741,0.4649015566746933,1.2275674944536702e-08,0.4649015443990184,0
3136,1256,0.00012691196507293,-0.0018305646115425647,0.4658967066607307,3.2245341414056467e-09,0.46589670343619655,0
3587,1315,0.0005446477052616283,-0.0017885884216789338,0.46605505697460586,9.821408908870207e-07,0.46605407483371497,0
3809,1365,0.0005858232018222758,-0.001752429859975062,0.4660731735864048,1.2900585714593919e-08,0.4660731606858191,0
4082,1406,0.0002528682826605001,-0.0017101146573470373,0.4662629883818757,2.8236642550380505e-09,0.46626298555821144,0
2244,695,0.0003173378387221443,-0.00013374020734338335,0.46721021845571964,1.210188274086831e-09,0.46721021724553136,0
1047,439,0.0004301250000000002,2.999999999999999e-05,0.467410466686559,3.43522729250625e-07,0.46741012316382974,0
4222,1408,0.0003352491194219976,-0.001709268843234495,0.4674502223117847,2.90809048727778e-08,0.46745019323087983,0
1411,576,0.0004976250000000005,5.999999999999999e-05,0.4680620055191089,1.2283459038803786e-08,0.4680619932356499,0
323,147,0.00039637500000000013,-3.7500000000000003e-05,0.46831872242375416,7.519600386518392e-06,0.46831120282336763,0
1537,606,0.00035049791389083905,-6.608846053976122e-05,0.4687124564698248,9.257240905089254e-07,0.4687115307457343,0
3990,1387,0.0015029018387132948,-0.0017473203703996317,0.4706989605642385,2.180477085144828e-08,0.4706989387594676,0
1259,527,0.0003738750000000001,5.249999999999999e-05,0.47088583238484577,2.6614511200649062e-05,0.4708592178736451,0
1124,471,0.00043387500000000023,3.749999999999999e-05,0.47139743555982166,2.6497442953261527e-07,0.47139717058539216,0
3760,1365,0.0005858232018222758,-0.001752429859975062,0.47142392174753117,1.2900585714593919e-08,0.47142390884694546,0
579,258,0.0005051250000000004,-1.5000000000000005e-05,0.47145650762199076,6.535231184549759e-09,0.47145650108675957,0
2497,718,0.0004722256574286747,-8.433211060948672e-05,0.47187265974974424,3.98528044063868e-08,0.47187261989693985,0
1132,473,0.00044887500000000027,3.749999999999999e-05,0.4719648759047049,9.217581943895485e-08,0.47196478372888545,0
791,336,0.0003813750000000001,7.4999999999999926e-06,0.4729272254895912,0.0007289379422381506,0.47219828754735305,0
1635,616,0.00039134187801685423,9.160009583835657e-05,0.472261713053081,4.310611809911413e-07,0.47226128199190004,0
91,58,0.00044512500000000026,-6e-05,0.4724398732216898,1.1757162675259048e-07,0.472439755650063,0
2952,823,0.00045740140625132584,-0.0001787341286792756,0.473265592753843,1.3182417654261962e-08,0.47326557957142534,0
3939,1386,0.001455283505559255,-0.001747823274873921,0.4737331664225035,3.250126316178113e-08,0.47373313392124033,0
1656,618,0.00037681152111416696,9.534287405489408e-05,0.47404745874812854,1.9704562837636954e-07,0.47404726170250017,0
2029,660,0.00043342860296878213,0.00011964423651476869,0.4748662574921644,1.374152746961556e-07,0.47486612007688966,0
1495,598,0.0003580933677972622,6.674083465604075e-05,0.47523079595913087,8.338570177774644e-07,0.4752299621021131,0
3042,835,0.0005246760455161772,-0.00011964415041124925,0.47541003065498777,1.1870192673199509e-08,0.4754100187847951,0
3651,1318,0.0006654805645827595,-0.0017913884242686483,0.47561845854411305,1.3505968375492156e-08,0.47561844503814465,0
2960,824,0.00046393938099558276,-0.00017501293601540074,0.47605053227083405,1.395304283595456e-08,0.4760505183177912,0
1035,435,0.00040012500000000014,2.999999999999999e-05,0.4764089904403321,7.176817873466283e-06,0.4764018136224586,0
2758,757,0.0003487209506984081,0.00020323805190300341,0.4772932319079195,2.630770096533511e-09,0.4772932292771494,0
2363,706,0.00039905612662404367,-0.00013483739109859555,0.4774497849520599,1.2436346873626324e-07,0.4774496605885912,0
1697,623,0.00033950416661001666,9.461929871262797e-05,0.4783631616256966,4.618389126633074e-08,0.4783631154418053,0
3447,1301,0.002,-0.0018333333333333333,0.4798424498496303,3.6044118441876554e-08,0.47984241380551185,0
3173,1279,0.0010853696574508723,-0.0018348853894366581,0.47992805580085834,2.731603399001012e-09,0.47992805306925496,0
1358,563,0.00040012500000000014,5.999999999999999e-05,0.47996991574483405,1.0717204071109663e-06,0.47996884402442697,0
236,102,0.0005388750000000004,-5.25e-05,0.4800203957255284,4.076059754260352e-09,0.48002039164946864,0
2261,697,0.00033192042255648864,-0.00013754286748407854,0.48045117971209594,8.33369438069656e-09,0.48045117137840154,0
3487,1301,0.002,-0.0018333333333333333,0.4804756947618269,3.6044118441876554e-08,0.4804756587177084,0
2662,744,0.00044393545274988913,0.00018543937679507767,0.48104873914754026,1.3625216594652994e-08,0.48104872552232364,0
2751,756,0.00035623860436146976,0.0002035160303202824,0.4832115052440156,2.5392780058497007e-09,0.4832115027047376,0
628,277,0.0004113750000000002,-7.500000000000006e-06,0.48358621024376575,2.912082372846733e-06,0.4835832981613929,0
2947,822,0.0004507303929021594,-0.00018221119202259622,0.4836626127561675,1.3494466317268383e-08,0.4836625992617012,0
2256,696,0.00032457806533562933,-0.0001358373645569657,0.48398746146209876,1.0988379264459703e-08,0.4839874504737195,0
2416,710,0.0004269006467537924,-0.00012341315379275108,0.48400412232802226,8.35969419845021e-08,0.4840040387310803,0
1033,434,0.0003926250000000001,2.999999999999999e-05,0.48419994597246235,1.955000564533636e-05,0.484180395966817,0
2084,664,0.0004062374388743861,0.0001325466043000965,0.4844058614223995,5.177173492806981e-08,0.48440580965066454,0
78,53,0.00040762500000000016,-6e-05,0.4851702666149784,8.045962220568645e-07,0.4851694620187564,0
578,257,0.0004976250000000005,-1.5000000000000005e-05,0.4854468294568607,8.232900044886089e-09,0.48544682122396066,0
2928,819,0.0004300110729119618,-0.00019113181933992998,0.4854877775836618,1.4421775978352106e-08,0.4854877631618858,0
4016,1387,0.0015029018387132948,-0.0017473203703996317,0.48582221084698085,2.180477085144828e-08,0.48582218904221,0
778,328,0.0005576250000000006,-6.776263578034403e-21,0.48586643021926873,1.8084152291889669e-09,0.4858664284108535,0
2023,659,0.0004397448455128243,0.00011553035393040538,0.4858822646104434,9.115557166615707e-08,0.4858821734548718,0
1793,634,0.0003251298648407288,-9.031591525967964e-05,0.4858952587145891,5.589535660989452e-09,0.48589525312505344,0
125,65,0.0004976250000000005,-6e-05,0.4858998472614605,1.2501529383512628e-08,0.48589983475993115,0
83,56,0.0004301250000000002,-6e-05,0.48594254019380956,3.5471219032600173e-07,0.4859421854816192,0
3154,1279,0.0010853696574508723,-0.0018348853894366581,0.4861656578620424,2.731603399001012e-09,0.486165655130439,0
2136,669,0.0003694163498441071,0.00014006368344707463,0.4861956656247126,4.0480842953986136e-08,0.48619562514386966,0
4063,1406,0.0002528682826605001,-0.0017101146573470373,0.4862092012587009,2.8236642550380505e-09,0.4862091984350366,0
2423,711,0.00043342860296878213,-0.00011964423651476868,0.48691616109524644,1.1291017372352702e-07,0.4869160481850727,0
2405,710,0.0004269006467537924,-0.00012341315379275108,0.4876986173426216,8.35969419845021e-08,0.4876985337456796,0
3017,831,0.0005052559082019141,-0.00014259608629591756,0.48789827406225167,1.2259935852966035e-08,0.4878982618023158,0
3441,1300,0.0019586220894085822,-0.0018338156596585703,0.4879759781492366,7.285132515831509e-08,0.48797590529791146,0
989,415,0.0004938750000000003,2.249999999999999e-05,0.4881706558944458,9.957190225016839e-09,0.48817064593725557,0
257,116,0.00040012500000000014,-4.5e-05,0.4884351873385136,3.592006066770434e-06,0.48843159533244684,0
2285,700,0.0003543474732555907,-0.00014026600445778972,0.48868631085001557,1.291702848647408e-08,0.48868629793298707,0
1542,606,0.00035049791389083905,-6.608846053976122e-05,0.48913206798778885,9.257240905089254e-07,0.48913114226369836,0
3677,1361,0.00041540645613897707,-0.0017497865928541032,0.4893334518353543,8.572315711959396e-08,0.4893333661121972,0
66,52,0.00040012500000000014,-6e-05,0.48948059074361944,1.1045510481293354e-06,0.4894794861925713,0
1684,621,0.00035437078446752833,9.664989812570138e-05,0.48979519471527194,1.2562936241729608e-07,0.48979506908590953,0
3067,839,0.0005405034812376771,-9.408196402900622e-05,0.48986151349287427,3.984490126884458e-09,0.48986150950838414,0
2288,700,0.0003543474732555907,-0.00014026600445778972,0.4899445647596964,1.291702848647408e-08,0.4899445518426679,0
4119,1407,0.0002931700512453749,-0.0017084410577699741,0.4904714948769519,1.2275674944536702e-08,0.490471482601277,0
334,150,0.0004188750000000002,-3.7500000000000003e-05,0.49068360151466484,8.309725426699295e-07,0.49068277054212217,0
2105,666,0.0003917622054501175,0.00013673940679297052,0.4908052968377156,4.235101707239463e-08,0.49080525448669854,0
2337,705,0.0003917622054501175,-0.00013673940679297052,0.49093637307439814,3.669571335376032e-08,0.4909363363786848,0
3476,1301,0.002,-0.0018333333333333333,0.49095628640321765,3.6044118441876554e-08,0.4909562503590992,0
3668,1318,0.0006654805645827595,-0.0017913884242686483,0.491494175480092,1.3505968375492156e-08,0.4914941619741236,0
2997,827,0.0004826667542215086,-0.00016243703427247025,0.4916899375939447,1.977978557610221e-08,0.4916899178141591,0
1965,653,0.0004722256574286747,8.43321106094867e-05,0.4918985417225716,3.914059212363414e-08,0.4918985025819795,0
2705,751,0.00039369862170935083,0.00020074193779418822,0.4920915093196944,8.718542757268554e-09,0.49209150060115164,0
1111,468,0.0004113750000000002,3.749999999999999e-05,0.4925548226539923,1.6259441978384376e-06,0.49255319670979447,0
3190,1279,0.0010853696574508723,-0.0018348853894366581,0.49384702193738433,2.731603399001012e-09,0.49384701920578095,0
3638,1318,0.0006654805645827595,-0.0017913884242686483,0.49389567434885767,1.3505968375492156e-08,0.4938956608428893,0
1142,476,0.00047137500000000033,3.749999999999999e-05,0.49449010340459776,2.809402790926824e-08,0.4944900753105699,0
1703,624,0.0003322335202873134,9.274650117165844e-05,0.49482247850583283,5.9113168262221504e-08,0.4948224193926646,0
2830,804,0.00031890667683076194,-0.0001993596285243936,0.4952082529845628,1.2419263853748193e-09,0.4952082517426364,0
3284,1281,0.0011683063225345087,-0.001835821235010951,0.4954516965683282,3.04051247806275e-08,0.4954516661632034,0
2319,704,0.000384376705615542,-0.00013824716737959644,0.4967849494600333,2.7173621889311787e-08,0.4967849222864114,0
2871,809,0.0003562386043614697,-0.0002035160303202824,0.49704865059586095,2.7376551071689497e-09,0.49704864785820585,0
2813,802,0.0003042956831283605,-0.00019578036616662979,0.4979410703854877,5.142559973308471e-10,0.4979410698712317,0
525,232,0.0005538750000000004,-2.2500000000000005e-05,0.4979708185552571,2.154826707636728e-09,0.4979708164004304,0
1330,559,0.00037012500000000007,5.999999999999999e-05,0.49917284108273496,1.2753990986839382e-05,0.49916008709174814,0
2692,750,0.00040109332316923805,0.00019935962852439364,0.49930820091319567,1.943750454569452e-08,0.4993081814756911,0
879,372,0.00040762500000000016,1.4999999999999992e-05,0.49935058630946466,4.467154975645392e-06,0.499346119154489,0
435,193,0.0004976250000000005,-3.0000000000000004e-05,0.49972866697517765,9.430881915640906e-09,0.49972865754429574,0
3424,1300,0.0019586220894085822,-0.0018338156596585703,0.499785683710323,7.285132515831509e-08,0.49978561085899786,0
584,260,0.0005201250000000004,-1.5000000000000005e-05,0.5000354777846584,4.391792863319052e-09,0.5000354733928656,0
3757,1365,0.0005858232018222758,-0.001752429859975062,0.5008910645420385,1.2900585714593919e-08,0.5008910516414528,0
2906,814,0.0003936986217093507,-0.00020074193779418825,0.5016757808968377,4.798547018335494e-09,0.5016757760982907,0
2506,719,0.0004765905330907351,-7.818663989945565e-05,0.5021762453617721,3.957589316877576e-08,0.502176205785879,0
3774,1365,0.0005858232018222758,-0.001752429859975062,0.5025798905805297,1.2900585714593919e-08,0.5025798776799439,0
2551,727,0.0005369037385796695,0.00010068758598264056,0.502794413019892,5.512032687955576e-09,0.5027944075078593,0
3800,1365,0.0005858232018222758,-0.001752429859975062,0.5029501242748751,1.2900585714593919e-08,0.5029501113742894,0
4145,1407,0.0002931700512453749,-0.0017084410577699741,0.503075904524617,1.2275674944536702e-08,0.5030758922489421,0
2394,709,0.0004201797986555263,-0.00012682623900017403,0.5031636905383915,9.52794943683815e-08,0.5031635952588971,0
2432,713,0.000445831163023568,-0.00011108336742811969,0.5036006416088317,7.649222575895273e-08,0.5036005651166059,0
2474,716,0.0004625386972560682,-9.587658019650753e-05,0.5045532230268399,4.4855855708196496e-08,0.5045531781709842,0
305,137,0.0005576250000000006,-4.5e-05,0.5046658171395603,2.2024867004862706e-09,0.5046658149370735,0
3962,1386,0.001455283505559255,-0.001747823274873921,0.5052405017403788,3.250126316178113e-08,0.5052404692391157,0
204,89,0.00044137500000000025,-5.25e-05,0.506052659209547,1.75440121280285e-07,0.5060524837694257,0
240,103,0.0005463750000000005,-5.25e-05,0.5061367974454186,3.3981107196774904e-09,0.5061367940473079,0
904,384,0.0004976250000000005,1.4999999999999992e-05,0.5065976484969749,8.262995308726594e-09,0.5065976402339796,0
3701,1362,0.00045742028878796543,-0.001747449068702735,0.5066743274408188,8.64009075800238e-07,0.5066734634317429,0
1744,627,0.00031159315421549485,8.384311633291435e-05,0.5075437610731381,8.779130966173827e-10,0.5075437601952251,0
2358,706,0.00039905612662404367,-0.00013483739109859555,0.5078397291515587,1.2436346873626324e-07,0.50783960478809,0
4143,1407,0.0002931700512453749,-0.0017084410577699741,0.5083741057632493,1.2275674944536702e-08,0.5083740934875743,0
2704,751,0.00039369862170935083,0.00020074193779418822,0.5086241551503443,8.718542757268554e-09,0.5086241464318015,0
1049,440,0.00043762500000000024,2.999999999999999e-05,0.5091928979049736,1.9110593067260764e-07,0.5091927067990429,0
156,69,0.0005276250000000005,-6e-05,0.5096752340606453,5.2240580191155885e-09,0.5096752288365873,0
139,67,0.0005126250000000005,-6e-05,0.5100165823317356,1.0470812848233737e-08,0.5100165718609228,0
1005,421,0.0005388750000000004,2.249999999999999e-05,0.5102374680259634,3.072468659352567e-09,0.5102374649534948,0
3116,842,0.0005498054557068993,-7.353102527757903e-05,0.5107507054545724,2.8923715216076588e-09,0.5107507025622008,0
1515,600,0.0003430263342084167,6.457452227107159e-05,0.5113840951353904,1.601313965866978e-06,0.5113824938214245,0
1571,610,0.0004291181731234339,6.779062633800114e-05,0.5118168390898422,1.958264447340291e-07,0.5118166432633975,0
3876,1384,0.0013738430140100327,-0.001747035302962676,0.5121720487483566,7.187926468036283e-08,0.512171976869092,0
2192,677,0.0003102206181636503,0.00013125744249047305,0.5125905926660028,1.890243106677214e-09,0.5125905907757597,0
1417,579,0.0005201250000000004,5.999999999999999e-05,0.5136089000721502,8.026380258345251e-09,0.51360889204577,0
2418,710,0.0004269006467537924,-0.00012341315379275108,0.5136322888782282,8.35969419845021e-08,0.5136322052812862,0
1154,479,0.0004938750000000003,3.749999999999999e-05,0.5143474244701777,1.1844076670315578e-08,0.514347412626101,0
1067,443,0.0004601250000000003,2.999999999999999e-05,0.5145570967894028,4.47242077314692e-08,0.514557052065195,0
2295,700,0.0003543474732555907,-0.00014026600445778972,0.5147770393488479,1.291702848647408e-08,0.5147770264318194,0
2138,670,0.00036188462848574964,0.0001403672014418598,0.5149845340746408,4.949881558419963e-08,0.5149844845758252,0
1502,599,0.00035049791389083905,6.608846053976123e-05,0.5152048376602267,9.765684729121883e-07,0.5152038610917539,0
2561,729,0.0005289846124320408,0.00011347741385698137,0.5157917315114253,8.377264241768494e-09,0.5157917231341611,0
4135,1407,0.0002931700512453749,-0.0017084410577699741,0.5160416694065767,1.2275674944536702e-08,0.5160416571309018,0
978,412,0.00047137500000000033,2.249999999999999e-05,0.5161080984632954,2.4032073376284374e-08,0.5161080744312221,0
2251,695,0.0003173378387221443,-0.00013374020734338335,0.5161175621723946,1.210188274086831e-09,0.5161175609622063,0
1460,593,0.0003486961444771855,4.4637915982671575e-05,0.5163137022772379,5.715416692710188e-06,0.5163079868605452,0
2653,741,0.00046393938099558276,0.00017501293601540074,0.5166451017210902,1.4255057133079984e-08,0.5166450874660331,0
1181,488,0.0005613750000000006,3.749999999999999e-05,0.5166937754336591,1.8112047365114987e-09,0.5166937736224544,0
467,211,0.00039637500000000013,-2.2500000000000005e-05,0.5171915593595057,1.877865369113425e-05,0.5171727807058145,0
2865,809,0.0003562386043614697,-0.0002035160303202824,0.5172314427613407,2.7376551071689497e-09,0.5172314400236856,0
2193,677,0.0003102206181636503,0.00013125744249047305,0.5173500203224047,1.890243106677214e-09,0.5173500184321617,0
2672,746,0.00043001107291196184,0.00019113181933992995,0.517405849076151,1.3298051665468392e-08,0.5174058357780993,0
1857,642,0.0003841493179854505,-9.375340695706517e-05,0.5174153785970272,1.714583663396239e-07,0.5174152071386608,0
3900,1385,0.0014197734752504174,-0.0017467174082457623,0.5174510479276508,1.6766268000891533e-07,0.5174508802649709,0
573,256,0.0004901250000000003,-1.5000000000000005e-05,0.517565204088326,1.0612149068730967e-08,0.5175651934761769,0
1704,624,0.0003322335202873134,9.274650117165844e-05,0.5176310912189802,5.9113168262221504e-08,0.517631032105812,0
3371,1282,0.0012103756595647091,-0.0018311249926090982,0.5176772903420558,2.8048161649195223e-08,0.5176772622938941,0
11,21,0.00035509006922498004,-2.094947116814311e-05,0.5214397102513899,0.003522442228470103,0.5179172680229198,0
2764,757,0.0003487209506984081,0.00020323805190300341,0.5186399522692198,2.630770096533511e-09,0.5186399496384497,0
1969,654,0.0004675372061441989,9.023443001343238e-05,0.5186761767684894,2.3127509418066948e-08,0.51867615364098,0
428,191,0.00048262500000000036,-3.0000000000000004e-05,0.5189248660901474,1.618040377709999e-08,0.5189248499097436,0
4168,1407,0.0002931700512453749,-0.0017084410577699741,0.5190598640003392,1.2275674944536702e-08,0.5190598517246643,0
3206,1279,0.0010853696574508723,-0.0018348853894366581,0.5190915612769704,2.731603399001012e-09,0.519091558545367,0
2728,753,0.00037878129714001996,0.00020268247475352657,0.5193752493016176,6.678631917872048e-09,0.5193752426229857,0
3335,1281,0.0011683063225345087,-0.001835821235010951,0.519718308094637,3.04051247806275e-08,0.5197182776895123,0
307,143,0.00036637500000000006,-3.7500000000000003e-05,0.5204289052428096,0.0006643243141099803,0.5197645809286996,0
3842,1383,0.0013348570556488925,-0.0017524623557613741,0.5200635886900923,1.63302481798422e-08,0.5200635723598441,0
1354,562,0.0003926250000000001,5.999999999999999e-05,0.5200786329217301,1.3074121389674107e-06,0.5200773255095911,0
576,257,0.0004976250000000005,-1.5000000000000005e-05,0.5202782739989568,8.232900044886089e-09,0.5202782657660567,0
3290,1281,0.0011683063225345087,-0.001835821235010951,0.5211095499133542,3.04051247806275e-08,0.5211095195082295,0
2473,716,0.0004625386972560682,-9.587658019650753e-05,0.5216265521191676,4.4855855708196496e-08,0.521626507263312,0
3044,836,0.0005289846124320408,-0.00011347741385698144,0.5219009474773756,8.494250182757065e-09,0.5219009389831254,0
562,253,0.0004676250000000003,-1.5000000000000005e-05,0.5223426586523294,2.700933048349201e-08,0.522342631642999,0
1587,613,0.0004116214895004921,8.190306891057295e-05,0.5228467516166897,5.761287149026529e-07,0.5228461754879747,0
3405,1299,0.0019146927158673187,-0.0018343109948123562,0.5230625939599833,1.5975082076411483e-08,0.5230625779849013,0
1289,537,0.00044887500000000027,5.249999999999999e-05,0.5243862777439322,9.421283811638753e-08,0.5243861835310941,0
275,125,0.0004676250000000003,-4.5e-05,0.5253912634259263,3.519871071830952e-08,0.5253912282272156,0
1746,627,0.00031159315421549485,8.384311633291435e-05,0.5254109054598446,8.779130966173827e-10,0.5254109045819315,0
1011,424,0.0005613750000000006,2.249999999999999e-05,0.5258594195688271,1.6844658593743057e-09,0.5258594178843612,0
1054,441,0.00044512500000000026,2.999999999999999e-05,0.5263426787615771,1.118329009574174e-07,0.5263425669286762,0
3043,836,0.0005289846124320408,-0.00011347741385698144,0.5264201657524743,8.494250182757065e-09,0.5264201572582241,0
1346,561,0.0003851250000000001,5.999999999999999e-05,0.5264474378158234,2.172403207948945e-06,0.5264452654126154,0
3827,1366,0.000626945333864304,-0.0017488310248700133,0.5268748340476077,5.823364972043562e-09,0.5268748282242427,0
2282,700,0.0003543474732555907,-0.00014026600445778972,0.5279664973901748,1.291702848647408e-08,0.5279664844731463,0
1094,456,0.0005576250000000006,2.999999999999999e-05,0.5291488127716498,1.9756956081817046e-09,0.5291488107959542,0
2198,677,0.0003102206181636503,0.00013125744249047305,0.5291571271273597,1.890243106677214e-09,0.5291571252371167,0
2069,661,0.0004269006467537924,0.00012341315379275108,0.5297914721602911,4.463506753824434e-08,0.5297914275252236,0
1052,440,0.00043762500000000024,2.999999999999999e-05,0.5303261160536483,1.9110593067260764e-07,0.5303259249477177,0
438,195,0.0005126250000000005,-3.0000000000000004e-05,0.53067849383129,5.945103111400452e-09,0.5306784878861869,0
3664,1318,0.0006654805645827595,-0.0017913884242686483,0.5307232827737047,1.3505968375492156e-08,0.5307232692677364,0
1323,555,0.0005838750000000005,5.249999999999999e-05,0.5307919478271321,8.785625680114555e-10,0.5307919469485696,0
1733,626,0.0003182359224899663,8.734215880635978e-05,0.5309428938592711,7.3320827800480875e-09,0.5309428865271882,0
252,115,0.0003926250000000001,-4.5e-05,0.5315779832208185,7.39222710129204e-06,0.5315705909937172,0
1651,618,0.00037681152111416696,9.534287405489408e-05,0.5316728633578002,1.9704562837636954e-07,0.5316726663121718,0
1480,596,0.000373259500818198,6.543821433225156e-05,0.5319628192233932,2.4590144443267836e-06,0.5319603602089489,0
632,279,0.0004263750000000002,-7.500000000000006e-06,0.5325530129862015,4.820939708969954e-07,0.5325525308922306,0
653,284,0.0004638750000000003,-7.500000000000006e-06,0.5333675434445279,3.1374375720998644e-08,0.5333675120701521,0
643,281,0.00044137500000000025,-7.500000000000006e-06,0.5339270014895175,1.2903463586915307e-07,0.5339268724548817,0
1486,597,0.0003657136775702661,6.652313992562682e-05,0.533939424256421,4.479246900015937e-06,0.533934945009521,0
569,255,0.00048262500000000036,-1.5000000000000005e-05,0.5340149495313714,1.4030646607124005e-08,0.5340149355007248,0
1253,526,0.00036637500000000006,5.249999999999999e-05,0.5342531624052008,4.19078426865044e-05,0.5342112545625143,0
2771,757,0.0003487209506984081,0.00020323805190300341,0.5349371031929387,2.630770096533511e-09,0.5349371005621687,0
2233,694,0.00031022061816365025,-0.00013125744249047302,0.5349401505263675,1.7296886262542678e-09,0.5349401487966788,0
3134,1256,0.00012691196507293,-0.0018305646115425647,0.5355687377104895,3.2245341414056467e-09,0.5355687344859553,0
3795,1365,0.0005858232018222758,-0.001752429859975062,0.5357821729837382,1.2900585714593919e-08,0.5357821600831525,0
3278,1280,0.0011235544737104631,-0.0018311701190403204,0.5366923028647899,1.3513546574396908e-08,0.5366922893512432,0
427,191,0.00048262500000000036,-3.0000000000000004e-05,0.5369870960168341,1.618040377709999e-08,0.5369870798364303,0
3478,1301,0.002,-0.0018333333333333333,0.5370812578184985,3.6044118441876554e-08,0.53708122177438,0
350,156,0.0004638750000000003,-3.7500000000000003e-05,0.5372658478946943,3.9478790614185554e-08,0.5372658084159038,0
1488,597,0.0003657136775702661,6.652313992562682e-05,0.5375825717834597,4.479246900015937e-06,0.5375780925365596,0
1120,470,0.0004263750000000002,3.749999999999999e-05,0.5380084737062895,4.6778035637467046e-07,0.5380080059259331,0
4325,1431,0.0012933998027881317,-0.001710610546743135,0.5382500494531974,3.603961414914697e-09,0.538250045849236,0
2452,714,0.0004516700070720543,-0.00010631609882119671,0.5383056939424248,8.836640397662698e-08,0.5383056055760208,0
2560,729,0.0005289846124320408,0.00011347741385698137,0.5390623228296559,8.377264241768494e-09,0.5390623144523917,0
597,264,0.0005501250000000005,-1.5000000000000005e-05,0.5399133224487661,2.298693292850513e-09,0.5399133201500728,0
3584,1315,0.0005446477052616283,-0.0017885884216789338,0.5400423177925981,9.821408908870207e-07,0.5400413356517073,0
3311,1281,0.0011683063225345087,-0.001835821235010951,0.5403143268770908,3.04051247806275e-08,0.540314296471966,0
4345,1433,0.001375728555843743,-0.0017060906296348618,0.5403706461311,5.930750409177369e-09,0.5403706402003495,0
3694,1362,0.00045742028878796543,-0.001747449068702735,0.5404609892032859,8.64009075800238e-07,0.54046012519421,0
490,219,0.0004563750000000003,-2.2500000000000005e-05,0.5406523496417102,5.204886056463517e-08,0.5406522975928496,0
2979,826,0.00047658068823323103,-0.00016685882004120089,0.5410246601671115,1.501028608746256e-08,0.5410246451568254,0
3196,1279,0.0010853696574508723,-0.0018348853894366581,0.5411124715751651,2.731603399001012e-09,0.5411124688435617,0
319,147,0.00039637500000000013,-3.7500000000000003e-05,0.5414035957819976,7.519600386518392e-06,0.5413960761816111,0
193,84,0.00040387500000000015,-5.25e-05,0.5419903141368472,1.9629875065626085e-06,0.5419883511493406,0
4195,1408,0.0003352491194219976,-0.001709268843234495,0.5424249507890787,2.90809048727778e-08,0.5424249217081738,0
1686,621,0.00035437078446752833,9.664989812570138e-05,0.5426652208273118,1.2562936241729608e-07,0.5426650951979494,0
2942,821,0.000443935452749889,-0.00018543937679507772,0.5427500235136868,1.3244627142096203e-08,0.5427500102690597,0
4341,1432,0.001331330508901036,-0.0017097630929053104,0.5428168407843237,5.977987489325365e-09,0.5428168348063362,0
771,325,0.0005351250000000004,-6.776263578034403e-21,0.5431577721916018,3.0456433523185158e-09,0.5431577691459584,0
1398,572,0.0004676250000000003,5.999999999999999e-05,0.5433268685175999,4.512235952656635e-08,0.5433268233952404,0
672,289,0.0005013750000000004,-7.500000000000006e-06,0.5441738609515742,7.059779969166717e-09,0.5441738538917942,0
2154,671,0.0003543474732555907,0.00014026600445778972,0.5455968563469324,1.538209714277646e-08,0.5455968409648353,0
980,412,0.00047137500000000033,2.249999999999999e-05,0.5457759781982867,2.4032073376284374e-08,0.5457759541662134,0
2350,706,0.00039905612662404367,-0.00013483739109859555,0.546051858683635,1.2436346873626324e-07,0.5460517343201663,0
1562,608,0.0003657136775702661,-6.652313992562682e-05,0.5469042242145553,4.3863601097320254e-06,0.5468998378544456,0
1777,633,0.00031823592248996624,-8.734215880635975e-05,0.5470279880976925,7.281412540505613e-09,0.5470279808162799,0
440,196,0.0005201250000000004,-3.0000000000000004e-05,0.5473717999926765,4.896472661174843e-09,0.5473717950962038,0
3164,1279,0.0010853696574508723,-0.0018348853894366581,0.5473963521481958,2.731603399001012e-09,0.5473963494165924,0
64,52,0.00040012500000000014,-6e-05,0.5478241581619483,1.1045510481293354e-06,0.5478230536109001,0
404,182,0.0004151250000000002,-3.0000000000000004e-05,0.547956668026015,1.3074627365773744e-06,0.5479553605632783,0
2426,712,0.0004397448455128243,-0.00011553035393040541,0.5480043513171319,9.706519894408578e-08,0.5480042542519329,0
3117,1255,8.021387565745436e-05,-0.0018312838481263913,0.548070116630963,9.498567254074446e-10,0.5480701156811062,0
1038,436,0.00040762500000000016,2.999999999999999e-05,0.5481923749269083,2.9258255536845147e-06,0.5481894491013546,0
4077,1406,0.0002528682826605001,-0.0017101146573470373,0.5484055751909834,2.8236642550380505e-09,0.5484055723673191,0
3406,1299,0.0019146927158673187,-0.0018343109948123562,0.5484328308701983,1.5975082076411483e-08,0.5484328148951163,0
4147,1407,0.0002931700512453749,-0.0017084410577699741,0.549032364768619,1.2275674944536702e-08,0.5490323524929441,0
2722,751,0.00039369862170935083,0.00020074193779418822,0.5493786953660715,8.718542757268554e-09,0.5493786866475288,0
2804,763,0.0003042956831283606,0.0001957803661666298,0.5494776358651241,1.584729507971147e-10,0.5494776357066512,0
1088,451,0.0005201250000000004,2.999999999999999e-05,0.5497143507490456,4.914706141629065e-09,0.5497143458343395,0
104,59,0.0004526250000000003,-6e-05,0.5498667376314812,5.974883135408689e-08,0.5498666778826499,0
775,327,0.0005501250000000005,-6.776263578034403e-21,0.5506339918041774,2.2191002365020692e-09,0.5506339895850771,0
3451,1301,0.002,-0.0018333333333333333,0.5514927727358919,3.6044118441876554e-08,0.5514927366917735,0
962,404,0.0004113750000000002,2.249999999999999e-05,0.5518140363148978,2.3060987684802376e-06,0.5518117302161293,0
3493,1301,0.002,-0.0018333333333333333,0.551884299784651,3.6044118441876554e-08,0.5518842637405326,0
2776,757,0.0003487209506984081,0.00020323805190300341,0.5518968055451509,2.630770096533511e-09,0.5518968029143808,0
163,70,0.0005351250000000004,-6e-05,0.55310047922077,4.579765846141596e-09,0.5531004746410041,0
1913,646,0.00041162148950049204,-8.190306891057299e-05,0.5535843323012964,6.620231951795843e-07,0.5535836702781013,0
3730,1364,0.0005435187833675847,-0.0017471359451393734,0.5536116246016791,9.259807926297897e-08,0.5536115320035998,0
3141,1257,0.00016780204431158984,-0.001832047585117765,0.5541841444838479,5.94799990830093e-09,0.554184138535848,0
981,412,0.00047137500000000033,2.249999999999999e-05,0.5542143421994327,2.4032073376284374e-08,0.5542143181673593,0
1978,654,0.0004675372061441989,9.023443001343238e-05,0.5542620753227273,2.3127509418066948e-08,0.5542620521952178,0
4097,1407,0.0002931700512453749,-0.0017084410577699741,0.5549212111904621,1.2275674944536702e-08,0.5549211989147872,0
2491,717,0.00046753720614419884,-9.023443001343242e-05,0.5552993816641901,2.3675745995681973e-08,0.5552993579884441,0
2309,703,0.0003769209214282374,-0.00013935632559438542,0.5555371298830682,3.4203613114510965e-08,0.5555370956794551,0
1962,652,0.0004765905330907351,7.818663989945569e-05,0.5556563321768624,4.0916124776755385e-08,0.5556562912607376,0
1766,632,0.0003115931542154948,-8.38431163329143e-05,0.5562749806528389,1.1820845718733618e-09,0.5562749794707543,0
2748,756,0.00035623860436146976,0.0002035160303202824,0.5564350194080693,2.5392780058497007e-09,0.5564350168687913,0
1976,654,0.0004675372061441989,9.023443001343238e-05,0.5565378593437431,2.3127509418066948e-08,0.5565378362162337,0
3108,841,0.0005469587483604977,-8.049440419030242e-05,0.5571476584825221,3.87256742150957e-09,0.5571476546099547,0
1476,595,0.00035619747382519424,-4.588966645821942e-05,0.5576774800038706,1.0774866923788777e-05,0.5576667051369468,0
2619,737,0.0004885852721786184,0.00015779337905383193,0.55781167264565,1.5732678557437894e-08,0.5578116569129714,0
517,229,0.0005313750000000005,-2.2500000000000005e-05,0.5589903058408829,3.5890275387966054e-09,0.5589903022518554,0
737,316,0.0004676250000000003,-6.776263578034403e-21,0.5592598926199956,2.5619303669968373e-08,0.559259867000692,0
1356,563,0.00040012500000000014,5.999999999999999e-05,0.5594692258107246,1.0717204071109663e-06,0.5594681540903175,0
3375,1282,0.0012103756595647091,-0.0018311249926090982,0.559733461187912,2.8048161649195223e-08,0.5597334331397503,0
1765,632,0.0003115931542154948,-8.38431163329143e-05,0.5598664604141612,1.1820845718733618e-09,0.5598664592320767,0
3245,1280,0.0011235544737104631,-0.0018311701190403204,0.5601365559182425,1.3513546574396908e-08,0.5601365424046959,0
3615,1317,0.0006264091269581266,-0.001793554870120426,0.5613766142000545,7.340702519687142e-08,0.5613765407930292,0
477,214,0.0004188750000000002,-2.2500000000000005e-05,0.5616483628446153,9.854296047558822e-07,0.5616473774150105,0
718,309,0.0004151250000000002,-6.776263578034403e-21,0.5629148709156137,1.7965497729040099e-06,0.5629130743658407,0
3177,1279,0.0010853696574508723,-0.0018348853894366581,0.5634864863231323,2.731603399001012e-09,0.5634864835915289,0
763,323,0.0005201250000000004,-6.776263578034403e-21,0.5635052526527715,4.216326218426786e-09,0.5635052484364453,0
1487,597,0.0003657136775702661,6.652313992562682e-05,0.5640007565867368,4.479246900015937e-06,0.5639962773398367,0
118,62,0.00047512500000000034,-6e-05,0.5641843699773185,2.926719771021785e-08,0.5641843407101208,0
2037,660,0.00043342860296878213,0.00011964423651476869,0.5651445400953867,1.374152746961556e-07,0.565144402680112,0
4269,1409,0.0003752823907658263,-0.0017092114270423236,0.5654288829786145,3.208013893465805e-08,0.5654288508984755,0
1615,616,0.00039134187801685423,9.160009583835657e-05,0.5657673367535523,4.310611809911413e-07,0.5657669056923713,0
322,147,0.00039637500000000013,-3.7500000000000003e-05,0.5657947175376454,7.519600386518392e-06,0.565787197937259,0
1676,621,0.00035437078446752833,9.664989812570138e-05,0.5658866281435329,1.2562936241729608e-07,0.5658865025141704,0
2977,826,0.00047658068823323103,-0.00016685882004120089,0.5662857240560856,1.501028608746256e-08,0.5662857090457994,0
3394,1299,0.0019146927158673187,-0.0018343109948123562,0.5664373926572313,1.5975082076411483e-08,0.5664373766821492,0
2402,710,0.0004269006467537924,-0.00012341315379275108,0.5666765330225707,8.35969419845021e-08,0.5666764494256287,0
1897,644,0.00039834594430604073,-8.889589096520435e-05,0.566719619496624,3.44733742335527e-07,0.5667192747628816,0
3260,1280,0.0011235544737104631,-0.0018311701190403204,0.5672478529164532,1.3513546574396908e-08,0.5672478394029066,0
1450,590,0.00035617217565788145,3.152496970101228e-05,0.5672776276199547,2.664146419086361e-05,0.5672509861557639,0
450,199,0.0005426250000000006,-3.0000000000000004e-05,0.5678024701642893,3.040363256462645e-09,0.567802467123926,0
4207,1408,0.0003352491194219976,-0.001709268843234495,0.5679001215975782,2.90809048727778e-08,0.5679000925166733,0
4216,1408,0.0003352491194219976,-0.001709268843234495,0.5683311956557909,2.90809048727778e-08,0.568331166574886,0
2417,710,0.0004269006467537924,-0.00012341315379275108,0.5686545310897078,8.35969419845021e-08,0.5686544474927657,0
4134,1407,0.0002931700512453749,-0.0017084410577699741,0.5690432599225809,1.2275674944536702e-08,0.569043247646906,0
1729,626,0.0003182359224899663,8.734215880635978e-05,0.5692735911703097,7.3320827800480875e-09,0.5692735838382269,0
2911,815,0.00040109332316923805,-0.00019935962852439364,0.5693620851705053,1.3289194590176737e-08,0.5693620718813107,0
1162,481,0.0005088750000000003,3.749999999999999e-05,0.5693934501536827,7.211410989744806e-09,0.5693934429422717,0
3170,1279,0.0010853696574508723,-0.0018348853894366581,0.5697958028412944,2.731603399001012e-09,0.569795800109691,0
2630,739,0.00047658068823323103,0.00016685882004120083,0.5706223012941231,1.4560114185213875e-08,0.5706222867340088,0
1847,642,0.0003841493179854505,-9.375340695706517e-05,0.5711967944155011,1.714583663396239e-07,0.5711966229571347,0
2096,665,0.0003990561266240436,0.00013483739109859555,0.5713139350945903,1.1517645074678549e-07,0.5713138199181396,0
1653,618,0.00037681152111416696,9.534287405489408e-05,0.5724297188311354,1.9704562837636954e-07,0.572429521785507,0
710,307,0.00040012500000000014,-6.776263578034403e-21,0.5737100605545222,1.814536230517119e-05,0.5736919151922171,0
3361,1282,0.0012103756595647091,-0.0018311249926090982,0.5737582323437049,2.8048161649195223e-08,0.5737582042955433,0
3553,1302,0.0,-0.0017916666666666667,0.574122601085718,2.1460700857017973e-08,0.5741225796250171,0
2142,671,0.0003543474732555907,0.00014026600445778972,0.5745694604044417,1.538209714277646e-08,0.5745694450223445,0
1645,617,0.00038414931798545055,9.375340695706516e-05,0.5749347483388791,1.7592857514829883e-07,0.574934572410304,0
2061,661,0.0004269006467537924,0.00012341315379275108,0.5753050479640796,4.463506753824434e-08,0.575305003329012,0
1281,534,0.0004263750000000002,5.249999999999999e-05,0.575625663016239,4.533515729228951e-07,0.575625209664666,0
3458,1301,0.002,-0.0018333333333333333,0.5773785414203995,3.6044118441876554e-08,0.577378505376281,0
2520,723,0.0005498054557068993,7.3531025277579e-05,0.5776563071530707,2.8212094008646687e-09,0.5776563043318613,0
2988,826,0.00047658068823323103,-0.00016685882004120089,0.5784668445585989,1.501028608746256e-08,0.5784668295483127,0
3688,1361,0.00041540645613897707,-0.0017497865928541032,0.5787902910832757,8.572315711959396e-08,0.5787902053601186,0
4234,1408,0.0003352491194219976,-0.001709268843234495,0.5790735189163684,2.90809048727778e-08,0.5790734898354635,0
1365,564,0.00040762500000000016,5.999999999999999e-05,0.5791855810885429,7.2809624347809e-07,0.5791848529922994,0
3705,1363,0.0004980498508590125,-0.0017495891039972066,0.5802829408722346,1.303138308747088e-07,0.5802828105584038,0
3516,1302,0.0,-0.0017916666666666667,0.5803736701518393,2.1460700857017973e-08,0.5803736486911384,0
364,163,0.0005163750000000004,-3.7500000000000003e-05,0.5805032825605336,5.7746834961901124e-09,0.5805032767858501,0
620,276,0.00040387500000000015,-7.500000000000006e-06,0.5806051721449914,9.096035243466796e-06,0.580596076109748,0
3274,1280,0.0011235544737104631,-0.0018311701190403204,0.5806173516064504,1.3513546574396908e-08,0.5806173380929038,0
949,400,0.0003813750000000001,2.249999999999999e-05,0.5811327635830251,0.0003016613975751988,0.58083110218545,0
202,88,0.00043387500000000023,-5.25e-05,0.5824757870363425,3.028908394797654e-07,0.582475484145503,0
1663,619,0.00036937261777678494,9.63589378896933e-05,0.5825097007953789,2.9069613913589394e-07,0.5825094100992397,0
1240,518,0.0005426250000000006,4.499999999999999e-05,0.5826084073887058,3.451078099567779e-09,0.5826084039376277,0
2057,661,0.0004269006467537924,0.00012341315379275108,0.5828375260993859,4.463506753824434e-08,0.5828374814643184,0
658,286,0.00047887500000000035,-7.500000000000006e-06,0.5830369299663818,1.5674929632341892e-08,0.5830369142914521,0
2077,663,0.00041328543661888856,0.00012987365132883328,0.5833463308931963,4.804138748825676e-08,0.5833462828518088,0
2676,746,0.00043001107291196184,0.00019113181933992995,0.5851717997101793,1.3298051665468392e-08,0.5851717864121276,0
3816,1366,0.000626945333864304,-0.0017488310248700133,0.5856650475551755,5.823364972043562e-09,0.5856650417318104,0
2191,677,0.0003102206181636503,0.00013125744249047305,0.5862204995542319,1.890243106677214e-09,0.5862204976639889,0
3038,835,0.0005246760455161772,-0.00011964415041124925,0.5864243881293381,1.1870192673199509e-08,0.5864243762591453,0
1780,633,0.00031823592248996624,-8.734215880635975e-05,0.5864323106906665,7.281412540505613e-09,0.5864323034092539,0
700,304,0.0003776250000000001,-6.776263578034403e-21,0.5886103893915878,0.001954825344487819,0.5866555640471001,0
680,292,0.0005238750000000004,-7.500000000000006e-06,0.5871831840698405,3.905773378979298e-09,0.5871831801640671,0
2082,663,0.00041328543661888856,0.00012987365132883328,0.5875158164329696,4.804138748825676e-08,0.587515768391582,0
272,123,0.0004526250000000003,-4.5e-05,0.5878107227339988,7.737986442645582e-08,0.5878106453541344,0
936,392,0.0005576250000000006,1.4999999999999992e-05,0.5892240777210933,1.8471838512209066e-09,0.5892240758739095,0
4095,1407,0.0002931700512453749,-0.0017084410577699741,0.5896788763415214,1.2275674944536702e-08,0.5896788640658465,0
3369,1282,0.0012103756595647091,-0.0018311249926090982,0.5896930827374683,2.8048161649195223e-08,0.5896930546893067,0
2864,809,0.0003562386043614697,-0.0002035160303202824,0.5904931236229349,2.7376551071689497e-09,0.5904931208852798,0
2412,710,0.0004269006467537924,-0.00012341315379275108,0.5909010995374478,8.35969419845021e-08,0.5909010159405058,0
4206,1408,0.0003352491194219976,-0.001709268843234495,0.5917112939275417,2.90809048727778e-08,0.5917112648466368,0
3450,1301,0.002,-0.0018333333333333333,0.5919940441349292,3.6044118441876554e-08,0.5919940080908107,0
1367,565,0.0004151250000000002,5.999999999999999e-05,0.592282959252885,5.37438421350258e-07,0.5922824218144637,0
3607,1317,0.0006264091269581266,-0.001793554870120426,0.5934711231059173,7.340702519687142e-08,0.5934710496988921,0
2201,677,0.0003102206181636503,0.00013125744249047305,0.5934783804416005,1.890243106677214e-09,0.5934783785513574,0
2895,814,0.0003936986217093507,-0.00020074193779418825,0.5943742432275037,4.798547018335494e-09,0.5943742384289566,0
2002,657,0.00045167000707205425,0.00010631609882119674,0.5943909675887503,6.556841812759795e-08,0.5943909020203322,0
1670,621,0.00035437078446752833,9.664989812570138e-05,0.5944159964292233,1.2562936241729608e-07,0.5944158707998608,0
1122,471,0.00043387500000000023,3.749999999999999e-05,0.5951010418327871,2.6497442953261527e-07,0.5951007768583576,0
138,67,0.0005126250000000005,-6e-05,0.5953397046512134,1.0470812848233737e-08,0.5953396941804006,0
2438,714,0.0004516700070720543,-0.00010631609882119671,0.595683594981896,8.836640397662698e-08,0.5956835066154921,0
3566,1303,3.915017100512667e-05,-0.0017885611458615834,0.5960060561036195,3.2816617002613603e-09,0.5960060528219577,0
1091,454,0.0005426250000000006,2.999999999999999e-05,0.5964720296058951,3.0068874770083413e-09,0.5964720265990076,0
2590,734,0.0005052559082019142,0.00014259608629591745,0.5972122283849035,1.2071616999828138e-08,0.5972122163132865,0
1471,595,0.00035619747382519424,-4.588966645821942e-05,0.5974106033109551,1.0774866923788777e-05,0.5973998284440313,0
2593,734,0.0005052559082019142,0.00014259608629591745,0.5975258856857649,1.2071616999828138e-08,0.5975258736141479,0
1593,614,0.00040511939357421766,8.565705574390428e-05,0.5977031307294864,4.2811746482642523e-07,0.5977027026120216,0
3239,1280,0.0011235544737104631,-0.0018311701190403204,0.597963619183916,1.3513546574396908e-08,0.5979636056703694,0
2829,804,0.00031890667683076194,-0.0001993596285243936,0.5980344960395473,1.2419263853748193e-09,0.5980344947976209,0
1275,532,0.0004113750000000002,5.249999999999999e-05,0.5983616159323469,1.0989157835251024e-06,0.5983605170165635,0
1211,501,0.0004151250000000002,4.499999999999999e-05,0.5984955515556845,1.0068588183290604e-06,0.5984945446968661,0
3153,1279,0.0010853696574508723,-0.0018348853894366581,0.5991936526238067,2.731603399001012e-09,0.5991936498922034,0
1692,622,0.00034689807728635754,9.592304465781523e-05,0.5992653551286796,1.0963212399090174e-07,0.5992652454965556,0
409,183,0.0004226250000000002,-3.0000000000000004e-05,0.6003789402447598,6.448313520242875e-07,0.6003782954134078,0
4144,1407,0.0002931700512453749,-0.0017084410577699741,0.6009957830164953,1.2275674944536702e-08,0.6009957707408203,0
2674,746,0.00043001107291196184,0.00019113181933992995,0.601020641304454,1.3298051665468392e-08,0.6010206280064023,0
2866,809,0.0003562386043614697,-0.0002035160303202824,0.6012838769362495,2.7376551071689497e-09,0.6012838741985944,0
1455,592,0.00035619747382519424,4.588966645821942e-05,0.6015873811778297,1.0641371672852775e-05,0.6015767398061569,0
2286,700,0.0003543474732555907,-0.00014026600445778972,0.6020182855474039,1.291702848647408e-08,0.6020182726303754,0
2922,818,0.0004229006522542549,-0.00019358830192050592,0.6021108192451754,1.6803079477006042e-08,0.6021108024420959,0
53,50,0.0003851250000000001,-6e-05,0.6029958514443,1.9244926481349133e-06,0.6029939269516519,0
1199,498,0.0003926250000000001,4.499999999999999e-05,0.6030085330540118,7.271929908837139e-06,0.603001261124103,0
3869,1384,0.0013738430140100327,-0.001747035302962676,0.6030201738106495,7.187926468036283e-08,0.6030201019313849,0
4005,1387,0.0015029018387132948,-0.0017473203703996317,0.6031028302121688,2.180477085144828e-08,0.6031028084073979,0
1097,456,0.0005576250000000006,2.999999999999999e-05,0.604357375072021,1.9756956081817046e-09,0.6043573730963254,0
1717,625,0.00032512986484072894,9.031591525967967e-05,0.6044553028824698,6.0560206497547175e-09,0.6044552968264492,0
1860,642,0.0003841493179854505,-9.375340695706517e-05,0.6045775513499383,1.714583663396239e-07,0.6045773798915719,0
2359,706,0.00039905612662404367,-0.00013483739109859555,0.605495841493608,1.2436346873626324e-07,0.6054957171301393,0
2487,717,0.00046753720614419884,-9.023443001343242e-05,0.605598340169231,2.3675745995681973e-08,0.605598316493485,0
3593,1316,0.0005843082459749532,-0.0017931415468221683,0.6061901725814011,1.6759312591280528e-07,0.6061900049882751,0
19,28,0.00033537279169846044,4.626701118018792e-05,0.6066356801397188,4.813700262333484e-06,0.6066308664394565,0
60,51,0.0003926250000000001,-6e-05,0.6072465937942608,1.2666504830658032e-06,0.6072453271437778,0
1233,514,0.0005126250000000005,4.499999999999999e-05,0.6080209532283258,7.042178697472972e-09,0.6080209461861471,0
3964,1386,0.001455283505559255,-0.001747823274873921,0.6080274764976006,3.250126316178113e-08,0.6080274439963375,0
1848,642,0.0003841493179854505,-9.375340695706517e-05,0.6081208282529821,1.714583663396239e-07,0.6081206567946157,0
2803,763,0.0003042956831283606,0.0001957803661666298,0.6081949254837599,1.584729507971147e-10,0.608194925325287,0
1145,476,0.00047137500000000033,3.749999999999999e-05,0.6092082280820776,2.809402790926824e-08,0.6092081999880498,0
2091,665,0.0003990561266240436,0.00013483739109859555,0.6097525358884798,1.1517645074678549e-07,0.6097524207120291,0
1906,645,0.0004051193935742176,-8.56570557439043e-05,0.6103232735418556,3.442248684343402e-07,0.6103229293169872,0
551,250,0.00044512500000000026,-1.5000000000000005e-05,0.6103579548251313,1.0115509523158407e-07,0.6103578536700361,0
1849,642,0.0003841493179854505,-9.375340695706517e-05,0.6107725026069759,1.714583663396239e-07,0.6107723311486095,0
3,16,0.00031661055043433607,-6.0578213238823295e-05,0.6109540684717548,8.068335252250949e-09,0.6109540604034196,0
2760,757,0.0003487209506984081,0.00020323805190300341,0.6119882626135404,2.630770096533511e-09,0.6119882599827704,0
84,56,0.0004301250000000002,-6e-05,0.6122061994864857,3.5471219032600173e-07,0.6122058447742954,0
470,211,0.00039637500000000013,-2.2500000000000005e-05,0.6124707528863013,1.877865369113425e-05,0.6124519742326101,0
2925,819,0.0004300110729119618,-0.00019113181933992998,0.6141448615754186,1.4421775978352106e-08,0.6141448471536426,0
1046,439,0.0004301250000000002,2.999999999999999e-05,0.6141768696569864,3.43522729250625e-07,0.6141765261342571,0
1256,526,0.00036637500000000006,5.249999999999999e-05,0.6143781506349465,4.19078426865044e-05,0.61433624279226,0
2834,805,0.0003263013782906491,-0.0002007419377941882,0.6146224494284477,1.969868987527466e-09,0.6146224474585787,0
2703,751,0.00039369862170935083,0.00020074193779418822,0.6146396577536695,8.718542757268554e-09,0.6146396490351267,0
3639,1318,0.0006654805645827595,-0.0017913884242686483,0.6148359154716837,1.3505968375492156e-08,0.6148359019657154,0
645,282,0.00044887500000000027,-7.500000000000006e-06,0.61489853925041,7.574904687384464e-08,0.6148984635013631,0
3963,1386,0.001455283505559255,-0.001747823274873921,0.615192049411118,3.250126316178113e-08,0.6151920169098549,0
3620,1317,0.0006264091269581266,-0.001793554870120426,0.6160296509618362,7.340702519687142e-08,0.6160295775548109,0
2341,705,0.0003917622054501175,-0.00013673940679297052,0.6161959938111549,3.669571335376032e-08,0.6161959571154415,0
654,285,0.00047137500000000033,-7.500000000000006e-06,0.6163208651197487,2.1739289002852734e-08,0.6163208433804597,0
4217,1408,0.0003352491194219976,-0.001709268843234495,0.6164499947719221,2.90809048727778e-08,0.6164499656910172,0
1987,655,0.00046253869725606817,9.587658019650754e-05,0.6168520530744819,5.016978233858687e-08,0.6168520029046995,0
532,241,0.0003776250000000001,-1.5000000000000005e-05,0.6185596373656151,0.0014176717502327506,0.6171419656153824,0
3414,1300,0.0019586220894085822,-0.0018338156596585703,0.6171545335394848,7.285132515831509e-08,0.6171544606881596,0
1942,649,0.0004291181731234339,-6.779062633800117e-05,0.6185725254699864,1.9769346161496606e-07,0.6185723277765248,0
2811,802,0.0003042956831283605,-0.00019578036616662979,0.6194790306909203,5.142559973308471e-10,0.6194790301766643,0
3138,1256,0.00012691196507293,-0.0018305646115425647,0.6209933179004316,3.2245341414056467e-09,0.6209933146758974,0
251,113,0.0003776250000000001,-4.5e-05,0.6213885126811516,3.417201232191759e-05,0.6213543406688297,0
1644,617,0.00038414931798545055,9.375340695706516e-05,0.6216321977682131,1.7592857514829883e-07,0.621632021839638,0
610,271,0.00036637500000000006,-7.500000000000006e-06,0.6508833517702659,0.02921207549201657,0.6216712762782494,0
2558,728,0.0005330623666938131,0.0001071556808051343,0.6220505395177843,6.801660057542452e-09,0.6220505327161243,0
3954,1386,0.001455283505559255,-0.001747823274873921,0.6227740013088499,3.250126316178113e-08,0.6227739688075867,0
924,388,0.0005276250000000005,1.4999999999999992e-05,0.6227769217404999,3.7002710696184817e-09,0.6227769180402288,0
4211,1408,0.0003352491194219976,-0.001709268843234495,0.6227793152726666,2.90809048727778e-08,0.6227792861917617,0
727,312,0.00043762500000000024,-6.776263578034403e-21,0.6228540580600987,1.7194322719897182e-07,0.6228538861168715,0
2099,665,0.0003990561266240436,0.00013483739109859555,0.6228733008721282,1.1517645074678549e-07,0.6228731856956775,0
776,327,0.0005501250000000005,-6.776263578034403e-21,0.6241886689624889,2.2191002365020692e-09,0.6241886667433887,0
619,275,0.00039637500000000013,-7.500000000000006e-06,0.6244773210800473,3.356347479850315e-05,0.6244437576052487,0
726,312,0.00043762500000000024,-6.776263578034403e-21,0.6244697882367736,1.7194322719897182e-07,0.6244696162935464,0
4094,1406,0.0002528682826605001,-0.0017101146573470373,0.6250012474071615,2.8236642550380505e-09,0.6250012445834972,0
1950,650,0.00048430018651999184,6.523777047266547e-05,0.6263148024019795,1.6560339776050874e-08,0.6263147858416397,0
1637,616,0.00039134187801685423,9.160009583835657e-05,0.6265917690850856,4.310611809911413e-07,0.6265913380239047,0
344,154,0.00044887500000000027,-3.7500000000000003e-05,0.626874317570506,9.340367550278929e-08,0.6268742241668306,0
1368,565,0.0004151250000000002,5.999999999999999e-05,0.6269489564712497,5.37438421350258e-07,0.6269484190328284,0
250,113,0.0003776250000000001,-4.5e-05,0.6274172681810846,3.417201232191759e-05,0.6273830961687626,0
867,369,0.0003851250000000001,1.4999999999999992e-05,0.627652671219933,0.00023963558887030653,0.6274130356310627,0
3632,1318,0.0006654805645827595,-0.0017913884242686483,0.6275689794934431,1.3505968375492156e-08,0.6275689659874748,0
694,296,0.0005538750000000004,-7.500000000000006e-06,0.627595025486925,2.030840406272393e-09,0.6275950234560846,0
2996,827,0.0004826667542215086,-0.00016243703427247025,0.6277988743583395,1.977978557610221e-08,0.6277988545785539,0
1628,616,0.00039134187801685423,9.160009583835657e-05,0.6298875688765758,4.310611809911413e-07,0.6298871378153948,0
182,82,0.0003888750000000001,-5.25e-05,0.6300007460900853,6.703792878923332e-06,0.6299940422972063,0
951,400,0.0003813750000000001,2.249999999999999e-05,0.6303205705428304,0.0003016613975751988,0.6300189091452553,0
2691,749,0.0004084318960926294,0.00019770501798221614,0.6320033901014935,1.856696887718319e-08,0.6320033715345247,0
2181,676,0.0003173378387221443,0.00013374020734338335,0.6324259758058156,1.2535618619664699e-09,0.6324259745522538,0
4017,1387,0.0015029018387132948,-0.0017473203703996317,0.6327811181806066,2.180477085144828e-08,0.6327810963758357,0
2257,696,0.00032457806533562933,-0.0001358373645569657,0.6327873871015046,1.0988379264459703e-08,0.6327873761131253,0
3052,837,0.0005330623666938131,-0.0001071556808051344,0.6329089579709383,6.988737771910894e-09,0.6329089509822005,0
1187,491,0.0005838750000000005,3.749999999999999e-05,0.6335057917910046,7.981341050897548e-10,0.6335057909928705,0
1340,561,0.0003851250000000001,5.999999999999999e-05,0.6341916847247331,2.172403207948945e-06,0.6341895123215251,0
3385,1283,0.0012478521718904474,-0.0018324870133428497,0.634382845653657,6.636637563717846e-09,0.6343828390170194,0
1220,506,0.0004526250000000003,4.499999999999999e-05,0.634738910826588,7.61301339414382e-08,0.634738834696454,0
3435,1300,0.0019586220894085822,-0.0018338156596585703,0.6352374971293708,7.285132515831509e-08,0.6352374242780456,0
4129,1407,0.0002931700512453749,-0.0017084410577699741,0.6364345441306093,1.2275674944536702e-08,0.6364345318549344,0
895,378,0.0004526250000000003,1.4999999999999992e-05,0.6366903027931378,6.154176904840954e-08,0.6366902412513687,0
1333,560,0.0003776250000000001,5.999999999999999e-05,0.63731960931124,1.0982779020837966e-05,0.6373086265322192,0
1752,627,0.00031159315421549485,8.384311633291435e-05,0.6373654160989712,8.779130966173827e-10,0.6373654152210582,0
528,236,0.0005838750000000005,-2.2500000000000005e-05,0.6375637186114556,7.642508119219688e-10,0.6375637178472048,0
2026,659,0.0004397448455128243,0.00011553035393040538,0.6387831681010689,9.115557166615707e-08,0.6387830769454973,0
4032,1388,0.0015430996086898707,-0.0017488292043807475,0.63944892135657,3.510913238384681e-09,0.6394489178456568,0
2328,705,0.0003917622054501175,-0.00013673940679297052,0.6397898198721401,3.669571335376032e-08,0.6397897831764268,0
1319,551,0.0005538750000000004,5.249999999999999e-05,0.6399339928894705,2.693800197854787e-09,0.6399339901956703,0
2883,812,0.00037878129714001986,-0.0002026824747535266,0.6400949681301997,7.692773178424875e-09,0.6400949604374265,0
1085,450,0.0005126250000000005,2.999999999999999e-05,0.6410483917420896,5.978717350452613e-09,0.6410483857633723,0
2470,716,0.0004625386972560682,-9.587658019650753e-05,0.6418051690727751,4.4855855708196496e-08,0.6418051242169194,0
1805,637,0.0003468980772863575,-9.592304465781522e-05,0.6422970212745277,1.2093927019819104e-07,0.6422969003352575,0
1223,509,0.00047512500000000034,4.499999999999999e-05,0.6423411217042455,2.632843399253231e-08,0.6423410953758115,0
2398,710,0.0004269006467537924,-0.00012341315379275108,0.6424040037414253,8.35969419845021e-08,0.6424039201444832,0
4141,1407,0.0002931700512453749,-0.0017084410577699741,0.6424987799780336,1.2275674944536702e-08,0.6424987677023587,0
3868,1384,0.0013738430140100327,-0.001747035302962676,0.6431852802559018,7.187926468036283e-08,0.6431852083766372,0
2611,736,0.0004943281581209462,0.00015293419705974772,0.6434871039356738,1.39298703782177e-08,0.6434870900058034,0
1596,614,0.00040511939357421766,8.565705574390428e-05,0.6446661558418294,4.2811746482642523e-07,0.6446657277243646,0
2792,761,0.00031890667683076205,0.00019935962852439364,0.6446988013763507,1.1234540087756449e-09,0.6446988002528967,0
1826,639,0.00036187734641326974,-9.679548773400577e-05,0.6447963726266612,3.276111116059559e-07,0.6447960450155497,0
3349,1281,0.0011683063225345087,-0.001835821235010951,0.6449911483311236,3.04051247806275e-08,0.6449911179259988,0
779,329,0.0005651250000000005,-6.776263578034403e-21,0.6455756839630277,1.4276047715819125e-09,0.6455756825354229,0
3967,1387,0.0015029018387132948,-0.0017473203703996317,0.6457496859384647,2.180477085144828e-08,0.6457496641336938,0
909,385,0.0005051250000000004,1.4999999999999992e-05,0.6458093159985181,6.557006168393425e-09,0.6458093094415119,0
3563,1302,0.0,-0.0017916666666666667,0.6458268588806657,2.1460700857017973e-08,0.6458268374199648,0
2464,716,0.0004625386972560682,-9.587658019650753e-05,0.6460055403369827,4.4855855708196496e-08,0.646005495481127,0
4072,1406,0.0002528682826605001,-0.0017101146573470373,0.6473921745636911,2.8236642550380505e-09,0.6473921717400268,0
134,67,0.0005126250000000005,-6e-05,0.6474346550715656,1.0470812848233737e-08,0.6474346446007527,0
1838,640,0.0003693726177767849,-9.63589378896933e-05,0.6486112787772518,2.899099018836165e-07,0.6486109888673499,0
2828,804,0.00031890667683076194,-0.0001993596285243936,0.6490943441888316,1.2419263853748193e-09,0.6490943429469053,0
782,334,0.00036637500000000006,7.4999999999999926e-06,0.6787924137992529,0.029181883110963452,0.6496105306882894,0
1736,627,0.00031159315421549485,8.384311633291435e-05,0.6500760442643042,8.779130966173827e-10,0.6500760433863911,0
3449,1301,0.002,-0.0018333333333333333,0.6503616422898749,3.6044118441876554e-08,0.6503616062457565,0
3057,837,0.0005330623666938131,-0.0001071556808051344,0.650894838851596,6.988737771910894e-09,0.6508948318628582,0
1911,645,0.0004051193935742176,-8.56570557439043e-05,0.6514543017871683,3.442248684343402e-07,0.6514539575623,0
299,135,0.0005426250000000006,-4.5e-05,0.6520742338467993,3.5128835814838125e-09,0.6520742303339158,0
1395,572,0.0004676250000000003,5.999999999999999e-05,0.6528457234516833,4.512235952656635e-08,0.6528456783293238,0
2962,824,0.00046393938099558276,-0.00017501293601540074,0.6531625331602247,1.395304283595456e-08,0.6531625192071818,0
734,315,0.0004601250000000003,-6.776263578034403e-21,0.6532613704472774,3.781305958944042e-08,0.6532613326342178,0
878,372,0.00040762500000000016,1.4999999999999992e-05,0.653527907362586,4.467154975645392e-06,0.6535234402076104,0
2503,719,0.0004765905330907351,-7.818663989945565e-05,0.653902255008994,3.957589316877576e-08,0.6539022154331009,0
954,401,0.0003888750000000001,2.249999999999999e-05,0.6541690756543627,6.780408216308079e-05,0.6541012715721995,0
3550,1302,0.0,-0.0017916666666666667,0.654394505383404,2.1460700857017973e-08,0.6543944839227032,0
2010,657,0.00045167000707205425,0.00010631609882119674,0.6544698776649978,6.556841812759795e-08,0.6544698120965796,0
1244,519,0.0005501250000000005,4.499999999999999e-05,0.6546272466381683,2.824955700280692e-09,0.6546272438132126,0
2794,762,0.0003115681039073707,0.00019770501798221614,0.6547748743069872,8.454143642207108e-10,0.6547748734615728,0
292,134,0.0005351250000000004,-4.5e-05,0.6557153885779302,4.125920831058063e-09,0.6557153844520094,0
519,230,0.0005388750000000004,-2.2500000000000005e-05,0.6567009656991964,3.0936338722280162e-09,0.6567009626055625,0
2364,706,0.00039905612662404367,-0.00013483739109859555,0.6568771392993,1.2436346873626324e-07,0.6568770149358313,0
3829,1366,0.000626945333864304,-0.0017488310248700133,0.6569232064952181,5.823364972043562e-09,0.6569232006718531,0
1439,583,0.0005501250000000005,5.999999999999999e-05,0.6569709900820876,3.2164234930436135e-09,0.6569709868656641,0
2085,664,0.0004062374388743861,0.0001325466043000965,0.6572703710867615,5.177173492806981e-08,0.6572703193150266,0
3746,1364,0.0005435187833675847,-0.0017471359451393734,0.6579291833578249,9.259807926297897e-08,0.6579290907597456,0
2146,671,0.0003543474732555907,0.00014026600445778972,0.6583974771308129,1.538209714277646e-08,0.6583974617487157,0
3322,1281,0.0011683063225345087,-0.001835821235010951,0.6585206264795318,3.04051247806275e-08,0.658520596074407,0
3957,1386,0.001455283505559255,-0.001747823274873921,0.6589508997207988,3.250126316178113e-08,0.6589508672195357,0
3419,1300,0.0019586220894085822,-0.0018338156596585703,0.6596443706223674,7.285132515831509e-08,0.6596442977710422,0
3911,1385,0.0014197734752504174,-0.0017467174082457623,0.6598574022329524,1.6766268000891533e-07,0.6598572345702725,0
2527,723,0.0005498054557068993,7.3531025277579e-05,0.660034598190862,2.8212094008646687e-09,0.6600345953696526,0
1791,634,0.0003251298648407288,-9.031591525967964e-05,0.6601222227260883,5.589535660989452e-09,0.6601222171365527,0
4106,1407,0.0002931700512453749,-0.0017084410577699741,0.6605062482846403,1.2275674944536702e-08,0.6605062360089654,0
2197,677,0.0003102206181636503,0.00013125744249047305,0.6631129638872203,1.890243106677214e-09,0.6631129619969772,0
3850,1383,0.0013348570556488925,-0.0017524623557613741,0.6631231226618505,1.63302481798422e-08,0.6631231063316023,0
4172,1407,0.0002931700512453749,-0.0017084410577699741,0.6632882497397607,1.2275674944536702e-08,0.6632882374640858,0
1362,564,0.00040762500000000016,5.999999999999999e-05,0.6634439479157092,7.2809624347809e-07,0.6634432198194656,0
178,76,0.0005801250000000006,-6e-05,0.6638980341520759,1.1254414698438514e-09,0.6638980330266344,0
2347,705,0.0003917622054501175,-0.00013673940679297052,0.6648531019162595,3.669571335376032e-08,0.6648530652205461,0
1230,514,0.0005126250000000005,4.499999999999999e-05,0.6654399417151731,7.042178697472972e-09,0.6654399346729943,0
943,398,0.00036637500000000006,2.249999999999999e-05,0.6715161808194613,0.0058053467363364634,0.6657108340831248,0
1617,616,0.00039134187801685423,9.160009583835657e-05,0.6663403135092281,4.310611809911413e-07,0.6663398824480471,0
1483,597,0.0003657136775702661,6.652313992562682e-05,0.6674392991685107,4.479246900015937e-06,0.6674348199216107,0
2724,752,0.0003862578919856826,0.00020185005772340985,0.6674528621180316,5.957104811766834e-09,0.6674528561609268,0
3129,1256,0.00012691196507293,-0.0018305646115425647,0.6679784645828772,3.2245341414056467e-09,0.667978461358343,0
2027,660,0.00043342860296878213,0.00011964423651476869,0.6685639924565986,1.374152746961556e-07,0.6685638550413239,0
642,281,0.00044137500000000025,-7.500000000000006e-06,0.6685688475249494,1.2903463586915307e-07,0.6685687184903135,0
315,143,0.00036637500000000006,-3.7500000000000003e-05,0.6699051283268477,0.0006643243141099803,0.6692408040127377,0
4139,1407,0.0002931700512453749,-0.0017084410577699741,0.67071615890653,1.2275674944536702e-08,0.6707161466308551,0
3905,1385,0.0014197734752504174,-0.0017467174082457623,0.6707230030953515,1.6766268000891533e-07,0.6707228354326715,0
4343,1432,0.001331330508901036,-0.0017097630929053104,0.671160688011048,5.977987489325365e-09,0.6711606820330606,0
1631,616,0.00039134187801685423,9.160009583835657e-05,0.6717501420536819,4.310611809911413e-07,0.6717497109925009,0
2087,665,0.0003990561266240436,0.00013483739109859555,0.6719060216775361,1.1517645074678549e-07,0.6719059065010854,0
599,265,0.0005576250000000006,-1.5000000000000005e-05,0.6722483714268053,1.864598290063078e-09,0.672248369562207,0
667,288,0.0004938750000000003,-7.500000000000006e-06,0.6724073751436005,8.972237855834793e-09,0.6724073661713627,0
1898,644,0.00039834594430604073,-8.889589096520435e-05,0.6726034066347643,3.44733742335527e-07,0.6726030619010219,0
3907,1385,0.0014197734752504174,-0.0017467174082457623,0.6726194774270939,1.6766268000891533e-07,0.672619309764414,0
2632,739,0.00047658068823323103,0.00016685882004120083,0.6729008640290409,1.4560114185213875e-08,0.6729008494689267,0
2970,825,0.0004703353870478569,-0.00017105269673254288,0.6730695605075221,1.4122409247122126e-08,0.6730695463851128,0
195,85,0.0004113750000000002,-5.25e-05,0.6731065926231512,1.0885119497787139e-06,0.6731055041112014,0
407,183,0.0004226250000000002,-3.0000000000000004e-05,0.6731068904208148,6.448313520242875e-07,0.6731062455894629,0
4333,1432,0.001331330508901036,-0.0017097630929053104,0.6735365449938975,5.977987489325365e-09,0.67353653901591,0
4126,1407,0.0002931700512453749,-0.0017084410577699741,0.674080642461296,1.2275674944536702e-08,0.674080630185621,0
1583,612,0.0004178131277148982,7.765650738373669e-05,0.6741740802458712,3.969110216605586e-07,0.6741736833348496,0
3965,1386,0.001455283505559255,-0.001747823274873921,0.6748132721839537,3.250126316178113e-08,0.6748132396826906,0
862,367,0.00037012500000000007,1.4999999999999992e-05,0.6894460321743041,0.014365489330461454,0.6750805428438427,0
2571,730,0.0005246760455161772,0.00011964415041124919,0.6770571345137233,1.1436804951437766e-08,0.6770571230769183,0
824,348,0.00047137500000000033,7.4999999999999926e-06,0.6775387685552325,2.173898157039657e-08,0.6775387468162509,0
593,263,0.0005426250000000006,-1.5000000000000005e-05,0.6775465134946899,2.737706135495536e-09,0.6775465107569837,0
3779,1365,0.0005858232018222758,-0.001752429859975062,0.6778672473784745,1.2900585714593919e-08,0.6778672344778888,0
149,68,0.0005201250000000004,-6e-05,0.6783349712031662,7.193027720452753e-09,0.6783349640101385,0
361,162,0.0005088750000000003,-3.7500000000000003e-05,0.6783735724263416,7.164466666471789e-09,0.6783735652618749,0
187,82,0.0003888750000000001,-5.25e-05,0.6794357122503911,6.703792878923332e-06,0.6794290084575122,0
1068,444,0.0004676250000000003,2.999999999999999e-05,0.6794311564336936,3.071972512017674e-08,0.6794311257139685,0
2170,675,0.0003245780653356293,0.00013583736455696568,0.6795830254524343,1.1477695008264013e-08,0.6795830139747393,0
390,179,0.0003926250000000001,-3.0000000000000004e-05,0.680381693108979,1.9721553177643056e-05,0.6803619715558014,0
2446,714,0.0004516700070720543,-0.00010631609882119671,0.6805617586563928,8.836640397662698e-08,0.6805616702899888,0
2159,673,0.0003393437404681261,0.00013885179871827666,0.6806755878351497,6.146791561234625e-09,0.6806755816883582,0
4013,1387,0.0015029018387132948,-0.0017473203703996317,0.6822596159914832,2.180477085144828e-08,0.6822595941867123,0
3536,1302,0.0,-0.0017916666666666667,0.6824234394541743,2.1460700857017973e-08,0.6824234179934734,0
2844,808,0.0003487209506984081,-0.00020323805190300341,0.6828281972110412,1.1655154774778041e-09,0.6828281960455257,0
1099,458,0.0005726250000000007,2.999999999999999e-05,0.683599441416107,1.1588842876378932e-09,0.6835994402572226,0
1201,498,0.0003926250000000001,4.499999999999999e-05,0.684413393433775,7.271929908837139e-06,0.6844061215038663,0
1877,643,0.0003913418780168542,-9.160009583835658e-05,0.6844698966350381,4.3674982910749494e-07,0.684469459885209,0
2331,705,0.0003917622054501175,-0.00013673940679297052,0.6858509453851224,3.669571335376032e-08,0.685850908689409,0
3125,1255,8.021387565745436e-05,-0.0018312838481263913,0.6862077063461643,9.498567254074446e-10,0.6862077053963076,0
800,340,0.0004113750000000002,7.4999999999999926e-06,0.686332671272137,2.915922440972005e-06,0.6863297553496961,0
171,73,0.0005576250000000006,-6e-05,0.6864978819445552,2.5000033993835233e-09,0.6864978794445518,0
27,30,0.00031661055043433607,6.0578213238823295e-05,0.6865805692548005,1.017085796253868e-08,0.6865805590839426,0
169,72,0.0005501250000000005,-6e-05,0.6871476024949273,3.177425716409928e-09,0.6871475993175016,0
3717,1363,0.0004980498508590125,-0.0017495891039972066,0.6871598139022296,1.303138308747088e-07,0.6871596835883987,0
3560,1302,0.0,-0.0017916666666666667,0.6878511660289038,2.1460700857017973e-08,0.687851144568203,0
2114,666,0.0003917622054501175,0.00013673940679297052,0.6878762267411899,4.235101707239463e-08,0.6878761843901728,0
3471,1301,0.002,-0.0018333333333333333,0.6890746654983242,3.6044118441876554e-08,0.6890746294542057,0
1093,456,0.0005576250000000006,2.999999999999999e-05,0.6891842558714703,1.9756956081817046e-09,0.6891842538957746,0
3634,1318,0.0006654805645827595,-0.0017913884242686483,0.6899635864537781,1.3505968375492156e-08,0.6899635729478097,0
2553,727,0.0005369037385796695,0.00010068758598264056,0.690130539311561,5.512032687955576e-09,0.6901305337995283,0
1554,607,0.00035809336779726213,-6.674083465604075e-05,0.6915602322549584,7.604467373998765e-07,0.6915594718082211,0
1621,616,0.00039134187801685423,9.160009583835657e-05,0.6918617689098897,4.310611809911413e-07,0.6918613378487087,0
40,31,0.00030925942357315874,6.51523300918678e-05,0.6932634115468737,8.624913861177937e-14,0.6932634115467874,0
2564,729,0.0005289846124320408,0.00011347741385698137,0.694671649148206,8.377264241768494e-09,0.6946716407709418,0
3318,1281,0.0011683063225345087,-0.001835821235010951,0.6948391732335125,3.04051247806275e-08,0.6948391428283878,0
401,181,0.00040762500000000016,-3.0000000000000004e-05,0.6950886217499782,2.908092661345162e-06,0.6950857136573169,0
2790,761,0.00031890667683076205,0.00019935962852439364,0.6957894992265988,1.1234540087756449e-09,0.6957894981031448,0
2450,714,0.0004516700070720543,-0.00010631609882119671,0.6971293190274335,8.836640397662698e-08,0.6971292306610295,0
527,233,0.0005613750000000006,-2.2500000000000005e-05,0.6972283207172888,1.708376565504911e-09,0.6972283190089122,0
1737,627,0.00031159315421549485,8.384311633291435e-05,0.6975291753623479,8.779130966173827e-10,0.6975291744844349,0
3315,1281,0.0011683063225345087,-0.001835821235010951,0.6978915778965619,3.04051247806275e-08,0.6978915474914371,0
3541,1302,0.0,-0.0017916666666666667,0.7001966909945139,2.1460700857017973e-08,0.700196669533813,0
2281,700,0.0003543474732555907,-0.00014026600445778972,0.7010888446835146,1.291702848647408e-08,0.7010888317664862,0
1269,531,0.00040387500000000015,5.249999999999999e-05,0.7013312816338596,1.931916707650573e-06,0.701329349717152,0
3104,841,0.0005469587483604977,-8.049440419030242e-05,0.7019124027405742,3.87256742150957e-09,0.7019123988680068,0
1789,634,0.0003251298648407288,-9.031591525967964e-05,0.7024099956498991,5.589535660989452e-09,0.7024099900603635,0
945,398,0.00036637500000000006,2.249999999999999e-05,0.7094149959609712,0.0058053467363364634,0.7036096492246348,0
3871,1384,0.0013738430140100327,-0.001747035302962676,0.7037147326986523,7.187926468036283e-08,0.7037146608193876,0
4276,1410,0.0004191076616030197,-0.0017055678807356095,0.7045142583959689,6.347297876509247e-09,0.704514252048671,0
478,215,0.0004263750000000002,-2.2500000000000005e-05,0.705411124488284,4.71686435544728e-07,0.7054106528018484,0
1716,625,0.00032512986484072894,9.031591525967967e-05,0.7054771324544745,6.0560206497547175e-09,0.7054771263984538,0
1842,641,0.0003768115211141669,-9.534287405489409e-05,0.7059201230031598,1.9471265255993482e-07,0.7059199282905072,0
3096,839,0.0005405034812376771,-9.408196402900622e-05,0.7065117423973584,3.984490126884458e-09,0.7065117384128682,0
1757,631,0.00030524151040733455,-7.983983149249142e-05,0.7065539090771595,6.597063191153155e-14,0.7065539090770936,0
3994,1387,0.0015029018387132948,-0.0017473203703996317,0.7066385904875688,2.180477085144828e-08,0.706638568682798,0
3555,1302,0.0,-0.0017916666666666667,0.7068592486753305,2.1460700857017973e-08,0.7068592272146296,0
4044,1406,0.0002528682826605001,-0.0017101146573470373,0.7075982616450449,2.8236642550380505e-09,0.7075982588213806,0
3426,1300,0.0019586220894085822,-0.0018338156596585703,0.7079137881759031,7.285132515831509e-08,0.7079137153245779,0
828,350,0.00048637500000000037,7.4999999999999926e-06,0.7081498487939498,1.1707698381136869e-08,0.7081498370862515,0
2708,751,0.00039369862170935083,0.00020074193779418822,0.7090450613574811,8.718542757268554e-09,0.7090450526389384,0
2240,694,0.00031022061816365025,-0.00013125744249047302,0.7123069374413403,1.7296886262542678e-09,0.7123069357116517,0
748,318,0.00048262500000000036,-6.776263578034403e-21,0.7123521975666407,1.3306221216520712e-08,0.7123521842604195,0
3649,1318,0.0006654805645827595,-0.0017913884242686483,0.7124355989365353,1.3505968375492156e-08,0.712435585430567,0
3312,1281,0.0011683063225345087,-0.001835821235010951,0.7127123434713774,3.04051247806275e-08,0.7127123130662526,0
2161,673,0.0003393437404681261,0.00013885179871827666,0.7134781982535521,6.146791561234625e-09,0.7134781921067606,0
3222,1280,0.0011235544737104631,-0.0018311701190403204,0.7137258158712045,1.3513546574396908e-08,0.7137258023576579,0
2701,751,0.00039369862170935083,0.00020074193779418822,0.7138288889046824,8.718542757268554e-09,0.7138288801861397,0
4107,1407,0.0002931700512453749,-0.0017084410577699741,0.7146728475131463,1.2275674944536702e-08,0.7146728352374714,0
2166,674,0.0003319204225564887,0.00013754286748407854,0.715279504507921,8.794418033408879e-09,0.7152794957135029,0
500,223,0.00048637500000000037,-2.2500000000000005e-05,0.7153816207527619,1.2943416680161535e-08,0.7153816078093452,0
2167,674,0.0003319204225564887,0.00013754286748407854,0.7156362169203936,8.794418033408879e-09,0.7156362081259755,0
2755,756,0.00035623860436146976,0.0002035160303202824,0.7164389927082299,2.5392780058497007e-09,0.7164389901689519,0
960,403,0.00040387500000000015,2.249999999999999e-05,0.7169990169817887,6.099812831657431e-06,0.7169929171689571,0
2173,676,0.0003173378387221443,0.00013374020734338335,0.7173711103493007,1.2535618619664699e-09,0.7173711090957389,0
2344,705,0.0003917622054501175,-0.00013673940679297052,0.717416920055001,3.669571335376032e-08,0.7174168833592877,0
2034,660,0.00043342860296878213,0.00011964423651476869,0.717510215428883,1.374152746961556e-07,0.7175100780136083,0
413,185,0.00043762500000000024,-3.0000000000000004e-05,0.7177799912633863,1.911468443889159e-07,0.717779800116542,0
4102,1407,0.0002931700512453749,-0.0017084410577699741,0.7183481496369919,1.2275674944536702e-08,0.718348137361317,0
1163,481,0.0005088750000000003,3.749999999999999e-05,0.7191401724721908,7.211410989744806e-09,0.7191401652607797,0
3968,1387,0.0015029018387132948,-0.0017473203703996317,0.7192920152653349,2.180477085144828e-08,0.719291993460564,0
4256,1409,0.0003752823907658263,-0.0017092114270423236,0.7193505363441759,3.208013893465805e-08,0.7193505042640369,0
812,344,0.00044137500000000025,7.4999999999999926e-06,0.7199103195935223,1.2899488563197846e-07,0.7199101905986366,0
1133,473,0.00044887500000000027,3.749999999999999e-05,0.7205384495793724,9.217581943895485e-08,0.720538357403553,0
1776,633,0.00031823592248996624,-8.734215880635975e-05,0.7215367542064656,7.281412540505613e-09,0.721536746925053,0
2275,700,0.0003543474732555907,-0.00014026600445778972,0.7222730651039908,1.291702848647408e-08,0.7222730521869624,0
3839,1383,0.0013348570556488925,-0.0017524623557613741,0.723491665072066,1.63302481798422e-08,0.7234916487418178,0
259,118,0.0004151250000000002,-4.5e-05,0.7252391996257831,9.84688145988273e-07,0.7252382149376371,0
220,96,0.0004938750000000003,-5.25e-05,0.7252709740765183,1.4153289192408253e-08,0.7252709599232291,0
2493,717,0.00046753720614419884,-9.023443001343242e-05,0.7257343267027507,2.3675745995681973e-08,0.7257343030270047,0
3941,1386,0.001455283505559255,-0.001747823274873921,0.7259026783544037,3.250126316178113e-08,0.7259026458531406,0
3506,1301,0.002,-0.0018333333333333333,0.7261751443136932,3.6044118441876554e-08,0.7261751082695748,0
1743,627,0.00031159315421549485,8.384311633291435e-05,0.7268259219827418,8.779130966173827e-10,0.7268259211048287,0
97,59,0.0004526250000000003,-6e-05,0.7268630751346689,5.974883135408689e-08,0.7268630153858375,0
4312,1431,0.0012933998027881317,-0.001710610546743135,0.7276559870297915,3.603961414914697e-09,0.72765598342583,0
239,102,0.0005388750000000004,-5.25e-05,0.72842328118127,4.076059754260352e-09,0.7284232771052103,0
2248,695,0.0003173378387221443,-0.00013374020734338335,0.7301231777569616,1.210188274086831e-09,0.7301231765467733,0
3641,1318,0.0006654805645827595,-0.0017913884242686483,0.7301483796445981,1.3505968375492156e-08,0.7301483661386298,0
2046,661,0.0004269006467537924,0.00012341315379275108,0.7306928736898607,4.463506753824434e-08,0.7306928290547932,0
2369,707,0.00040623743887438605,-0.0001325466043000965,0.7308064081311368,7.728247968619983e-08,0.7308063308486572,0
3068,839,0.0005405034812376771,-9.408196402900622e-05,0.7308798675002255,3.984490126884458e-09,0.7308798635157353,0
4237,1408,0.0003352491194219976,-0.001709268843234495,0.7309116813803128,2.90809048727778e-08,0.7309116522994079,0
4223,1408,0.0003352491194219976,-0.001709268843234495,0.7309706264695354,2.90809048727778e-08,0.7309705973886305,0
1816,638,0.0003543707844675283,-9.664989812570138e-05,0.7310264543676527,9.977164192353979e-08,0.7310263545960107,0
547,248,0.0004301250000000002,-1.5000000000000005e-05,0.7318829607519286,3.353063570656788e-07,0.7318826254455716,0
787,336,0.0003813750000000001,7.4999999999999926e-06,0.7332265744573836,0.0007289379422381506,0.7324976365151454,0
3115,842,0.0005498054557068993,-7.353102527757903e-05,0.7333779374522735,2.8923715216076588e-09,0.733377934559902,0
423,190,0.00047512500000000034,-3.0000000000000004e-05,0.734503262024902,2.1927796623020626e-08,0.7345032400971054,0
2805,763,0.0003042956831283606,0.0001957803661666298,0.7345521689345328,1.584729507971147e-10,0.7345521687760599,0
4042,1406,0.0002528682826605001,-0.0017101146573470373,0.7352310873504224,2.8236642550380505e-09,0.7352310845267581,0
2354,706,0.00039905612662404367,-0.00013483739109859555,0.7352914952909372,1.2436346873626324e-07,0.7352913709274684,0
2469,716,0.0004625386972560682,-9.587658019650753e-05,0.7356466257401124,4.4855855708196496e-08,0.7356465808842567,0
3971,1387,0.0015029018387132948,-0.0017473203703996317,0.7359882454606167,2.180477085144828e-08,0.7359882236558458,0
20,28,0.00033537279169846044,4.626701118018792e-05,0.7362057436436485,4.813700262333484e-06,0.7362009299433863,0
3898,1385,0.0014197734752504174,-0.0017467174082457623,0.7364780070863821,1.6766268000891533e-07,0.7364778394237022,0
2769,757,0.0003487209506984081,0.00020323805190300341,0.7371725728560385,2.630770096533511e-09,0.7371725702252685,0
1649,617,0.00038414931798545055,9.375340695706516e-05,0.738003379605436,1.7592857514829883e-07,0.7380032036768609,0
3608,1317,0.0006264091269581266,-0.001793554870120426,0.7384413002291692,7.340702519687142e-08,0.738441226822144,0
3571,1314,0.0004984881118846614,-0.001793090059836856,0.7394388604426969,9.180600153086182e-08,0.7394387686366953,0
3459,1301,0.002,-0.0018333333333333333,0.7396832569782823,3.6044118441876554e-08,0.7396832209341638,0
3544,1302,0.0,-0.0017916666666666667,0.74015213531622,2.1460700857017973e-08,0.7401521138555192,0
4024,1388,0.0015430996086898707,-0.0017488292043807475,0.7418405021143789,3.510913238384681e-09,0.7418404986034657,0
806,343,0.00043387500000000023,7.4999999999999926e-06,0.7423072869502311,2.3782304958333776e-07,0.7423070491271815,0
2761,757,0.0003487209506984081,0.00020323805190300341,0.7425628149332941,2.630770096533511e-09,0.7425628123025241,0
725,311,0.0004301250000000002,-6.776263578034403e-21,0.7426519259456192,3.336432876647733e-07,0.7426515923023316,0
2066,661,0.0004269006467537924,0.00012341315379275108,0.7427514740821127,4.463506753824434e-08,0.7427514294470452,0
4075,1406,0.0002528682826605001,-0.0017101146573470373,0.7437735219328244,2.8236642550380505e-09,0.7437735191091601,0
927,389,0.0005351250000000004,1.4999999999999992e-05,0.7440766667499183,3.161649619680312e-09,0.7440766635882687,0
1165,482,0.0005163750000000004,3.749999999999999e-05,0.7441058895243693,5.818312589710723e-09,0.7441058837060567,0
1245,519,0.0005501250000000005,4.499999999999999e-05,0.7441326351575183,2.824955700280692e-09,0.7441326323325625,0
4105,1407,0.0002931700512453749,-0.0017084410577699741,0.7443307673107852,1.2275674944536702e-08,0.7443307550351103,0
1232,514,0.0005126250000000005,4.499999999999999e-05,0.7445974647081623,7.042178697472972e-09,0.7445974576659836,0
1839,640,0.0003693726177767849,-9.63589378896933e-05,0.7450763164301871,2.899099018836165e-07,0.7450760265202853,0
2575,732,0.0005153903208829037,0.00013147916515700845,0.7452439205233483,7.101177484728671e-09,0.7452439134221708,0
17,27,0.000345033893684971,3.63173722352474e-05,0.7463587649864681,8.258718507453034e-06,0.7463505062679607,0
2523,723,0.0005498054557068993,7.3531025277579e-05,0.7476216312452512,2.8212094008646687e-09,0.7476216284240418,0
161,70,0.0005351250000000004,-6e-05,0.7485447023086844,4.579765846141596e-09,0.7485446977289185,0
1396,572,0.0004676250000000003,5.999999999999999e-05,0.7485488724329795,4.512235952656635e-08,0.74854882731062,0
3949,1386,0.001455283505559255,-0.001747823274873921,0.7491016454372058,3.250126316178113e-08,0.7491016129359427,0
2772,757,0.0003487209506984081,0.00020323805190300341,0.7491726496833493,2.630770096533511e-09,0.7491726470525792,0
3813,1366,0.000626945333864304,-0.0017488310248700133,0.7492074685657844,5.823364972043562e-09,0.7492074627424193,0
3457,1301,0.002,-0.0018333333333333333,0.7492798247282951,3.6044118441876554e-08,0.7492797886841767,0
1560,608,0.0003657136775702661,-6.652313992562682e-05,0.7509905066838453,4.3863601097320254e-06,0.7509861203237356,0
2607,736,0.0004943281581209462,0.00015293419705974772,0.7520936508442939,1.39298703782177e-08,0.7520936369144235,0
218,95,0.00048637500000000037,-5.25e-05,0.7522906908190383,1.8815816774589828e-08,0.7522906720032215,0
294,134,0.0005351250000000004,-4.5e-05,0.7524218595698732,4.125920831058063e-09,0.7524218554439523,0
2753,756,0.00035623860436146976,0.0002035160303202824,0.7524759349642873,2.5392780058497007e-09,0.7524759324250093,0
3286,1281,0.0011683063225345087,-0.001835821235010951,0.7528944202295593,3.04051247806275e-08,0.7528943898244346,0
912,386,0.0005126250000000005,1.4999999999999992e-05,0.7531265963087197,5.315349098649421e-09,0.7531265909933706,0
112,61,0.0004676250000000003,-6e-05,0.7537680655545631,4.194828025322652e-08,0.7537680236062828,0
2832,805,0.0003263013782906491,-0.0002007419377941882,0.7538511230643489,1.969868987527466e-09,0.7538511210944799,0
795,339,0.00040387500000000015,7.4999999999999926e-06,0.7540758980653398,9.099974363044701e-06,0.7540667980909768,0
2079,663,0.00041328543661888856,0.00012987365132883328,0.7542487838062314,4.804138748825676e-08,0.7542487357648439,0
3665,1318,0.0006654805645827595,-0.0017913884242686483,0.754488033443202,1.3505968375492156e-08,0.7544880199372337,0
2617,736,0.0004943281581209462,0.00015293419705974772,0.7547766479838671,1.39298703782177e-08,0.7547766340539968,0
2276,700,0.0003543474732555907,-0.00014026600445778972,0.755101638111448,1.291702848647408e-08,0.7551016251944196,0
65,52,0.00040012500000000014,-6e-05,0.7554019504529167,1.1045510481293354e-06,0.7554008459018685,0
1696,623,0.00033950416661001666,9.461929871262797e-05,0.7557365250084985,4.618389126633074e-08,0.7557364788246073,0
2247,695,0.0003173378387221443,-0.00013374020734338335,0.7564136262970577,1.210188274086831e-09,0.7564136250868694,0
1143,476,0.00047137500000000033,3.749999999999999e-05,0.7564676592208359,2.809402790926824e-08,0.756467631126808,0
3712,1363,0.0004980498508590125,-0.0017495891039972066,0.7592952898342803,1.303138308747088e-07,0.7592951595204495,0
648,282,0.00044887500000000027,-7.500000000000006e-06,0.7595290218475984,7.574904687384464e-08,0.7595289460985515,0
1299,541,0.00047887500000000035,5.249999999999999e-05,0.76030148599364,2.4890051393469826e-08,0.7603014611035886,0
1650,618,0.00037681152111416696,9.534287405489408e-05,0.7609011420597783,1.9704562837636954e-07,0.76090094501415,0
876,372,0.00040762500000000016,1.4999999999999992e-05,0.7615182390138049,4.467154975645392e-06,0.7615137718588293,0
3542,1302,0.0,-0.0017916666666666667,0.7615834003197764,2.1460700857017973e-08,0.7615833788590756,0
1745,627,0.00031159315421549485,8.384311633291435e-05,0.7621847677002103,8.779130966173827e-10,0.7621847668222972,0
314,143,0.00036637500000000006,-3.7500000000000003e-05,0.7629306400478022,0.0006643243141099803,0.7622663157336922,0
1043,439,0.0004301250000000002,2.999999999999999e-05,0.7626813189839382,3.43522729250625e-07,0.7626809754612089,0
1767,632,0.0003115931542154948,-8.38431163329143e-05,0.762698075212808,1.1820845718733618e-09,0.7626980740307234,0
3716,1363,0.0004980498508590125,-0.0017495891039972066,0.7633064583387199,1.303138308747088e-07,0.7633063280248891,0
1721,625,0.00032512986484072894,9.031591525967967e-05,0.7634595100480839,6.0560206497547175e-09,0.7634595039920632,0
3299,1281,0.0011683063225345087,-0.001835821235010951,0.7636567315144925,3.04051247806275e-08,0.7636567011093678,0
3135,1256,0.00012691196507293,-0.0018305646115425647,0.7642949875955479,3.2245341414056467e-09,0.7642949843710137,0
3884,1384,0.0013738430140100327,-0.001747035302962676,0.7644346791368727,7.187926468036283e-08,0.764434607257608,0
1517,600,0.0003430263342084167,6.457452227107159e-05,0.7649204743784603,1.601313965866978e-06,0.7649188730644945,0
1778,633,0.00031823592248996624,-8.734215880635975e-05,0.765323451974641,7.281412540505613e-09,0.7653234446932284,0
1669,621,0.00035437078446752833,9.664989812570138e-05,0.765810270353826,1.2562936241729608e-07,0.7658101447244635,0
4123,1407,0.0002931700512453749,-0.0017084410577699741,0.7659023569414309,1.2275674944536702e-08,0.765902344665756,0
583,259,0.0005126250000000005,-1.5000000000000005e-05,0.7662679577766164,5.302398974856936e-09,0.7662679524742174,0
3199,1279,0.0010853696574508723,-0.0018348853894366581,0.7664189148359971,2.731603399001012e-09,0.7664189121043937,0
488,219,0.0004563750000000003,-2.2500000000000005e-05,0.7669268633350226,5.204886056463517e-08,0.766926811286162,0
4303,1430,0.0012466915290819092,-0.0017102513126253656,0.7670344235786055,4.4781034284360416e-10,0.7670344231307952,0
2542,726,0.0005405034812376771,9.40819640290061e-05,0.767555178314367,3.4190466697932333e-09,0.7675551748953203,0
4265,1409,0.0003752823907658263,-0.0017092114270423236,0.7681454520874307,3.208013893465805e-08,0.7681454200072917,0
1178,486,0.0005463750000000005,3.749999999999999e-05,0.7684688747731957,2.927187003366731e-09,0.7684688718460086,0
2222,693,0.00030324692444946453,-0.0001283962284520233,0.7686513833114741,1.895665708906316e-09,0.7686513814158084,0
1918,647,0.0004178131277148981,-7.76565073837367e-05,0.7688450969126428,4.813127743877614e-07,0.7688446155998684,0
3310,1281,0.0011683063225345087,-0.001835821235010951,0.7690815271008032,3.04051247806275e-08,0.7690814966956785,0
4046,1406,0.0002528682826605001,-0.0017101146573470373,0.7693083696856321,2.8236642550380505e-09,0.7693083668619678,0
2530,726,0.0005405034812376771,9.40819640290061e-05,0.7694558337431907,3.4190466697932333e-09,0.769455830324144,0
1418,579,0.0005201250000000004,5.999999999999999e-05,0.7697151295566859,8.026380258345251e-09,0.7697151215303056,0
3621,1317,0.0006264091269581266,-0.001793554870120426,0.7699436982717822,7.340702519687142e-08,0.769943624864757,0
829,350,0.00048637500000000037,7.4999999999999926e-06,0.7700873588570866,1.1707698381136869e-08,0.7700873471493882,0
1364,564,0.00040762500000000016,5.999999999999999e-05,0.7703144426596455,7.2809624347809e-07,0.770313714563402,0
2756,756,0.00035623860436146976,0.0002035160303202824,0.7710244853928974,2.5392780058497007e-09,0.7710244828536194,0
51,50,0.0003851250000000001,-6e-05,0.7714859924177307,1.9244926481349133e-06,0.7714840679250826,0
2471,716,0.0004625386972560682,-9.587658019650753e-05,0.7727747611669383,4.4855855708196496e-08,0.7727747163110826,0
3298,1281,0.0011683063225345087,-0.001835821235010951,0.7736231651794253,3.04051247806275e-08,0.7736231347743006,0
533,242,0.0003851250000000001,-1.5000000000000005e-05,0.773894403306804,0.00024033396450647929,0.7736540693422975,0
1468,594,0.0003486961444771855,-4.4637915982671575e-05,0.7742000363252601,5.494759238390881e-06,0.7741945415660217,0
3145,1257,0.00016780204431158984,-0.001832047585117765,0.7742965363339652,5.94799990830093e-09,0.7742965303859654,0
3538,1302,0.0,-0.0017916666666666667,0.7744370967227489,2.1460700857017973e-08,0.774437075262048,0
3765,1365,0.0005858232018222758,-0.001752429859975062,0.7754991087820821,1.2900585714593919e-08,0.7754990958814963,0
3279,1280,0.0011235544737104631,-0.0018311701190403204,0.7758843807914109,1.3513546574396908e-08,0.7758843672778643,0
3807,1365,0.0005858232018222758,-0.001752429859975062,0.7761754659122961,1.2900585714593919e-08,0.7761754530117104,0
1524,603,0.00032884152669234064,-5.9051873789722924e-05,0.7766818403471374,1.3793106978125105e-08,0.7766818265540304,0
3083,839,0.0005405034812376771,-9.408196402900622e-05,0.7771152775527518,3.984490126884458e-09,0.7771152735682616,0
1222,508,0.0004676250000000003,4.499999999999999e-05,0.7771543730844069,3.541505591853252e-08,0.777154337669351,0
896,381,0.00047512500000000034,1.4999999999999992e-05,0.7771839955530023,1.9140358918043233e-08,0.7771839764126434,0
2485,717,0.00046753720614419884,-9.023443001343242e-05,0.777517091632401,2.3675745995681973e-08,0.777517067956655,0
426,191,0.00048262500000000036,-3.0000000000000004e-05,0.7784312200080222,1.618040377709999e-08,0.7784312038276184,0
2605,736,0.0004943281581209462,0.00015293419705974772,0.7788104887549633,1.39298703782177e-08,0.7788104748250929,0
2260,697,0.00033192042255648864,-0.00013754286748407854,0.7788989868428342,8.33369438069656e-09,0.7788989785091398,0
4060,1406,0.0002528682826605001,-0.0017101146573470373,0.7791945917653648,2.8236642550380505e-09,0.7791945889417005,0
363,163,0.0005163750000000004,-3.7500000000000003e-05,0.7794731876267199,5.7746834961901124e-09,0.7794731818520364,0
2126,667,0.00038437670561554204,0.0001382471673795964,0.780432490275331,2.6037155044868073e-08,0.7804324642381759,0
2781,758,0.00034121870285998014,0.0002026824747535266,0.7807687147276836,1.3750670286002188e-09,0.7807687133526166,0
2982,826,0.00047658068823323103,-0.00016685882004120089,0.7819789301593352,1.501028608746256e-08,0.781978915149049,0
3752,1364,0.0005435187833675847,-0.0017471359451393734,0.7822454821321969,9.259807926297897e-08,0.7822453895341176,0
4273,1409,0.0003752823907658263,-0.0017092114270423236,0.7828341317541405,3.208013893465805e-08,0.7828340996740015,0
2241,695,0.0003173378387221443,-0.00013374020734338335,0.7835446003509569,1.210188274086831e-09,0.7835445991407686,0
355,158,0.00047887500000000035,-3.7500000000000003e-05,0.7836427975633712,2.053186253119957e-08,0.7836427770315086,0
1192,496,0.0003776250000000001,4.499999999999999e-05,0.7838658116732835,3.3348783103194805e-05,0.7838324628901803,0
2993,827,0.0004826667542215086,-0.00016243703427247025,0.7843889832024131,1.977978557610221e-08,0.7843889634226275,0
1258,527,0.0003738750000000001,5.249999999999999e-05,0.785122095387373,2.6614511200649062e-05,0.7850954808761723,0
1342,561,0.0003851250000000001,5.999999999999999e-05,0.7860071910799956,2.172403207948945e-06,0.7860050186767876,0
3285,1281,0.0011683063225345087,-0.001835821235010951,0.7864347673343456,3.04051247806275e-08,0.7864347369292208,0
1722,625,0.00032512986484072894,9.031591525967967e-05,0.7866315783827231,6.0560206497547175e-09,0.7866315723267024,0
3991,1387,0.0015029018387132948,-0.0017473203703996317,0.7868031194537561,2.180477085144828e-08,0.7868030976489853,0
1098,457,0.0005651250000000005,2.999999999999999e-05,0.7881379051595613,1.527551949803339e-09,0.7881379036320093,0
1643,617,0.00038414931798545055,9.375340695706516e-05,0.7887624434569593,1.7592857514829883e-07,0.7887622675283842,0
1734,626,0.0003182359224899663,8.734215880635978e-05,0.7894287415683932,7.3320827800480875e-09,0.7894287342363103,0
2877,809,0.0003562386043614697,-0.0002035160303202824,0.7896711619304537,2.7376551071689497e-09,0.7896711591927986,0
4308,1430,0.0012466915290819092,-0.0017102513126253656,0.7898223707568287,4.4781034284360416e-10,0.7898223703090184,0
2461,716,0.0004625386972560682,-9.587658019650753e-05,0.7901533100597908,4.4855855708196496e-08,0.7901532652039351,0
3479,1301,0.002,-0.0018333333333333333,0.7904455201930762,3.6044118441876554e-08,0.7904454841489578,0
2406,710,0.0004269006467537924,-0.00012341315379275108,0.7907050334360474,8.35969419845021e-08,0.7907049498391053,0
2586,733,0.0005104258463483998,0.0001371312781419443,0.7915385560695228,1.1154246138679001e-08,0.7915385449152766,0
3178,1279,0.0010853696574508723,-0.0018348853894366581,0.7920050295516363,2.731603399001012e-09,0.7920050268200329,0
2379,708,0.00041328543661888856,-0.00012987365132883328,0.7920885999090633,9.807531348419076e-08,0.7920885018337498,0
3200,1279,0.0010853696574508723,-0.0018348853894366581,0.7926176916627261,2.731603399001012e-09,0.7926176889311227,0
2754,756,0.00035623860436146976,0.0002035160303202824,0.7929618288633047,2.5392780058497007e-09,0.7929618263240267,0
1048,439,0.0004301250000000002,2.999999999999999e-05,0.792988071533751,3.43522729250625e-07,0.7929877280110217,0
1677,621,0.00035437078446752833,9.664989812570138e-05,0.7930952498942938,1.2562936241729608e-07,0.7930951242649313,0
4067,1406,0.0002528682826605001,-0.0017101146573470373,0.7936351921268244,2.8236642550380505e-09,0.7936351893031601,0
2437,714,0.0004516700070720543,-0.00010631609882119671,0.7937634084082795,8.836640397662698e-08,0.7937633200418756,0
338,151,0.0004263750000000002,-3.7500000000000003e-05,0.7943306713088316,4.602951734782712e-07,0.7943302110136581,0
2695,750,0.00040109332316923805,0.00019935962852439364,0.7948073775153384,1.943750454569452e-08,0.7948073580778339,0
3317,1281,0.0011683063225345087,-0.001835821235010951,0.7962019040446262,3.04051247806275e-08,0.7962018736395015,0
382,169,0.0005613750000000006,-3.7500000000000003e-05,0.7968355703447945,1.843840321726456e-09,0.7968355685009542,0
2735,753,0.00037878129714001996,0.00020268247475352657,0.7969616152558261,6.678631917872048e-09,0.7969616085771942,0
1485,597,0.0003657136775702661,6.652313992562682e-05,0.7990067073529195,4.479246900015937e-06,0.7990022281060194,0
3350,1281,0.0011683063225345087,-0.001835821235010951,0.7990296186721458,3.04051247806275e-08,0.7990295882670211,0
3612,1317,0.0006264091269581266,-0.001793554870120426,0.799484460876901,7.340702519687142e-08,0.7994843874698757,0
3750,1364,0.0005435187833675847,-0.0017471359451393734,0.7998590918688022,9.259807926297897e-08,0.7998589992707229,0
1819,638,0.0003543707844675283,-9.664989812570138e-05,0.800569136046905,9.977164192353979e-08,0.8005690362752631,0
2745,756,0.00035623860436146976,0.0002035160303202824,0.8006278797538674,2.5392780058497007e-09,0.8006278772145894,0
3001,828,0.0004885852721786183,-0.00015779337905383195,0.8009086008701883,1.676550523652948e-08,0.8009085841046831,0
2891,813,0.0003862578919856825,-0.00020185005772340985,0.8012273486687348,7.313125004791687e-09,0.8012273413556098,0
1715,625,0.00032512986484072894,9.031591525967967e-05,0.8029721509964,6.0560206497547175e-09,0.8029721449403793,0
1840,641,0.0003768115211141669,-9.534287405489409e-05,0.8032787975677839,1.9471265255993482e-07,0.8032786028551313,0
1543,606,0.00035049791389083905,-6.608846053976122e-05,0.8038390749341264,9.257240905089254e-07,0.8038381492100359,0
1655,618,0.00037681152111416696,9.534287405489408e-05,0.8057038954899102,1.9704562837636954e-07,0.8057036984442818,0
3974,1387,0.0015029018387132948,-0.0017473203703996317,0.8057103686741152,2.180477085144828e-08,0.8057103468693443,0
1782,633,0.00031823592248996624,-8.734215880635975e-05,0.8059222634194529,7.281412540505613e-09,0.8059222561380404,0
160,70,0.0005351250000000004,-6e-05,0.8079249828048851,4.579765846141596e-09,0.8079249782251192,0
1507,599,0.00035049791389083905,6.608846053976123e-05,0.8084237879320972,9.765684729121883e-07,0.8084228113636244,0
2332,705,0.0003917622054501175,-0.00013673940679297052,0.8085022053270934,3.669571335376032e-08,0.80850216863138,0
588,261,0.0005276250000000005,-1.5000000000000005e-05,0.8089500530159309,3.704878663033235e-09,0.8089500493110523,0
2875,809,0.0003562386043614697,-0.0002035160303202824,0.8092931658680544,2.7376551071689497e-09,0.8092931631303993,0
2107,666,0.0003917622054501175,0.00013673940679297052,0.8099536814057089,4.235101707239463e-08,0.8099536390546919,0
3831,1366,0.000626945333864304,-0.0017488310248700133,0.8101616203869269,5.823364972043562e-09,0.8101616145635618,0
2538,726,0.0005405034812376771,9.40819640290061e-05,0.8116761390950475,3.4190466697932333e-09,0.8116761356760008,0
3063,839,0.0005405034812376771,-9.408196402900622e-05,0.8128369611018437,3.984490126884458e-09,0.8128369571173535,0
308,143,0.00036637500000000006,-3.7500000000000003e-05,0.8136528640205429,0.0006643243141099803,0.8129885397064329,0
1006,421,0.0005388750000000004,2.249999999999999e-05,0.8130267343309561,3.072468659352567e-09,0.8130267312584875,0
985,414,0.00048637500000000037,2.249999999999999e-05,0.8136078047592523,1.3012023287503473e-08,0.8136077917472291,0
3265,1280,0.0011235544737104631,-0.0018311701190403204,0.8141547767865217,1.3513546574396908e-08,0.8141547632729751,0
3515,1302,0.0,-0.0017916666666666667,0.8145606965339661,2.1460700857017973e-08,0.8145606750732652,0
1549,607,0.00035809336779726213,-6.674083465604075e-05,0.8147173144377858,7.604467373998765e-07,0.8147165539910485,0
3484,1301,0.002,-0.0018333333333333333,0.8170341020534603,3.6044118441876554e-08,0.8170340660093418,0
2782,759,0.0003337421080143174,0.00020185005772340985,0.817120988126522,1.5158672724721197e-09,0.8171209866106547,0
2294,700,0.0003543474732555907,-0.00014026600445778972,0.8177821446747553,1.291702848647408e-08,0.8177821317577268,0
2141,671,0.0003543474732555907,0.00014026600445778972,0.8180086331154013,1.538209714277646e-08,0.8180086177333041,0
2353,706,0.00039905612662404367,-0.00013483739109859555,0.81813909017521,1.2436346873626324e-07,0.8181389658117413,0
869,369,0.0003851250000000001,1.4999999999999992e-05,0.8191110288262556,0.00023963558887030653,0.8188713932373853,0
1882,643,0.0003913418780168542,-9.160009583835658e-05,0.8190491947523258,4.3674982910749494e-07,0.8190487580024968,0
3110,842,0.0005498054557068993,-7.353102527757903e-05,0.8191778966581337,2.8923715216076588e-09,0.8191778937657621,0
247,112,0.00037012500000000007,-4.5e-05,0.8196754398983648,0.00011884623761464766,0.8195565936607502,0
262,119,0.0004226250000000002,-4.5e-05,0.8198409736731553,5.75308867045859e-07,0.8198403983642882,0
3918,1386,0.001455283505559255,-0.001747823274873921,0.8212529163450879,3.250126316178113e-08,0.8212528838438248,0
4310,1431,0.0012933998027881317,-0.001710610546743135,0.8220948557775579,3.603961414914697e-09,0.8220948521735965,0
2214,693,0.00030324692444946453,-0.0001283962284520233,0.8225582318602874,1.895665708906316e-09,0.8225582299646217,0
2930,819,0.0004300110729119618,-0.00019113181933992998,0.8232255497818153,1.4421775978352106e-08,0.8232255353600393,0
671,289,0.0005013750000000004,-7.500000000000006e-06,0.8236143073004563,7.059779969166717e-09,0.8236143002406763,0
3930,1386,0.001455283505559255,-0.001747823274873921,0.8242874630926155,3.250126316178113e-08,0.8242874305913523,0
1837,640,0.0003693726177767849,-9.63589378896933e-05,0.8243367212755529,2.899099018836165e-07,0.824336431365651,0
2687,749,0.0004084318960926294,0.00019770501798221614,0.8249837674877533,1.856696887718319e-08,0.8249837489207844,0
3567,1314,0.0004984881118846614,-0.001793090059836856,0.824984427054198,9.180600153086182e-08,0.8249843352481965,0
2838,807,0.00034121870285998014,-0.0002026824747535266,0.8250673713709042,1.6530581559364702e-09,0.8250673697178461,0
886,374,0.0004226250000000002,1.4999999999999992e-05,0.8254629816896126,7.017394988298121e-07,0.8254622799501138,0
2715,751,0.00039369862170935083,0.00020074193779418822,0.82820406486217,8.718542757268554e-09,0.8282040561436272,0
3697,1362,0.00045742028878796543,-0.001747449068702735,0.8283825248842824,8.64009075800238e-07,0.8283816608752066,0
2110,666,0.0003917622054501175,0.00013673940679297052,0.8291615750239888,4.235101707239463e-08,0.8291615326729718,0
601,265,0.0005576250000000006,-1.5000000000000005e-05,0.8293846068508548,1.864598290063078e-09,0.8293846049862565,0
2884,812,0.00037878129714001986,-0.0002026824747535266,0.8298192983058661,7.692773178424875e-09,0.8298192906130929,0
1202,498,0.0003926250000000001,4.499999999999999e-05,0.8306820534908116,7.271929908837139e-06,0.8306747815609028,0
3491,1301,0.002,-0.0018333333333333333,0.8307629061634465,3.6044118441876554e-08,0.830762870119328,0
4111,1407,0.0002931700512453749,-0.0017084410577699741,0.8308018924055823,1.2275674944536702e-08,0.8308018801299074,0
3393,1299,0.0019146927158673187,-0.0018343109948123562,0.831428116699711,1.5975082076411483e-08,0.8314281007246289,0
1017,425,0.0005688750000000005,2.249999999999999e-05,0.8315202553834182,1.2967019445286385e-09,0.8315202540867163,0
4298,1430,0.0012466915290819092,-0.0017102513126253656,0.8324059145769552,4.4781034284360416e-10,0.8324059141291449,0
1075,448,0.0004976250000000005,2.999999999999999e-05,0.8329434481080061,9.497019816082575e-09,0.8329434386109863,0
4316,1431,0.0012933998027881317,-0.001710610546743135,0.83345331048623,3.603961414914697e-09,0.8334533068822685,0
3443,1301,0.002,-0.0018333333333333333,0.8337850490721896,3.6044118441876554e-08,0.8337850130280712,0
530,240,0.00037012500000000007,-1.5000000000000005e-05,0.8490824239286642,0.014382901603694797,0.8346995223249694,0
3523,1302,0.0,-0.0017916666666666667,0.8348640262034301,2.1460700857017973e-08,0.8348640047427293,0
1071,446,0.00048262500000000036,2.999999999999999e-05,0.8350938412447997,1.6304428867653282e-08,0.8350938249403708,0
1798,636,0.0003395041666100166,-9.461929871262795e-05,0.8356987000300085,4.003103117483332e-08,0.8356986599989773,0
3149,1279,0.0010853696574508723,-0.0018348853894366581,0.836131331494029,2.731603399001012e-09,0.8361313287624256,0
3960,1386,0.001455283505559255,-0.001747823274873921,0.836447649583315,3.250126316178113e-08,0.8364476170820518,0
1881,643,0.0003913418780168542,-9.160009583835658e-05,0.8370186556899157,4.3674982910749494e-07,0.8370182189400867,0
2429,712,0.0004397448455128243,-0.00011553035393040541,0.8370216277032523,9.706519894408578e-08,0.8370215306380533,0
1753,628,0.0003052415104073346,7.983983149249146e-05,0.8377412661379775,2.39233901996771e-13,0.8377412661377382,0
952,401,0.0003888750000000001,2.249999999999999e-05,0.8390169985651939,6.780408216308079e-05,0.8389491944830307,0
224,98,0.0005088750000000003,-5.25e-05,0.8392799776527573,9.050789168233182e-09,0.8392799686019682,0
931,390,0.0005426250000000006,1.4999999999999992e-05,0.8395814656183063,2.7219921015835375e-09,0.8395814628963142,0
3047,836,0.0005289846124320408,-0.00011347741385698144,0.839982759978806,8.494250182757065e-09,0.8399827514845558,0
7,16,0.00031661055043433607,-6.0578213238823295e-05,0.8402275074734494,8.068335252250949e-09,0.8402274994051142,0
72,53,0.00040762500000000016,-6e-05,0.8405092649919778,8.045962220568645e-07,0.8405084603957557,0
564,253,0.0004676250000000003,-1.5000000000000005e-05,0.8417093593594039,2.700933048349201e-08,0.8417093323500735,0
3676,1361,0.00041540645613897707,-0.0017497865928541032,0.8462111283912379,8.572315711959396e-08,0.8462110426680808,0
3456,1301,0.002,-0.0018333333333333333,0.8462576133060783,3.6044118441876554e-08,0.8462575772619598,0
1889,644,0.00039834594430604073,-8.889589096520435e-05,0.8465951625274388,3.44733742335527e-07,0.8465948177936965,0
481,215,0.0004263750000000002,-2.2500000000000005e-05,0.8466682564416174,4.71686435544728e-07,0.8466677847551818,0
1624,616,0.00039134187801685423,9.160009583835657e-05,0.8471776353771466,4.310611809911413e-07,0.8471772043159657,0
3061,838,0.0005369037385796694,-0.00010068758598264066,0.8475316306043978,6.150848423070251e-09,0.8475316244535495,0
941,393,0.0005651250000000005,1.4999999999999992e-05,0.847856298545709,1.4496175423385922e-09,0.8478562970960914,0
3548,1302,0.0,-0.0017916666666666667,0.8480306491578531,2.1460700857017973e-08,0.8480306276971522,0
1864,643,0.0003913418780168542,-9.160009583835658e-05,0.8492690372666027,4.3674982910749494e-07,0.8492686005167737,0
1386,570,0.0004526250000000003,5.999999999999999e-05,0.8495529276685055,6.094466917200828e-08,0.8495528667238363,0
1920,647,0.0004178131277148981,-7.76565073837367e-05,0.850841417590484,4.813127743877614e-07,0.8508409362777096,0
2052,661,0.0004269006467537924,0.00012341315379275108,0.8512736944043157,4.463506753824434e-08,0.8512736497692481,0
1311,547,0.0005238750000000004,5.249999999999999e-05,0.8523109681532062,5.5323408175281605e-09,0.8523109626208654,0
690,294,0.0005388750000000004,-7.500000000000006e-06,0.8525521736581828,2.8622805829741997e-09,0.8525521707959022,0
2250,695,0.0003173378387221443,-0.00013374020734338335,0.8526238007041645,1.210188274086831e-09,0.8526237994939763,0
2659,743,0.0004507303929021596,0.0001822111920225962,0.8528373412693155,1.3017304991259248e-08,0.8528373282520105,0
1452,592,0.00035619747382519424,4.588966645821942e-05,0.8533482605461101,1.0641371672852775e-05,0.8533376191744373,0
3169,1279,0.0010853696574508723,-0.0018348853894366581,0.8536050594847319,2.731603399001012e-09,0.8536050567531285,0
3462,1301,0.002,-0.0018333333333333333,0.8566806390360866,3.6044118441876554e-08,0.8566806029919681,0
1532,605,0.0003430263342084166,-6.457452227107157e-05,0.8568989954843107,1.3289108504179577e-06,0.8568976665734602,0
2268,699,0.0003468266157233152,-0.0001397603842719665,0.8570614321040192,4.838905249044094e-09,0.8570614272651139,0
1550,607,0.00035809336779726213,-6.674083465604075e-05,0.859017898924791,7.604467373998765e-07,0.8590171384780536,0
546,247,0.0004226250000000002,-1.5000000000000005e-05,0.8592270492119071,6.993086846589483e-07,0.8592263499032224,0
922,388,0.0005276250000000005,1.4999999999999992e-05,0.8603156685699052,3.7002710696184817e-09,0.8603156648696341,0
1355,562,0.0003926250000000001,5.999999999999999e-05,0.8609455712701709,1.3074121389674107e-06,0.8609442638580319,0
4030,1388,0.0015430996086898707,-0.0017488292043807475,0.8631077666159774,3.510913238384681e-09,0.8631077631050642,0
731,312,0.00043762500000000024,-6.776263578034403e-21,0.8636491409255674,1.7194322719897182e-07,0.8636489689823402,0
2053,661,0.0004269006467537924,0.00012341315379275108,0.8637477775400064,4.463506753824434e-08,0.8637477329049389,0
1410,576,0.0004976250000000005,5.999999999999999e-05,0.863923354087212,1.2283459038803786e-08,0.863923341803753,0
2765,757,0.0003487209506984081,0.00020323805190300341,0.8650974605884743,2.630770096533511e-09,0.8650974579577042,0
3805,1365,0.0005858232018222758,-0.001752429859975062,0.8655035302086651,1.2900585714593919e-08,0.8655035173080794,0
235,101,0.0005313750000000005,-5.25e-05,0.8664014345833497,4.750184491507251e-09,0.8664014298331653,0
3119,1255,8.021387565745436e-05,-0.0018312838481263913,0.8668100751285966,9.498567254074446e-10,0.8668100741787399,0
1748,627,0.00031159315421549485,8.384311633291435e-05,0.8670119062549629,8.779130966173827e-10,0.8670119053770499,0
3339,1281,0.0011683063225345087,-0.001835821235010951,0.8672259206412916,3.04051247806275e-08,0.8672258902361668,0
2932,819,0.0004300110729119618,-0.00019113181933992998,0.8676650848223983,1.4421775978352106e-08,0.8676650704006224,0
3003,828,0.0004885852721786183,-0.00015779337905383195,0.8687573672569182,1.676550523652948e-08,0.868757350491413,0
2299,700,0.0003543474732555907,-0.00014026600445778972,0.8688745882567954,1.291702848647408e-08,0.868874575339767,0
4093,1406,0.0002528682826605001,-0.0017101146573470373,0.8690420354174619,2.8236642550380505e-09,0.8690420325937976,0
1695,622,0.00034689807728635754,9.592304465781523e-05,0.8694898410156766,1.0963212399090174e-07,0.8694897313835526,0
2569,730,0.0005246760455161772,0.00011964415041124919,0.869734792339846,1.1436804951437766e-08,0.869734780903041,0
1772,632,0.0003115931542154948,-8.38431163329143e-05,0.8712457936254517,1.1820845718733618e-09,0.8712457924433672,0
1638,616,0.00039134187801685423,9.160009583835657e-05,0.871873875374321,4.310611809911413e-07,0.8718734443131401,0
2679,746,0.00043001107291196184,0.00019113181933992995,0.8720010113172865,1.3298051665468392e-08,0.8720009980192348,0
1491,598,0.0003580933677972622,6.674083465604075e-05,0.8730140589937722,8.338570177774644e-07,0.8730132251367544,0
2125,667,0.00038437670561554204,0.0001382471673795964,0.8746952202008937,2.6037155044868073e-08,0.8746951941637386,0
1116,469,0.0004188750000000002,3.749999999999999e-05,0.8749026783267435,8.456402562491263e-07,0.8749018326864872,0
1409,576,0.0004976250000000005,5.999999999999999e-05,0.8750542739281205,1.2283459038803786e-08,0.8750542616446615,0
3942,1386,0.001455283505559255,-0.001747823274873921,0.8756445028767211,3.250126316178113e-08,0.875644470375458,0
1399,572,0.0004676250000000003,5.999999999999999e-05,0.8760057035882682,4.512235952656635e-08,0.8760056584659087,0
2696,750,0.00040109332316923805,0.00019935962852439364,0.8762695313359692,1.943750454569452e-08,0.8762695118984647,0
1031,432,0.0003776250000000001,2.999999999999999e-05,0.8766036125530386,0.00019379981574026736,0.8764098127372983,0
380,168,0.0005538750000000004,-3.7500000000000003e-05,0.8774069972692219,2.3775114076526544e-09,0.8774069948917105,0
3767,1365,0.0005858232018222758,-0.001752429859975062,0.8774190892276158,1.2900585714593919e-08,0.8774190763270301,0
1360,563,0.00040012500000000014,5.999999999999999e-05,0.8779550110436476,1.0717204071109663e-06,0.8779539393232405,0
1188,494,0.00036262500000000005,4.499999999999999e-05,0.8781961110126573,0.00021158352455000589,0.8779845274881073,0
3617,1317,0.0006264091269581266,-0.001793554870120426,0.8788085420803319,7.340702519687142e-08,0.8788084686733066,0
965,406,0.0004263750000000002,2.249999999999999e-05,0.879210623717017,4.741279913207908e-07,0.8792101495890257,0
3168,1279,0.0010853696574508723,-0.0018348853894366581,0.8792330181921009,2.731603399001012e-09,0.8792330154604975,0
2121,666,0.0003917622054501175,0.00013673940679297052,0.8798796046773601,4.235101707239463e-08,0.8798795623263431,0
2116,666,0.0003917622054501175,0.00013673940679297052,0.8799639055276803,4.235101707239463e-08,0.8799638631766633,0
3545,1302,0.0,-0.0017916666666666667,0.8812023916793458,2.1460700857017973e-08,0.8812023702186449,0
3724,1363,0.0004980498508590125,-0.0017495891039972066,0.8814441993064897,1.303138308747088e-07,0.8814440689926588,0
740,316,0.0004676250000000003,-6.776263578034403e-21,0.8818832030783419,2.5619303669968373e-08,0.8818831774590382,0
5,16,0.00031661055043433607,-6.0578213238823295e-05,0.8824894673673369,8.068335252250949e-09,0.8824894592990017,0
921,388,0.0005276250000000005,1.4999999999999992e-05,0.8830093552499163,3.7002710696184817e-09,0.8830093515496452,0
4050,1406,0.0002528682826605001,-0.0017101146573470373,0.8832776879325369,2.8236642550380505e-09,0.8832776851088726,0
4086,1406,0.0002528682826605001,-0.0017101146573470373,0.8838626691005107,2.8236642550380505e-09,0.8838626662768464,0
3969,1387,0.0015029018387132948,-0.0017473203703996317,0.8839858750948935,2.180477085144828e-08,0.8839858532901226,0
1242,518,0.0005426250000000006,4.499999999999999e-05,0.8855282673175735,3.451078099567779e-09,0.8855282638664954,0
1604,615,0.00039834594430604073,8.889589096520433e-05,0.8860682164742244,5.404606383178633e-07,0.886067676013586,0
3051,837,0.0005330623666938131,-0.0001071556808051344,0.8872492186684997,6.988737771910894e-09,0.8872492116797619,0
433,193,0.0004976250000000005,-3.0000000000000004e-05,0.8896638683970736,9.430881915640906e-09,0.8896638589661916,0
261,119,0.0004226250000000002,-4.5e-05,0.8897492613926298,5.75308867045859e-07,0.8897486860837627,0
217,95,0.00048637500000000037,-5.25e-05,0.8898611027740716,1.8815816774589828e-08,0.8898610839582548,0
1985,655,0.00046253869725606817,9.587658019650754e-05,0.8905544059321676,5.016978233858687e-08,0.8905543557623853,0
3929,1386,0.001455283505559255,-0.001747823274873921,0.8905582898832045,3.250126316178113e-08,0.8905582573819414,0
1931,648,0.00042365707097667893,-7.294291048408706e-05,0.891836047383936,1.44746253469961e-07,0.8918359026376825,0
4090,1406,0.0002528682826605001,-0.0017101146573470373,0.8927101608090435,2.8236642550380505e-09,0.8927101579853792,0
1671,621,0.00035437078446752833,9.664989812570138e-05,0.8931554700107037,1.2562936241729608e-07,0.8931553443813413,0
288,132,0.0005201250000000004,-4.5e-05,0.8931700667859949,5.61277698745392e-09,0.8931700611732178,0
2531,726,0.0005405034812376771,9.40819640290061e-05,0.8931912226911122,3.4190466697932333e-09,0.8931912192720655,0
969,408,0.00044137500000000025,2.249999999999999e-05,0.8933490218088684,1.3813988232283445e-07,0.8933488836689861,0
4221,1408,0.0003352491194219976,-0.001709268843234495,0.8934277346543086,2.90809048727778e-08,0.8934277055734037,0
1719,625,0.00032512986484072894,9.031591525967967e-05,0.8937107068381731,6.0560206497547175e-09,0.8937107007821524,0
135,67,0.0005126250000000005,-6e-05,0.8940124739539647,1.0470812848233737e-08,0.8940124634831518,0
3161,1279,0.0010853696574508723,-0.0018348853894366581,0.8945778014518846,2.731603399001012e-09,0.8945777987202812,0
1426,581,0.0005351250000000004,5.999999999999999e-05,0.8946176220546923,4.766900910275365e-09,0.8946176172877914,0
2902,814,0.0003936986217093507,-0.00020074193779418825,0.8948362065579151,4.798547018335494e-09,0.8948362017593681,0
2164,674,0.0003319204225564887,0.00013754286748407854,0.8952020895037568,8.794418033408879e-09,0.8952020807093387,0
2305,703,0.0003769209214282374,-0.00013935632559438542,0.8976743653031068,3.4203613114510965e-08,0.8976743310994937,0
47,49,0.0003776250000000001,-6e-05,0.8987450234721306,1.1640820726150033e-05,0.8987333826514045,0
4124,1407,0.0002931700512453749,-0.0017084410577699741,0.8990555657326247,1.2275674944536702e-08,0.8990555534569498,0
1177,485,0.0005388750000000004,3.749999999999999e-05,0.8991345292538032,3.499931670091003e-09,0.8991345257538715,0
3181,1279,0.0010853696574508723,-0.0018348853894366581,0.8999487425540021,2.731603399001012e-09,0.8999487398223988,0
3951,1386,0.001455283505559255,-0.001747823274873921,0.9005200389971338,3.250126316178113e-08,0.9005200064958707,0
3659,1318,0.0006654805645827595,-0.0017913884242686483,0.9006288687771903,1.3505968375492156e-08,0.9006288552712219,0
340,153,0.00044137500000000025,-3.7500000000000003e-05,0.9014000737374778,1.543776019339691e-07,0.9013999193598758,0
3770,1365,0.0005858232018222758,-0.001752429859975062,0.9033525039514332,1.2900585714593919e-08,0.9033524910508475,0
633,279,0.0004263750000000002,-7.500000000000006e-06,0.9036662280755724,4.820939708969954e-07,0.9036657459816015,0
3720,1363,0.0004980498508590125,-0.0017495891039972066,0.9039736319833374,1.303138308747088e-07,0.9039735016695065,0
1642,617,0.00038414931798545055,9.375340695706516e-05,0.9043876170552333,1.7592857514829883e-07,0.9043874411266581,0
3781,1365,0.0005858232018222758,-0.001752429859975062,0.9045189505546958,1.2900585714593919e-08,0.9045189376541101,0
1832,639,0.00036187734641326974,-9.679548773400577e-05,0.9062396531640932,3.276111116059559e-07,0.9062393255529816,0
2291,700,0.0003543474732555907,-0.00014026600445778972,0.9070249329010884,1.291702848647408e-08,0.90702491998406,0
2744,756,0.00035623860436146976,0.0002035160303202824,0.907254334993685,2.5392780058497007e-09,0.907254332454407,0
274,125,0.0004676250000000003,-4.5e-05,0.9079443009261018,3.519871071830952e-08,0.9079442657273911,0
1774,633,0.00031823592248996624,-8.734215880635975e-05,0.9087885215771961,7.281412540505613e-09,0.9087885142957836,0
1108,466,0.00039637500000000013,3.749999999999999e-05,0.9090340070030021,7.456512387906844e-06,0.9090265504906142,0
4247,1409,0.0003752823907658263,-0.0017092114270423236,0.909830829904952,3.208013893465805e-08,0.909830797824813,0
3280,1280,0.0011235544737104631,-0.0018311701190403204,0.9114218968302502,1.3513546574396908e-08,0.9114218833167036,0
2270,700,0.0003543474732555907,-0.00014026600445778972,0.9119135764840841,1.291702848647408e-08,0.9119135635670557,0
119,63,0.00048262500000000036,-6e-05,0.9124515254554934,2.1751869848494916e-08,0.9124515037036235,0
1294,539,0.0004638750000000003,5.249999999999999e-05,0.9146774477187104,4.428517435993626e-08,0.9146774034335361,0
1811,638,0.0003543707844675283,-9.664989812570138e-05,0.9151729891676271,9.977164192353979e-08,0.9151728893959852,0
988,414,0.00048637500000000037,2.249999999999999e-05,0.9159503390160775,1.3012023287503473e-08,0.9159503260040542,0
1170,482,0.0005163750000000004,3.749999999999999e-05,0.9160428238083913,5.818312589710723e-09,0.9160428179900787,0
1850,642,0.0003841493179854505,-9.375340695706517e-05,0.9171928560701945,1.714583663396239e-07,0.9171926846118281,0
2684,748,0.0004157043168716395,0.00019578036616662979,0.9190405576159548,1.6601500002254204e-08,0.9190405410144549,0
3055,837,0.0005330623666938131,-0.0001071556808051344,0.919587679324964,6.988737771910894e-09,0.9195876723362262,0
3217,1280,0.0011235544737104631,-0.0018311701190403204,0.919972323822898,1.3513546574396908e-08,0.9199723103093513,0
1252,526,0.00036637500000000006,5.249999999999999e-05,0.920347281726992,4.19078426865044e-05,0.9203053738843054,0
2139,670,0.00036188462848574964,0.0001403672014418598,0.9205093029975017,4.949881558419963e-08,0.9205092534986861,0
2943,821,0.000443935452749889,-0.00018543937679507772,0.9209188646429585,1.3244627142096203e-08,0.9209188513983313,0
2176,676,0.0003173378387221443,0.00013374020734338335,0.9211244846536907,1.2535618619664699e-09,0.9211244834001289,0
1171,482,0.0005163750000000004,3.749999999999999e-05,0.9211606922404865,5.818312589710723e-09,0.9211606864221739,0
3934,1386,0.001455283505559255,-0.001747823274873921,0.9216821256185208,3.250126316178113e-08,0.9216820931172577,0
1102,464,0.0003813750000000001,3.749999999999999e-05,0.9218245507386907,3.97314988619741e-05,0.9217848192398288,0
4267,1409,0.0003752823907658263,-0.0017092114270423236,0.9218946074098833,3.208013893465805e-08,0.9218945753297443,0
3081,839,0.0005405034812376771,-9.408196402900622e-05,0.9226219626565341,3.984490126884458e-09,0.9226219586720439,0
4187,1408,0.0003352491194219976,-0.001709268843234495,0.924250376177434,2.90809048727778e-08,0.9242503470965291,0
3683,1361,0.00041540645613897707,-0.0017497865928541032,0.9243478011647006,8.572315711959396e-08,0.9243477154415435,0
677,292,0.0005238750000000004,-7.500000000000006e-06,0.9244893875764157,3.905773378979298e-09,0.9244893836706424,0
1221,508,0.0004676250000000003,4.499999999999999e-05,0.9247356490232269,3.541505591853252e-08,0.924735613608171,0
464,210,0.0003888750000000001,-2.2500000000000005e-05,0.9248957462344715,6.82020560368161e-05,0.9248275441784346,0
3753,1364,0.0005435187833675847,-0.0017471359451393734,0.9258976105663211,9.259807926297897e-08,0.9258975179682418,0
2824,803,0.0003115681039073706,-0.00019770501798221612,0.9263253087485158,9.259144910660984e-10,0.9263253078226014,0
875,371,0.00040012500000000014,1.4999999999999992e-05,0.9263601807128697,1.4249493494004838e-05,0.9263459312193757,0
4022,1387,0.0015029018387132948,-0.0017473203703996317,0.9264137830115549,2.180477085144828e-08,0.926413761206784,0
4305,1430,0.0012466915290819092,-0.0017102513126253656,0.9271391994442344,4.4781034284360416e-10,0.927139198996424,0
168,71,0.0005426250000000006,-6e-05,0.9272510867444325,3.789553791433858e-09,0.9272510829548787,0
1526,603,0.00032884152669234064,-5.9051873789722924e-05,0.9286881157619696,1.3793106978125105e-08,0.9286881019688626,0
1422,579,0.0005201250000000004,5.999999999999999e-05,0.9318918553234858,8.026380258345251e-09,0.9318918472971056,0
3841,1383,0.0013348570556488925,-0.0017524623557613741,0.9323301269993762,1.63302481798422e-08,0.9323301106691281,0
2403,710,0.0004269006467537924,-0.00012341315379275108,0.9323945184394853,8.35969419845021e-08,0.9323944348425433,0
3507,1301,0.002,-0.0018333333333333333,0.9325176958491644,3.6044118441876554e-08,0.932517659805046,0
3892,1385,0.0014197734752504174,-0.0017467174082457623,0.9331562417246746,1.6766268000891533e-07,0.9331560740619946,0
626,277,0.0004113750000000002,-7.500000000000006e-06,0.9337275389996478,2.912082372846733e-06,0.933724626917275,0
266,121,0.00043762500000000024,-4.5e-05,0.9341989587690103,2.141632509823568e-07,0.9341987446057592,0
1700,623,0.00033950416661001666,9.461929871262797e-05,0.9342417418778688,4.618389126633074e-08,0.9342416956939775,0
230,100,0.0005238750000000004,-5.25e-05,0.9363180221965411,5.436459248512044e-09,0.9363180167600819,0
2488,717,0.00046753720614419884,-9.023443001343242e-05,0.9368256491686042,2.3675745995681973e-08,0.9368256254928582,0
1496,599,0.00035049791389083905,6.608846053976123e-05,0.9374344727159031,9.765684729121883e-07,0.9374334961474302,0
2645,739,0.00047658068823323103,0.00016685882004120083,0.9383526036885073,1.4560114185213875e-08,0.938352589128393,0
1492,598,0.0003580933677972622,6.674083465604075e-05,0.9388334156219871,8.338570177774644e-07,0.9388325817649693,0
2908,814,0.0003936986217093507,-0.00020074193779418825,0.938935356598882,4.798547018335494e-09,0.938935351800335,0
4260,1409,0.0003752823907658263,-0.0017092114270423236,0.9398294389973156,3.208013893465805e-08,0.9398294069171766,0
3591,1316,0.0005843082459749532,-0.0017931415468221683,0.9403406828956044,1.6759312591280528e-07,0.9403405153024784,0
1893,644,0.00039834594430604073,-8.889589096520435e-05,0.9411630586816063,3.44733742335527e-07,0.941162713947864,0
3304,1281,0.0011683063225345087,-0.001835821235010951,0.941277014324198,3.04051247806275e-08,0.9412769839190732,0
928,389,0.0005351250000000004,1.4999999999999992e-05,0.9429777567713445,3.161649619680312e-09,0.9429777536096949,0
3007,829,0.0004943281581209461,-0.00015293419705974777,0.9450137306070145,1.4527108634839e-08,0.9450137160799059,0
444,198,0.0005351250000000004,-3.0000000000000004e-05,0.9461529462963395,3.5424839717417682e-09,0.9461529427538555,0
1141,476,0.00047137500000000033,3.749999999999999e-05,0.9478472833801036,2.809402790926824e-08,0.9478472552860757,0
3402,1299,0.0019146927158673187,-0.0018343109948123562,0.9483272431933871,1.5975082076411483e-08,0.9483272272183051,0
1508,599,0.00035049791389083905,6.608846053976123e-05,0.9484317167895421,9.765684729121883e-07,0.9484307402210692,0
1076,448,0.0004976250000000005,2.999999999999999e-05,0.9488886776253833,9.497019816082575e-09,0.9488886681283635,0
2731,753,0.00037878129714001996,0.00020268247475352657,0.9497225014835919,6.678631917872048e-09,0.9497224948049601,0
3282,1280,0.0011235544737104631,-0.0018311701190403204,0.9497978494869661,1.3513546574396908e-08,0.9497978359734195,0
3663,1318,0.0006654805645827595,-0.0017913884242686483,0.9503104096553214,1.3505968375492156e-08,0.9503103961493531,0
451,199,0.0005426250000000006,-3.0000000000000004e-05,0.9506313112830141,3.040363256462645e-09,0.9506313082426509,0
1724,625,0.00032512986484072894,9.031591525967967e-05,0.9507661989419476,6.0560206497547175e-09,0.9507661928859269,0
541,246,0.0004151250000000002,-1.5000000000000005e-05,0.9517090247960442,1.6427761618212685e-06,0.9517073820198825,0
93,58,0.00044512500000000026,-6e-05,0.9530678009985,1.1757162675259048e-07,0.9530676834268732,0
201,88,0.00043387500000000023,-5.25e-05,0.9534118801753472,3.028908394797654e-07,0.9534115772845076,0
906,384,0.0004976250000000005,1.4999999999999992e-05,0.9538036666803666,8.262995308726594e-09,0.9538036584173714,0
2546,726,0.0005405034812376771,9.40819640290061e-05,0.9538285691311936,3.4190466697932333e-09,0.9538285657121469,0
2025,659,0.0004397448455128243,0.00011553035393040538,0.955397047608838,9.115557166615707e-08,0.9553969564532664,0
950,400,0.0003813750000000001,2.249999999999999e-05,0.9566859849658397,0.0003016613975751988,0.9563843235682645,0
42,47,0.00036262500000000005,-6e-05,0.9565638777006413,6.907799862686476e-06,0.9565569699007787,0
1509,599,0.00035049791389083905,6.608846053976123e-05,0.9569586477391601,9.765684729121883e-07,0.9569576711706872,0
1820,638,0.0003543707844675283,-9.664989812570138e-05,0.9573740430628446,9.977164192353979e-08,0.9573739432912026,0
82,55,0.0004226250000000002,-6e-05,0.9581498827385662,3.9282695404901475e-07,0.9581494899116121,0
2969,825,0.0004703353870478569,-0.00017105269673254288,0.9587900506159571,1.4122409247122126e-08,0.9587900364935479,0
417,187,0.0004526250000000003,-3.0000000000000004e-05,0.9588423197593823,6.936056054590064e-08,0.9588422503988218,0
4297,1430,0.0012466915290819092,-0.0017102513126253656,0.9592885498859656,4.4781034284360416e-10,0.9592885494381552,0
4274,1410,0.0004191076616030197,-0.0017055678807356095,0.9594929504243893,6.347297876509247e-09,0.9594929440770914,0
1821,638,0.0003543707844675283,-9.664989812570138e-05,0.9598671739894489,9.977164192353979e-08,0.9598670742178069,0
1284,535,0.00043387500000000023,5.249999999999999e-05,0.9611954348189082,3.077653049725256e-07,0.9611951270536032,0
2599,735,0.0004998875679570837,0.00014786612534832972,0.9614917714613991,1.2781985578946093e-08,0.9614917586794135,0
4130,1407,0.0002931700512453749,-0.0017084410577699741,0.9615538309997813,1.2275674944536702e-08,0.9615538187241064,0
1449,590,0.00035617217565788145,3.152496970101228e-05,0.9619591248507423,2.664146419086361e-05,0.9619324833865515,0
4335,1432,0.001331330508901036,-0.0017097630929053104,0.9621352266924288,5.977987489325365e-09,0.9621352207144414,0
348,156,0.0004638750000000003,-3.7500000000000003e-05,0.962822168241399,3.9478790614185554e-08,0.9628221287626084,0
2905,814,0.0003936986217093507,-0.00020074193779418825,0.9642144881338501,4.798547018335494e-09,0.9642144833353031,0
56,50,0.0003851250000000001,-6e-05,0.9666230562805884,1.9244926481349133e-06,0.9666211317879403,0
4201,1408,0.0003352491194219976,-0.001709268843234495,0.9667982355235336,2.90809048727778e-08,0.9667982064426287,0
378,168,0.0005538750000000004,-3.7500000000000003e-05,0.9668122726860399,2.3775114076526544e-09,0.9668122703085285,0
1779,633,0.00031823592248996624,-8.734215880635975e-05,0.9675819991854132,7.281412540505613e-09,0.9675819919040006,0
2209,678,0.0003032469244494645,0.00012839622845202327,0.9676836009422867,1.91534661762075e-09,0.96768359902694,0
456,204,0.0005801250000000006,-3.0000000000000004e-05,0.967721393124809,8.955225494642304e-10,0.9677213922292864,0
172,73,0.0005576250000000006,-6e-05,0.9690742467772703,2.5000033993835233e-09,0.9690742442772668,0
4079,1406,0.0002528682826605001,-0.0017101146573470373,0.9694355156657142,2.8236642550380505e-09,0.9694355128420499,0
2203,678,0.0003032469244494645,0.00012839622845202327,0.970323750201866,1.91534661762075e-09,0.9703237482865193,0
3803,1365,0.0005858232018222758,-0.001752429859975062,0.9706960675616139,1.2900585714593919e-08,0.9706960546610282,0
2629,738,0.0004826667542215086,0.0001624370342724702,0.9710096385333822,1.8040843202637752e-08,0.971009620492539,0
2650,741,0.00046393938099558276,0.00017501293601540074,0.9712389600928807,1.4255057133079984e-08,0.9712389458378236,0
1740,627,0.00031159315421549485,8.384311633291435e-05,0.9725351302153267,8.779130966173827e-10,0.9725351293374136,0
1169,482,0.0005163750000000004,3.749999999999999e-05,0.973459655963027,5.818312589710723e-09,0.9734596501447144,0
959,403,0.00040387500000000015,2.249999999999999e-05,0.9735772934455923,6.099812831657431e-06,0.9735711936327607,0
1547,606,0.00035049791389083905,-6.608846053976122e-05,0.9736812893113511,9.257240905089254e-07,0.9736803635872606,0
1845,641,0.0003768115211141669,-9.534287405489409e-05,0.9739122842607836,1.9471265255993482e-07,0.973912089548131,0
2472,716,0.0004625386972560682,-9.587658019650753e-05,0.9742226041658747,4.4855855708196496e-08,0.974222559310019,0
3500,1301,0.002,-0.0018333333333333333,0.9755306903406947,3.6044118441876554e-08,0.9755306542965763,0
1118,470,0.0004263750000000002,3.749999999999999e-05,0.9763330961663934,4.6778035637467046e-07,0.9763326283860371,0
3972,1387,0.0015029018387132948,-0.0017473203703996317,0.9763678396911804,2.180477085144828e-08,0.9763678178864095,0
2516,721,0.0004843001865199919,-6.523777047266544e-05,0.9765081850442154,1.6923775858866647e-08,0.9765081681204396,0
1063,442,0.0004526250000000003,2.999999999999999e-05,0.9768876885299942,6.878857111995215e-08,0.976887619741423,0
2098,665,0.0003990561266240436,0.00013483739109859555,0.9771550791872341,1.1517645074678549e-07,0.9771549640107834,0
3013,829,0.0004943281581209461,-0.00015293419705974777,0.977584435885902,1.4527108634839e-08,0.9775844213587934,0
1272,532,0.0004113750000000002,5.249999999999999e-05,0.977757723799311,1.0989157835251024e-06,0.9777566248835275,0
2727,752,0.0003862578919856826,0.00020185005772340985,0.9779221264401446,5.957104811766834e-09,0.9779221204830398,0
3715,1363,0.0004980498508590125,-0.0017495891039972066,0.9786465189338316,1.303138308747088e-07,0.9786463886200008,0
4023,1387,0.0015029018387132948,-0.0017473203703996317,0.9797858132943037,2.180477085144828e-08,0.9797857914895328,0
1470,595,0.00035619747382519424,-4.588966645821942e-05,0.9800533294121613,1.0774866923788777e-05,0.9800425545452375,0
1648,617,0.00038414931798545055,9.375340695706516e-05,0.9808267252956725,1.7592857514829883e-07,0.9808265493670973,0
873,370,0.0003926250000000001,1.4999999999999992e-05,0.9811645305410821,5.368082354105849e-05,0.981110849717541,0
3527,1302,0.0,-0.0017916666666666667,0.9811986978303172,2.1460700857017973e-08,0.9811986763696163,0
2361,706,0.00039905612662404367,-0.00013483739109859555,0.9817325906479291,1.2436346873626324e-07,0.9817324662844603,0
2682,747,0.000422900652254255,0.0001935883019205059,0.9819015513875,1.4993572807963557e-08,0.9819015363939272,0
514,228,0.0005238750000000004,-2.2500000000000005e-05,0.9823150730218558,4.220399701429896e-09,0.9823150688014561,0
2644,739,0.00047658068823323103,0.00016685882004120083,0.9824637930333747,1.4560114185213875e-08,0.9824637784732605,0
1353,562,0.0003926250000000001,5.999999999999999e-05,0.9831446963073013,1.3074121389674107e-06,0.9831433888951623,0
854,359,0.0005538750000000004,7.4999999999999926e-06,0.9833559638527268,2.021877629010805e-09,0.9833559618308492,0
2747,756,0.00035623860436146976,0.0002035160303202824,0.9839653453511908,2.5392780058497007e-09,0.9839653428119128,0
1350,561,0.0003851250000000001,5.999999999999999e-05,0.9846050063109159,2.172403207948945e-06,0.9846028339077079,0
1051,440,0.00043762500000000024,2.999999999999999e-05,0.9853475932501061,1.9110593067260764e-07,0.9853474021441755,0
1974,654,0.0004675372061441989,9.023443001343238e-05,0.9857656023507119,2.3127509418066948e-08,0.9857655792232024,0
1781,633,0.00031823592248996624,-8.734215880635975e-05,0.9861878890013102,7.281412540505613e-09,0.9861878817198976,0
2534,726,0.0005405034812376771,9.40819640290061e-05,0.9863322360590718,3.4190466697932333e-09,0.9863322326400251,0
2477,716,0.0004625386972560682,-9.587658019650753e-05,0.9866548283568825,4.4855855708196496e-08,0.9866547835010268,0
3292,1281,0.0011683063225345087,-0.001835821235010951,0.988100559728865,3.04051247806275e-08,0.9881005293237403,0
4291,1430,0.0012466915290819092,-0.0017102513126253656,0.988647144502155,4.4781034284360416e-10,0.9886471440543446,0
3708,1363,0.0004980498508590125,-0.0017495891039972066,0.9894453941658333,1.303138308747088e-07,0.9894452638520025,0
4002,1387,0.0015029018387132948,-0.0017473203703996317,0.9895432057503853,2.180477085144828e-08,0.9895431839456145,0
400,181,0.00040762500000000016,-3.0000000000000004e-05,0.9901503624112417,2.908092661345162e-06,0.9901474543185803,0
1123,471,0.00043387500000000023,3.749999999999999e-05,0.9904751362856892,2.6497442953261527e-07,0.9904748713112597,0
1988,655,0.00046253869725606817,9.587658019650754e-05,0.9905063174771263,5.016978233858687e-08,0.9905062673073439,0
1280,533,0.0004188750000000002,5.249999999999999e-05,0.9905999909293971,6.714869554628966e-07,0.9905993194424416,0
618,275,0.00039637500000000013,-7.500000000000006e-06,0.9908730775028511,3.356347479850315e-05,0.9908395140280526,0
3029,833,0.0005153903208829037,-0.00013147916515700845,0.9914190535676194,6.815438516297206e-09,0.9914190467521808,0
2603,736,0.0004943281581209462,0.00015293419705974772,0.9916903658179476,1.39298703782177e-08,0.9916903518880772,0
3992,1387,0.0015029018387132948,-0.0017473203703996317,0.9920951493030598,2.180477085144828e-08,0.9920951274982889,0
3364,1282,0.0012103756595647091,-0.0018311249926090982,0.9924765612291233,2.8048161649195223e-08,0.9924765331809616,0
273,124,0.0004601250000000003,-4.5e-05,0.994910077316083,5.0451442395444586e-08,0.9949100268646407,0
244,105,0.0005613750000000006,-5.25e-05,0.9954922623997668,1.9893405479517803e-09,0.9954922604104263,0
1835,640,0.0003693726177767849,-9.63589378896933e-05,0.9957114786375508,2.899099018836165e-07,0.995711188727649,0
2352,706,0.00039905612662404367,-0.00013483739109859555,0.9960144522933262,1.2436346873626324e-07,0.9960143279298574,0
665,287,0.00048637500000000037,-7.500000000000006e-06,0.9961522931759504,1.1690479372055087e-08,0.9961522814854711,0
1846,641,0.0003768115211141669,-9.534287405489409e-05,0.9969279815045521,1.9471265255993482e-07,0.9969277867918995,0
3189,1279,0.0010853696574508723,-0.0018348853894366581,0.9974885137499687,2.731603399001012e-09,0.9974885110183653,0
3283,1280,0.0011235544737104631,-0.0018311701190403204,0.9979534482575205,1.3513546574396908e-08,0.9979534347439739,0
2300,701,0.0003618846284857497,-0.0001403672014418598,0.9980728817242609,5.5641249687601393e-08,0.9980728260830112,0
137,67,0.0005126250000000005,-6e-05,0.9983656314100546,1.0470812848233737e-08,0.9983656209392417,0
3497,1301,0.002,-0.0018333333333333333,0.9992926258845335,3.6044118441876554e-08,0.999292589840415,0
761,323,0.0005201250000000004,-6.776263578034403e-21,0.9997301293534143,4.216326218426786e-09,0.9997301251370881,0
1917,646,0.00041162148950049204,-8.190306891057299e-05,0.9998233811878335,6.620231951795843e-07,0.9998227191646384,0
698,303,0.00037012500000000007,-6.776263578034403e-21,1.0285043789705413,0.028681444152109256,0.999822934818432,0
3287,1281,0.0011683063225345087,-0.001835821235010951,1.000002348775003,3.04051247806275e-08,1.000002318369878,0
2267,698,0.00033934374046812614,-0.00013885179871827666,1.0004028451344475,5.857533688928587e-09,1.0004028392769138,0
1930,648,0.00042365707097667893,-7.294291048408706e-05,1.0015490618900071,1.44746253469961e-07,1.0015489171437537,0
3645,1318,0.0006654805645827595,-0.0017913884242686483,1.0020013994559176,1.3505968375492156e-08,1.0020013859499493,0
3955,1386,0.001455283505559255,-0.001747823274873921,1.0032867405250379,3.250126316178113e-08,1.0032867080237746,0
248,113,0.0003776250000000001,-4.5e-05,1.003873789095212,3.417201232191759e-05,1.0038396170828903,0
3573,1314,0.0004984881118846614,-0.001793090059836856,1.0048078529794096,9.180600153086182e-08,1.004807761173408,0
3970,1387,0.0015029018387132948,-0.0017473203703996317,1.0051984323622096,2.180477085144828e-08,1.0051984105574387,0
796,339,0.00040387500000000015,7.4999999999999926e-06,1.0058874869908097,9.099974363044701e-06,1.0058783870164467,0
1209,501,0.0004151250000000002,4.499999999999999e-05,1.0060216736737055,1.0068588183290604e-06,1.0060206668148872,0
3309,1281,0.0011683063225345087,-0.001835821235010951,1.0065274734656102,3.04051247806275e-08,1.0065274430604854,0
3224,1280,0.0011235544737104631,-0.0018311701190403204,1.0065793437874875,1.3513546574396908e-08,1.006579330273941,0
1425,580,0.0005276250000000005,5.999999999999999e-05,1.0075744663350574,5.19186458836312e-09,1.007574461143193,0
1630,616,0.00039134187801685423,9.160009583835657e-05,1.0079816127730792,4.310611809911413e-07,1.0079811817118982,0
691,294,0.0005388750000000004,-7.500000000000006e-06,1.00859590260873,2.8622805829741997e-09,1.0085958997464495,0
4296,1430,0.0012466915290819092,-0.0017102513126253656,1.0086033097864653,4.4781034284360416e-10,1.008603309338655,0
1010,423,0.0005538750000000004,2.249999999999999e-05,1.0086233993592661,2.128813182741316e-09,1.008623397230453,0
882,373,0.0004151250000000002,1.4999999999999992e-05,1.008731296845024,1.64861614012715e-06,1.008729648228884,0
2434,713,0.000445831163023568,-0.00011108336742811969,1.010427756682275,7.649222575895273e-08,1.0104276801900494,0
406,183,0.0004226250000000002,-3.0000000000000004e-05,1.0104435280474617,6.448313520242875e-07,1.0104428832161096,0
1523,603,0.00032884152669234064,-5.9051873789722924e-05,1.0116372399553806,1.3793106978125105e-08,1.0116372261622737,0
1886,644,0.00039834594430604073,-8.889589096520435e-05,1.0122130032375924,3.44733742335527e-07,1.01221265850385,0
3231,1280,0.0011235544737104631,-0.0018311701190403204,1.0129549644349787,1.3513546574396908e-08,1.0129549509214322,0
1003,420,0.0005313750000000005,2.249999999999999e-05,1.0131494244242905,3.5770345577121454e-09,1.0131494208472558,0
1659,619,0.00036937261777678494,9.63589378896933e-05,1.015171479546122,2.9069613913589394e-07,1.0151711888499828,0
2,16,0.00031661055043433607,-6.0578213238823295e-05,1.0152306814358882,8.068335252250949e-09,1.015230673367553,0
379,168,0.0005538750000000004,-3.7500000000000003e-05,1.015591306120118,2.3775114076526544e-09,1.0155913037426068,0
2986,826,0.00047658068823323103,-0.00016685882004120089,1.0157836375132414,1.501028608746256e-08,1.0157836225029553,0
3229,1280,0.0011235544737104631,-0.0018311701190403204,1.0159690342978822,1.3513546574396908e-08,1.0159690207843357,0
3653,1318,0.0006654805645827595,-0.0017913884242686483,1.0160612388304806,1.3505968375492156e-08,1.0160612253245123,0
2174,676,0.0003173378387221443,0.00013374020734338335,1.017146687862248,1.2535618619664699e-09,1.017146686608686,0
2018,658,0.000445831163023568,0.00011108336742811969,1.0174926659480135,6.94013994249836e-08,1.017492596546614,0
4014,1387,0.0015029018387132948,-0.0017473203703996317,1.0183226245038275,2.180477085144828e-08,1.0183226026990566,0
2841,808,0.0003487209506984081,-0.00020323805190300341,1.019757358710869,1.1655154774778041e-09,1.0197573575453536,0
3982,1387,0.0015029018387132948,-0.0017473203703996317,1.0199769690849552,2.180477085144828e-08,1.0199769472801843,0
3230,1280,0.0011235544737104631,-0.0018311701190403204,1.0212801321323683,1.3513546574396908e-08,1.0212801186188218,0
3731,1364,0.0005435187833675847,-0.0017471359451393734,1.0213095929123572,9.259807926297897e-08,1.021309500314278,0
1385,570,0.0004526250000000003,5.999999999999999e-05,1.0213874283431792,6.094466917200828e-08,1.02138736739851,0
3454,1301,0.002,-0.0018333333333333333,1.021760390934678,3.6044118441876554e-08,1.0217603548905596,0
1707,625,0.00032512986484072894,9.031591525967967e-05,1.0222851790092031,6.0560206497547175e-09,1.0222851729531826,0
735,315,0.0004601250000000003,-6.776263578034403e-21,1.0225351847256925,3.781305958944042e-08,1.022535146912633,0
1370,565,0.0004151250000000002,5.999999999999999e-05,1.0226602152944217,5.37438421350258e-07,1.0226596778560004,0
1103,464,0.0003813750000000001,3.749999999999999e-05,1.0234179140853559,3.97314988619741e-05,1.0233781825864938,0
4307,1430,0.0012466915290819092,-0.0017102513126253656,1.0242697459963714,4.4781034284360416e-10,1.0242697455485612,0
1371,566,0.0004226250000000002,5.999999999999999e-05,1.024608421292444,4.5643797420008876e-07,1.0246079648544697,0
1403,573,0.00047512500000000034,5.999999999999999e-05,1.0251593832466048,2.9704763685970672e-08,1.025159353541841,0
2825,803,0.0003115681039073706,-0.00019770501798221612,1.0259075417825096,9.259144910660984e-10,1.0259075408565952,0
883,373,0.0004151250000000002,1.4999999999999992e-05,1.026350636976893,1.64861614012715e-06,1.026348988360753,0
570,256,0.0004901250000000003,-1.5000000000000005e-05,1.026898159746224,1.0612149068730967e-08,1.0268981491340747,0
1321,553,0.0005688750000000005,5.249999999999999e-05,1.0275751211281026,1.4442629564825146e-09,1.0275751196838396,0
1424,580,0.0005276250000000005,5.999999999999999e-05,1.0288958198109308,5.19186458836312e-09,1.0288958146190663,0
2667,744,0.00044393545274988913,0.00018543937679507767,1.028933447549896,1.3625216594652994e-08,1.0289334339246794,0
506,225,0.0005013750000000004,-2.2500000000000005e-05,1.0297376996825174,7.740699823779565e-09,1.0297376919418175,0
3207,1279,0.0010853696574508723,-0.0018348853894366581,1.0299675831785027,2.731603399001012e-09,1.0299675804468993,0
662,286,0.00047887500000000035,-7.500000000000006e-06,1.0304805831896837,1.5674929632341892e-08,1.0304805675147541,0
1892,644,0.00039834594430604073,-8.889589096520435e-05,1.0306144139781939,3.44733742335527e-07,1.0306140692444514,0
4059,1406,0.0002528682826605001,-0.0017101146573470373,1.0313205276469766,2.8236642550380505e-09,1.0313205248233124,0
1322,553,0.0005688750000000005,5.249999999999999e-05,1.0317329465030838,1.4442629564825146e-09,1.0317329450588208,0
1490,598,0.0003580933677972622,6.674083465604075e-05,1.0318856495635047,8.338570177774644e-07,1.0318848157064868,0
3922,1386,0.001455283505559255,-0.001747823274873921,1.032744858523945,3.250126316178113e-08,1.0327448260226817,0
1408,576,0.0004976250000000005,5.999999999999999e-05,1.0332646047694842,1.2283459038803786e-08,1.033264592486025,0
947,399,0.0003738750000000001,2.249999999999999e-05,1.0353406379959413,0.0018678354768697808,1.0334728025190716,0
4039,1406,0.0002528682826605001,-0.0017101146573470373,1.033502147585757,2.8236642550380505e-09,1.033502144762093,0
1818,638,0.0003543707844675283,-9.664989812570138e-05,1.0344132198521918,9.977164192353979e-08,1.03441312008055,0
811,344,0.00044137500000000025,7.4999999999999926e-06,1.035200574665056,1.2899488563197846e-07,1.0352004456701704,0
639,281,0.00044137500000000025,-7.500000000000006e-06,1.0363259120565715,1.2903463586915307e-07,1.0363257830219357,0
3257,1280,0.0011235544737104631,-0.0018311701190403204,1.0367460628995413,1.3513546574396908e-08,1.0367460493859948,0
2208,678,0.0003032469244494645,0.00012839622845202327,1.0368931585378522,1.91534661762075e-09,1.0368931566225057,0
174,74,0.0005651250000000005,-6e-05,1.0373166292961575,1.884423021918988e-09,1.0373166274117345,0
226,98,0.0005088750000000003,-5.25e-05,1.0376046244346988,9.050789168233182e-09,1.0376046153839096,0
4309,1430,0.0012466915290819092,-0.0017102513126253656,1.037640320998049,4.4781034284360416e-10,1.0376403205502387,0
2573,731,0.0005201425509303687,0.000125647467447577,1.0391680270592152,9.405325771587206e-09,1.0391680176538893,0
2868,809,0.0003562386043614697,-0.0002035160303202824,1.0393311365798088,2.7376551071689497e-09,1.0393311338421536,0
4114,1407,0.0002931700512453749,-0.0017084410577699741,1.0395281396377036,1.2275674944536702e-08,1.0395281273620287,0
278,126,0.00047512500000000034,-4.5e-05,1.0396166567868943,2.596188377332599e-08,1.0396166308250105,0
891,376,0.00043762500000000024,1.4999999999999992e-05,1.0413932009469795,1.771047718144346e-07,1.0413930238422078,0
120,63,0.00048262500000000036,-6e-05,1.0422475852290518,2.1751869848494916e-08,1.042247563477182,0
2456,714,0.0004516700070720543,-0.00010631609882119671,1.042284941049726,8.836640397662698e-08,1.042284852683322,0
33,30,0.00031661055043433607,6.0578213238823295e-05,1.043614268116295,1.017085796253868e-08,1.043614257945437,0
2600,735,0.0004998875679570837,0.00014786612534832972,1.0436459253975976,1.2781985578946093e-08,1.0436459126156121,0
3362,1282,0.0012103756595647091,-0.0018311249926090982,1.0447742521105312,2.8048161649195223e-08,1.0447742240623696,0
3412,1300,0.0019586220894085822,-0.0018338156596585703,1.0456328523262115,7.285132515831509e-08,1.0456327794748863,0
545,247,0.0004226250000000002,-1.5000000000000005e-05,1.0467968074652882,6.993086846589483e-07,1.0467961081566035,0
1980,655,0.00046253869725606817,9.587658019650754e-05,1.0469576693904388,5.016978233858687e-08,1.0469576192206564,0
4189,1408,0.0003352491194219976,-0.001709268843234495,1.0485428321976873,2.90809048727778e-08,1.0485428031167825,0
616,275,0.00039637500000000013,-7.500000000000006e-06,1.0494669255521905,3.356347479850315e-05,1.049433362077392,0
986,414,0.00048637500000000037,2.249999999999999e-05,1.0496452671097274,1.3012023287503473e-08,1.0496452540977042,0
15,25,0.00035509006922498004,2.094947116814311e-05,1.0531722434496316,0.0035240274100011067,1.0496482160396305,0
2975,826,0.00047658068823323103,-0.00016685882004120089,1.0507209714641381,1.501028608746256e-08,1.050720956453852,0
4116,1407,0.0002931700512453749,-0.0017084410577699741,1.0519486512856513,1.2275674944536702e-08,1.0519486390099764,0
1827,639,0.00036187734641326974,-9.679548773400577e-05,1.052030550474927,3.276111116059559e-07,1.0520302228638154,0
4301,1430,0.0012466915290819092,-0.0017102513126253656,1.0521829508562637,4.4781034284360416e-10,1.0521829504084534,0
3637,1318,0.0006654805645827595,-0.0017913884242686483,1.0544316105810363,1.3505968375492156e-08,1.054431597075068,0
3533,1302,0.0,-0.0017916666666666667,1.054976956421797,2.1460700857017973e-08,1.0549769349610962,0
687,294,0.0005388750000000004,-7.500000000000006e-06,1.0554724999468725,2.8622805829741997e-09,1.055472497084592,0
3862,1383,0.0013348570556488925,-0.0017524623557613741,1.0557468515467887,1.63302481798422e-08,1.0557468352165404,0
289,132,0.0005201250000000004,-4.5e-05,1.0559465548137856,5.61277698745392e-09,1.0559465492010087,0
3180,1279,0.0010853696574508723,-0.0018348853894366581,1.0588052611327923,2.731603399001012e-09,1.0588052584011889,0
3032,833,0.0005153903208829037,-0.00013147916515700845,1.0592965635345652,6.815438516297206e-09,1.0592965567191268,0
3158,1279,0.0010853696574508723,-0.0018348853894366581,1.0593217670711503,2.731603399001012e-09,1.059321764339547,0
2076,663,0.00041328543661888856,0.00012987365132883328,1.0602328531428464,4.804138748825676e-08,1.060232805101459,0
1238,517,0.0005351250000000004,4.499999999999999e-05,1.0608082157934406,4.072739819575284e-09,1.0608082117207007,0
4038,1406,0.0002528682826605001,-0.0017101146573470373,1.0609457603117662,2.8236642550380505e-09,1.060945757488102,0
2453,714,0.0004516700070720543,-0.00010631609882119671,1.0628548335800132,8.836640397662698e-08,1.0628547452136092,0
4068,1406,0.0002528682826605001,-0.0017101146573470373,1.0636529569827153,2.8236642550380505e-09,1.0636529541590511,0
3889,1385,0.0014197734752504174,-0.0017467174082457623,1.0636965201636175,1.6766268000891533e-07,1.0636963525009375,0
3209,1279,0.0010853696574508723,-0.0018348853894366581,1.0645178335949705,2.731603399001012e-09,1.0645178308633672,0
1174,484,0.0005313750000000005,3.749999999999999e-05,1.0649689280432013,4.0802289688038115e-09,1.0649689239629723,0
885,374,0.0004226250000000002,1.4999999999999992e-05,1.0657934608667092,7.017394988298121e-07,1.0657927591272105,0
3562,1302,0.0,-0.0017916666666666667,1.0672190819456935,2.1460700857017973e-08,1.0672190604849927,0
3384,1283,0.0012478521718904474,-0.0018324870133428497,1.0686209608465609,6.636637563717846e-09,1.0686209542099234,0
1885,644,0.00039834594430604073,-8.889589096520435e-05,1.0703806299978535,3.44733742335527e-07,1.070380285264111,0
2022,659,0.0004397448455128243,0.00011553035393040538,1.0710382780463419,9.115557166615707e-08,1.0710381868907701,0
3867,1384,0.0013738430140100327,-0.001747035302962676,1.071793878057466,7.187926468036283e-08,1.0717938061782013,0
260,118,0.0004151250000000002,-4.5e-05,1.0723140173873607,9.84688145988273e-07,1.0723130326992147,0
3262,1280,0.0011235544737104631,-0.0018311701190403204,1.072952045415748,1.3513546574396908e-08,1.0729520319022015,0
473,213,0.0004113750000000002,-2.2500000000000005e-05,1.0730919587733685,2.2937548244611095e-06,1.073089665018544,0
1290,537,0.00044887500000000027,5.249999999999999e-05,1.0735987417288917,9.421283811638753e-08,1.0735986475160535,0
2927,819,0.0004300110729119618,-0.00019113181933992998,1.0754805580918605,1.4421775978352106e-08,1.0754805436700845,0
4210,1408,0.0003352491194219976,-0.001709268843234495,1.0760500220405445,2.90809048727778e-08,1.0760499929596397,0
2133,669,0.0003694163498441071,0.00014006368344707463,1.0770193059154922,4.0480842953986136e-08,1.0770192654346493,0
4045,1406,0.0002528682826605001,-0.0017101146573470373,1.0783007358238461,2.8236642550380505e-09,1.078300733000182,0
2907,814,0.0003936986217093507,-0.00020074193779418825,1.0796207834778127,4.798547018335494e-09,1.0796207786792655,0
3579,1315,0.0005446477052616283,-0.0017885884216789338,1.0809019971862177,9.821408908870207e-07,1.0809010150453269,0
3226,1280,0.0011235544737104631,-0.0018311701190403204,1.081378264557767,1.3513546574396908e-08,1.0813782510442205,0
2134,669,0.0003694163498441071,0.00014006368344707463,1.082753852240206,4.0480842953986136e-08,1.0827538117593631,0
4197,1408,0.0003352491194219976,-0.001709268843234495,1.083124605129869,2.90809048727778e-08,1.0831245760489643,0
2389,709,0.0004201797986555263,-0.00012682623900017403,1.083475694699857,9.52794943683815e-08,1.0834755994203626,0
2365,706,0.00039905612662404367,-0.00013483739109859555,1.084685523715533,1.2436346873626324e-07,1.0846853993520644,0
346,154,0.00044887500000000027,-3.7500000000000003e-05,1.0852679810129138,9.340367550278929e-08,1.0852678876092383,0
3599,1316,0.0005843082459749532,-0.0017931415468221683,1.0856124682688362,1.6759312591280528e-07,1.0856123006757104,0
3452,1301,0.002,-0.0018333333333333333,1.08565794364337,3.6044118441876554e-08,1.0856579075992516,0
2132,669,0.0003694163498441071,0.00014006368344707463,1.085676067728095,4.0480842953986136e-08,1.085676027247252,0
3755,1364,0.0005435187833675847,-0.0017471359451393734,1.0870555977057919,9.259807926297897e-08,1.0870555051077126,0
4233,1408,0.0003352491194219976,-0.001709268843234495,1.0886735857002934,2.90809048727778e-08,1.0886735566193886,0
3236,1280,0.0011235544737104631,-0.0018311701190403204,1.0899009234878938,1.3513546574396908e-08,1.0899009099743473,0
2505,719,0.0004765905330907351,-7.818663989945565e-05,1.0901353056843308,3.957589316877576e-08,1.0901352661084376,0
1001,419,0.0005238750000000004,2.249999999999999e-05,1.0911089561727,4.221352960157414e-09,1.091108951951347,0
1522,602,0.0003288415266923407,5.905187378972293e-05,1.0911946753428896,1.5399700827319413e-08,1.0911946599431888,0
2858,809,0.0003562386043614697,-0.0002035160303202824,1.091469549212921,2.7376551071689497e-09,1.0914695464752657,0
2987,826,0.00047658068823323103,-0.00016685882004120089,1.0923108295841164,1.501028608746256e-08,1.0923108145738303,0
1675,621,0.00035437078446752833,9.664989812570138e-05,1.0923582024689629,1.2562936241729608e-07,1.0923580768396004,0
3453,1301,0.002,-0.0018333333333333333,1.092551621816034,3.6044118441876554e-08,1.0925515857719157,0
3346,1281,0.0011683063225345087,-0.001835821235010951,1.0927889659660646,3.04051247806275e-08,1.0927889355609397,0
2279,700,0.0003543474732555907,-0.00014026600445778972,1.093294339434654,1.291702848647408e-08,1.0932943265176254,0
3118,1255,8.021387565745436e-05,-0.0018312838481263913,1.0935551206931349,9.498567254074446e-10,1.0935551197432782,0
1613,616,0.00039134187801685423,9.160009583835657e-05,1.093618881431099,4.310611809911413e-07,1.093618450369918,0
855,359,0.0005538750000000004,7.4999999999999926e-06,1.0946064594490599,2.021877629010805e-09,1.0946064574271823,0
911,386,0.0005126250000000005,1.4999999999999992e-05,1.0957204061876025,5.315349098649421e-09,1.0957204008722534,0
3340,1281,0.0011683063225345087,-0.001835821235010951,1.095841707819355,3.04051247806275e-08,1.09584167741423,0
2422,711,0.00043342860296878213,-0.00011964423651476868,1.0959229720588137,1.1291017372352702e-07,1.09592285914864,0
728,312,0.00043762500000000024,-6.776263578034403e-21,1.0962073883626258,1.7194322719897182e-07,1.0962072164193986,0
1277,533,0.0004188750000000002,5.249999999999999e-05,1.0966424739891767,6.714869554628966e-07,1.0966418025022213,0
2937,820,0.000437025866865426,-0.00018841427368462648,1.0967835192776703,1.4666830352625784e-08,1.0967835046108398,0
3090,839,0.0005405034812376771,-9.408196402900622e-05,1.0971423467604002,3.984490126884458e-09,1.0971423427759102,0
4322,1431,0.0012933998027881317,-0.001710610546743135,1.0979789256635692,3.603961414914697e-09,1.097978922059608,0
1960,652,0.0004765905330907351,7.818663989945569e-05,1.0998165612464412,4.0916124776755385e-08,1.0998165203303165,0
724,311,0.0004301250000000002,-6.776263578034403e-21,1.0998892341269302,3.336432876647733e-07,1.0998889004836425,0
3952,1386,0.001455283505559255,-0.001747823274873921,1.101219854960836,3.250126316178113e-08,1.1012198224595728,0
3223,1280,0.0011235544737104631,-0.0018311701190403204,1.1017680827884968,1.3513546574396908e-08,1.1017680692749503,0
3494,1301,0.002,-0.0018333333333333333,1.1019981545022284,3.6044118441876554e-08,1.10199811845811,0
3295,1281,0.0011683063225345087,-0.001835821235010951,1.10372060028003,3.04051247806275e-08,1.103720569874905,0
790,336,0.0003813750000000001,7.4999999999999926e-06,1.104822451112158,0.0007289379422381506,1.1040935131699199,0
2627,738,0.0004826667542215086,0.0001624370342724702,1.1045083278808083,1.8040843202637752e-08,1.104508309839965,0
2483,717,0.00046753720614419884,-9.023443001343242e-05,1.1050157819365871,2.3675745995681973e-08,1.105015758260841,0
508,226,0.0005088750000000003,-2.2500000000000005e-05,1.105807771347372,6.1840780270346805e-09,1.105807765163294,0
1267,530,0.00039637500000000013,5.249999999999999e-05,1.1065878528312392,3.4858932651732347e-06,1.106584366937974,0
2047,661,0.0004269006467537924,0.00012341315379275108,1.1066854161562067,4.463506753824434e-08,1.106685371521139,0
717,309,0.0004151250000000002,-6.776263578034403e-21,1.1074535723571182,1.7965497729040099e-06,1.1074517758073452,0
3796,1365,0.0005858232018222758,-0.001752429859975062,1.107562153419199,1.2900585714593919e-08,1.1075621405186133,0
2683,747,0.000422900652254255,0.0001935883019205059,1.1077221382153368,1.4993572807963557e-08,1.107722123221764,0
2658,743,0.0004507303929021596,0.0001822111920225962,1.1087192722083077,1.3017304991259248e-08,1.1087192591910027,0
462,209,0.0003813750000000001,-2.2500000000000005e-05,1.1094160000971245,0.0003034166671051728,1.1091125834300193,0
1559,607,0.00035809336779726213,-6.674083465604075e-05,1.1095504949260973,7.604467373998765e-07,1.10954973447936,0
3301,1281,0.0011683063225345087,-0.001835821235010951,1.112962576146405,3.04051247806275e-08,1.1129625457412802,0
3113,842,0.0005498054557068993,-7.353102527757903e-05,1.1142255355051098,2.8923715216076588e-09,1.1142255326127384,0
2430,712,0.0004397448455128243,-0.00011553035393040541,1.1144500177694063,9.706519894408578e-08,1.1144499207042073,0
196,85,0.0004113750000000002,-5.25e-05,1.114570611784844,1.0885119497787139e-06,1.1145695232728943,0
892,377,0.00044512500000000026,1.4999999999999992e-05,1.1158092996846598,1.0098984115685355e-07,1.1158091986948186,0
2995,827,0.0004826667542215086,-0.00016243703427247025,1.1181716434696518,1.977978557610221e-08,1.1181716236898662,0
2366,707,0.00040623743887438605,-0.0001325466043000965,1.1183196613544035,7.728247968619983e-08,1.1183195840719238,0
3483,1301,0.002,-0.0018333333333333333,1.1185903800365116,3.6044118441876554e-08,1.1185903439923932,0
1383,570,0.0004526250000000003,5.999999999999999e-05,1.1190053637454132,6.094466917200828e-08,1.119005302800744,0
1569,610,0.0004291181731234339,6.779062633800114e-05,1.1192271645925842,1.958264447340291e-07,1.1192269687661394,0
200,87,0.0004263750000000002,-5.25e-05,1.119765931684606,4.295876271933208e-07,1.1197655020969788,0
1904,645,0.0004051193935742176,-8.56570557439043e-05,1.1199073363017973,3.442248684343402e-07,1.119906992076929,0
2293,700,0.0003543474732555907,-0.00014026600445778972,1.120490607309752,1.291702848647408e-08,1.1204905943927235,0
1869,643,0.0003913418780168542,-9.160009583835658e-05,1.120549233250306,4.3674982910749494e-07,1.1205487965004768,0
2278,700,0.0003543474732555907,-0.00014026600445778972,1.1206001366565883,1.291702848647408e-08,1.1206001237395598,0
1712,625,0.00032512986484072894,9.031591525967967e-05,1.1208690518626425,6.0560206497547175e-09,1.120869045806622,0
3618,1317,0.0006264091269581266,-0.001793554870120426,1.1210957766634833,7.340702519687142e-08,1.1210957032564581,0
3921,1386,0.001455283505559255,-0.001747823274873921,1.1232850316739147,3.250126316178113e-08,1.1232849991726515,0
2311,703,0.0003769209214282374,-0.00013935632559438542,1.1236217125736516,3.4203613114510965e-08,1.1236216783700386,0
405,183,0.0004226250000000002,-3.0000000000000004e-05,1.1244742934644583,6.448313520242875e-07,1.1244736486331062,0
18,28,0.00033537279169846044,4.626701118018792e-05,1.124833456863445,4.813700262333484e-06,1.1248286431631827,0
1472,595,0.00035619747382519424,-4.588966645821942e-05,1.1248778373812354,1.0774866923788777e-05,1.1248670625143116,0
1437,583,0.0005501250000000005,5.999999999999999e-05,1.1260535156244622,3.2164234930436135e-09,1.1260535124080386,0
45,48,0.00037012500000000007,-6e-05,1.128207850073384,1.335739219725323e-05,1.1281944926811869,0
901,383,0.0004901250000000003,1.4999999999999992e-05,1.1310063941702724,1.0649115842523395e-08,1.1310063835211566,0
3085,839,0.0005405034812376771,-9.408196402900622e-05,1.1313449316520974,3.984490126884458e-09,1.1313449276676073,0
3205,1279,0.0010853696574508723,-0.0018348853894366581,1.1318658650863334,2.731603399001012e-09,1.13186586235473,0
3410,1299,0.0019146927158673187,-0.0018343109948123562,1.1318743979333283,1.5975082076411483e-08,1.1318743819582462,0
1297,540,0.00047137500000000033,5.249999999999999e-05,1.1321452094829154,3.2465184433749306e-08,1.1321451770177309,0
2897,814,0.0003936986217093507,-0.00020074193779418825,1.1323012092140292,4.798547018335494e-09,1.132301204415482,0
3106,841,0.0005469587483604977,-8.049440419030242e-05,1.1336775985249108,3.87256742150957e-09,1.1336775946523434,0
1384,570,0.0004526250000000003,5.999999999999999e-05,1.134318225089652,6.094466917200828e-08,1.1343181641449829,0
494,221,0.00047137500000000033,-2.2500000000000005e-05,1.1345565972616465,2.4005963162145616e-08,1.1345565732556833,0
652,284,0.0004638750000000003,-7.500000000000006e-06,1.1352461546587826,3.1374375720998644e-08,1.1352461232844069,0
1771,632,0.0003115931542154948,-8.38431163329143e-05,1.1359861001877285,1.1820845718733618e-09,1.1359860990056438,0
4184,1408,0.0003352491194219976,-0.001709268843234495,1.1364116037654375,2.90809048727778e-08,1.1364115746845327,0
3261,1280,0.0011235544737104631,-0.0018311701190403204,1.1372161161189143,1.3513546574396908e-08,1.1372161026053678,0
3843,1383,0.0013348570556488925,-0.0017524623557613741,1.137417195119687,1.63302481798422e-08,1.1374171787894387,0
3356,1281,0.0011683063225345087,-0.001835821235010951,1.1375058149769521,3.04051247806275e-08,1.1375057845718273,0
916,387,0.0005201250000000004,1.4999999999999992e-05,1.1382272536785614,4.3955306162339185e-09,1.1382272492830308,0
1636,616,0.00039134187801685423,9.160009583835657e-05,1.139047679777118,4.310611809911413e-07,1.139047248715937,0
3880,1384,0.0013738430140100327,-0.001747035302962676,1.1392573835527382,7.187926468036283e-08,1.1392573116734734,0
1666,620,0.0003618773464132698,9.679548773400577e-05,1.1394537330234298,3.9223274825909343e-07,1.1394533407906815,0
1758,632,0.0003115931542154948,-8.38431163329143e-05,1.1394710286456373,1.1820845718733618e-09,1.1394710274635527,0
754,320,0.0004976250000000005,-6.776263578034403e-21,1.14007014303575,7.840656293684794e-09,1.1400701351950937,0
801,341,0.0004188750000000002,7.4999999999999926e-06,1.1402262248938733,1.1035670765816388e-06,1.1402251213267967,0
302,137,0.0005576250000000006,-4.5e-05,1.1423802170982682,2.2024867004862706e-09,1.1423802148957816,0
2826,803,0.0003115681039073706,-0.00019770501798221612,1.1426835764399408,9.259144910660984e-10,1.1426835755140263,0
4025,1388,0.0015430996086898707,-0.0017488292043807475,1.1450408390951117,3.510913238384681e-09,1.1450408355841983,0
3893,1385,0.0014197734752504174,-0.0017467174082457623,1.1456222835254397,1.6766268000891533e-07,1.1456221158627597,0
2655,741,0.00046393938099558276,0.00017501293601540074,1.1479225141404492,1.4255057133079984e-08,1.147922499885392,0
3546,1302,0.0,-0.0017916666666666667,1.1484715493588202,2.1460700857017973e-08,1.1484715278981195,0
4176,1407,0.0002931700512453749,-0.0017084410577699741,1.148543257590798,1.2275674944536702e-08,1.148543245315123,0
4027,1388,0.0015430996086898707,-0.0017488292043807475,1.149383916409901,3.510913238384681e-09,1.1493839128989876,0
1693,622,0.00034689807728635754,9.592304465781523e-05,1.1509915390997347,1.0963212399090174e-07,1.1509914294676107,0
673,290,0.0005088750000000003,-7.500000000000006e-06,1.1517839195444783,5.681240642879855e-09,1.1517839138632378,0
96,59,0.0004526250000000003,-6e-05,1.1518051504703755,5.974883135408689e-08,1.151805090721544,0
2570,730,0.0005246760455161772,0.00011964415041124919,1.1526917541425152,1.1436804951437766e-08,1.1526917427057102,0
746,318,0.00048262500000000036,-6.776263578034403e-21,1.1534767596280031,1.3306221216520712e-08,1.1534767463217819,0
830,350,0.00048637500000000037,7.4999999999999926e-06,1.153655959480698,1.1707698381136869e-08,1.1536559477729997,0
2802,762,0.0003115681039073707,0.00019770501798221614,1.154077378928337,8.454143642207108e-10,1.1540773780829225,0
55,50,0.0003851250000000001,-6e-05,1.1551811424629503,1.9244926481349133e-06,1.1551792179703022,0
3266,1280,0.0011235544737104631,-0.0018311701190403204,1.155269801902216,1.3513546574396908e-08,1.1552697883886696,0
1946,649,0.0004291181731234339,-6.779062633800117e-05,1.1583058978024696,1.9769346161496606e-07,1.158305700109008,0
2104,666,0.0003917622054501175,0.00013673940679297052,1.1588410063262309,4.235101707239463e-08,1.1588409639752137,0
1265,529,0.0003888750000000001,5.249999999999999e-05,1.1600946528633267,6.6048528605076164e-06,1.1600880480104663,0
3071,839,0.0005405034812376771,-9.408196402900622e-05,1.1614667211446177,3.984490126884458e-09,1.1614667171601276,0
3588,1316,0.0005843082459749532,-0.0017931415468221683,1.1618350800959778,1.6759312591280528e-07,1.161834912502852,0
1750,627,0.00031159315421549485,8.384311633291435e-05,1.1625383392443194,8.779130966173827e-10,1.1625383383664063,0
1254,526,0.00036637500000000006,5.249999999999999e-05,1.1628480986988234,4.19078426865044e-05,1.162806190856137,0
1482,597,0.0003657136775702661,6.652313992562682e-05,1.1636731580042332,4.479246900015937e-06,1.1636686787573332,0
3569,1314,0.0004984881118846614,-0.001793090059836856,1.163785047412129,9.180600153086182e-08,1.1637849556061275,0
3420,1300,0.0019586220894085822,-0.0018338156596585703,1.164662948134196,7.285132515831509e-08,1.1646628752828707,0
3192,1279,0.0010853696574508723,-0.0018348853894366581,1.1660373321621476,2.731603399001012e-09,1.1660373294305442,0
1739,627,0.00031159315421549485,8.384311633291435e-05,1.1669527380949316,8.779130966173827e-10,1.1669527372170185,0
1343,561,0.0003851250000000001,5.999999999999999e-05,1.16699474995138,2.172403207948945e-06,1.166992577548172,0
1423,579,0.0005201250000000004,5.999999999999999e-05,1.1674097686318954,8.026380258345251e-09,1.1674097606055152,0
1081,450,0.0005126250000000005,2.999999999999999e-05,1.167510208950591,5.978717350452613e-09,1.1675102029718738,0
2525,723,0.0005498054557068993,7.3531025277579e-05,1.1697031023927116,2.8212094008646687e-09,1.169703099571502,0
2620,737,0.0004885852721786184,0.00015779337905383193,1.1698320837699172,1.5732678557437894e-08,1.1698320680372387,0
2981,826,0.00047658068823323103,-0.00016685882004120089,1.1704871493425222,1.501028608746256e-08,1.170487134332236,0
1250,526,0.00036637500000000006,5.249999999999999e-05,1.1708881980593853,4.19078426865044e-05,1.1708462902166987,0
515,229,0.0005313750000000005,-2.2500000000000005e-05,1.170884904071222,3.5890275387966054e-09,1.1708849004821944,0
1986,655,0.00046253869725606817,9.587658019650754e-05,1.1712740129456736,5.016978233858687e-08,1.1712739627758912,0
848,357,0.0005388750000000004,7.4999999999999926e-06,1.171606798437698,2.8555251119060035e-09,1.171606795582173,0
604,266,0.0005651250000000005,-1.5000000000000005e-05,1.1716974355391312,1.4653318378102208e-09,1.1716974340737993,0
10,21,0.00035509006922498004,-2.094947116814311e-05,1.1753835196333178,0.003522442228470103,1.1718610774048477,0
1227,511,0.0004901250000000003,4.499999999999999e-05,1.1747969035544126,1.498770771242459e-08,1.1747968885667048,0
3718,1363,0.0004980498508590125,-0.0017495891039972066,1.174827778795426,1.303138308747088e-07,1.1748276484815952,0
3232,1280,0.0011235544737104631,-0.0018311701190403204,1.175288325758782,1.3513546574396908e-08,1.1752883122452356,0
2892,814,0.0003936986217093507,-0.00020074193779418825,1.1757891908719365,4.798547018335494e-09,1.1757891860733893,0
365,163,0.0005163750000000004,-3.7500000000000003e-05,1.1760600738642368,5.7746834961901124e-09,1.1760600680895534,0
4323,1431,0.0012933998027881317,-0.001710610546743135,1.176884200428314,3.603961414914697e-09,1.1768841968243526,0
331,149,0.0004113750000000002,-3.7500000000000003e-05,1.1787027272773944,1.6049215619148837e-06,1.1787011223558326,0
3904,1385,0.0014197734752504174,-0.0017467174082457623,1.1787039617915835,1.6766268000891533e-07,1.1787037941289036,0
1854,642,0.0003841493179854505,-9.375340695706517e-05,1.1789916542531327,1.714583663396239e-07,1.1789914827947663,0
38,30,0.00031661055043433607,6.0578213238823295e-05,1.1795155014746748,1.017085796253868e-08,1.1795154913038168,0
3477,1301,0.002,-0.0018333333333333333,1.1799245494568074,3.6044118441876554e-08,1.179924513412689,0
3734,1364,0.0005435187833675847,-0.0017471359451393734,1.1800978863008804,9.259807926297897e-08,1.1800977937028012,0
3919,1386,0.001455283505559255,-0.001747823274873921,1.1801853123192634,3.250126316178113e-08,1.1801852798180001,0
431,192,0.0004901250000000003,-3.0000000000000004e-05,1.1804310262058413,1.222980719584825e-08,1.1804310139760341,0
798,340,0.0004113750000000002,7.4999999999999926e-06,1.1806407359718227,2.915922440972005e-06,1.1806378200493817,0
1308,545,0.0005088750000000003,5.249999999999999e-05,1.1808191262428855,9.042180447563539e-09,1.1808191172007052,0
3060,838,0.0005369037385796694,-0.00010068758598264066,1.1823159284667903,6.150848423070251e-09,1.1823159223159418,0
1243,519,0.0005501250000000005,4.499999999999999e-05,1.1844189446221227,2.824955700280692e-09,1.1844189417971671,0
290,132,0.0005201250000000004,-4.5e-05,1.184983461371492,5.61277698745392e-09,1.184983455758715,0
2179,676,0.0003173378387221443,0.00013374020734338335,1.1853532695480347,1.2535618619664699e-09,1.1853532682944727,0
1179,487,0.0005538750000000004,3.749999999999999e-05,1.1853790626971896,2.3436500359722e-09,1.1853790603535397,0
3306,1281,0.0011683063225345087,-0.001835821235010951,1.185622253127819,3.04051247806275e-08,1.1856222227226942,0
3470,1301,0.002,-0.0018333333333333333,1.1866308622225725,3.6044118441876554e-08,1.1866308261784542,0
792,338,0.00039637500000000013,7.4999999999999926e-06,1.186723950074356,3.354652150093135e-05,1.1866904035528552,0
3837,1383,0.0013348570556488925,-0.0017524623557613741,1.1875162318851538,1.63302481798422e-08,1.1875162155549055,0
2462,716,0.0004625386972560682,-9.587658019650753e-05,1.1889858982108032,4.4855855708196496e-08,1.1889858533549476,0
1935,648,0.00042365707097667893,-7.294291048408706e-05,1.1891159608149733,1.44746253469961e-07,1.1891158160687199,0
2336,705,0.0003917622054501175,-0.00013673940679297052,1.1895593319936144,3.669571335376032e-08,1.189559295297901,0
3498,1301,0.002,-0.0018333333333333333,1.1897935164528535,3.6044118441876554e-08,1.1897934804087351,0
3347,1281,0.0011683063225345087,-0.001835821235010951,1.189916230155827,3.04051247806275e-08,1.1899161997507022,0
1682,621,0.00035437078446752833,9.664989812570138e-05,1.1900743615644662,1.2562936241729608e-07,1.1900742359351038,0
809,343,0.00043387500000000023,7.4999999999999926e-06,1.1904214817518886,2.3782304958333776e-07,1.190421243928839,0
4241,1409,0.0003752823907658263,-0.0017092114270423236,1.190673403820383,3.208013893465805e-08,1.190673371740244,0
2854,809,0.0003562386043614697,-0.0002035160303202824,1.1906867848501081,2.7376551071689497e-09,1.190686782112453,0
3366,1282,0.0012103756595647091,-0.0018311249926090982,1.1906898272776139,2.8048161649195223e-08,1.1906897992294523,0
3011,829,0.0004943281581209461,-0.00015293419705974777,1.1912169837334032,1.4527108634839e-08,1.1912169692062946,0
1870,643,0.0003913418780168542,-9.160009583835658e-05,1.1916120523272946,4.3674982910749494e-07,1.1916116155774654,0
4253,1409,0.0003752823907658263,-0.0017092114270423236,1.192168564655568,3.208013893465805e-08,1.192168532575429,0
3853,1383,0.0013348570556488925,-0.0017524623557613741,1.1929274883419927,1.63302481798422e-08,1.1929274720117444,0
1186,490,0.0005763750000000006,3.749999999999999e-05,1.1965257756530987,1.0389441767068562e-09,1.1965257746141544,0
1800,636,0.0003395041666100166,-9.461929871262795e-05,1.19661756126493,4.003103117483332e-08,1.1966175212338988,0
2263,697,0.00033192042255648864,-0.00013754286748407854,1.1971172128390968,8.33369438069656e-09,1.1971172045054024,0
2799,762,0.0003115681039073707,0.00019770501798221614,1.1971379762660188,8.454143642207108e-10,1.1971379754206044,0
3912,1385,0.0014197734752504174,-0.0017467174082457623,1.1972814132214395,1.6766268000891533e-07,1.1972812455587596,0
3959,1386,0.001455283505559255,-0.001747823274873921,1.1979421219173387,3.250126316178113e-08,1.1979420894160755,0
2242,695,0.0003173378387221443,-0.00013374020734338335,1.2010890716795495,1.210188274086831e-09,1.2010890704693613,0
3882,1384,0.0013738430140100327,-0.001747035302962676,1.2013511920430198,7.187926468036283e-08,1.201351120163755,0
983,413,0.00047887500000000035,2.249999999999999e-05,1.2017534109707757,1.7419782957657286e-08,1.2017533935509928,0
4055,1406,0.0002528682826605001,-0.0017101146573470373,1.2020500501346962,2.8236642550380505e-09,1.202050047311032,0
1135,473,0.00044887500000000027,3.749999999999999e-05,1.2033030755779428,9.217581943895485e-08,1.2033029834021234,0
371,165,0.0005313750000000005,-3.7500000000000003e-05,1.203670362092666,4.098060721273306e-09,1.2036703579946053,0
2938,821,0.000443935452749889,-0.00018543937679507772,1.204710806246626,1.3244627142096203e-08,1.204710793001999,0
4259,1409,0.0003752823907658263,-0.0017092114270423236,1.2069390241075146,3.208013893465805e-08,1.2069389920273756,0
198,85,0.0004113750000000002,-5.25e-05,1.207429890933887,1.0885119497787139e-06,1.2074288024219373,0
3256,1280,0.0011235544737104631,-0.0018311701190403204,1.2076958334393129,1.3513546574396908e-08,1.2076958199257664,0
3423,1300,0.0019586220894085822,-0.0018338156596585703,1.2096938602579184,7.285132515831509e-08,1.2096937874065932,0
3902,1385,0.0014197734752504174,-0.0017467174082457623,1.2098799189720684,1.6766268000891533e-07,1.2098797513093884,0
1292,538,0.0004563750000000003,5.249999999999999e-05,1.2121099654613818,6.473756097696211e-08,1.212109900723821,0
3413,1300,0.0019586220894085822,-0.0018338156596585703,1.2121196765848932,7.285132515831509e-08,1.212119603733568,0
2040,661,0.0004269006467537924,0.00012341315379275108,1.2125608294622323,4.463506753824434e-08,1.2125607848271647,0
1919,647,0.0004178131277148981,-7.76565073837367e-05,1.2127807086304356,4.813127743877614e-07,1.2127802273176613,0
35,30,0.00031661055043433607,6.0578213238823295e-05,1.2139270388050667,1.017085796253868e-08,1.2139270286342088,0
1351,562,0.0003926250000000001,5.999999999999999e-05,1.2142273451121968,1.3074121389674107e-06,1.2142260377000578,0
1938,648,0.00042365707097667893,-7.294291048408706e-05,1.2144344559817926,1.44746253469961e-07,1.2144343112355391,0
1018,430,0.00036262500000000005,2.999999999999999e-05,1.2169345633281732,0.001541738891892167,1.215392824436281,0
3088,839,0.0005405034812376771,-9.408196402900622e-05,1.2156648506573666,3.984490126884458e-09,1.2156648466728766,0
115,61,0.0004676250000000003,-6e-05,1.2166971880103767,4.194828025322652e-08,1.2166971460620966,0
688,294,0.0005388750000000004,-7.500000000000006e-06,1.2181214874832675,2.8622805829741997e-09,1.218121484620987,0
3045,836,0.0005289846124320408,-0.00011347741385698144,1.2185703474271619,8.494250182757065e-09,1.2185703389329117,0
3066,839,0.0005405034812376771,-9.408196402900622e-05,1.2190573893381345,3.984490126884458e-09,1.2190573853536444,0
2292,700,0.0003543474732555907,-0.00014026600445778972,1.2207968456033218,1.291702848647408e-08,1.2207968326862932,0
3603,1316,0.0005843082459749532,-0.0017931415468221683,1.2212599837449887,1.6759312591280528e-07,1.2212598161518629,0
2038,661,0.0004269006467537924,0.00012341315379275108,1.2217615978361294,4.463506753824434e-08,1.2217615532010617,0
3832,1366,0.000626945333864304,-0.0017488310248700133,1.2218441862230975,5.823364972043562e-09,1.2218441803997326,0
1963,652,0.0004765905330907351,7.818663989945569e-05,1.2221096738276833,4.0916124776755385e-08,1.2221096329115586,0
213,93,0.00047137500000000033,-5.25e-05,1.2231628850892973,3.21732324835722e-08,1.2231628529160647,0
4121,1407,0.0002931700512453749,-0.0017084410577699741,1.2238080334628931,1.2275674944536702e-08,1.2238080211872182,0
1402,572,0.0004676250000000003,5.999999999999999e-05,1.224846308658326,4.512235952656635e-08,1.2248462635359665,0
3166,1279,0.0010853696574508723,-0.0018348853894366581,1.225213088558364,2.731603399001012e-09,1.2252130858267607,0
3008,829,0.0004943281581209461,-0.00015293419705974777,1.2252352291202817,1.4527108634839e-08,1.225235214593173,0
1218,505,0.00044512500000000026,4.499999999999999e-05,1.2266686212976816,1.225786873140155e-07,1.2266684987189942,0
2054,661,0.0004269006467537924,0.00012341315379275108,1.227038597199268,4.463506753824434e-08,1.2270385525642005,0
3728,1363,0.0004980498508590125,-0.0017495891039972066,1.2278183855166533,1.303138308747088e-07,1.2278182552028225,0
1029,432,0.0003776250000000001,2.999999999999999e-05,1.2291272300991751,0.00019379981574026736,1.228933430283435,0
751,319,0.0004901250000000003,-6.776263578034403e-21,1.2296869319228143,1.0078004268065222e-08,1.22968692184481,0
3604,1316,0.0005843082459749532,-0.0017931415468221683,1.2297052715867556,1.6759312591280528e-07,1.2297051039936298,0
203,88,0.00043387500000000023,-5.25e-05,1.2301148521027907,3.028908394797654e-07,1.2301145492119512,0
3252,1280,0.0011235544737104631,-0.0018311701190403204,1.230142119636471,1.3513546574396908e-08,1.2301421061229245,0
108,60,0.0004601250000000003,-6e-05,1.2302542820179507,4.9795343929851604e-08,1.2302542322226069,0
2324,704,0.000384376705615542,-0.00013824716737959644,1.2304727876238426,2.7173621889311787e-08,1.2304727604502208,0
2298,700,0.0003543474732555907,-0.00014026600445778972,1.2307607678617494,1.291702848647408e-08,1.2307607549447208,0
388,179,0.0003926250000000001,-3.0000000000000004e-05,1.2314982629514857,1.9721553177643056e-05,1.231478541398308,0
2837,806,0.0003337421080143175,-0.00020185005772340985,1.2340791022887352,1.796514262117973e-09,1.234079100492221,0
2663,744,0.00044393545274988913,0.00018543937679507767,1.234283543490864,1.3625216594652994e-08,1.2342835298656476,0
1623,616,0.00039134187801685423,9.160009583835657e-05,1.236212320527052,4.310611809911413e-07,1.2362118894658711,0
374,166,0.0005388750000000004,-3.7500000000000003e-05,1.237189634327647,3.544768891661331e-09,1.237189630782878,0
162,70,0.0005351250000000004,-6e-05,1.2378118487700347,4.579765846141596e-09,1.2378118441902688,0
3630,1318,0.0006654805645827595,-0.0017913884242686483,1.2392939376667966,1.3505968375492156e-08,1.2392939241608283,0
1053,440,0.00043762500000000024,2.999999999999999e-05,1.24024634969467,1.9110593067260764e-07,1.2402461585887394,0
4173,1407,0.0002931700512453749,-0.0017084410577699741,1.2417801619200224,1.2275674944536702e-08,1.2417801496443475,0
3886,1384,0.0013738430140100327,-0.001747035302962676,1.2419629124772456,7.187926468036283e-08,1.2419628405979808,0
2766,757,0.0003487209506984081,0.00020323805190300341,1.2427617733416427,2.630770096533511e-09,1.2427617707108727,0
590,262,0.0005351250000000004,-1.5000000000000005e-05,1.2452335086464532,3.1727915827291445e-09,1.2452335054736616,0
695,296,0.0005538750000000004,-7.500000000000006e-06,1.2459026757806837,2.030840406272393e-09,1.2459026737498433,0
298,135,0.0005426250000000006,-4.5e-05,1.2459432724068262,3.5128835814838125e-09,1.2459432688939427,0
3187,1279,0.0010853696574508723,-0.0018348853894366581,1.2466199779520988,2.731603399001012e-09,1.2466199752204954,0
2507,719,0.0004765905330907351,-7.818663989945565e-05,1.2470112640854742,3.957589316877576e-08,1.247011224509581,0
2388,709,0.0004201797986555263,-0.00012682623900017403,1.247952033771101,9.52794943683815e-08,1.2479519384916067,0
1235,516,0.0005276250000000005,4.499999999999999e-05,1.2480019424102242,4.7842882423446354e-09,1.248001937625936,0
3407,1299,0.0019146927158673187,-0.0018343109948123562,1.24828335257901,1.5975082076411483e-08,1.2482833366039279,0
1530,604,0.00033577603221746386,-6.221875635057437e-05,1.2517316929629363,4.80673146476853e-07,1.25173121228979,0
188,82,0.0003888750000000001,-5.25e-05,1.2520312991800515,6.703792878923332e-06,1.2520245953871727,0
3159,1279,0.0010853696574508723,-0.0018348853894366581,1.2522538189571648,2.731603399001012e-09,1.2522538162255614,0
685,293,0.0005313750000000005,-7.500000000000006e-06,1.2539815953520441,3.3215141062271063e-09,1.25398159203053,0
3380,1283,0.0012478521718904474,-0.0018324870133428497,1.255326649283747,6.636637563717846e-09,1.2553266426471095,0
1260,527,0.0003738750000000001,5.249999999999999e-05,1.2564501197622913,2.6614511200649062e-05,1.2564235052510906,0
641,281,0.00044137500000000025,-7.500000000000006e-06,1.2582621915620322,1.2903463586915307e-07,1.2582620625273964,0
3681,1361,0.00041540645613897707,-0.0017497865928541032,1.2583481098623075,8.572315711959396e-08,1.2583480241391505,0
384,176,0.00037012500000000007,-3.0000000000000004e-05,1.2592110486985737,0.0005469150808618265,1.2586641336177118,0
2759,757,0.0003487209506984081,0.00020323805190300341,1.2588302135480345,2.630770096533511e-09,1.2588302109172644,0
3931,1386,0.001455283505559255,-0.001747823274873921,1.2604266701964981,3.250126316178113e-08,1.2604266376952349,0
2204,678,0.0003032469244494645,0.00012839622845202327,1.2613164306976834,1.91534661762075e-09,1.2613164287823369,0
466,210,0.0003888750000000001,-2.2500000000000005e-05,1.2615991646574192,6.82020560368161e-05,1.2615309626013824,0
2618,737,0.0004885852721786184,0.00015779337905383193,1.2616972009399294,1.5732678557437894e-08,1.261697185207251,0
3221,1280,0.0011235544737104631,-0.0018311701190403204,1.2619014823308294,1.3513546574396908e-08,1.261901468817283,0
1435,582,0.0005426250000000006,5.999999999999999e-05,1.2621175759895031,4.084720561261821e-09,1.2621175719047826,0
2634,739,0.00047658068823323103,0.00016685882004120083,1.2634365109386085,1.4560114185213875e-08,1.2634364963784943,0
3197,1279,0.0010853696574508723,-0.0018348853894366581,1.2639341046790147,2.731603399001012e-09,1.2639341019474113,0
457,204,0.0005801250000000006,-3.0000000000000004e-05,1.2655685080361803,8.955225494642304e-10,1.2655685071406577,0
509,226,0.0005088750000000003,-2.2500000000000005e-05,1.265852199108408,6.1840780270346805e-09,1.26585219292433,0
1964,653,0.0004722256574286747,8.43321106094867e-05,1.2660839983038998,3.914059212363414e-08,1.2660839591633077,0
37,30,0.00031661055043433607,6.0578213238823295e-05,1.2663912900313243,1.017085796253868e-08,1.2663912798604664,0
4117,1407,0.0002931700512453749,-0.0017084410577699741,1.2673135094356043,1.2275674944536702e-08,1.2673134971599294,0
3399,1299,0.0019146927158673187,-0.0018343109948123562,1.2682628960830094,1.5975082076411483e-08,1.2682628801079272,0
3238,1280,0.0011235544737104631,-0.0018311701190403204,1.2685250330515356,1.3513546574396908e-08,1.2685250195379891,0
535,243,0.0003926250000000001,-1.5000000000000005e-05,1.2688584780095222,5.3801403971149645e-05,1.2688046766055512,0
1983,655,0.00046253869725606817,9.587658019650754e-05,1.26977437211161,5.016978233858687e-08,1.2697743219418276,0
420,189,0.0004676250000000003,-3.0000000000000004e-05,1.269822299023999,3.0709783392993915e-08,1.2698222683142155,0
2088,665,0.0003990561266240436,0.00013483739109859555,1.27143626648996,1.1517645074678549e-07,1.2714361513135093,0
609,271,0.00036637500000000006,-7.500000000000006e-06,1.3022452603129038,0.02921207549201657,1.2730331848208871,0
3258,1280,0.0011235544737104631,-0.0018311701190403204,1.2732865589404958,1.3513546574396908e-08,1.2732865454269493,0
3897,1385,0.0014197734752504174,-0.0017467174082457623,1.274332079044297,1.6766268000891533e-07,1.274331911381617,0
1200,498,0.0003926250000000001,4.499999999999999e-05,1.2747552992456055,7.271929908837139e-06,1.2747480273156966,0
264,120,0.0004301250000000002,-4.5e-05,1.2748635179006254,3.566016120030929e-07,1.2748631612990133,0
3124,1255,8.021387565745436e-05,-0.0018312838481263913,1.2750940379156466,9.498567254074446e-10,1.27509403696579,0
3401,1299,0.0019146927158673187,-0.0018343109948123562,1.2755747313864378,1.5975082076411483e-08,1.2755747154113557,0
3888,1384,0.0013738430140100327,-0.001747035302962676,1.2760056943897076,7.187926468036283e-08,1.2760056225104428,0
80,54,0.0004151250000000002,-6e-05,1.2762030873466597,5.304333791575207e-07,1.2762025569132804,0
1293,538,0.0004563750000000003,5.249999999999999e-05,1.2771128301144261,6.473756097696211e-08,1.2771127653768652,0
589,261,0.0005276250000000005,-1.5000000000000005e-05,1.2776276081146511,3.704878663033235e-09,1.2776276044097725,0
208,90,0.00044887500000000027,-5.25e-05,1.279654402332832,9.830365360024532e-08,1.2796543040291783,0
3155,1279,0.0010853696574508723,-0.0018348853894366581,1.279724139067411,2.731603399001012e-09,1.2797241363358076,0
1015,425,0.0005688750000000005,2.249999999999999e-05,1.2797979625670897,1.2967019445286385e-09,1.2797979612703878,0
1945,649,0.0004291181731234339,-6.779062633800117e-05,1.2803322346134458,1.9769346161496606e-07,1.2803320369199842,0
3249,1280,0.0011235544737104631,-0.0018311701190403204,1.2803497309454333,1.3513546574396908e-08,1.2803497174318867,0
3605,1317,0.0006264091269581266,-0.001793554870120426,1.2803664118248763,7.340702519687142e-08,1.2803663384178512,0
442,197,0.0005276250000000005,-3.0000000000000004e-05,1.2809759297878078,4.126965613837739e-09,1.2809759256608422,0
709,307,0.00040012500000000014,-6.776263578034403e-21,1.281643991087294,1.814536230517119e-05,1.281625845724989,0
994,416,0.0005013750000000004,2.249999999999999e-05,1.28168601307606,7.781579743961342e-09,1.28168600529448,0
1710,625,0.00032512986484072894,9.031591525967967e-05,1.28269159518546,6.0560206497547175e-09,1.2826915891294395,0
1955,651,0.00048061924806390346,7.181573686628486e-05,1.2830249560426248,2.9335247000969972e-08,1.2830249267073779,0
1823,638,0.0003543707844675283,-9.664989812570138e-05,1.283127272713215,9.977164192353979e-08,1.2831271729415732,0
3093,839,0.0005405034812376771,-9.408196402900622e-05,1.2845470706118784,3.984490126884458e-09,1.2845470666273884,0
3684,1361,0.00041540645613897707,-0.0017497865928541032,1.2854526700017763,8.572315711959396e-08,1.2854525842786193,0
2148,671,0.0003543474732555907,0.00014026600445778972,1.2854700214224128,1.538209714277646e-08,1.2854700060403157,0
3508,1301,0.002,-0.0018333333333333333,1.2882760817205494,3.6044118441876554e-08,1.288276045676431,0
1500,599,0.00035049791389083905,6.608846053976123e-05,1.290243355791794,9.765684729121883e-07,1.290242379223321,0
3326,1281,0.0011683063225345087,-0.001835821235010951,1.2915982147208211,3.04051247806275e-08,1.2915981843156963,0
2007,657,0.00045167000707205425,0.00010631609882119674,1.293164449026068,6.556841812759795e-08,1.29316438345765,0
2567,730,0.0005246760455161772,0.00011964415041124919,1.2944915060935573,1.1436804951437766e-08,1.2944914946567523,0
268,122,0.00044512500000000026,-4.5e-05,1.2968176815544976,1.2569874148966573e-07,1.2968175558557562,0
841,355,0.0005238750000000004,7.4999999999999926e-06,1.2970194277714653,3.905196976676526e-09,1.2970194238662682,0
1634,616,0.00039134187801685423,9.160009583835657e-05,1.297240430783702,4.310611809911413e-07,1.297239999722521,0
1815,638,0.0003543707844675283,-9.664989812570138e-05,1.297472652625477,9.977164192353979e-08,1.2974725528538351,0
1276,533,0.0004188750000000002,5.249999999999999e-05,1.298236714422708,6.714869554628966e-07,1.2982360429357527,0
2955,824,0.00046393938099558276,-0.00017501293601540074,1.299573134182822,1.395304283595456e-08,1.299573120229779,0
2602,735,0.0004998875679570837,0.00014786612534832972,1.301496646767402,1.2781985578946093e-08,1.3014966339854166,0
2440,714,0.0004516700070720543,-0.00010631609882119671,1.3024379114883802,8.836640397662698e-08,1.3024378231219762,0
92,58,0.00044512500000000026,-6e-05,1.302777059019331,1.1757162675259048e-07,1.3027769414477044,0
313,143,0.00036637500000000006,-3.7500000000000003e-05,1.3046621917379344,0.0006643243141099803,1.3039978674238244,0
2265,698,0.00033934374046812614,-0.00013885179871827666,1.304199445101612,5.857533688928587e-09,1.304199439244078,0
1951,650,0.00048430018651999184,6.523777047266547e-05,1.3045052361394218,1.6560339776050874e-08,1.304505219579082,0
4069,1406,0.0002528682826605001,-0.0017101146573470373,1.3050947752005984,2.8236642550380505e-09,1.3050947723769342,0
3926,1386,0.001455283505559255,-0.001747823274873921,1.3055351577896879,3.250126316178113e-08,1.3055351252884246,0
1027,431,0.00037012500000000007,2.999999999999999e-05,1.307559642273458,0.0005444572539177264,1.3070151850195402,0
3577,1315,0.0005446477052616283,-0.0017885884216789338,1.3073566880663137,9.821408908870207e-07,1.3073557059254228,0
4228,1408,0.0003352491194219976,-0.001709268843234495,1.3092163690449163,2.90809048727778e-08,1.3092163399640115,0
1157,480,0.0005013750000000004,3.749999999999999e-05,1.313831644754414,9.169890462085575e-09,1.3138316355845236,0
1773,632,0.0003115931542154948,-8.38431163329143e-05,1.314271966060648,1.1820845718733618e-09,1.3142719648785632,0
3351,1281,0.0011683063225345087,-0.001835821235010951,1.3162123476953436,3.04051247806275e-08,1.3162123172902187,0
3037,835,0.0005246760455161772,-0.00011964415041124925,1.316995241568124,1.1870192673199509e-08,1.3169952296979315,0
3758,1365,0.0005858232018222758,-0.001752429859975062,1.3170678853208382,1.2900585714593919e-08,1.3170678724202525,0
1117,469,0.0004188750000000002,3.749999999999999e-05,1.3172180335141173,8.456402562491263e-07,1.317217187873861,0
3291,1281,0.0011683063225345087,-0.001835821235010951,1.3178174210854279,3.04051247806275e-08,1.317817390680303,0
238,102,0.0005388750000000004,-5.25e-05,1.3182505453920685,4.076059754260352e-09,1.3182505413160088,0
3933,1386,0.001455283505559255,-0.001747823274873921,1.319028893783025,3.250126316178113e-08,1.3190288612817618,0
1513,600,0.0003430263342084167,6.457452227107159e-05,1.3213741056457327,1.601313965866978e-06,1.3213725043317668,0
1625,616,0.00039134187801685423,9.160009583835657e-05,1.3245782104901986,4.310611809911413e-07,1.3245777794290177,0
1565,609,0.0003732595008181979,-6.543821433225158e-05,1.3247713778598957,2.324763978353258e-06,1.3247690530959173,0
3431,1300,0.0019586220894085822,-0.0018338156596585703,1.325349952345407,7.285132515831509e-08,1.325349879494082,0
1320,551,0.0005538750000000004,5.249999999999999e-05,1.3253796186685776,2.693800197854787e-09,1.3253796159747773,0
3924,1386,0.001455283505559255,-0.001747823274873921,1.3254513682406834,3.250126316178113e-08,1.3254513357394202,0
3735,1364,0.0005435187833675847,-0.0017471359451393734,1.3255021949326236,9.259807926297897e-08,1.3255021023345444,0
4101,1407,0.0002931700512453749,-0.0017084410577699741,1.326281733153826,1.2275674944536702e-08,1.326281720878151,0
2810,802,0.0003042956831283605,-0.00019578036616662979,1.3271657734935043,5.142559973308471e-10,1.3271657729792483,0
1000,418,0.0005163750000000004,2.249999999999999e-05,1.3277600956750928,5.069369158758886e-09,1.3277600906057236,0
2060,661,0.0004269006467537924,0.00012341315379275108,1.3284444914831495,4.463506753824434e-08,1.3284444468480818,0
3272,1280,0.0011235544737104631,-0.0018311701190403204,1.328660697307289,1.3513546574396908e-08,1.3286606837937425,0
510,227,0.0005163750000000004,-2.2500000000000005e-05,1.32966862742998,5.053931108360162e-09,1.329668622376049,0
2163,673,0.0003393437404681261,0.00013885179871827666,1.329915018011269,6.146791561234625e-09,1.3299150118644776,0
1597,614,0.00040511939357421766,8.565705574390428e-05,1.3331842460217778,4.2811746482642523e-07,1.333183817904313,0
3243,1280,0.0011235544737104631,-0.0018311701190403204,1.333465534289272,1.3513546574396908e-08,1.3334655207757256,0
1529,604,0.00033577603221746386,-6.221875635057437e-05,1.3341883728964774,4.80673146476853e-07,1.334187892223331,0
668,289,0.0005013750000000004,-7.500000000000006e-06,1.3356477262466662,7.059779969166717e-09,1.3356477191868863,0
1431,581,0.0005351250000000004,5.999999999999999e-05,1.3365856965972804,4.766900910275365e-09,1.3365856918303796,0
1295,539,0.0004638750000000003,5.249999999999999e-05,1.336766608261236,4.428517435993626e-08,1.3367665639760615,0
280,127,0.00048262500000000036,-4.5e-05,1.337182907314859,1.9593066061215948e-08,1.3371828877217928,0
585,260,0.0005201250000000004,-1.5000000000000005e-05,1.3373985974850078,4.391792863319052e-09,1.3373985930932148,0
1866,643,0.0003913418780168542,-9.160009583835658e-05,1.339218247546053,4.3674982910749494e-07,1.3392178107962238,0
2169,675,0.0003245780653356293,0.00013583736455696568,1.3414689498881678,1.1477695008264013e-08,1.3414689384104728,0
554,250,0.00044512500000000026,-1.5000000000000005e-05,1.3442792485117974,1.0115509523158407e-07,1.3442791473567022,0
2330,705,0.0003917622054501175,-0.00013673940679297052,1.3450364967710184,3.669571335376032e-08,1.345036460075305,0
1175,485,0.0005388750000000004,3.749999999999999e-05,1.345676468523991,3.499931670091003e-09,1.3456764650240594,0
282,128,0.0004901250000000003,-4.5e-05,1.3459777875088998,1.4798547438179966e-08,1.3459777727103523,0
1876,643,0.0003913418780168542,-9.160009583835658e-05,1.346882418038316,4.3674982910749494e-07,1.346881981288487,0
1956,652,0.0004765905330907351,7.818663989945569e-05,1.3469732966699528,4.0916124776755385e-08,1.346973255753828,0
1977,654,0.0004675372061441989,9.023443001343238e-05,1.34788943217433,2.3127509418066948e-08,1.3478894090468205,0
2563,729,0.0005289846124320408,0.00011347741385698137,1.3481431234753014,8.377264241768494e-09,1.3481431150980372,0
4209,1408,0.0003352491194219976,-0.001709268843234495,1.3486775011542953,2.90809048727778e-08,1.3486774720733905,0
1822,638,0.0003543707844675283,-9.664989812570138e-05,1.3495017749294094,9.977164192353979e-08,1.3495016751577675,0
357,160,0.0004938750000000003,-3.7500000000000003e-05,1.3499363810411558,1.1738921890486358e-08,1.349936369302234,0
2362,706,0.00039905612662404367,-0.00013483739109859555,1.3509421328947062,1.2436346873626324e-07,1.3509420085312376,0
575,256,0.0004901250000000003,-1.5000000000000005e-05,1.3520600113171468,1.0612149068730967e-08,1.3520600007049977,0
663,286,0.00047887500000000035,-7.500000000000006e-06,1.3536645006352517,1.5674929632341892e-08,1.353664484960322,0
2199,677,0.0003102206181636503,0.00013125744249047305,1.3570353879946924,1.890243106677214e-09,1.3570353861044493,0
1768,632,0.0003115931542154948,-8.38431163329143e-05,1.3574500219663,1.1820845718733618e-09,1.3574500207842153,0
3329,1281,0.0011683063225345087,-0.001835821235010951,1.35819746498094,3.04051247806275e-08,1.3581974345758152,0
441,197,0.0005276250000000005,-3.0000000000000004e-05,1.3582148394738869,4.126965613837739e-09,1.3582148353469212,0
1390,571,0.0004601250000000003,5.999999999999999e-05,1.3586350189653253,5.450793060788647e-08,1.3586349644573947,0
714,309,0.0004151250000000002,-6.776263578034403e-21,1.3603624576462465,1.7965497729040099e-06,1.3603606610964736,0
3246,1280,0.0011235544737104631,-0.0018311701190403204,1.3604288259381383,1.3513546574396908e-08,1.3604288124245918,0
759,323,0.0005201250000000004,-6.776263578034403e-21,1.3606118044650544,4.216326218426786e-09,1.3606118002487282,0
4156,1407,0.0002931700512453749,-0.0017084410577699741,1.3608095616411795,1.2275674944536702e-08,1.3608095493655046,0
4281,1410,0.0004191076616030197,-0.0017055678807356095,1.363322118608855,6.347297876509247e-09,1.3633221122615573,0
16,25,0.00035509006922498004,2.094947116814311e-05,1.3672073484200116,0.0035240274100011067,1.3636833210100106,0
2130,668,0.00037692092142823736,0.00013935632559438542,1.3639638843917319,3.0636376729330286e-08,1.3639638537553551,0
359,161,0.0005013750000000004,-3.7500000000000003e-05,1.3658534260621569,9.107765526840915e-09,1.3658534169543914,0
3532,1302,0.0,-0.0017916666666666667,1.365961132961123,2.1460700857017973e-08,1.3659611115004222,0
3709,1363,0.0004980498508590125,-0.0017495891039972066,1.366955934218727,1.303138308747088e-07,1.3669558039048961,0
2808,802,0.0003042956831283605,-0.00019578036616662979,1.3682707365533626,5.142559973308471e-10,1.3682707360391066,0
3179,1279,0.0010853696574508723,-0.0018348853894366581,1.3693974073686863,2.731603399001012e-09,1.369397404637083,0
2318,704,0.000384376705615542,-0.00013824716737959644,1.3698864315867678,2.7173621889311787e-08,1.369886404413146,0
1366,564,0.00040762500000000016,5.999999999999999e-05,1.3704876637821195,7.2809624347809e-07,1.370486935685876,0
3580,1315,0.0005446477052616283,-0.0017885884216789338,1.3707933564220793,9.821408908870207e-07,1.3707923742811885,0
3725,1363,0.0004980498508590125,-0.0017495891039972066,1.3724569363302097,1.303138308747088e-07,1.3724568060163789,0
2935,820,0.000437025866865426,-0.00018841427368462648,1.3734984468033031,1.4666830352625784e-08,1.3734984321364727,0
293,134,0.0005351250000000004,-4.5e-05,1.373558609697842,4.125920831058063e-09,1.373558605571921,0
1657,618,0.00037681152111416696,9.534287405489408e-05,1.3750914926666866,1.9704562837636954e-07,1.3750912956210581,0
1092,455,0.0005501250000000005,2.999999999999999e-05,1.3757258525464051,2.4813926922265974e-09,1.3757258500650125,0
2949,822,0.0004507303929021594,-0.00018221119202259622,1.3760872187610758,1.3494466317268383e-08,1.3760872052666095,0
1448,590,0.00035617217565788145,3.152496970101228e-05,1.3764048426566848,2.664146419086361e-05,1.3763782011924939,0
567,255,0.00048262500000000036,-1.5000000000000005e-05,1.3764123567007094,1.4030646607124005e-08,1.3764123426700627,0
2368,707,0.00040623743887438605,-0.0001325466043000965,1.3764968233770474,7.728247968619983e-08,1.3764967460945676,0
1428,581,0.0005351250000000004,5.999999999999999e-05,1.3766666230113485,4.766900910275365e-09,1.3766666182444476,0
4169,1407,0.0002931700512453749,-0.0017084410577699741,1.377302553341125,1.2275674944536702e-08,1.37730254106545,0
445,198,0.0005351250000000004,-3.0000000000000004e-05,1.3779515903501465,3.5424839717417682e-09,1.3779515868076626,0
2610,736,0.0004943281581209462,0.00015293419705974772,1.3780733556752742,1.39298703782177e-08,1.3780733417454039,0
3906,1385,0.0014197734752504174,-0.0017467174082457623,1.3783523190037865,1.6766268000891533e-07,1.3783521513411066,0
997,417,0.0005088750000000003,2.249999999999999e-05,1.3804681949438649,6.212347461521538e-09,1.3804681887315173,0
1307,545,0.0005088750000000003,5.249999999999999e-05,1.3810193543680853,9.042180447563539e-09,1.381019345325905,0
70,53,0.00040762500000000016,-6e-05,1.3815590969610543,8.045962220568645e-07,1.3815582923648322,0
1923,648,0.00042365707097667893,-7.294291048408706e-05,1.386126112339497,1.44746253469961e-07,1.3861259675932436,0
2239,694,0.00031022061816365025,-0.00013125744249047302,1.386220381963726,1.7296886262542678e-09,1.3862203802340374,0
2231,694,0.00031022061816365025,-0.00013125744249047302,1.387243687027005,1.7296886262542678e-09,1.3872436852973165,0
534,242,0.0003851250000000001,-1.5000000000000005e-05,1.3894091545357585,0.00024033396450647929,1.389168820571252,0
1224,510,0.00048262500000000036,4.499999999999999e-05,1.3902607691467757,1.9912175582775075e-08,1.3902607492346,0
75,53,0.00040762500000000016,-6e-05,1.3907796683857239,8.045962220568645e-07,1.3907788637895018,0
3300,1281,0.0011683063225345087,-0.001835821235010951,1.392997771077548,3.04051247806275e-08,1.3929977406724232,0
1310,547,0.0005238750000000004,5.249999999999999e-05,1.3945326290995066,5.5323408175281605e-09,1.3945326235671658,0
58,50,0.0003851250000000001,-6e-05,1.39673180403901,1.9244926481349133e-06,1.3967298795463619,0
634,279,0.0004263750000000002,-7.500000000000006e-06,1.398863944174202,4.820939708969954e-07,1.398863462080231,0
3602,1316,0.0005843082459749532,-0.0017931415468221683,1.3995006379404964,1.6759312591280528e-07,1.3995004703473706,0
1804,636,0.0003395041666100166,-9.461929871262795e-05,1.399910882600768,4.003103117483332e-08,1.3999108425697369,0
1241,518,0.0005426250000000006,4.499999999999999e-05,1.4007626824662198,3.451078099567779e-09,1.4007626790151417,0
1567,609,0.0003732595008181979,-6.543821433225158e-05,1.4017980390179843,2.324763978353258e-06,1.4017957142540058,0
1387,571,0.0004601250000000003,5.999999999999999e-05,1.4021454383865812,5.450793060788647e-08,1.4021453838786506,0
4006,1387,0.0015029018387132948,-0.0017473203703996317,1.4044230617219577,2.180477085144828e-08,1.4044230399171869,0
1912,646,0.00041162148950049204,-8.190306891057299e-05,1.4055867403223403,6.620231951795843e-07,1.4055860782991452,0
2120,666,0.0003917622054501175,0.00013673940679297052,1.4061569681060937,4.235101707239463e-08,1.4061569257550766,0
3833,1383,0.0013348570556488925,-0.0017524623557613741,1.406566227272013,1.63302481798422e-08,1.4065662109417647,0
1921,648,0.00042365707097667893,-7.294291048408706e-05,1.4083308754584851,1.44746253469961e-07,1.4083307307122317,0
3666,1318,0.0006654805645827595,-0.0017913884242686483,1.4119205898474456,1.3505968375492156e-08,1.4119205763414773,0
3979,1387,0.0015029018387132948,-0.0017473203703996317,1.4124945436426102,2.180477085144828e-08,1.4124945218378393,0
3743,1364,0.0005435187833675847,-0.0017471359451393734,1.41295103106491,9.259807926297897e-08,1.4129509384668308,0
1503,599,0.00035049791389083905,6.608846053976123e-05,1.4129771450914472,9.765684729121883e-07,1.4129761685229743,0
4251,1409,0.0003752823907658263,-0.0017092114270423236,1.4136089976621662,3.208013893465805e-08,1.4136089655820272,0
2623,737,0.0004885852721786184,0.00015779337905383193,1.4137422766618613,1.5732678557437894e-08,1.4137422609291828,0
3006,828,0.0004885852721786183,-0.00015779337905383195,1.414768643147037,1.676550523652948e-08,1.4147686263815318,0
3269,1280,0.0011235544737104631,-0.0018311701190403204,1.4180688902223604,1.3513546574396908e-08,1.4180688767088139,0
4056,1406,0.0002528682826605001,-0.0017101146573470373,1.4183079356046704,2.8236642550380505e-09,1.4183079327810062,0
1457,592,0.00035619747382519424,4.588966645821942e-05,1.4224123764826428,1.0641371672852775e-05,1.42240173511097,0
3980,1387,0.0015029018387132948,-0.0017473203703996317,1.4237264367438751,2.180477085144828e-08,1.4237264149391042,0
2035,660,0.00043342860296878213,0.00011964423651476869,1.4252319118703682,1.374152746961556e-07,1.4252317744550935,0
2101,666,0.0003917622054501175,0.00013673940679297052,1.4256534723598449,4.235101707239463e-08,1.4256534300088277,0
3885,1384,0.0013738430140100327,-0.001747035302962676,1.42586692009322,7.187926468036283e-08,1.4258668482139552,0
1016,425,0.0005688750000000005,2.249999999999999e-05,1.426028907300449,1.2967019445286385e-09,1.4260289060037472,0
2861,809,0.0003562386043614697,-0.0002035160303202824,1.4268904784533278,2.7376551071689497e-09,1.4268904757156726,0
1984,655,0.00046253869725606817,9.587658019650754e-05,1.4283146890049905,5.016978233858687e-08,1.4283146388352082,0
1568,610,0.0004291181731234339,6.779062633800114e-05,1.4298949467869044,1.958264447340291e-07,1.4298947509604596,0
543,247,0.0004226250000000002,-1.5000000000000005e-05,1.4309609230658191,6.993086846589483e-07,1.4309602237571344,0
1940,648,0.00042365707097667893,-7.294291048408706e-05,1.431048808045328,1.44746253469961e-07,1.4310486632990747,0
3791,1365,0.0005858232018222758,-0.001752429859975062,1.4338149542829803,1.2900585714593919e-08,1.4338149413823946,0
1236,516,0.0005276250000000005,4.499999999999999e-05,1.4339896910622991,4.7842882423446354e-09,1.4339896862780108,0
1131,473,0.00044887500000000027,3.749999999999999e-05,1.435933855058892,9.217581943895485e-08,1.4359337628830726,0
1442,585,0.0005651250000000005,5.999999999999999e-05,1.4359901485821631,1.814953194701976e-09,1.4359901467672098,0
864,368,0.0003776250000000001,1.4999999999999992e-05,1.438678870735013,0.0014141016318871952,1.437264769103126,0
124,65,0.0004976250000000005,-6e-05,1.4374693448702949,1.2501529383512628e-08,1.4374693323687655,0
2415,710,0.0004269006467537924,-0.00012341315379275108,1.4386890929404543,8.35969419845021e-08,1.4386890093435123,0
2740,755,0.0003637613956385303,0.0002035160303202824,1.4394173585657983,5.752728443007786e-09,1.4394173528130698,0
1786,634,0.0003251298648407288,-9.031591525967964e-05,1.4401887147676098,5.589535660989452e-09,1.440188709178074,0
1203,498,0.0003926250000000001,4.499999999999999e-05,1.440770960641446,7.271929908837139e-06,1.4407636887115371,0
4140,1407,0.0002931700512453749,-0.0017084410577699741,1.441381971380361,1.2275674944536702e-08,1.4413819591046861,0
3819,1366,0.000626945333864304,-0.0017488310248700133,1.4419674557539088,5.823364972043562e-09,1.441967449930544,0
493,221,0.00047137500000000033,-2.2500000000000005e-05,1.4423631882696115,2.4005963162145616e-08,1.4423631642636483,0
4346,1433,0.001375728555843743,-0.0017060906296348618,1.4439071370553043,5.930750409177369e-09,1.443907131124554,0
448,199,0.0005426250000000006,-3.0000000000000004e-05,1.4450144883817642,3.040363256462645e-09,1.4450144853414009,0
742,317,0.00047512500000000034,-6.776263578034403e-21,1.4457792473157582,1.8126372711362296e-08,1.4457792291893856,0
2498,718,0.0004722256574286747,-8.433211060948672e-05,1.4461065615570998,3.98528044063868e-08,1.4461065217042954,0
4213,1408,0.0003352491194219976,-0.001709268843234495,1.4487039544335707,2.90809048727778e-08,1.448703925352666,0
2137,670,0.00036188462848574964,0.0001403672014418598,1.449268003306141,4.949881558419963e-08,1.4492679538073254,0
301,136,0.0005501250000000005,-4.5e-05,1.450953710883581,2.8546052563551398e-09,1.4509537080289758,0
3522,1302,0.0,-0.0017916666666666667,1.4515569031411424,2.1460700857017973e-08,1.4515568816804416,0
693,295,0.0005463750000000005,-7.500000000000006e-06,1.4534245476208216,2.4522503291512644e-09,1.4534245451685712,0
88,57,0.00043762500000000024,-6e-05,1.4539712853206752,2.8091753582552615e-07,1.4539710044031393,0
531,240,0.00037012500000000007,-1.5000000000000005e-05,1.4691290736879503,0.014382901603694797,1.4547461720842556,0
1393,572,0.0004676250000000003,5.999999999999999e-05,1.4566092081287616,4.512235952656635e-08,1.456609163006402,0
2823,803,0.0003115681039073706,-0.00019770501798221612,1.4568155155196891,9.259144910660984e-10,1.4568155145937747,0
4266,1409,0.0003752823907658263,-0.0017092114270423236,1.4580260192665777,3.208013893465805e-08,1.4580259871864387,0
1994,656,0.00045724454275937975,0.00010124229337914131,1.4594852876532587,5.753863463503627e-08,1.459485230114624,0
1687,622,0.00034689807728635754,9.592304465781523e-05,1.4596684359252745,1.0963212399090174e-07,1.4596683262931505,0
1501,599,0.00035049791389083905,6.608846053976123e-05,1.461852800227842,9.765684729121883e-07,1.461851823659369,0
2074,662,0.00042017979865552633,0.000126826239000174,1.4630690903189667,4.46728574133111e-08,1.4630690456461093,0
2016,658,0.000445831163023568,0.00011108336742811969,1.463279874730768,6.94013994249836e-08,1.4632798053293685,0
1415,579,0.0005201250000000004,5.999999999999999e-05,1.4638089311996172,8.026380258345251e-09,1.463808923173237,0
968,408,0.00044137500000000025,2.249999999999999e-05,1.4642377059294842,1.3813988232283445e-07,1.4642375677896018,0
948,400,0.0003813750000000001,2.249999999999999e-05,1.465184279980657,0.0003016613975751988,1.4648826185830817,0
2716,751,0.00039369862170935083,0.00020074193779418822,1.4668984705565453,8.718542757268554e-09,1.4668984618380025,0
1555,607,0.00035809336779726213,-6.674083465604075e-05,1.4681955468788512,7.604467373998765e-07,1.4681947864321139,0
4231,1408,0.0003352491194219976,-0.001709268843234495,1.4688939769586231,2.90809048727778e-08,1.4688939478777183,0
3525,1302,0.0,-0.0017916666666666667,1.4692771677795797,2.1460700857017973e-08,1.469277146318879,0
1577,611,0.000423657070976679,7.294291048408704e-05,1.4697071678667124,3.343528889673797e-07,1.4697068335138235,0
165,71,0.0005426250000000006,-6e-05,1.4706643940910231,3.789553791433858e-09,1.4706643903014693,0
498,222,0.00047887500000000035,-2.2500000000000005e-05,1.471759913773889,1.7352332973012653e-08,1.4717598964215561,0
1172,482,0.0005163750000000004,3.749999999999999e-05,1.4719476005997845,5.818312589710723e-09,1.471947594781472,0
2150,671,0.0003543474732555907,0.00014026600445778972,1.4720280775859855,1.538209714277646e-08,1.4720280622038884,0
2965,824,0.00046393938099558276,-0.00017501293601540074,1.4727946353729306,1.395304283595456e-08,1.4727946214198877,0
2404,710,0.0004269006467537924,-0.00012341315379275108,1.4729957986660138,8.35969419845021e-08,1.4729957150690718,0
3381,1283,0.0012478521718904474,-0.0018324870133428497,1.4730969357994077,6.636637563717846e-09,1.4730969291627702,0
2030,660,0.00043342860296878213,0.00011964423651476869,1.474768605093454,1.374152746961556e-07,1.4747684676781794,0
3763,1365,0.0005858232018222758,-0.001752429859975062,1.476259543269822,1.2900585714593919e-08,1.4762595303692363,0
197,85,0.0004113750000000002,-5.25e-05,1.4784021053880396,1.0885119497787139e-06,1.47840101687609,0
1115,469,0.0004188750000000002,3.749999999999999e-05,1.4791389312617311,8.456402562491263e-07,1.4791380856214749,0
1113,469,0.0004188750000000002,3.749999999999999e-05,1.4807198417300034,8.456402562491263e-07,1.480718996089747,0
71,53,0.00040762500000000016,-6e-05,1.480823452327193,8.045962220568645e-07,1.480822647730971,0
2212,678,0.0003032469244494645,0.00012839622845202327,1.481282977073161,1.91534661762075e-09,1.4812829751578145,0
2376,708,0.00041328543661888856,-0.00012987365132883328,1.4813332029347008,9.807531348419076e-08,1.4813331048593874,0
3357,1281,0.0011683063225345087,-0.001835821235010951,1.4828683178246618,3.04051247806275e-08,1.482868287419537,0
3719,1363,0.0004980498508590125,-0.0017495891039972066,1.4862366178379849,1.303138308747088e-07,1.486236487524154,0
411,184,0.0004301250000000002,-3.0000000000000004e-05,1.4887239566527144,3.4134578116358304e-07,1.4887236153069332,0
3097,840,0.0005438566778523642,-8.734783742925543e-05,1.4892048335189543,4.245688653758997e-09,1.4892048292732656,0
2445,714,0.0004516700070720543,-0.00010631609882119671,1.4897990585206606,8.836640397662698e-08,1.4897989701542567,0
366,164,0.0005238750000000004,-3.7500000000000003e-05,1.490132422988695,4.797882026308367e-09,1.4901324181908129,0
237,102,0.0005388750000000004,-5.25e-05,1.491557166934327,4.076059754260352e-09,1.4915571628582673,0
3418,1300,0.0019586220894085822,-0.0018338156596585703,1.4918201884224338,7.285132515831509e-08,1.4918201155711086,0
1013,424,0.0005613750000000006,2.249999999999999e-05,1.492056674932989,1.6844658593743057e-09,1.4920566732485232,0
1110,468,0.0004113750000000002,3.749999999999999e-05,1.4936846542960296,1.6259441978384376e-06,1.4936830283518316,0
1632,616,0.00039134187801685423,9.160009583835657e-05,1.4950780444028537,4.310611809911413e-07,1.4950776133416728,0
3316,1281,0.0011683063225345087,-0.001835821235010951,1.499682775838393,3.04051247806275e-08,1.4996827454332682,0
4018,1387,0.0015029018387132948,-0.0017473203703996317,1.500413127822595,2.180477085144828e-08,1.500413106017824,0
819,347,0.0004638750000000003,7.4999999999999926e-06,1.5004734659541403,3.134873641182603e-08,1.5004734346054038,0
2317,704,0.000384376705615542,-0.00013824716737959644,1.5019784876772149,2.7173621889311787e-08,1.501978460503593,0
1929,648,0.00042365707097667893,-7.294291048408706e-05,1.5023945286895382,1.44746253469961e-07,1.5023943839432847,0
2216,693,0.00030324692444946453,-0.0001283962284520233,1.502833786411417,1.895665708906316e-09,1.5028337845157513,0
4292,1430,0.0012466915290819092,-0.0017102513126253656,1.5030671497272614,4.4781034284360416e-10,1.5030671492794512,0
1119,470,0.0004263750000000002,3.749999999999999e-05,1.5065264735437134,4.6778035637467046e-07,1.506526005763357,0
2589,734,0.0005052559082019142,0.00014259608629591745,1.5069020220169211,1.2071616999828138e-08,1.506902009945304,0
3916,1386,0.001455283505559255,-0.001747823274873921,1.506990500655616,3.250126316178113e-08,1.5069904681543527,0
4242,1409,0.0003752823907658263,-0.0017092114270423236,1.50789329285189,3.208013893465805e-08,1.507893260771751,0
1146,476,0.00047137500000000033,3.749999999999999e-05,1.5092463272324446,2.809402790926824e-08,1.5092462991384166,0
2736,754,0.000371279049301592,0.00020323805190300341,1.5094344338488446,7.85993101294948e-09,1.5094344259889136,0
1690,622,0.00034689807728635754,9.592304465781523e-05,1.5105961133894135,1.0963212399090174e-07,1.5105960037572894,0
2465,716,0.0004625386972560682,-9.587658019650753e-05,1.5112470795159312,4.4855855708196496e-08,1.5112470346600755,0
3341,1281,0.0011683063225345087,-0.001835821235010951,1.5116544477973282,3.04051247806275e-08,1.5116544173922033,0
2807,802,0.0003042956831283605,-0.00019578036616662979,1.515426407379375,5.142559973308471e-10,1.515426406865119,0
85,57,0.00043762500000000024,-6e-05,1.5156532761443076,2.8091753582552615e-07,1.5156529952267717,0
1865,643,0.0003913418780168542,-9.160009583835658e-05,1.5157969132924767,4.3674982910749494e-07,1.5157964765426475,0
486,217,0.00044137500000000025,-2.2500000000000005e-05,1.5166210955853994,1.3835725583209282e-07,1.5166209572281435,0
1903,645,0.0004051193935742176,-8.56570557439043e-05,1.5178011963454012,3.442248684343402e-07,1.5178008521205328,0
1909,645,0.0004051193935742176,-8.56570557439043e-05,1.5200618853028425,3.442248684343402e-07,1.520061541077974,0
595,263,0.0005426250000000006,-1.5000000000000005e-05,1.5208116589085725,2.737706135495536e-09,1.5208116561708664,0
3823,1366,0.000626945333864304,-0.0017488310248700133,1.5228598248234033,5.823364972043562e-09,1.5228598190000384,0
343,153,0.00044137500000000025,-3.7500000000000003e-05,1.5235476174936415,1.543776019339691e-07,1.5235474631160395,0
1336,561,0.0003851250000000001,5.999999999999999e-05,1.5242283810169988,2.172403207948945e-06,1.5242262086137908,0
1557,607,0.00035809336779726213,-6.674083465604075e-05,1.526359372468623,7.604467373998765e-07,1.5263586120218857,0
3475,1301,0.002,-0.0018333333333333333,1.52842272817957,3.6044118441876554e-08,1.5284226921354516,0
3127,1256,0.00012691196507293,-0.0018305646115425647,1.530037689205572,3.2245341414056467e-09,1.5300376859810378,0
245,111,0.00036262500000000005,-4.5e-05,1.530456694073315,0.00021142317262498866,1.5302452709006902,0
918,387,0.0005201250000000004,1.4999999999999992e-05,1.5311855474853753,4.3955306162339185e-09,1.5311855430898447,0
964,405,0.0004188750000000002,2.249999999999999e-05,1.5318993942619619,9.920145125399627e-07,1.5318984022474493,0
970,408,0.00044137500000000025,2.249999999999999e-05,1.5326797901536078,1.3813988232283445e-07,1.5326796520137254,0
2012,658,0.000445831163023568,0.00011108336742811969,1.533381690056444,6.94013994249836e-08,1.5333816206550446,0
425,191,0.00048262500000000036,-3.0000000000000004e-05,1.5339200956229795,1.618040377709999e-08,1.5339200794425758,0
1890,644,0.00039834594430604073,-8.889589096520435e-05,1.5344427299883732,3.44733742335527e-07,1.5344423852546307,0
3176,1279,0.0010853696574508723,-0.0018348853894366581,1.534622820147753,2.731603399001012e-09,1.5346228174161496,0
871,369,0.0003851250000000001,1.4999999999999992e-05,1.536726328849237,0.00023963558887030653,1.5364866932603667,0
1519,600,0.0003430263342084167,6.457452227107159e-05,1.538778122450151,1.601313965866978e-06,1.5387765211361852,0
3590,1316,0.0005843082459749532,-0.0017931415468221683,1.5393667811714822,1.6759312591280528e-07,1.5393666135783564,0
647,282,0.00044887500000000027,-7.500000000000006e-06,1.5401506805801692,7.574904687384464e-08,1.5401506048311224,0
1633,616,0.00039134187801685423,9.160009583835657e-05,1.5412757037527616,4.310611809911413e-07,1.5412752726915806,0
2604,736,0.0004943281581209462,0.00015293419705974772,1.5425267541641254,1.39298703782177e-08,1.542526740234255,0
4321,1431,0.0012933998027881317,-0.001710610546743135,1.5432332719180766,3.603961414914697e-09,1.5432332683141152,0
3626,1318,0.0006654805645827595,-0.0017913884242686483,1.5433234541014897,1.3505968375492156e-08,1.5433234405955214,0
1086,451,0.0005201250000000004,2.999999999999999e-05,1.5437645985676889,4.914706141629065e-09,1.5437645936529827,0
2117,666,0.0003917622054501175,0.00013673940679297052,1.5443881309540262,4.235101707239463e-08,1.544388088603009,0
414,186,0.00044512500000000026,-3.0000000000000004e-05,1.5457793952860215,1.125006380253495e-07,1.5457792827853836,0
4235,1408,0.0003352491194219976,-0.001709268843234495,1.54647024180935,2.90809048727778e-08,1.5464702127284453,0
1605,615,0.00039834594430604073,8.889589096520433e-05,1.54715187871945,5.404606383178633e-07,1.5471513382588118,0
1603,615,0.00039834594430604073,8.889589096520433e-05,1.5489522324515386,5.404606383178633e-07,1.5489516919909003,0
1788,634,0.0003251298648407288,-9.031591525967964e-05,1.5497489835585887,5.589535660989452e-09,1.549748977969053,0
1627,616,0.00039134187801685423,9.160009583835657e-05,1.5501514578876392,4.310611809911413e-07,1.5501510268264582,0
3289,1281,0.0011683063225345087,-0.001835821235010951,1.550889470334114,3.04051247806275e-08,1.5508894399289892,0
3012,829,0.0004943281581209461,-0.00015293419705974777,1.55111358647003,1.4527108634839e-08,1.5511135719429214,0
2920,816,0.0004084318960926294,-0.00019770501798221614,1.551259060521244,2.0011740072895914e-08,1.551259040509504,0
1536,606,0.00035049791389083905,-6.608846053976122e-05,1.5537673976623436,9.257240905089254e-07,1.5537664719382531,0
2234,694,0.00031022061816365025,-0.00013125744249047302,1.5539464121777922,1.7296886262542678e-09,1.5539464104481036,0
3174,1279,0.0010853696574508723,-0.0018348853894366581,1.5544552827065077,2.731603399001012e-09,1.5544552799749043,0
4047,1406,0.0002528682826605001,-0.0017101146573470373,1.555740772158281,2.8236642550380505e-09,1.5557407693346168,0
2000,657,0.00045167000707205425,0.00010631609882119674,1.5578918012306981,6.556841812759795e-08,1.5578917356622801,0
3606,1317,0.0006264091269581266,-0.001793554870120426,1.55796639874185,7.340702519687142e-08,1.5579663253348248,0
3473,1301,0.002,-0.0018333333333333333,1.5583999825938022,3.6044118441876554e-08,1.5583999465496838,0
372,166,0.0005388750000000004,-3.7500000000000003e-05,1.5587435759166415,3.544768891661331e-09,1.5587435723718726,0
1077,449,0.0005051250000000004,2.999999999999999e-05,1.5597886971802581,7.451373712501037e-09,1.5597886897288844,0
3852,1383,0.0013348570556488925,-0.0017524623557613741,1.5605053671955633,1.63302481798422e-08,1.560505350865315,0
2795,762,0.0003115681039073707,0.00019770501798221614,1.560619846953592,8.454143642207108e-10,1.5606198461081775,0
158,69,0.0005276250000000005,-6e-05,1.560868472789386,5.2240580191155885e-09,1.560868467565328,0
549,248,0.0004301250000000002,-1.5000000000000005e-05,1.56157750990062,3.353063570656788e-07,1.5615771745942628,0
3434,1300,0.0019586220894085822,-0.0018338156596585703,1.5629258017801573,7.285132515831509e-08,1.562925728928832,0
1379,568,0.00043762500000000024,5.999999999999999e-05,1.563844021745319,2.817088296811778e-07,1.5638437400364893,0
4313,1431,0.0012933998027881317,-0.001710610546743135,1.5653965782604196,3.603961414914697e-09,1.5653965746564582,0
2889,813,0.0003862578919856825,-0.00020185005772340985,1.5683373353773682,7.313125004791687e-09,1.5683373280642432,0
1475,595,0.00035619747382519424,-4.588966645821942e-05,1.5684789825253764,1.0774866923788777e-05,1.5684682076584526,0
1225,510,0.00048262500000000036,4.499999999999999e-05,1.5687948340443323,1.9912175582775075e-08,1.5687948141321566,0
3389,1283,0.0012478521718904474,-0.0018324870133428497,1.569244768157236,6.636637563717846e-09,1.5692447615205984,0
4238,1408,0.0003352491194219976,-0.001709268843234495,1.5696840552104403,2.90809048727778e-08,1.5696840261295355,0
132,66,0.0005051250000000004,-6e-05,1.5715108308838532,1.1768282317559068e-08,1.571510819115571,0
1961,652,0.0004765905330907351,7.818663989945569e-05,1.573873501458008,4.0916124776755385e-08,1.5738734605418834,0
2641,739,0.00047658068823323103,0.00016685882004120083,1.574469599138717,1.4560114185213875e-08,1.5744695845786028,0
1797,635,0.00033223352028731337,-9.274650117165842e-05,1.5746066201259556,4.5270677823668055e-08,1.5746065748552778,0
3945,1386,0.001455283505559255,-0.001747823274873921,1.5758221548461206,3.250126316178113e-08,1.5758221223448574,0
4034,1388,0.0015430996086898707,-0.0017488292043807475,1.5763810949485972,3.510913238384681e-09,1.576381091437684,0
4257,1409,0.0003752823907658263,-0.0017092114270423236,1.5771605995714164,3.208013893465805e-08,1.5771605674912774,0
434,193,0.0004976250000000005,-3.0000000000000004e-05,1.577266380464903,9.430881915640906e-09,1.5772663710340211,0
3810,1365,0.0005858232018222758,-0.001752429859975062,1.5774674704466565,1.2900585714593919e-08,1.5774674575460708,0
2481,717,0.00046753720614419884,-9.023443001343242e-05,1.578534764870178,2.3675745995681973e-08,1.578534741194432,0
1069,444,0.0004676250000000003,2.999999999999999e-05,1.5801544740105746,3.071972512017674e-08,1.5801544432908494,0
57,50,0.0003851250000000001,-6e-05,1.5832424696340972,1.9244926481349133e-06,1.583240545141449,0
453,201,0.0005576250000000006,-3.0000000000000004e-05,1.5833198683887482,2.0065310116918683e-09,1.5833198663822172,0
2490,717,0.00046753720614419884,-9.023443001343242e-05,1.584152403732777,2.3675745995681973e-08,1.584152380057031,0
312,143,0.00036637500000000006,-3.7500000000000003e-05,1.5854045346031858,0.0006643243141099803,1.5847402102890757,0
1856,642,0.0003841493179854505,-9.375340695706517e-05,1.5858090117652774,1.714583663396239e-07,1.585808840306911,0
2442,714,0.0004516700070720543,-0.00010631609882119671,1.5863110516681895,8.836640397662698e-08,1.5863109633017856,0
2984,826,0.00047658068823323103,-0.00016685882004120089,1.5867465262661902,1.501028608746256e-08,1.586746511255904,0
1520,601,0.0003357760322174639,6.221875635057438e-05,1.5884050158235734,5.662573657741185e-07,1.5884044495662077,0
4089,1406,0.0002528682826605001,-0.0017101146573470373,1.5897586273250603,2.8236642550380505e-09,1.5897586245013962,0
1953,651,0.00048061924806390346,7.181573686628486e-05,1.5903396789399928,2.9335247000969972e-08,1.590339649604746,0
1008,421,0.0005388750000000004,2.249999999999999e-05,1.5907433495544643,3.072468659352567e-09,1.5907433464819956,0
2532,726,0.0005405034812376771,9.40819640290061e-05,1.5912211378046037,3.4190466697932333e-09,1.5912211343855571,0
2297,700,0.0003543474732555907,-0.00014026600445778972,1.5930076994676894,1.291702848647408e-08,1.5930076865506608,0
3511,1302,0.0,-0.0017916666666666667,1.5933264962955234,2.1460700857017973e-08,1.5933264748348226,0
1421,579,0.0005201250000000004,5.999999999999999e-05,1.5962506219714663,8.026380258345251e-09,1.596250613945086,0
1040,437,0.0004151250000000002,2.999999999999999e-05,1.5963654850226459,1.3212296446604493e-06,1.5963641637930013,0
3574,1314,0.0004984881118846614,-0.001793090059836856,1.5987082584207208,9.180600153086182e-08,1.5987081666147194,0
3737,1364,0.0005435187833675847,-0.0017471359451393734,1.5994307044515477,9.259807926297897e-08,1.5994306118534685,0
1168,482,0.0005163750000000004,3.749999999999999e-05,1.5995098489015882,5.818312589710723e-09,1.5995098430832757,0
2254,696,0.00032457806533562933,-0.0001358373645569657,1.600563750572118,1.0988379264459703e-08,1.6005637395837387,0
418,188,0.0004601250000000003,-3.0000000000000004e-05,1.6010624827030573,4.4973766883878994e-08,1.6010624377292904,0
2377,708,0.00041328543661888856,-0.00012987365132883328,1.6019446671104236,9.807531348419076e-08,1.6019445690351102,0
630,278,0.0004188750000000002,-7.500000000000006e-06,1.6026061377514396,1.1017519489759704e-06,1.6026050359994906,0
2157,672,0.00034682661572331527,0.0001397603842719665,1.602773730743238,5.069572708498939e-09,1.6027737256736652,0
3936,1386,0.001455283505559255,-0.001747823274873921,1.6027761448610867,3.250126316178113e-08,1.6027761123598234,0
221,97,0.0005013750000000004,-5.25e-05,1.603242888972836,1.1091218946020021e-08,1.603242877881617,0
3105,841,0.0005469587483604977,-8.049440419030242e-05,1.6041236293568788,3.87256742150957e-09,1.6041236254843114,0
370,165,0.0005313750000000005,-3.7500000000000003e-05,1.606894465185442,4.098060721273306e-09,1.6068944610873812,0
2458,714,0.0004516700070720543,-0.00010631609882119671,1.6077954310774918,8.836640397662698e-08,1.6077953427110878,0
283,129,0.0004976250000000005,-4.5e-05,1.6081301326833473,1.1351322248027364e-08,1.608130121332025,0
973,409,0.00044887500000000027,2.249999999999999e-05,1.609494392522823,8.221440972910591e-08,1.6094943103084132,0
4295,1430,0.0012466915290819092,-0.0017102513126253656,1.6097068071883611,4.4781034284360416e-10,1.6097068067405509,0
2517,721,0.0004843001865199919,-6.523777047266544e-05,1.6109495399430636,1.6923775858866647e-08,1.6109495230192876,0
1407,576,0.0004976250000000005,5.999999999999999e-05,1.6111775112863944,1.2283459038803786e-08,1.6111774990029353,0
2572,730,0.0005246760455161772,0.00011964415041124919,1.6122035608979364,1.1436804951437766e-08,1.6122035494611313,0
2122,666,0.0003917622054501175,0.00013673940679297052,1.6138042644101298,4.235101707239463e-08,1.6138042220591127,0
4155,1407,0.0002931700512453749,-0.0017084410577699741,1.614312522258765,1.2275674944536702e-08,1.6143125099830902,0
1109,468,0.0004113750000000002,3.749999999999999e-05,1.6149445897235766,1.6259441978384376e-06,1.6149429637793786,0
1591,614,0.00040511939357421766,8.565705574390428e-05,1.6151556000985408,4.2811746482642523e-07,1.615155171981076,0
3861,1383,0.0013348570556488925,-0.0017524623557613741,1.6158369075881438,1.63302481798422e-08,1.6158368912578955,0
4136,1407,0.0002931700512453749,-0.0017084410577699741,1.6163180011177913,1.2275674944536702e-08,1.6163179888421164,0
1808,638,0.0003543707844675283,-9.664989812570138e-05,1.617839448928208,9.977164192353979e-08,1.6178393491565661,0
3033,835,0.0005246760455161772,-0.00011964415041124925,1.6181425261512852,1.1870192673199509e-08,1.6181425142810926,0
2175,676,0.0003173378387221443,0.00013374020734338335,1.6182083020950737,1.2535618619664699e-09,1.6182083008415118,0
1271,532,0.0004113750000000002,5.249999999999999e-05,1.6207513638160778,1.0989157835251024e-06,1.6207502649002943,0
3101,840,0.0005438566778523642,-8.734783742925543e-05,1.6218734273174453,4.245688653758997e-09,1.6218734230717566,0
2742,756,0.00035623860436146976,0.0002035160303202824,1.623221709203599,2.5392780058497007e-09,1.623221706664321,0
1194,496,0.0003776250000000001,4.499999999999999e-05,1.623270809374115,3.3348783103194805e-05,1.6232374605910118,0
2574,731,0.0005201425509303687,0.000125647467447577,1.624412173571164,9.405325771587206e-09,1.6244121641658382,0
2202,678,0.0003032469244494645,0.00012839622845202327,1.627508487984006,1.91534661762075e-09,1.6275084860686595,0
3966,1386,0.001455283505559255,-0.001747823274873921,1.6298742634067764,3.250126316178113e-08,1.6298742309055132,0
3121,1255,8.021387565745436e-05,-0.0018312838481263913,1.6305948485872412,9.498567254074446e-10,1.6305948476373846,0
1378,568,0.00043762500000000024,5.999999999999999e-05,1.6308767809825715,2.817088296811778e-07,1.630876499273742,0
2661,744,0.00044393545274988913,0.00018543937679507767,1.6311807291640443,1.3625216594652994e-08,1.6311807155388278,0
3382,1283,0.0012478521718904474,-0.0018324870133428497,1.6340789240000257,6.636637563717846e-09,1.6340789173633883,0
1601,614,0.00040511939357421766,8.565705574390428e-05,1.634772090754781,4.2811746482642523e-07,1.634771662637316,0
3894,1385,0.0014197734752504174,-0.0017467174082457623,1.6350663790541506,1.6766268000891533e-07,1.6350662113914707,0
2998,827,0.0004826667542215086,-0.00016243703427247025,1.6353872002382464,1.977978557610221e-08,1.6353871804584608,0
2224,693,0.00030324692444946453,-0.0001283962284520233,1.6384646811838444,1.895665708906316e-09,1.6384646792881787,0
902,383,0.0004901250000000003,1.4999999999999992e-05,1.640707838166094,1.0649115842523395e-08,1.6407078275169782,0
3711,1363,0.0004980498508590125,-0.0017495891039972066,1.641065950768429,1.303138308747088e-07,1.6410658204545983,0
2555,727,0.0005369037385796695,0.00010068758598264056,1.6422626444988089,5.512032687955576e-09,1.6422626389867763,0
3103,841,0.0005469587483604977,-8.049440419030242e-05,1.6422672175322994,3.87256742150957e-09,1.642267213659732,0
2232,694,0.00031022061816365025,-0.00013125744249047302,1.6436068019445866,1.7296886262542678e-09,1.643606800214898,0
2628,738,0.0004826667542215086,0.0001624370342724702,1.6451922411369253,1.8040843202637752e-08,1.645192223096082,0
2985,826,0.00047658068823323103,-0.00016685882004120089,1.6465314462550642,1.501028608746256e-08,1.646531431244778,0
4159,1407,0.0002931700512453749,-0.0017084410577699741,1.6516623279004972,1.2275674944536702e-08,1.6516623156248222,0
574,256,0.0004901250000000003,-1.5000000000000005e-05,1.6522774956867479,1.0612149068730967e-08,1.6522774850745987,0
2272,700,0.0003543474732555907,-0.00014026600445778972,1.6523665098241083,1.291702848647408e-08,1.6523664969070797,0
3976,1387,0.0015029018387132948,-0.0017473203703996317,1.6524712721346289,2.180477085144828e-08,1.652471250329858,0
1083,450,0.0005126250000000005,2.999999999999999e-05,1.6525609177125289,5.978717350452613e-09,1.6525609117338116,0
4096,1407,0.0002931700512453749,-0.0017084410577699741,1.6532502026020188,1.2275674944536702e-08,1.653250190326344,0
3098,840,0.0005438566778523642,-8.734783742925543e-05,1.6549165479195316,4.245688653758997e-09,1.6549165436738429,0
1345,561,0.0003851250000000001,5.999999999999999e-05,1.6577225100937798,2.172403207948945e-06,1.6577203376905718,0
3739,1364,0.0005435187833675847,-0.0017471359451393734,1.6594754314264732,9.259807926297897e-08,1.659475338828394,0
4138,1407,0.0002931700512453749,-0.0017084410577699741,1.6600368499533575,1.2275674944536702e-08,1.6600368376776826,0
4348,1433,0.001375728555843743,-0.0017060906296348618,1.661150612673367,5.930750409177369e-09,1.6611506067426167,0
2436,714,0.0004516700070720543,-0.00010631609882119671,1.66161419755394,8.836640397662698e-08,1.661614109187536,0
2711,751,0.00039369862170935083,0.00020074193779418822,1.6637347296323133,8.718542757268554e-09,1.6637347209137705,0
2509,720,0.00048061924806390346,-7.181573686628488e-05,1.6639498539624833,3.0008580990091405e-08,1.6639498239539023,0
1443,585,0.0005651250000000005,5.999999999999999e-05,1.6643136311343554,1.814953194701976e-09,1.664313629319402,0
2818,802,0.0003042956831283605,-0.00019578036616662979,1.6652751805598363,5.142559973308471e-10,1.6652751800455803,0
613,273,0.0003813750000000001,-7.500000000000006e-06,1.6660936449279717,0.0007297262724133153,1.6653639186555584,0
339,153,0.00044137500000000025,-3.7500000000000003e-05,1.6655179901638881,1.543776019339691e-07,1.665517835786286,0
3263,1280,0.0011235544737104631,-0.0018311701190403204,1.6684039823923877,1.3513546574396908e-08,1.6684039688788412,0
2820,802,0.0003042956831283605,-0.00019578036616662979,1.6697296172185496,5.142559973308471e-10,1.6697296167042937,0
2959,824,0.00046393938099558276,-0.00017501293601540074,1.6698457728878948,1.395304283595456e-08,1.6698457589348519,0
2719,751,0.00039369862170935083,0.00020074193779418822,1.670271902920186,8.718542757268554e-09,1.6702718942016432,0
52,50,0.0003851250000000001,-6e-05,1.6706094185296052,1.9244926481349133e-06,1.670607494036957,0
485,217,0.00044137500000000025,-2.2500000000000005e-05,1.6709493345475528,1.3835725583209282e-07,1.670949196190297,0
1249,523,0.0005801250000000006,4.499999999999999e-05,1.672532064425465,9.453470215636266e-10,1.6725320634801182,0
3531,1302,0.0,-0.0017916666666666667,1.6743280992625418,2.1460700857017973e-08,1.674328077801841,0
3938,1386,0.001455283505559255,-0.001747823274873921,1.6766862638914233,3.250126316178113e-08,1.67668623139016,0
814,344,0.00044137500000000025,7.4999999999999926e-06,1.677395580794373,1.2899488563197846e-07,1.6773954517994873,0
2005,657,0.00045167000707205425,0.00010631609882119674,1.678663498492781,6.556841812759795e-08,1.678663432924363,0
1144,476,0.00047137500000000033,3.749999999999999e-05,1.6812445700667098,2.809402790926824e-08,1.6812445419726818,0
3678,1361,0.00041540645613897707,-0.0017497865928541032,1.6814170839211267,8.572315711959396e-08,1.6814169981979696,0
1090,452,0.0005276250000000005,2.999999999999999e-05,1.681569992869176,4.122423515891329e-09,1.6815699887467526,0
415,186,0.00044512500000000026,-3.0000000000000004e-05,1.6872555429381044,1.125006380253495e-07,1.6872554304374665,0
3983,1387,0.0015029018387132948,-0.0017473203703996317,1.6888727806347454,2.180477085144828e-08,1.6888727588299746,0
3932,1386,0.001455283505559255,-0.001747823274873921,1.6888941908825892,3.250126316178113e-08,1.688894158381326,0
3422,1300,0.0019586220894085822,-0.0018338156596585703,1.6908977048909002,7.285132515831509e-08,1.690897632039575,0
4108,1407,0.0002931700512453749,-0.0017084410577699741,1.691631192673787,1.2275674944536702e-08,1.691631180398112,0
1586,613,0.0004116214895004921,8.190306891057295e-05,1.6928092820955831,5.761287149026529e-07,1.6928087059668682,0
999,418,0.0005163750000000004,2.249999999999999e-05,1.693093475085972,5.069369158758886e-09,1.693093470016603,0
977,411,0.0004638750000000003,2.249999999999999e-05,1.6931571507585634,3.445133418010761e-08,1.6931571163072292,0
2912,815,0.00040109332316923805,-0.00019935962852439364,1.693432351187917,1.3289194590176737e-08,1.6934323378987224,0
713,309,0.0004151250000000002,-6.776263578034403e-21,1.6935955197925001,1.7965497729040099e-06,1.6935937232427272,0
1032,434,0.0003926250000000001,2.999999999999999e-05,1.6939527859543997,1.955000564533636e-05,1.6939332359487544,0
4229,1408,0.0003352491194219976,-0.001709268843234495,1.6971855812429022,2.90809048727778e-08,1.6971855521619974,0
2916,815,0.00040109332316923805,-0.00019935962852439364,1.6972509855206352,1.3289194590176737e-08,1.6972509722314406,0
0,14,0.0003013799321745103,-6.961513528185484e-05,1.6979204344429766,1.3794999426568976e-15,1.6979204344429752,0
1884,644,0.00039834594430604073,-8.889589096520435e-05,1.6991463940453335,3.44733742335527e-07,1.699146049311591,0
3799,1365,0.0005858232018222758,-0.001752429859975062,1.7002724954686057,1.2900585714593919e-08,1.70027248256802,0
1855,642,0.0003841493179854505,-9.375340695706517e-05,1.7003525899292773,1.714583663396239e-07,1.700352418470911,0
835,352,0.0005013750000000004,7.4999999999999926e-06,1.7009125144169501,7.072226211861255e-09,1.700912507344724,0
2643,739,0.00047658068823323103,0.00016685882004120083,1.7019456826334212,1.4560114185213875e-08,1.701945668073307,0
2050,661,0.0004269006467537924,0.00012341315379275108,1.7027267840196263,4.463506753824434e-08,1.7027267393845587,0
133,66,0.0005051250000000004,-6e-05,1.7031970332850006,1.1768282317559068e-08,1.7031970215167183,0
934,391,0.0005501250000000005,1.4999999999999992e-05,1.703612635825742,2.2809539603251084e-09,1.703612633544788,0
170,72,0.0005501250000000005,-6e-05,1.7044450511306821,3.177425716409928e-09,1.7044450479532565,0
757,322,0.0005126250000000005,-6.776263578034403e-21,1.7048918062426368,5.082630306467032e-09,1.7048918011600065,0
2738,755,0.0003637613956385303,0.0002035160303202824,1.7050236932003824,5.752728443007786e-09,1.7050236874476539,0
3693,1362,0.00045742028878796543,-0.001747449068702735,1.7072708033042006,8.64009075800238e-07,1.7072699392951247,0
2227,693,0.00030324692444946453,-0.0001283962284520233,1.7083509117697828,1.895665708906316e-09,1.7083509098741172,0
552,250,0.00044512500000000026,-1.5000000000000005e-05,1.7088520271792027,1.0115509523158407e-07,1.7088519260241075,0
587,261,0.0005276250000000005,-1.5000000000000005e-05,1.7107605526253655,3.704878663033235e-09,1.710760548920487,0
2356,706,0.00039905612662404367,-0.00013483739109859555,1.7108696293007493,1.2436346873626324e-07,1.7108695049372806,0
1316,550,0.0005463750000000005,5.249999999999999e-05,1.712525392148843,3.3505673422218047e-09,1.7125253887982756,0
3706,1363,0.0004980498508590125,-0.0017495891039972066,1.712675276822564,1.303138308747088e-07,1.712675146508733,0
2041,661,0.0004269006467537924,0.00012341315379275108,1.716429414546988,4.463506753824434e-08,1.7164293699119204,0
2397,710,0.0004269006467537924,-0.00012341315379275108,1.7187958481088346,8.35969419845021e-08,1.7187957645118925,0
1843,641,0.0003768115211141669,-9.534287405489409e-05,1.7198229456189553,1.9471265255993482e-07,1.7198227509063027,0
1641,617,0.00038414931798545055,9.375340695706516e-05,1.7211927696079836,1.7592857514829883e-07,1.7211925936794086,0
210,92,0.0004638750000000003,-5.25e-05,1.722502224933369,4.3758852310802515e-08,1.7225021811745167,0
437,194,0.0005051250000000004,-3.0000000000000004e-05,1.7241639144059784,7.404890961662233e-09,1.7241639070010875,0
3849,1383,0.0013348570556488925,-0.0017524623557613741,1.7250479020503224,1.63302481798422e-08,1.7250478857200742,0
2252,696,0.00032457806533562933,-0.0001358373645569657,1.7253261980320955,1.0988379264459703e-08,1.7253261870437162,0
3977,1387,0.0015029018387132948,-0.0017473203703996317,1.7275785476314207,2.180477085144828e-08,1.7275785258266498,0
1197,497,0.0003851250000000001,4.499999999999999e-05,1.7340499595055137,1.5220547108274576e-05,1.7340347389584054,0
3629,1318,0.0006654805645827595,-0.0017913884242686483,1.7341866280476892,1.3505968375492156e-08,1.7341866145417209,0
2171,675,0.0003245780653356293,0.00013583736455696568,1.7346934341429925,1.1477695008264013e-08,1.7346934226652975,0
1114,469,0.0004188750000000002,3.749999999999999e-05,1.735113345686063,8.456402562491263e-07,1.7351125000458067,0
582,259,0.0005126250000000005,-1.5000000000000005e-05,1.7359337450999202,5.302398974856936e-09,1.7359337397975212,0
3751,1364,0.0005435187833675847,-0.0017471359451393734,1.7364106904322327,9.259807926297897e-08,1.7364105978341535,0
4180,1407,0.0002931700512453749,-0.0017084410577699741,1.7368276073036388,1.2275674944536702e-08,1.736827595027964,0
719,309,0.0004151250000000002,-6.776263578034403e-21,1.7389917861326911,1.7965497729040099e-06,1.7389899895829182,0
3775,1365,0.0005858232018222758,-0.001752429859975062,1.7420616783057847,1.2900585714593919e-08,1.742061665405199,0
4164,1407,0.0002931700512453749,-0.0017084410577699741,1.743514213581523,1.2275674944536702e-08,1.743514201305848,0
3225,1280,0.0011235544737104631,-0.0018311701190403204,1.7441824530698442,1.3513546574396908e-08,1.7441824395562977,0
1564,609,0.0003732595008181979,-6.543821433225158e-05,1.747328422082867,2.324763978353258e-06,1.7473260973188887,0
2089,665,0.0003990561266240436,0.00013483739109859555,1.7480214294253789,1.1517645074678549e-07,1.748021314248928,0
1127,471,0.00043387500000000023,3.749999999999999e-05,1.749193235398044,2.6497442953261527e-07,1.7491929704236144,0
2123,666,0.0003917622054501175,0.00013673940679297052,1.7496673675470384,4.235101707239463e-08,1.7496673251960213,0
276,125,0.0004676250000000003,-4.5e-05,1.7499590272544623,3.519871071830952e-08,1.7499589920557517,0
823,348,0.00047137500000000033,7.4999999999999926e-06,1.7509593659388452,2.173898157039657e-08,1.7509593441998637,0
1434,582,0.0005426250000000006,5.999999999999999e-05,1.7531749485236847,4.084720561261821e-09,1.7531749444389642,0
3660,1318,0.0006654805645827595,-0.0017913884242686483,1.7542873308504638,1.3505968375492156e-08,1.7542873173444955,0
147,68,0.0005201250000000004,-6e-05,1.7547803254430974,7.193027720452753e-09,1.7547803182500696,0
915,387,0.0005201250000000004,1.4999999999999992e-05,1.7556100485456712,4.3955306162339185e-09,1.7556100441501405,0
833,351,0.0004938750000000003,7.4999999999999926e-06,1.7561467658699734,8.988136566626576e-09,1.756146756881837,0
2978,826,0.00047658068823323103,-0.00016685882004120089,1.756550156421045,1.501028608746256e-08,1.756550141410759,0
4270,1409,0.0003752823907658263,-0.0017092114270423236,1.7617487880795384,3.208013893465805e-08,1.7617487559993994,0
1790,634,0.0003251298648407288,-9.031591525967964e-05,1.7653220835493695,5.589535660989452e-09,1.7653220779598338,0
4183,1407,0.0002931700512453749,-0.0017084410577699741,1.7660233508624732,1.2275674944536702e-08,1.7660233385867983,0
2502,719,0.0004765905330907351,-7.818663989945565e-05,1.7684420961230103,3.957589316877576e-08,1.768442056547117,0
2106,666,0.0003917622054501175,0.00013673940679297052,1.7722027949108814,4.235101707239463e-08,1.7722027525598643,0
2183,676,0.0003173378387221443,0.00013374020734338335,1.777068539467814,1.2535618619664699e-09,1.7770685382142521,0
2326,705,0.0003917622054501175,-0.00013673940679297052,1.7770829550966958,3.669571335376032e-08,1.7770829184009824,0
1516,600,0.0003430263342084167,6.457452227107159e-05,1.7800220036196917,1.601313965866978e-06,1.7800204023057258,0
802,341,0.0004188750000000002,7.4999999999999926e-06,1.7809459462603283,1.1035670765816388e-06,1.7809448426932517,0
1444,586,0.0005726250000000007,5.999999999999999e-05,1.7845613437146153,1.2521871909962517e-09,1.784561342462428,0
3648,1318,0.0006654805645827595,-0.0017913884242686483,1.7847850597384,1.3505968375492156e-08,1.7847850462324317,0
591,262,0.0005351250000000004,-1.5000000000000005e-05,1.7878584536674178,3.1727915827291445e-09,1.7878584504946262,0
1159,480,0.0005013750000000004,3.749999999999999e-05,1.7916495182570398,9.169890462085575e-09,1.7916495090871494,0
81,54,0.0004151250000000002,-6e-05,1.7956987938290208,5.304333791575207e-07,1.7956982633956415,0
2859,809,0.0003562386043614697,-0.0002035160303202824,1.7959109586129183,2.7376551071689497e-09,1.795910955875263,0
3025,832,0.0005104258463483998,-0.00013713127814194426,1.796683082945787,1.0633194785680474e-08,1.7966830723125922,0
1023,430,0.00036262500000000005,2.999999999999999e-05,1.7983612185726083,0.001541738891892167,1.7968194796807162,0
2725,752,0.0003862578919856826,0.00020185005772340985,1.7975053604953242,5.957104811766834e-09,1.7975053545382194,0
1,15,0.0003092594235731587,-6.515233009186784e-05,1.8001934415523793,4.212300599885096e-14,1.800193441552337,0
2225,693,0.00030324692444946453,-0.0001283962284520233,1.8015455552558046,1.895665708906316e-09,1.801545553360139,0
4177,1407,0.0002931700512453749,-0.0017084410577699741,1.8033802441019062,1.2275674944536702e-08,1.8033802318262313,0
1213,502,0.0004226250000000002,4.499999999999999e-05,1.8041834374108545,5.935463641260253e-07,1.8041828438644905,0
3778,1365,0.0005858232018222758,-0.001752429859975062,1.8044337004752726,1.2900585714593919e-08,1.804433687574687,0
686,293,0.0005313750000000005,-7.500000000000006e-06,1.8045173149712963,3.3215141062271063e-09,1.8045173116497821,0
2729,753,0.00037878129714001996,0.00020268247475352657,1.806171396706982,6.678631917872048e-09,1.80617139002835,0
2108,666,0.0003917622054501175,0.00013673940679297052,1.8082406484460622,4.235101707239463e-08,1.808240606095045,0
659,286,0.00047887500000000035,-7.500000000000006e-06,1.809630499787837,1.5674929632341892e-08,1.8096304841129074,0
706,307,0.00040012500000000014,-6.776263578034403e-21,1.8111580393307247,1.814536230517119e-05,1.8111398939684196,0
1981,655,0.00046253869725606817,9.587658019650754e-05,1.8119312997322228,5.016978233858687e-08,1.8119312495624404,0
1198,497,0.0003851250000000001,4.499999999999999e-05,1.812364034823206,1.5220547108274576e-05,1.8123488142760977,0
123,65,0.0004976250000000005,-6e-05,1.813487074091504,1.2501529383512628e-08,1.8134870615899745,0
173,74,0.0005651250000000005,-6e-05,1.8139763299101932,1.884423021918988e-09,1.8139763280257701,0
762,323,0.0005201250000000004,-6.776263578034403e-21,1.814425839860782,4.216326218426786e-09,1.8144258356444558,0
520,231,0.0005463750000000005,-2.2500000000000005e-05,1.814427514686672,2.62859594551491e-09,1.814427512058076,0
2878,810,0.0003637613956385302,-0.0002035160303202824,1.8170640192086749,9.23860075032934e-09,1.8170640099700741,0
330,149,0.0004113750000000002,-3.7500000000000003e-05,1.8207763869246432,1.6049215619148837e-06,1.8207747820030813,0
3610,1317,0.0006264091269581266,-0.001793554870120426,1.8209769659611337,7.340702519687142e-08,1.8209768925541086,0
4007,1387,0.0015029018387132948,-0.0017473203703996317,1.8214766013877124,2.180477085144828e-08,1.8214765795829415,0
3595,1316,0.0005843082459749532,-0.0017931415468221683,1.8237577905395719,1.6759312591280528e-07,1.823757622946446,0
657,285,0.00047137500000000033,-7.500000000000006e-06,1.8240658463910606,2.1739289002852734e-08,1.8240658246517716,0
4288,1410,0.0004191076616030197,-0.0017055678807356095,1.8248353256602086,6.347297876509247e-09,1.8248353193129108,0
4021,1387,0.0015029018387132948,-0.0017473203703996317,1.8255322425323086,2.180477085144828e-08,1.8255322207275377,0
3903,1385,0.0014197734752504174,-0.0017467174082457623,1.82639423474006,1.6766268000891533e-07,1.82639406707738,0
345,154,0.00044887500000000027,-3.7500000000000003e-05,1.8273405465585542,9.340367550278929e-08,1.8273404531548787,0
3973,1387,0.0015029018387132948,-0.0017473203703996317,1.8278775299402905,2.180477085144828e-08,1.8278775081355196,0
1150,478,0.00048637500000000037,3.749999999999999e-05,1.8307950314304968,1.5571849115312756e-08,1.8307950158586477,0
3255,1280,0.0011235544737104631,-0.0018311701190403204,1.830917573417349,1.3513546574396908e-08,1.8309175599038026,0
568,255,0.00048262500000000036,-1.5000000000000005e-05,1.8312314202885387,1.4030646607124005e-08,1.831231406257892,0
2562,729,0.0005289846124320408,0.00011347741385698137,1.832974381223867,8.377264241768494e-09,1.8329743728466028,0
2165,674,0.0003319204225564887,0.00013754286748407854,1.8349402984751273,8.794418033408879e-09,1.8349402896807092,0
4255,1409,0.0003752823907658263,-0.0017092114270423236,1.8350664801922023,3.208013893465805e-08,1.8350664481120633,0
2168,675,0.0003245780653356293,0.00013583736455696568,1.8350880439104886,1.1477695008264013e-08,1.8350880324327936,0
2835,805,0.0003263013782906491,-0.0002007419377941882,1.8359806879283878,1.969868987527466e-09,1.8359806859585188,0
153,68,0.0005201250000000004,-6e-05,1.8401847448916697,7.193027720452753e-09,1.840184737698642,0
516,229,0.0005313750000000005,-2.2500000000000005e-05,1.8411034635477999,3.5890275387966054e-09,1.8411034599587723,0
1251,526,0.00036637500000000006,5.249999999999999e-05,1.8418324147698206,4.19078426865044e-05,1.841790506927134,0
938,392,0.0005576250000000006,1.4999999999999992e-05,1.8422238444280878,1.8471838512209066e-09,1.8422238425809039,0
3975,1387,0.0015029018387132948,-0.0017473203703996317,1.8444116395226398,2.180477085144828e-08,1.8444116177178689,0
1511,599,0.00035049791389083905,6.608846053976123e-05,1.8462452695561058,9.765684729121883e-07,1.8462442929876328,0
670,289,0.0005013750000000004,-7.500000000000006e-06,1.8486180060515776,7.059779969166717e-09,1.8486179989917977,0
1688,622,0.00034689807728635754,9.592304465781523e-05,1.8486882973594048,1.0963212399090174e-07,1.8486881877272807,0
827,349,0.00047887500000000035,7.4999999999999926e-06,1.8487230147472875,1.568821683784516e-08,1.8487229990590706,0
2480,717,0.00046753720614419884,-9.023443001343242e-05,1.851089877608908,2.3675745995681973e-08,1.851089853933162,0
2036,660,0.00043342860296878213,0.00011964423651476869,1.8512229114536871,1.374152746961556e-07,1.8512227740384124,0
1735,626,0.0003182359224899663,8.734215880635978e-05,1.8513511993110165,7.3320827800480875e-09,1.8513511919789338,0
3614,1317,0.0006264091269581266,-0.001793554870120426,1.851449258731569,7.340702519687142e-08,1.8514491853245438,0
332,150,0.0004188750000000002,-3.7500000000000003e-05,1.8518894027094934,8.309725426699295e-07,1.8518885717369507,0
303,137,0.0005576250000000006,-4.5e-05,1.852345336123942,2.2024867004862706e-09,1.8523453339214553,0
678,292,0.0005238750000000004,-7.500000000000006e-06,1.8537377687634435,3.905773378979298e-09,1.85373776485767,0
122,65,0.0004976250000000005,-6e-05,1.8551596449531906,1.2501529383512628e-08,1.8551596324516613,0
3480,1301,0.002,-0.0018333333333333333,1.8571795209413442,3.6044118441876554e-08,1.8571794848972258,0
1888,644,0.00039834594430604073,-8.889589096520435e-05,1.8576439118978365,3.44733742335527e-07,1.857643567164094,0
2785,759,0.0003337421080143174,0.00020185005772340985,1.8584505184746387,1.5158672724721197e-09,1.8584505169587715,0
3598,1316,0.0005843082459749532,-0.0017931415468221683,1.8609005746435356,1.6759312591280528e-07,1.8609004070504098,0
1167,482,0.0005163750000000004,3.749999999999999e-05,1.8615241933782756,5.818312589710723e-09,1.861524187559963,0
1206,499,0.00040012500000000014,4.499999999999999e-05,1.8649212877077157,3.568852377303381e-06,1.8649177188553383,0
2014,658,0.000445831163023568,0.00011108336742811969,1.8657514611761055,6.94013994249836e-08,1.865751391774706,0
646,282,0.00044887500000000027,-7.500000000000006e-06,1.8670418311354806,7.574904687384464e-08,1.8670417553864338,0
2124,667,0.00038437670561554204,0.0001382471673795964,1.870452158677728,2.6037155044868073e-08,1.870452132640573,0
206,90,0.00044887500000000027,-5.25e-05,1.8706558447107684,9.830365360024532e-08,1.8706557464071147,0
711,308,0.00040762500000000016,-6.776263578034403e-21,1.8721546733892784,5.24309112546033e-06,1.872149430298153,0
1685,621,0.00035437078446752833,9.664989812570138e-05,1.8728138826294323,1.2562936241729608e-07,1.8728137570000698,0
2881,811,0.0003712790493015919,-0.00020323805190300341,1.874740465698153,8.592532335696039e-09,1.8747404571056208,0
2262,697,0.00033192042255648864,-0.00013754286748407854,1.8759615718023064,8.33369438069656e-09,1.875961563468612,0
3583,1315,0.0005446477052616283,-0.0017885884216789338,1.8790092132330445,9.821408908870207e-07,1.8790082310921536,0
2526,723,0.0005498054557068993,7.3531025277579e-05,1.8836363272266397,2.8212094008646687e-09,1.8836363244054302,0
3582,1315,0.0005446477052616283,-0.0017885884216789338,1.8858969616249752,9.821408908870207e-07,1.8858959794840844,0
2882,811,0.0003712790493015919,-0.00020323805190300341,1.88904009160207,8.592532335696039e-09,1.8890400830095377,0
596,263,0.0005426250000000006,-1.5000000000000005e-05,1.889698052800679,2.737706135495536e-09,1.889698050062973,0
813,344,0.00044137500000000025,7.4999999999999926e-06,1.8910936826957252,1.2899488563197846e-07,1.8910935537008395,0
4162,1407,0.0002931700512453749,-0.0017084410577699741,1.8913747037085666,1.2275674944536702e-08,1.8913746914328917,0
1796,634,0.0003251298648407288,-9.031591525967964e-05,1.893829176636549,5.589535660989452e-09,1.8938291710470132,0
1787,634,0.0003251298648407288,-9.031591525967964e-05,1.8948841214103287,5.589535660989452e-09,1.894884115820793,0
1792,634,0.0003251298648407288,-9.031591525967964e-05,1.8957207504849303,5.589535660989452e-09,1.8957207448953945,0
101,59,0.0004526250000000003,-6e-05,1.897543325214069,5.974883135408689e-08,1.8975432654652375,0
4246,1409,0.0003752823907658263,-0.0017092114270423236,1.8979632110106135,3.208013893465805e-08,1.8979631789304745,0
764,324,0.0005276250000000005,-6.776263578034403e-21,1.905229123317726,3.55764588027017e-09,1.9052291197600801,0
399,181,0.00040762500000000016,-3.0000000000000004e-05,1.905992140036775,2.908092661345162e-06,1.9059892319441136,0
769,325,0.0005351250000000004,-6.776263578034403e-21,1.9088193706719478,3.0456433523185158e-09,1.9088193676263046,0
1914,646,0.00041162148950049204,-8.190306891057299e-05,1.9091356399753667,6.620231951795843e-07,1.9091349779521716,0
2466,716,0.0004625386972560682,-9.587658019650753e-05,1.9098853431947094,4.4855855708196496e-08,1.9098852983388537,0
524,232,0.0005538750000000004,-2.2500000000000005e-05,1.9129629188263573,2.154826707636728e-09,1.9129629166715305,0
2349,706,0.00039905612662404367,-0.00013483739109859555,1.9143176336354706,1.2436346873626324e-07,1.914317509272002,0
1580,612,0.0004178131277148982,7.765650738373669e-05,1.9147537654317406,3.969110216605586e-07,1.914753368520719,0
3320,1281,0.0011683063225345087,-0.001835821235010951,1.9153711902298587,3.04051247806275e-08,1.9153711598247338,0
2666,744,0.00044393545274988913,0.00018543937679507767,1.9161844216800163,1.3625216594652994e-08,1.9161844080547998,0
4167,1407,0.0002931700512453749,-0.0017084410577699741,1.9168676113484433,1.2275674944536702e-08,1.9168675990727684,0
1121,471,0.00043387500000000023,3.749999999999999e-05,1.9172395398057176,2.6497442953261527e-07,1.917239274831288,0
4100,1407,0.0002931700512453749,-0.0017084410577699741,1.9189473148354328,1.2275674944536702e-08,1.9189473025597579,0
3714,1363,0.0004980498508590125,-0.0017495891039972066,1.9213772238299633,1.303138308747088e-07,1.9213770935161325,0
3275,1280,0.0011235544737104631,-0.0018311701190403204,1.9219362689477821,1.3513546574396908e-08,1.9219362554342356,0
2393,709,0.0004201797986555263,-0.00012682623900017403,1.9230153593454697,9.52794943683815e-08,1.9230152640659754,0
603,266,0.0005651250000000005,-1.5000000000000005e-05,1.9248351470287544,1.4653318378102208e-09,1.9248351455634225,0
242,104,0.0005538750000000004,-5.25e-05,1.9262992809187098,2.6983680736498397e-09,1.9262992782203419,0
3343,1281,0.0011683063225345087,-0.001835821235010951,1.92690052713916,3.04051247806275e-08,1.926900496734035,0
180,80,0.0003738750000000001,-5.25e-05,1.9270698141037126,2.746318836985029e-05,1.9270423509153427,0
3864,1383,0.0013348570556488925,-0.0017524623557613741,1.9272237885481862,1.63302481798422e-08,1.927223772217938,0
1862,643,0.0003913418780168542,-9.160009583835658e-05,1.9276787885318554,4.3674982910749494e-07,1.9276783517820262,0
2283,700,0.0003543474732555907,-0.00014026600445778972,1.9282394259236628,1.291702848647408e-08,1.9282394130066343,0
1231,514,0.0005126250000000005,4.499999999999999e-05,1.9288707810374812,7.042178697472972e-09,1.9288707739953026,0
1908,645,0.0004051193935742176,-8.56570557439043e-05,1.9314772419922166,3.442248684343402e-07,1.9314768977673482,0
4328,1432,0.001331330508901036,-0.0017097630929053104,1.9329674780034427,5.977987489325365e-09,1.9329674720254553,0
2280,700,0.0003543474732555907,-0.00014026600445778972,1.9340812287644693,1.291702848647408e-08,1.9340812158474407,0
3756,1365,0.0005858232018222758,-0.001752429859975062,1.9398063126071678,1.2900585714593919e-08,1.9398062997065821,0
3815,1366,0.000626945333864304,-0.0017488310248700133,1.9430524562063083,5.823364972043562e-09,1.9430524503829434,0
982,413,0.00047887500000000035,2.249999999999999e-05,1.94319170645886,1.7419782957657286e-08,1.943191689039077,0
3835,1383,0.0013348570556488925,-0.0017524623557613741,1.946498062692108,1.63302481798422e-08,1.9464980463618597,0
2499,718,0.0004722256574286747,-8.433211060948672e-05,1.9471840762465504,3.98528044063868e-08,1.947184036393746,0
3740,1364,0.0005435187833675847,-0.0017471359451393734,1.9475128788841924,9.259807926297897e-08,1.9475127862861132,0
1278,533,0.0004188750000000002,5.249999999999999e-05,1.9483929094009367,6.714869554628966e-07,1.9483922379139813,0
2821,802,0.0003042956831283605,-0.00019578036616662979,1.9492568501585341,5.142559973308471e-10,1.9492568496442781,0
2514,721,0.0004843001865199919,-6.523777047266544e-05,1.9520713215905183,1.6923775858866647e-08,1.9520713046667424,0
4300,1430,0.0012466915290819092,-0.0017102513126253656,1.9538294922984172,4.4781034284360416e-10,1.953829491850607,0
3817,1366,0.000626945333864304,-0.0017488310248700133,1.9557559138972898,5.823364972043562e-09,1.9557559080739249,0
1014,424,0.0005613750000000006,2.249999999999999e-05,1.9588574135760914,1.6844658593743057e-09,1.9588574118916255,0
720,310,0.0004226250000000002,-6.776263578034403e-21,1.9593042577605495,7.232043504263997e-07,1.959303534556199,0
3403,1299,0.0019146927158673187,-0.0018343109948123562,1.960452741931974,1.5975082076411483e-08,1.9604527259568918,0
3069,839,0.0005405034812376771,-9.408196402900622e-05,1.9608042752522399,3.984490126884458e-09,1.9608042712677498,0
1352,562,0.0003926250000000001,5.999999999999999e-05,1.961337740237701,1.3074121389674107e-06,1.961336432825562,0
186,82,0.0003888750000000001,-5.25e-05,1.961782992465604,6.703792878923332e-06,1.9617762886727252,0
2058,661,0.0004269006467537924,0.00012341315379275108,1.963136480943652,4.463506753824434e-08,1.9631364363085844,0
1879,643,0.0003913418780168542,-9.160009583835658e-05,1.9633854682534506,4.3674982910749494e-07,1.9633850315036214,0
474,214,0.0004188750000000002,-2.2500000000000005e-05,1.964018941240052,9.854296047558822e-07,1.9640179558104471,0
2475,716,0.0004625386972560682,-9.587658019650753e-05,1.9670912655114308,4.4855855708196496e-08,1.967091220655575,0
3917,1386,0.001455283505559255,-0.001747823274873921,1.96781688317566,3.250126316178113e-08,1.9678168506743967,0
821,348,0.00047137500000000033,7.4999999999999926e-06,1.9697057217342782,2.173898157039657e-08,1.9697056999952967,0
4175,1407,0.0002931700512453749,-0.0017084410577699741,1.9731994786682343,1.2275674944536702e-08,1.9731994663925594,0
4179,1407,0.0002931700512453749,-0.0017084410577699741,1.973703274160429,1.2275674944536702e-08,1.973703261884754,0
1357,563,0.00040012500000000014,5.999999999999999e-05,1.9738868607706201,1.0717204071109663e-06,1.973885789050213,0
702,305,0.0003851250000000001,-6.776263578034403e-21,1.9742245105928153,0.000327015101038348,1.973897495491777,0
3270,1280,0.0011235544737104631,-0.0018311701190403204,1.9749173672697822,1.3513546574396908e-08,1.9749173537562357,0
831,351,0.0004938750000000003,7.4999999999999926e-06,1.9754378667418513,8.988136566626576e-09,1.9754378577537148,0
2948,822,0.0004507303929021594,-0.00018221119202259622,1.9782943931906214,1.3494466317268383e-08,1.9782943796961552,0
2290,700,0.0003543474732555907,-0.00014026600445778972,1.9793893341511446,1.291702848647408e-08,1.979389321234116,0
1349,561,0.0003851250000000001,5.999999999999999e-05,1.9813836981774604,2.172403207948945e-06,1.9813815257742524,0
4078,1406,0.0002528682826605001,-0.0017101146573470373,1.986370444640441,2.8236642550380505e-09,1.986370441816777,0
2323,704,0.000384376705615542,-0.00013824716737959644,1.9872357908292801,2.7173621889311787e-08,1.9872357636556583,0
900,382,0.00048262500000000036,1.4999999999999992e-05,1.9909183654848175,1.4068431796290842e-08,1.9909183514163857,0
1391,571,0.0004601250000000003,5.999999999999999e-05,1.9937144149138857,5.450793060788647e-08,1.993714360405955,0
14,24,0.00035877041748240114,1.051063473049791e-05,1.9989189370767777,0.005151998591905175,1.9937669384848726,0
1934,648,0.00042365707097667893,-7.294291048408706e-05,1.994807591296217,1.44746253469961e-07,1.9948074465499637,0
1381,569,0.00044512500000000026,5.999999999999999e-05,1.9949459499451117,1.0632445205705175e-07,1.9949458436206595,0
563,253,0.0004676250000000003,-1.5000000000000005e-05,1.9956424887922786,2.700933048349201e-08,1.995642461782948,0
2210,678,0.0003032469244494645,0.00012839622845202327,1.9962949743691651,1.91534661762075e-09,1.9962949724538186,0
2631,739,0.00047658068823323103,0.00016685882004120083,1.9969305788046736,1.4560114185213875e-08,1.9969305642445594,0
2839,808,0.0003487209506984081,-0.00020323805190300341,1.9998699278663465,1.1655154774778041e-09,1.999869926700831,0
729,312,0.00043762500000000024,-6.776263578034403e-21,2.0003077224227814,1.7194322719897182e-07,2.000307550479554,0
4285,1410,0.0004191076616030197,-0.0017055678807356095,2.0036187582623426,6.347297876509247e-09,2.003618751915045,0
1300,542,0.00048637500000000037,5.249999999999999e-05,2.0042143135019805,1.9192087242991947e-08,2.0042142943098935,0
111,61,0.0004676250000000003,-6e-05,2.0042464211190105,4.194828025322652e-08,2.00424637917073,0
1614,616,0.00039134187801685423,9.160009583835657e-05,2.006432904416862,4.310611809911413e-07,2.006432473355681,0
1927,648,0.00042365707097667893,-7.294291048408706e-05,2.012136792549412,1.44746253469961e-07,2.012136647803158,0
1176,485,0.0005388750000000004,3.749999999999999e-05,2.012775474003503,3.499931670091003e-09,2.0127754705035716,0
3866,1384,0.0013738430140100327,-0.001747035302962676,2.013707008148303,7.187926468036283e-08,2.0137069362690383,0
316,145,0.0003813750000000001,-3.7500000000000003e-05,2.0175102958621465,4.045426476262577e-05,2.017469841597384,0
2457,714,0.0004516700070720543,-0.00010631609882119671,2.0275578708317332,8.836640397662698e-08,2.0275577824653293,0
940,393,0.0005651250000000005,1.4999999999999992e-05,2.0284415521726524,1.4496175423385922e-09,2.0284415507230347,0
2510,720,0.00048061924806390346,-7.181573686628488e-05,2.0301050682060264,3.0008580990091405e-08,2.0301050381974455,0
3928,1386,0.001455283505559255,-0.001747823274873921,2.0350218119576695,3.250126316178113e-08,2.0350217794564065,0
1905,645,0.0004051193935742176,-8.56570557439043e-05,2.0369883292379045,3.442248684343402e-07,2.036987985013036,0
881,373,0.0004151250000000002,1.4999999999999992e-05,2.037665684987994,1.64861614012715e-06,2.037664036371854,0
2616,736,0.0004943281581209462,0.00015293419705974772,2.0388889684028237,1.39298703782177e-08,2.038888954472953,0
777,327,0.0005501250000000005,-6.776263578034403e-21,2.0466643838559184,2.2191002365020692e-09,2.0466643816368184,0
1079,449,0.0005051250000000004,2.999999999999999e-05,2.048250286518665,7.451373712501037e-09,2.0482502790672914,0
4073,1406,0.0002528682826605001,-0.0017101146573470373,2.048749129474015,2.8236642550380505e-09,2.0487491266503506,0
540,246,0.0004151250000000002,-1.5000000000000005e-05,2.0497288446622934,1.6427761618212685e-06,2.0497272018861317,0
1302,543,0.0004938750000000003,5.249999999999999e-05,2.0527461842683747,1.4312141864627954e-08,2.052746169956233,0
3646,1318,0.0006654805645827595,-0.0017913884242686483,2.053845704315254,1.3505968375492156e-08,2.0538456908092857,0
2073,662,0.00042017979865552633,0.000126826239000174,2.0576321112400793,4.46728574133111e-08,2.057632066567222,0
205,89,0.00044137500000000025,-5.25e-05,2.0599884735942853,1.75440121280285e-07,2.059988298154164,0
560,252,0.0004601250000000003,-1.5000000000000005e-05,2.0603450583241463,3.982799064639215e-08,2.0603450184961556,0
1609,615,0.00039834594430604073,8.889589096520433e-05,2.065154891410723,5.404606383178633e-07,2.0651543509500847,0
3787,1365,0.0005858232018222758,-0.001752429859975062,2.0677931531319587,1.2900585714593919e-08,2.0677931402313727,0
2177,676,0.0003173378387221443,0.00013374020734338335,2.0678358907416503,1.2535618619664699e-09,2.0678358894880886,0
2236,694,0.00031022061816365025,-0.00013125744249047302,2.068015306473499,1.7296886262542678e-09,2.06801530474381,0
2512,721,0.0004843001865199919,-6.523777047266544e-05,2.0690651135076132,1.6923775858866647e-08,2.0690650965838375,0
2915,815,0.00040109332316923805,-0.00019935962852439364,2.070923640806962,1.3289194590176737e-08,2.070923627517767,0
887,375,0.0004301250000000002,1.4999999999999992e-05,2.0756227181623563,3.360201242780723e-07,2.075622382142232,0
419,189,0.0004676250000000003,-3.0000000000000004e-05,2.078208944275323,3.0709783392993915e-08,2.0782089135655393,0
3444,1301,0.002,-0.0018333333333333333,2.079948279019491,3.6044118441876554e-08,2.0799482429753726,0
2720,751,0.00039369862170935083,0.00020074193779418822,2.0812208264556054,8.718542757268554e-09,2.0812208177370626,0
2515,721,0.0004843001865199919,-6.523777047266544e-05,2.086018492784812,1.6923775858866647e-08,2.0860184758610365,0
3321,1281,0.0011683063225345087,-0.001835821235010951,2.0863923678338083,3.04051247806275e-08,2.0863923374286837,0
3074,839,0.0005405034812376771,-9.408196402900622e-05,2.091279316258465,3.984490126884458e-09,2.091279312273975,0
4048,1406,0.0002528682826605001,-0.0017101146573470373,2.0923845205541682,2.8236642550380505e-09,2.092384517730504,0
114,61,0.0004676250000000003,-6e-05,2.0951691222213933,4.194828025322652e-08,2.095169080273113,0
704,305,0.0003851250000000001,-6.776263578034403e-21,2.0988337040624017,0.000327015101038348,2.0985066889613635,0
3128,1256,0.00012691196507293,-0.0018305646115425647,2.100602387172007,3.2245341414056467e-09,2.1006023839474732,0
353,158,0.00047887500000000035,-3.7500000000000003e-05,2.101018775073837,2.053186253119957e-08,2.1010187545419745,0
2788,760,0.0003263013782906492,0.00020074193779418822,2.1019180644423856,1.7089827936355372e-09,2.101918062733403,0
1925,648,0.00042365707097667893,-7.294291048408706e-05,2.103093495734448,1.44746253469961e-07,2.1030933509881944,0
279,127,0.00048262500000000036,-4.5e-05,2.1036257893149863,1.9593066061215948e-08,2.10362576972192,0
1546,606,0.00035049791389083905,-6.608846053976122e-05,2.103901498309825,9.257240905089254e-07,2.1039005725857343,0
3408,1299,0.0019146927158673187,-0.0018343109948123562,2.10506395388703,1.5975082076411483e-08,2.105063937911948,0
3518,1302,0.0,-0.0017916666666666667,2.106818690201955,2.1460700857017973e-08,2.106818668741254,0
2608,736,0.0004943281581209462,0.00015293419705974772,2.106886029714762,1.39298703782177e-08,2.1068860157848914,0
615,274,0.0003888750000000001,-7.500000000000006e-06,2.1080908667321947,0.00014246235005139953,2.1079484043821433,0
3872,1384,0.0013738430140100327,-0.001747035302962676,2.109573945578176,7.187926468036283e-08,2.109573873698911,0
3790,1365,0.0005858232018222758,-0.001752429859975062,2.112216365248982,1.2900585714593919e-08,2.112216352348396,0
2172,675,0.0003245780653356293,0.00013583736455696568,2.112217831973983,1.1477695008264013e-08,2.112217820496288,0
295,134,0.0005351250000000004,-4.5e-05,2.113011678425002,4.125920831058063e-09,2.113011674299081,0
2093,665,0.0003990561266240436,0.00013483739109859555,2.1140433623607384,1.1517645074678549e-07,2.114043247184288,0
4236,1408,0.0003352491194219976,-0.001709268843234495,2.1141709508464928,2.90809048727778e-08,2.114170921765588,0
1139,475,0.0004638750000000003,3.749999999999999e-05,2.115534027775116,3.9409852124211683e-08,2.1155339883652635,0
3146,1258,0.00020609161102968777,-0.001836507407906808,2.1163645722878273,5.465596807250126e-09,2.1163645668222304,0
492,220,0.0004638750000000003,-2.2500000000000005e-05,2.119697448645594,3.4534587390526124e-08,2.1196974141110068,0
847,357,0.0005388750000000004,7.4999999999999926e-06,2.12103828177294,2.8555251119060035e-09,2.121038278917415,0
2678,746,0.00043001107291196184,0.00019113181933992995,2.1248964719212413,1.3298051665468392e-08,2.1248964586231898,0
1694,622,0.00034689807728635754,9.592304465781523e-05,2.1266010460405527,1.0963212399090174e-07,2.126600936408429,0
3445,1301,0.002,-0.0018333333333333333,2.1284586472122586,3.6044118441876554e-08,2.1284586111681403,0
2606,736,0.0004943281581209462,0.00015293419705974772,2.1304688582622986,1.39298703782177e-08,2.130468844332428,0
2521,723,0.0005498054557068993,7.3531025277579e-05,2.1399704455685327,2.8212094008646687e-09,2.139970442747323,0
3140,1257,0.00016780204431158984,-0.001832047585117765,2.1404716194717643,5.94799990830093e-09,2.1404716135237645,0
1525,603,0.00032884152669234064,-5.9051873789722924e-05,2.1442067810612153,1.3793106978125105e-08,2.144206767268108,0
3895,1385,0.0014197734752504174,-0.0017467174082457623,2.145826826020768,1.6766268000891533e-07,2.1458266583580876,0
2648,740,0.0004703353870478569,0.00017105269673254288,2.146314120053619,1.4991593797349114e-08,2.146314105062025,0
6,16,0.00031661055043433607,-6.0578213238823295e-05,2.146874418574885,8.068335252250949e-09,2.1468744105065496,0
2345,705,0.0003917622054501175,-0.00013673940679297052,2.1473744710021694,3.669571335376032e-08,2.1473744343064562,0
2068,661,0.0004269006467537924,0.00012341315379275108,2.148282339606088,4.463506753824434e-08,2.1482822949710205,0
2032,660,0.00043342860296878213,0.00011964423651476869,2.1488495762815982,1.374152746961556e-07,2.1488494388663235,0
842,355,0.0005238750000000004,7.4999999999999926e-06,2.1506001875135947,3.905196976676526e-09,2.1506001836083977,0
3331,1281,0.0011683063225345087,-0.001835821235010951,2.1515077563686025,3.04051247806275e-08,2.151507725963478,0
2524,723,0.0005498054557068993,7.3531025277579e-05,2.151579450740931,2.8212094008646687e-09,2.1515794479197217,0
3667,1318,0.0006654805645827595,-0.0017913884242686483,2.1550116607090146,1.3505968375492156e-08,2.1550116472030463,0
1229,513,0.0005051250000000004,4.499999999999999e-05,2.155315722192702,8.95679375630274e-09,2.155315713235908,0
2484,717,0.00046753720614419884,-9.023443001343242e-05,2.1553172071393694,2.3675745995681973e-08,2.1553171834636236,0
43,47,0.00036262500000000005,-6e-05,2.156148435207701,6.907799862686476e-06,2.156141527407838,0
232,101,0.0005313750000000005,-5.25e-05,2.156978086406571,4.750184491507251e-09,2.156978081656386,0
2639,739,0.00047658068823323103,0.00016685882004120083,2.1609033498255417,1.4560114185213875e-08,2.1609033352654277,0
1002,419,0.0005238750000000004,2.249999999999999e-05,2.163392647965922,4.221352960157414e-09,2.1633926437445687,0
1341,561,0.0003851250000000001,5.999999999999999e-05,2.1638175872550405,2.172403207948945e-06,2.1638154148518325,0
3481,1301,0.002,-0.0018333333333333333,2.1642192353178342,3.6044118441876554e-08,2.164219199273716,0
4283,1410,0.0004191076616030197,-0.0017055678807356095,2.166305672184323,6.347297876509247e-09,2.166305665837025,0
4202,1408,0.0003352491194219976,-0.001709268843234495,2.168804129366391,2.90809048727778e-08,2.1688041002854863,0
3433,1300,0.0019586220894085822,-0.0018338156596585703,2.1728221237753713,7.285132515831509e-08,2.1728220509240463,0
3733,1364,0.0005435187833675847,-0.0017471359451393734,2.173370883705985,9.259807926297897e-08,2.1733707911079057,0
2194,677,0.0003102206181636503,0.00013125744249047305,2.173789589604972,1.890243106677214e-09,2.173789587714729,0
2370,707,0.00040623743887438605,-0.0001325466043000965,2.1747753768289755,7.728247968619983e-08,2.174775299546496,0
1895,644,0.00039834594430604073,-8.889589096520435e-05,2.175520075926569,3.44733742335527e-07,2.1755197311928267,0
26,29,0.0003296783975958207,5.112748057387042e-05,2.1757267446786406,1.4892329227329729e-16,2.1757267446786406,0
2660,744,0.00044393545274988913,0.00018543937679507767,2.177066490276457,1.3625216594652994e-08,2.1770664766512406,0
3404,1299,0.0019146927158673187,-0.0018343109948123562,2.1787886996670753,1.5975082076411483e-08,2.178788683691993,0
311,143,0.00036637500000000006,-3.7500000000000003e-05,2.1802065493385276,0.0006643243141099803,2.179542225024418,0
146,68,0.0005201250000000004,-6e-05,2.181945757810386,7.193027720452753e-09,2.1819457506173583,0
3883,1384,0.0013738430140100327,-0.001747035302962676,2.182206862894089,7.187926468036283e-08,2.182206791014824,0
2411,710,0.0004269006467537924,-0.00012341315379275108,2.1843560253369483,8.35969419845021e-08,2.1843559417400065,0
2879,811,0.0003712790493015919,-0.00020323805190300341,2.1875513146125423,8.592532335696039e-09,2.18755130602001,0
2670,745,0.00043702586686542613,0.00018841427368462642,2.19143457411651,1.3114535926402649e-08,2.191434561001974,0
1959,652,0.0004765905330907351,7.818663989945569e-05,2.1944353047209373,4.0916124776755385e-08,2.1944352638048126,0
449,199,0.0005426250000000006,-3.0000000000000004e-05,2.1968219512184253,3.040363256462645e-09,2.196821948178062,0
2903,814,0.0003936986217093507,-0.00020074193779418825,2.1988972292687254,4.798547018335494e-09,2.1988972244701785,0
3123,1255,8.021387565745436e-05,-0.0018312838481263913,2.1991968538088305,9.498567254074446e-10,2.199196852858974,0
2045,661,0.0004269006467537924,0.00012341315379275108,2.1993681249366057,4.463506753824434e-08,2.199368080301538,0
1433,582,0.0005426250000000006,5.999999999999999e-05,2.2051833285085523,4.084720561261821e-09,2.2051833244238317,0
2791,761,0.00031890667683076205,0.00019935962852439364,2.2083405359795725,1.1234540087756449e-09,2.2083405348561183,0
637,280,0.00043387500000000023,-7.500000000000006e-06,2.2093323764254067,2.3768783364395315e-07,2.209332138737573,0
1680,621,0.00035437078446752833,9.664989812570138e-05,2.2096124024004413,1.2562936241729608e-07,2.209612276771079,0
697,303,0.00037012500000000007,-6.776263578034403e-21,2.2391229106370076,0.028681444152109256,2.2104414664848986,0
1829,639,0.00036187734641326974,-9.679548773400577e-05,2.212049784793316,3.276111116059559e-07,2.2120494571822045,0
799,340,0.0004113750000000002,7.4999999999999926e-06,2.2140292216411805,2.915922440972005e-06,2.2140263057187397,0
3460,1301,0.002,-0.0018333333333333333,2.2155119249149227,3.6044118441876554e-08,2.2155118888708043,0
1807,637,0.0003468980772863575,-9.592304465781522e-05,2.215546975815282,1.2093927019819104e-07,2.215546854876012,0
4015,1387,0.0015029018387132948,-0.0017473203703996317,2.2156929923194473,2.180477085144828e-08,2.2156929705146764,0
3395,1299,0.0019146927158673187,-0.0018343109948123562,2.217219617887597,1.5975082076411483e-08,2.217219601912515,0
805,341,0.0004188750000000002,7.4999999999999926e-06,2.217286862228146,1.1035670765816388e-06,2.2172857586610695,0
3354,1281,0.0011683063225345087,-0.001835821235010951,2.2180831019488405,3.04051247806275e-08,2.218083071543716,0
2033,660,0.00043342860296878213,0.00011964423651476869,2.2198230448231295,1.374152746961556e-07,2.219822907407855,0
557,252,0.0004601250000000003,-1.5000000000000005e-05,2.222908576697454,3.982799064639215e-08,2.2229085368694634,0
375,167,0.0005463750000000005,-3.7500000000000003e-05,2.223668521730536,2.9683215887676587e-09,2.2236685187622145,0
3374,1282,0.0012103756595647091,-0.0018311249926090982,2.2280951314223474,2.8048161649195223e-08,2.228095103374186,0
4282,1410,0.0004191076616030197,-0.0017055678807356095,2.2282218447178312,6.347297876509247e-09,2.2282218383705334,0
110,61,0.0004676250000000003,-6e-05,2.2291437321034677,4.194828025322652e-08,2.2291436901551873,0
2519,723,0.0005498054557068993,7.3531025277579e-05,2.229446518735296,2.8212094008646687e-09,2.2294465159140864,0
3761,1365,0.0005858232018222758,-0.001752429859975062,2.2403706282877103,1.2900585714593919e-08,2.2403706153871243,0
1039,437,0.0004151250000000002,2.999999999999999e-05,2.241200274791305,1.3212296446604493e-06,2.24119895356166,0
1463,594,0.0003486961444771855,-4.4637915982671575e-05,2.24756793257408,5.494759238390881e-06,2.2475624378148416,0
1545,606,0.00035049791389083905,-6.608846053976122e-05,2.2495265422417163,9.257240905089254e-07,2.2495256165176256,0
3388,1283,0.0012478521718904474,-0.0018324870133428497,2.2508008107065716,6.636637563717846e-09,2.250800804069934,0
3914,1386,0.001455283505559255,-0.001747823274873921,2.255409070807979,3.250126316178113e-08,2.255409038306716,0
1922,648,0.00042365707097667893,-7.294291048408706e-05,2.2577820128514103,1.44746253469961e-07,2.2577818681051567,0
2147,671,0.0003543474732555907,0.00014026600445778972,2.2579535286805568,1.538209714277646e-08,2.25795351329846,0
1699,623,0.00033950416661001666,9.461929871262797e-05,2.2605130047218065,4.618389126633074e-08,2.260512958537915,0
2783,759,0.0003337421080143174,0.00020185005772340985,2.262878305857894,1.5158672724721197e-09,2.2628783043420264,0
3489,1301,0.002,-0.0018333333333333333,2.262963394633419,3.6044118441876554e-08,2.2629633585893005,0
3107,841,0.0005469587483604977,-8.049440419030242e-05,2.264292834007367,3.87256742150957e-09,2.2642928301347993,0
113,61,0.0004676250000000003,-6e-05,2.2644892951161713,4.194828025322652e-08,2.264489253167891,0
373,166,0.0005388750000000004,-3.7500000000000003e-05,2.271442949295581,3.544768891661331e-09,2.2714429457508123,0
142,68,0.0005201250000000004,-6e-05,2.2726724502124998,7.193027720452753e-09,2.2726724430194722,0
4052,1406,0.0002528682826605001,-0.0017101146573470373,2.272775313515033,2.8236642550380505e-09,2.2727753106913684,0
2919,815,0.00040109332316923805,-0.00019935962852439364,2.2735922743182266,1.3289194590176737e-08,2.273592261029032,0
1708,625,0.00032512986484072894,9.031591525967967e-05,2.2741367402194808,6.0560206497547175e-09,2.27413673416346,0
4031,1388,0.0015430996086898707,-0.0017488292043807475,2.27679077201095,3.510913238384681e-09,2.2767907685000366,0
944,398,0.00036637500000000006,2.249999999999999e-05,2.2846320546916745,0.0058053467363364634,2.278826707955338,0
2178,676,0.0003173378387221443,0.00013374020734338335,2.2822464045029025,1.2535618619664699e-09,2.282246403249341,0
2207,678,0.0003032469244494645,0.00012839622845202327,2.282413726880984,1.91534661762075e-09,2.2824137249656373,0
2100,665,0.0003990561266240436,0.00013483739109859555,2.2853732828178304,1.1517645074678549e-07,2.2853731676413798,0
913,386,0.0005126250000000005,1.4999999999999992e-05,2.288457634973913,5.315349098649421e-09,2.288457629658564,0
3858,1383,0.0013348570556488925,-0.0017524623557613741,2.294485810566671,1.63302481798422e-08,2.2944857942364227,0
74,53,0.00040762500000000016,-6e-05,2.2965223667965557,8.045962220568645e-07,2.2965215622003337,0
914,387,0.0005201250000000004,1.4999999999999992e-05,2.2977367448687844,4.3955306162339185e-09,2.297736740473254,0
2596,734,0.0005052559082019142,0.00014259608629591745,2.303933819398379,1.2071616999828138e-08,2.303933807326762,0
2482,717,0.00046753720614419884,-9.023443001343242e-05,2.3040059006657865,2.3675745995681973e-08,2.3040058769900407,0
3203,1279,0.0010853696574508723,-0.0018348853894366581,2.3096318606640485,2.731603399001012e-09,2.309631857932445,0
705,306,0.0003926250000000001,-6.776263578034403e-21,2.3135206772399597,7.247931988004907e-05,2.3134481979200796,0
1427,581,0.0005351250000000004,5.999999999999999e-05,2.3152788288696367,4.766900910275365e-09,2.3152788241027356,0
2451,714,0.0004516700070720543,-0.00010631609882119671,2.317337750203864,8.836640397662698e-08,2.31733766183746,0
4214,1408,0.0003352491194219976,-0.001709268843234495,2.3187167926719425,2.90809048727778e-08,2.3187167635910377,0
4186,1408,0.0003352491194219976,-0.001709268843234495,2.32020460686859,2.90809048727778e-08,2.320204577787685,0
2131,668,0.00037692092142823736,0.00013935632559438542,2.326682609265833,3.0636376729330286e-08,2.3266825786294563,0
3031,833,0.0005153903208829037,-0.00013147916515700845,2.3297664308492076,6.815438516297206e-09,2.329766424033769,0
504,224,0.0004938750000000003,-2.2500000000000005e-05,2.330747216439793,9.901845852401889e-09,2.330747206537947,0
1166,482,0.0005163750000000004,3.749999999999999e-05,2.33249441959385,5.818312589710723e-09,2.3324944137755375,0
3707,1363,0.0004980498508590125,-0.0017495891039972066,2.333717454908205,1.303138308747088e-07,2.333717324594374,0
2926,819,0.0004300110729119618,-0.00019113181933992998,2.3344945452398806,1.4421775978352106e-08,2.334494530818105,0
976,410,0.0004563750000000003,2.249999999999999e-05,2.3362609193040336,5.180286644864282e-08,2.336260867501167,0
1574,611,0.000423657070976679,7.294291048408704e-05,2.3363190002428773,3.343528889673797e-07,2.3363186658899884,0
3348,1281,0.0011683063225345087,-0.001835821235010951,2.3365266568928407,3.04051247806275e-08,2.336526626487716,0
1585,613,0.0004116214895004921,8.190306891057295e-05,2.338044117311639,5.761287149026529e-07,2.338043541182924,0
1305,544,0.0005013750000000004,5.249999999999999e-05,2.338568290433953,1.1091906580631952e-08,2.3385682793420464,0
106,60,0.0004601250000000003,-6e-05,2.340106128620864,4.9795343929851604e-08,2.3401060788255204,0
2780,758,0.00034121870285998014,0.0002026824747535266,2.3504335419037417,1.3750670286002188e-09,2.3504335405286745,0
2646,739,0.00047658068823323103,0.00016685882004120083,2.350872875168716,1.4560114185213875e-08,2.350872860608602,0
1024,430,0.00036262500000000005,2.999999999999999e-05,2.3528499173563637,0.001541738891892167,2.3513081784644716,0
2431,713,0.000445831163023568,-0.00011108336742811969,2.363163469365861,7.649222575895273e-08,2.363163392873635,0
2787,760,0.0003263013782906492,0.00020074193779418822,2.365508426500635,1.7089827936355372e-09,2.3655084247916522,0
3026,833,0.0005153903208829037,-0.00013147916515700845,2.3657559659223346,6.815438516297206e-09,2.365755959106896,0
3729,1363,0.0004980498508590125,-0.0017495891039972066,2.366348054188315,1.303138308747088e-07,2.3663479238744842,0
3784,1365,0.0005858232018222758,-0.001752429859975062,2.36723735010768,1.2900585714593919e-08,2.367237337207094,0
2874,809,0.0003562386043614697,-0.0002035160303202824,2.3677534374435543,2.7376551071689497e-09,2.3677534347058993,0
2284,700,0.0003543474732555907,-0.00014026600445778972,2.367904924976066,1.291702848647408e-08,2.367904912059038,0
4279,1410,0.0004191076616030197,-0.0017055678807356095,2.370101712399117,6.347297876509247e-09,2.3701017060518192,0
140,67,0.0005126250000000005,-6e-05,2.372676852257862,1.0470812848233737e-08,2.372676841787049,0
2816,802,0.0003042956831283605,-0.00019578036616662979,2.3736696001893227,5.142559973308471e-10,2.3736695996750665,0
1539,606,0.00035049791389083905,-6.608846053976122e-05,2.374506668645733,9.257240905089254e-07,2.374505742921642,0
2909,814,0.0003936986217093507,-0.00020074193779418825,2.3769999194552014,4.798547018335494e-09,2.3769999146566545,0
2869,809,0.0003562386043614697,-0.0002035160303202824,2.3782305221802438,2.7376551071689497e-09,2.378230519442589,0
635,279,0.0004263750000000002,-7.500000000000006e-06,2.3884565578596466,4.820939708969954e-07,2.3884560757656756,0
2543,726,0.0005405034812376771,9.40819640290061e-05,2.3907378542609994,3.4190466697932333e-09,2.3907378508419526,0
2495,717,0.00046753720614419884,-9.023443001343242e-05,2.3946153656941265,2.3675745995681973e-08,2.3946153420183807,0
2577,732,0.0005153903208829037,0.00013147916515700845,2.3952189342507113,7.101177484728671e-09,2.395218927149534,0
2070,662,0.00042017979865552633,0.000126826239000174,2.395437685950021,4.46728574133111e-08,2.3954376412771636,0
1612,615,0.00039834594430604073,8.889589096520433e-05,2.396855484845953,5.404606383178633e-07,2.3968549443853147,0
4264,1409,0.0003752823907658263,-0.0017092114270423236,2.3993962272901297,3.208013893465805e-08,2.3993961952099907,0
1698,623,0.00033950416661001666,9.461929871262797e-05,2.402218812394354,4.618389126633074e-08,2.4022187662104626,0
4245,1409,0.0003752823907658263,-0.0017092114270423236,2.404439080144235,3.208013893465805e-08,2.404439048064096,0
395,180,0.00040012500000000014,-3.0000000000000004e-05,2.4064691541853276,7.187846593788432e-06,2.4064619663387337,0
708,307,0.00040012500000000014,-6.776263578034403e-21,2.407827576916813,1.814536230517119e-05,2.407809431554508,0
4154,1407,0.0002931700512453749,-0.0017084410577699741,2.408558149776868,1.2275674944536702e-08,2.408558137501193,0
1082,450,0.0005126250000000005,2.999999999999999e-05,2.4130178732157486,5.978717350452613e-09,2.413017867237031,0
3776,1365,0.0005858232018222758,-0.001752429859975062,2.420956749013039,1.2900585714593919e-08,2.420956736112453,0
3049,837,0.0005330623666938131,-0.0001071556808051344,2.4219649387861946,6.988737771910894e-09,2.421964931797457,0
1602,614,0.00040511939357421766,8.565705574390428e-05,2.430248888285158,4.2811746482642523e-07,2.430248460167693,0
3820,1366,0.000626945333864304,-0.0017488310248700133,2.4351731857012004,5.823364972043562e-09,2.4351731798778355,0
3698,1362,0.00045742028878796543,-0.001747449068702735,2.435433600069661,8.64009075800238e-07,2.435432736060585,0
192,83,0.00039637500000000013,-5.25e-05,2.4379690616609393,3.541226893039106e-06,2.4379655204340462,0
3425,1300,0.0019586220894085822,-0.0018338156596585703,2.4400211069902364,7.285132515831509e-08,2.4400210341389115,0
3338,1281,0.0011683063225345087,-0.001835821235010951,2.4434731452216085,3.04051247806275e-08,2.443473114816484,0
2974,826,0.00047658068823323103,-0.00016685882004120089,2.4436167568253797,1.501028608746256e-08,2.443616741815094,0
1616,616,0.00039134187801685423,9.160009583835657e-05,2.4463903626615453,4.310611809911413e-07,2.4463899316003643,0
1883,643,0.0003913418780168542,-9.160009583835658e-05,2.4488948453770534,4.3674982910749494e-07,2.448894408627224,0
957,402,0.00039637500000000013,2.249999999999999e-05,2.449937856309491,1.8720618119637052e-05,2.4499191356913714,0
9,21,0.00035509006922498004,-2.094947116814311e-05,2.4535513957946096,0.003522442228470103,2.4500289535661395,0
2585,733,0.0005104258463483998,0.0001371312781419443,2.4503140894936846,1.1154246138679001e-08,2.4503140783394386,0
1377,567,0.0004301250000000002,5.999999999999999e-05,2.4511805292910576,3.7160972673562206e-07,2.451180157681331,0
3160,1279,0.0010853696574508723,-0.0018348853894366581,2.4551968112084572,2.731603399001012e-09,2.455196808476854,0
3084,839,0.0005405034812376771,-9.408196402900622e-05,2.458775022202212,3.984490126884458e-09,2.4587750182177217,0
2374,708,0.00041328543661888856,-0.00012987365132883328,2.463248741815675,9.807531348419076e-08,2.4632486437403616,0
2189,677,0.0003102206181636503,0.00013125744249047305,2.465604331190144,1.890243106677214e-09,2.465604329299901,0
2817,802,0.0003042956831283605,-0.00019578036616662979,2.466359150433085,5.142559973308471e-10,2.4663591499188287,0
788,336,0.0003813750000000001,7.4999999999999926e-06,2.468277239319881,0.0007289379422381506,2.4675483013776427,0
1498,599,0.00035049791389083905,6.608846053976123e-05,2.469757510967447,9.765684729121883e-07,2.4697565343989742,0
1751,627,0.00031159315421549485,8.384311633291435e-05,2.470831894773908,8.779130966173827e-10,2.4708318938959946,0
2186,677,0.0003102206181636503,0.00013125744249047305,2.4722786449061926,1.890243106677214e-09,2.4722786430159496,0
4153,1407,0.0002931700512453749,-0.0017084410577699741,2.473120896315772,1.2275674944536702e-08,2.473120884040097,0
460,209,0.0003813750000000001,-2.2500000000000005e-05,2.4736833280388923,0.0003034166671051728,2.4733799113717874,0
3950,1386,0.001455283505559255,-0.001747823274873921,2.4744178802262864,3.250126316178113e-08,2.4744178477250234,0
1037,435,0.00040012500000000014,2.999999999999999e-05,2.4768005324254516,7.176817873466283e-06,2.4767933556075783,0
789,336,0.0003813750000000001,7.4999999999999926e-06,2.477889214220276,0.0007289379422381506,2.477160276278038,0
2071,662,0.00042017979865552633,0.000126826239000174,2.4774924505036475,4.46728574133111e-08,2.47749240583079,0
318,147,0.00039637500000000013,-3.7500000000000003e-05,2.480593454486523,7.519600386518392e-06,2.4805859348861365,0
955,401,0.0003888750000000001,2.249999999999999e-05,2.4815745267473397,6.780408216308079e-05,2.4815067226651766,0
128,66,0.0005051250000000004,-6e-05,2.48164351931869,1.1768282317559068e-08,2.4816435075504075,0
2111,666,0.0003917622054501175,0.00013673940679297052,2.483575165206288,4.235101707239463e-08,2.483575122855271,0
2887,812,0.00037878129714001986,-0.0002026824747535266,2.4857411674923706,7.692773178424875e-09,2.4857411597995975,0
2638,739,0.00047658068823323103,0.00016685882004120083,2.487034977846567,1.4560114185213875e-08,2.487034963286453,0
4327,1431,0.0012933998027881317,-0.001710610546743135,2.487575709014887,3.603961414914697e-09,2.4875757054109253,0
1326,558,0.00036262500000000005,5.999999999999999e-05,2.488616576722372,6.821529097361687e-06,2.488609755193275,0
367,164,0.0005238750000000004,-3.7500000000000003e-05,2.4894394210168547,4.797882026308367e-09,2.4894394162189726,0
1853,642,0.0003841493179854505,-9.375340695706517e-05,2.490344158620443,1.714583663396239e-07,2.4903439871620767,0
3821,1366,0.000626945333864304,-0.0017488310248700133,2.4917542957175183,5.823364972043562e-09,2.4917542898941534,0
3927,1386,0.001455283505559255,-0.001747823274873921,2.492340124663997,3.250126316178113e-08,2.492340092162734,0
1104,464,0.0003813750000000001,3.749999999999999e-05,2.4977160860805587,3.97314988619741e-05,2.4976763545816967,0
548,248,0.0004301250000000002,-1.5000000000000005e-05,2.49805689242633,3.353063570656788e-07,2.498056557119973,0
1072,446,0.00048262500000000036,2.999999999999999e-05,2.5021811772978433,1.6304428867653282e-08,2.5021811609934144,0
3801,1365,0.0005858232018222758,-0.001752429859975062,2.504702185588739,1.2900585714593919e-08,2.504702172688153,0
984,414,0.00048637500000000037,2.249999999999999e-05,2.50616779173951,1.3012023287503473e-08,2.5061677787274865,0
2900,814,0.0003936986217093507,-0.00020074193779418825,2.506447806618643,4.798547018335494e-09,2.506447801820096,0
1763,632,0.0003115931542154948,-8.38431163329143e-05,2.507687352492133,1.1820845718733618e-09,2.5076873513100484,0
3652,1318,0.0006654805645827595,-0.0017913884242686483,2.5082507921287136,1.3505968375492156e-08,2.5082507786227453,0
4064,1406,0.0002528682826605001,-0.0017101146573470373,2.515008690365411,2.8236642550380505e-09,2.5150086875417466,0
1506,599,0.00035049791389083905,6.608846053976123e-05,2.5173196534418016,9.765684729121883e-07,2.517318676873329,0
840,354,0.0005163750000000004,7.4999999999999926e-06,2.519880781455794,4.670719666266777e-09,2.519880776785074,0
893,377,0.00044512500000000026,1.4999999999999992e-05,2.5219448955396437,1.0098984115685355e-07,2.5219447945498024,0
1702,624,0.0003322335202873134,9.274650117165844e-05,2.5228062009877603,5.9113168262221504e-08,2.522806141874592,0
184,82,0.0003888750000000001,-5.25e-05,2.5247318971182495,6.703792878923332e-06,2.5247251933253705,0
760,323,0.0005201250000000004,-6.776263578034403e-21,2.526408289241587,4.216326218426786e-09,2.5264082850252607,0
1348,561,0.0003851250000000001,5.999999999999999e-05,2.5286124302261457,2.172403207948945e-06,2.5286102578229377,0
1481,596,0.000373259500818198,6.543821433225156e-05,2.529473707522394,2.4590144443267836e-06,2.5294712485079494,0
3070,839,0.0005405034812376771,-9.408196402900622e-05,2.5304108249476105,3.984490126884458e-09,2.5304108209631204,0
44,47,0.00036262500000000005,-6e-05,2.5309335339635908,6.907799862686476e-06,2.530926626163728,0
3896,1385,0.0014197734752504174,-0.0017467174082457623,2.5312981606130998,1.6766268000891533e-07,2.5312979929504196,0
2917,815,0.00040109332316923805,-0.00019935962852439364,2.5368307361836346,1.3289194590176737e-08,2.53683072289444,0
2827,804,0.00031890667683076194,-0.0001993596285243936,2.5370262900456986,1.2419263853748193e-09,2.537026288803772,0
3687,1361,0.00041540645613897707,-0.0017497865928541032,2.541963670009614,8.572315711959396e-08,2.541963584286457,0
95,58,0.00044512500000000026,-6e-05,2.54883150824885,1.1757162675259048e-07,2.5488313906772233,0
2271,700,0.0003543474732555907,-0.00014026600445778972,2.5488789384790747,1.291702848647408e-08,2.5488789255620463,0
996,417,0.0005088750000000003,2.249999999999999e-05,2.554154925188728,6.212347461521538e-09,2.5541549189763804,0
716,309,0.0004151250000000002,-6.776263578034403e-21,2.559466594980408,1.7965497729040099e-06,2.559464798430635,0
3722,1363,0.0004980498508590125,-0.0017495891039972066,2.5614654668697967,1.303138308747088e-07,2.561465336555966,0
1414,578,0.0005126250000000005,5.999999999999999e-05,2.562904576036321,1.0369805851165406e-08,2.562904565666515,0
4200,1408,0.0003352491194219976,-0.001709268843234495,2.563255645859215,2.90809048727778e-08,2.56325561677831,0
1430,581,0.0005351250000000004,5.999999999999999e-05,2.565037017653311,4.766900910275365e-09,2.56503701288641,0
2921,818,0.0004229006522542549,-0.00019358830192050592,2.5688641474536795,1.6803079477006042e-08,2.5688641306506,0
1742,627,0.00031159315421549485,8.384311633291435e-05,2.5718393302216858,8.779130966173827e-10,2.5718393293437725,0
2953,823,0.00045740140625132584,-0.0001787341286792756,2.5741981561162643,1.3182417654261962e-08,2.5741981429338465,0
3517,1302,0.0,-0.0017916666666666667,2.5755113601319235,2.1460700857017973e-08,2.5755113386712227,0
468,211,0.00039637500000000013,-2.2500000000000005e-05,2.580598079804581,1.877865369113425e-05,2.5805793011508897,0
4226,1408,0.0003352491194219976,-0.001709268843234495,2.5850799697791746,2.90809048727778e-08,2.58507994069827,0
2511,720,0.00048061924806390346,-7.181573686628488e-05,2.587698915187323,3.0008580990091405e-08,2.587698885178742,0
2991,826,0.00047658068823323103,-0.00016685882004120089,2.593810450038481,1.501028608746256e-08,2.593810435028195,0
3126,1255,8.021387565745436e-05,-0.0018312838481263913,2.593823424371789,9.498567254074446e-10,2.593823423421932,0
1153,478,0.00048637500000000037,3.749999999999999e-05,2.597335509962332,1.5571849115312756e-08,2.597335494390483,0
1541,606,0.00035049791389083905,-6.608846053976122e-05,2.604224211730073,9.257240905089254e-07,2.604223286005982,0
3759,1365,0.0005858232018222758,-0.001752429859975062,2.613360289381983,1.2900585714593919e-08,2.613360276481397,0
838,354,0.0005163750000000004,7.4999999999999926e-06,2.614700298223373,4.670719666266777e-09,2.6147002935526533,0
4019,1387,0.0015029018387132948,-0.0017473203703996317,2.6176943395225325,2.180477085144828e-08,2.6176943177177616,0
958,402,0.00039637500000000013,2.249999999999999e-05,2.6194520459589508,1.8720618119637052e-05,2.619433325340831,0
1112,468,0.0004113750000000002,3.749999999999999e-05,2.6250581717723667,1.6259441978384376e-06,2.6250565458281687,0
3163,1279,0.0010853696574508723,-0.0018348853894366581,2.627602604618754,2.731603399001012e-09,2.627602601887151,0
1164,481,0.0005088750000000003,3.749999999999999e-05,2.6288877951728176,7.211410989744806e-09,2.6288877879614065,0
3288,1281,0.0011683063225345087,-0.001835821235010951,2.632766057806218,3.04051247806275e-08,2.6327660274010936,0
3075,839,0.0005405034812376771,-9.408196402900622e-05,2.6330501494600367,3.984490126884458e-09,2.6330501454755466,0
3822,1366,0.000626945333864304,-0.0017488310248700133,2.6463350280237004,5.823364972043562e-09,2.6463350222003355,0
1683,621,0.00035437078446752833,9.664989812570138e-05,2.647851066318591,1.2562936241729608e-07,2.6478509406892283,0
1783,634,0.0003251298648407288,-9.031591525967964e-05,2.649750503102089,5.589535660989452e-09,2.6497504975125534,0
3689,1361,0.00041540645613897707,-0.0017497865928541032,2.6519024583237987,8.572315711959396e-08,2.6519023726006417,0
1149,477,0.00047887500000000035,3.749999999999999e-05,2.6604130012085707,2.0756951122487674e-08,2.6604129804516194,0
127,65,0.0004976250000000005,-6e-05,2.6670071733041145,1.2501529383512628e-08,2.667007160802585,0
3558,1302,0.0,-0.0017916666666666667,2.6755539263908608,2.1460700857017973e-08,2.67555390493016,0
383,169,0.0005613750000000006,-3.7500000000000003e-05,2.6775330710845284,1.843840321726456e-09,2.6775330692406882,0
4280,1410,0.0004191076616030197,-0.0017055678807356095,2.6814946026109827,6.347297876509247e-09,2.681494596263685,0
2775,757,0.0003487209506984081,0.00020323805190300341,2.683425374046041,2.630770096533511e-09,2.6834253714152707,0
2055,661,0.0004269006467537924,0.00012341315379275108,2.6868587866931515,4.463506753824434e-08,2.686858742058084,0
1446,590,0.00035617217565788145,3.152496970101228e-05,2.687820087744368,2.664146419086361e-05,2.6877934462801774,0
3352,1281,0.0011683063225345087,-0.001835821235010951,2.688791965375563,3.04051247806275e-08,2.6887919349704386,0
1019,430,0.00036262500000000005,2.999999999999999e-05,2.6906550094781405,0.001541738891892167,2.6891132705862484,0
1538,606,0.00035049791389083905,-6.608846053976122e-05,2.693830247991441,9.257240905089254e-07,2.69382932226735,0
1065,443,0.0004601250000000003,2.999999999999999e-05,2.6995939862786433,4.47242077314692e-08,2.6995939415544354,0
99,59,0.0004526250000000003,-6e-05,2.711447419906674,5.974883135408689e-08,2.711447360157843,0
650,283,0.0004563750000000003,-7.500000000000006e-06,2.720050811511712,4.743887140820432e-08,2.7200507640728406,0
2335,705,0.0003917622054501175,-0.00013673940679297052,2.7217839888567728,3.669571335376032e-08,2.7217839521610596,0
3379,1282,0.0012103756595647091,-0.0018311249926090982,2.725997452943766,2.8048161649195223e-08,2.7259974248956045,0
3027,833,0.0005153903208829037,-0.00013147916515700845,2.733707217261242,6.815438516297206e-09,2.733707210445804,0
3237,1280,0.0011235544737104631,-0.0018311701190403204,2.7443056333286004,1.3513546574396908e-08,2.7443056198150537,0
2196,677,0.0003102206181636503,0.00013125744249047305,2.7445641868489177,1.890243106677214e-09,2.7445641849586746,0
2307,703,0.0003769209214282374,-0.00013935632559438542,2.753768497999506,3.4203613114510965e-08,2.753768463795893,0
2400,710,0.0004269006467537924,-0.00012341315379275108,2.7558264093046363,8.35969419845021e-08,2.7558263257076945,0
3102,840,0.0005438566778523642,-8.734783742925543e-05,2.758893543616265,4.245688653758997e-09,2.7588935393705762,0
3619,1317,0.0006264091269581266,-0.001793554870120426,2.7595446808547996,7.340702519687142e-08,2.7595446074477743,0
1595,614,0.00040511939357421766,8.565705574390428e-05,2.7616925205927942,4.2811746482642523e-07,2.761692092475329,0
899,382,0.00048262500000000036,1.4999999999999992e-05,2.761951385703784,1.4068431796290842e-08,2.761951371635352,0
2846,808,0.0003487209506984081,-0.00020323805190300341,2.763305457078729,1.1655154774778041e-09,2.7633054559132133,0
651,284,0.0004638750000000003,-7.500000000000006e-06,2.764190192647423,3.1374375720998644e-08,2.7641901612730475,0
3521,1302,0.0,-0.0017916666666666667,2.7667571111520335,2.1460700857017973e-08,2.7667570896913327,0
484,216,0.00043387500000000023,-2.2500000000000005e-05,2.7671261962027263,2.4640169703561016e-07,2.7671259498010294,0
3636,1318,0.0006654805645827595,-0.0017913884242686483,2.768298681629103,1.3505968375492156e-08,2.7682986681231347,0
4062,1406,0.0002528682826605001,-0.0017101146573470373,2.772802971110234,2.8236642550380505e-09,2.7728029682865696,0
1711,625,0.00032512986484072894,9.031591525967967e-05,2.773104315025651,6.0560206497547175e-09,2.7731043089696303,0
1007,421,0.0005388750000000004,2.249999999999999e-05,2.786765150961075,3.072468659352567e-09,2.7867651478886066,0
3302,1281,0.0011683063225345087,-0.001835821235010951,2.7870501596019346,3.04051247806275e-08,2.78705012919681,0
3812,1366,0.000626945333864304,-0.0017488310248700133,2.796533651935053,5.823364972043562e-09,2.7965336461116883,0
1608,615,0.00039834594430604073,8.889589096520433e-05,2.8019756125861752,5.404606383178633e-07,2.8019750721255368,0
181,80,0.0003738750000000001,-5.25e-05,2.8022474075227115,2.746318836985029e-05,2.802219944334342,0
1464,594,0.0003486961444771855,-4.4637915982671575e-05,2.8042476483705663,5.494759238390881e-06,2.804242153611328,0
30,30,0.00031661055043433607,6.0578213238823295e-05,2.8108202257347825,1.017085796253868e-08,2.8108202155639246,0
194,84,0.00040387500000000015,-5.25e-05,2.8123305817801727,1.9629875065626085e-06,2.812328618792666,0
49,49,0.0003776250000000001,-6e-05,2.817590552765651,1.1640820726150033e-05,2.817578911944925,0
3674,1361,0.00041540645613897707,-0.0017497865928541032,2.8222656875194345,8.572315711959396e-08,2.8222656017962775,0
1388,571,0.0004601250000000003,5.999999999999999e-05,2.8239555459472134,5.450793060788647e-08,2.823955491439283,0
2642,739,0.00047658068823323103,0.00016685882004120083,2.824586772837095,1.4560114185213875e-08,2.824586758276981,0
3826,1366,0.000626945333864304,-0.0017488310248700133,2.826001941799111,5.823364972043562e-09,2.826001935975746,0
2425,712,0.0004397448455128243,-0.00011553035393040541,2.8296947422292953,9.706519894408578e-08,2.8296946451640963,0
699,303,0.00037012500000000007,-6.776263578034403e-21,2.860049516340533,0.028681444152109256,2.831368072188424,0
4157,1407,0.0002931700512453749,-0.0017084410577699741,2.841071964559074,1.2275674944536702e-08,2.8410719522833987,0
2812,802,0.0003042956831283605,-0.00019578036616662979,2.841959062344722,5.142559973308471e-10,2.8419590618304658,0
2963,824,0.00046393938099558276,-0.00017501293601540074,2.8442080211292264,1.395304283595456e-08,2.8442080071761837,0
3956,1386,0.001455283505559255,-0.001747823274873921,2.8443046872486026,3.250126316178113e-08,2.8443046547473396,0
430,192,0.0004901250000000003,-3.0000000000000004e-05,2.848471138982005,1.222980719584825e-08,2.8484711267521976,0
3510,1301,0.002,-0.0018333333333333333,2.84954996537098,3.6044118441876554e-08,2.849549929326862,0
1331,560,0.0003776250000000001,5.999999999999999e-05,2.85270046078339,1.0982779020837966e-05,2.8526894780043692,0
109,61,0.0004676250000000003,-6e-05,2.8531607937034127,4.194828025322652e-08,2.8531607517551323,0
1314,549,0.0005388750000000004,5.249999999999999e-05,2.854440620278742,3.9933405577529976e-09,2.8544406162854012,0
2615,736,0.0004943281581209462,0.00015293419705974772,2.855538330018702,1.39298703782177e-08,2.8555383160888312,0
1064,443,0.0004601250000000003,2.999999999999999e-05,2.8566541942978003,4.47242077314692e-08,2.8566541495735924,0
2786,760,0.0003263013782906492,0.00020074193779418822,2.856929101166727,1.7089827936355372e-09,2.8569290994577443,0
1579,611,0.000423657070976679,7.294291048408704e-05,2.862736964525993,3.343528889673797e-07,2.862736630173104,0
1261,528,0.0003813750000000001,5.249999999999999e-05,2.8631776008498484,1.3062747899254297e-05,2.863164538101949,0
2583,733,0.0005104258463483998,0.0001371312781419443,2.8638927317575886,1.1154246138679001e-08,2.8638927206033427,0
1732,626,0.0003182359224899663,8.734215880635978e-05,2.869991954698517,7.3320827800480875e-09,2.869991947366434,0
79,53,0.00040762500000000016,-6e-05,2.8720287755763594,8.045962220568645e-07,2.8720279709801373,0
1397,572,0.0004676250000000003,5.999999999999999e-05,2.8759497618686853,4.512235952656635e-08,2.8759497167463257,0
4080,1406,0.0002528682826605001,-0.0017101146573470373,2.8797010367945557,2.8236642550380505e-09,2.8797010339708913,0
4250,1409,0.0003752823907658263,-0.0017092114270423236,2.8828587971235025,3.208013893465805e-08,2.8828587650433635,0
3360,1282,0.0012103756595647091,-0.0018311249926090982,2.9043952370282584,2.8048161649195223e-08,2.904395208980097,0
2097,665,0.0003990561266240436,0.00013483739109859555,2.90525712350938,1.1517645074678549e-07,2.905257008332929,0
472,213,0.0004113750000000002,-2.2500000000000005e-05,2.9092092547466066,2.2937548244611095e-06,2.9092069609917823,0
692,295,0.0005463750000000005,-7.500000000000006e-06,2.9093186981112247,2.4522503291512644e-09,2.9093186956589743,0
394,180,0.00040012500000000014,-3.0000000000000004e-05,2.9097304065744187,7.187846593788432e-06,2.909723218727825,0
2968,824,0.00046393938099558276,-0.00017501293601540074,2.911735079135997,1.395304283595456e-08,2.9117350651829543,0
1814,638,0.0003543707844675283,-9.664989812570138e-05,2.92132597848317,9.977164192353979e-08,2.921325878711528,0
4185,1408,0.0003352491194219976,-0.001709268843234495,2.9331354406426446,2.90809048727778e-08,2.93313541156174,0
2789,760,0.0003263013782906492,0.00020074193779418822,2.936812164139906,1.7089827936355372e-09,2.936812162430923,0
1478,595,0.00035619747382519424,-4.588966645821942e-05,2.93855371932202,1.0774866923788777e-05,2.9385429444550963,0
581,259,0.0005126250000000005,-1.5000000000000005e-05,2.9404639841778217,5.302398974856936e-09,2.9404639788754228,0
3080,839,0.0005405034812376771,-9.408196402900622e-05,2.945999534697307,3.984490126884458e-09,2.945999530712817,0
505,224,0.0004938750000000003,-2.2500000000000005e-05,2.9462082298252192,9.901845852401889e-09,2.9462082199233732,0
336,150,0.0004188750000000002,-3.7500000000000003e-05,2.94989593504176,8.309725426699295e-07,2.9498951040692174,0
94,58,0.00044512500000000026,-6e-05,2.950551304179473,1.1757162675259048e-07,2.9505511866078464,0
2390,709,0.0004201797986555263,-0.00012682623900017403,2.959394205623061,9.52794943683815e-08,2.9593941103435664,0
4239,1409,0.0003752823907658263,-0.0017092114270423236,2.963477871942696,3.208013893465805e-08,2.963477839862557,0
164,70,0.0005351250000000004,-6e-05,2.9690322289606983,4.579765846141596e-09,2.9690322243809324,0
2842,808,0.0003487209506984081,-0.00020323805190300341,2.970929524507104,1.1655154774778041e-09,2.970929523341588,0
1810,638,0.0003543707844675283,-9.664989812570138e-05,2.972339477699718,9.977164192353979e-08,2.972339377928076,0
4262,1409,0.0003752823907658263,-0.0017092114270423236,2.9731951027343553,3.208013893465805e-08,2.9731950706542163,0
967,407,0.00043387500000000023,2.249999999999999e-05,2.9760463129326067,2.468966415927852e-07,2.976046066035965,0
712,308,0.00040762500000000016,-6.776263578034403e-21,2.981505743475881,5.24309112546033e-06,2.981500500384756,0
3915,1386,0.001455283505559255,-0.001747823274873921,2.982067443201254,3.250126316178113e-08,2.982067410699991,0
136,67,0.0005126250000000005,-6e-05,2.9849838459996905,1.0470812848233737e-08,2.984983835528878,0
559,252,0.0004601250000000003,-1.5000000000000005e-05,2.9891836082150873,3.982799064639215e-08,2.9891835683870966,0
992,416,0.0005013750000000004,2.249999999999999e-05,3.0026618683358577,7.781579743961342e-09,3.002661860554278,0
2990,826,0.00047658068823323103,-0.00016685882004120089,3.006940311779199,1.501028608746256e-08,3.006940296768913,0
542,247,0.0004226250000000002,-1.5000000000000005e-05,3.013691059153193,6.993086846589483e-07,3.0136903598445084,0
2971,825,0.0004703353870478569,-0.00017105269673254288,3.0143843629333933,1.4122409247122126e-08,3.014384348810984,0
3294,1281,0.0011683063225345087,-0.001835821235010951,3.0168784883554696,3.04051247806275e-08,3.016878457950345,0
2860,809,0.0003562386043614697,-0.0002035160303202824,3.0223927510061386,2.7376551071689497e-09,3.0223927482684836,0
3589,1316,0.0005843082459749532,-0.0017931415468221683,3.0227495915097173,1.6759312591280528e-07,3.0227494239165913,0
2614,736,0.0004943281581209462,0.00015293419705974772,3.026276734737561,1.39298703782177e-08,3.0262767208076906,0
1182,488,0.0005613750000000006,3.749999999999999e-05,3.0305773268939316,1.8112047365114987e-09,3.030577325082727,0
392,179,0.0003926250000000001,-3.0000000000000004e-05,3.048787211089565,1.9721553177643056e-05,3.048767489536387,0
898,381,0.00047512500000000034,1.4999999999999992e-05,3.049473825442196,1.9140358918043233e-08,3.0494738063018367,0
3851,1383,0.0013348570556488925,-0.0017524623557613741,3.0504465728919232,1.63302481798422e-08,3.050446556561675,0
25,28,0.00033537279169846044,4.626701118018792e-05,3.0509509556153103,4.813700262333484e-06,3.050946141915048,0
499,223,0.00048637500000000037,-2.2500000000000005e-05,3.0585563398988507,1.2943416680161535e-08,3.058556326955434,0
629,277,0.0004113750000000002,-7.500000000000006e-06,3.0610732177683326,2.912082372846733e-06,3.0610703056859596,0
2898,814,0.0003936986217093507,-0.00020074193779418825,3.061158867009538,4.798547018335494e-09,3.0611588622109913,0
956,402,0.00039637500000000013,2.249999999999999e-05,3.0673678049299733,1.8720618119637052e-05,3.0673490843118536,0
189,83,0.00039637500000000013,-5.25e-05,3.070016266825545,3.541226893039106e-06,3.070012725598652,0
3213,1280,0.0011235544737104631,-0.0018311701190403204,3.071185995792624,1.3513546574396908e-08,3.0711859822790775,0
2315,703,0.0003769209214282374,-0.00013935632559438542,3.072535989935034,3.4203613114510965e-08,3.072535955731421,0
3754,1364,0.0005435187833675847,-0.0017471359451393734,3.085167337302114,9.259807926297897e-08,3.0851672447040346,0
144,68,0.0005201250000000004,-6e-05,3.0860903112247997,7.193027720452753e-09,3.086090304031772,0
539,245,0.00040762500000000016,-1.5000000000000005e-05,3.0896732361809915,4.457966858888021e-06,3.0896687782141328,0
3211,1279,0.0010853696574508723,-0.0018348853894366581,3.0929222776448397,2.731603399001012e-09,3.0929222749132363,0
2325,704,0.000384376705615542,-0.00013824716737959644,3.0936779048194922,2.7173621889311787e-08,3.09367787764587,0
2732,753,0.00037878129714001996,0.00020268247475352657,3.1070618006700026,6.678631917872048e-09,3.1070617939913707,0
3940,1386,0.001455283505559255,-0.001747823274873921,3.115540464269296,3.250126316178113e-08,3.115540431768033,0
1575,611,0.000423657070976679,7.294291048408704e-05,3.117567781808635,3.343528889673797e-07,3.117567447455746,0
2424,711,0.00043342860296878213,-0.00011964423651476868,3.1242566174612176,1.1291017372352702e-07,3.124256504551044,0
3600,1316,0.0005843082459749532,-0.0017931415468221683,3.1343047492222267,1.6759312591280528e-07,3.1343045816291006,0
1947,649,0.0004291181731234339,-6.779062633800117e-05,3.140494871318719,1.9769346161496606e-07,3.1404946736252572,0
2918,815,0.00040109332316923805,-0.00019935962852439364,3.1417461038305454,1.3289194590176737e-08,3.141746090541351,0
2408,710,0.0004269006467537924,-0.00012341315379275108,3.146072194693463,8.35969419845021e-08,3.146072111096521,0
1725,625,0.00032512986484072894,9.031591525967967e-05,3.1524008392868432,6.0560206497547175e-09,3.1524008332308227,0
3023,832,0.0005104258463483998,-0.00013713127814194426,3.155002380078055,1.0633194785680474e-08,3.15500236944486,0
826,348,0.00047137500000000033,7.4999999999999926e-06,3.155397102957647,2.173898157039657e-08,3.1553970812186654,0
2448,714,0.0004516700070720543,-0.00010631609882119671,3.16661878474437,8.836640397662698e-08,3.166618696377966,0
961,404,0.0004113750000000002,2.249999999999999e-05,3.17018824264715,2.3060987684802376e-06,3.1701859365483815,0
2609,736,0.0004943281581209462,0.00015293419705974772,3.173109158981728,1.39298703782177e-08,3.1731091450518574,0
145,68,0.0005201250000000004,-6e-05,3.187289044709053,7.193027720452753e-09,3.1872890375160257,0
3788,1365,0.0005858232018222758,-0.001752429859975062,3.1923229470874968,1.2900585714593919e-08,3.192322934186911,0
3662,1318,0.0006654805645827595,-0.0017913884242686483,3.1998581276425884,1.3505968375492156e-08,3.19985811413662,0
1667,621,0.00035437078446752833,9.664989812570138e-05,3.2037723468807533,1.2562936241729608e-07,3.203772221251391,0
4049,1406,0.0002528682826605001,-0.0017101146573470373,3.206791078966598,2.8236642550380505e-09,3.2067910761429337,0
1128,472,0.00044137500000000025,3.749999999999999e-05,3.207271001697392,1.53152978169985e-07,3.2072708485444137,0
655,285,0.00047137500000000033,-7.500000000000006e-06,3.2156243738574988,2.1739289002852734e-08,3.2156243521182097,0
219,96,0.0004938750000000003,-5.25e-05,3.2208932597796354,1.4153289192408253e-08,3.220893245626346,0
3391,1283,0.0012478521718904474,-0.0018324870133428497,3.225027892282279,6.636637563717846e-09,3.2250278856456416,0
2665,744,0.00044393545274988913,0.00018543937679507767,3.2321518938407405,1.3625216594652994e-08,3.232151880215524,0
2669,745,0.00043702586686542613,0.00018841427368462642,3.2338751567721498,1.3114535926402649e-08,3.2338751436576136,0
3376,1282,0.0012103756595647091,-0.0018311249926090982,3.2429782328818066,2.8048161649195223e-08,3.242978204833645,0
3682,1361,0.00041540645613897707,-0.0017497865928541032,3.2470664102996865,8.572315711959396e-08,3.2470663245765294,0
2188,677,0.0003102206181636503,0.00013125744249047305,3.2507064259265506,1.890243106677214e-09,3.2507064240363075,0
3741,1364,0.0005435187833675847,-0.0017471359451393734,3.2606225002557463,9.259807926297897e-08,3.260622407657667,0
3844,1383,0.0013348570556488925,-0.0017524623557613741,3.2636712518687436,1.63302481798422e-08,3.2636712355384954,0
393,180,0.00040012500000000014,-3.0000000000000004e-05,3.273607149374013,7.187846593788432e-06,3.273599961527419,0
1325,558,0.00036262500000000005,5.999999999999999e-05,3.2743823399128513,6.821529097361687e-06,3.274375518383754,0
701,304,0.0003776250000000001,-6.776263578034403e-21,3.2765710574103424,0.001954825344487819,3.2746162320658545,0
3386,1283,0.0012478521718904474,-0.0018324870133428497,3.279653963123469,6.636637563717846e-09,3.2796539564868317,0
963,404,0.0004113750000000002,2.249999999999999e-05,3.2869129372035,2.3060987684802376e-06,3.286910631104732,0
2314,703,0.0003769209214282374,-0.00013935632559438542,3.2887615503830245,3.4203613114510965e-08,3.2887615161794113,0
2513,721,0.0004843001865199919,-6.523777047266544e-05,3.2931173821606494,1.6923775858866647e-08,3.2931173652368737,0
1078,449,0.0005051250000000004,2.999999999999999e-05,3.303752254262161,7.451373712501037e-09,3.303752246810787,0
3358,1282,0.0012103756595647091,-0.0018311249926090982,3.352597362013027,2.8048161649195223e-08,3.3525973339648654,0
2961,824,0.00046393938099558276,-0.00017501293601540074,3.359868051465491,1.395304283595456e-08,3.3598680375124483,0
4219,1408,0.0003352491194219976,-0.001709268843234495,3.3614675376188856,2.90809048727778e-08,3.361467508537981,0
2613,736,0.0004943281581209462,0.00015293419705974772,3.370361543524758,1.39298703782177e-08,3.3703615295948874,0
2409,710,0.0004269006467537924,-0.00012341315379275108,3.3809574474530595,8.35969419845021e-08,3.3809573638561177,0
2385,708,0.00041328543661888856,-0.00012987365132883328,3.3841117469612323,9.807531348419076e-08,3.3841116488859186,0
1328,558,0.00036262500000000005,5.999999999999999e-05,3.3896511818183095,6.821529097361687e-06,3.3896443602892123,0
1327,558,0.00036262500000000005,5.999999999999999e-05,3.3935406297177653,6.821529097361687e-06,3.393533808188668,0
1761,632,0.0003115931542154948,-8.38431163329143e-05,3.437465514540309,1.1820845718733618e-09,3.4374655133582244,0
1939,648,0.00042365707097667893,-7.294291048408706e-05,3.4382932260088888,1.44746253469961e-07,3.438293081262635,0
2187,677,0.0003102206181636503,0.00013125744249047305,3.439970631107564,1.890243106677214e-09,3.439970629217321,0
1741,627,0.00031159315421549485,8.384311633291435e-05,3.446122977689798,8.779130966173827e-10,3.4461229768118846,0
2287,700,0.0003543474732555907,-0.00014026600445778972,3.447852510488067,1.291702848647408e-08,3.4478524975710387,0
3798,1365,0.0005858232018222758,-0.001752429859975062,3.453788963129486,1.2900585714593919e-08,3.4537889502289,0
888,375,0.0004301250000000002,1.4999999999999992e-05,3.4591407324434833,3.360201242780723e-07,3.459140396423359,0
2580,732,0.0005153903208829037,0.00013147916515700845,3.4721256044855386,7.101177484728671e-09,3.472125597384361,0
3429,1300,0.0019586220894085822,-0.0018338156596585703,3.4801763286846104,7.285132515831509e-08,3.4801762558332854,0
2316,704,0.000384376705615542,-0.00013824716737959644,3.495162616451248,2.7173621889311787e-08,3.495162589277626,0
3797,1365,0.0005858232018222758,-0.001752429859975062,3.49619109771648,1.2900585714593919e-08,3.496191084815894,0
4340,1432,0.001331330508901036,-0.0017097630929053104,3.501149474543629,5.977987489325365e-09,3.5011494685656417,0
822,348,0.00047137500000000033,7.4999999999999926e-06,3.5012384486210975,2.173898157039657e-08,3.5012384268821157,0
3780,1365,0.0005858232018222758,-0.001752429859975062,3.5190425718815543,1.2900585714593919e-08,3.5190425589809684,0
12,22,0.00035877041748240114,-1.051063473049791e-05,3.5259976111849634,0.0051648730876020475,3.5208327380973614,0
4160,1407,0.0002931700512453749,-0.0017084410577699741,3.529568228888699,1.2275674944536702e-08,3.529568216613024,0
1954,651,0.00048061924806390346,7.181573686628486e-05,3.540002065072036,2.9335247000969972e-08,3.540002035736789,0
3783,1365,0.0005858232018222758,-0.001752429859975062,3.55712892008785,1.2900585714593919e-08,3.557128907187264,0
784,335,0.0003738750000000001,7.4999999999999926e-06,3.5704642179907244,0.005883496884753185,3.5645807211059712,0
1022,430,0.00036262500000000005,2.999999999999999e-05,3.5678068665290628,0.001541738891892167,3.5662651276371706,0
3828,1366,0.000626945333864304,-0.0017488310248700133,3.5667078482430123,5.823364972043562e-09,3.5667078424196474,0
2303,702,0.0003694163498441071,-0.00014006368344707463,3.5674697386644025,4.652621142187619e-08,3.567469692138191,0
4146,1407,0.0002931700512453749,-0.0017084410577699741,3.56761452912855,1.2275674944536702e-08,3.567614516852875,0
4218,1408,0.0003352491194219976,-0.001709268843234495,3.568428749460234,2.90809048727778e-08,3.568428720379329,0
2539,726,0.0005405034812376771,9.40819640290061e-05,3.570023953047704,3.4190466697932333e-09,3.570023949628657,0
2741,755,0.0003637613956385303,0.0002035160303202824,3.5742642488093925,5.752728443007786e-09,3.574264243056664,0
3670,1318,0.0006654805645827595,-0.0017913884242686483,3.5817062038351817,1.3505968375492156e-08,3.5817061903292133,0
2843,808,0.0003487209506984081,-0.00020323805190300341,3.5853396465701164,1.1655154774778041e-09,3.5853396454046007,0
489,219,0.0004563750000000003,-2.2500000000000005e-05,3.5858272211539455,5.204886056463517e-08,3.5858271691050847,0
1499,599,0.00035049791389083905,6.608846053976123e-05,3.5940488470697947,9.765684729121883e-07,3.594047870501322,0
4317,1431,0.0012933998027881317,-0.001710610546743135,3.5982428413985352,3.603961414914697e-09,3.5982428377945737,0
1026,431,0.00037012500000000007,2.999999999999999e-05,3.600811460498904,0.0005444572539177264,3.600267003244986,0
2592,734,0.0005052559082019142,0.00014259608629591745,3.6010871519505,1.2071616999828138e-08,3.601087139878883,0
3147,1258,0.00020609161102968777,-0.001836507407906808,3.6061842319612496,5.465596807250126e-09,3.6061842264956527,0
3313,1281,0.0011683063225345087,-0.001835821235010951,3.6450961196091676,3.04051247806275e-08,3.645096089204043,0
3035,835,0.0005246760455161772,-0.00011964415041124925,3.648290899701574,1.1870192673199509e-08,3.648290887831381,0
1661,619,0.00036937261777678494,9.63589378896933e-05,3.6509550584014097,2.9069613913589394e-07,3.6509547677052705,0
152,68,0.0005201250000000004,-6e-05,3.662484538878716,7.193027720452753e-09,3.6624845316856884,0
4142,1407,0.0002931700512453749,-0.0017084410577699741,3.6690139981189325,1.2275674944536702e-08,3.6690139858432573,0
2113,666,0.0003917622054501175,0.00013673940679297052,3.682473065337786,4.235101707239463e-08,3.6824730229867693,0
993,416,0.0005013750000000004,2.249999999999999e-05,3.687146359874788,7.781579743961342e-09,3.687146352093208,0
1999,657,0.00045167000707205425,0.00010631609882119674,3.7255250491149994,6.556841812759795e-08,3.725524983546581,0
3723,1363,0.0004980498508590125,-0.0017495891039972066,3.731217390034189,1.303138308747088e-07,3.731217259720358,0
2006,657,0.00045167000707205425,0.00010631609882119674,3.7350308357704147,6.556841812759795e-08,3.7350307702019965,0
1467,594,0.0003486961444771855,-4.4637915982671575e-05,3.7426138366159227,5.494759238390881e-06,3.7426083418566845,0
2537,726,0.0005405034812376771,9.40819640290061e-05,3.753906523061591,3.4190466697932333e-09,3.7539065196425443,0
598,264,0.0005501250000000005,-1.5000000000000005e-05,3.7687614412229666,2.298693292850513e-09,3.7687614389242734,0
752,319,0.0004901250000000003,-6.776263578034403e-21,3.7697755068464813,1.0078004268065222e-08,3.769775496768477,0
253,115,0.0003926250000000001,-4.5e-05,3.7741281051276765,7.39222710129204e-06,3.7741207129005754,0
2478,716,0.0004625386972560682,-9.587658019650753e-05,3.78909973408728,4.4855855708196496e-08,3.789099689231424,0
2384,708,0.00041328543661888856,-0.00012987365132883328,3.8022260354086472,9.807531348419076e-08,3.8022259373333336,0
3461,1301,0.002,-0.0018333333333333333,3.8075020217984403,3.6044118441876554e-08,3.807501985754322,0
86,57,0.00043762500000000024,-6e-05,3.8310355690742637,2.8091753582552615e-07,3.831035288156728,0
3387,1283,0.0012478521718904474,-0.0018324870133428497,3.8475285987979695,6.636637563717846e-09,3.847528592161332,0
1828,639,0.00036187734641326974,-9.679548773400577e-05,3.852709839656143,3.276111116059559e-07,3.8527095120450316,0
4284,1410,0.0004191076616030197,-0.0017055678807356095,3.872951532228633,6.347297876509247e-09,3.8729515258813354,0
1673,621,0.00035437078446752833,9.664989812570138e-05,3.8998204511284738,1.2562936241729608e-07,3.8998203254991113,0
2856,809,0.0003562386043614697,-0.0002035160303202824,3.9227970166821433,2.7376551071689497e-09,3.9227970139444883,0
2017,658,0.000445831163023568,0.00011108336742811969,3.9594482436694256,6.94013994249836e-08,3.9594481742680263,0
1334,560,0.0003776250000000001,5.999999999999999e-05,3.964743079476841,1.0982779020837966e-05,3.96473209669782,0
1973,654,0.0004675372061441989,9.023443001343238e-05,3.9700619249923847,2.3127509418066948e-08,3.9700619018648755,0
2269,699,0.0003468266157233152,-0.0001397603842719665,3.976541286305358,4.838905249044094e-09,3.976541281466453,0
2712,751,0.00039369862170935083,0.00020074193779418822,3.9795621785947017,8.718542757268554e-09,3.979562169876159,0
1626,616,0.00039134187801685423,9.160009583835657e-05,4.006275627982354,4.310611809911413e-07,4.006275196921172,0
3846,1383,0.0013348570556488925,-0.0017524623557613741,4.01465229518776,1.63302481798422e-08,4.014652278857512,0
1057,441,0.00044512500000000026,2.999999999999999e-05,4.022705263620498,1.118329009574174e-07,4.022705151787597,0
1184,489,0.0005688750000000005,3.749999999999999e-05,4.03731789753445,1.3740536680719103e-09,4.037317896160396,0
2565,730,0.0005246760455161772,0.00011964415041124919,4.0488703457043425,1.1436804951437766e-08,4.048870334267537,0
3874,1384,0.0013738430140100327,-0.001747035302962676,4.052338732694319,7.187926468036283e-08,4.052338660815055,0
2219,693,0.00030324692444946453,-0.0001283962284520233,4.097781212486287,1.895665708906316e-09,4.097781210590621,0
1622,616,0.00039134187801685423,9.160009583835657e-05,4.121247168561262,4.310611809911413e-07,4.121246737500081,0
4163,1407,0.0002931700512453749,-0.0017084410577699741,4.124897457897861,1.2275674944536702e-08,4.124897445622186,0
1581,612,0.0004178131277148982,7.765650738373669e-05,4.1295829874493455,3.969110216605586e-07,4.129582590538324,0
1190,495,0.00037012500000000007,4.499999999999999e-05,4.131209268164633,0.00011730186713672703,4.131091966297496,0
1270,531,0.00040387500000000015,5.249999999999999e-05,4.141074275389276,1.931916707650573e-06,4.141072343472569,0
2143,671,0.0003543474732555907,0.00014026600445778972,4.15547078065644,1.538209714277646e-08,4.155470765274343,0
3524,1302,0.0,-0.0017916666666666667,4.295978442978999,2.1460700857017973e-08,4.295978421518298,0
2625,737,0.0004885852721786184,0.00015779337905383193,4.300078344245552,1.5732678557437894e-08,4.300078328512874,0
4178,1407,0.0002931700512453749,-0.0017084410577699741,4.303660844508971,1.2275674944536702e-08,4.303660832233296,0
1709,625,0.00032512986484072894,9.031591525967967e-05,4.316085292110548,6.0560206497547175e-09,4.316085286054528,0
4150,1407,0.0002931700512453749,-0.0017084410577699741,4.320491814464718,1.2275674944536702e-08,4.320491802189044,0
2737,754,0.000371279049301592,0.00020323805190300341,4.361521601136529,7.85993101294948e-09,4.361521593276597,0
3529,1302,0.0,-0.0017916666666666667,4.363895397630062,2.1460700857017973e-08,4.363895376169361,0
3811,1366,0.000626945333864304,-0.0017488310248700133,4.36521663783008,5.823364972043562e-09,4.365216632006715,0
3680,1361,0.00041540645613897707,-0.0017497865928541032,4.367925681728592,8.572315711959396e-08,4.367925596005435,0
2459,714,0.0004516700070720543,-0.00010631609882119671,4.378705486608168,8.836640397662698e-08,4.378705398241764,0
3065,839,0.0005405034812376771,-9.408196402900622e-05,4.399155588048952,3.984490126884458e-09,4.399155584064462,0
3679,1361,0.00041540645613897707,-0.0017497865928541032,4.406690517273977,8.572315711959396e-08,4.406690431550819,0
150,68,0.0005201250000000004,-6e-05,4.407521843164372,7.193027720452753e-09,4.407521835971345,0
1975,654,0.0004675372061441989,9.023443001343238e-05,4.415858739575525,2.3127509418066948e-08,4.415858716448016,0
1620,616,0.00039134187801685423,9.160009583835657e-05,4.416103440337826,4.310611809911413e-07,4.416103009276645,0
741,316,0.0004676250000000003,-6.776263578034403e-21,4.42906148724346,2.5619303669968373e-08,4.429061461624156,0
3671,1318,0.0006654805645827595,-0.0017913884242686483,4.470957802035152,1.3505968375492156e-08,4.470957788529184,0
166,71,0.0005426250000000006,-6e-05,4.487728759765125,3.789553791433858e-09,4.487728755975572,0
1629,616,0.00039134187801685423,9.160009583835657e-05,4.552567087094306,4.310611809911413e-07,4.552566656033124,0
1654,618,0.00037681152111416696,9.534287405489408e-05,4.563655040037139,1.9704562837636954e-07,4.56365484299151,0
471,212,0.00040387500000000015,-2.2500000000000005e-05,4.5649980983721274,6.090525842040175e-06,4.564992007846286,0
3355,1281,0.0011683063225345087,-0.001835821235010951,4.590282174498534,3.04051247806275e-08,4.590282144093409,0
577,257,0.0004976250000000005,-1.5000000000000005e-05,4.613443936425967,8.232900044886089e-09,4.6134439281930675,0
1540,606,0.00035049791389083905,-6.608846053976122e-05,4.664456570366149,9.257240905089254e-07,4.664455644642059,0
3830,1366,0.000626945333864304,-0.0017488310248700133,4.6822087444919385,5.823364972043562e-09,4.682208738668574,0
1990,655,0.00046253869725606817,9.587658019650754e-05,4.699250546815692,5.016978233858687e-08,4.69925049664591,0
495,221,0.00047137500000000033,-2.2500000000000005e-05,4.726528226267581,2.4005963162145616e-08,4.726528202261617,0
3488,1301,0.002,-0.0018333333333333333,4.7437068957047055,3.6044118441876554e-08,4.743706859660587,0
3946,1386,0.001455283505559255,-0.001747823274873921,4.748558777741858,3.250126316178113e-08,4.748558745240595,0
3656,1318,0.0006654805645827595,-0.0017913884242686483,4.759328956541889,1.3505968375492156e-08,4.7593289430359205,0
536,244,0.00040012500000000014,-1.5000000000000005e-05,4.775627688121769,1.4254064851870379e-05,4.775613434056917,0
4318,1431,0.0012933998027881317,-0.001710610546743135,4.789407187980851,3.603961414914697e-09,4.7894071843768895,0
3748,1364,0.0005435187833675847,-0.0017471359451393734,4.817485547175066,9.259807926297897e-08,4.817485454576986,0
3022,832,0.0005104258463483998,-0.00013713127814194426,4.821346986151716,1.0633194785680474e-08,4.821346975518521,0
2972,826,0.00047658068823323103,-0.00016685882004120089,4.830683400979855,1.501028608746256e-08,4.830683385969569,0
3150,1279,0.0010853696574508723,-0.0018348853894366581,4.889934000301383,2.731603399001012e-09,4.88993399756978,0
1599,614,0.00040511939357421766,8.565705574390428e-05,4.897329131416895,4.2811746482642523e-07,4.89732870329943,0
676,291,0.0005163750000000004,-7.500000000000006e-06,4.899155211063099,4.6670527450893645e-09,4.899155206396046,0
458,205,0.0005876250000000007,-3.0000000000000004e-05,4.906134995417797,6.99008133881699e-10,4.906134994718789,0
3609,1317,0.0006264091269581266,-0.001793554870120426,4.916763492269126,7.340702519687142e-08,4.916763418862101,0
3465,1301,0.002,-0.0018333333333333333,4.936648095066292,3.6044118441876554e-08,4.936648059022173,0
1970,654,0.0004675372061441989,9.023443001343238e-05,4.997488361431735,2.3127509418066948e-08,4.997488338304225,0
2118,666,0.0003917622054501175,0.00013673940679297052,5.015486139535279,4.235101707239463e-08,5.0154860971842625,0
3073,839,0.0005405034812376771,-9.408196402900622e-05,5.143470653988453,3.984490126884458e-09,5.143470650003963,0
3486,1301,0.002,-0.0018333333333333333,5.15751898583114,3.6044118441876554e-08,5.157518949787021,0
1887,644,0.00039834594430604073,-8.889589096520435e-05,5.172600842037141,3.44733742335527e-07,5.172600497303399,0
721,310,0.0004226250000000002,-6.776263578034403e-21,5.203451826868246,7.232043504263997e-07,5.2034511036638955,0
507,225,0.0005013750000000004,-2.2500000000000005e-05,5.2177281253155385,7.740699823779565e-09,5.217728117574839,0
926,389,0.0005351250000000004,1.4999999999999992e-05,5.285273136385061,3.161649619680312e-09,5.285273133223411,0
333,150,0.0004188750000000002,-3.7500000000000003e-05,5.306446901317481,8.309725426699295e-07,5.306446070344939,0
2149,671,0.0003543474732555907,0.00014026600445778972,5.319200217246891,1.538209714277646e-08,5.319200201864794,0
1705,624,0.0003322335202873134,9.274650117165844e-05,5.323507840072293,5.9113168262221504e-08,5.323507780959124,0
4058,1406,0.0002528682826605001,-0.0017101146573470373,5.34451672968508,2.8236642550380505e-09,5.344516726861416,0
2228,693,0.00030324692444946453,-0.0001283962284520233,5.613108107646064,1.895665708906316e-09,5.613108105750398,0
2541,726,0.0005405034812376771,9.40819640290061e-05,5.9451180638856425,3.4190466697932333e-09,5.945118060466596,0
1130,472,0.00044137500000000025,3.749999999999999e-05,6.035530594216841,1.53152978169985e-07,6.035530441063862,0
2581,733,0.0005104258463483998,0.0001371312781419443,6.181760921507779,1.1154246138679001e-08,6.181760910353533,0
285,130,0.0005051250000000004,-4.5e-05,6.35021283253455,8.920529432956444e-09,6.3502128236140205,0
2549,726,0.0005405034812376771,9.40819640290061e-05,6.605256127865113,3.4190466697932333e-09,6.605256124446067,0
1347,561,0.0003851250000000001,5.999999999999999e-05,6.692257407282648,2.172403207948945e-06,6.692255234879441,0
2706,751,0.00039369862170935083,0.00020074193779418822,6.71902068478313,8.718542757268554e-09,6.719020676064588,0
783,335,0.0003738750000000001,7.4999999999999926e-06,6.974788777371843,0.005883496884753185,6.96890528048709,0
2401,710,0.0004269006467537924,-0.00012341315379275108,6.972074594740921,8.35969419845021e-08,6.972074511143979,0
622,276,0.00040387500000000015,-7.500000000000006e-06,8.317602629373111,9.096035243466796e-06,8.317593533337867,0
