site_id,pd_node_id,site_threshold,node_cumulative_action,remaining_threshold_action,site_status
683,293,9.649186180543273e-06,5.837269319107731e-11,9.649127807850082e-06,0
2067,661,4.9016269795860904e-05,1.6163376433931894e-09,4.901465345821751e-05,0
1189,494,0.00028899896085808846,0.00022669662317750675,6.230233768058171e-05,0
767,325,0.0003650804050642932,5.321417925105121e-11,0.0003650803518501139,0
974,409,0.0008979838930887144,1.828721180216684e-09,0.0008979820643675342,0
3699,1362,0.0009540169611949147,7.518417158060209e-08,0.0009539417770233341,0
2522,723,0.001219775739052468,4.325405352588496e-11,0.0012197756957984145,0
3018,831,0.0016323856128894938,2.610173798852303e-10,0.001632385351872114,0
328,148,0.0016429295874735034,1.4569159026321234e-07,0.0016427838958832403,0
3726,1363,0.0024204106903169664,4.709308265152779e-09,0.0024204059810087014,0
919,387,0.002704604805398529,7.869832117719542e-11,0.0027046047267002076,0
1514,600,0.0028868403969606405,2.6142933262414427e-07,0.0028865789676280162,0
255,116,0.0032765815127525255,1.8360864012969973e-07,0.003276397904112396,0
309,143,0.005541777312151968,0.0022050943756785875,0.0033366829364733803,0
1518,600,0.0033442157046167345,2.6142933262414427e-07,0.0033439542752841103,0
889,376,0.00396060987821282,4.1787759150563716e-09,0.003960605699436905,0
23,28,0.004101772312663133,1.1614800262718819e-06,0.0041006108326368616,0
2455,714,0.004379527413883116,2.7304141795406657e-09,0.004379524683468937,0
3439,1300,0.0046671869785907556,3.984201594306456e-09,0.004667182994389161,0
1405,573,0.004801195023080072,6.54631778252059e-10,0.0048011943684482935,0
1050,440,0.004925111428019729,4.7053889748089305e-09,0.004925106722630754,0
3673,1318,0.005371885664629758,2.9863632020639434e-10,0.005371885365993438,0
3114,842,0.005430086115425757,4.4244428671028666e-11,0.005430086071181329,0
3996,1387,0.005476539150724948,5.439410491060315e-10,0.005476538606783899,0
4029,1388,0.00588151184239933,3.115865762909136e-11,0.005881511811240673,0
2128,667,0.006019520672730152,1.100072891534858e-09,0.006019519572657261,0
794,339,0.006044489275417031,3.4679299836133194e-07,0.00604414248241867,0
2954,823,0.006110437548920953,3.3127199411462266e-10,0.0061104372176489586,0
77,53,0.006183640301955103,3.5175583588861473e-08,0.006183605126371514,0
2714,751,0.006649386617543562,2.419407898820188e-10,0.006649386375602772,0
141,68,0.006741537288849567,1.4262884945127446e-10,0.0067415371462207175,0
1283,534,0.006769051042321237,1.4420976602557708e-08,0.006769036621344634,0
329,149,0.00686272451348555,5.777566334749389e-08,0.0068626667378222025,0
1760,632,0.007054267518940603,3.8160884584044533e-11,0.0070542674807797185,0
354,158,0.0072151287266376506,4.1622610649199393e-10,0.007215128310411544,0
1932,648,0.007679208336818433,4.650962370427563e-09,0.007679203685856063,0
2697,750,0.00823185695177514,6.021615246700785e-10,0.008231856349613615,0
933,391,0.008577236440392133,3.797621750608203e-11,0.008577236402415915,0
3631,1318,0.008624502996434694,2.9863632020639434e-10,0.008624502697798374,0
2777,758,0.009050851172304968,3.0439578323762365e-11,0.00905085114186539,0
1894,644,0.009284129781909031,1.7761539758919414e-08,0.009284112020369273,0
2699,751,0.00964477180860725,2.419407898820188e-10,0.00964477156666646,0
4272,1409,0.010190508836507847,1.0247438592455157e-09,0.010190507811763987,0
2024,659,0.010334480514459302,3.2628143888887657e-09,0.010334477251644913,0
185,82,0.01035577842628525,5.424506708141761e-07,0.010355235975614436,0
1928,648,0.010446628876541509,4.650962370427563e-09,0.010446624225579139,0
3878,1384,0.010960136750344787,3.9249539443472e-09,0.010960132825390842,0
465,210,0.011623809531623315,6.749236382523606e-06,0.011617060295240792,0
1658,619,0.011623234184361335,2.0351513757280737e-08,0.011623213832847578,0
1678,621,0.011911917259900082,8.672033760932985e-09,0.01191190858786632,0
1943,649,0.01206157746666062,5.981580054479605e-09,0.012061571485080566,0
2468,716,0.012273848878802939,1.2699488463989707e-09,0.012273847608854093,0
1477,595,0.012408743471560917,3.698788021021299e-06,0.012405044683539895,0
2901,814,0.012453580314681096,1.2253024814633707e-10,0.012453580192150848,0
3034,835,0.012532273930877184,2.278985320142298e-10,0.012532273702978653,0
1465,594,0.012904405416963291,1.6029048807575647e-06,0.012902802512082534,0
2220,693,0.013263309539106113,5.958793058060246e-11,0.013263309479518183,0
4085,1406,0.013418631275066066,8.830684513257788e-11,0.013418631186759221,0
845,356,0.013442044836146388,5.828671469684599e-11,0.013442044777859674,0
1138,474,0.014497848051102971,1.2932513094706086e-09,0.014497846757851662,0
4115,1407,0.0147212438279744,4.675956535892726e-10,0.014721243360378746,0
447,199,0.015043949460013927,5.3207295261326155e-11,0.015043949406806633,0
2806,802,0.015196994894920225,1.0018238906179179e-11,0.015196994884901985,0
844,356,0.016078741959674483,5.828671469684599e-11,0.016078741901387767,0
1332,560,0.016330178862720295,1.4436127349373994e-06,0.01632873524998536,0
4061,1406,0.016422254064005434,8.830684513257788e-11,0.01642225397569859,0
2064,661,0.01683995286445724,1.6163376433931894e-09,0.016839951248119597,0
497,222,0.016882278919357663,3.416394040193158e-10,0.01688227857771826,0
1036,435,0.017001180866467656,3.333107045665703e-07,0.017000847555763088,0
808,343,0.017808527559644165,5.7067217496857525e-09,0.017808521852922414,0
362,162,0.018385970136321584,1.3444550131783525e-10,0.018385970001876084,0
3028,833,0.018423574533048083,1.2804510724419306e-10,0.018423574405002977,0
2162,673,0.018587163717863453,2.19195632879779e-10,0.01858716349866782,0
1021,430,0.02749719829760594,0.008770735800660283,0.018726462496945658,0
2730,753,0.01944146960390564,1.9053720088718898e-10,0.01944146941336844,0
1263,529,0.01970712195093837,5.357203851460713e-07,0.019706586230553224,0
1607,615,0.020164449095388493,2.992084507875224e-08,0.020164419174543414,0
1504,599,0.02021850908281547,1.3526852013119952e-07,0.020218373814295337,0
638,280,0.02023343487116159,5.702433821581867e-09,0.02023342916872777,0
2152,671,0.020833785664534258,6.391120472396554e-10,0.02083378502542221,0
1441,585,0.020887338286962313,2.0062826434666225e-11,0.020887338266899487,0
475,214,0.02143237495490655,2.884147838234778e-08,0.021432346113428168,0
3204,1279,0.021656853538409775,8.520755739974929e-11,0.02165685345320222,0
243,105,0.021697687877344655,2.6115317191087262e-11,0.021697687851229337,0
1484,597,0.021818397008351646,6.828312415041267e-07,0.02181771417711014,0
3808,1365,0.021924421624158575,2.8260988998366504e-10,0.021924421341548685,0
2746,756,0.02200925349284337,6.178042969911363e-11,0.022009253431062942,0
3087,839,0.022130330682017536,6.503563225674959e-11,0.022130330616981903,0
3050,837,0.02213163881116138,1.2216367482088777e-10,0.022131638688997705,0
550,249,0.022296278001909035,4.176820636640038e-09,0.0222962738250884,0
3002,828,0.02256641615574986,3.9021707800086394e-10,0.022566415765532782,0
625,277,0.02276579190151489,9.2588986859693e-08,0.02276569931252803,0
1009,423,0.022811819093441238,3.4148650607153e-11,0.02281181905929259,0
397,181,0.02285269558881357,1.0971949666998999e-07,0.0228525858693169,0
3496,1301,0.02296496010141767,1.1461396581001713e-09,0.02296495895527801,0
880,372,0.02307394829214187,1.603520716792457e-07,0.02307378794007019,0
2597,735,0.024265199901218747,2.7170344976449653e-10,0.024265199629515295,0
4261,1409,0.02477999968934751,1.0247438592455157e-09,0.02477999866460365,0
2245,695,0.025214610805740275,3.4535331434548165e-11,0.025214610771204942,0
2015,658,0.02572088388680124,2.2683496792163445e-09,0.025720881618451562,0
1376,567,0.02579109542672479,1.1872448504193018e-08,0.025791083554276287,0
3512,1302,0.025985152448395665,5.333872614836047e-10,0.025985151915008404,0
3208,1279,0.025992247513201075,8.520755739974929e-11,0.02599224742799352,0
3333,1281,0.02622620491717863,1.1377048943494135e-09,0.026226203779473736,0
3367,1282,0.026546746075658975,8.561153931544979e-10,0.02654674521954358,0
1726,625,0.02689491712732951,2.3503684780279434e-10,0.02689491689229266,0
4166,1407,0.027126943520943254,4.675956535892726e-10,0.0271269430533476,0
4131,1407,0.028163626818563145,4.675956535892726e-10,0.028163626350967492,0
2103,666,0.02854914330186455,1.8954850926295748e-09,0.028549141406379458,0
1432,582,0.02863837612894663,7.281894684696827e-11,0.028638376056127686,0
269,123,0.028715045123181314,1.7955221663468492e-09,0.02871504332765915,0
36,30,0.0291843390310478,4.675806688816709e-10,0.02918433856346713,0
1958,652,0.029278850137355185,1.0002222106571936e-09,0.029278849137132974,0
2591,734,0.02943468777213419,2.5627514914370777e-10,0.02943468751585904,0
496,221,0.02947950627552478,4.836157132680604e-10,0.029479505791909066,0
3503,1301,0.029750610714777973,1.1461396581001713e-09,0.029750609568638314,0
4001,1387,0.030365089716407,5.439410491060315e-10,0.030365089172465953,0
3995,1387,0.030509490169848264,5.439410491060315e-10,0.030509489625907216,0
2857,809,0.030601874099991728,6.733614102810164e-11,0.030601874032655588,0
62,51,0.03065048236037556,7.724916479690133e-08,0.03065040511121076,0
4225,1408,0.03066255975004642,1.122850883984341e-09,0.030662558627195535,0
3642,1318,0.03091387411584474,2.9863632020639434e-10,0.03091387381720842,0
2673,746,0.03137801950608638,3.707702780801261e-10,0.031378019135316106,0
254,115,0.03163476478454066,5.061922628919053e-07,0.03163425859227777,0
1836,640,0.03216044337561484,1.992049360007208e-08,0.03216042345512124,0
2048,661,0.03261492566033159,1.6163376433931894e-09,0.03261492404399395,0
2443,714,0.03268128172968407,2.7304141795406657e-09,0.03268127899926989,0
2698,751,0.03305687357377385,2.419407898820188e-10,0.03305687333183306,0
1689,622,0.03337921025795831,7.712250540816842e-09,0.03337920254570777,0
3877,1384,0.03355226306605788,3.9249539443472e-09,0.033552259141103935,0
1207,499,0.03357352518436062,1.8218606392646095e-07,0.03357334299829669,0
3308,1281,0.034082305177721074,1.1377048943494135e-09,0.03408230404001618,0
3502,1301,0.034114395682544804,1.1461396581001713e-09,0.03411439453640515,0
2554,727,0.034150619347590144,9.184462724417911e-11,0.034150619255745515,0
522,231,0.03428855318535349,4.498939701167967e-11,0.034288553140364095,0
923,388,0.03446228335751427,6.554317746275048e-11,0.034462283291971096,0
4065,1406,0.03462395073286142,8.830684513257788e-11,0.03462395064455457,0
4152,1407,0.03471334528934873,4.675956535892726e-10,0.034713344821753075,0
3004,828,0.03472759270728562,3.9021707800086394e-10,0.03472759231706854,0
2733,753,0.03476762731189925,1.9053720088718898e-10,0.03476762712136205,0
1858,642,0.03492392300611126,9.62682078653581e-09,0.034923913379290475,0
320,147,0.034955208335943594,4.2471184080047133e-07,0.03495478362410279,0
1534,605,0.035517417179379014,2.0460275723445132e-07,0.03551721257662178,0
3463,1301,0.03604493786412253,1.1461396581001713e-09,0.036044936717982874,0
2863,809,0.03626586318668559,6.733614102810164e-11,0.03626586311934945,0
2031,660,0.036278671939594095,5.561613149475019e-09,0.036278666377980946,0
558,252,0.03674039776519825,8.292239375953449e-10,0.036740396935974313,0
67,52,0.037191178933100005,5.6186169364949176e-08,0.03719112274693064,0
3171,1279,0.037752887986600855,8.520755739974929e-11,0.0377528879013933,0
3202,1279,0.03781146897814174,8.520755739974929e-11,0.037811468892934186,0
4258,1409,0.037991708650018365,1.0247438592455157e-09,0.037991707625274505,0
4329,1432,0.03802457141652485,1.1177592940415557e-10,0.03802457130474892,0
3981,1387,0.038108900975195655,5.439410491060315e-10,0.0381089004312546,0
1216,504,0.0384113727306776,5.665378112798138e-09,0.03841136706529949,0
2367,707,0.038958292525017695,3.4053292152757826e-09,0.03895828911968848,0
4188,1408,0.03914069104482349,1.122850883984341e-09,0.03914068992197261,0
3840,1383,0.03957132041825196,7.315236547407133e-10,0.03957131968672831,0
3212,1280,0.039734077151444946,5.205449882615446e-10,0.03973407663089996,0
98,59,0.04004956775037034,1.4396096016733841e-09,0.04004956631076074,0
3825,1366,0.04020214067538417,1.0410854588917419e-10,0.04020214057127562,0
1834,639,0.04055038744003731,2.5861657928247614e-08,0.040550361578379386,0
1185,489,0.04061589025992589,1.5311488987510122e-11,0.0406158902446144,0
513,227,0.04061754402090821,9.156692087656656e-11,0.04061754392934129,0
1183,488,0.040718639629701174,2.518125662461478e-11,0.040718639604519914,0
1584,613,0.04081431630610297,2.6475461847768405e-08,0.04081428983064112,0
1531,605,0.041447966476123435,2.0460275723445132e-07,0.0414477618733662,0
4339,1432,0.04156424617475389,1.1177592940415557e-10,0.04156424606297796,0
1298,541,0.04264535762889899,5.285179802810744e-10,0.04264535710038101,0
3554,1302,0.042699964857167295,5.333872614836047e-10,0.04269996432378003,0
3095,839,0.04309725277780209,6.503563225674959e-11,0.04309725271276646,0
2243,695,0.04403801784750588,3.4535331434548165e-11,0.044038017812970544,0
3421,1300,0.044287307235760166,3.984201594306456e-09,0.04428730325155857,0
529,239,0.06765708216379297,0.022814816446693694,0.044842265717099275,0
1995,657,0.04489529357675018,1.977736361384658e-09,0.044895291599013815,0
3428,1300,0.04529802147096879,3.984201594306456e-09,0.0452980174867672,0
3551,1302,0.04553551706689652,5.333872614836047e-10,0.045535516533509256,0
3596,1316,0.0460164624137621,6.423673588589411e-09,0.046016455990088516,0
1900,645,0.04603983899768683,1.6027409218642375e-08,0.04603982297027761,0
4320,1431,0.04627067193264747,7.794221677039385e-11,0.04627067185470526,0
2302,701,0.046447631621245794,2.97129046718275e-09,0.04644762864995532,0
1785,634,0.04663595281691557,2.130456983474741e-10,0.04663595260386987,0
3704,1362,0.04685525268846675,7.518417158060209e-08,0.046855177504295166,0
817,346,0.046894868599847886,9.97161643680763e-10,0.04689486760268624,0
3710,1363,0.04701637418992164,4.709308265152779e-09,0.04701636948061338,0
341,153,0.0472189142839633,3.799299193347566e-09,0.0472189104846641,0
1210,501,0.04750149835499248,3.5425152929883275e-08,0.047501462929839554,0
1012,424,0.04790464723655853,2.4113023509710336e-11,0.04790464721244551,0
398,181,0.047927583205260575,1.0971949666998999e-07,0.047927473485763906,0
3891,1385,0.04826903160256088,7.542387001333966e-09,0.04826902406017388,0
2310,703,0.04943014761708186,1.5435187487069534e-09,0.04943014607356311,0
1304,544,0.04946686066568809,2.1938730763288008e-10,0.04946686044630078,0
2003,657,0.050068689834361975,1.977736361384658e-09,0.05006868785662561,0
389,179,0.05020899783781768,1.3245541150962116e-06,0.050207673283702584,0
1158,480,0.050748542894431314,1.7499533566658897e-10,0.05074854271943598,0
3218,1280,0.051207299453097106,5.205449882615446e-10,0.05120729893255212,0
4244,1409,0.05174399846449435,1.0247438592455157e-09,0.05174399743975049,0
2386,709,0.05174530410843253,3.874445509064861e-09,0.051745300233987025,0
4306,1430,0.05175639553980796,6.728331498150994e-12,0.051756395533079626,0
3647,1318,0.052005797117003406,2.9863632020639434e-10,0.05200579681836709,0
3633,1318,0.05211567083879025,2.9863632020639434e-10,0.05211567054015393,0
2346,705,0.052394211267724415,1.6014247228491802e-09,0.05239420966629969,0
446,199,0.05245589170939836,5.3207295261326155e-11,0.052455891656191064,0
61,51,0.05260264560060842,7.724916479690133e-08,0.052602568351443627,0
3557,1302,0.052719288511521675,5.333872614836047e-10,0.05271928797813441,0
4290,1410,0.05299107788817512,7.088677467113349e-11,0.052991077817288346,0
2767,757,0.0530388610699016,6.451827718278953e-11,0.05303886100538332,0
1066,443,0.053385649452921666,9.537188049510673e-10,0.05338564849920286,0
1497,599,0.05349311523648274,1.3526852013119952e-07,0.05349297996796261,0
3019,831,0.05378583239212431,2.610173798852303e-10,0.05378583213110693,0
561,252,0.05384887192873932,8.292239375953449e-10,0.05384887109951538,0
103,59,0.054195366839308236,1.4396096016733841e-09,0.05419536539969863,0
1563,609,0.055353335126022224,2.246006880118618e-07,0.05535311052533421,0
73,53,0.05536179280741254,3.5175583588861473e-08,0.05536175763182895,0
4347,1433,0.05536305858753769,1.553699122814781e-11,0.0553630585720007,0
3020,831,0.056081285747592496,2.610173798852303e-10,0.056081285486575115,0
3899,1385,0.05636856291298828,7.542387001333966e-09,0.05636855537060128,0
3332,1281,0.05648212499610432,1.1377048943494135e-09,0.05648212385839942,0
2062,661,0.05677915025569283,1.6163376433931894e-09,0.05677914863935519,0
4199,1408,0.056801850682978154,1.122850883984341e-09,0.05680184956012727,0
874,370,0.05698294182642634,3.865815581282872e-06,0.05697907601084506,0
2357,706,0.057204937401062785,6.46645767753329e-09,0.05720493093460511,0
4074,1406,0.0579307515221515,8.830684513257788e-11,0.05793075143384465,0
2273,700,0.05822483195650447,5.225745272174422e-10,0.058224831433929945,0
24,28,0.05825781739535871,1.1614800262718819e-06,0.05825665591533243,0
3240,1280,0.05826682219584821,5.205449882615446e-10,0.05826682167530322,0
1770,632,0.05832514369767384,3.8160884584044533e-11,0.058325143659512954,0
2373,708,0.058859466993141804,4.222731280528328e-09,0.05885946277041052,0
1718,625,0.05898914127786982,2.3503684780279434e-10,0.05898914104283297,0
3054,837,0.05919498186365303,1.2216367482088777e-10,0.05919498174148936,0
753,320,0.05931729033976281,1.4545100210434648e-10,0.059317290194311804,0
4190,1408,0.059499687937593665,1.122850883984341e-09,0.05949968681474278,0
1228,513,0.05979227095128792,1.7236184331800612e-10,0.05979227077892608,0
4128,1407,0.05988809560816862,4.675956535892726e-10,0.059888095140572965,0
4203,1408,0.060076207244751184,1.122850883984341e-09,0.0600762061219003,0
2428,712,0.060282226047418105,3.5612777745807994e-09,0.06028222248614033,0
1979,654,0.06029611287411324,5.590128721588068e-10,0.06029611231510037,0
4010,1387,0.06085704568683698,5.439410491060315e-10,0.06085704514289593,0
454,202,0.06097002572954491,2.016337851232524e-11,0.06097002570938153,0
154,69,0.061437525368116065,9.882653539388228e-11,0.06143752526928953,0
3804,1365,0.06154691584614404,2.8260988998366504e-10,0.06154691556353415,0
258,117,0.06187721903077715,7.533686359014142e-08,0.06187714369391356,0
1303,543,0.061898048756523986,2.891481675793927e-10,0.061898048467375816,0
2380,708,0.06200168369276854,4.222731280528328e-09,0.062001679470037256,0
306,139,0.06245700694514761,1.127942716125054e-11,0.06245700693386818,0
1106,465,0.06276839347200047,1.37926824927675e-06,0.06276701420375119,0
3700,1362,0.06334081148445726,7.518417158060209e-08,0.06334073630028568,0
3845,1383,0.06363585891382263,7.315236547407133e-10,0.06363585818229897,0
2624,737,0.06384543571921802,3.615562874361185e-10,0.06384543535766174,0
4000,1387,0.06401764133187925,5.439410491060315e-10,0.0640176407879382,0
1878,643,0.06428100460144877,2.602140538389667e-08,0.06428097858004339,0
780,334,0.26634378746149534,0.20198942751701465,0.06435435994448069,0
689,294,0.06520819085670948,4.985377432319359e-11,0.0652081908068557,0
117,62,0.06531274083878516,6.441951436844689e-10,0.06531274019459002,0
3072,839,0.06553974788537933,6.503563225674959e-11,0.0655397478203437,0
2322,704,0.06558512187118935,1.1307670022971909e-09,0.06558512074042235,0
4148,1407,0.06626787663102457,4.675956535892726e-10,0.06626787616342891,0
32,30,0.0667526007372032,4.675806688816709e-10,0.06675260026962253,0
501,223,0.06683003290931318,2.497056432441965e-10,0.06683003265960753,0
1282,534,0.06725143484993547,1.4420976602557708e-08,0.06725142042895886,0
2904,814,0.06763936872035171,1.2253024814633707e-10,0.06763936859782146,0
2028,660,0.06831767483641223,5.561613149475019e-09,0.06831766927479907,0
863,367,0.14679360774920228,0.07815787619748452,0.06863573155171776,0
324,147,0.0689198333766284,4.2471184080047133e-07,0.06891940866478759,0
4299,1430,0.0690131639967664,6.728331498150994e-12,0.06901316399003807,0
1809,638,0.06909254529782084,6.651364016926321e-09,0.06909253864645683,0
1795,634,0.06919058288115411,2.130456983474741e-10,0.06919058266810842,0
34,30,0.06922542040324514,4.675806688816709e-10,0.06922541993566447,0
3616,1317,0.06971299781548991,2.0018468968411415e-09,0.06971299581364301,0
861,363,0.07028411781634238,3.85158625227324e-12,0.07028411781249079,0
1817,638,0.0703348941265019,6.651364016926321e-09,0.07033488747513789,0
566,254,0.07065461153368538,3.774248020080307e-10,0.07065461115626058,0
894,378,0.07066375734864383,1.3261137699578005e-09,0.07066375602253006,0
1512,600,0.07106786880060813,2.6142933262414427e-07,0.0710676073712755,0
538,245,0.07150441741893741,1.5993517663322967e-07,0.07150425748376078,0
4252,1409,0.07182921982513688,1.0247438592455157e-09,0.07182921880039302,0
3227,1280,0.07203563829275572,5.205449882615446e-10,0.07203563777221074,0
4003,1387,0.07211101336342302,5.439410491060315e-10,0.07211101281948197,0
2508,719,0.0724249146683469,9.59255693998768e-10,0.07242491370909121,0
116,61,0.07371387435543879,9.929370651459462e-10,0.07371387336250172,0
1262,529,0.07408943097473189,5.357203851460713e-07,0.07408889525434674,0
2739,755,0.07439164487287794,1.598242373835096e-10,0.0743916447130537,0
4249,1409,0.07466868586348477,1.0247438592455157e-09,0.07466868483874091,0
3721,1363,0.0747062650620863,4.709308265152779e-09,0.07470626035277804,0
2360,706,0.07472940902577568,6.46645767753329e-09,0.07472940255931801,0
3565,1303,0.07483831180318219,2.09629729389125e-11,0.07483831178221922,0
107,60,0.07505523139151546,1.1783878143981765e-09,0.07505523021312764,0
1042,439,0.0753964230002427,9.074642213673992e-09,0.07539641392560048,0
747,318,0.07541149002244163,2.556848292428688e-10,0.0754114897667568,0
3273,1280,0.07545033822845514,5.205449882615446e-10,0.07545033770791015,0
1339,561,0.07573485399754366,1.7776311414906318e-07,0.07573467623442952,0
4036,1406,0.07627488488699331,8.830684513257788e-11,0.07627488479868647,0
3175,1279,0.07657002246391455,8.520755739974929e-11,0.07657002237870698,0
1728,626,0.07658694570306807,2.982616498485207e-10,0.07658694540480641,0
3855,1383,0.0777236875116551,7.315236547407133e-10,0.07772368678013145,0
3259,1280,0.07782952996993234,5.205449882615446e-10,0.07782952944938736,0
3944,1386,0.07795941222354724,9.74271111339152e-10,0.07795941124927613,0
4336,1432,0.07807031966357321,1.1177592940415557e-10,0.07807031955179727,0
3058,837,0.07884811554338012,1.2216367482088777e-10,0.07884811542121645,0
1852,642,0.078890874091953,9.62682078653581e-09,0.07889086446513222,0
3235,1280,0.07922894713423109,5.205449882615446e-10,0.07922894661368611,0
3210,1279,0.07933296864514926,8.520755739974929e-11,0.0793329685599417,0
1074,448,0.07952194987002005,1.8036925955845066e-10,0.07952194968965079,0
2913,815,0.07954038168455048,3.905168125149946e-10,0.07954038129403367,0
1713,625,0.0796772506222541,2.3503684780279434e-10,0.07967725038721725,0
1451,591,0.07978290246006005,6.177096979316266e-05,0.07972113149026688,0
971,408,0.07992883328177315,3.2250333939258935e-09,0.07992883005673976,0
608,269,0.08074386743209087,2.1329771534289238e-12,0.0807438674299579,0
1274,532,0.08094276683396529,4.326332376137098e-08,0.08094272357064153,0
3344,1281,0.08094274102922434,1.1377048943494135e-09,0.08094273989151946,0
2668,744,0.08095226075113382,3.58153693287914e-10,0.08095226039298013,0
3021,832,0.08107940786505749,2.1513415041235674e-10,0.08107940764992334,0
4230,1408,0.08150465214017427,1.122850883984341e-09,0.08150465101732339,0
4054,1406,0.0816100597499876,8.830684513257788e-11,0.08161005966168075,0
335,150,0.08200498221268898,2.617311880312937e-08,0.08200495603957018,0
54,50,0.08229348428826662,1.5230968218727687e-07,0.08229333197858443,0
3585,1315,0.08257446895995596,8.433224362430557e-08,0.08257438462771234,0
1691,622,0.0829580077447483,7.712250540816842e-09,0.08295800003249776,0
2950,822,0.08296294115231029,3.438894336953983e-10,0.08296294080842086,0
90,58,0.08342337974076572,3.1696013577500267e-09,0.08342337657116436,0
2333,705,0.0835148397690453,1.6014247228491802e-09,0.08351483816762056,0
3383,1283,0.0838481405188135,8.458385418586863e-11,0.08384814043422964,0
2308,703,0.08407986178673246,1.5435187487069534e-09,0.08407986024321372,0
304,137,0.08475785911054613,3.249311327604365e-11,0.08475785907805301,0
452,200,0.08504713513116197,4.188941523277964e-11,0.08504713508927256,0
3984,1387,0.08543606363119789,5.439410491060315e-10,0.08543606308725685,0
2840,808,0.08565947441921844,2.4646642340886973e-11,0.08565947439457179,0
3570,1314,0.08588295521746661,7.234274544324828e-09,0.08588294798319207,0
2338,705,0.08748946561986091,1.6014247228491802e-09,0.08748946401843619,0
2190,677,0.08769106936719721,5.848588228907684e-11,0.08769106930871133,0
3530,1302,0.08779153672544418,5.333872614836047e-10,0.08779153619205692,0
1578,611,0.08790639909795832,1.2028857766291837e-08,0.08790638706910055,0
151,68,0.08807153880800839,1.4262884945127446e-10,0.08807153866537953,0
743,317,0.08814808258865724,3.557036572821745e-10,0.08814808223295358,0
3472,1301,0.08830934732004585,1.1461396581001713e-09,0.08830934617390619,0
3014,829,0.08865969306104947,3.161154075847059e-10,0.08865969274493406,0
664,287,0.08876593796318374,2.2279582941578772e-10,0.08876593774038792,0
675,291,0.08958233438290959,8.375973425790744e-11,0.08958233429914986,0
2155,671,0.09002484445099984,6.391120472396554e-10,0.0900248438118878,0
3078,839,0.0901776783679186,6.503563225674959e-11,0.09017767830288297,0
586,261,0.09055376808971254,6.564794711259674e-11,0.09055376802406459,0
3925,1386,0.0907252031850212,9.74271111339152e-10,0.09072520221075009,0
2433,713,0.09075427521703089,2.565124306684647e-09,0.09075427265190658,0
1982,655,0.09106501488864989,1.4476314587207552e-09,0.09106501344101843,0
228,100,0.09106550409254319,1.0178004000552718e-10,0.09106550399076314,0
4215,1408,0.09107250431477672,1.122850883984341e-09,0.09107250319192584,0
2342,705,0.09110121685025063,1.6014247228491802e-09,0.0911012152488259,0
1971,654,0.09121630435904977,5.590128721588068e-10,0.0912163038000369,0
3785,1365,0.09122797033747186,2.8260988998366504e-10,0.09122797005486197,0
2578,732,0.09162305181056564,1.3391419089431465e-10,0.09162305167665145,0
1268,530,0.09168586590263611,2.0823144295155263e-07,0.09168565767119316,0
2536,726,0.09174323658194991,5.5712140994493215e-11,0.09174323652623777,0
2931,819,0.09182255122945253,4.077307408079862e-10,0.09182255082172179,0
337,151,0.09184755918356295,1.3155384885162244e-08,0.09184754602817807,0
2467,716,0.09219955068861556,1.2699488463989707e-09,0.09219954941866672,0
3390,1283,0.09235774335290414,8.458385418586863e-11,0.09235774326832029,0
1438,583,0.09239907607818972,5.1839395669632476e-11,0.09239907602635032,0
1058,442,0.09313482433598659,1.5229285642609027e-09,0.09313482281305803,0
1056,441,0.09322190884002676,2.5965060687920858e-09,0.0932219062435207,0
3504,1301,0.09332244557093405,1.1461396581001713e-09,0.0933224444247944,0
1413,578,0.09343560925204354,2.0865153070828484e-10,0.09343560904339202,0
2685,748,0.09372457888619358,4.952772786998944e-10,0.0937245783909163,0
2382,708,0.0938176748678061,4.222731280528328e-09,0.09381767064507482,0
3133,1256,0.09395171022313166,6.927690301312429e-11,0.09395171015385476,0
1080,450,0.09403872690466512,1.1000272071248043e-10,0.09403872679466241,0
3000,828,0.0943274140983032,3.9021707800086394e-10,0.09432741370808612,0
3137,1256,0.09450164402679799,6.927690301312429e-11,0.09450164395752109,0
3400,1299,0.09523566146314738,7.147543147588599e-10,0.09523566074839307,0
2115,666,0.09528712235704695,1.8954850926295748e-09,0.09528712046156186,0
1193,496,0.09589826409451986,5.320322753684898e-06,0.09589294377176617,0
666,288,0.09594502314717027,1.6800903246652388e-10,0.09594502297916123,0
3139,1256,0.09610001590094312,6.927690301312429e-11,0.09610001583166622,0
2184,676,0.0962098512229162,3.589233555318326e-11,0.09620985118702387,0
607,268,0.09645265052219679,5.969383353519643e-12,0.09645265051622741,0
2552,727,0.0967070308173325,9.184462724417911e-11,0.09670703072548788,0
2255,696,0.0974588452019282,4.645973452899247e-10,0.09745884473733085,0
1375,567,0.0975049848208801,1.1872448504193018e-08,0.09750497294843159,0
4088,1406,0.0976780832487874,8.830684513257788e-11,0.09767808316048056,0
3650,1318,0.09781301192812622,2.9863632020639434e-10,0.0978130116294899,0
2833,805,0.09788847203883079,4.820283764243261e-11,0.09788847199062795,0
2205,678,0.09790507853305318,6.048038844594925e-11,0.09790507847257279,0
87,57,0.09800105118160436,8.441297285597862e-09,0.09800104274030708,0
3691,1362,0.0987766942177006,7.518417158060209e-08,0.09877661903352902,0
3989,1387,0.09885258391747849,5.439410491060315e-10,0.09885258337353744,0
2717,751,0.09895524252195328,2.419407898820188e-10,0.0989552422800125,0
3368,1282,0.09906022988450706,8.561153931544979e-10,0.09906022902839168,0
347,156,0.09922757321388484,8.430867356831907e-10,0.0992275723707981,0
1755,628,0.09926815820229441,2.2322239526361723e-15,0.09926815820229218,0
1880,643,0.09945550638539243,2.602140538389667e-08,0.09945548036398705,0
1803,636,0.10023559435598817,2.0945435733469072e-09,0.10023559226144459,0
2237,694,0.10089381923080122,5.2580449233741545e-11,0.10089381917822077,0
3363,1282,0.10126839102835286,8.561153931544979e-10,0.10126839017223747,0
2226,693,0.10133340391768803,5.958793058060246e-11,0.1013334038581001,0
1582,612,0.10168382503880527,1.568211922580834e-08,0.10168380935668604,0
2940,821,0.10186364301257383,3.468388148397623e-10,0.10186364266573501,0
612,273,0.10228118911413048,0.00025133656050215316,0.10202985255362833,0
1373,566,0.10215643160378556,1.5944440844155813e-08,0.1021564156593447,0
4293,1430,0.10255283028375206,6.728331498150994e-12,0.10255283027702373,0
3342,1281,0.1029857934301645,1.1377048943494135e-09,0.1029857922924596,0
3836,1383,0.10316698002669111,7.315236547407133e-10,0.10316697929516745,0
1107,466,0.10330195197023773,4.1723282861472805e-07,0.1033015347374091,0
1041,437,0.10347559812388463,4.253863211171048e-08,0.10347555558525251,0
3685,1361,0.10453564139776039,6.61613744152264e-09,0.10453563478162295,0
3296,1281,0.10524509066997773,1.1377048943494135e-09,0.10524508953227284,0
2855,809,0.10524639906210523,6.733614102810164e-11,0.10524639899476909,0
998,418,0.10528001134937054,9.184623287218284e-11,0.1052800112575243,0
605,268,0.1065031284764232,5.969383353519643e-12,0.10650312847045382,0
4275,1410,0.10686611243285368,7.088677467113349e-11,0.10686611236196691,0
3040,835,0.1070086894253054,2.278985320142298e-10,0.10700868919740687,0
3100,840,0.10726762683288163,6.758327492335178e-11,0.10726762676529836,0
3935,1386,0.10767671690779927,9.74271111339152e-10,0.10767671593352816,0
935,391,0.10826435311197721,3.797621750608203e-11,0.108264353074001,0
1544,606,0.10926996017743984,1.2473033928016382e-07,0.10926983544710056,0
2355,706,0.10927364817436098,6.46645767753329e-09,0.10927364170790331,0
1406,575,0.10950214211486554,3.8677166813987216e-10,0.10950214172809387,0
1948,650,0.10992012023551359,3.5215111126292716e-10,0.10992011988336248,0
3215,1280,0.10996170483863098,5.205449882615446e-10,0.109961704318086,0
3514,1302,0.11025638461524288,5.333872614836047e-10,0.11025638408185562,0
617,275,0.11081204755466635,1.7986068644297334e-06,0.11081024894780192,0
739,316,0.11081644871940897,5.150258247712018e-10,0.11081644820438315,0
3686,1361,0.11096980749036056,6.61613744152264e-09,0.11096980087422312,0
3314,1281,0.11111796028365532,1.1377048943494135e-09,0.11111795914595043,0
929,389,0.11162127725297917,5.546806551035235e-11,0.11162127719751111,0
656,285,0.11175065313858838,4.3220629480234533e-10,0.11175065270638208,0
2351,706,0.11226777503475911,6.46645767753329e-09,0.11226776856830144,0
939,393,0.11246542256633103,1.9316023444468008e-11,0.11246542254701501,0
246,112,0.11285094459056594,4.436312234311037e-05,0.11280658146822282,0
2957,824,0.11286841308121394,3.534700453574905e-10,0.1128684127277439,0
4174,1407,0.11289192289376108,4.675956535892726e-10,0.11289192242616543,0
4334,1432,0.11301908757792653,1.1177592940415557e-10,0.1130190874661506,0
2677,746,0.11314650792635267,3.707702780801261e-10,0.11314650755558239,0
2872,809,0.11325337859795671,6.733614102810164e-11,0.11325337853062058,0
3520,1302,0.11359761365126869,5.333872614836047e-10,0.11359761311788143,0
2966,824,0.11363317537855763,3.534700453574905e-10,0.11363317502508759,0
2078,663,0.11374171474319002,1.876960969533189e-09,0.11374171286622904,0
3059,838,0.11379705084667965,1.0484735417008582e-10,0.1137970507418323,0
3865,1384,0.11391872543039672,3.9249539443472e-09,0.11391872150544277,0
2396,709,0.11414060066791784,3.874445509064861e-09,0.11414059679347233,0
2793,761,0.1152948134418108,2.477698799886659e-11,0.11529481341703382,0
3219,1280,0.11579512652612158,5.205449882615446e-10,0.11579512600557659,0
3464,1301,0.11601616343466753,1.1461396581001713e-09,0.11601616228852787,0
1217,505,0.1165706722165287,3.010327642554019e-09,0.11657066920620106,0
2584,733,0.11660974613094043,2.2735061324356993e-10,0.11660974590358981,0
3162,1279,0.11667723471342764,8.520755739974929e-11,0.11667723462822008,0
3675,1361,0.1167526900584562,6.61613744152264e-09,0.11675268344231876,0
2223,693,0.11683838883396544,5.958793058060246e-11,0.11683838877437751,0
738,316,0.11714575468441028,5.150258247712018e-10,0.11714575416938446,0
2933,820,0.11733870001430315,4.032762375327215e-10,0.11733869961102691,0
225,98,0.117392599825027,1.767703821803763e-10,0.11739259964825663,0
849,357,0.11749432807451386,4.9719071431130766e-11,0.11749432802479479,0
804,341,0.11758077607928269,3.084832086665487e-08,0.11758074523096182,0
3901,1385,0.11820509321706707,7.542387001333966e-09,0.11820508567468006,0
102,59,0.11821511698619358,1.4396096016733841e-09,0.11821511554658398,0
803,341,0.11829119992557442,3.084832086665487e-08,0.11829116907725355,0
3427,1300,0.11844650035706641,3.984201594306456e-09,0.11844649637286482,0
29,30,0.11880894927767523,4.675806688816709e-10,0.11880894881009456,0
3183,1279,0.11889430909023647,8.520755739974929e-11,0.11889430900502891,0
4066,1406,0.11927568664207765,8.830684513257788e-11,0.1192756865537708,0
4271,1409,0.11971833778836662,1.0247438592455157e-09,0.11971833676362276,0
1806,637,0.11976032436925119,8.710753478328896e-09,0.1197603156584977,0
3690,1361,0.11985944988736036,6.61613744152264e-09,0.11985944327122292,0
2206,678,0.1199198537197256,6.048038844594925e-11,0.11991985365924522,0
1551,607,0.12008976984693598,8.208848894592351e-08,0.12008968775844703,0
3220,1280,0.12029293628612578,5.205449882615446e-10,0.1202929357655808,0
2140,671,0.1205011572441424,6.391120472396554e-10,0.12050115660503036,0
3824,1366,0.12060632533701351,1.0410854588917419e-10,0.12060632523290497,0
1389,571,0.12062308526083124,1.3140561704701453e-09,0.12062308394677507,0
810,343,0.12126596603674199,5.7067217496857525e-09,0.12126596033002024,0
1335,561,0.12140966029846428,1.7776311414906318e-07,0.12140948253535014,0
917,387,0.12154574564714064,7.869832117719542e-11,0.12154574556844232,0
1489,598,0.12172399332102575,9.295608902077369e-08,0.12172390036493673,0
3468,1301,0.12182220541738328,1.1461396581001713e-09,0.12182220427124363,0
2504,719,0.12212841489010591,9.59255693998768e-10,0.12212841393085022,0
3409,1299,0.12222276510734473,7.147543147588599e-10,0.12222276439259042,0
2313,703,0.12232240756031605,1.5435187487069534e-09,0.12232240601679731,0
682,293,0.1224248504704195,5.837269319107731e-11,0.1224248504120468,0
3182,1279,0.12281355189741934,8.520755739974929e-11,0.12281355181221178,0
2801,762,0.12282973074630177,1.7707516217350023e-11,0.12282973072859425,0
1863,643,0.12294773520376981,2.602140538389667e-08,0.12294770918236443,0
3848,1383,0.1231204730695328,7.315236547407133e-10,0.12312047233800914,0
2880,811,0.12312659376313172,2.547253482547501e-10,0.12312659350840637,0
3623,1317,0.1231796777280573,2.0018468968411415e-09,0.1231796757262104,0
2218,693,0.12352213339688359,5.958793058060246e-11,0.12352213333729566,0
1949,650,0.12358055873897926,3.5215111126292716e-10,0.12358055838682815,0
768,325,0.12382829177636484,5.321417925105121e-11,0.12382829172315066,0
284,129,0.12393756913600303,2.2206773638820026e-10,0.12393756891393529,0
3635,1318,0.12418838896225787,2.9863632020639434e-10,0.12418838866362154,0
2989,826,0.12453320607386753,3.6166710499089417e-10,0.12453320571220043,0
3818,1366,0.12459939473863801,1.0410854588917419e-10,0.12459939463452947,0
2992,827,0.12558666727622966,4.816820406100609e-10,0.12558666679454764,0
2848,808,0.12561696638204992,2.4646642340886973e-11,0.12561696635740327,0
2936,820,0.12580627705623942,4.032762375327215e-10,0.12580627665296318,0
271,123,0.12618288046177858,1.7955221663468492e-09,0.1261828786662564,0
1784,634,0.12661096723209767,2.130456983474741e-10,0.12661096701905197,0
1731,626,0.1267526841626061,2.982616498485207e-10,0.12675268386434446,0
1762,632,0.12715844924353523,3.8160884584044533e-11,0.12715844920537434,0
3297,1281,0.12724403623530378,1.1377048943494135e-09,0.12724403509759888,0
1533,605,0.1273141034019241,2.0460275723445132e-07,0.12731389879916685,0
479,215,0.12735881242194674,1.2547763960705501e-08,0.12735879987418278,0
2476,716,0.12773380396692485,1.2699488463989707e-09,0.127733802696976,0
410,184,0.128021395873741,9.000763331041542e-09,0.12802138687297768,0
2327,705,0.12837609406376968,1.6014247228491802e-09,0.12837609246234497,0
1400,572,0.12863435000958118,1.08481873349661e-09,0.12863434892476244,0
1445,586,0.12884672797615676,8.989318545192011e-12,0.12884672796716745,0
2072,662,0.12887284971924234,1.6980062182397494e-09,0.12887284802123614,0
2588,734,0.129548952788425,2.5627514914370777e-10,0.12954895253214985,0
2713,751,0.12959643164009182,2.419407898820188e-10,0.12959643139815102,0
3056,837,0.12970537566205337,1.2216367482088777e-10,0.1297053755398897,0
1286,536,0.12986842855846803,4.489733458480498e-09,0.12986842406873458,0
3766,1365,0.13037830803643033,2.8260988998366504e-10,0.13037830775382045,0
2750,756,0.1311783386195324,6.178042969911363e-11,0.13117833855775196,0
807,343,0.13166042830815816,5.7067217496857525e-09,0.1316604226014364,0
2853,809,0.13203961601781594,6.733614102810164e-11,0.1320396159504798,0
920,388,0.13204245595401007,6.554317746275048e-11,0.1320424558884669,0
207,90,0.13221336540027107,2.4111083939881264e-09,0.13221336298916267,0
105,60,0.13237867882230195,1.1783878143981765e-09,0.13237867764391414,0
502,223,0.13260593028846748,2.497056432441965e-10,0.13260593003876184,0
1459,593,0.13270426172988212,1.6853700184695572e-06,0.13270257635986366,0
1998,657,0.13283889786737682,1.977736361384658e-09,0.13283889588964046,0
2529,725,0.1328473649488898,6.939809698982989e-11,0.1328473648794917,0
851,358,0.13285014819661617,4.1658832909521834e-11,0.13285014815495733,0
2710,751,0.13356841250871798,2.419407898820188e-10,0.13356841226677718,0
3325,1281,0.13361061686017645,1.1377048943494135e-09,0.13361061572247154,0
1173,484,0.13376491961773124,7.360544659376173e-11,0.13376491954412578,0
2587,734,0.13389418718457133,2.5627514914370777e-10,0.1338941869282962,0
4331,1432,0.1341394764203755,1.1177592940415557e-10,0.13413947630859957,0
611,272,0.14458439139308407,0.010252242499842325,0.13433214889324174,0
3397,1299,0.13450723127390934,7.147543147588599e-10,0.13450723055915503,0
2796,762,0.13451343310325084,1.7707516217350023e-11,0.1345134330855433,0
852,359,0.1346099135550041,3.2552463773836924e-11,0.13460991352245164,0
2144,671,0.13513165881984293,6.391120472396554e-10,0.1351316581807309,0
4083,1406,0.13604405901250366,8.830684513257788e-11,0.13604405892419683,0
2447,714,0.13626037174359595,2.7304141795406657e-09,0.13626036901318178,0
2951,823,0.13763473036316856,3.3127199411462266e-10,0.13763473003189658,0
866,368,0.1388251607611554,0.0010626550248002303,0.13776250573635515,0
1989,655,0.13888344352382756,1.4476314587207552e-09,0.1388834420761961,0
755,320,0.13903231991233955,1.4545100210434648e-10,0.13903231976688854,0
3978,1387,0.13909750981819755,5.439410491060315e-10,0.1390975092742565,0
4342,1432,0.13910488785278496,1.1177592940415557e-10,0.13910488774100904,0
2479,717,0.1393229122508546,5.743990972308578e-10,0.13932291167645552,0
403,182,0.13955151171772823,4.201041692184241e-08,0.1395514697073113,0
2230,694,0.1396842065952553,5.2580449233741545e-11,0.13968420654267485,0
2870,809,0.13975278594636872,6.733614102810164e-11,0.1397527858790326,0
3131,1256,0.13992809579539017,6.927690301312429e-11,0.13992809572611328,0
843,355,0.14000220344977496,6.930322030366556e-11,0.14000220338047173,0
317,147,0.14019149517068508,4.2471184080047133e-07,0.14019107045884427,0
3537,1302,0.14099483123937484,5.333872614836047e-10,0.1409948307059876,0
212,93,0.1410272870477323,7.000438436250134e-10,0.14102728634768844,0
2647,740,0.141063351725534,3.685008552148589e-10,0.14106335135703313,0
396,180,0.14107682986225592,3.432265591086675e-07,0.1410764866356968,0
1896,644,0.14133538694533582,1.7761539758919414e-08,0.14133536918379605,0
4227,1408,0.14189552840053427,1.122850883984341e-09,0.14189552727768337,0
3948,1386,0.1420079156789316,9.74271111339152e-10,0.14200791470466048,0
1458,592,0.14230860788664226,3.6301214944554056e-06,0.1423049777651478,0
2718,751,0.1423701772365459,2.419407898820188e-10,0.1423701769946051,0
2770,757,0.14241106848354207,6.451827718278953e-11,0.1424110684190238,0
2944,822,0.1424310250218231,3.438894336953983e-10,0.14243102467793364,0
4,16,0.14327985848886463,3.5503846303176316e-10,0.14327985813382615,0
3276,1280,0.14361329921762883,5.205449882615446e-10,0.14361329869708384,0
1924,648,0.14382596882798238,4.650962370427563e-09,0.14382596417702,0
2635,739,0.14428757457189204,3.4619541740494636e-10,0.14428757422569663,0
1089,452,0.14463647039530034,7.400958439356219e-11,0.14463647032129076,0
3327,1281,0.14487131693108174,1.1377048943494135e-09,0.14487131579337684,0
381,169,0.1451413620559958,2.5664373466222263e-11,0.1451413620303314,0
3485,1301,0.1452863932530682,1.1461396581001713e-09,0.14528639210692854,0
3552,1302,0.14578741148148291,5.333872614836047e-10,0.14578741094809566,0
4171,1407,0.14580312963800302,4.675956535892726e-10,0.14580312917040736,0
2633,739,0.14586186953100796,3.4619541740494636e-10,0.14586186918481256,0
793,339,0.14626766612794737,3.4679299836133194e-07,0.146267319334949,0
2080,663,0.14690121939503667,1.876960969533189e-09,0.1469012175180757,0
3887,1384,0.14713921895238624,3.9249539443472e-09,0.1471392150274323,0
3572,1314,0.14750284109842315,7.234274544324828e-09,0.1475028338641486,0
2156,672,0.14769314509068635,1.7149254260531012e-10,0.1476931449191938,0
3191,1279,0.14792200251663584,8.520755739974929e-11,0.14792200243142828,0
3628,1318,0.148199234702871,2.9863632020639434e-10,0.1481992344042347,0
3793,1365,0.14859984539641327,2.8260988998366504e-10,0.1485998451138034,0
2004,657,0.14916916645512604,1.977736361384658e-09,0.14916916447738968,0
4110,1407,0.1495953869383945,4.675956535892726e-10,0.14959538647079884,0
1456,592,0.1500292566050798,3.6301214944554056e-06,0.15002562648358533,0
1025,431,0.15069607672788074,0.0002822258113286832,0.15041385091655204,0
3392,1299,0.15045368438074244,7.147543147588599e-10,0.15045368366598813,0
3030,833,0.15060655637667023,1.2804510724419306e-10,0.15060655624862512,0
2612,736,0.15071057694340112,3.0113893748326627e-10,0.15071057664226217,0
1668,621,0.15071565078348823,8.672033760932985e-09,0.15071564211145447,0
1380,569,0.15080379152173606,2.8545810919458402e-09,0.15080378866715496,0
2083,663,0.15091999818922508,1.876960969533189e-09,0.1509199963122641,0
3613,1317,0.15159820512527808,2.0018468968411415e-09,0.15159820312343117,0
1902,645,0.15161153371812894,1.6027409218642375e-08,0.15161151769071973,0
521,231,0.15178199975734927,4.498939701167967e-11,0.15178199971235987,0
2258,696,0.1524213999073261,4.645973452899247e-10,0.15242139944272876,0
770,325,0.1530857954657995,5.321417925105121e-11,0.15308579541258532,0
3854,1383,0.15310688374776962,7.315236547407133e-10,0.15310688301624598,0
1147,477,0.1535982447368939,4.2164174579397073e-10,0.15359824431525215,0
1861,642,0.1537740176170455,9.62682078653581e-09,0.15377400799022473,0
820,347,0.15389281605747213,6.398659440449053e-10,0.1538928154176062,0
256,116,0.154175264538567,1.8360864012969973e-07,0.15417508092992688,0
846,357,0.15419690183483825,4.9719071431130766e-11,0.1541969017851192,0
480,215,0.1544272332468769,1.2547763960705501e-08,0.15442722069911294,0
68,52,0.15457517229434234,5.6186169364949176e-08,0.15457511610817298,0
3184,1279,0.15461413544150604,8.520755739974929e-11,0.15461413535629848,0
2200,677,0.15490610179446,5.848588228907684e-11,0.1549061017359741,0
439,195,0.1549316995244035,1.0936743852251055e-10,0.15493169941503607,0
3036,835,0.15591960508989378,2.278985320142298e-10,0.15591960486199524,0
2065,661,0.1564117065098297,1.6163376433931894e-09,0.15641170489349204,0
463,210,0.1574648347179548,6.749236382523606e-06,0.15745808548157228,0
4212,1408,0.15768584290699247,1.122850883984341e-09,0.15768584178414158,0
3334,1281,0.15799562101793452,1.1377048943494135e-09,0.15799561988022962,0
1363,564,0.15807006607743718,3.0890481555298096e-08,0.15807003518695562,0
4084,1406,0.1583198123187081,8.830684513257788e-11,0.15831981223040126,0
2958,824,0.15868146162400024,3.534700453574905e-10,0.15868146127053018,0
3806,1365,0.1591300753267565,2.8260988998366504e-10,0.1591300750441466,0
3254,1280,0.15920308446165288,5.205449882615446e-10,0.15920308394110788,0
1279,533,0.15941854769420696,2.3330915134563428e-08,0.15941852436329182,0
4028,1388,0.1594337493072782,3.115865762909136e-11,0.15943374927611953,0
2056,661,0.1601597533544879,1.6163376433931894e-09,0.16015975173815025,0
76,53,0.16069046130160386,3.5175583588861473e-08,0.16069042612602027,0
2851,809,0.1607444221390872,6.733614102810164e-11,0.16074442207175108,0
2778,758,0.161029066936987,3.0439578323762365e-11,0.16102906690654742,0
3277,1280,0.16119137656620905,5.205449882615446e-10,0.16119137604566405,0
4008,1387,0.16201506400947058,5.439410491060315e-10,0.16201506346552952,0
3234,1280,0.1620349205499293,5.205449882615446e-10,0.1620349200293843,0
2321,704,0.16213088984058519,1.1307670022971909e-09,0.16213088870981818,0
3048,837,0.16239543730297068,1.2216367482088777e-10,0.162395437180807,0
3576,1315,0.16241671028922455,8.433224362430557e-08,0.16241662595698092,0
3736,1364,0.16254908279079935,2.6746182454218203e-09,0.1625490801161811,0
991,415,0.16273157295822765,1.88743569188426e-10,0.16273157276948408,0
1129,472,0.16428066972297387,3.767342976371676e-09,0.1642806659556309,0
1155,480,0.16490461373514906,1.7499533566658897e-10,0.16490461356015373,0
297,135,0.16511228111227663,6.199796153609842e-11,0.16511228105027867,0
100,59,0.16541202077724873,1.4396096016733841e-09,0.16541201933763913,0
3762,1365,0.1654630806466069,2.8260988998366504e-10,0.165463080363997,0
818,346,0.16556941910673925,9.97161643680763e-10,0.16556941810957762,0
3769,1365,0.16594050421928075,2.8260988998366504e-10,0.16594050393667087,0
3411,1299,0.16616548321142927,7.147543147588599e-10,0.16616548249667495,0
1361,563,0.1662042243591553,5.407043189981694e-08,0.1662041702887234,0
3111,842,0.16656424572044448,4.4244428671028666e-11,0.16656424567620004,0
660,286,0.16679372115849592,3.0469393628148104e-10,0.16679372085380198,0
2086,664,0.1674781501504693,2.0714239143131473e-09,0.16747814807904537,0
1997,657,0.16768751752279365,1.977736361384658e-09,0.1676875155450573,0
1899,645,0.16834005064214475,1.6027409218642375e-08,0.16834003461473554,0
3109,842,0.16891244971598166,4.4244428671028666e-11,0.1689124496717372,0
2621,737,0.16893214287403222,3.615562874361185e-10,0.16893214251247593,0
2463,716,0.16906005690035303,1.2699488463989707e-09,0.1690600556304042,0
326,148,0.1694266100280015,1.4569159026321234e-07,0.16942646433641123,0
3064,839,0.16949656759063797,6.503563225674959e-11,0.16949656752560233,0
1030,432,0.1698073535219196,4.1457037128028306e-05,0.1697658964847916,0
2797,762,0.1697820517603613,1.7707516217350023e-11,0.16978205174265376,0
2946,822,0.170793914380811,3.438894336953983e-10,0.17079391403692157,0
1412,578,0.17097814280408455,2.0865153070828484e-10,0.170978142595433,0
3672,1318,0.17134757229854358,2.9863632020639434e-10,0.17134757199990727,0
1429,581,0.17166309247986017,8.83483760467819e-11,0.17166309239151178,0
512,227,0.17231290419008302,9.156692087656656e-11,0.1723129040985161,0
932,390,0.1723821675789482,4.718998514386365e-11,0.17238216753175822,0
3657,1318,0.17263083296643636,2.9863632020639434e-10,0.17263083266780005,0
429,192,0.17277672681610914,2.3635508985425284e-10,0.17277672657975404,0
2652,741,0.17286847223119126,3.627563772253051e-10,0.17286847186843488,0
291,132,0.17303779936050964,1.0436727921601621e-10,0.17303779925614235,0
408,183,0.1732468951989918,1.8507304048696125e-08,0.17324687669168776,0
2763,757,0.17329985926911415,6.451827718278953e-11,0.17329985920459587,0
1639,617,0.1741842585850302,1.0023285878522447e-08,0.17418424856174433,0
1148,477,0.1742620442257368,4.2164174579397073e-10,0.17426204380409505,0
1749,627,0.1744035078612352,2.6976405892799263e-11,0.17440350783425881,0
3958,1386,0.17488284912772062,9.74271111339152e-10,0.1748828481534495,0
3789,1365,0.17530715213639167,2.8260988998366504e-10,0.1753071518537818,0
2021,659,0.17554838863447086,3.2628143888887657e-09,0.17554838537165648,0
1180,487,0.17624808673598613,3.723815439094872e-11,0.17624808669874797,0
606,268,0.17631906034323727,5.969383353519643e-12,0.17631906033726788,0
3323,1281,0.17635326449165845,1.1377048943494135e-09,0.17635326335395354,0
2112,666,0.17639044220213662,1.8954850926295748e-09,0.17639044030665152,0
1044,439,0.17640033783525227,9.074642213673992e-09,0.17640032876061007,0
3079,839,0.17752378975436817,6.503563225674959e-11,0.17752378968933252,0
1462,593,0.17777272111987202,1.6853700184695572e-06,0.17777103574985356,0
684,293,0.17796112737965597,5.837269319107731e-11,0.17796112732128327,0
2090,665,0.1782552778933494,5.790722800655956e-09,0.17825527210262662,0
3474,1301,0.17843548105132634,1.1461396581001713e-09,0.17843547990518668,0
3549,1302,0.17876422571356007,5.333872614836047e-10,0.17876422518017282,0
2266,698,0.17908059256199116,2.0423593113025644e-10,0.17908059235775522,0
1055,441,0.17930604244401593,2.5965060687920858e-09,0.17930603984750987,0
4330,1432,0.1793510990054774,1.1177592940415557e-10,0.1793510988937015,0
369,165,0.17953845781089625,7.397264892298003e-11,0.1795384577369236,0
3281,1280,0.17976046450843783,5.205449882615446e-10,0.17976046398789283,0
2734,753,0.1799046049977832,1.9053720088718898e-10,0.17990460480724602,0
2721,751,0.17995191546567804,2.419407898820188e-10,0.17995191522373724,0
39,30,0.1800390885707885,4.675806688816709e-10,0.18003908810320784,0
1521,602,0.18016939906058294,1.0736367329326526e-09,0.1801693979869462,0
631,278,0.18032311036446647,3.0785092186284624e-08,0.18032307957937427,0
4196,1408,0.18062500957537875,1.122850883984341e-09,0.18062500845252785,0
4311,1431,0.18085221959211173,7.794221677039385e-11,0.18085221951416952,0
2914,815,0.1810033915393075,3.905168125149946e-10,0.1810033911487907,0
1664,620,0.18146847706161304,3.084991427138223e-08,0.18146844621169878,0
815,344,0.18182908322208677,2.9385584316523484e-09,0.18182908028352834,0
736,315,0.1818383126112947,7.818265562085392e-10,0.18183831182946816,0
4149,1407,0.1819493777567472,4.675956535892726e-10,0.18194937728915153,0
3437,1300,0.1825760633272886,3.984201594306456e-09,0.182576059343087,0
3324,1281,0.18267823236756806,1.1377048943494135e-09,0.18267823122986315,0
3438,1300,0.18281467556688194,3.984201594306456e-09,0.18281467158268033,0
265,121,0.1830080377356824,5.7018389252351665e-09,0.18300803203384347,0
537,245,0.18339123836677448,1.5993517663322967e-07,0.18339107843159785,0
1851,642,0.18393621945507685,9.62682078653581e-09,0.18393620982825606,0
4035,1388,0.18516854424842985,3.115865762909136e-11,0.1851685442172712,0
772,326,0.18553604383613528,4.5494208609985074e-11,0.18553604379064106,0
22,28,0.18584343899938668,1.1614800262718819e-06,0.18584227751936042,0
3378,1282,0.18614693077263444,8.561153931544979e-10,0.18614692991651904,0
644,282,0.18618670170894558,1.6528937304628747e-09,0.18618670005605184,0
1754,628,0.18639541235859827,2.2322239526361723e-15,0.18639541235859605,0
2407,710,0.1870426834325696,3.223439803281071e-09,0.1870426802091298,0
1337,561,0.1878363974789567,1.7776311414906318e-07,0.18783621971584255,0
3467,1301,0.18794369236263683,1.1461396581001713e-09,0.18794369121649718,0
2439,714,0.1880451467831638,2.7304141795406657e-09,0.18804514405274964,0
2217,693,0.18853400577622367,5.958793058060246e-11,0.18853400571663576,0
2109,666,0.18919718598971724,1.8954850926295748e-09,0.18919718409423214,0
2762,757,0.1894808991252713,6.451827718278953e-11,0.18948089906075302,0
2556,727,0.19004438744032806,9.184462724417911e-11,0.19004438734848345,0
2229,694,0.1904732736783066,5.2580449233741545e-11,0.19047327362572616,0
2557,728,0.1905101062154509,1.1821401211976124e-10,0.19051010609723687,0
356,159,0.19083273112912993,3.052838090884796e-10,0.19083273082384614,0
1125,471,0.19085946072691504,7.011045285956265e-09,0.19085945371586976,0
3142,1257,0.19086284571060824,1.0544413675381309e-10,0.19086284560516412,0
580,258,0.1910378302061881,1.2004280740853999e-10,0.19103783008614528,0
2296,700,0.19137192948851317,5.225745272174422e-10,0.19137192896593863,0
2375,708,0.19195406327251335,4.222731280528328e-09,0.19195405904978208,0
4277,1410,0.19204538225641687,7.088677467113349e-11,0.1920453821855301,0
2654,741,0.19221812781744843,3.627563772253051e-10,0.19221812745469205,0
2185,676,0.19354210398458563,3.589233555318326e-11,0.19354210394869328,0
990,415,0.19364075292558822,1.88743569188426e-10,0.19364075273684464,0
2158,672,0.19370750895030506,1.7149254260531012e-10,0.19370750877881251,0
3786,1365,0.19375643976680573,2.8260988998366504e-10,0.19375643948419585,0
2885,812,0.19436211471678916,2.196377088734881e-10,0.19436211449715146,0
325,147,0.19460604393661232,4.2471184080047133e-07,0.19460561922477151,0
2980,826,0.1947110805927398,3.6166710499089417e-10,0.1947110802310727,0
2545,726,0.19531855170578577,5.5712140994493215e-11,0.19531855165007364,0
214,94,0.19551539202153542,5.168170005595156e-10,0.19551539150471842,0
2501,719,0.1957151301117967,9.59255693998768e-10,0.195715129152541,0
4099,1407,0.19619648859665045,4.675956535892726e-10,0.1961964881290548,0
1996,657,0.19626594470721442,1.977736361384658e-09,0.19626594272947806,0
2340,705,0.19634519812362247,1.6014247228491802e-09,0.19634519652219776,0
2779,758,0.1967048412000106,3.0439578323762365e-11,0.19670484116957104,0
556,251,0.1968158484333528,1.3296326907326693e-09,0.19681584710372013,0
3330,1281,0.19687989165206007,1.1377048943494135e-09,0.19687989051435517,0
910,385,0.19731220841839942,1.2046895523299033e-10,0.19731220829793045,0
3879,1384,0.1974674237789402,3.9249539443472e-09,0.19746741985398625,0
877,372,0.1980112230527616,1.603520716792457e-07,0.1980110627006899,0
2238,694,0.19871665715043668,5.2580449233741545e-11,0.19871665709785624,0
2693,750,0.19935221712106216,6.021615246700785e-10,0.19935221651890064,0
1552,607,0.19964665760127662,8.208848894592351e-08,0.19964657551278767,0
679,292,0.19995288436054623,6.93227369456703e-11,0.1999528842912235,0
756,320,0.20040684744832515,1.4545100210434648e-10,0.20040684730287414,0
2675,746,0.20078128060420705,3.707702780801261e-10,0.20078128023343678,0
1535,605,0.20112265244141977,2.0460275723445132e-07,0.20112244783866254,0
2800,762,0.20114658459479484,1.7707516217350023e-11,0.2011465845770873,0
2127,667,0.2016050752545907,1.100072891534858e-09,0.2016050741545178,0
3156,1279,0.2016831873922669,8.520755739974929e-11,0.20168318730705934,0
2956,824,0.20189521559191487,3.534700453574905e-10,0.2018952152384448,0
216,94,0.2020691387094733,5.168170005595156e-10,0.2020691381926563,0
1619,616,0.20249566369624325,2.5689328286537023e-08,0.20249563800691497,0
1594,614,0.2026389115705486,2.0613513115697298e-08,0.2026388909570355,0
3086,839,0.2027221604442769,6.503563225674959e-11,0.20272216037924126,0
4208,1408,0.20280960615370278,1.122850883984341e-09,0.20280960503085188,0
2160,673,0.20355421141057353,2.19195632879779e-10,0.2035542111913779,0
715,309,0.20367894371226966,5.2683278474985145e-08,0.2036788910289912,0
1215,503,0.20373994275794904,1.0571565418075293e-08,0.20373993218638362,0
1875,643,0.20417014025723854,2.602140538389667e-08,0.20417011423583314,0
2235,694,0.20440470755461423,5.2580449233741545e-11,0.2044047075020338,0
2043,661,0.2046791982790234,1.6163376433931894e-09,0.20467919666268575,0
2994,827,0.2050195748267257,4.816820406100609e-10,0.20501957434504367,0
1769,632,0.20596818730862673,3.8160884584044533e-11,0.20596818727046584,0
2579,732,0.20662137706411018,1.3391419089431465e-10,0.206621376930196,0
571,256,0.2068978543184758,2.0128755535530473e-10,0.20689785411718825,0
1329,559,0.20748313653204298,2.467477207955041e-06,0.20748066905483503,0
3337,1281,0.2074978645863687,1.1377048943494135e-09,0.2074978634486638,0
3993,1387,0.20804771770943112,5.439410491060315e-10,0.20804771716549006,0
416,187,0.20820236772575276,1.5356286193419043e-09,0.20820236619012414,0
1034,434,0.20847586395434237,1.268929395459949e-06,0.20847459502494692,0
3415,1300,0.20925897742660493,3.984201594306456e-09,0.20925897344240332,0
1291,537,0.20942933792903762,2.305701847477898e-09,0.20942933562333577,0
1420,579,0.20944691778031047,1.6065387039430635e-10,0.2094469176196566,0
2544,726,0.20946321507541624,5.5712140994493215e-11,0.2094632150197041,0
4033,1388,0.20977954065223722,3.115865762909136e-11,0.20977954062107856,0
3744,1364,0.2098176605569305,2.6746182454218203e-09,0.20981765788231224,0
4158,1407,0.21113701642919017,4.675956535892726e-10,0.2111370159615945,0
3099,840,0.21246431519234302,6.758327492335178e-11,0.21246431512475975,0
2135,669,0.21246534467445427,1.982499246597506e-09,0.21246534269195502,0
1738,627,0.2127941221194405,2.6976405892799263e-11,0.2127941220924641,0
3132,1256,0.21303878855910136,6.927690301312429e-11,0.21303878848982447,0
2013,658,0.2133646224242008,2.2683496792163445e-09,0.21336462015585111,0
707,307,0.21392084110098564,7.957901840838874e-07,0.21392004531080155,0
2847,808,0.21394769092100321,2.4646642340886973e-11,0.21394769089635657,0
2535,726,0.21460720512120485,5.5712140994493215e-11,0.21460720506549272,0
3732,1364,0.21478515603598236,2.6746182454218203e-09,0.2147851533613641,0
1674,621,0.21480879232059572,8.672033760932985e-09,0.21480878364856196,0
1287,536,0.21496300873041044,4.489733458480498e-09,0.214963004240677,0
4109,1407,0.21526375448448964,4.675956535892726e-10,0.215263754016894,0
2454,714,0.2152916118387732,2.7304141795406657e-09,0.21529160910835904,0
209,91,0.2157007806034423,1.4963206565762516e-09,0.21570077910712165,0
2845,808,0.2160645014536056,2.4646642340886973e-11,0.21606450142895894,0
1993,656,0.2160939991951253,1.6862137833251728e-09,0.21609399750891153,0
2664,744,0.2160972439182465,3.58153693287914e-10,0.2160972435600928,0
953,401,0.21610842918717865,6.456142617135442e-06,0.21610197304456152,0
2876,809,0.21626109895802828,6.733614102810164e-11,0.21626109889069214,0
1926,648,0.21626526657512896,4.650962370427563e-09,0.2162652619241666,0
2700,751,0.21663282226898073,2.419407898820188e-10,0.21663282202703993,0
1266,530,0.2167042027115473,2.0823144295155263e-07,0.21670399448010436,0
3416,1300,0.21695526221420788,3.984201594306456e-09,0.21695525823000628,0
4319,1431,0.21708945527149362,7.794221677039385e-11,0.2170894551935514,0
327,148,0.217157796687254,1.4569159026321234e-07,0.21715765099566373,0
3319,1281,0.21718754801305026,1.1377048943494135e-09,0.21718754687534536,0
50,49,0.21763540836381884,1.555279327917655e-06,0.21763385308449093,0
1830,639,0.21781242399350603,2.5861657928247614e-08,0.2178123981318481,0
1589,613,0.21791593554089203,2.6475461847768405e-08,0.21791590906543018,0
3214,1280,0.21802912308611608,5.205449882615446e-10,0.21802912256557108,0
2195,677,0.2181918951819242,5.848588228907684e-11,0.2181918951234383,0
3024,832,0.2183045161462959,2.1513415041235674e-10,0.21830451593116174,0
758,322,0.21832559577470373,9.166689395936396e-11,0.21832559568303683,0
412,185,0.21908518764283566,4.704033587865101e-09,0.21908518293880208,0
4026,1388,0.21939902592852475,3.115865762909136e-11,0.2193990258973661,0
387,177,0.21946633968161824,4.346435099232068e-05,0.21942287533062593,0
3165,1279,0.21988958678676213,8.520755739974929e-11,0.21988958670155456,0
3490,1301,0.22023594326863608,1.1461396581001713e-09,0.22023594212249642,0
1140,476,0.22049478518632218,5.845089251547379e-10,0.22049478460181327,0
231,101,0.22078819690428947,8.775207795118107e-11,0.22078819681653739,0
2301,701,0.22088079856594664,2.97129046718275e-09,0.22088079559465618,0
3947,1386,0.22128989498596138,9.74271111339152e-10,0.22128989401169027,0
48,49,0.22130619847862415,1.555279327917655e-06,0.22130464319929624,0
1105,464,0.22168406602573093,4.983645602040123e-06,0.2216790823801289,0
937,392,0.22177818301302213,2.834053963675903e-11,0.22177818298468158,0
3244,1280,0.22203039221342802,5.205449882615446e-10,0.22203039169288302,0
774,327,0.22223842930108026,3.6953809802692216e-11,0.22223842926412646,0
129,66,0.2226401761539274,2.3827472832437783e-10,0.22264017591565266,0
176,74,0.22298457360780585,2.0858422786544583e-11,0.22298457358694743,0
3495,1301,0.22318408559363487,1.1461396581001713e-09,0.2231840844474952,0
2486,717,0.22325398094110174,5.743990972308578e-10,0.22325398036670266,0
884,374,0.2236571442887089,1.9047615375347486e-08,0.22365712524109352,0
4125,1407,0.22376202319875224,4.675956535892726e-10,0.22376202273115658,0
2496,718,0.22434127217445948,9.853264320372724e-10,0.22434127118913305,0
1060,442,0.22529384038660652,1.5229285642609027e-09,0.22529383886367796,0
1100,462,0.2275618118196198,0.002182448373557541,0.22537936344606224,0
3144,1257,0.22538314077273058,1.0544413675381309e-10,0.22538314066728646,0
1324,558,0.22705974845989968,1.5673328588026435e-06,0.22705818112704088,0
1219,506,0.22768019480587323,1.7674876616299588e-09,0.22768019303838558,0
4070,1406,0.22776662510673287,8.830684513257788e-11,0.22776662501842604,0
3466,1301,0.22798858371530123,1.1461396581001713e-09,0.22798858256916157,0
3241,1280,0.22817965558166028,5.205449882615446e-10,0.2281796550611153,0
89,58,0.22828849929791242,3.1696013577500267e-09,0.22828849612831106,0
1312,548,0.22883135385376008,8.857271822185257e-11,0.22883135376518737,0
4043,1406,0.22926090937388025,8.830684513257788e-11,0.2292609092855734,0
2757,756,0.22946129774319846,6.178042969911363e-11,0.229461297681418,0
2726,752,0.2310323308648945,1.644560246834373e-10,0.23103233070043847,0
2419,710,0.23109694471697823,3.223439803281071e-09,0.23109694149353843,0
487,218,0.2316234953746587,1.8367940819328289e-09,0.23162349353786463,0
4289,1410,0.23169190738339732,7.088677467113349e-11,0.23169190731251055,0
3534,1302,0.23174688411002325,5.333872614836047e-10,0.231746883576636,0
3771,1365,0.23197376022477922,2.8260988998366504e-10,0.23197375994216934,0
2890,813,0.2324056116672101,2.045485873864829e-10,0.2324056114626615,0
987,414,0.23264436285005047,2.51261188027871e-10,0.2326443625987893,0
1915,646,0.23386230036229,3.1453372268947e-08,0.23386226890891773,0
1296,539,0.2340260256023003,1.000344460627399e-09,0.23402602460195582,0
377,167,0.23404346392581968,5.1000395541943276e-11,0.23404346387481928,0
1573,610,0.23416182867070984,5.986213805904672e-09,0.23416182268449603,0
4181,1407,0.23428246586458823,4.675956535892726e-10,0.23428246539699257,0
2494,717,0.23435012732558813,5.743990972308578e-10,0.23435012675118905,0
1028,432,0.23467511002970795,4.1457037128028306e-05,0.23463365299257993,0
1473,595,0.2346824103008335,3.698788021021299e-06,0.23467871151281247,0
816,345,0.23469730043525855,1.6512619427987473e-09,0.23469729878399662,0
3016,831,0.23491334715698242,2.610173798852303e-10,0.23491334689596505,0
2836,805,0.2349928483479029,4.820283764243261e-11,0.23499284829970007,0
4011,1387,0.23582239436146948,5.439410491060315e-10,0.23582239381752843,0
2637,739,0.23587450525172635,3.4619541740494636e-10,0.23587450490553094,0
1101,463,0.23614279193082127,1.7374557646320325e-05,0.23612541737317494,0
1264,529,0.2365589039659097,5.357203851460713e-07,0.23655836824552456,0
1359,563,0.23665596334938638,5.407043189981694e-08,0.23665590927895447,0
3923,1386,0.23665709474093233,9.74271111339152e-10,0.23665709376666122,0
907,385,0.2367974368565861,1.2046895523299033e-10,0.23679743673611714,0
3749,1364,0.23696055647076147,2.6746182454218203e-09,0.23696055379614323,0
836,353,0.23728274792564874,1.034048047630276e-10,0.23728274782224393,0
3575,1315,0.2373694130343625,8.433224362430557e-08,0.23736932870211885,0
832,351,0.23742059947130056,1.6834475337339585e-10,0.2374205993029558,0
3692,1362,0.23856161883750748,7.518417158060209e-08,0.2385615436533359,0
3015,829,0.23896540828830196,3.161154075847059e-10,0.23896540797218654,0
4132,1407,0.23907861599785563,4.675956535892726e-10,0.23907861553025997,0
732,314,0.2393638122979717,1.254956828084158e-09,0.23936381104301488,0
1872,643,0.23938528496737285,2.602140538389667e-08,0.23938525894596746,0
3863,1383,0.23948425603592363,7.315236547407133e-10,0.23948425530439998,0
3586,1315,0.239681649418569,8.433224362430557e-08,0.23968156508632538,0
4224,1408,0.23974617138043483,1.122850883984341e-09,0.23974617025758393,0
287,132,0.24081825918493188,1.0436727921601621e-10,0.2408182590805646,0
4087,1406,0.24096058392999808,8.830684513257788e-11,0.24096058384169125,0
267,122,0.24144228191313344,3.0940822048402403e-09,0.24144227881905123,0
352,157,0.2414973678881367,5.795917159324693e-10,0.24149736730854499,0
2334,705,0.24184786910742828,1.6014247228491802e-09,0.24184786750600357,0
1528,603,0.24212781456870186,9.876446628439615e-10,0.2421278135810572,0
1257,527,0.24240314929891063,4.9012244286084185e-06,0.24239824807448201,0
1313,548,0.2425312361043906,8.857271822185257e-11,0.24253123601581789,0
3509,1301,0.24263008665420654,1.1461396581001713e-09,0.2426300855080669,0
2595,734,0.2430142847080009,2.5627514914370777e-10,0.24301428445172576,0
1374,566,0.24331245280391853,1.5944440844155813e-08,0.24331243685947768,0
669,289,0.24355007306323562,1.301270876736602e-10,0.24355007293310854,0
1660,619,0.24451930444955697,2.0351513757280737e-08,0.24451928409804322,0
4113,1407,0.2448953729092893,4.675956535892726e-10,0.24489537244169365,0
143,68,0.245828350380238,1.4262884945127446e-10,0.24582835023760916,0
3581,1315,0.2460023155447362,8.433224362430557e-08,0.24600223121249257,0
1453,592,0.24675572425845665,3.6301214944554056e-06,0.2467520941369622,0
2680,746,0.2467588455705836,3.707702780801261e-10,0.24675884519981334,0
859,360,0.2474723539902242,2.345542732097183e-11,0.24747235396676875,0
1944,649,0.24767258963823877,5.981580054479605e-09,0.2476725836566587,0
3747,1364,0.24772858919093996,2.6746182454218203e-09,0.2477285865163217,0
4338,1432,0.24783868756761657,1.1177592940415557e-10,0.24783868745584064,0
2211,678,0.24839391381897297,6.048038844594925e-11,0.24839391375849257,0
908,385,0.24867335069080082,1.2046895523299033e-10,0.24867335057033185,0
4151,1407,0.2489279914011635,4.675956535892726e-10,0.24892799093356785,0
2019,658,0.24893834098382522,2.2683496792163445e-09,0.24893833871547555,0
2657,743,0.24895654335064932,3.32569203539476e-10,0.24895654301808012,0
1665,620,0.24948763131843366,3.084991427138223e-08,0.2494876004685194,0
1338,561,0.2498326419393513,1.7776311414906318e-07,0.24983246417623717,0
674,290,0.2499691189418751,1.0324898605110043e-10,0.2499691188386261,0
4112,1407,0.25026399334775207,4.675956535892726e-10,0.25026399288015644,0
1474,595,0.2504668326757671,3.698788021021299e-06,0.25046313388774605,0
4104,1407,0.250648312841333,4.675956535892726e-10,0.25064831237373736,0
3838,1383,0.2507104716372395,7.315236547407133e-10,0.2507104709057158,0
3601,1316,0.25085013445751053,6.423673588589411e-09,0.25085012803383694,0
1662,619,0.2511259353188424,2.0351513757280737e-08,0.25112591496732867,0
3556,1302,0.2514536792683392,5.333872614836047e-10,0.25145367873495195,0
2119,666,0.25197613438876854,1.8954850926295748e-09,0.25197613249328343,0
3455,1301,0.2524569406620226,1.1461396581001713e-09,0.25245693951588294,0
3251,1280,0.2528469271079346,5.205449882615446e-10,0.2528469265873896,0
1859,642,0.25319348304574907,9.62682078653581e-09,0.2531934734189283,0
167,71,0.2531976481307769,6.627918964854086e-11,0.2531976480644977,0
2752,756,0.2534465354351532,6.178042969911363e-11,0.2534465353733728,0
3482,1301,0.2536311523619506,1.1461396581001713e-09,0.2536311512158109,0
1590,613,0.25421573141481807,2.6475461847768405e-08,0.25421570493935625,0
2640,739,0.2546270674966357,3.4619541740494636e-10,0.2546270671504403,0
4243,1409,0.25474372100312986,1.0247438592455157e-09,0.254743719978386,0
4057,1406,0.2547635271465056,8.830684513257788e-11,0.2547635270581987,0
2095,665,0.25570905149024314,5.790722800655956e-09,0.25570904569952035,0
443,197,0.255778104068547,7.412483062321154e-11,0.2557781039944222,0
1505,599,0.2568306100540304,1.3526852013119952e-07,0.2568304747855103,0
159,69,0.257422754503623,9.882653539388228e-11,0.25742275440479645,0
59,50,0.2580443459569932,1.5230968218727687e-07,0.258044193647311,0
3669,1318,0.25810199324662325,2.9863632020639434e-10,0.2581019929479869,0
3738,1364,0.25816757443987587,2.6746182454218203e-09,0.2581675717652576,0
555,251,0.25827212565602087,1.3296326907326693e-09,0.2582721243263882,0
972,409,0.25834466815214413,1.828721180216684e-09,0.25834466632342296,0
1972,654,0.2583703394640285,5.590128721588068e-10,0.2583703389050156,0
3702,1362,0.2584256506582437,7.518417158060209e-08,0.25842557547407213,0
300,135,0.25846462046869595,6.199796153609842e-11,0.258464620406698,0
2945,822,0.25869383069337815,3.438894336953983e-10,0.25869383034948873,0
28,30,0.258991077606566,4.675806688816709e-10,0.2589910771389853,0
2929,819,0.2591990842455085,4.077307408079862e-10,0.2591990838377778,0
730,312,0.25992000720055425,4.00045412928371e-09,0.2599200032001001,0
148,68,0.2599219252077227,1.4262884945127446e-10,0.2599219250650939,0
1152,478,0.25997585395939976,3.092446591135483e-10,0.2599758536501551,0
3909,1385,0.2607917346261286,7.542387001333966e-09,0.2607917270837416,0
2051,661,0.2608922393084071,1.6163376433931894e-09,0.2608922376920695,0
3792,1365,0.2612524185282646,2.8260988998366504e-10,0.2612524182456547,0
1558,607,0.2612605701978107,8.208848894592351e-08,0.26126048810932173,0
1556,607,0.26157973512357313,8.208848894592351e-08,0.2615796530350842,0
1059,442,0.2618105502330925,1.5229285642609027e-09,0.26181054871016396,0
3440,1300,0.2621825450067419,3.984201594306456e-09,0.2621825410225403,0
3396,1299,0.26230087747404063,7.147543147588599e-10,0.2623008767592863,0
661,286,0.26253180856116914,3.0469393628148104e-10,0.2625318082564752,0
1273,532,0.26257703716084657,4.326332376137098e-08,0.2625769938975228,0
636,280,0.2627225368320463,5.702433821581867e-09,0.2627225311296125,0
3535,1302,0.26322815109742065,5.333872614836047e-10,0.26322815056403337,0
2576,732,0.26347774682225333,1.3391419089431465e-10,0.2634777466883391,0
1844,641,0.2635632173466572,1.1360174684233893e-08,0.26356320598648253,0
897,381,0.26409783245211704,3.7810425101782173e-10,0.2640978320740128,0
1301,542,0.2642808060454003,3.9786173359914537e-10,0.26428080564753853,0
2636,739,0.2646200390640777,3.4619541740494636e-10,0.2646200387178823,0
3773,1365,0.2649241828335067,2.8260988998366504e-10,0.26492418255089684,0
1161,481,0.2649595049303742,1.353504851493682e-10,0.26495950479502367,0
868,369,0.2652666184864948,4.23332399521252e-05,0.2652242852465427,0
2391,709,0.2657266799598147,3.874445509064861e-09,0.2657266760853692,0
4004,1387,0.26593817878050374,5.439410491060315e-10,0.2659381782365627,0
2215,693,0.2668226691587599,5.958793058060246e-11,0.26682266909917196,0
3120,1255,0.2668373513171115,1.64121839563082e-11,0.2668373513006993,0
1237,517,0.26697500665011537,7.393082328556992e-11,0.26697500657618456,0
4165,1407,0.26728820907052175,4.675956535892726e-10,0.2672882086029261,0
482,216,0.2673238313642615,6.0970069763804545e-09,0.26732382526725457,0
3293,1281,0.26785993183928425,1.1377048943494135e-09,0.2678599307015794,0
1799,636,0.2679733939569962,2.0945435733469072e-09,0.2679733918624526,0
1910,645,0.2680244069557734,1.6027409218642375e-08,0.26802439092836416,0
1151,478,0.26900075741115775,3.092446591135483e-10,0.26900075710191307,0
4092,1406,0.26909218706069965,8.830684513257788e-11,0.2690921869723928,0
2822,803,0.26974973244542594,1.9941672148468157e-11,0.2697497324254843,0
2566,730,0.2702619329098611,2.1819552980184557e-10,0.2702619326916656,0
3250,1280,0.27034651559661427,5.205449882615446e-10,0.27034651507606927,0
1933,648,0.27038128425486074,4.650962370427563e-09,0.27038127960389835,0
349,156,0.27039625214768065,8.430867356831907e-10,0.27039625130459394,0
46,48,0.27047618355172764,2.6442371228832802e-06,0.27047353931460477,0
966,407,0.27082837490445355,6.113628931226352e-09,0.2708283687908246,0
424,190,0.2709120296480086,4.42083203750047e-10,0.2709120292059254,0
2601,735,0.2714756713202299,2.7170344976449653e-10,0.2714756710485265,0
1652,618,0.271606800509729,1.1728157099613225e-08,0.2716067887815719,0
2378,708,0.2720320753109377,4.222731280528328e-09,0.27203207108820643,0
2420,711,0.2722544474950648,4.409009531455266e-09,0.27225444308605523,0
1775,633,0.27250311045034586,2.9375323978841796e-10,0.2725031101565926,0
3009,829,0.2726026051077468,3.161154075847059e-10,0.2726026047916314,0
2689,749,0.27339271603380383,5.699408463943827e-10,0.27339271546386296,0
565,254,0.2736297172598158,3.774248020080307e-10,0.27362971688239096,0
1764,632,0.2736592810589679,3.8160884584044533e-11,0.27365928102080705,0
4020,1387,0.2737950130179453,5.439410491060315e-10,0.27379501247400423,0
2421,711,0.2741294705435022,4.409009531455266e-09,0.2741294661344926,0
624,276,0.2746737598451996,3.4659984897635473e-07,0.2746734132453506,0
3777,1365,0.2747737375638428,2.8260988998366504e-10,0.27477373728123294,0
2976,826,0.2757507970660317,3.6166710499089417e-10,0.27575079670436464,0
2009,657,0.2759657058892864,1.977736361384658e-09,0.27596570391155,0
2743,756,0.2760691114018268,6.178042969911363e-11,0.2760691113400464,0
3253,1280,0.2761498197687837,5.205449882615446e-10,0.2761498192482387,0
2910,815,0.27627676401174733,3.905168125149946e-10,0.27627676362123055,0
3772,1365,0.2768068740054881,2.8260988998366504e-10,0.2768068737228782,0
3345,1281,0.2773610089881933,1.1377048943494135e-09,0.27736100785048845,0
3727,1363,0.27799995148800866,4.709308265152779e-09,0.2779999467787004,0
179,79,0.2784485395374252,1.5800544639365313e-05,0.27843273899278587,0
1566,609,0.279204339406468,2.246006880118618e-07,0.27920411480578,0
3186,1279,0.2793037304946454,8.520755739974929e-11,0.27930373040943784,0
3336,1281,0.27938306667789725,1.1377048943494135e-09,0.2793830655401924,0
1020,430,0.2882452308782549,0.008770735800660283,0.2794744950775946,0
2671,745,0.27964355403557956,3.5264957946600255e-10,0.27964355368293,0
3528,1302,0.2799636037235061,5.333872614836047e-10,0.2799636031901188,0
523,232,0.2803706125799372,3.460740431944755e-11,0.28037061254532974,0
942,393,0.28037324531221053,1.9316023444468008e-11,0.2803732452928945,0
2339,705,0.28063754896039556,1.6014247228491802e-09,0.28063754735897084,0
2815,802,0.2807946756080606,1.0018238906179179e-11,0.28079467559804233,0
1285,536,0.28106565346697254,4.489733458480498e-09,0.28106564897723907,0
2020,659,0.281190957162699,3.2628143888887657e-09,0.2811909538998846,0
1824,638,0.2815119256739267,6.651364016926321e-09,0.2815119190225627,0
3432,1300,0.28238259674949184,3.984201594306456e-09,0.28238259276529026,0
4248,1409,0.28302963745246146,1.0247438592455157e-09,0.2830296364277176,0
1600,614,0.2830330081304753,2.0613513115697298e-08,0.2830329875169622,0
1618,616,0.2830718108332981,2.5689328286537023e-08,0.2830717851439698,0
3091,839,0.2833594739021213,6.503563225674959e-11,0.28335947383708565,0
640,281,0.28348099575987523,2.9392835508836883e-09,0.2834809928205917,0
627,277,0.28376864938101287,9.2588986859693e-08,0.283768556792026,0
1372,566,0.2838306413288766,1.5944440844155813e-08,0.28383062538443576,0
3802,1365,0.2838641001610038,2.8260988998366504e-10,0.2838640998783939,0
31,30,0.2844412655064334,4.675806688816709e-10,0.2844412650388527,0
1392,572,0.2860935334407828,1.08481873349661e-09,0.2860935323559641,0
2749,756,0.28613838280005194,6.178042969911363e-11,0.2861383827382715,0
3643,1318,0.2865801953754361,2.9863632020639434e-10,0.28658019507679977,0
1548,606,0.2868096352990821,1.2473033928016382e-07,0.2868095105687428,0
3417,1300,0.28745581861615016,3.984201594306456e-09,0.2874558146319486,0
2622,737,0.2875705932289552,3.615562874361185e-10,0.2875705928673989,0
3198,1279,0.28774112874183916,8.520755739974929e-11,0.2877411286566316,0
222,97,0.28779231003241657,2.1944424359902507e-10,0.2877923098129723,0
1073,448,0.2878134407861336,1.8036925955845066e-10,0.2878134406057643,0
63,51,0.28800446814093816,7.724916479690133e-08,0.2880043908917734,0
1416,579,0.2880173477440816,1.6065387039430635e-10,0.28801734758342773,0
3742,1364,0.2883538360835428,2.6746182454218203e-09,0.28835383340892456,0
2042,661,0.28922389701771906,1.6163376433931894e-09,0.28922389540138144,0
925,389,0.28994104661049647,5.546806551035235e-11,0.2899410465550284,0
4198,1408,0.2904027376620869,1.122850883984341e-09,0.29040273653923604,0
263,120,0.29042997768975903,1.0279951511064127e-08,0.29042996740980753,0
2129,667,0.29104602208069646,1.100072891534858e-09,0.2910460209806236,0
723,310,0.2911455107524567,1.9148569925459307e-08,0.29114549160388675,0
3195,1279,0.2916900941083298,8.520755739974929e-11,0.29169009402312224,0
1941,649,0.2917499270153992,5.981580054479605e-09,0.29174992103381914,0
4337,1432,0.29175797694190997,1.1177592940415557e-10,0.29175797683013405,0
3152,1279,0.2927915404731876,8.520755739974929e-11,0.29279154038798005,0
858,360,0.29329252362335717,2.345542732097183e-11,0.29329252359990177,0
2893,814,0.29334394461435886,1.2253024814633707e-10,0.2933439444918286,0
1382,569,0.2934813303038822,2.8545810919458402e-09,0.2934813274493011,0
351,157,0.29439224413248055,5.795917159324693e-10,0.29439224355288884,0
3167,1279,0.2944312393995801,8.520755739974929e-11,0.29443123931437254,0
3469,1301,0.2950448447557111,1.1461396581001713e-09,0.2950448436095714,0
2371,707,0.2952694015889913,3.4053292152757826e-09,0.29526939818366205,0
1802,636,0.29548559664224877,2.0945435733469072e-09,0.2954855945477052,0
2559,728,0.2956925455840435,1.1821401211976124e-10,0.2956925454658295,0
3188,1279,0.2962172380935359,8.520755739974929e-11,0.29621723800832833,0
4071,1406,0.2963052488531777,8.830684513257788e-11,0.29630524876487085,0
1494,598,0.29635820033043797,9.295608902077369e-08,0.2963581073743489,0
2774,757,0.29675931027936964,6.451827718278953e-11,0.29675931021485136,0
3436,1300,0.2969283724354615,3.984201594306456e-09,0.2969283684512599,0
1212,501,0.2969984709452544,3.5425152929883275e-08,0.29699843552010147,0
4324,1431,0.297802537686247,7.794221677039385e-11,0.2978025376083048,0
342,153,0.29850880667267155,3.799299193347566e-09,0.29850880287337234,0
2343,705,0.29886945261627584,1.6014247228491802e-09,0.29886945101485113,0
2253,696,0.2990556358142098,4.645973452899247e-10,0.29905563534961244,0
592,263,0.29907951882968237,4.7496897452267413e-11,0.29907951878218547,0
2852,809,0.2990928943824089,6.733614102810164e-11,0.29909289431507274,0
1606,615,0.2991957635440775,2.992084507875224e-08,0.29919573362323243,0
4076,1406,0.29926380615014736,8.830684513257788e-11,0.2992638060618405,0
3046,836,0.2994840110706281,1.539874522780238e-10,0.2994840109166407,0
1901,645,0.30063294491988357,1.6027409218642375e-08,0.30063292889247434,0
2044,661,0.30118538336805617,1.6163376433931894e-09,0.30118538175171855,0
3890,1385,0.3013685927204064,7.542387001333966e-09,0.3013685851780194,0
3624,1318,0.3014533554541709,2.9863632020639434e-10,0.30145335515553456,0
3543,1302,0.3015505728453923,5.333872614836047e-10,0.301550572312005,0
1419,579,0.30196194079516436,1.6065387039430635e-10,0.3019619406345105,0
602,265,0.30199327283421745,2.8638431203104402e-11,0.301993272805579,0
4204,1408,0.3022445207496494,1.122850883984341e-09,0.30224451962679855,0
3988,1387,0.3027124585970767,5.439410491060315e-10,0.3027124580531356,0
1440,584,0.3028909007085652,3.515078010639408e-11,0.30289090067341445,0
126,65,0.3038184846346802,2.5498656665974133e-10,0.3038184843796936,0
3794,1365,0.30397199594244023,2.8260988998366504e-10,0.30397199565983035,0
3377,1282,0.304477460875104,8.561153931544979e-10,0.3044774600189886,0
1234,516,0.30450115449638304,8.785169545178193e-11,0.30450115440853137,0
2899,814,0.30508128212697255,1.2253024814633707e-10,0.3050812820044423,0
1727,626,0.30570274992006424,2.982616498485207e-10,0.3057027496218026,0
2923,819,0.30606801880447926,4.077307408079862e-10,0.3060680183967485,0
1966,653,0.3061071821504482,9.700603132906878e-10,0.3061071811803879,0
511,227,0.30654457388462025,9.156692087656656e-11,0.30654457379305333,0
3305,1281,0.30658582911643256,1.1377048943494135e-09,0.3065858279787277,0
1436,582,0.3066253551659193,7.281894684696827e-11,0.30662535509310035,0
2651,741,0.3068158803212154,3.627563772253051e-10,0.306815879958459,0
2694,750,0.30694273632207053,6.021615246700785e-10,0.306942735719909,0
696,297,0.3069564126466385,2.359338259341513e-11,0.30695641262304507,0
3961,1386,0.3071726317236258,9.74271111339152e-10,0.3071726307493547,0
1248,521,0.3072643382086744,1.985777279217295e-11,0.3072643381888166,0
1610,615,0.308556052363519,2.992084507875224e-08,0.30855602244267394,0
459,207,0.33575783575096724,0.026904917688219145,0.3088529180627481,0
3814,1366,0.3089058953042523,1.0410854588917419e-10,0.3089058952001437,0
1831,639,0.30912871977496387,2.5861657928247614e-08,0.30912869391330594,0
2410,710,0.30928677595536425,3.223439803281071e-09,0.30928677273192445,0
3398,1299,0.3101544330875883,7.147543147588599e-10,0.31015443237283397,0
1466,594,0.31032332554254916,1.6029048807575647e-06,0.3103217226376684,0
2427,712,0.31040824875309114,3.5612777745807994e-09,0.31040824519181337,0
1246,519,0.3109381070096589,4.675375643516997e-11,0.31093810696290514,0
3193,1279,0.31099000724935777,8.520755739974929e-11,0.3109900071641502,0
2867,809,0.3113021785173683,6.733614102810164e-11,0.31130217845003216,0
1204,499,0.31162705602616586,1.8218606392646095e-07,0.31162687384010196,0
4041,1406,0.3117603342740277,8.830684513257788e-11,0.31176033418572086,0
1454,592,0.3117888549379719,3.6301214944554056e-06,0.31178522481647747,0
157,69,0.3122672077901527,9.882653539388228e-11,0.31226720769132615,0
358,160,0.31259022512348206,2.2797642665465885e-10,0.31259022489550564,0
2831,804,0.3130648804408683,2.8309554796245258e-11,0.3130648804125587,0
4193,1408,0.3136391841115001,1.122850883984341e-09,0.31363918298864923,0
2329,705,0.31394023006064375,1.6014247228491802e-09,0.31394022845921904,0
2441,714,0.31438940156615086,2.7304141795406657e-09,0.3143893988357367,0
2999,827,0.31524103267193426,4.816820406100609e-10,0.31524103219025223,0
2709,751,0.31598435836522687,2.419407898820188e-10,0.31598435812328607,0
211,92,0.3164204718496059,9.837525169630863e-10,0.3164204708658534,0
368,165,0.31662948192717266,7.397264892298003e-11,0.3166294818532,0
1062,442,0.3172860779648562,1.5229285642609027e-09,0.31728607644192763,0
3247,1280,0.3174865847408105,5.205449882615446e-10,0.3174865842202655,0
1553,607,0.31770423344575327,8.208848894592351e-08,0.3177041513572643,0
2888,813,0.3179398732674194,2.045485873864829e-10,0.3179398730628708,0
1874,643,0.3179999115081652,2.602140538389667e-08,0.31799988548675984,0
975,410,0.31835989180080015,1.1076076519456373e-09,0.3183598906931925,0
1967,654,0.31875279093874764,5.590128721588068e-10,0.31875279037973475,0
785,335,0.3293551262163888,0.010194587734320987,0.3191605384820678,0
1137,474,0.31937653511501274,1.2932513094706086e-09,0.31937653382176145,0
131,66,0.31944844695268587,2.3827472832437783e-10,0.31944844671441114,0
2081,663,0.3197200424397522,1.876960969533189e-09,0.31972004056279124,0
1730,626,0.3200092893983967,2.982616498485207e-10,0.32000928910013504,0
455,203,0.3202896499000407,1.1765438081609276e-11,0.3202896498882753,0
4278,1410,0.3205981761648078,7.088677467113349e-11,0.320598176093921,0
3539,1302,0.3212956820509027,5.333872614836047e-10,0.3212956815175154,0
3745,1364,0.3216013124511442,2.6746182454218203e-09,0.32160130977652596,0
544,247,0.3216604411907064,1.8966101698182565e-08,0.3216604222246047,0
3365,1282,0.32223618188029196,8.561153931544979e-10,0.32223618102417656,0
175,74,0.32225002959288657,2.0858422786544583e-11,0.32225002957202814,0
3271,1280,0.3222732782008699,5.205449882615446e-10,0.3222732776803249,0
1394,572,0.32282292421928416,1.08481873349661e-09,0.3228229231344654,0
4240,1409,0.3230189463453131,1.0247438592455157e-09,0.32301894532056924,0
3185,1279,0.32342326782939923,8.520755739974929e-11,0.32342326774419167,0
1867,643,0.3234353132041651,2.602140538389667e-08,0.3234352871827597,0
3216,1280,0.32379847937499406,5.205449882615446e-10,0.32379847885444907,0
2274,700,0.32390369704824823,5.225745272174422e-10,0.3239036965256737,0
2320,704,0.32392803642028367,1.1307670022971909e-09,0.3239280352895167,0
1493,598,0.3240081776762463,9.295608902077369e-08,0.32400808472015724,0
1936,648,0.3241642103776075,4.650962370427563e-09,0.3241642057266451,0
1401,572,0.3250114716921681,1.08481873349661e-09,0.32501147060734936,0
1288,537,0.32506986952154454,2.305701847477898e-09,0.3250698672158427,0
3985,1387,0.32517888758715713,5.439410491060315e-10,0.32517888704321607,0
2063,661,0.3254736828433088,1.6163376433931894e-09,0.3254736812269712,0
3172,1279,0.3263294195349301,8.520755739974929e-11,0.32632941944972255,0
1871,643,0.3264395053933198,2.602140538389667e-08,0.3264394793719144,0
850,357,0.3265617418639013,4.9719071431130766e-11,0.32656174181418224,0
733,315,0.3265866988669975,7.818265562085392e-10,0.32658669808517093,0
3373,1282,0.327967317324058,8.561153931544979e-10,0.3279673164679426,0
3130,1256,0.3280596488527823,6.927690301312429e-11,0.3280596487835054,0
1813,638,0.3283698353270965,6.651364016926321e-09,0.3283698286757325,0
3856,1383,0.32839290074547917,7.315236547407133e-10,0.3283929000139555,0
3092,839,0.3292131598746574,6.503563225674959e-11,0.32921315980962174,0
2548,726,0.329254771058285,5.5712140994493215e-11,0.32925477100257283,0
4232,1408,0.32936446862076046,1.122850883984341e-09,0.3293644674979096,0
3578,1315,0.3295948478811182,8.433224362430557e-08,0.32959476354887457,0
3499,1301,0.32969122512927407,1.1461396581001713e-09,0.3296912239831344,0
3082,839,0.3298248848990561,6.503563225674959e-11,0.32982488483402045,0
3627,1318,0.3301637680575267,2.9863632020639434e-10,0.33016376775889034,0
1096,456,0.3301781779552133,2.9940715011468557e-11,0.3301781779252726,0
1461,593,0.33091955755429575,1.6853700184695572e-06,0.33091787218427726,0
4268,1409,0.33104926817731917,1.0247438592455157e-09,0.3310492671525753,0
744,317,0.33167071821759847,3.557036572821745e-10,0.33167071786189484,0
4254,1409,0.33251489439947884,1.0247438592455157e-09,0.332514893374735,0
1160,481,0.33388435071401923,1.353504851493682e-10,0.3338843505786687,0
421,190,0.33407543599763734,4.42083203750047e-10,0.33407543555555413,0
2075,663,0.33488348587145356,1.876960969533189e-09,0.3348834839944926,0
4263,1409,0.33490674776557267,1.0247438592455157e-09,0.3349067467408288,0
2492,717,0.33525963286874944,5.743990972308578e-10,0.33525963229435035,0
1126,471,0.3355836719803574,7.011045285956265e-09,0.3355836649693121,0
766,324,0.3356718704020459,6.274853214446789e-11,0.33567187033929735,0
2449,714,0.3360805740010673,2.7304141795406657e-09,0.3360805712706531,0
1907,645,0.33641572426812616,1.6027409218642375e-08,0.3364157082407169,0
3228,1280,0.33653691762625826,5.205449882615446e-10,0.33653691710571326,0
749,318,0.33679304518837677,2.556848292428688e-10,0.33679304493269197,0
1004,420,0.3373410863361663,6.339520313889813e-11,0.3373410862727711,0
3143,1257,0.3374756337778345,1.0544413675381309e-10,0.33747563367239036,0
1527,603,0.3382430366914792,9.876446628439615e-10,0.3382430357038345,0
3248,1280,0.3382431238139109,5.205449882615446e-10,0.3382431232933659,0
3881,1384,0.3386117568000519,3.9249539443472e-09,0.338611752875098,0
703,305,0.33878439075096817,5.9820512735023865e-05,0.33872457023823316,0
2277,700,0.33898494619269276,5.225745272174422e-10,0.3389849456701182,0
1681,621,0.33912766217941714,8.672033760932985e-09,0.3391276535073834,0
2784,759,0.33922093204777193,3.458741757292906e-11,0.3392209320131845,0
1208,500,0.33944542299747366,7.588924236880007e-08,0.33944534710823127,0
572,256,0.3400766069460044,2.0128755535530473e-10,0.34007660674471685,0
3695,1362,0.34072606807817085,7.518417158060209e-08,0.3407259928939993,0
1794,634,0.34079266653445084,2.130456983474741e-10,0.34079266632140515,0
4194,1408,0.34103227656464,1.122850883984341e-09,0.34103227544178916,0
1306,544,0.3415313848997992,2.1938730763288008e-10,0.3415313846804119,0
3644,1318,0.3420448374075251,2.9863632020639434e-10,0.3420448371088888,0
503,223,0.3424049635384684,2.497056432441965e-10,0.34240496328876274,0
3041,835,0.3426678566165976,2.278985320142298e-10,0.34266785638869907,0
614,274,0.3428288699512155,1.5314612043390388e-05,0.34281355533917207,0
469,211,0.3431109377814409,1.0655543602283487e-06,0.34310987222708067,0
321,147,0.34312660058361155,4.2471184080047133e-07,0.34312617587177074,0
3937,1386,0.3440721287493233,9.74271111339152e-10,0.3440721277750522,0
233,101,0.34466312472381494,8.775207795118107e-11,0.34466312463606286,0
2939,821,0.3448342696650697,3.468388148397623e-10,0.34483426931823086,0
3857,1383,0.34530067840449574,7.315236547407133e-10,0.34530067767297207,0
745,317,0.34540413301125156,3.557036572821745e-10,0.3454041326555479,0
4040,1406,0.34551029763815916,8.830684513257788e-11,0.3455102975498523,0
199,87,0.3455146567416451,1.3518449003114714e-08,0.3455146432231961,0
1061,442,0.3459053154666102,1.5229285642609027e-09,0.3459053139436816,0
839,354,0.3461739781347562,8.382325920747824e-11,0.3461739780509329,0
3594,1316,0.34701004044492495,6.423673588589411e-09,0.34701003402125136,0
4192,1408,0.3470662173795103,1.122850883984341e-09,0.34706621625665945,0
1369,565,0.3472498805259703,2.0255315725670774e-08,0.3472498602706546,0
1968,654,0.34732010577743755,5.590128721588068e-10,0.34732010521842466,0
773,326,0.3486149718728564,4.5494208609985074e-11,0.3486149718273622,0
1588,613,0.349008641669874,2.6475461847768405e-08,0.3490086151944122,0
2387,709,0.3490651174761801,3.874445509064861e-09,0.3490651136017346,0
1679,621,0.3493475101009471,8.672033760932985e-09,0.34934750142891335,0
526,233,0.3495455406370305,2.4493022684547915e-11,0.3495455406125375,0
2568,730,0.3497359986836349,2.1819552980184557e-10,0.3497359984654394,0
21,28,0.3499296663999816,1.1614800262718819e-06,0.3499285049199553,0
2886,812,0.35071202553952885,2.196377088734881e-10,0.35071202531989115,0
3640,1318,0.3508644143603546,2.9863632020639434e-10,0.35086441406171825,0
2001,657,0.35113174745324593,1.977736361384658e-09,0.35113174547550957,0
594,263,0.3512314763073775,4.7496897452267413e-11,0.3512314762598806,0
432,193,0.3512902137201075,1.7898199384947124e-10,0.3512902135411255,0
3492,1301,0.35168843009727824,1.1461396581001713e-09,0.35168842895113855,0
2500,718,0.3517727210708677,9.853264320372724e-10,0.3517727200855413,0
2381,708,0.3518230987836717,4.222731280528328e-09,0.3518230945609404,0
2435,713,0.3533362382306129,2.565124306684647e-09,0.3533362356654886,0
1952,650,0.35341805289880424,3.5215111126292716e-10,0.35341805254665315,0
1646,617,0.3535247557581111,1.0023285878522447e-08,0.35352474573482523,0
2059,661,0.35386182164857305,1.6163376433931894e-09,0.35386182003223543,0
1344,561,0.3539700771026525,1.7776311414906318e-07,0.3539698993395383,0
872,370,0.35409781826517833,3.865815581282872e-06,0.35409395244959707,0
4120,1407,0.354358688695867,4.675956535892726e-10,0.3543586882282714,0
296,135,0.35442557078434994,6.199796153609842e-11,0.354425570722352,0
4302,1430,0.35449401938171543,6.728331498150994e-12,0.3544940193749871,0
3713,1363,0.35747567272250524,4.709308265152779e-09,0.35747566801319697,0
1868,643,0.35838706480656024,2.602140538389667e-08,0.3583870387851549,0
3359,1282,0.35877799265934696,8.561153931544979e-10,0.35877799180323156,0
1214,502,0.3588736642202301,1.8728450973951688e-08,0.35887364549177914,0
4220,1408,0.358964339851341,1.122850883984341e-09,0.35896433872849015,0
2289,700,0.3594651560779661,5.225745272174422e-10,0.35946515555539155,0
1087,451,0.35947059202863546,8.924581693989009e-11,0.3594705919393896,0
2862,809,0.3595791633725612,6.733614102810164e-11,0.35957916330522505,0
4053,1406,0.36004783633913223,8.830684513257788e-11,0.36004783625082537,0
491,220,0.36028832295512203,7.146656547487658e-10,0.36028832224045637,0
3089,839,0.3608781188373004,6.503563225674959e-11,0.3608781187722648,0
3622,1317,0.36201329977347885,2.0018468968411415e-09,0.36201329777163194,0
2983,826,0.36209975513981524,3.6166710499089417e-10,0.36209975477814815,0
2348,705,0.3624879768496047,1.6014247228491802e-09,0.36248797524818,0
4137,1407,0.3629537172408083,4.675956535892726e-10,0.3629537167732127,0
870,369,0.36308738847071437,4.23332399521252e-05,0.36304505523076225,0
3910,1385,0.3633303068618786,7.542387001333966e-09,0.3633302993194916,0
69,52,0.3635313077209852,5.6186169364949176e-08,0.3635312515348158,0
2707,751,0.36380272409994335,2.419407898820188e-10,0.36380272385800255,0
461,209,0.3640935906162504,7.766176144502525e-05,0.3640159288548054,0
4315,1431,0.3643268025133169,7.794221677039385e-11,0.3643268024353747,0
2798,762,0.36457887086313057,1.7707516217350023e-11,0.36457887084542306,0
3782,1365,0.36511736066442896,2.8260988998366504e-10,0.3651173603818191,0
2814,802,0.3657132186030456,1.0018238906179179e-11,0.36571321859302736,0
4191,1408,0.365872523468217,1.122850883984341e-09,0.36587252234536616,0
2540,726,0.3663893419862023,5.5712140994493215e-11,0.36638934193049016,0
281,128,0.36662953940631854,2.957473892724143e-10,0.36662953911057117,0
1756,631,0.3666529053640273,5.112184947754326e-16,0.3666529053640268,0
2145,671,0.36701386123784346,6.391120472396554e-10,0.3670138605987314,0
1239,518,0.36905638864429935,6.08578780977665e-11,0.3690563885834415,0
3987,1387,0.369154269150295,5.439410491060315e-10,0.3691542686063539,0
3920,1386,0.3691845420508926,9.74271111339152e-10,0.36918454107662146,0
3834,1383,0.36922890169199896,7.315236547407133e-10,0.3692289009604753,0
979,412,0.3701443073643019,4.845853783984582e-10,0.37014430687971656,0
2304,702,0.3704421117313666,2.339920009874165e-09,0.37044210939144656,0
1937,648,0.3706128530360522,4.650962370427563e-09,0.3706128483850898,0
2924,819,0.37118340998906524,4.077307408079862e-10,0.3711834095813345,0
3513,1302,0.3714096012269771,5.333872614836047e-10,0.3714096006935898,0
1992,656,0.3721604420683703,1.6862137833251728e-09,0.3721604403821565,0
2550,726,0.37298919460781416,5.5712140994493215e-11,0.372989194552102,0
2094,665,0.37335030628216903,5.790722800655956e-09,0.37335030049144624,0
2934,820,0.3738041599107679,4.032762375327215e-10,0.37380415950749163,0
4012,1387,0.37415809926042526,5.439410491060315e-10,0.3741580987164842,0
2102,666,0.3744695013074158,1.8954850926295748e-09,0.3744694994119307,0
2213,678,0.3744725228055338,6.048038844594925e-11,0.3744725227450534,0
4091,1406,0.3745856781885847,8.830684513257788e-11,0.3745856781002778,0
3267,1280,0.374919860308784,5.205449882615446e-10,0.374919859788239,0
177,74,0.3755299518685756,2.0858422786544583e-11,0.37552995184771715,0
4326,1431,0.3758466416010728,7.794221677039385e-11,0.3758466415231306,0
2011,658,0.3759451014727142,2.2683496792163445e-09,0.37594509920436453,0
3112,842,0.376050666490417,4.4244428671028666e-11,0.3760506664461726,0
4051,1406,0.3777517307073101,8.830684513257788e-11,0.37775173061900325,0
3540,1302,0.3782736730091762,5.333872614836047e-10,0.3782736724757889,0
2039,661,0.3783966537092599,1.6163376433931894e-09,0.3783966520929223,0
1404,573,0.3791233372382625,6.54631778252059e-10,0.37912333658363073,0
4287,1410,0.3791636313458496,7.088677467113349e-11,0.37916363127496283,0
3446,1301,0.379240391247914,1.1461396581001713e-09,0.3792403901017743,0
765,324,0.37953460523073956,6.274853214446789e-11,0.37953460516799103,0
1136,473,0.3798918082432302,2.135900169265159e-09,0.37989180610733003,0
623,276,0.3803875224361579,3.4659984897635473e-07,0.38038717583630893,0
2460,715,0.3807098219654747,1.3168322382130444e-09,0.38070982064864245,0
1611,615,0.3815271352580064,2.992084507875224e-08,0.38152710533716133,0
1317,550,0.38173128928071187,5.727931321789759e-11,0.3817312892234326,0
3564,1303,0.3819656342626562,2.09629729389125e-11,0.3819656342416932,0
4332,1432,0.3824062771143481,1.1177592940415557e-10,0.3824062770025722,0
2444,714,0.3826038318328566,2.7304141795406657e-09,0.38260382910244245,0
3157,1279,0.38292212897515515,8.520755739974929e-11,0.3829221288899476,0
1195,496,0.3832732860430665,5.320322753684898e-06,0.3832679657203128,0
2723,752,0.3840402026804908,1.644560246834373e-10,0.3840402025160348,0
1598,614,0.3847334308272231,2.0613513115697298e-08,0.38473341021371,0
2180,676,0.38478542356782647,3.589233555318326e-11,0.3847854235319341,0
3233,1280,0.38494310315020336,5.205449882615446e-10,0.38494310262965836,0
3998,1387,0.3851021414665076,5.439410491060315e-10,0.38510214092256656,0
223,97,0.3855447957055688,2.1944424359902507e-10,0.3855447954861246,0
2649,740,0.38574399048956565,3.685008552148589e-10,0.3857439901210648,0
229,100,0.3861787755001886,1.0178004000552718e-10,0.38617877539840856,0
1247,520,0.38623231592539176,3.20695045107367e-11,0.38623231589332224,0
3122,1255,0.38623400109255424,1.64121839563082e-11,0.38623400107614203,0
1841,641,0.386276570433025,1.1360174684233893e-08,0.3862765590728503,0
1592,614,0.3863621526364099,2.0613513115697298e-08,0.38636213202289676,0
2626,738,0.38640818751825423,4.3081523275887065e-10,0.386408187087439,0
3053,837,0.38642134175874965,1.2216367482088777e-10,0.386421341636586,0
2582,733,0.38694803005642936,2.2735061324356993e-10,0.3869480298290787,0
4122,1407,0.3869842672360964,4.675956535892726e-10,0.3869842667685008,0
2819,802,0.38727198889133685,1.0018238906179179e-11,0.3872719888813186,0
4037,1406,0.38751119291165226,8.830684513257788e-11,0.3875111928233454,0
3873,1384,0.38789112209099247,3.9249539443472e-09,0.38789111816603855,0
518,230,0.38821421996702266,5.437053738589611e-11,0.3882142199126521,0
3568,1314,0.3889948374953534,7.234274544324828e-09,0.38899483026107884,0
376,167,0.38905974171784996,5.1000395541943276e-11,0.3890597416668496,0
903,383,0.38921515947988855,2.0209580143952788e-10,0.38921515927779277,0
3519,1302,0.389240419694222,5.333872614836047e-10,0.38924041916083474,0
3526,1302,0.38933027336834053,5.333872614836047e-10,0.38933027283495325,0
3442,1301,0.389665031981262,1.1461396581001713e-09,0.38966503083512233,0
1095,456,0.3900044681876149,2.9940715011468557e-11,0.3900044681576742,0
1479,596,0.39025721340693725,2.45141182097413e-07,0.3902569682657552,0
2221,693,0.391066491715276,5.958793058060246e-11,0.3910664916556881,0
2395,709,0.39111015219614426,3.874445509064861e-09,0.39111014832169877,0
1570,610,0.3921452201198506,5.986213805904672e-09,0.3921452141336368,0
4009,1387,0.39261238884041133,5.439410491060315e-10,0.39261238829647027,0
241,103,0.39316330444324005,5.807625773813899e-11,0.3931633043851638,0
1747,627,0.39372631226863153,2.6976405892799263e-11,0.3937263122416551,0
483,216,0.3940158840956675,6.0970069763804545e-09,0.39401587799866056,0
2312,703,0.39422717213281927,1.5435187487069534e-09,0.3942271705893005,0
3655,1318,0.39440637318376837,2.9863632020639434e-10,0.39440637288513203,0
2688,749,0.39455297373875786,5.699408463943827e-10,0.394552973168817,0
310,143,0.39713334527825744,0.0022050943756785875,0.3949282509025789,0
227,99,0.39543738118621546,1.2954778472204655e-10,0.3954373810566677,0
2489,717,0.3957500994402522,5.743990972308578e-10,0.3957500988658531,0
4182,1407,0.39587370432927166,4.675956535892726e-10,0.39587370386167603,0
3268,1280,0.39688979052499757,5.205449882615446e-10,0.39688979000445257,0
1561,608,0.39709624034824603,6.608073994034088e-07,0.3970955795408466,0
3696,1362,0.39731923004523595,7.518417158060209e-08,0.3973191548610644,0
3201,1279,0.39783614183033406,8.520755739974929e-11,0.3978361417451265,0
2849,809,0.3982455646151382,6.733614102810164e-11,0.3982455645478021,0
857,360,0.39828482170100576,2.345542732097183e-11,0.39828482167755036,0
600,265,0.3986195162497978,2.8638431203104402e-11,0.3986195162211594,0
1226,510,0.39877159925659844,4.082623713235765e-10,0.3987715988483361,0
2768,757,0.39954031787857225,6.451827718278953e-11,0.39954031781405397,0
1759,632,0.39992452180028887,3.8160884584044533e-11,0.399924521762128,0
3764,1365,0.4000012258180796,2.8260988998366504e-10,0.40000122553546974,0
1196,497,0.4010607658656832,1.533401909875918e-06,0.4010592324637733,0
2528,724,0.4011776645162434,5.973640182985794e-11,0.40117766445650704,0
2850,809,0.40136844946336453,6.733614102810164e-11,0.4013684493960284,0
3372,1282,0.40236173341021514,8.561153931544979e-10,0.40236173255409974,0
1647,617,0.40289469688072227,1.0023285878522447e-08,0.4028946868574364,0
1205,499,0.4031516010043503,1.8218606392646095e-07,0.4031514188182864,0
155,69,0.4032506998747815,9.882653539388228e-11,0.40325069977595496,0
2153,671,0.40360455503068937,6.391120472396554e-10,0.40360455439157733,0
386,177,0.4039317461653672,4.346435099232068e-05,0.40388828181437486,0
3264,1280,0.4048440024209856,5.205449882615446e-10,0.4048440019004406,0
1916,646,0.4050621949380453,3.1453372268947e-08,0.405062163484673,0
402,182,0.4051145150318904,4.201041692184241e-08,0.40511447302147346,0
3943,1386,0.4051733212754652,9.74271111339152e-10,0.4051733203011941,0
2894,814,0.4053897426513971,1.2253024814633707e-10,0.40538974252886684,0
3875,1384,0.4054514007724879,3.9249539443472e-09,0.405451396847534,0
890,376,0.4065761007990219,4.1787759150563716e-09,0.40657609662024596,0
3611,1317,0.40667786169865455,2.0018468968411415e-09,0.40667785969680764,0
905,384,0.4067047402524041,1.541616317840598e-10,0.4067047400982425,0
2656,741,0.4067833885529406,3.627563772253051e-10,0.4067833881901842,0
277,126,0.4068678279917309,5.44143884433149e-10,0.406867827447587,0
3661,1318,0.40695821432761403,2.9863632020639434e-10,0.4069582140289777,0
3194,1279,0.40721183218712254,8.520755739974929e-11,0.407211832101915,0
1191,495,0.4075507085732139,4.3317535103217553e-05,0.4075073910381107,0
4103,1407,0.40874400874044686,4.675956535892726e-10,0.40874400827285123,0
270,123,0.4089145416322296,1.7955221663468492e-09,0.40891453983670745,0
1572,610,0.40898277477541234,5.986213805904672e-09,0.40898276878919854,0
3242,1280,0.4090629912625166,5.205449882615446e-10,0.4090629907419716,0
4170,1407,0.40935028002368584,4.675956535892726e-10,0.4093502795560902,0
1833,639,0.40935727928371163,2.5861657928247614e-08,0.4093572534220537,0
3908,1385,0.4096373539862367,7.542387001333966e-09,0.4096373464438497,0
3597,1316,0.410293259557927,6.423673588589411e-09,0.4102932531342534,0
865,368,0.4117679879401128,0.0010626550248002303,0.4107053329153126,0
750,319,0.4116782570579996,1.90087946661108e-10,0.41167825686791165,0
1825,638,0.4118171821958545,6.651364016926321e-09,0.4118171755444905,0
3005,828,0.4119036654748523,3.9021707800086394e-10,0.4119036650846352,0
4205,1408,0.41204838238448926,1.122850883984341e-09,0.4120483812616384,0
4118,1407,0.41220415777625563,4.675956535892726e-10,0.41220415730866,0
1812,638,0.4122848342308107,6.651364016926321e-09,0.4122848275794467,0
860,361,0.41247291245276735,1.526616885058069e-11,0.41247291243750117,0
3870,1384,0.4126887862552205,3.9249539443472e-09,0.41268878233026657,0
249,113,0.412878259795673,5.524433623278493e-06,0.4128727353620497,0
834,352,0.41311010147922667,1.303758459024241e-10,0.41311010134885084,0
2594,734,0.4132118609106437,2.5627514914370777e-10,0.41321186065436855,0
2413,710,0.41343372604309675,3.223439803281071e-09,0.41343372281965696,0
3010,829,0.41348627443575325,3.161154075847059e-10,0.41348627411963784,0
3592,1316,0.41356163817886804,6.423673588589411e-09,0.41356163175519445,0
1672,621,0.41430713831745236,8.672033760932985e-09,0.4143071296454186,0
3658,1318,0.4145575660120434,2.9863632020639434e-10,0.4145575657134071,0
1447,590,0.4149069693739861,6.26572979350517e-05,0.41484431207605105,0
3860,1383,0.4151896288170234,7.315236547407133e-10,0.41518962808549975,0
3370,1282,0.4154408614346962,8.561153931544979e-10,0.4154408605785808,0
3654,1318,0.415538428416168,2.9863632020639434e-10,0.41553842811753167,0
2092,665,0.41570909676630513,5.790722800655956e-09,0.41570909097558234,0
2392,709,0.4158992611847633,3.874445509064861e-09,0.4158992573103178,0
436,194,0.41630733043768553,1.3824927835560711e-10,0.41630733029943623,0
286,130,0.41658561989757514,1.7166740967847844e-10,0.41658561972590774,0
1891,644,0.41881802797581297,1.7761539758919414e-08,0.41881801021427323,0
391,179,0.4188810713417165,1.3245541150962116e-06,0.41887974678760137,0
3501,1301,0.4191118608095888,1.1461396581001713e-09,0.4191118596634491,0
2967,824,0.41978501661226353,3.534700453574905e-10,0.4197850162587935,0
4286,1410,0.419851704721375,7.088677467113349e-11,0.4198517046504882,0
3561,1302,0.420779216466995,5.333872614836047e-10,0.42077921593360773,0
2249,695,0.42114414256562627,3.4535331434548165e-11,0.42114414253109095,0
2518,721,0.4213230908687316,3.6043941382888956e-10,0.4213230905082922,0
1134,473,0.4213888673408725,2.135900169265159e-09,0.4213888652049723,0
2246,695,0.4215126780217159,3.4535331434548165e-11,0.42151267798718056,0
8,18,0.42237047251996807,1.0475144921076657e-06,0.422369425005476,0
1991,655,0.4227752537149465,1.4476314587207552e-09,0.42277525226731505,0
3768,1365,0.4231143886734384,2.8260988998366504e-10,0.42311438839082854,0
476,214,0.42360619888138173,2.884147838234778e-08,0.42360617003990336,0
3151,1279,0.4241781462677077,8.520755739974929e-11,0.42417814618250016,0
3547,1302,0.425183115491675,5.333872614836047e-10,0.4251831149582877,0
1318,550,0.4258685918402364,5.727931321789759e-11,0.4258685917829571,0
995,416,0.4259771964717082,1.4504991777998957e-10,0.42597719632665826,0
2372,707,0.4260989887271984,3.4053292152757826e-09,0.4260989853218692,0
2259,696,0.42671900874729707,4.645973452899247e-10,0.4267190082826997,0
2306,703,0.4267757931744947,1.5435187487069534e-09,0.42677579163097595,0
1469,594,0.4270738954260859,1.6029048807575647e-06,0.42707229252120515,0
2399,710,0.42718673485414077,3.223439803281071e-09,0.427186731630701,0
797,339,0.4277918367206331,3.4679299836133194e-07,0.4277914899276347,0
1309,545,0.4284000985245837,1.764303925574806e-10,0.42840009834815335,0
360,161,0.428714549520209,1.7371590095786996e-10,0.4287145493464931,0
2773,757,0.42933275759967393,6.451827718278953e-11,0.42933275753515565,0
2681,746,0.42961784761455013,3.707702780801261e-10,0.4296178472437798,0
2702,751,0.42969252512898937,2.419407898820188e-10,0.42969252488704857,0
2686,748,0.4297254696081521,4.952772786998944e-10,0.42972546911287485,0
2598,735,0.4303603016684057,2.7170344976449653e-10,0.4303603013967023,0
2941,821,0.4310839179442635,3.468388148397623e-10,0.43108391759742465,0
2414,710,0.43118539892950286,3.223439803281071e-09,0.43118539570606307,0
3039,835,0.43141785104871383,2.278985320142298e-10,0.4314178508208153,0
621,276,0.4319093299030773,3.4659984897635473e-07,0.4319089833032283,0
215,94,0.43227330330527264,5.168170005595156e-10,0.43227330278845566,0
946,399,0.43459420904166873,0.0021603847437707832,0.43243382429789795,0
1510,599,0.43275894132353443,1.3526852013119952e-07,0.4327588060550143,0
3625,1318,0.4338004643471056,2.9863632020639434e-10,0.4338004640484693,0
3703,1362,0.43389153730139896,7.518417158060209e-08,0.4338914621172274,0
1576,611,0.4341486587694949,1.2028857766291837e-08,0.43414864674063713,0
1957,652,0.4343303571157793,1.0002222106571936e-09,0.43433035611555704,0
3999,1387,0.43442180168707356,5.439410491060315e-10,0.4344218011431325,0
191,83,0.43531696244665796,2.1171054515089675e-07,0.4353167507361128,0
1156,480,0.43562965208745363,1.7499533566658897e-10,0.4356296519124583,0
837,354,0.4357972678212039,8.382325920747824e-11,0.43579726773738064,0
930,389,0.4359895268780137,5.546806551035235e-11,0.4359895268225456,0
722,310,0.43603072456412256,1.9148569925459307e-08,0.4360307054155526,0
4081,1406,0.4364828811778409,8.830684513257788e-11,0.43648288108953404,0
825,348,0.43672536382695415,4.32313450471515e-10,0.4367253633946407,0
856,360,0.4369641570796211,2.345542732097183e-11,0.4369641570561657,0
3353,1281,0.437692339354982,1.1377048943494135e-09,0.4376923382172771,0
3076,839,0.4377934996035438,6.503563225674959e-11,0.43779349953850816,0
4304,1430,0.43783985861081204,6.728331498150994e-12,0.4378398586040837,0
1045,439,0.4378867582624196,9.074642213673992e-09,0.43788674918777737,0
649,282,0.43825314422488826,1.6528937304628747e-09,0.43825314257199455,0
2973,826,0.439359168599208,3.6166710499089417e-10,0.4393591682375409,0
3448,1301,0.4396774179733506,1.1461396581001713e-09,0.4396774168272109,0
1070,445,0.4397799526932882,4.4506328960842576e-10,0.4397799522482249,0
2151,671,0.439925209758264,6.391120472396554e-10,0.43992520911915195,0
234,101,0.43994853157571445,8.775207795118107e-11,0.43994853148796237,0
121,64,0.4401014775957072,3.7748500215944837e-10,0.44010147721822224,0
183,82,0.4407323039366605,5.424506708141761e-07,0.4407317614859897,0
3986,1387,0.4414235723515249,5.439410491060315e-10,0.44142357180758385,0
3559,1302,0.4419806251241869,5.333872614836047e-10,0.4419806245907996,0
422,190,0.4424003586525727,4.42083203750047e-10,0.4424003582104895,0
681,292,0.44244057413821514,6.93227369456703e-11,0.4424405740688924,0
2690,749,0.4439589759679853,5.699408463943827e-10,0.4439589753980444,0
3505,1301,0.4440502983541959,1.1461396581001713e-09,0.4440502972080562,0
1701,623,0.4441458629310969,2.469209138649643e-09,0.4441458604618878,0
786,336,0.44447586928111105,0.0002485403664122306,0.4442273289146988,0
3859,1383,0.4442287235259672,7.315236547407133e-10,0.44422872279444353,0
3148,1279,0.4447465832898797,8.520755739974929e-11,0.44474658320467214,0
3077,839,0.44513791227632354,6.503563225674959e-11,0.4451379122112879,0
3062,838,0.44692229785159443,1.0484735417008582e-10,0.4469222977467471,0
1723,625,0.44704629186902645,2.3503684780279434e-10,0.4470462916339896,0
385,176,0.44891191364106164,0.0002933553466582945,0.44861855829440334,0
610,271,0.6508833517702659,0.20220393504872872,0.4486794167215372,0
1084,450,0.44940208268488496,1.1000272071248043e-10,0.44940208257488223,0
2547,726,0.4503150252502016,5.5712140994493215e-11,0.45031502519448946,0
1720,625,0.4508351997807276,2.3503684780279434e-10,0.4508351995456908,0
2964,824,0.4509309529331722,3.534700453574905e-10,0.45093095257970217,0
2383,708,0.4510815514158722,4.222731280528328e-09,0.4510815471931409,0
3094,839,0.45108769291858014,6.503563225674959e-11,0.4510876928535445,0
1873,643,0.45125529779082585,2.602140538389667e-08,0.4512552717694205,0
2873,809,0.45150479999643317,6.733614102810164e-11,0.45150479992909703,0
2264,697,0.4527038445024941,3.2422765722064915e-10,0.4527038441782665,0
4098,1407,0.4534691771649971,4.675956535892726e-10,0.45346917669740144,0
553,250,0.4539387784126842,2.2711240908734445e-09,0.45393877614156014,0
1706,625,0.4539950414108206,2.3503684780279434e-10,0.45399504117578376,0
1640,617,0.4544352615227481,1.0023285878522447e-08,0.45443525149946223,0
2008,657,0.4545392314040119,1.977736361384658e-09,0.45453922942627556,0
3328,1281,0.4550766118330209,1.1377048943494135e-09,0.455076610695316,0
130,66,0.4555110299782036,2.3827472832437783e-10,0.45551102973992885,0
3430,1300,0.4564935604934045,3.984201594306456e-09,0.4564935565092029,0
3913,1385,0.45658103508818293,7.542387001333966e-09,0.45658102754579594,0
1801,636,0.4569406194496468,2.0945435733469072e-09,0.4569406173551032,0
2049,661,0.45748063626845126,1.6163376433931894e-09,0.45748063465211364,0
4133,1407,0.4576142362290917,4.675956535892726e-10,0.45761423576149607,0
2896,814,0.4576826948741605,1.2253024814633707e-10,0.45768269475163026,0
2182,676,0.457839525357274,3.589233555318326e-11,0.45783952532138167,0
190,83,0.4580298810574194,2.1171054515089675e-07,0.4580296693468742,0
3953,1386,0.45834297183199346,9.74271111339152e-10,0.45834297085772235,0
3997,1387,0.45935034482613163,5.439410491060315e-10,0.45935034428219057,0
1255,526,0.4598210921633315,1.550763137105714e-05,0.45980558453196047,0
3307,1281,0.4601430502694544,1.1377048943494135e-09,0.4601430491317495,0
1714,625,0.46046136957775463,2.3503684780279434e-10,0.4604613693427178,0
4294,1430,0.46094042659745277,6.728331498150994e-12,0.46094042659072443,0
4127,1407,0.4617069188189565,4.675956535892726e-10,0.46170691835136085,0
3303,1281,0.4624393688103465,1.1377048943494135e-09,0.4624393676726416,0
853,359,0.46274464474570215,3.2552463773836924e-11,0.4627446447131497,0
3847,1383,0.46277581768781684,7.315236547407133e-10,0.46277581695629316,0
2533,726,0.46299708822478225,5.5712140994493215e-11,0.4629970881690701,0
4314,1431,0.463748355634584,7.794221677039385e-11,0.4637483555566418,0
1315,549,0.463808094190998,7.213503710004898e-11,0.463808094118863,0
41,47,0.46390594361495946,1.6024558483280318e-06,0.4639043411591111,0
2809,802,0.4639217289814539,1.0018238906179179e-11,0.46392172897143563,0
4344,1432,0.46413002745848125,1.1177592940415557e-10,0.46413002734670533,0
4161,1407,0.4649015566746933,4.675956535892726e-10,0.46490155620709767,0
3136,1256,0.4658967066607307,6.927690301312429e-11,0.46589670659145377,0
3587,1315,0.46605505697460586,8.433224362430557e-08,0.46605497264236223,0
3809,1365,0.4660731735864048,2.8260988998366504e-10,0.46607317330379494,0
4082,1406,0.4662629883818757,8.830684513257788e-11,0.4662629882935688,0
2244,695,0.46721021845571964,3.4535331434548165e-11,0.4672102184211843,0
1047,439,0.467410466686559,9.074642213673992e-09,0.4674104576119168,0
4222,1408,0.4674502223117847,1.122850883984341e-09,0.4674502211889338,0
1411,576,0.4680620055191089,2.503355847354944e-10,0.46806200526877334,0
323,147,0.46831872242375416,4.2471184080047133e-07,0.46831829771191336,0
1537,606,0.4687124564698248,1.2473033928016382e-07,0.4687123317394855,0
3990,1387,0.4706989605642385,5.439410491060315e-10,0.47069896002029743,0
1259,527,0.47088583238484577,4.9012244286084185e-06,0.4708809311604172,0
1124,471,0.47139743555982166,7.011045285956265e-09,0.47139742854877636,0
3760,1365,0.47142392174753117,2.8260988998366504e-10,0.4714239214649213,0
579,258,0.47145650762199076,1.2004280740853999e-10,0.47145650750194795,0
2497,718,0.47187265974974424,9.853264320372724e-10,0.4718726587644178,0
1132,473,0.4719648759047049,2.135900169265159e-09,0.4719648737688047,0
1635,616,0.472261713053081,2.5689328286537023e-08,0.47226168736375274,0
91,58,0.4724398732216898,3.1696013577500267e-09,0.47243987005208843,0
791,336,0.4729272254895912,0.0002485403664122306,0.47267868512317895,0
2952,823,0.473265592753843,3.3127199411462266e-10,0.473265592422571,0
3939,1386,0.4737331664225035,9.74271111339152e-10,0.4737331654482324,0
1656,618,0.47404745874812854,1.1728157099613225e-08,0.4740474470199714,0
2029,660,0.4748662574921644,5.561613149475019e-09,0.4748662519305512,0
1495,598,0.47523079595913087,9.295608902077369e-08,0.4752307030030418,0
3042,835,0.47541003065498777,2.278985320142298e-10,0.47541003042708924,0
3651,1318,0.47561845854411305,2.9863632020639434e-10,0.4756184582454767,0
2960,824,0.47605053227083405,3.534700453574905e-10,0.476050531917364,0
1035,435,0.4764089904403321,3.333107045665703e-07,0.4764086571296275,0
782,334,0.6787924137992529,0.20198942751701465,0.4768029862822383,0
2758,757,0.4772932319079195,6.451827718278953e-11,0.4772932318434012,0
2363,706,0.4774497849520599,6.46645767753329e-09,0.4774497784856022,0
1697,623,0.4783631616256966,2.469209138649643e-09,0.47836315915648747,0
3447,1301,0.4798424498496303,1.1461396581001713e-09,0.47984244870349063,0
3173,1279,0.47992805580085834,8.520755739974929e-11,0.4799280557156508,0
1358,563,0.47996991574483405,5.407043189981694e-08,0.47996986167440214,0
236,102,0.4800203957255284,7.353530479259721e-11,0.4800203956519931,0
2261,697,0.48045117971209594,3.2422765722064915e-10,0.4804511793878683,0
3487,1301,0.4804756947618269,1.1461396581001713e-09,0.4804756936156872,0
2662,744,0.48104873914754026,3.58153693287914e-10,0.4810487387893866,0
2751,756,0.4832115052440156,6.178042969911363e-11,0.4832115051822352,0
628,277,0.48358621024376575,9.2588986859693e-08,0.4835861176547789,0
2947,822,0.4836626127561675,3.438894336953983e-10,0.4836626124122781,0
2256,696,0.48398746146209876,4.645973452899247e-10,0.4839874609975014,0
2416,710,0.48400412232802226,3.223439803281071e-09,0.48400411910458246,0
1033,434,0.48419994597246235,1.268929395459949e-06,0.4841986770430669,0
2084,664,0.4844058614223995,2.0714239143131473e-09,0.4844058593509756,0
78,53,0.4851702666149784,3.5175583588861473e-08,0.4851702314393948,0
578,257,0.4854468294568607,1.5354191880364565e-10,0.4854468293033188,0
2928,819,0.4854877775836618,4.077307408079862e-10,0.48548777717593106,0
4016,1387,0.48582221084698085,5.439410491060315e-10,0.4858222103030398,0
778,328,0.48586643021926873,2.7856886404393134e-11,0.48586643019141185,0
2023,659,0.4858822646104434,3.2628143888887657e-09,0.485882261347629,0
1793,634,0.4858952587145891,2.130456983474741e-10,0.4858952585015434,0
125,65,0.4858998472614605,2.5498656665974133e-10,0.48589984700647393,0
83,56,0.48594254019380956,1.1250946181452852e-08,0.4859425289428634,0
3154,1279,0.4861656578620424,8.520755739974929e-11,0.48616565777683485,0
2136,669,0.4861956656247126,1.982499246597506e-09,0.4861956636422134,0
4063,1406,0.4862092012587009,8.830684513257788e-11,0.486209201170394,0
2423,711,0.48691616109524644,4.409009531455266e-09,0.4869161566862369,0
2405,710,0.4876986173426216,3.223439803281071e-09,0.4876986141191818,0
3017,831,0.48789827406225167,2.610173798852303e-10,0.4878982738012343,0
3441,1300,0.4879759781492366,3.984201594306456e-09,0.487975974165035,0
989,415,0.4881706558944458,1.88743569188426e-10,0.48817065570570223,0
257,116,0.4884351873385136,1.8360864012969973e-07,0.4884350037298735,0
2285,700,0.48868631085001557,5.225745272174422e-10,0.48868631032744103,0
1542,606,0.48913206798778885,1.2473033928016382e-07,0.4891319432574496,0
3677,1361,0.4893334518353543,6.61613744152264e-09,0.4893334452192169,0
66,52,0.48948059074361944,5.6186169364949176e-08,0.48948053455745005,0
1684,621,0.48979519471527194,8.672033760932985e-09,0.4897951860432382,0
3067,839,0.48986151349287427,6.503563225674959e-11,0.4898615134278386,0
2288,700,0.4899445647596964,5.225745272174422e-10,0.48994456423712185,0
4119,1407,0.4904714948769519,4.675956535892726e-10,0.4904714944093563,0
334,150,0.49068360151466484,2.617311880312937e-08,0.49068357534154605,0
2105,666,0.4908052968377156,1.8954850926295748e-09,0.4908052949422305,0
2337,705,0.49093637307439814,1.6014247228491802e-09,0.4909363714729734,0
3476,1301,0.49095628640321765,1.1461396581001713e-09,0.49095628525707796,0
3668,1318,0.491494175480092,2.9863632020639434e-10,0.49149417518145566,0
2997,827,0.4916899375939447,4.816820406100609e-10,0.49168993711226266,0
1965,653,0.4918985417225716,9.700603132906878e-10,0.49189854075251127,0
2705,751,0.4920915093196944,2.419407898820188e-10,0.4920915090777536,0
1111,468,0.4925548226539923,5.863009290511675e-08,0.4925547640238994,0
3190,1279,0.49384702193738433,8.520755739974929e-11,0.49384702185217677,0
3638,1318,0.49389567434885767,2.9863632020639434e-10,0.49389567405022133,0
1142,476,0.49449010340459776,5.845089251547379e-10,0.4944901028200888,0
1703,624,0.49482247850583283,3.518767094558389e-09,0.4948224749870657,0
2830,804,0.4952082529845628,2.8309554796245258e-11,0.4952082529562532,0
3284,1281,0.4954516965683282,1.1377048943494135e-09,0.49545169543062334,0
2319,704,0.4967849494600333,1.1307670022971909e-09,0.49678494832926634,0
2871,809,0.49704865059586095,6.733614102810164e-11,0.4970486505285248,0
2813,802,0.4979410703854877,1.0018238906179179e-11,0.4979410703754694,0
525,232,0.4979708185552571,3.460740431944755e-11,0.49797081852064967,0
1330,559,0.49917284108273496,2.467477207955041e-06,0.499170373605527,0
2692,750,0.49930820091319567,6.021615246700785e-10,0.4993082003110341,0
879,372,0.49935058630946466,1.603520716792457e-07,0.499350425957393,0
435,193,0.49972866697517765,1.7898199384947124e-10,0.49972866679619565,0
3424,1300,0.499785683710323,3.984201594306456e-09,0.4997856797261214,0
584,260,0.5000354777846584,7.864182736784317e-11,0.5000354777060165,0
3757,1365,0.5008910645420385,2.8260988998366504e-10,0.5008910642594285,0
2906,814,0.5016757808968377,1.2253024814633707e-10,0.5016757807743075,0
2506,719,0.5021762453617721,9.59255693998768e-10,0.5021762444025164,0
3774,1365,0.5025798905805297,2.8260988998366504e-10,0.5025798902979197,0
2551,727,0.502794413019892,9.184462724417911e-11,0.5027944129280474,0
3800,1365,0.5029501242748751,2.8260988998366504e-10,0.5029501239922651,0
4145,1407,0.503075904524617,4.675956535892726e-10,0.5030759040570214,0
2394,709,0.5031636905383915,3.874445509064861e-09,0.503163686663946,0
2432,713,0.5036006416088317,2.565124306684647e-09,0.5036006390437073,0
11,21,0.5214397102513899,0.016894675754432,0.5045450344969579,0
2474,716,0.5045532230268399,1.2699488463989707e-09,0.5045532217568911,0
305,137,0.5046658171395603,3.249311327604365e-11,0.5046658171070671,0
3962,1386,0.5052405017403788,9.74271111339152e-10,0.5052405007661077,0
204,89,0.506052659209547,4.701151268198446e-09,0.5060526545083958,0
240,103,0.5061367974454186,5.807625773813899e-11,0.5061367973873424,0
904,384,0.5065976484969749,1.541616317840598e-10,0.5065976483428132,0
3701,1362,0.5066743274408188,7.518417158060209e-08,0.5066742522566472,0
1744,627,0.5075437610731381,2.6976405892799263e-11,0.5075437610461617,0
2358,706,0.5078397291515587,6.46645767753329e-09,0.507839722685101,0
4143,1407,0.5083741057632493,4.675956535892726e-10,0.5083741052956536,0
2704,751,0.5086241551503443,2.419407898820188e-10,0.5086241549084035,0
1049,440,0.5091928979049736,4.7053889748089305e-09,0.5091928931995846,0
156,69,0.5096752340606453,9.882653539388228e-11,0.5096752339618188,0
139,67,0.5100165823317356,2.109969630208079e-10,0.5100165821207386,0
1005,421,0.5102374680259634,5.3950522146853215e-11,0.5102374679720129,0
3116,842,0.5107507054545724,4.4244428671028666e-11,0.510750705410328,0
1515,600,0.5113840951353904,2.6142933262414427e-07,0.5113838337060578,0
1571,610,0.5118168390898422,5.986213805904672e-09,0.5118168331036284,0
3876,1384,0.5121720487483566,3.9249539443472e-09,0.5121720448234027,0
2192,677,0.5125905926660028,5.848588228907684e-11,0.5125905926075169,0
1417,579,0.5136089000721502,1.6065387039430635e-10,0.5136088999114964,0
2418,710,0.5136322888782282,3.223439803281071e-09,0.5136322856547884,0
1154,479,0.5143474244701777,2.3028159448867484e-10,0.5143474242398961,0
1067,443,0.5145570967894028,9.537188049510673e-10,0.514557095835684,0
2295,700,0.5147770393488479,5.225745272174422e-10,0.5147770388262733,0
2138,670,0.5149845340746408,2.5878091433337106e-09,0.5149845314868317,0
1502,599,0.5152048376602267,1.3526852013119952e-07,0.5152047023917066,0
2561,729,0.5157917315114253,1.5138739756096178e-10,0.515791731360038,0
4135,1407,0.5160416694065767,4.675956535892726e-10,0.5160416689389811,0
978,412,0.5161080984632954,4.845853783984582e-10,0.51610809797871,0
2251,695,0.5161175621723946,3.4535331434548165e-11,0.5161175621378592,0
1460,593,0.5163137022772379,1.6853700184695572e-06,0.5163120169072195,0
2653,741,0.5166451017210902,3.627563772253051e-10,0.5166451013583339,0
1181,488,0.5166937754336591,2.518125662461478e-11,0.5166937754084778,0
467,211,0.5171915593595057,1.0655543602283487e-06,0.5171904938051455,0
2865,809,0.5172314427613407,6.733614102810164e-11,0.5172314426940046,0
2193,677,0.5173500203224047,5.848588228907684e-11,0.5173500202639189,0
2672,746,0.517405849076151,3.707702780801261e-10,0.5174058487053806,0
1857,642,0.5174153785970272,9.62682078653581e-09,0.5174153689702065,0
3900,1385,0.5174510479276508,7.542387001333966e-09,0.5174510403852638,0
573,256,0.517565204088326,2.0128755535530473e-10,0.5175652038870384,0
1704,624,0.5176310912189802,3.518767094558389e-09,0.5176310877002132,0
3371,1282,0.5176772903420558,8.561153931544979e-10,0.5176772894859404,0
307,143,0.5204289052428096,0.0022050943756785875,0.518223810867131,0
2764,757,0.5186399522692198,6.451827718278953e-11,0.5186399522047015,0
1969,654,0.5186761767684894,5.590128721588068e-10,0.5186761762094766,0
428,191,0.5189248660901474,3.190744257514847e-10,0.518924865771073,0
4168,1407,0.5190598640003392,4.675956535892726e-10,0.5190598635327436,0
3206,1279,0.5190915612769704,8.520755739974929e-11,0.5190915611917629,0
2728,753,0.5193752493016176,1.9053720088718898e-10,0.5193752491110804,0
3335,1281,0.519718308094637,1.1377048943494135e-09,0.5197183069569321,0
3842,1383,0.5200635886900923,7.315236547407133e-10,0.5200635879585687,0
1354,562,0.5200786329217301,8.034556042293009e-08,0.5200785525761696,0
576,257,0.5202782739989568,1.5354191880364565e-10,0.5202782738454148,0
3290,1281,0.5211095499133542,1.1377048943494135e-09,0.5211095487756493,0
2473,716,0.5216265521191676,1.2699488463989707e-09,0.5216265508492188,0
3044,836,0.5219009474773756,1.539874522780238e-10,0.5219009473233881,0
562,253,0.5223426586523294,5.463977780576993e-10,0.5223426581059316,0
1587,613,0.5228467516166897,2.6475461847768405e-08,0.5228467251412279,0
3405,1299,0.5230625939599833,7.147543147588599e-10,0.523062593245229,0
1289,537,0.5243862777439322,2.305701847477898e-09,0.5243862754382304,0
275,125,0.5253912634259263,7.572576498827321e-10,0.5253912626686686,0
1746,627,0.5254109054598446,2.6976405892799263e-11,0.5254109054328682,0
1011,424,0.5258594195688271,2.4113023509710336e-11,0.525859419544714,0
1054,441,0.5263426787615771,2.5965060687920858e-09,0.526342676165071,0
3043,836,0.5264201657524743,1.539874522780238e-10,0.5264201655984868,0
1346,561,0.5264474378158234,1.7776311414906318e-07,0.5264472600527093,0
3827,1366,0.5268748340476077,1.0410854588917419e-10,0.5268748339434992,0
2282,700,0.5279664973901748,5.225745272174422e-10,0.5279664968676002,0
1094,456,0.5291488127716498,2.9940715011468557e-11,0.5291488127417091,0
2198,677,0.5291571271273597,5.848588228907684e-11,0.5291571270688739,0
2069,661,0.5297914721602911,1.6163376433931894e-09,0.5297914705439535,0
1052,440,0.5303261160536483,4.7053889748089305e-09,0.5303261113482594,0
438,195,0.53067849383129,1.0936743852251055e-10,0.5306784937219226,0
3664,1318,0.5307232827737047,2.9863632020639434e-10,0.5307232824750684,0
1323,555,0.5307919478271321,2.1842462980838963e-12,0.5307919478249479,0
1733,626,0.5309428938592711,2.982616498485207e-10,0.5309428935610094,0
252,115,0.5315779832208185,5.061922628919053e-07,0.5315774770285556,0
1651,618,0.5316728633578002,1.1728157099613225e-08,0.5316728516296431,0
1480,596,0.5319628192233932,2.45141182097413e-07,0.531962574082211,0
632,279,0.5325530129862015,1.2343562337841823e-08,0.5325530006426392,0
653,284,0.5333675434445279,6.402857015412029e-10,0.5333675428042421,0
643,281,0.5339270014895175,2.9392835508836883e-09,0.533926998550234,0
1486,597,0.533939424256421,6.828312415041267e-07,0.5339387414251795,0
569,255,0.5340149495313714,2.711834710339646e-10,0.5340149492601879,0
1253,526,0.5342531624052008,1.550763137105714e-05,0.5342376547738298,0
2771,757,0.5349371031929387,6.451827718278953e-11,0.5349371031284205,0
2233,694,0.5349401505263675,5.2580449233741545e-11,0.534940150473787,0
3134,1256,0.5355687377104895,6.927690301312429e-11,0.5355687376412126,0
3795,1365,0.5357821729837382,2.8260988998366504e-10,0.5357821727011283,0
3278,1280,0.5366923028647899,5.205449882615446e-10,0.5366923023442449,0
427,191,0.5369870960168341,3.190744257514847e-10,0.5369870956977597,0
3478,1301,0.5370812578184985,1.1461396581001713e-09,0.5370812566723588,0
350,156,0.5372658478946943,8.430867356831907e-10,0.5372658470516076,0
1488,597,0.5375825717834597,6.828312415041267e-07,0.5375818889522181,0
1120,470,0.5380084737062895,1.342268200858841e-08,0.5380084602836075,0
4325,1431,0.5382500494531974,7.794221677039385e-11,0.5382500493752552,0
2452,714,0.5383056939424248,2.7304141795406657e-09,0.5383056912120106,0
2560,729,0.5390623228296559,1.5138739756096178e-10,0.5390623226782686,0
597,264,0.5399133224487661,3.8304969952213614e-11,0.5399133224104612,0
3584,1315,0.5400423177925981,8.433224362430557e-08,0.5400422334603545,0
3311,1281,0.5403143268770908,1.1377048943494135e-09,0.5403143257393859,0
4345,1433,0.5403706461311,1.553699122814781e-11,0.540370646115563,0
3694,1362,0.5404609892032859,7.518417158060209e-08,0.5404609140191143,0
490,219,0.5406523496417102,1.1126813560941478e-09,0.5406523485290288,0
2979,826,0.5410246601671115,3.6166710499089417e-10,0.5410246598054443,0
3196,1279,0.5411124715751651,8.520755739974929e-11,0.5411124714899576,0
319,147,0.5414035957819976,4.2471184080047133e-07,0.5414031710701568,0
193,84,0.5419903141368472,9.326833001430541e-08,0.5419902208685171,0
4195,1408,0.5424249507890787,1.122850883984341e-09,0.5424249496662278,0
1686,621,0.5426652208273118,8.672033760932985e-09,0.5426652121552781,0
2942,821,0.5427500235136868,3.468388148397623e-10,0.5427500231668481,0
4341,1432,0.5428168407843237,1.1177592940415557e-10,0.5428168406725478,0
771,325,0.5431577721916018,5.321417925105121e-11,0.5431577721383876,0
1398,572,0.5433268685175999,1.08481873349661e-09,0.5433268674327812,0
672,289,0.5441738609515742,1.301270876736602e-10,0.544173860821447,0
2154,671,0.5455968563469324,6.391120472396554e-10,0.5455968557078203,0
980,412,0.5457759781982867,4.845853783984582e-10,0.5457759777137013,0
2350,706,0.546051858683635,6.46645767753329e-09,0.5460518522171773,0
1562,608,0.5469042242145553,6.608073994034088e-07,0.546903563407156,0
1777,633,0.5470279880976925,2.9375323978841796e-10,0.5470279878039392,0
440,196,0.5473717999926765,8.891945059357068e-11,0.5473717999037571,0
3164,1279,0.5473963521481958,8.520755739974929e-11,0.5473963520629883,0
64,52,0.5478241581619483,5.6186169364949176e-08,0.5478241019757789,0
404,182,0.547956668026015,4.201041692184241e-08,0.547956626015598,0
2426,712,0.5480043513171319,3.5612777745807994e-09,0.548004347755854,0
3117,1255,0.548070116630963,1.64121839563082e-11,0.5480701166145507,0
1038,436,0.5481923749269083,1.1050455205092864e-07,0.5481922644223562,0
4077,1406,0.5484055751909834,8.830684513257788e-11,0.5484055751026766,0
3406,1299,0.5484328308701983,7.147543147588599e-10,0.548432830155444,0
4147,1407,0.549032364768619,4.675956535892726e-10,0.5490323643010234,0
2722,751,0.5493786953660715,2.419407898820188e-10,0.5493786951241307,0
2804,763,0.5494776358651241,2.51021071819843e-12,0.5494776358626139,0
1088,451,0.5497143507490456,8.924581693989009e-11,0.5497143506597998,0
104,59,0.5498667376314812,1.4396096016733841e-09,0.5498667361918715,0
775,327,0.5506339918041774,3.6953809802692216e-11,0.5506339917672236,0
3451,1301,0.5514927727358919,1.1461396581001713e-09,0.5514927715897523,0
962,404,0.5518140363148978,7.744827381947006e-08,0.551813958866624,0
3493,1301,0.551884299784651,1.1461396581001713e-09,0.5518842986385114,0
2776,757,0.5518968055451509,6.451827718278953e-11,0.5518968054806326,0
163,70,0.55310047922077,8.471672456712205e-11,0.5531004791360533,0
1913,646,0.5535843323012964,3.1453372268947e-08,0.5535843008479242,0
3730,1364,0.5536116246016791,2.6746182454218203e-09,0.5536116219270609,0
3141,1257,0.5541841444838479,1.0544413675381309e-10,0.5541841443784038,0
981,412,0.5542143421994327,4.845853783984582e-10,0.5542143417148473,0
1978,654,0.5542620753227273,5.590128721588068e-10,0.5542620747637145,0
4097,1407,0.5549212111904621,4.675956535892726e-10,0.5549212107228665,0
2491,717,0.5552993816641901,5.743990972308578e-10,0.555299381089791,0
2309,703,0.5555371298830682,1.5435187487069534e-09,0.5555371283395495,0
1962,652,0.5556563321768624,1.0002222106571936e-09,0.5556563311766402,0
1766,632,0.5562749806528389,3.8160884584044533e-11,0.556274980614678,0
2748,756,0.5564350194080693,6.178042969911363e-11,0.5564350193462888,0
1976,654,0.5565378593437431,5.590128721588068e-10,0.5565378587847303,0
3108,841,0.5571476584825221,6.109200106592821e-11,0.5571476584214301,0
1476,595,0.5576774800038706,3.698788021021299e-06,0.5576737812158497,0
2619,737,0.55781167264565,3.615562874361185e-10,0.5578116722840937,0
517,229,0.5589903058408829,6.364780439009886e-11,0.5589903057772352,0
737,316,0.5592598926199956,5.150258247712018e-10,0.5592598921049698,0
1356,563,0.5594692258107246,5.407043189981694e-08,0.5594691717402926,0
3375,1282,0.559733461187912,8.561153931544979e-10,0.5597334603317966,0
1765,632,0.5598664604141612,3.8160884584044533e-11,0.5598664603760003,0
3245,1280,0.5601365559182425,5.205449882615446e-10,0.5601365553976976,0
3615,1317,0.5613766142000545,2.0018468968411415e-09,0.5613766121982076,0
477,214,0.5616483628446153,2.884147838234778e-08,0.5616483340031369,0
718,309,0.5629148709156137,5.2683278474985145e-08,0.5629148182323351,0
3177,1279,0.5634864863231323,8.520755739974929e-11,0.5634864862379247,0
763,323,0.5635052526527715,7.515048624450924e-11,0.5635052525776211,0
1487,597,0.5640007565867368,6.828312415041267e-07,0.5640000737554952,0
118,62,0.5641843699773185,6.441951436844689e-10,0.5641843693331233,0
2037,660,0.5651445400953867,5.561613149475019e-09,0.5651445345337736,0
4269,1409,0.5654288829786145,1.0247438592455157e-09,0.5654288819538706,0
1615,616,0.5657673367535523,2.5689328286537023e-08,0.565767311064224,0
322,147,0.5657947175376454,4.2471184080047133e-07,0.5657942928258046,0
1676,621,0.5658866281435329,8.672033760932985e-09,0.5658866194714991,0
2977,826,0.5662857240560856,3.6166710499089417e-10,0.5662857236944184,0
3394,1299,0.5664373926572313,7.147543147588599e-10,0.5664373919424769,0
2402,710,0.5666765330225707,3.223439803281071e-09,0.5666765297991309,0
1897,644,0.566719619496624,1.7761539758919414e-08,0.5667196017350842,0
1450,590,0.5672776276199547,6.26572979350517e-05,0.5672149703220196,0
3260,1280,0.5672478529164532,5.205449882615446e-10,0.5672478523959082,0
450,199,0.5678024701642893,5.3207295261326155e-11,0.567802470111082,0
4207,1408,0.5679001215975782,1.122850883984341e-09,0.5679001204747273,0
4216,1408,0.5683311956557909,1.122850883984341e-09,0.56833119453294,0
2417,710,0.5686545310897078,3.223439803281071e-09,0.5686545278662679,0
4134,1407,0.5690432599225809,4.675956535892726e-10,0.5690432594549852,0
1729,626,0.5692735911703097,2.982616498485207e-10,0.5692735908720481,0
2911,815,0.5693620851705053,3.905168125149946e-10,0.5693620847799885,0
1162,481,0.5693934501536827,1.353504851493682e-10,0.5693934500183322,0
3170,1279,0.5697958028412944,8.520755739974929e-11,0.5697958027560869,0
2630,739,0.5706223012941231,3.4619541740494636e-10,0.5706223009479277,0
1847,642,0.5711967944155011,9.62682078653581e-09,0.5711967847886803,0
2096,665,0.5713139350945903,5.790722800655956e-09,0.5713139293038675,0
1653,618,0.5724297188311354,1.1728157099613225e-08,0.5724297071029782,0
710,307,0.5737100605545222,7.957901840838874e-07,0.5737092647643381,0
3361,1282,0.5737582323437049,8.561153931544979e-10,0.5737582314875895,0
3553,1302,0.574122601085718,5.333872614836047e-10,0.5741226005523308,0
2142,671,0.5745694604044417,6.391120472396554e-10,0.5745694597653296,0
1645,617,0.5749347483388791,1.0023285878522447e-08,0.5749347383155933,0
2061,661,0.5753050479640796,1.6163376433931894e-09,0.5753050463477419,0
1281,534,0.575625663016239,1.4420976602557708e-08,0.5756256485952623,0
3458,1301,0.5773785414203995,1.1461396581001713e-09,0.5773785402742598,0
2520,723,0.5776563071530707,4.325405352588496e-11,0.5776563071098166,0
2988,826,0.5784668445585989,3.6166710499089417e-10,0.5784668441969317,0
3688,1361,0.5787902910832757,6.61613744152264e-09,0.5787902844671383,0
4234,1408,0.5790735189163684,1.122850883984341e-09,0.5790735177935175,0
1365,564,0.5791855810885429,3.0890481555298096e-08,0.5791855501980614,0
3705,1363,0.5802829408722346,4.709308265152779e-09,0.5802829361629264,0
3516,1302,0.5803736701518393,5.333872614836047e-10,0.580373669618452,0
364,163,0.5805032825605336,1.0671635532389614e-10,0.5805032824538173,0
620,276,0.5806051721449914,3.4659984897635473e-07,0.5806048255451425,0
3274,1280,0.5806173516064504,5.205449882615446e-10,0.5806173510859055,0
949,400,0.5811327635830251,7.426261287802633e-05,0.5810585009701471,0
202,88,0.5824757870363425,8.892978512804065e-09,0.582475778143364,0
1663,619,0.5825097007953789,2.0351513757280737e-08,0.5825096804438651,0
1240,518,0.5826084073887058,6.08578780977665e-11,0.5826084073278479,0
2057,661,0.5828375260993859,1.6163376433931894e-09,0.5828375244830483,0
658,286,0.5830369299663818,3.0469393628148104e-10,0.5830369296616879,0
2077,663,0.5833463308931963,1.876960969533189e-09,0.5833463290162354,0
2676,746,0.5851717997101793,3.707702780801261e-10,0.585171799339409,0
3816,1366,0.5856650475551755,1.0410854588917419e-10,0.585665047451067,0
2191,677,0.5862204995542319,5.848588228907684e-11,0.5862204994957461,0
3038,835,0.5864243881293381,2.278985320142298e-10,0.5864243879014396,0
1780,633,0.5864323106906665,2.9375323978841796e-10,0.5864323103969132,0
700,304,0.5886103893915878,0.0015045647779746859,0.5871058246136132,0
680,292,0.5871831840698405,6.93227369456703e-11,0.5871831840005177,0
2082,663,0.5875158164329696,1.876960969533189e-09,0.5875158145560087,0
272,123,0.5878107227339988,1.7955221663468492e-09,0.5878107209384766,0
936,392,0.5892240777210933,2.834053963675903e-11,0.5892240776927528,0
4095,1407,0.5896788763415214,4.675956535892726e-10,0.5896788758739258,0
3369,1282,0.5896930827374683,8.561153931544979e-10,0.5896930818813529,0
2864,809,0.5904931236229349,6.733614102810164e-11,0.5904931235555988,0
2412,710,0.5909010995374478,3.223439803281071e-09,0.590901096314008,0
4206,1408,0.5917112939275417,1.122850883984341e-09,0.5917112928046908,0
3450,1301,0.5919940441349292,1.1461396581001713e-09,0.5919940429887895,0
1367,565,0.592282959252885,2.0255315725670774e-08,0.5922829389975692,0
3607,1317,0.5934711231059173,2.0018468968411415e-09,0.5934711211040704,0
2201,677,0.5934783804416005,5.848588228907684e-11,0.5934783803831146,0
2895,814,0.5943742432275037,1.2253024814633707e-10,0.5943742431049734,0
2002,657,0.5943909675887503,1.977736361384658e-09,0.594390965611014,0
1670,621,0.5944159964292233,8.672033760932985e-09,0.5944159877571895,0
1122,471,0.5951010418327871,7.011045285956265e-09,0.5951010348217418,0
138,67,0.5953397046512134,2.109969630208079e-10,0.5953397044402164,0
2438,714,0.595683594981896,2.7304141795406657e-09,0.5956835922514818,0
3566,1303,0.5960060561036195,2.09629729389125e-11,0.5960060560826564,0
1091,454,0.5964720296058951,5.256477111092331e-11,0.5964720295533303,0
2590,734,0.5972122283849035,2.5627514914370777e-10,0.5972122281286284,0
1471,595,0.5974106033109551,3.698788021021299e-06,0.5974069045229341,0
2593,734,0.5975258856857649,2.5627514914370777e-10,0.5975258854294898,0
1593,614,0.5977031307294864,2.0613513115697298e-08,0.5977031101159733,0
3239,1280,0.597963619183916,5.205449882615446e-10,0.5979636186633711,0
2829,804,0.5980344960395473,2.8309554796245258e-11,0.5980344960112377,0
1275,532,0.5983616159323469,4.326332376137098e-08,0.5983615726690231,0
1211,501,0.5984955515556845,3.5425152929883275e-08,0.5984955161305315,0
3153,1279,0.5991936526238067,8.520755739974929e-11,0.5991936525385992,0
1692,622,0.5992653551286796,7.712250540816842e-09,0.5992653474164291,0
409,183,0.6003789402447598,1.8507304048696125e-08,0.6003789217374558,0
4144,1407,0.6009957830164953,4.675956535892726e-10,0.6009957825488996,0
2674,746,0.601020641304454,3.707702780801261e-10,0.6010206409336837,0
2866,809,0.6012838769362495,6.733614102810164e-11,0.6012838768689134,0
1455,592,0.6015873811778297,3.6301214944554056e-06,0.6015837510563353,0
2286,700,0.6020182855474039,5.225745272174422e-10,0.6020182850248293,0
2922,818,0.6021108192451754,4.979232333787809e-10,0.6021108187472521,0
53,50,0.6029958514443,1.5230968218727687e-07,0.6029956991346178,0
1199,498,0.6030085330540118,4.973910193044742e-07,0.6030080356629925,0
3869,1384,0.6030201738106495,3.9249539443472e-09,0.6030201698856956,0
4005,1387,0.6031028302121688,5.439410491060315e-10,0.6031028296682278,0
1097,456,0.604357375072021,2.9940715011468557e-11,0.6043573750420803,0
1717,625,0.6044553028824698,2.3503684780279434e-10,0.604455302647433,0
1860,642,0.6045775513499383,9.62682078653581e-09,0.6045775417231175,0
2359,706,0.605495841493608,6.46645767753329e-09,0.6054958350271503,0
2487,717,0.605598340169231,5.743990972308578e-10,0.6055983395948319,0
3593,1316,0.6061901725814011,6.423673588589411e-09,0.6061901661577275,0
19,28,0.6066356801397188,1.1614800262718819e-06,0.6066345186596925,0
60,51,0.6072465937942608,7.724916479690133e-08,0.607246516545096,0
1233,514,0.6080209532283258,1.3322422973014567e-10,0.6080209530951016,0
3964,1386,0.6080274764976006,9.74271111339152e-10,0.6080274755233295,0
1848,642,0.6081208282529821,9.62682078653581e-09,0.6081208186261613,0
2803,763,0.6081949254837599,2.51021071819843e-12,0.6081949254812496,0
1145,476,0.6092082280820776,5.845089251547379e-10,0.6092082274975688,0
2091,665,0.6097525358884798,5.790722800655956e-09,0.609752530097757,0
1906,645,0.6103232735418556,1.6027409218642375e-08,0.6103232575144464,0
551,250,0.6103579548251313,2.2711240908734445e-09,0.6103579525540073,0
1849,642,0.6107725026069759,9.62682078653581e-09,0.6107724929801551,0
3,16,0.6109540684717548,3.5503846303176316e-10,0.6109540681167164,0
862,367,0.6894460321743041,0.07815787619748452,0.6112881559768196,0
2760,757,0.6119882626135404,6.451827718278953e-11,0.6119882625490222,0
84,56,0.6122061994864857,1.1250946181452852e-08,0.6122061882355395,0
470,211,0.6124707528863013,1.0655543602283487e-06,0.6124696873319411,0
2925,819,0.6141448615754186,4.077307408079862e-10,0.6141448611676878,0
1046,439,0.6141768696569864,9.074642213673992e-09,0.6141768605823441,0
1256,526,0.6143781506349465,1.550763137105714e-05,0.6143626430035755,0
2834,805,0.6146224494284477,4.820283764243261e-11,0.6146224493802448,0
2703,751,0.6146396577536695,2.419407898820188e-10,0.6146396575117287,0
3639,1318,0.6148359154716837,2.9863632020639434e-10,0.6148359151730474,0
645,282,0.61489853925041,1.6528937304628747e-09,0.6148985375975163,0
3963,1386,0.615192049411118,9.74271111339152e-10,0.6151920484368469,0
3620,1317,0.6160296509618362,2.0018468968411415e-09,0.6160296489599892,0
2341,705,0.6161959938111549,1.6014247228491802e-09,0.6161959922097301,0
654,285,0.6163208651197487,4.3220629480234533e-10,0.6163208646875424,0
4217,1408,0.6164499947719221,1.122850883984341e-09,0.6164499936490712,0
1987,655,0.6168520530744819,1.4476314587207552e-09,0.6168520516268504,0
3414,1300,0.6171545335394848,3.984201594306456e-09,0.6171545295552832,0
532,241,0.6185596373656151,0.001093269978869242,0.6174663673867459,0
1942,649,0.6185725254699864,5.981580054479605e-09,0.6185725194884064,0
2811,802,0.6194790306909203,1.0018238906179179e-11,0.619479030680902,0
3138,1256,0.6209933179004316,6.927690301312429e-11,0.6209933178311546,0
251,113,0.6213885126811516,5.524433623278493e-06,0.6213829882475284,0
1644,617,0.6216321977682131,1.0023285878522447e-08,0.6216321877449272,0
2558,728,0.6220505395177843,1.1821401211976124e-10,0.6220505393995703,0
3954,1386,0.6227740013088499,9.74271111339152e-10,0.6227740003345787,0
924,388,0.6227769217404999,6.554317746275048e-11,0.6227769216749568,0
4211,1408,0.6227793152726666,1.122850883984341e-09,0.6227793141498157,0
727,312,0.6228540580600987,4.00045412928371e-09,0.6228540540596447,0
2099,665,0.6228733008721282,5.790722800655956e-09,0.6228732950814054,0
776,327,0.6241886689624889,3.6953809802692216e-11,0.6241886689255352,0
726,312,0.6244697882367736,4.00045412928371e-09,0.6244697842363195,0
619,275,0.6244773210800473,1.7986068644297334e-06,0.6244755224731828,0
4094,1406,0.6250012474071615,8.830684513257788e-11,0.6250012473188546,0
1950,650,0.6263148024019795,3.5215111126292716e-10,0.6263148020498284,0
1637,616,0.6265917690850856,2.5689328286537023e-08,0.6265917433957573,0
344,154,0.626874317570506,2.1655890317867786e-09,0.626874315404917,0
1368,565,0.6269489564712497,2.0255315725670774e-08,0.626948936215934,0
250,113,0.6274172681810846,5.524433623278493e-06,0.6274117437474613,0
3632,1318,0.6275689794934431,2.9863632020639434e-10,0.6275689791948068,0
694,296,0.627595025486925,3.271390103410152e-11,0.6275950254542111,0
867,369,0.627652671219933,4.23332399521252e-05,0.6276103379799808,0
2996,827,0.6277988743583395,4.816820406100609e-10,0.6277988738766574,0
1628,616,0.6298875688765758,2.5689328286537023e-08,0.6298875431872475,0
182,82,0.6300007460900853,5.424506708141761e-07,0.6300002036394144,0
951,400,0.6303205705428304,7.426261287802633e-05,0.6302463079299524,0
2691,749,0.6320033901014935,5.699408463943827e-10,0.6320033895315527,0
2181,676,0.6324259758058156,3.589233555318326e-11,0.6324259757699233,0
4017,1387,0.6327811181806066,5.439410491060315e-10,0.6327811176366656,0
2257,696,0.6327873871015046,4.645973452899247e-10,0.6327873866369073,0
3052,837,0.6329089579709383,1.2216367482088777e-10,0.6329089578487745,0
1187,491,0.6335057917910046,3.0420666070617554e-12,0.6335057917879625,0
1340,561,0.6341916847247331,1.7776311414906318e-07,0.634191506961619,0
3385,1283,0.634382845653657,8.458385418586863e-11,0.6343828455690731,0
1220,506,0.634738910826588,1.7674876616299588e-09,0.6347389090591002,0
3435,1300,0.6352374971293708,3.984201594306456e-09,0.6352374931451692,0
4129,1407,0.6364345441306093,4.675956535892726e-10,0.6364345436630137,0
895,378,0.6366903027931378,1.3261137699578005e-09,0.636690301467024,0
1333,560,0.63731960931124,1.4436127349373994e-06,0.6373181656985051,0
1752,627,0.6373654160989712,2.6976405892799263e-11,0.6373654160719948,0
528,236,0.6375637186114556,3.634936440614004e-12,0.6375637186078206,0
2026,659,0.6387831681010689,3.2628143888887657e-09,0.6387831648382546,0
4032,1388,0.63944892135657,3.115865762909136e-11,0.6394489213254114,0
2328,705,0.6397898198721401,1.6014247228491802e-09,0.6397898182707153,0
1319,551,0.6399339928894705,4.184777381686739e-11,0.6399339928476228,0
2883,812,0.6400949681301997,2.196377088734881e-10,0.640094967910562,0
1085,450,0.6410483917420896,1.1000272071248043e-10,0.6410483916320869,0
2470,716,0.6418051690727751,1.2699488463989707e-09,0.6418051678028263,0
1805,637,0.6422970212745277,8.710753478328896e-09,0.6422970125637743,0
1223,509,0.6423411217042455,5.532015358074667e-10,0.642341121151044,0
2398,710,0.6424040037414253,3.223439803281071e-09,0.6424040005179854,0
4141,1407,0.6424987799780336,4.675956535892726e-10,0.642498779510438,0
3868,1384,0.6431852802559018,3.9249539443472e-09,0.6431852763309479,0
2611,736,0.6434871039356738,3.0113893748326627e-10,0.6434871036345349,0
1596,614,0.6446661558418294,2.0613513115697298e-08,0.6446661352283163,0
2792,761,0.6446988013763507,2.477698799886659e-11,0.6446988013515738,0
1826,639,0.6447963726266612,2.5861657928247614e-08,0.6447963467650033,0
943,398,0.6715161808194613,0.02661144194987882,0.6449047388695824,0
3349,1281,0.6449911483311236,1.1377048943494135e-09,0.6449911471934187,0
779,329,0.6455756839630277,1.9202729680500772e-11,0.6455756839438249,0
3967,1387,0.6457496859384647,5.439410491060315e-10,0.6457496853945237,0
909,385,0.6458093159985181,1.2046895523299033e-10,0.6458093158780491,0
3563,1302,0.6458268588806657,5.333872614836047e-10,0.6458268583472785,0
2464,716,0.6460055403369827,1.2699488463989707e-09,0.6460055390670338,0
4072,1406,0.6473921745636911,8.830684513257788e-11,0.6473921744753843,0
134,67,0.6474346550715656,2.109969630208079e-10,0.6474346548605686,0
1838,640,0.6486112787772518,1.992049360007208e-08,0.6486112588567582,0
2828,804,0.6490943441888316,2.8309554796245258e-11,0.649094344160522,0
1736,627,0.6500760442643042,2.6976405892799263e-11,0.6500760442373278,0
3449,1301,0.6503616422898749,1.1461396581001713e-09,0.6503616411437353,0
3057,837,0.650894838851596,1.2216367482088777e-10,0.6508948387294323,0
1911,645,0.6514543017871683,1.6027409218642375e-08,0.6514542857597592,0
299,135,0.6520742338467993,6.199796153609842e-11,0.6520742337848013,0
1395,572,0.6528457234516833,1.08481873349661e-09,0.6528457223668647,0
2962,824,0.6531625331602247,3.534700453574905e-10,0.6531625328067546,0
734,315,0.6532613704472774,7.818265562085392e-10,0.6532613696654508,0
878,372,0.653527907362586,1.603520716792457e-07,0.6535277470105143,0
2503,719,0.653902255008994,9.59255693998768e-10,0.6539022540497383,0
954,401,0.6541690756543627,6.456142617135442e-06,0.6541626195117455,0
3550,1302,0.654394505383404,5.333872614836047e-10,0.6543945048500168,0
2010,657,0.6544698776649978,1.977736361384658e-09,0.6544698756872614,0
1244,519,0.6546272466381683,4.675375643516997e-11,0.6546272465914146,0
2794,762,0.6547748743069872,1.7707516217350023e-11,0.6547748742892797,0
292,134,0.6557153885779302,7.493659267874343e-11,0.6557153885029936,0
519,230,0.6567009656991964,5.437053738589611e-11,0.6567009656448259,0
2364,706,0.6568771392993,6.46645767753329e-09,0.6568771328328423,0
3829,1366,0.6569232064952181,1.0410854588917419e-10,0.6569232063911096,0
1439,583,0.6569709900820876,5.1839395669632476e-11,0.6569709900302482,0
2085,664,0.6572703710867615,2.0714239143131473e-09,0.6572703690153375,0
3746,1364,0.6579291833578249,2.6746182454218203e-09,0.6579291806832067,0
2146,671,0.6583974771308129,6.391120472396554e-10,0.6583974764917008,0
3322,1281,0.6585206264795318,1.1377048943494135e-09,0.6585206253418269,0
3957,1386,0.6589508997207988,9.74271111339152e-10,0.6589508987465277,0
3419,1300,0.6596443706223674,3.984201594306456e-09,0.6596443666381657,0
3911,1385,0.6598574022329524,7.542387001333966e-09,0.6598573946905654,0
2527,723,0.660034598190862,4.325405352588496e-11,0.6600345981476079,0
1791,634,0.6601222227260883,2.130456983474741e-10,0.6601222225130426,0
4106,1407,0.6605062482846403,4.675956535892726e-10,0.6605062478170447,0
2197,677,0.6631129638872203,5.848588228907684e-11,0.6631129638287344,0
3850,1383,0.6631231226618505,7.315236547407133e-10,0.6631231219303269,0
4172,1407,0.6632882497397607,4.675956535892726e-10,0.6632882492721651,0
1362,564,0.6634439479157092,3.0890481555298096e-08,0.6634439170252276,0
178,76,0.6638980341520759,3.823370779932607e-12,0.6638980341482525,0
2347,705,0.6648531019162595,1.6014247228491802e-09,0.6648531003148347,0
1230,514,0.6654399417151731,1.3322422973014567e-10,0.6654399415819489,0
1617,616,0.6663403135092281,2.5689328286537023e-08,0.6663402878198997,0
1483,597,0.6674392991685107,6.828312415041267e-07,0.6674386163372692,0
2724,752,0.6674528621180316,1.644560246834373e-10,0.6674528619535756,0
315,143,0.6699051283268477,0.0022050943756785875,0.6677000339511691,0
3129,1256,0.6679784645828772,6.927690301312429e-11,0.6679784645136003,0
2027,660,0.6685639924565986,5.561613149475019e-09,0.6685639868949854,0
642,281,0.6685688475249494,2.9392835508836883e-09,0.6685688445856658,0
4139,1407,0.67071615890653,4.675956535892726e-10,0.6707161584389344,0
3905,1385,0.6707230030953515,7.542387001333966e-09,0.6707229955529644,0
4343,1432,0.671160688011048,1.1177592940415557e-10,0.6711606878992721,0
1631,616,0.6717501420536819,2.5689328286537023e-08,0.6717501163643536,0
2087,665,0.6719060216775361,5.790722800655956e-09,0.6719060158868133,0
599,265,0.6722483714268053,2.8638431203104402e-11,0.6722483713981668,0
667,288,0.6724073751436005,1.6800903246652388e-10,0.6724073749755914,0
1898,644,0.6726034066347643,1.7761539758919414e-08,0.6726033888732245,0
3907,1385,0.6726194774270939,7.542387001333966e-09,0.6726194698847069,0
2632,739,0.6729008640290409,3.4619541740494636e-10,0.6729008636828455,0
2970,825,0.6730695605075221,3.458088511706758e-10,0.6730695601617133,0
195,85,0.6731065926231512,4.299126051693765e-08,0.6731065496318906,0
407,183,0.6731068904208148,1.8507304048696125e-08,0.6731068719135108,0
4333,1432,0.6735365449938975,1.1177592940415557e-10,0.6735365448821216,0
4126,1407,0.674080642461296,4.675956535892726e-10,0.6740806419937003,0
1583,612,0.6741740802458712,1.568211922580834e-08,0.674174064563752,0
3965,1386,0.6748132721839537,9.74271111339152e-10,0.6748132712096826,0
2571,730,0.6770571345137233,2.1819552980184557e-10,0.6770571342955277,0
824,348,0.6775387685552325,4.32313450471515e-10,0.6775387681229191,0
593,263,0.6775465134946899,4.7496897452267413e-11,0.677546513447193,0
3779,1365,0.6778672473784745,2.8260988998366504e-10,0.6778672470958645,0
149,68,0.6783349712031662,1.4262884945127446e-10,0.6783349710605374,0
361,162,0.6783735724263416,1.3444550131783525e-10,0.6783735722918961,0
1068,444,0.6794311564336936,6.358640447419627e-10,0.6794311557978295,0
187,82,0.6794357122503911,5.424506708141761e-07,0.6794351697997203,0
2170,675,0.6795830254524343,4.896754998880836e-10,0.6795830249627588,0
390,179,0.680381693108979,1.3245541150962116e-06,0.680380368554864,0
2446,714,0.6805617586563928,2.7304141795406657e-09,0.6805617559259786,0
2159,673,0.6806755878351497,2.19195632879779e-10,0.680675587615954,0
4013,1387,0.6822596159914832,5.439410491060315e-10,0.6822596154475422,0
3536,1302,0.6824234394541743,5.333872614836047e-10,0.682423438920787,0
945,398,0.7094149959609712,0.02661144194987882,0.6828035540110924,0
2844,808,0.6828281972110412,2.4646642340886973e-11,0.6828281971863945,0
1099,458,0.683599441416107,1.1506628953801234e-11,0.6835994414046004,0
1201,498,0.684413393433775,4.973910193044742e-07,0.6844128960427558,0
1877,643,0.6844698966350381,2.602140538389667e-08,0.6844698706136327,0
2331,705,0.6858509453851224,1.6014247228491802e-09,0.6858509437836976,0
3125,1255,0.6862077063461643,1.64121839563082e-11,0.6862077063297521,0
800,340,0.686332671272137,9.274507608078909e-08,0.686332578527061,0
171,73,0.6864978819445552,3.49269953979705e-11,0.6864978819096282,0
27,30,0.6865805692548005,4.675806688816709e-10,0.6865805687872198,0
169,72,0.6871476024949273,5.110243059707836e-11,0.6871476024438249,0
3717,1363,0.6871598139022296,4.709308265152779e-09,0.6871598091929213,0
3560,1302,0.6878511660289038,5.333872614836047e-10,0.6878511654955166,0
2114,666,0.6878762267411899,1.8954850926295748e-09,0.6878762248457048,0
3471,1301,0.6890746654983242,1.1461396581001713e-09,0.6890746643521846,0
1093,456,0.6891842558714703,2.9940715011468557e-11,0.6891842558415295,0
3634,1318,0.6899635864537781,2.9863632020639434e-10,0.6899635861551418,0
2553,727,0.690130539311561,9.184462724417911e-11,0.6901305392197163,0
1554,607,0.6915602322549584,8.208848894592351e-08,0.6915601501664695,0
1621,616,0.6918617689098897,2.5689328286537023e-08,0.6918617432205614,0
40,31,0.6932634115468737,6.608529084766392e-16,0.693263411546873,0
2564,729,0.694671649148206,1.5138739756096178e-10,0.6946716489968187,0
3318,1281,0.6948391732335125,1.1377048943494135e-09,0.6948391720958076,0
401,181,0.6950886217499782,1.0971949666998999e-07,0.6950885120304815,0
2790,761,0.6957894992265988,2.477698799886659e-11,0.6957894992018219,0
2450,714,0.6971293190274335,2.7304141795406657e-09,0.6971293162970192,0
527,233,0.6972283207172888,2.4493022684547915e-11,0.6972283206927957,0
1737,627,0.6975291753623479,2.6976405892799263e-11,0.6975291753353715,0
3315,1281,0.6978915778965619,1.1377048943494135e-09,0.6978915767588569,0
3541,1302,0.7001966909945139,5.333872614836047e-10,0.7001966904611266,0
2281,700,0.7010888446835146,5.225745272174422e-10,0.7010888441609401,0
1269,531,0.7013312816338596,9.118425088365951e-08,0.7013311904496087,0
3104,841,0.7019124027405742,6.109200106592821e-11,0.7019124026794822,0
1789,634,0.7024099956498991,2.130456983474741e-10,0.7024099954368535,0
3871,1384,0.7037147326986523,3.9249539443472e-09,0.7037147287736983,0
4276,1410,0.7045142583959689,7.088677467113349e-11,0.7045142583250822,0
478,215,0.705411124488284,1.2547763960705501e-08,0.7054111119405201,0
1716,625,0.7054771324544745,2.3503684780279434e-10,0.7054771322194376,0
1842,641,0.7059201230031598,1.1360174684233893e-08,0.7059201116429851,0
3096,839,0.7065117423973584,6.503563225674959e-11,0.7065117423323227,0
1757,631,0.7065539090771595,5.112184947754326e-16,0.706553909077159,0
3994,1387,0.7066385904875688,5.439410491060315e-10,0.7066385899436278,0
3555,1302,0.7068592486753305,5.333872614836047e-10,0.7068592481419432,0
4044,1406,0.7075982616450449,8.830684513257788e-11,0.7075982615567381,0
3426,1300,0.7079137881759031,3.984201594306456e-09,0.7079137841917015,0
828,350,0.7081498487939498,2.2318776833170042e-10,0.708149848570762,0
2708,751,0.7090450613574811,2.419407898820188e-10,0.7090450611155403,0
2240,694,0.7123069374413403,5.2580449233741545e-11,0.7123069373887598,0
748,318,0.7123521975666407,2.556848292428688e-10,0.7123521973109559,0
3649,1318,0.7124355989365353,2.9863632020639434e-10,0.712435598637899,0
3312,1281,0.7127123434713774,1.1377048943494135e-09,0.7127123423336724,0
2161,673,0.7134781982535521,2.19195632879779e-10,0.7134781980343564,0
3222,1280,0.7137258158712045,5.205449882615446e-10,0.7137258153506596,0
2701,751,0.7138288889046824,2.419407898820188e-10,0.7138288886627416,0
4107,1407,0.7146728475131463,4.675956535892726e-10,0.7146728470455507,0
2166,674,0.715279504507921,3.48200701962451e-10,0.7152795041597203,0
500,223,0.7153816207527619,2.497056432441965e-10,0.7153816205030563,0
2167,674,0.7156362169203936,3.48200701962451e-10,0.7156362165721929,0
2755,756,0.7164389927082299,6.178042969911363e-11,0.7164389926464494,0
960,403,0.7169990169817887,2.4850349087344856e-07,0.7169987684782978,0
2173,676,0.7173711103493007,3.589233555318326e-11,0.7173711103134084,0
2344,705,0.717416920055001,1.6014247228491802e-09,0.7174169184535762,0
2034,660,0.717510215428883,5.561613149475019e-09,0.7175102098672699,0
413,185,0.7177799912633863,4.704033587865101e-09,0.7177799865593527,0
4102,1407,0.7183481496369919,4.675956535892726e-10,0.7183481491693963,0
1163,481,0.7191401724721908,1.353504851493682e-10,0.7191401723368402,0
3968,1387,0.7192920152653349,5.439410491060315e-10,0.7192920147213939,0
4256,1409,0.7193505363441759,1.0247438592455157e-09,0.719350535319432,0
812,344,0.7199103195935223,2.9385584316523484e-09,0.7199103166549639,0
1133,473,0.7205384495793724,2.135900169265159e-09,0.7205384474434723,0
1776,633,0.7215367542064656,2.9375323978841796e-10,0.7215367539127123,0
2275,700,0.7222730651039908,5.225745272174422e-10,0.7222730645814163,0
3839,1383,0.723491665072066,7.315236547407133e-10,0.7234916643405424,0
259,118,0.7252391996257831,3.453572901797183e-08,0.725239165090054,0
220,96,0.7252709740765183,2.855237007766895e-10,0.7252709737909946,0
2493,717,0.7257343267027507,5.743990972308578e-10,0.7257343261283516,0
3941,1386,0.7259026783544037,9.74271111339152e-10,0.7259026773801326,0
3506,1301,0.7261751443136932,1.1461396581001713e-09,0.7261751431675536,0
1743,627,0.7268259219827418,2.6976405892799263e-11,0.7268259219557653,0
97,59,0.7268630751346689,1.4396096016733841e-09,0.7268630736950592,0
4312,1431,0.7276559870297915,7.794221677039385e-11,0.7276559869518493,0
239,102,0.72842328118127,7.353530479259721e-11,0.7284232811077347,0
2248,695,0.7301231777569616,3.4535331434548165e-11,0.7301231777224262,0
3641,1318,0.7301483796445981,2.9863632020639434e-10,0.7301483793459618,0
2046,661,0.7306928736898607,1.6163376433931894e-09,0.7306928720735231,0
2369,707,0.7308064081311368,3.4053292152757826e-09,0.7308064047258076,0
3068,839,0.7308798675002255,6.503563225674959e-11,0.7308798674351898,0
4237,1408,0.7309116813803128,1.122850883984341e-09,0.7309116802574619,0
4223,1408,0.7309706264695354,1.122850883984341e-09,0.7309706253466844,0
1816,638,0.7310264543676527,6.651364016926321e-09,0.7310264477162887,0
547,248,0.7318829607519286,8.40532017499782e-09,0.7318829523466084,0
787,336,0.7332265744573836,0.0002485403664122306,0.7329780340909714,0
3115,842,0.7333779374522735,4.4244428671028666e-11,0.7333779374080291,0
423,190,0.734503262024902,4.42083203750047e-10,0.7345032615828188,0
2805,763,0.7345521689345328,2.51021071819843e-12,0.7345521689320226,0
4042,1406,0.7352310873504224,8.830684513257788e-11,0.7352310872621156,0
2354,706,0.7352914952909372,6.46645767753329e-09,0.7352914888244795,0
2469,716,0.7356466257401124,1.2699488463989707e-09,0.7356466244701636,0
3971,1387,0.7359882454606167,5.439410491060315e-10,0.7359882449166757,0
20,28,0.7362057436436485,1.1614800262718819e-06,0.7362045821636223,0
3898,1385,0.7364780070863821,7.542387001333966e-09,0.7364779995439951,0
2769,757,0.7371725728560385,6.451827718278953e-11,0.7371725727915203,0
1649,617,0.738003379605436,1.0023285878522447e-08,0.7380033695821502,0
3608,1317,0.7384413002291692,2.0018468968411415e-09,0.7384412982273223,0
3571,1314,0.7394388604426969,7.234274544324828e-09,0.7394388532084224,0
3459,1301,0.7396832569782823,1.1461396581001713e-09,0.7396832558321427,0
3544,1302,0.74015213531622,5.333872614836047e-10,0.7401521347828328,0
4024,1388,0.7418405021143789,3.115865762909136e-11,0.7418405020832203,0
806,343,0.7423072869502311,5.7067217496857525e-09,0.7423072812435093,0
2761,757,0.7425628149332941,6.451827718278953e-11,0.7425628148687758,0
725,311,0.7426519259456192,8.213677633730298e-09,0.7426519177319416,0
2066,661,0.7427514740821127,1.6163376433931894e-09,0.7427514724657751,0
4075,1406,0.7437735219328244,8.830684513257788e-11,0.7437735218445176,0
927,389,0.7440766667499183,5.546806551035235e-11,0.7440766666944503,0
1165,482,0.7441058895243693,1.0753540705219656e-10,0.7441058894168339,0
1245,519,0.7441326351575183,4.675375643516997e-11,0.7441326351107646,0
4105,1407,0.7443307673107852,4.675956535892726e-10,0.7443307668431896,0
1232,514,0.7445974647081623,1.3322422973014567e-10,0.7445974645749381,0
1839,640,0.7450763164301871,1.992049360007208e-08,0.7450762965096935,0
2575,732,0.7452439205233483,1.3391419089431465e-10,0.7452439203894341,0
17,27,0.7463587649864681,3.654891660879876e-06,0.7463551100948073,0
2523,723,0.7476216312452512,4.325405352588496e-11,0.7476216312019971,0
161,70,0.7485447023086844,8.471672456712205e-11,0.7485447022239677,0
1396,572,0.7485488724329795,1.08481873349661e-09,0.7485488713481608,0
3949,1386,0.7491016454372058,9.74271111339152e-10,0.7491016444629347,0
2772,757,0.7491726496833493,6.451827718278953e-11,0.749172649618831,0
3813,1366,0.7492074685657844,1.0410854588917419e-10,0.7492074684616759,0
3457,1301,0.7492798247282951,1.1461396581001713e-09,0.7492798235821555,0
1560,608,0.7509905066838453,6.608073994034088e-07,0.7509898458764459,0
2607,736,0.7520936508442939,3.0113893748326627e-10,0.752093650543155,0
218,95,0.7522906908190383,3.890233990830372e-10,0.752290690430015,0
294,134,0.7524218595698732,7.493659267874343e-11,0.7524218594949366,0
2753,756,0.7524759349642873,6.178042969911363e-11,0.7524759349025069,0
3286,1281,0.7528944202295593,1.1377048943494135e-09,0.7528944190918544,0
912,386,0.7531265963087197,9.63276995717679e-11,0.753126596212392,0
112,61,0.7537680655545631,9.929370651459462e-10,0.753768064561626,0
2832,805,0.7538511230643489,4.820283764243261e-11,0.753851123016146,0
795,339,0.7540758980653398,3.4679299836133194e-07,0.7540755512723415,0
2079,663,0.7542487838062314,1.876960969533189e-09,0.7542487819292705,0
3665,1318,0.754488033443202,2.9863632020639434e-10,0.7544880331445657,0
2617,736,0.7547766479838671,3.0113893748326627e-10,0.7547766476827282,0
2276,700,0.755101638111448,5.225745272174422e-10,0.7551016375888735,0
65,52,0.7554019504529167,5.6186169364949176e-08,0.7554018942667473,0
1696,623,0.7557365250084985,2.469209138649643e-09,0.7557365225392894,0
2247,695,0.7564136262970577,3.4535331434548165e-11,0.7564136262625223,0
1143,476,0.7564676592208359,5.845089251547379e-10,0.756467658636327,0
3712,1363,0.7592952898342803,4.709308265152779e-09,0.759295285124972,0
648,282,0.7595290218475984,1.6528937304628747e-09,0.7595290201947047,0
1299,541,0.76030148599364,5.285179802810744e-10,0.760301485465122,0
314,143,0.7629306400478022,0.0022050943756785875,0.7607255456721236,0
1650,618,0.7609011420597783,1.1728157099613225e-08,0.7609011303316212,0
876,372,0.7615182390138049,1.603520716792457e-07,0.7615180786617332,0
3542,1302,0.7615834003197764,5.333872614836047e-10,0.7615833997863892,0
1745,627,0.7621847677002103,2.6976405892799263e-11,0.7621847676732338,0
1043,439,0.7626813189839382,9.074642213673992e-09,0.762681309909296,0
1767,632,0.762698075212808,3.8160884584044533e-11,0.762698075174647,0
3716,1363,0.7633064583387199,4.709308265152779e-09,0.7633064536294116,0
1721,625,0.7634595100480839,2.3503684780279434e-10,0.763459509813047,0
3299,1281,0.7636567315144925,1.1377048943494135e-09,0.7636567303767876,0
3135,1256,0.7642949875955479,6.927690301312429e-11,0.764294987526271,0
3884,1384,0.7644346791368727,3.9249539443472e-09,0.7644346752119188,0
1517,600,0.7649204743784603,2.6142933262414427e-07,0.7649202129491277,0
1778,633,0.765323451974641,2.9375323978841796e-10,0.7653234516808878,0
1669,621,0.765810270353826,8.672033760932985e-09,0.7658102616817922,0
4123,1407,0.7659023569414309,4.675956535892726e-10,0.7659023564738353,0
583,259,0.7662679577766164,9.608774085453643e-11,0.7662679576805287,0
3199,1279,0.7664189148359971,8.520755739974929e-11,0.7664189147507896,0
488,219,0.7669268633350226,1.1126813560941478e-09,0.7669268622223412,0
4303,1430,0.7670344235786055,6.728331498150994e-12,0.7670344235718772,0
2542,726,0.767555178314367,5.5712140994493215e-11,0.7675551782586549,0
4265,1409,0.7681454520874307,1.0247438592455157e-09,0.7681454510626868,0
1178,486,0.7684688747731957,5.0252794942378197e-11,0.7684688747229429,0
2222,693,0.7686513833114741,5.958793058060246e-11,0.7686513832518862,0
1918,647,0.7688450969126428,1.9887014946653282e-08,0.7688450770256279,0
3310,1281,0.7690815271008032,1.1377048943494135e-09,0.7690815259630983,0
4046,1406,0.7693083696856321,8.830684513257788e-11,0.7693083695973253,0
2530,726,0.7694558337431907,5.5712140994493215e-11,0.7694558336874786,0
1418,579,0.7697151295566859,1.6065387039430635e-10,0.769715129396032,0
530,240,0.8490824239286642,0.07934273478351622,0.769739689145148,0
3621,1317,0.7699436982717822,2.0018468968411415e-09,0.7699436962699353,0
829,350,0.7700873588570866,2.2318776833170042e-10,0.7700873586338988,0
1364,564,0.7703144426596455,3.0890481555298096e-08,0.770314411769164,0
2756,756,0.7710244853928974,6.178042969911363e-11,0.7710244853311169,0
51,50,0.7714859924177307,1.5230968218727687e-07,0.7714858401080485,0
2471,716,0.7727747611669383,1.2699488463989707e-09,0.7727747598969895,0
3298,1281,0.7736231651794253,1.1377048943494135e-09,0.7736231640417204,0
533,242,0.773894403306804,4.3647538473425636e-05,0.7738507557683306,0
1468,594,0.7742000363252601,1.6029048807575647e-06,0.7741984334203794,0
3145,1257,0.7742965363339652,1.0544413675381309e-10,0.7742965362285211,0
3538,1302,0.7744370967227489,5.333872614836047e-10,0.7744370961893616,0
3765,1365,0.7754991087820821,2.8260988998366504e-10,0.7754991084994721,0
3279,1280,0.7758843807914109,5.205449882615446e-10,0.7758843802708659,0
3807,1365,0.7761754659122961,2.8260988998366504e-10,0.7761754656296862,0
1524,603,0.7766818403471374,9.876446628439615e-10,0.7766818393594928,0
3083,839,0.7771152775527518,6.503563225674959e-11,0.7771152774877161,0
1222,508,0.7771543730844069,7.63637979606713e-10,0.777154372320769,0
896,381,0.7771839955530023,3.7810425101782173e-10,0.7771839951748981,0
2485,717,0.777517091632401,5.743990972308578e-10,0.7775170910580019,0
426,191,0.7784312200080222,3.190744257514847e-10,0.7784312196889478,0
2605,736,0.7788104887549633,3.0113893748326627e-10,0.7788104884538244,0
2260,697,0.7788989868428342,3.2422765722064915e-10,0.7788989865186066,0
4060,1406,0.7791945917653648,8.830684513257788e-11,0.779194591677058,0
363,163,0.7794731876267199,1.0671635532389614e-10,0.7794731875200036,0
2126,667,0.780432490275331,1.100072891534858e-09,0.7804324891752581,0
2781,758,0.7807687147276836,3.0439578323762365e-11,0.7807687146972441,0
2982,826,0.7819789301593352,3.6166710499089417e-10,0.781978929797668,0
3752,1364,0.7822454821321969,2.6746182454218203e-09,0.7822454794575787,0
4273,1409,0.7828341317541405,1.0247438592455157e-09,0.7828341307293967,0
2241,695,0.7835446003509569,3.4535331434548165e-11,0.7835446003164215,0
355,158,0.7836427975633712,4.1622610649199393e-10,0.7836427971471451,0
1192,496,0.7838658116732835,5.320322753684898e-06,0.7838604913505298,0
2993,827,0.7843889832024131,4.816820406100609e-10,0.7843889827207311,0
1258,527,0.785122095387373,4.9012244286084185e-06,0.7851171941629443,0
1342,561,0.7860071910799956,1.7776311414906318e-07,0.7860070133168815,0
3285,1281,0.7864347673343456,1.1377048943494135e-09,0.7864347661966407,0
1722,625,0.7866315783827231,2.3503684780279434e-10,0.7866315781476863,0
3991,1387,0.7868031194537561,5.439410491060315e-10,0.7868031189098151,0
1098,457,0.7881379051595613,1.9767834356097593e-11,0.7881379051397934,0
1643,617,0.7887624434569593,1.0023285878522447e-08,0.7887624334336735,0
1734,626,0.7894287415683932,2.982616498485207e-10,0.7894287412701315,0
2877,809,0.7896711619304537,6.733614102810164e-11,0.7896711618631176,0
4308,1430,0.7898223707568287,6.728331498150994e-12,0.7898223707501004,0
2461,716,0.7901533100597908,1.2699488463989707e-09,0.790153308789842,0
3479,1301,0.7904455201930762,1.1461396581001713e-09,0.7904455190469366,0
2406,710,0.7907050334360474,3.223439803281071e-09,0.7907050302126075,0
2586,733,0.7915385560695228,2.2735061324356993e-10,0.7915385558421723,0
3178,1279,0.7920050295516363,8.520755739974929e-11,0.7920050294664288,0
2379,708,0.7920885999090633,4.222731280528328e-09,0.792088595686332,0
3200,1279,0.7926176916627261,8.520755739974929e-11,0.7926176915775186,0
2754,756,0.7929618288633047,6.178042969911363e-11,0.7929618288015242,0
1048,439,0.792988071533751,9.074642213673992e-09,0.7929880624591087,0
1677,621,0.7930952498942938,8.672033760932985e-09,0.79309524122226,0
4067,1406,0.7936351921268244,8.830684513257788e-11,0.7936351920385176,0
2437,714,0.7937634084082795,2.7304141795406657e-09,0.7937634056778653,0
338,151,0.7943306713088316,1.3155384885162244e-08,0.7943306581534467,0
2695,750,0.7948073775153384,6.021615246700785e-10,0.7948073769131768,0
3317,1281,0.7962019040446262,1.1377048943494135e-09,0.7962019029069213,0
382,169,0.7968355703447945,2.5664373466222263e-11,0.7968355703191301,0
2735,753,0.7969616152558261,1.9053720088718898e-10,0.7969616150652888,0
1485,597,0.7990067073529195,6.828312415041267e-07,0.7990060245216779,0
3350,1281,0.7990296186721458,1.1377048943494135e-09,0.7990296175344409,0
3612,1317,0.799484460876901,2.0018468968411415e-09,0.799484458875054,0
3750,1364,0.7998590918688022,2.6746182454218203e-09,0.799859089194184,0
1819,638,0.800569136046905,6.651364016926321e-09,0.800569129395541,0
2745,756,0.8006278797538674,6.178042969911363e-11,0.8006278796920869,0
3001,828,0.8009086008701883,3.9021707800086394e-10,0.8009086004799713,0
2891,813,0.8012273486687348,2.045485873864829e-10,0.8012273484641862,0
1715,625,0.8029721509964,2.3503684780279434e-10,0.8029721507613631,0
1840,641,0.8032787975677839,1.1360174684233893e-08,0.8032787862076092,0
1543,606,0.8038390749341264,1.2473033928016382e-07,0.8038389502037872,0
1655,618,0.8057038954899102,1.1728157099613225e-08,0.8057038837617531,0
3974,1387,0.8057103686741152,5.439410491060315e-10,0.8057103681301742,0
1782,633,0.8059222634194529,2.9375323978841796e-10,0.8059222631256997,0
160,70,0.8079249828048851,8.471672456712205e-11,0.8079249827201684,0
1507,599,0.8084237879320972,1.3526852013119952e-07,0.8084236526635771,0
2332,705,0.8085022053270934,1.6014247228491802e-09,0.8085022037256686,0
588,261,0.8089500530159309,6.564794711259674e-11,0.808950052950283,0
2875,809,0.8092931658680544,6.733614102810164e-11,0.8092931658007183,0
2107,666,0.8099536814057089,1.8954850926295748e-09,0.8099536795102238,0
3831,1366,0.8101616203869269,1.0410854588917419e-10,0.8101616202828184,0
308,143,0.8136528640205429,0.0022050943756785875,0.8114477696448643,0
2538,726,0.8116761390950475,5.5712140994493215e-11,0.8116761390393354,0
3063,839,0.8128369611018437,6.503563225674959e-11,0.812836961036808,0
1006,421,0.8130267343309561,5.3950522146853215e-11,0.8130267342770056,0
985,414,0.8136078047592523,2.51261188027871e-10,0.8136078045079911,0
3265,1280,0.8141547767865217,5.205449882615446e-10,0.8141547762659768,0
3515,1302,0.8145606965339661,5.333872614836047e-10,0.8145606960005789,0
1549,607,0.8147173144377858,8.208848894592351e-08,0.8147172323492969,0
3484,1301,0.8170341020534603,1.1461396581001713e-09,0.8170341009073206,0
2782,759,0.817120988126522,3.458741757292906e-11,0.8171209880919346,0
2294,700,0.8177821446747553,5.225745272174422e-10,0.8177821441521808,0
2141,671,0.8180086331154013,6.391120472396554e-10,0.8180086324762892,0
2353,706,0.81813909017521,6.46645767753329e-09,0.8181390837087523,0
1882,643,0.8190491947523258,2.602140538389667e-08,0.8190491687309205,0
869,369,0.8191110288262556,4.23332399521252e-05,0.8190686955863035,0
3110,842,0.8191778966581337,4.4244428671028666e-11,0.8191778966138893,0
247,112,0.8196754398983648,4.436312234311037e-05,0.8196310767760216,0
262,119,0.8198409736731553,1.8022608374312422e-08,0.8198409556505469,0
3918,1386,0.8212529163450879,9.74271111339152e-10,0.8212529153708168,0
4310,1431,0.8220948557775579,7.794221677039385e-11,0.8220948556996157,0
2214,693,0.8225582318602874,5.958793058060246e-11,0.8225582318006995,0
2930,819,0.8232255497818153,4.077307408079862e-10,0.8232255493740845,0
671,289,0.8236143073004563,1.301270876736602e-10,0.8236143071703291,0
3930,1386,0.8242874630926155,9.74271111339152e-10,0.8242874621183444,0
1837,640,0.8243367212755529,1.992049360007208e-08,0.8243367013550593,0
2687,749,0.8249837674877533,5.699408463943827e-10,0.8249837669178124,0
3567,1314,0.824984427054198,7.234274544324828e-09,0.8249844198199235,0
2838,807,0.8250673713709042,3.783775700090394e-11,0.8250673713330665,0
886,374,0.8254629816896126,1.9047615375347486e-08,0.8254629626419973,0
2715,751,0.82820406486217,2.419407898820188e-10,0.8282040646202292,0
3697,1362,0.8283825248842824,7.518417158060209e-08,0.8283824497001109,0
2110,666,0.8291615750239888,1.8954850926295748e-09,0.8291615731285037,0
601,265,0.8293846068508548,2.8638431203104402e-11,0.8293846068222164,0
2884,812,0.8298192983058661,2.196377088734881e-10,0.8298192980862283,0
1202,498,0.8306820534908116,4.973910193044742e-07,0.8306815560997923,0
3491,1301,0.8307629061634465,1.1461396581001713e-09,0.8307629050173069,0
4111,1407,0.8308018924055823,4.675956535892726e-10,0.8308018919379867,0
3393,1299,0.831428116699711,7.147543147588599e-10,0.8314281159849566,0
1017,425,0.8315202553834182,1.5328493663851477e-11,0.8315202553680897,0
4298,1430,0.8324059145769552,6.728331498150994e-12,0.832405914570227,0
1075,448,0.8329434481080061,1.8036925955845066e-10,0.8329434479276369,0
4316,1431,0.83345331048623,7.794221677039385e-11,0.8334533104082877,0
3443,1301,0.8337850490721896,1.1461396581001713e-09,0.83378504792605,0
3523,1302,0.8348640262034301,5.333872614836047e-10,0.8348640256700429,0
1071,446,0.8350938412447997,3.2197909643449053e-10,0.8350938409228206,0
1798,636,0.8356987000300085,2.0945435733469072e-09,0.8356986979354649,0
3149,1279,0.836131331494029,8.520755739974929e-11,0.8361313314088215,0
3960,1386,0.836447649583315,9.74271111339152e-10,0.8364476486090439,0
1881,643,0.8370186556899157,2.602140538389667e-08,0.8370186296685104,0
2429,712,0.8370216277032523,3.5612777745807994e-09,0.8370216241419745,0
1753,628,0.8377412661379775,2.2322239526361723e-15,0.8377412661379753,0
952,401,0.8390169985651939,6.456142617135442e-06,0.8390105424225767,0
224,98,0.8392799776527573,1.767703821803763e-10,0.8392799774759869,0
931,390,0.8395814656183063,4.718998514386365e-11,0.8395814655711162,0
3047,836,0.839982759978806,1.539874522780238e-10,0.8399827598248185,0
7,16,0.8402275074734494,3.5503846303176316e-10,0.840227507118411,0
72,53,0.8405092649919778,3.5175583588861473e-08,0.8405092298163942,0
564,253,0.8417093593594039,5.463977780576993e-10,0.8417093588130061,0
3676,1361,0.8462111283912379,6.61613744152264e-09,0.8462111217751005,0
3456,1301,0.8462576133060783,1.1461396581001713e-09,0.8462576121599387,0
1889,644,0.8465951625274388,1.7761539758919414e-08,0.846595144765899,0
481,215,0.8466682564416174,1.2547763960705501e-08,0.8466682438938534,0
1624,616,0.8471776353771466,2.5689328286537023e-08,0.8471776096878183,0
3061,838,0.8475316306043978,1.0484735417008582e-10,0.8475316304995505,0
941,393,0.847856298545709,1.9316023444468008e-11,0.847856298526393,0
3548,1302,0.8480306491578531,5.333872614836047e-10,0.8480306486244659,0
1864,643,0.8492690372666027,2.602140538389667e-08,0.8492690112451974,0
1386,570,0.8495529276685055,1.4840069407982472e-09,0.8495529261844986,0
1920,647,0.850841417590484,1.9887014946653282e-08,0.8508413977034691,0
2052,661,0.8512736944043157,1.6163376433931894e-09,0.851273692787978,0
1311,547,0.8523109681532062,1.0356339973995856e-10,0.8523109680496428,0
690,294,0.8525521736581828,4.985377432319359e-11,0.852552173608329,0
2250,695,0.8526238007041645,3.4535331434548165e-11,0.8526238006696292,0
2659,743,0.8528373412693155,3.32569203539476e-10,0.8528373409367463,0
1452,592,0.8533482605461101,3.6301214944554056e-06,0.8533446304246157,0
3169,1279,0.8536050594847319,8.520755739974929e-11,0.8536050593995244,0
3462,1301,0.8566806390360866,1.1461396581001713e-09,0.856680637889947,0
1532,605,0.8568989954843107,2.0460275723445132e-07,0.8568987908815535,0
2268,699,0.8570614321040192,1.5945316096667864e-10,0.8570614319445661,0
1550,607,0.859017898924791,8.208848894592351e-08,0.8590178168363021,0
546,247,0.8592270492119071,1.8966101698182565e-08,0.8592270302458054,0
922,388,0.8603156685699052,6.554317746275048e-11,0.860315668504362,0
1355,562,0.8609455712701709,8.034556042293009e-08,0.8609454909246105,0
4030,1388,0.8631077666159774,3.115865762909136e-11,0.8631077665848188,0
731,312,0.8636491409255674,4.00045412928371e-09,0.8636491369251134,0
2053,661,0.8637477775400064,1.6163376433931894e-09,0.8637477759236688,0
1410,576,0.863923354087212,2.503355847354944e-10,0.8639233538368765,0
698,303,1.0285043789705413,0.16455866924184295,0.8639457097286983,0
2765,757,0.8650974605884743,6.451827718278953e-11,0.865097460523956,0
3805,1365,0.8655035302086651,2.8260988998366504e-10,0.8655035299260552,0
235,101,0.8664014345833497,8.775207795118107e-11,0.8664014344955977,0
3119,1255,0.8668100751285966,1.64121839563082e-11,0.8668100751121844,0
1748,627,0.8670119062549629,2.6976405892799263e-11,0.8670119062279865,0
3339,1281,0.8672259206412916,1.1377048943494135e-09,0.8672259195035866,0
2932,819,0.8676650848223983,4.077307408079862e-10,0.8676650844146676,0
3003,828,0.8687573672569182,3.9021707800086394e-10,0.8687573668667011,0
2299,700,0.8688745882567954,5.225745272174422e-10,0.8688745877342209,0
4093,1406,0.8690420354174619,8.830684513257788e-11,0.8690420353291551,0
1695,622,0.8694898410156766,7.712250540816842e-09,0.8694898333034261,0
2569,730,0.869734792339846,2.1819552980184557e-10,0.8697347921216504,0
1772,632,0.8712457936254517,3.8160884584044533e-11,0.8712457935872908,0
1638,616,0.871873875374321,2.5689328286537023e-08,0.8718738496849927,0
2679,746,0.8720010113172865,3.707702780801261e-10,0.8720010109465162,0
1491,598,0.8730140589937722,9.295608902077369e-08,0.8730139660376831,0
2125,667,0.8746952202008937,1.100072891534858e-09,0.8746952191008208,0
1116,469,0.8749026783267435,2.6730681310371428e-08,0.8749026515960622,0
1409,576,0.8750542739281205,2.503355847354944e-10,0.875054273677785,0
3942,1386,0.8756445028767211,9.74271111339152e-10,0.87564450190245,0
1399,572,0.8760057035882682,1.08481873349661e-09,0.8760057025034496,0
2696,750,0.8762695313359692,6.021615246700785e-10,0.8762695307338076,0
1031,432,0.8766036125530386,4.1457037128028306e-05,0.8765621555159107,0
380,168,0.8774069972692219,3.779888610769817e-11,0.877406997231423,0
3767,1365,0.8774190892276158,2.8260988998366504e-10,0.8774190889450059,0
1360,563,0.8779550110436476,5.407043189981694e-08,0.8779549569732157,0
1188,494,0.8781961110126573,0.00022669662317750675,0.8779694143894797,0
3617,1317,0.8788085420803319,2.0018468968411415e-09,0.878808540078485,0
965,406,0.879210623717017,1.2629049841526705e-08,0.8792106110879672,0
3168,1279,0.8792330181921009,8.520755739974929e-11,0.8792330181068934,0
2121,666,0.8798796046773601,1.8954850926295748e-09,0.879879602781875,0
2116,666,0.8799639055276803,1.8954850926295748e-09,0.8799639036321952,0
3545,1302,0.8812023916793458,5.333872614836047e-10,0.8812023911459586,0
3724,1363,0.8814441993064897,4.709308265152779e-09,0.8814441945971814,0
740,316,0.8818832030783419,5.150258247712018e-10,0.8818832025633161,0
5,16,0.8824894673673369,3.5503846303176316e-10,0.8824894670122985,0
921,388,0.8830093552499163,6.554317746275048e-11,0.8830093551843732,0
4050,1406,0.8832776879325369,8.830684513257788e-11,0.8832776878442301,0
4086,1406,0.8838626691005107,8.830684513257788e-11,0.8838626690122039,0
3969,1387,0.8839858750948935,5.439410491060315e-10,0.8839858745509525,0
1242,518,0.8855282673175735,6.08578780977665e-11,0.8855282672567156,0
1604,615,0.8860682164742244,2.992084507875224e-08,0.8860681865533794,0
3051,837,0.8872492186684997,1.2216367482088777e-10,0.887249218546336,0
433,193,0.8896638683970736,1.7898199384947124e-10,0.8896638682180916,0
261,119,0.8897492613926298,1.8022608374312422e-08,0.8897492433700214,0
217,95,0.8898611027740716,3.890233990830372e-10,0.8898611023850482,0
1985,655,0.8905544059321676,1.4476314587207552e-09,0.8905544044845362,0
3929,1386,0.8905582898832045,9.74271111339152e-10,0.8905582889089334,0
1931,648,0.891836047383936,4.650962370427563e-09,0.8918360427329736,0
4090,1406,0.8927101608090435,8.830684513257788e-11,0.8927101607207367,0
1671,621,0.8931554700107037,8.672033760932985e-09,0.89315546133867,0
288,132,0.8931700667859949,1.0436727921601621e-10,0.8931700666816276,0
2531,726,0.8931912226911122,5.5712140994493215e-11,0.8931912226354001,0
969,408,0.8933490218088684,3.2250333939258935e-09,0.8933490185838351,0
4221,1408,0.8934277346543086,1.122850883984341e-09,0.8934277335314577,0
1719,625,0.8937107068381731,2.3503684780279434e-10,0.8937107066031362,0
135,67,0.8940124739539647,2.109969630208079e-10,0.8940124737429677,0
3161,1279,0.8945778014518846,8.520755739974929e-11,0.8945778013666771,0
1426,581,0.8946176220546923,8.83483760467819e-11,0.894617621966344,0
2902,814,0.8948362065579151,1.2253024814633707e-10,0.8948362064353849,0
2164,674,0.8952020895037568,3.48200701962451e-10,0.8952020891555561,0
2305,703,0.8976743653031068,1.5435187487069534e-09,0.8976743637595881,0
47,49,0.8987450234721306,1.555279327917655e-06,0.8987434681928027,0
4124,1407,0.8990555657326247,4.675956535892726e-10,0.899055565265029,0
1177,485,0.8991345292538032,6.238363086112154e-11,0.8991345291914196,0
3181,1279,0.8999487425540021,8.520755739974929e-11,0.8999487424687946,0
3951,1386,0.9005200389971338,9.74271111339152e-10,0.9005200380228627,0
3659,1318,0.9006288687771903,2.9863632020639434e-10,0.900628868478554,0
340,153,0.9014000737374778,3.799299193347566e-09,0.9014000699381786,0
3770,1365,0.9033525039514332,2.8260988998366504e-10,0.9033525036688232,0
633,279,0.9036662280755724,1.2343562337841823e-08,0.9036662157320101,0
3720,1363,0.9039736319833374,4.709308265152779e-09,0.9039736272740291,0
1642,617,0.9043876170552333,1.0023285878522447e-08,0.9043876070319474,0
3781,1365,0.9045189505546958,2.8260988998366504e-10,0.9045189502720858,0
1832,639,0.9062396531640932,2.5861657928247614e-08,0.9062396273024352,0
2291,700,0.9070249329010884,5.225745272174422e-10,0.9070249323785139,0
2744,756,0.907254334993685,6.178042969911363e-11,0.9072543349319045,0
274,125,0.9079443009261018,7.572576498827321e-10,0.9079443001688441,0
1774,633,0.9087885215771961,2.9375323978841796e-10,0.9087885212834429,0
1108,466,0.9090340070030021,4.1723282861472805e-07,0.9090335897701735,0
4247,1409,0.909830829904952,1.0247438592455157e-09,0.9098308288802082,0
3280,1280,0.9114218968302502,5.205449882615446e-10,0.9114218963097053,0
2270,700,0.9119135764840841,5.225745272174422e-10,0.9119135759615096,0
119,63,0.9124515254554934,4.6194011763052503e-10,0.9124515249935532,0
1294,539,0.9146774477187104,1.000344460627399e-09,0.9146774467183659,0
1811,638,0.9151729891676271,6.651364016926321e-09,0.9151729825162631,0
988,414,0.9159503390160775,2.51261188027871e-10,0.9159503387648162,0
1170,482,0.9160428238083913,1.0753540705219656e-10,0.9160428237008559,0
1850,642,0.9171928560701945,9.62682078653581e-09,0.9171928464433737,0
2684,748,0.9190405576159548,4.952772786998944e-10,0.9190405571206776,0
3055,837,0.919587679324964,1.2216367482088777e-10,0.9195876792028003,0
3217,1280,0.919972323822898,5.205449882615446e-10,0.919972323302353,0
1252,526,0.920347281726992,1.550763137105714e-05,0.920331774095621,0
2139,670,0.9205093029975017,2.5878091433337106e-09,0.9205093004096925,0
2943,821,0.9209188646429585,3.468388148397623e-10,0.9209188642961197,0
2176,676,0.9211244846536907,3.589233555318326e-11,0.9211244846177984,0
1171,482,0.9211606922404865,1.0753540705219656e-10,0.921160692132951,0
3934,1386,0.9216821256185208,9.74271111339152e-10,0.9216821246442497,0
1102,464,0.9218245507386907,4.983645602040123e-06,0.9218195670930887,0
4267,1409,0.9218946074098833,1.0247438592455157e-09,0.9218946063851394,0
3081,839,0.9226219626565341,6.503563225674959e-11,0.9226219625914984,0
4187,1408,0.924250376177434,1.122850883984341e-09,0.9242503750545831,0
3683,1361,0.9243478011647006,6.61613744152264e-09,0.9243477945485632,0
677,292,0.9244893875764157,6.93227369456703e-11,0.924489387507093,0
1221,508,0.9247356490232269,7.63637979606713e-10,0.924735648259589,0
464,210,0.9248957462344715,6.749236382523606e-06,0.9248889969980889,0
3753,1364,0.9258976105663211,2.6746182454218203e-09,0.925897607891703,0
2824,803,0.9263253087485158,1.9941672148468157e-11,0.9263253087285741,0
875,371,0.9263601807128697,6.479214282265035e-07,0.9263595327914416,0
4022,1387,0.9264137830115549,5.439410491060315e-10,0.9264137824676139,0
4305,1430,0.9271391994442344,6.728331498150994e-12,0.9271391994375061,0
168,71,0.9272510867444325,6.627918964854086e-11,0.9272510866781533,0
1526,603,0.9286881157619696,9.876446628439615e-10,0.928688114774325,0
1422,579,0.9318918553234858,1.6065387039430635e-10,0.931891855162832,0
3841,1383,0.9323301269993762,7.315236547407133e-10,0.9323301262678526,0
2403,710,0.9323945184394853,3.223439803281071e-09,0.9323945152160454,0
3507,1301,0.9325176958491644,1.1461396581001713e-09,0.9325176947030248,0
3892,1385,0.9331562417246746,7.542387001333966e-09,0.9331562341822875,0
626,277,0.9337275389996478,9.2588986859693e-08,0.933727446410661,0
266,121,0.9341989587690103,5.7018389252351665e-09,0.9341989530671714,0
1700,623,0.9342417418778688,2.469209138649643e-09,0.9342417394086596,0
230,100,0.9363180221965411,1.0178004000552718e-10,0.9363180220947611,0
2488,717,0.9368256491686042,5.743990972308578e-10,0.9368256485942051,0
1496,599,0.9374344727159031,1.3526852013119952e-07,0.9374343374473829,0
2645,739,0.9383526036885073,3.4619541740494636e-10,0.9383526033423119,0
1492,598,0.9388334156219871,9.295608902077369e-08,0.938833322665898,0
2908,814,0.938935356598882,1.2253024814633707e-10,0.9389353564763518,0
4260,1409,0.9398294389973156,1.0247438592455157e-09,0.9398294379725718,0
3591,1316,0.9403406828956044,6.423673588589411e-09,0.9403406764719308,0
1893,644,0.9411630586816063,1.7761539758919414e-08,0.9411630409200665,0
3304,1281,0.941277014324198,1.1377048943494135e-09,0.941277013186493,0
928,389,0.9429777567713445,5.546806551035235e-11,0.9429777567158765,0
3007,829,0.9450137306070145,3.161154075847059e-10,0.9450137302908992,0
444,198,0.9461529462963395,6.302478765989995e-11,0.9461529462333147,0
1141,476,0.9478472833801036,5.845089251547379e-10,0.9478472827955947,0
3402,1299,0.9483272431933871,7.147543147588599e-10,0.9483272424786328,0
1508,599,0.9484317167895421,1.3526852013119952e-07,0.9484315815210219,0
1076,448,0.9488886776253833,1.8036925955845066e-10,0.948888677445014,0
2731,753,0.9497225014835919,1.9053720088718898e-10,0.9497225012930547,0
3282,1280,0.9497978494869661,5.205449882615446e-10,0.9497978489664212,0
3663,1318,0.9503104096553214,2.9863632020639434e-10,0.9503104093566851,0
451,199,0.9506313112830141,5.3207295261326155e-11,0.9506313112298068,0
1724,625,0.9507661989419476,2.3503684780279434e-10,0.9507661987069107,0
541,246,0.9517090247960442,4.9747281904835126e-08,0.9517089750487624,0
93,58,0.9530678009985,3.1696013577500267e-09,0.9530677978288986,0
201,88,0.9534118801753472,8.892978512804065e-09,0.9534118712823687,0
906,384,0.9538036666803666,1.541616317840598e-10,0.953803666526205,0
2546,726,0.9538285691311936,5.5712140994493215e-11,0.9538285690754815,0
2025,659,0.955397047608838,3.2628143888887657e-09,0.9553970443460237,0
42,47,0.9565638777006413,1.6024558483280318e-06,0.956562275244793,0
950,400,0.9566859849658397,7.426261287802633e-05,0.9566117223529617,0
1509,599,0.9569586477391601,1.3526852013119952e-07,0.9569585124706399,0
1820,638,0.9573740430628446,6.651364016926321e-09,0.9573740364114806,0
82,55,0.9581498827385662,1.3343929165015978e-08,0.958149869394637,0
2969,825,0.9587900506159571,3.458088511706758e-10,0.9587900502701483,0
417,187,0.9588423197593823,1.5356286193419043e-09,0.9588423182237537,0
4297,1430,0.9592885498859656,6.728331498150994e-12,0.9592885498792373,0
4274,1410,0.9594929504243893,7.088677467113349e-11,0.9594929503535026,0
1821,638,0.9598671739894489,6.651364016926321e-09,0.9598671673380849,0
1284,535,0.9611954348189082,9.06729136801496e-09,0.9611954257516169,0
2599,735,0.9614917714613991,2.7170344976449653e-10,0.9614917711896956,0
4130,1407,0.9615538309997813,4.675956535892726e-10,0.9615538305321857,0
1449,590,0.9619591248507423,6.26572979350517e-05,0.9618964675528072,0
4335,1432,0.9621352266924288,1.1177592940415557e-10,0.9621352265806529,0
348,156,0.962822168241399,8.430867356831907e-10,0.9628221673983123,0
2905,814,0.9642144881338501,1.2253024814633707e-10,0.9642144880113199,0
56,50,0.9666230562805884,1.5230968218727687e-07,0.9666229039709062,0
4201,1408,0.9667982355235336,1.122850883984341e-09,0.9667982344006827,0
378,168,0.9668122726860399,3.779888610769817e-11,0.966812272648241,0
1779,633,0.9675819991854132,2.9375323978841796e-10,0.96758199889166,0
2209,678,0.9676836009422867,6.048038844594925e-11,0.9676836008818063,0
456,204,0.967721393124809,5.609769869510718e-12,0.9677213931191992,0
172,73,0.9690742467772703,3.49269953979705e-11,0.9690742467423433,0
4079,1406,0.9694355156657142,8.830684513257788e-11,0.9694355155774074,0
2203,678,0.970323750201866,6.048038844594925e-11,0.9703237501413856,0
3803,1365,0.9706960675616139,2.8260988998366504e-10,0.9706960672790039,0
2629,738,0.9710096385333822,4.3081523275887065e-10,0.9710096381025669,0
2650,741,0.9712389600928807,3.627563772253051e-10,0.9712389597301243,0
1740,627,0.9725351302153267,2.6976405892799263e-11,0.9725351301883502,0
1169,482,0.973459655963027,1.0753540705219656e-10,0.9734596558554915,0
959,403,0.9735772934455923,2.4850349087344856e-07,0.9735770449421014,0
1547,606,0.9736812893113511,1.2473033928016382e-07,0.9736811645810118,0
1845,641,0.9739122842607836,1.1360174684233893e-08,0.9739122729006089,0
2472,716,0.9742226041658747,1.2699488463989707e-09,0.9742226028959259,0
3500,1301,0.9755306903406947,1.1461396581001713e-09,0.9755306891945551,0
1118,470,0.9763330961663934,1.342268200858841e-08,0.9763330827437114,0
3972,1387,0.9763678396911804,5.439410491060315e-10,0.9763678391472393,0
2516,721,0.9765081850442154,3.6043941382888956e-10,0.976508184683776,0
1063,442,0.9768876885299942,1.5229285642609027e-09,0.9768876870070656,0
2098,665,0.9771550791872341,5.790722800655956e-09,0.9771550733965113,0
3013,829,0.977584435885902,3.161154075847059e-10,0.9775844355697867,0
1272,532,0.977757723799311,4.326332376137098e-08,0.9777576805359872,0
2727,752,0.9779221264401446,1.644560246834373e-10,0.9779221262756886,0
3715,1363,0.9786465189338316,4.709308265152779e-09,0.9786465142245233,0
4023,1387,0.9797858132943037,5.439410491060315e-10,0.9797858127503627,0
1470,595,0.9800533294121613,3.698788021021299e-06,0.9800496306241403,0
1648,617,0.9808267252956725,1.0023285878522447e-08,0.9808267152723866,0
873,370,0.9811645305410821,3.865815581282872e-06,0.9811606647255008,0
3527,1302,0.9811986978303172,5.333872614836047e-10,0.98119869729693,0
2361,706,0.9817325906479291,6.46645767753329e-09,0.9817325841814714,0
2682,747,0.9819015513875,4.351964232569401e-10,0.9819015509523036,0
514,228,0.9823150730218558,7.559546736552428e-11,0.9823150729462604,0
2644,739,0.9824637930333747,3.4619541740494636e-10,0.9824637926871793,0
1353,562,0.9831446963073013,8.034556042293009e-08,0.9831446159617409,0
854,359,0.9833559638527268,3.2552463773836924e-11,0.9833559638201743,0
2747,756,0.9839653453511908,6.178042969911363e-11,0.9839653452894104,0
1350,561,0.9846050063109159,1.7776311414906318e-07,0.9846048285478017,0
1051,440,0.9853475932501061,4.7053889748089305e-09,0.9853475885447172,0
1974,654,0.9857656023507119,5.590128721588068e-10,0.985765601791699,0
1781,633,0.9861878890013102,2.9375323978841796e-10,0.9861878887075569,0
2534,726,0.9863322360590718,5.5712140994493215e-11,0.9863322360033597,0
2477,716,0.9866548283568825,1.2699488463989707e-09,0.9866548270869336,0
3292,1281,0.988100559728865,1.1377048943494135e-09,0.9881005585911601,0
4291,1430,0.988647144502155,6.728331498150994e-12,0.9886471444954267,0
3708,1363,0.9894453941658333,4.709308265152779e-09,0.989445389456525,0
4002,1387,0.9895432057503853,5.439410491060315e-10,0.9895432052064443,0
400,181,0.9901503624112417,1.0971949666998999e-07,0.990150252691745,0
1123,471,0.9904751362856892,7.011045285956265e-09,0.9904751292746439,0
1988,655,0.9905063174771263,1.4476314587207552e-09,0.9905063160294948,0
1280,533,0.9905999909293971,2.3330915134563428e-08,0.990599967598482,0
618,275,0.9908730775028511,1.7986068644297334e-06,0.9908712788959867,0
3029,833,0.9914190535676194,1.2804510724419306e-10,0.9914190534395743,0
2603,736,0.9916903658179476,3.0113893748326627e-10,0.9916903655168087,0
3992,1387,0.9920951493030598,5.439410491060315e-10,0.9920951487591188,0
3364,1282,0.9924765612291233,8.561153931544979e-10,0.9924765603730079,0
273,124,0.994910077316083,1.1216887603649173e-09,0.9949100761943943,0
244,105,0.9954922623997668,2.6115317191087262e-11,0.9954922623736515,0
1835,640,0.9957114786375508,1.992049360007208e-08,0.9957114587170572,0
2352,706,0.9960144522933262,6.46645767753329e-09,0.9960144458268685,0
665,287,0.9961522931759504,2.2279582941578772e-10,0.9961522929531547,0
1846,641,0.9969279815045521,1.1360174684233893e-08,0.9969279701443774,0
3189,1279,0.9974885137499687,8.520755739974929e-11,0.9974885136647612,0
3283,1280,0.9979534482575205,5.205449882615446e-10,0.9979534477369756,0
2300,701,0.9980728817242609,2.97129046718275e-09,0.9980728787529705,0
137,67,0.9983656314100546,2.109969630208079e-10,0.9983656311990576,0
3497,1301,0.9992926258845335,1.1461396581001713e-09,0.9992926247383939,0
761,323,0.9997301293534143,7.515048624450924e-11,0.9997301292782639,0
1917,646,0.9998233811878335,3.1453372268947e-08,0.9998233497344613,0
3287,1281,1.000002348775003,1.1377048943494135e-09,1.0000023476372981,0
2267,698,1.0004028451344475,2.0423593113025644e-10,1.0004028449302116,0
1930,648,1.0015490618900071,4.650962370427563e-09,1.0015490572390449,0
3645,1318,1.0020013994559176,2.9863632020639434e-10,1.0020013991572814,0
3955,1386,1.0032867405250379,9.74271111339152e-10,1.0032867395507667,0
248,113,1.003873789095212,5.524433623278493e-06,1.0038682646615888,0
3573,1314,1.0048078529794096,7.234274544324828e-09,1.004807845745135,0
3970,1387,1.0051984323622096,5.439410491060315e-10,1.0051984318182685,0
796,339,1.0058874869908097,3.4679299836133194e-07,1.0058871401978113,0
1209,501,1.0060216736737055,3.5425152929883275e-08,1.0060216382485525,0
3309,1281,1.0065274734656102,1.1377048943494135e-09,1.0065274723279054,0
3224,1280,1.0065793437874875,5.205449882615446e-10,1.0065793432669425,0
1425,580,1.0075744663350574,9.734086160394333e-11,1.0075744662377166,0
1630,616,1.0079816127730792,2.5689328286537023e-08,1.007981587083751,0
691,294,1.00859590260873,4.985377432319359e-11,1.0085959025588764,0
4296,1430,1.0086033097864653,6.728331498150994e-12,1.008603309779737,0
1010,423,1.0086233993592661,3.4148650607153e-11,1.0086233993251175,0
882,373,1.008731296845024,4.996695682556181e-08,1.0087312468780671,0
2434,713,1.010427756682275,2.565124306684647e-09,1.0104277541171507,0
406,183,1.0104435280474617,1.8507304048696125e-08,1.0104435095401576,0
1523,603,1.0116372399553806,9.876446628439615e-10,1.011637238967736,0
1886,644,1.0122130032375924,1.7761539758919414e-08,1.0122129854760527,0
3231,1280,1.0129549644349787,5.205449882615446e-10,1.0129549639144337,0
1003,420,1.0131494244242905,6.339520313889813e-11,1.0131494243608952,0
1659,619,1.015171479546122,2.0351513757280737e-08,1.0151714591946082,0
2,16,1.0152306814358882,3.5503846303176316e-10,1.0152306810808498,0
379,168,1.015591306120118,3.779888610769817e-11,1.0155913060823192,0
2986,826,1.0157836375132414,3.6166710499089417e-10,1.0157836371515743,0
3229,1280,1.0159690342978822,5.205449882615446e-10,1.0159690337773373,0
3653,1318,1.0160612388304806,2.9863632020639434e-10,1.0160612385318444,0
2174,676,1.017146687862248,3.589233555318326e-11,1.0171466878263555,0
2018,658,1.0174926659480135,2.2683496792163445e-09,1.0174926636796637,0
4014,1387,1.0183226245038275,5.439410491060315e-10,1.0183226239598864,0
2841,808,1.019757358710869,2.4646642340886973e-11,1.0197573586862223,0
3982,1387,1.0199769690849552,5.439410491060315e-10,1.019976968541014,0
3230,1280,1.0212801321323683,5.205449882615446e-10,1.0212801316118234,0
3731,1364,1.0213095929123572,2.6746182454218203e-09,1.021309590237739,0
1385,570,1.0213874283431792,1.4840069407982472e-09,1.0213874268591723,0
3454,1301,1.021760390934678,1.1461396581001713e-09,1.0217603897885383,0
1707,625,1.0222851790092031,2.3503684780279434e-10,1.0222851787741662,0
735,315,1.0225351847256925,7.818265562085392e-10,1.0225351839438659,0
1370,565,1.0226602152944217,2.0255315725670774e-08,1.022660195039106,0
1103,464,1.0234179140853559,4.983645602040123e-06,1.023412930439754,0
4307,1430,1.0242697459963714,6.728331498150994e-12,1.024269745989643,0
1371,566,1.024608421292444,1.5944440844155813e-08,1.0246084053480031,0
1403,573,1.0251593832466048,6.54631778252059e-10,1.0251593825919731,0
2825,803,1.0259075417825096,1.9941672148468157e-11,1.025907541762568,0
883,373,1.026350636976893,4.996695682556181e-08,1.0263505870099363,0
570,256,1.026898159746224,2.0128755535530473e-10,1.0268981595449362,0
1321,553,1.0275751211281026,1.4373529891553349e-11,1.027575121113729,0
1424,580,1.0288958198109308,9.734086160394333e-11,1.02889581971359,0
2667,744,1.028933447549896,3.58153693287914e-10,1.0289334471917422,0
506,225,1.0297376996825174,1.442245081639514e-10,1.029737699538293,0
3207,1279,1.0299675831785027,8.520755739974929e-11,1.029967583093295,0
662,286,1.0304805831896837,3.0469393628148104e-10,1.03048058288499,0
1892,644,1.0306144139781939,1.7761539758919414e-08,1.030614396216654,0
4059,1406,1.0313205276469766,8.830684513257788e-11,1.0313205275586697,0
1322,553,1.0317329465030838,1.4373529891553349e-11,1.0317329464887102,0
1490,598,1.0318856495635047,9.295608902077369e-08,1.0318855566074157,0
3922,1386,1.032744858523945,9.74271111339152e-10,1.0327448575496738,0
947,399,1.0353406379959413,0.0021603847437707832,1.0331802532521706,0
1408,576,1.0332646047694842,2.503355847354944e-10,1.0332646045191487,0
4039,1406,1.033502147585757,8.830684513257788e-11,1.0335021474974502,0
1818,638,1.0344132198521918,6.651364016926321e-09,1.0344132132008277,0
811,344,1.035200574665056,2.9385584316523484e-09,1.0352005717264976,0
15,25,1.0531722434496316,0.016912188696373814,1.0362600547532577,0
639,281,1.0363259120565715,2.9392835508836883e-09,1.036325909117288,0
3257,1280,1.0367460628995413,5.205449882615446e-10,1.0367460623789964,0
2208,678,1.0368931585378522,6.048038844594925e-11,1.036893158477372,0
174,74,1.0373166292961575,2.0858422786544583e-11,1.037316629275299,0
226,98,1.0376046244346988,1.767703821803763e-10,1.0376046242579284,0
4309,1430,1.037640320998049,6.728331498150994e-12,1.0376403209913205,0
2573,731,1.0391680270592152,1.7896779676485516e-10,1.0391680268802475,0
2868,809,1.0393311365798088,6.733614102810164e-11,1.0393311365124727,0
4114,1407,1.0395281396377036,4.675956535892726e-10,1.039528139170108,0
278,126,1.0396166567868943,5.44143884433149e-10,1.0396166562427505,0
891,376,1.0413932009469795,4.1787759150563716e-09,1.0413931967682035,0
120,63,1.0422475852290518,4.6194011763052503e-10,1.0422475847671118,0
2456,714,1.042284941049726,2.7304141795406657e-09,1.0422849383193118,0
33,30,1.043614268116295,4.675806688816709e-10,1.0436142676487143,0
2600,735,1.0436459253975976,2.7170344976449653e-10,1.043645925125894,0
3362,1282,1.0447742521105312,8.561153931544979e-10,1.0447742512544158,0
3412,1300,1.0456328523262115,3.984201594306456e-09,1.0456328483420099,0
545,247,1.0467968074652882,1.8966101698182565e-08,1.0467967884991864,0
1980,655,1.0469576693904388,1.4476314587207552e-09,1.0469576679428074,0
4189,1408,1.0485428321976873,1.122850883984341e-09,1.0485428310748364,0
616,275,1.0494669255521905,1.7986068644297334e-06,1.0494651269453261,0
986,414,1.0496452671097274,2.51261188027871e-10,1.0496452668584662,0
2975,826,1.0507209714641381,3.6166710499089417e-10,1.050720971102471,0
4116,1407,1.0519486512856513,4.675956535892726e-10,1.0519486508180556,0
1827,639,1.052030550474927,2.5861657928247614e-08,1.052030524613269,0
4301,1430,1.0521829508562637,6.728331498150994e-12,1.0521829508495353,0
3637,1318,1.0544316105810363,2.9863632020639434e-10,1.0544316102824,0
3533,1302,1.054976956421797,5.333872614836047e-10,1.0549769558884097,0
687,294,1.0554724999468725,4.985377432319359e-11,1.0554724998970189,0
3862,1383,1.0557468515467887,7.315236547407133e-10,1.055746850815265,0
289,132,1.0559465548137856,1.0436727921601621e-10,1.0559465547094185,0
3180,1279,1.0588052611327923,8.520755739974929e-11,1.0588052610475847,0
3032,833,1.0592965635345652,1.2804510724419306e-10,1.0592965634065201,0
3158,1279,1.0593217670711503,8.520755739974929e-11,1.0593217669859427,0
2076,663,1.0602328531428464,1.876960969533189e-09,1.0602328512658854,0
1238,517,1.0608082157934406,7.393082328556992e-11,1.0608082157195098,0
4038,1406,1.0609457603117662,8.830684513257788e-11,1.0609457602234593,0
2453,714,1.0628548335800132,2.7304141795406657e-09,1.062854830849599,0
4068,1406,1.0636529569827153,8.830684513257788e-11,1.0636529568944084,0
3889,1385,1.0636965201636175,7.542387001333966e-09,1.0636965126212305,0
3209,1279,1.0645178335949705,8.520755739974929e-11,1.064517833509763,0
1174,484,1.0649689280432013,7.360544659376173e-11,1.064968927969596,0
885,374,1.0657934608667092,1.9047615375347486e-08,1.0657934418190937,0
3562,1302,1.0672190819456935,5.333872614836047e-10,1.0672190814123061,0
3384,1283,1.0686209608465609,8.458385418586863e-11,1.068620960761977,0
1885,644,1.0703806299978535,1.7761539758919414e-08,1.0703806122363138,0
2022,659,1.0710382780463419,3.2628143888887657e-09,1.0710382747835274,0
3867,1384,1.071793878057466,3.9249539443472e-09,1.0717938741325121,0
260,118,1.0723140173873607,3.453572901797183e-08,1.0723139828516317,0
3262,1280,1.072952045415748,5.205449882615446e-10,1.072952044895203,0
473,213,1.0730919587733685,7.694274595710596e-08,1.0730918818306225,0
1290,537,1.0735987417288917,2.305701847477898e-09,1.0735987394231898,0
2927,819,1.0754805580918605,4.077307408079862e-10,1.0754805576841298,0
4210,1408,1.0760500220405445,1.122850883984341e-09,1.0760500209176935,0
2133,669,1.0770193059154922,1.982499246597506e-09,1.077019303932993,0
4045,1406,1.0783007358238461,8.830684513257788e-11,1.0783007357355392,0
2907,814,1.0796207834778127,1.2253024814633707e-10,1.0796207833552824,0
3579,1315,1.0809019971862177,8.433224362430557e-08,1.080901912853974,0
3226,1280,1.081378264557767,5.205449882615446e-10,1.081378264037222,0
2134,669,1.082753852240206,1.982499246597506e-09,1.0827538502577068,0
4197,1408,1.083124605129869,1.122850883984341e-09,1.0831246040070182,0
2389,709,1.083475694699857,3.874445509064861e-09,1.0834756908254115,0
2365,706,1.084685523715533,6.46645767753329e-09,1.0846855172490755,0
346,154,1.0852679810129138,2.1655890317867786e-09,1.0852679788473247,0
3599,1316,1.0856124682688362,6.423673588589411e-09,1.0856124618451626,0
3452,1301,1.08565794364337,1.1461396581001713e-09,1.0856579424972304,0
2132,669,1.085676067728095,1.982499246597506e-09,1.0856760657455957,0
3755,1364,1.0870555977057919,2.6746182454218203e-09,1.0870555950311735,0
4233,1408,1.0886735857002934,1.122850883984341e-09,1.0886735845774425,0
3236,1280,1.0899009234878938,5.205449882615446e-10,1.0899009229673489,0
2505,719,1.0901353056843308,9.59255693998768e-10,1.090135304725075,0
1001,419,1.0911089561727,7.55909218246937e-11,1.0911089560971092,0
1522,602,1.0911946753428896,1.0736367329326526e-09,1.0911946742692529,0
2858,809,1.091469549212921,6.733614102810164e-11,1.0914695491455848,0
2987,826,1.0923108295841164,3.6166710499089417e-10,1.0923108292224493,0
1675,621,1.0923582024689629,8.672033760932985e-09,1.0923581937969291,0
3453,1301,1.092551621816034,1.1461396581001713e-09,1.0925516206698944,0
3346,1281,1.0927889659660646,1.1377048943494135e-09,1.0927889648283597,0
2279,700,1.093294339434654,5.225745272174422e-10,1.0932943389120795,0
3118,1255,1.0935551206931349,1.64121839563082e-11,1.0935551206767227,0
1613,616,1.093618881431099,2.5689328286537023e-08,1.0936188557417708,0
855,359,1.0946064594490599,3.2552463773836924e-11,1.0946064594165075,0
911,386,1.0957204061876025,9.63276995717679e-11,1.0957204060912749,0
3340,1281,1.095841707819355,1.1377048943494135e-09,1.0958417066816502,0
2422,711,1.0959229720588137,4.409009531455266e-09,1.0959229676498041,0
728,312,1.0962073883626258,4.00045412928371e-09,1.0962073843621716,0
1277,533,1.0966424739891767,2.3330915134563428e-08,1.0966424506582615,0
2937,820,1.0967835192776703,4.032762375327215e-10,1.096783518874394,0
3090,839,1.0971423467604002,6.503563225674959e-11,1.0971423466953647,0
4322,1431,1.0979789256635692,7.794221677039385e-11,1.097978925585627,0
1960,652,1.0998165612464412,1.0002222106571936e-09,1.099816560246219,0
724,311,1.0998892341269302,8.213677633730298e-09,1.0998892259132524,0
609,271,1.3022452603129038,0.20220393504872872,1.100041325264175,0
3952,1386,1.101219854960836,9.74271111339152e-10,1.101219853986565,0
3223,1280,1.1017680827884968,5.205449882615446e-10,1.1017680822679519,0
3494,1301,1.1019981545022284,1.1461396581001713e-09,1.1019981533560887,0
3295,1281,1.10372060028003,1.1377048943494135e-09,1.1037205991423251,0
2627,738,1.1045083278808083,4.3081523275887065e-10,1.1045083274499932,0
790,336,1.104822451112158,0.0002485403664122306,1.1045739107457457,0
2483,717,1.1050157819365871,5.743990972308578e-10,1.105015781362188,0
508,226,1.105807771347372,1.1352279288847876e-10,1.1058077712338492,0
1267,530,1.1065878528312392,2.0823144295155263e-07,1.1065876445997962,0
2047,661,1.1066854161562067,1.6163376433931894e-09,1.106685414539869,0
717,309,1.1074535723571182,5.2683278474985145e-08,1.1074535196738398,0
3796,1365,1.107562153419199,2.8260988998366504e-10,1.1075621531365891,0
2683,747,1.1077221382153368,4.351964232569401e-10,1.1077221377801405,0
2658,743,1.1087192722083077,3.32569203539476e-10,1.1087192718757384,0
462,209,1.1094160000971245,7.766176144502525e-05,1.1093383383356794,0
1559,607,1.1095504949260973,8.208848894592351e-08,1.1095504128376084,0
3301,1281,1.112962576146405,1.1377048943494135e-09,1.1129625750087002,0
3113,842,1.1142255355051098,4.4244428671028666e-11,1.1142255354608654,0
2430,712,1.1144500177694063,3.5612777745807994e-09,1.1144500142081286,0
196,85,1.114570611784844,4.299126051693765e-08,1.1145705687935834,0
892,377,1.1158092996846598,2.267478534171456e-09,1.1158092974171814,0
2995,827,1.1181716434696518,4.816820406100609e-10,1.1181716429879698,0
2366,707,1.1183196613544035,3.4053292152757826e-09,1.1183196579490744,0
3483,1301,1.1185903800365116,1.1461396581001713e-09,1.118590378890372,0
1383,570,1.1190053637454132,1.4840069407982472e-09,1.1190053622614062,0
1569,610,1.1192271645925842,5.986213805904672e-09,1.1192271586063705,0
200,87,1.119765931684606,1.3518449003114714e-08,1.119765918166157,0
1904,645,1.1199073363017973,1.6027409218642375e-08,1.119907320274388,0
2293,700,1.120490607309752,5.225745272174422e-10,1.1204906067871776,0
1869,643,1.120549233250306,2.602140538389667e-08,1.1205492072289005,0
2278,700,1.1206001366565883,5.225745272174422e-10,1.1206001361340139,0
1712,625,1.1208690518626425,2.3503684780279434e-10,1.1208690516276056,0
3618,1317,1.1210957766634833,2.0018468968411415e-09,1.1210957746616363,0
3921,1386,1.1232850316739147,9.74271111339152e-10,1.1232850306996436,0
2311,703,1.1236217125736516,1.5435187487069534e-09,1.123621711030133,0
405,183,1.1244742934644583,1.8507304048696125e-08,1.1244742749571541,0
18,28,1.124833456863445,1.1614800262718819e-06,1.1248322953834187,0
1472,595,1.1248778373812354,3.698788021021299e-06,1.1248741385932144,0
1437,583,1.1260535156244622,5.1839395669632476e-11,1.1260535155726228,0
45,48,1.128207850073384,2.6442371228832802e-06,1.1282052058362613,0
901,383,1.1310063941702724,2.0209580143952788e-10,1.1310063939681765,0
3085,839,1.1313449316520974,6.503563225674959e-11,1.1313449315870618,0
3205,1279,1.1318658650863334,8.520755739974929e-11,1.1318658650011257,0
3410,1299,1.1318743979333283,7.147543147588599e-10,1.131874397218574,0
1297,540,1.1321452094829154,7.075463026452623e-10,1.1321452087753692,0
2897,814,1.1323012092140292,1.2253024814633707e-10,1.132301209091499,0
3106,841,1.1336775985249108,6.109200106592821e-11,1.1336775984638188,0
1384,570,1.134318225089652,1.4840069407982472e-09,1.134318223605645,0
494,221,1.1345565972616465,4.836157132680604e-10,1.1345565967780307,0
652,284,1.1352461546587826,6.402857015412029e-10,1.135246154018497,0
1771,632,1.1359861001877285,3.8160884584044533e-11,1.1359861001495677,0
4184,1408,1.1364116037654375,1.122850883984341e-09,1.1364116026425866,0
3261,1280,1.1372161161189143,5.205449882615446e-10,1.1372161155983693,0
3843,1383,1.137417195119687,7.315236547407133e-10,1.1374171943881632,0
3356,1281,1.1375058149769521,1.1377048943494135e-09,1.1375058138392473,0
916,387,1.1382272536785614,7.869832117719542e-11,1.138227253599863,0
1636,616,1.139047679777118,2.5689328286537023e-08,1.1390476540877899,0
3880,1384,1.1392573835527382,3.9249539443472e-09,1.1392573796277843,0
1666,620,1.1394537330234298,3.084991427138223e-08,1.1394537021735156,0
1758,632,1.1394710286456373,3.8160884584044533e-11,1.1394710286074765,0
754,320,1.14007014303575,1.4545100210434648e-10,1.140070142890299,0
801,341,1.1402262248938733,3.084832086665487e-08,1.1402261940455525,0
302,137,1.1423802170982682,3.249311327604365e-11,1.142380217065775,0
2826,803,1.1426835764399408,1.9941672148468157e-11,1.1426835764199992,0
4025,1388,1.1450408390951117,3.115865762909136e-11,1.145040839063953,0
3893,1385,1.1456222835254397,7.542387001333966e-09,1.1456222759830528,0
2655,741,1.1479225141404492,3.627563772253051e-10,1.147922513777693,0
3546,1302,1.1484715493588202,5.333872614836047e-10,1.148471548825433,0
4176,1407,1.148543257590798,4.675956535892726e-10,1.1485432571232022,0
4027,1388,1.149383916409901,3.115865762909136e-11,1.1493839163787423,0
1693,622,1.1509915390997347,7.712250540816842e-09,1.1509915313874841,0
673,290,1.1517839195444783,1.0324898605110043e-10,1.1517839194412294,0
96,59,1.1518051504703755,1.4396096016733841e-09,1.151805149030766,0
2570,730,1.1526917541425152,2.1819552980184557e-10,1.1526917539243198,0
746,318,1.1534767596280031,2.556848292428688e-10,1.1534767593723183,0
830,350,1.153655959480698,2.2318776833170042e-10,1.1536559592575104,0
2802,762,1.154077378928337,1.7707516217350023e-11,1.1540773789106293,0
55,50,1.1551811424629503,1.5230968218727687e-07,1.1551809901532681,0
3266,1280,1.155269801902216,5.205449882615446e-10,1.1552698013816711,0
1946,649,1.1583058978024696,5.981580054479605e-09,1.1583058918208895,0
10,21,1.1753835196333178,0.016894675754432,1.1584888438788858,0
2104,666,1.1588410063262309,1.8954850926295748e-09,1.1588410044307458,0
1265,529,1.1600946528633267,5.357203851460713e-07,1.1600941171429415,0
3071,839,1.1614667211446177,6.503563225674959e-11,1.1614667210795822,0
3588,1316,1.1618350800959778,6.423673588589411e-09,1.1618350736723042,0
1750,627,1.1625383392443194,2.6976405892799263e-11,1.162538339217343,0
1254,526,1.1628480986988234,1.550763137105714e-05,1.1628325910674524,0
1482,597,1.1636731580042332,6.828312415041267e-07,1.1636724751729917,0
3569,1314,1.163785047412129,7.234274544324828e-09,1.1637850401778544,0
3420,1300,1.164662948134196,3.984201594306456e-09,1.1646629441499943,0
3192,1279,1.1660373321621476,8.520755739974929e-11,1.16603733207694,0
1739,627,1.1669527380949316,2.6976405892799263e-11,1.1669527380679552,0
1343,561,1.16699474995138,1.7776311414906318e-07,1.1669945721882657,0
1423,579,1.1674097686318954,1.6065387039430635e-10,1.1674097684712414,0
1081,450,1.167510208950591,1.1000272071248043e-10,1.1675102088405884,0
2525,723,1.1697031023927116,4.325405352588496e-11,1.1697031023494575,0
2620,737,1.1698320837699172,3.615562874361185e-10,1.1698320834083609,0
2981,826,1.1704871493425222,3.6166710499089417e-10,1.170487148980855,0
1250,526,1.1708881980593853,1.550763137105714e-05,1.1708726904280142,0
515,229,1.170884904071222,6.364780439009886e-11,1.1708849040075742,0
1986,655,1.1712740129456736,1.4476314587207552e-09,1.1712740114980422,0
848,357,1.171606798437698,4.9719071431130766e-11,1.171606798387979,0
604,266,1.1716974355391312,1.9552163098418147e-11,1.171697435519579,0
1227,511,1.1747969035544126,3.000602163569281e-10,1.1747969032543524,0
3718,1363,1.174827778795426,4.709308265152779e-09,1.1748277740861177,0
3232,1280,1.175288325758782,5.205449882615446e-10,1.1752883252382371,0
2892,814,1.1757891908719365,1.2253024814633707e-10,1.1757891907494062,0
365,163,1.1760600738642368,1.0671635532389614e-10,1.1760600737575204,0
4323,1431,1.176884200428314,7.794221677039385e-11,1.1768842003503717,0
331,149,1.1787027272773944,5.777566334749389e-08,1.178702669501731,0
3904,1385,1.1787039617915835,7.542387001333966e-09,1.1787039542491966,0
1854,642,1.1789916542531327,9.62682078653581e-09,1.1789916446263118,0
38,30,1.1795155014746748,4.675806688816709e-10,1.1795155010070941,0
3477,1301,1.1799245494568074,1.1461396581001713e-09,1.1799245483106677,0
3734,1364,1.1800978863008804,2.6746182454218203e-09,1.1800978836262621,0
3919,1386,1.1801853123192634,9.74271111339152e-10,1.1801853113449923,0
431,192,1.1804310262058413,2.3635508985425284e-10,1.1804310259694861,0
798,340,1.1806407359718227,9.274507608078909e-08,1.1806406432267467,0
1308,545,1.1808191262428855,1.764303925574806e-10,1.1808191260664551,0
3060,838,1.1823159284667903,1.0484735417008582e-10,1.1823159283619429,0
1243,519,1.1844189446221227,4.675375643516997e-11,1.184418944575369,0
290,132,1.184983461371492,1.0436727921601621e-10,1.1849834612671248,0
2179,676,1.1853532695480347,3.589233555318326e-11,1.1853532695121423,0
1179,487,1.1853790626971896,3.723815439094872e-11,1.1853790626599514,0
3306,1281,1.185622253127819,1.1377048943494135e-09,1.1856222519901143,0
3470,1301,1.1866308622225725,1.1461396581001713e-09,1.186630861076433,0
792,338,1.186723950074356,1.779915022538368e-06,1.1867221701593336,0
3837,1383,1.1875162318851538,7.315236547407133e-10,1.18751623115363,0
2462,716,1.1889858982108032,1.2699488463989707e-09,1.1889858969408544,0
1935,648,1.1891159608149733,4.650962370427563e-09,1.189115956164011,0
2336,705,1.1895593319936144,1.6014247228491802e-09,1.1895593303921896,0
3498,1301,1.1897935164528535,1.1461396581001713e-09,1.1897935153067138,0
3347,1281,1.189916230155827,1.1377048943494135e-09,1.1899162290181222,0
1682,621,1.1900743615644662,8.672033760932985e-09,1.1900743528924325,0
809,343,1.1904214817518886,5.7067217496857525e-09,1.1904214760451668,0
4241,1409,1.190673403820383,1.0247438592455157e-09,1.1906734027956392,0
2854,809,1.1906867848501081,6.733614102810164e-11,1.190686784782772,0
3366,1282,1.1906898272776139,8.561153931544979e-10,1.1906898264214985,0
3011,829,1.1912169837334032,3.161154075847059e-10,1.1912169834172879,0
1870,643,1.1916120523272946,2.602140538389667e-08,1.1916120263058891,0
4253,1409,1.192168564655568,1.0247438592455157e-09,1.1921685636308241,0
3853,1383,1.1929274883419927,7.315236547407133e-10,1.192927487610469,0
1186,490,1.1965257756530987,7.935066242806297e-12,1.1965257756451637,0
1800,636,1.19661756126493,2.0945435733469072e-09,1.1966175591703863,0
2263,697,1.1971172128390968,3.2422765722064915e-10,1.197117212514869,0
2799,762,1.1971379762660188,1.7707516217350023e-11,1.1971379762483112,0
3912,1385,1.1972814132214395,7.542387001333966e-09,1.1972814056790526,0
3959,1386,1.1979421219173387,9.74271111339152e-10,1.1979421209430676,0
2242,695,1.2010890716795495,3.4535331434548165e-11,1.2010890716450142,0
3882,1384,1.2013511920430198,3.9249539443472e-09,1.2013511881180658,0
983,413,1.2017534109707757,3.4331764664664773e-10,1.201753410627458,0
4055,1406,1.2020500501346962,8.830684513257788e-11,1.2020500500463893,0
1135,473,1.2033030755779428,2.135900169265159e-09,1.2033030734420427,0
371,165,1.203670362092666,7.397264892298003e-11,1.2036703620186935,0
2938,821,1.204710806246626,3.468388148397623e-10,1.2047108058997873,0
4259,1409,1.2069390241075146,1.0247438592455157e-09,1.2069390230827708,0
198,85,1.207429890933887,4.299126051693765e-08,1.2074298479426264,0
3256,1280,1.2076958334393129,5.205449882615446e-10,1.207695832918768,0
1018,430,1.2169345633281732,0.008770735800660283,1.2081638275275128,0
3423,1300,1.2096938602579184,3.984201594306456e-09,1.2096938562737167,0
3902,1385,1.2098799189720684,7.542387001333966e-09,1.2098799114296814,0
1292,538,1.2121099654613818,1.5187854352941336e-09,1.2121099639425963,0
3413,1300,1.2121196765848932,3.984201594306456e-09,1.2121196726006915,0
2040,661,1.2125608294622323,1.6163376433931894e-09,1.2125608278458946,0
1919,647,1.2127807086304356,1.9887014946653282e-08,1.2127806887434207,0
35,30,1.2139270388050667,4.675806688816709e-10,1.213927038337486,0
1351,562,1.2142273451121968,8.034556042293009e-08,1.2142272647666363,0
1938,648,1.2144344559817926,4.650962370427563e-09,1.2144344513308303,0
3088,839,1.2156648506573666,6.503563225674959e-11,1.215664850592331,0
115,61,1.2166971880103767,9.929370651459462e-10,1.2166971870174397,0
688,294,1.2181214874832675,4.985377432319359e-11,1.2181214874334139,0
3045,836,1.2185703474271619,1.539874522780238e-10,1.2185703472731744,0
3066,839,1.2190573893381345,6.503563225674959e-11,1.219057389273099,0
2292,700,1.2207968456033218,5.225745272174422e-10,1.2207968450807474,0
3603,1316,1.2212599837449887,6.423673588589411e-09,1.221259977321315,0
2038,661,1.2217615978361294,1.6163376433931894e-09,1.2217615962197916,0
3832,1366,1.2218441862230975,1.0410854588917419e-10,1.221844186118989,0
1963,652,1.2221096738276833,1.0002222106571936e-09,1.2221096728274612,0
213,93,1.2231628850892973,7.000438436250134e-10,1.2231628843892535,0
4121,1407,1.2238080334628931,4.675956535892726e-10,1.2238080329952974,0
1402,572,1.224846308658326,1.08481873349661e-09,1.2248463075735074,0
3166,1279,1.225213088558364,8.520755739974929e-11,1.2252130884731565,0
3008,829,1.2252352291202817,3.161154075847059e-10,1.2252352288041664,0
1218,505,1.2266686212976816,3.010327642554019e-09,1.226668618287354,0
2054,661,1.227038597199268,1.6163376433931894e-09,1.2270385955829304,0
3728,1363,1.2278183855166533,4.709308265152779e-09,1.227818380807345,0
1029,432,1.2291272300991751,4.1457037128028306e-05,1.229085773062047,0
751,319,1.2296869319228143,1.90087946661108e-10,1.2296869317327264,0
3604,1316,1.2297052715867556,6.423673588589411e-09,1.229705265163082,0
203,88,1.2301148521027907,8.892978512804065e-09,1.2301148432098121,0
3252,1280,1.230142119636471,5.205449882615446e-10,1.230142119115926,0
108,60,1.2302542820179507,1.1783878143981765e-09,1.230254280839563,0
2324,704,1.2304727876238426,1.1307670022971909e-09,1.2304727864930756,0
2298,700,1.2307607678617494,5.225745272174422e-10,1.230760767339175,0
388,179,1.2314982629514857,1.3245541150962116e-06,1.2314969383973706,0
2837,806,1.2340791022887352,4.2452351059820816e-11,1.234079102246283,0
2663,744,1.234283543490864,3.58153693287914e-10,1.2342835431327104,0
1623,616,1.236212320527052,2.5689328286537023e-08,1.2362122948377239,0
374,166,1.237189634327647,6.325409500921392e-11,1.2371896342643929,0
162,70,1.2378118487700347,8.471672456712205e-11,1.237811848685318,0
3630,1318,1.2392939376667966,2.9863632020639434e-10,1.2392939373681604,0
1053,440,1.24024634969467,4.7053889748089305e-09,1.240246344989281,0
4173,1407,1.2417801619200224,4.675956535892726e-10,1.2417801614524266,0
3886,1384,1.2419629124772456,3.9249539443472e-09,1.2419629085522916,0
2766,757,1.2427617733416427,6.451827718278953e-11,1.2427617732771246,0
590,262,1.2452335086464532,5.5694827707094465e-11,1.2452335085907584,0
695,296,1.2459026757806837,3.271390103410152e-11,1.2459026757479699,0
298,135,1.2459432724068262,6.199796153609842e-11,1.2459432723448283,0
3187,1279,1.2466199779520988,8.520755739974929e-11,1.2466199778668912,0
2507,719,1.2470112640854742,9.59255693998768e-10,1.2470112631262185,0
2388,709,1.247952033771101,3.874445509064861e-09,1.2479520298966555,0
1235,516,1.2480019424102242,8.785169545178193e-11,1.2480019423223725,0
3407,1299,1.24828335257901,7.147543147588599e-10,1.2482833518642558,0
1530,604,1.2517316929629363,6.616109140114434e-08,1.2517316268018448,0
188,82,1.2520312991800515,5.424506708141761e-07,1.2520307567293807,0
3159,1279,1.2522538189571648,8.520755739974929e-11,1.2522538188719572,0
685,293,1.2539815953520441,5.837269319107731e-11,1.2539815952936715,0
3380,1283,1.255326649283747,8.458385418586863e-11,1.255326649199163,0
1260,527,1.2564501197622913,4.9012244286084185e-06,1.2564452185378627,0
641,281,1.2582621915620322,2.9392835508836883e-09,1.2582621886227487,0
3681,1361,1.2583481098623075,6.61613744152264e-09,1.25834810324617,0
2759,757,1.2588302135480345,6.451827718278953e-11,1.2588302134835163,0
384,176,1.2592110486985737,0.0002933553466582945,1.2589176933519155,0
3931,1386,1.2604266701964981,9.74271111339152e-10,1.260426669222227,0
2204,678,1.2613164306976834,6.048038844594925e-11,1.2613164306372031,0
466,210,1.2615991646574192,6.749236382523606e-06,1.2615924154210367,0
2618,737,1.2616972009399294,3.615562874361185e-10,1.261697200578373,0
3221,1280,1.2619014823308294,5.205449882615446e-10,1.2619014818102845,0
1435,582,1.2621175759895031,7.281894684696827e-11,1.2621175759166843,0
2634,739,1.2634365109386085,3.4619541740494636e-10,1.263436510592413,0
3197,1279,1.2639341046790147,8.520755739974929e-11,1.263934104593807,0
457,204,1.2655685080361803,5.609769869510718e-12,1.2655685080305705,0
509,226,1.265852199108408,1.1352279288847876e-10,1.2658521989948852,0
1964,653,1.2660839983038998,9.700603132906878e-10,1.2660839973338396,0
37,30,1.2663912900313243,4.675806688816709e-10,1.2663912895637437,0
4117,1407,1.2673135094356043,4.675956535892726e-10,1.2673135089680085,0
3399,1299,1.2682628960830094,7.147543147588599e-10,1.268262895368255,0
3238,1280,1.2685250330515356,5.205449882615446e-10,1.2685250325309907,0
535,243,1.2688584780095222,3.97861842024291e-06,1.268854499391102,0
1983,655,1.26977437211161,1.4476314587207552e-09,1.2697743706639786,0
420,189,1.269822299023999,6.34899649438611e-10,1.2698222983890992,0
2088,665,1.27143626648996,5.790722800655956e-09,1.2714362606992373,0
3258,1280,1.2732865589404958,5.205449882615446e-10,1.2732865584199509,0
3897,1385,1.274332079044297,7.542387001333966e-09,1.27433207150191,0
1200,498,1.2747552992456055,4.973910193044742e-07,1.2747548018545862,0
264,120,1.2748635179006254,1.0279951511064127e-08,1.2748635076206738,0
3124,1255,1.2750940379156466,1.64121839563082e-11,1.2750940378992344,0
3401,1299,1.2755747313864378,7.147543147588599e-10,1.2755747306716836,0
3888,1384,1.2760056943897076,3.9249539443472e-09,1.2760056904647537,0
80,54,1.2762030873466597,2.0038837891462793e-08,1.2762030673078217,0
1293,538,1.2771128301144261,1.5187854352941336e-09,1.2771128285956406,0
589,261,1.2776276081146511,6.564794711259674e-11,1.2776276080490032,0
208,90,1.279654402332832,2.4111083939881264e-09,1.2796543999217236,0
3155,1279,1.279724139067411,8.520755739974929e-11,1.2797241389822034,0
1015,425,1.2797979625670897,1.5328493663851477e-11,1.2797979625517613,0
1945,649,1.2803322346134458,5.981580054479605e-09,1.2803322286318657,0
3249,1280,1.2803497309454333,5.205449882615446e-10,1.2803497304248883,0
3605,1317,1.2803664118248763,2.0018468968411415e-09,1.2803664098230294,0
442,197,1.2809759297878078,7.412483062321154e-11,1.280975929713683,0
709,307,1.281643991087294,7.957901840838874e-07,1.28164319529711,0
994,416,1.28168601307606,1.4504991777998957e-10,1.28168601293101,0
1710,625,1.28269159518546,2.3503684780279434e-10,1.2826915949504232,0
1955,651,1.2830249560426248,6.746574615024135e-10,1.2830249553679673,0
1823,638,1.283127272713215,6.651364016926321e-09,1.283127266061851,0
3093,839,1.2845470706118784,6.503563225674959e-11,1.284547070546843,0
3684,1361,1.2854526700017763,6.61613744152264e-09,1.285452663385639,0
2148,671,1.2854700214224128,6.391120472396554e-10,1.2854700207833007,0
3508,1301,1.2882760817205494,1.1461396581001713e-09,1.2882760805744098,0
1500,599,1.290243355791794,1.3526852013119952e-07,1.290243220523274,0
3326,1281,1.2915982147208211,1.1377048943494135e-09,1.2915982135831163,0
2007,657,1.293164449026068,1.977736361384658e-09,1.2931644470483317,0
2567,730,1.2944915060935573,2.1819552980184557e-10,1.2944915058753619,0
268,122,1.2968176815544976,3.0940822048402403e-09,1.2968176784604155,0
841,355,1.2970194277714653,6.930322030366556e-11,1.297019427702162,0
1634,616,1.297240430783702,2.5689328286537023e-08,1.2972404050943738,0
1815,638,1.297472652625477,6.651364016926321e-09,1.2974726459741128,0
1276,533,1.298236714422708,2.3330915134563428e-08,1.2982366910917928,0
2955,824,1.299573134182822,3.534700453574905e-10,1.299573133829352,0
2602,735,1.301496646767402,2.7170344976449653e-10,1.3014966464956985,0
2440,714,1.3024379114883802,2.7304141795406657e-09,1.302437908757966,0
313,143,1.3046621917379344,0.0022050943756785875,1.3024570973622558,0
92,58,1.302777059019331,3.1696013577500267e-09,1.3027770558497298,0
2265,698,1.304199445101612,2.0423593113025644e-10,1.304199444897376,0
1951,650,1.3045052361394218,3.5215111126292716e-10,1.3045052357872706,0
4069,1406,1.3050947752005984,8.830684513257788e-11,1.3050947751122914,0
3926,1386,1.3055351577896879,9.74271111339152e-10,1.3055351568154168,0
1027,431,1.307559642273458,0.0002822258113286832,1.3072774164621292,0
3577,1315,1.3073566880663137,8.433224362430557e-08,1.30735660373407,0
4228,1408,1.3092163690449163,1.122850883984341e-09,1.3092163679220654,0
1157,480,1.313831644754414,1.7499533566658897e-10,1.3138316445794187,0
1773,632,1.314271966060648,3.8160884584044533e-11,1.314271966022487,0
3351,1281,1.3162123476953436,1.1377048943494135e-09,1.3162123465576387,0
3037,835,1.316995241568124,2.278985320142298e-10,1.3169952413402255,0
3758,1365,1.3170678853208382,2.8260988998366504e-10,1.3170678850382282,0
1117,469,1.3172180335141173,2.6730681310371428e-08,1.317218006783436,0
3291,1281,1.3178174210854279,1.1377048943494135e-09,1.317817419947723,0
238,102,1.3182505453920685,7.353530479259721e-11,1.3182505453185331,0
3933,1386,1.319028893783025,9.74271111339152e-10,1.319028892808754,0
1513,600,1.3213741056457327,2.6142933262414427e-07,1.3213738442164,0
1625,616,1.3245782104901986,2.5689328286537023e-08,1.3245781848008704,0
1565,609,1.3247713778598957,2.246006880118618e-07,1.3247711532592077,0
3431,1300,1.325349952345407,3.984201594306456e-09,1.3253499483612055,0
1320,551,1.3253796186685776,4.184777381686739e-11,1.3253796186267297,0
3924,1386,1.3254513682406834,9.74271111339152e-10,1.3254513672664123,0
3735,1364,1.3255021949326236,2.6746182454218203e-09,1.3255021922580053,0
4101,1407,1.326281733153826,4.675956535892726e-10,1.3262817326862302,0
2810,802,1.3271657734935043,1.0018238906179179e-11,1.327165773483486,0
1000,418,1.3277600956750928,9.184623287218284e-11,1.3277600955832465,0
2060,661,1.3284444914831495,1.6163376433931894e-09,1.3284444898668117,0
3272,1280,1.328660697307289,5.205449882615446e-10,1.328660696786744,0
510,227,1.32966862742998,9.156692087656656e-11,1.329668627338413,0
2163,673,1.329915018011269,2.19195632879779e-10,1.3299150177920736,0
1597,614,1.3331842460217778,2.0613513115697298e-08,1.3331842254082646,0
3243,1280,1.333465534289272,5.205449882615446e-10,1.3334655337687271,0
1529,604,1.3341883728964774,6.616109140114434e-08,1.334188306735386,0
668,289,1.3356477262466662,1.301270876736602e-10,1.3356477261165391,0
1431,581,1.3365856965972804,8.83483760467819e-11,1.336585696508932,0
1295,539,1.336766608261236,1.000344460627399e-09,1.3367666072608915,0
280,127,1.337182907314859,4.0071543125129653e-10,1.3371829069141434,0
585,260,1.3373985974850078,7.864182736784317e-11,1.337398597406366,0
1866,643,1.339218247546053,2.602140538389667e-08,1.3392182215246475,0
2169,675,1.3414689498881678,4.896754998880836e-10,1.3414689493984924,0
554,250,1.3442792485117974,2.2711240908734445e-09,1.3442792462406732,0
2330,705,1.3450364967710184,1.6014247228491802e-09,1.3450364951695937,0
1175,485,1.345676468523991,6.238363086112154e-11,1.3456764684616074,0
282,128,1.3459777875088998,2.957473892724143e-10,1.3459777872131524,0
1876,643,1.346882418038316,2.602140538389667e-08,1.3468823920169106,0
1956,652,1.3469732966699528,1.0002222106571936e-09,1.3469732956697307,0
1977,654,1.34788943217433,5.590128721588068e-10,1.3478894316153172,0
2563,729,1.3481431234753014,1.5138739756096178e-10,1.348143123323914,0
4209,1408,1.3486775011542953,1.122850883984341e-09,1.3486775000314444,0
1822,638,1.3495017749294094,6.651364016926321e-09,1.3495017682780452,0
357,160,1.3499363810411558,2.2797642665465885e-10,1.3499363808131792,0
16,25,1.3672073484200116,0.016912188696373814,1.3502951597236377,0
2362,706,1.3509421328947062,6.46645767753329e-09,1.3509421264282486,0
575,256,1.3520600113171468,2.0128755535530473e-10,1.3520600111158592,0
663,286,1.3536645006352517,3.0469393628148104e-10,1.3536645003305579,0
2199,677,1.3570353879946924,5.848588228907684e-11,1.3570353879362065,0
1768,632,1.3574500219663,3.8160884584044533e-11,1.3574500219281391,0
3329,1281,1.35819746498094,1.1377048943494135e-09,1.3581974638432353,0
441,197,1.3582148394738869,7.412483062321154e-11,1.358214839399762,0
1390,571,1.3586350189653253,1.3140561704701453e-09,1.3586350176512692,0
714,309,1.3603624576462465,5.2683278474985145e-08,1.3603624049629681,0
3246,1280,1.3604288259381383,5.205449882615446e-10,1.3604288254175934,0
759,323,1.3606118044650544,7.515048624450924e-11,1.3606118043899038,0
4156,1407,1.3608095616411795,4.675956535892726e-10,1.3608095611735838,0
4281,1410,1.363322118608855,7.088677467113349e-11,1.3633221185379683,0
2130,668,1.3639638843917319,1.365542644641668e-09,1.3639638830261893,0
359,161,1.3658534260621569,1.7371590095786996e-10,1.365853425888441,0
3532,1302,1.365961132961123,5.333872614836047e-10,1.3659611324277356,0
3709,1363,1.366955934218727,4.709308265152779e-09,1.3669559295094187,0
2808,802,1.3682707365533626,1.0018238906179179e-11,1.3682707365433444,0
3179,1279,1.3693974073686863,8.520755739974929e-11,1.3693974072834787,0
2318,704,1.3698864315867678,1.1307670022971909e-09,1.3698864304560008,0
1366,564,1.3704876637821195,3.0890481555298096e-08,1.370487632891638,0
3580,1315,1.3707933564220793,8.433224362430557e-08,1.3707932720898357,0
3725,1363,1.3724569363302097,4.709308265152779e-09,1.3724569316209014,0
2935,820,1.3734984468033031,4.032762375327215e-10,1.3734984464000268,0
293,134,1.373558609697842,7.493659267874343e-11,1.3735586096229055,0
1657,618,1.3750914926666866,1.1728157099613225e-08,1.3750914809385295,0
1092,455,1.3757258525464051,4.128644542381487e-11,1.3757258525051186,0
2949,822,1.3760872187610758,3.438894336953983e-10,1.3760872184171864,0
1448,590,1.3764048426566848,6.26572979350517e-05,1.3763421853587499,0
567,255,1.3764123567007094,2.711834710339646e-10,1.3764123564295259,0
2368,707,1.3764968233770474,3.4053292152757826e-09,1.3764968199717182,0
1428,581,1.3766666230113485,8.83483760467819e-11,1.376666622923,0
4169,1407,1.377302553341125,4.675956535892726e-10,1.3773025528735292,0
445,198,1.3779515903501465,6.302478765989995e-11,1.3779515902871218,0
2610,736,1.3780733556752742,3.0113893748326627e-10,1.3780733553741353,0
3906,1385,1.3783523190037865,7.542387001333966e-09,1.3783523114613996,0
997,417,1.3804681949438649,1.1406581468539382e-10,1.380468194829799,0
1307,545,1.3810193543680853,1.764303925574806e-10,1.381019354191655,0
70,53,1.3815590969610543,3.5175583588861473e-08,1.3815590617854707,0
1923,648,1.386126112339497,4.650962370427563e-09,1.3861261076885347,0
2239,694,1.386220381963726,5.2580449233741545e-11,1.3862203819111456,0
2231,694,1.387243687027005,5.2580449233741545e-11,1.3872436869744247,0
534,242,1.3894091545357585,4.3647538473425636e-05,1.389365506997285,0
531,240,1.4691290736879503,0.07934273478351622,1.389786338904434,0
1224,510,1.3902607691467757,4.082623713235765e-10,1.3902607687385133,0
75,53,1.3907796683857239,3.5175583588861473e-08,1.3907796332101403,0
3300,1281,1.392997771077548,1.1377048943494135e-09,1.3929977699398433,0
1310,547,1.3945326290995066,1.0356339973995856e-10,1.3945326289959432,0
58,50,1.39673180403901,1.5230968218727687e-07,1.3967316517293278,0
634,279,1.398863944174202,1.2343562337841823e-08,1.3988639318306395,0
3602,1316,1.3995006379404964,6.423673588589411e-09,1.3995006315168228,0
1804,636,1.399910882600768,2.0945435733469072e-09,1.3999108805062244,0
1241,518,1.4007626824662198,6.08578780977665e-11,1.4007626824053618,0
1567,609,1.4017980390179843,2.246006880118618e-07,1.4017978144172962,0
1387,571,1.4021454383865812,1.3140561704701453e-09,1.402145437072525,0
4006,1387,1.4044230617219577,5.439410491060315e-10,1.4044230611780166,0
1912,646,1.4055867403223403,3.1453372268947e-08,1.405586708868968,0
2120,666,1.4061569681060937,1.8954850926295748e-09,1.4061569662106086,0
3833,1383,1.406566227272013,7.315236547407133e-10,1.4065662265404892,0
1921,648,1.4083308754584851,4.650962370427563e-09,1.4083308708075228,0
3666,1318,1.4119205898474456,2.9863632020639434e-10,1.4119205895488094,0
3979,1387,1.4124945436426102,5.439410491060315e-10,1.412494543098669,0
3743,1364,1.41295103106491,2.6746182454218203e-09,1.4129510283902917,0
1503,599,1.4129771450914472,1.3526852013119952e-07,1.412977009822927,0
4251,1409,1.4136089976621662,1.0247438592455157e-09,1.4136089966374223,0
2623,737,1.4137422766618613,3.615562874361185e-10,1.413742276300305,0
3006,828,1.414768643147037,3.9021707800086394e-10,1.41476864275682,0
3269,1280,1.4180688902223604,5.205449882615446e-10,1.4180688897018154,0
4056,1406,1.4183079356046704,8.830684513257788e-11,1.4183079355163635,0
1457,592,1.4224123764826428,3.6301214944554056e-06,1.4224087463611483,0
3980,1387,1.4237264367438751,5.439410491060315e-10,1.423726436199934,0
2035,660,1.4252319118703682,5.561613149475019e-09,1.425231906308755,0
2101,666,1.4256534723598449,1.8954850926295748e-09,1.4256534704643598,0
3885,1384,1.42586692009322,3.9249539443472e-09,1.425866916168266,0
1016,425,1.426028907300449,1.5328493663851477e-11,1.4260289072851207,0
2861,809,1.4268904784533278,6.733614102810164e-11,1.4268904783859917,0
1984,655,1.4283146890049905,1.4476314587207552e-09,1.4283146875573591,0
1568,610,1.4298949467869044,5.986213805904672e-09,1.4298949408006907,0
543,247,1.4309609230658191,1.8966101698182565e-08,1.4309609040997173,0
1940,648,1.431048808045328,4.650962370427563e-09,1.4310488033943658,0
3791,1365,1.4338149542829803,2.8260988998366504e-10,1.4338149540003704,0
1236,516,1.4339896910622991,8.785169545178193e-11,1.4339896909744474,0
1131,473,1.435933855058892,2.135900169265159e-09,1.435933852922992,0
1442,585,1.4359901485821631,2.0062826434666225e-11,1.4359901485621003,0
124,65,1.4374693448702949,2.5498656665974133e-10,1.4374693446153084,0
864,368,1.438678870735013,0.0010626550248002303,1.4376162157102128,0
2415,710,1.4386890929404543,3.223439803281071e-09,1.4386890897170146,0
2740,755,1.4394173585657983,1.598242373835096e-10,1.4394173584059742,0
1786,634,1.4401887147676098,2.130456983474741e-10,1.440188714554564,0
1203,498,1.440770960641446,4.973910193044742e-07,1.4407704632504268,0
4140,1407,1.441381971380361,4.675956535892726e-10,1.4413819709127653,0
3819,1366,1.4419674557539088,1.0410854588917419e-10,1.4419674556498003,0
493,221,1.4423631882696115,4.836157132680604e-10,1.4423631877859957,0
4346,1433,1.4439071370553043,1.553699122814781e-11,1.4439071370397674,0
448,199,1.4450144883817642,5.3207295261326155e-11,1.445014488328557,0
742,317,1.4457792473157582,3.557036572821745e-10,1.4457792469600546,0
2498,718,1.4461065615570998,9.853264320372724e-10,1.4461065605717733,0
4213,1408,1.4487039544335707,1.122850883984341e-09,1.4487039533107198,0
2137,670,1.449268003306141,2.5878091433337106e-09,1.4492680007183318,0
301,136,1.450953710883581,4.723060179860447e-11,1.4509537108363504,0
3522,1302,1.4515569031411424,5.333872614836047e-10,1.451556902607755,0
693,295,1.4534245476208216,4.1821125265714945e-11,1.4534245475790004,0
88,57,1.4539712853206752,8.441297285597862e-09,1.453971276879378,0
1393,572,1.4566092081287616,1.08481873349661e-09,1.456609207043943,0
2823,803,1.4568155155196891,1.9941672148468157e-11,1.4568155154997475,0
4266,1409,1.4580260192665777,1.0247438592455157e-09,1.4580260182418339,0
1994,656,1.4594852876532587,1.6862137833251728e-09,1.4594852859670449,0
1687,622,1.4596684359252745,7.712250540816842e-09,1.459668428213024,0
1501,599,1.461852800227842,1.3526852013119952e-07,1.4618526649593218,0
2074,662,1.4630690903189667,1.6980062182397494e-09,1.4630690886209605,0
2016,658,1.463279874730768,2.2683496792163445e-09,1.4632798724624183,0
1415,579,1.4638089311996172,1.6065387039430635e-10,1.4638089310389633,0
968,408,1.4642377059294842,3.2250333939258935e-09,1.4642377027044509,0
948,400,1.465184279980657,7.426261287802633e-05,1.465110017367779,0
2716,751,1.4668984705565453,2.419407898820188e-10,1.4668984703146046,0
1555,607,1.4681955468788512,8.208848894592351e-08,1.4681954647903623,0
4231,1408,1.4688939769586231,1.122850883984341e-09,1.4688939758357722,0
3525,1302,1.4692771677795797,5.333872614836047e-10,1.4692771672461924,0
1577,611,1.4697071678667124,1.2028857766291837e-08,1.4697071558378547,0
165,71,1.4706643940910231,6.627918964854086e-11,1.470664394024744,0
498,222,1.471759913773889,3.416394040193158e-10,1.4717599134322497,0
1172,482,1.4719476005997845,1.0753540705219656e-10,1.4719476004922492,0
2150,671,1.4720280775859855,6.391120472396554e-10,1.4720280769468734,0
2965,824,1.4727946353729306,3.534700453574905e-10,1.4727946350194605,0
2404,710,1.4729957986660138,3.223439803281071e-09,1.472995795442574,0
3381,1283,1.4730969357994077,8.458385418586863e-11,1.4730969357148238,0
2030,660,1.474768605093454,5.561613149475019e-09,1.474768599531841,0
3763,1365,1.476259543269822,2.8260988998366504e-10,1.476259542987212,0
197,85,1.4784021053880396,4.299126051693765e-08,1.478402062396779,0
1115,469,1.4791389312617311,2.6730681310371428e-08,1.47913890453105,0
1113,469,1.4807198417300034,2.6730681310371428e-08,1.4807198149993221,0
71,53,1.480823452327193,3.5175583588861473e-08,1.4808234171516095,0
2212,678,1.481282977073161,6.048038844594925e-11,1.4812829770126807,0
2376,708,1.4813332029347008,4.222731280528328e-09,1.4813331987119696,0
3357,1281,1.4828683178246618,1.1377048943494135e-09,1.482868316686957,0
3719,1363,1.4862366178379849,4.709308265152779e-09,1.4862366131286766,0
411,184,1.4887239566527144,9.000763331041542e-09,1.4887239476519512,0
3097,840,1.4892048335189543,6.758327492335178e-11,1.489204833451371,0
2445,714,1.4897990585206606,2.7304141795406657e-09,1.4897990557902465,0
366,164,1.490132422988695,8.752315184364571e-11,1.4901324229011719,0
237,102,1.491557166934327,7.353530479259721e-11,1.4915571668607917,0
3418,1300,1.4918201884224338,3.984201594306456e-09,1.4918201844382322,0
1013,424,1.492056674932989,2.4113023509710336e-11,1.4920566749088762,0
1110,468,1.4936846542960296,5.863009290511675e-08,1.4936845956659366,0
1632,616,1.4950780444028537,2.5689328286537023e-08,1.4950780187135255,0
3316,1281,1.499682775838393,1.1377048943494135e-09,1.4996827747006882,0
4018,1387,1.500413127822595,5.439410491060315e-10,1.5004131272786538,0
819,347,1.5004734659541403,6.398659440449053e-10,1.5004734653142744,0
2317,704,1.5019784876772149,1.1307670022971909e-09,1.5019784865464478,0
1929,648,1.5023945286895382,4.650962370427563e-09,1.5023945240385759,0
2216,693,1.502833786411417,5.958793058060246e-11,1.502833786351829,0
4292,1430,1.5030671497272614,6.728331498150994e-12,1.503067149720533,0
1119,470,1.5065264735437134,1.342268200858841e-08,1.5065264601210313,0
2589,734,1.5069020220169211,2.5627514914370777e-10,1.506902021760646,0
3916,1386,1.506990500655616,9.74271111339152e-10,1.5069904996813448,0
4242,1409,1.50789329285189,1.0247438592455157e-09,1.5078932918271462,0
1146,476,1.5092463272324446,5.845089251547379e-10,1.5092463266479357,0
2736,754,1.5094344338488446,2.3491543358942615e-10,1.5094344336139291,0
1690,622,1.5105961133894135,7.712250540816842e-09,1.5105961056771628,0
2465,716,1.5112470795159312,1.2699488463989707e-09,1.5112470782459824,0
3341,1281,1.5116544477973282,1.1377048943494135e-09,1.5116544466596233,0
2807,802,1.515426407379375,1.0018238906179179e-11,1.5154264073693569,0
85,57,1.5156532761443076,8.441297285597862e-09,1.5156532677030103,0
1865,643,1.5157969132924767,2.602140538389667e-08,1.5157968872710712,0
486,217,1.5166210955853994,3.2296861499914e-09,1.5166210923557133,0
1903,645,1.5178011963454012,1.6027409218642375e-08,1.517801180317992,0
1909,645,1.5200618853028425,1.6027409218642375e-08,1.5200618692754333,0
595,263,1.5208116589085725,4.7496897452267413e-11,1.5208116588610756,0
3823,1366,1.5228598248234033,1.0410854588917419e-10,1.5228598247192948,0
343,153,1.5235476174936415,3.799299193347566e-09,1.5235476136943424,0
1336,561,1.5242283810169988,1.7776311414906318e-07,1.5242282032538845,0
1557,607,1.526359372468623,8.208848894592351e-08,1.5263592903801342,0
3475,1301,1.52842272817957,1.1461396581001713e-09,1.5284227270334303,0
3127,1256,1.530037689205572,6.927690301312429e-11,1.5300376891362952,0
245,111,1.530456694073315,0.00022707938643605399,1.530229614686879,0
918,387,1.5311855474853753,7.869832117719542e-11,1.531185547406677,0
964,405,1.5318993942619619,2.907710396868754e-08,1.5318993651848578,0
970,408,1.5326797901536078,3.2250333939258935e-09,1.5326797869285744,0
2012,658,1.533381690056444,2.2683496792163445e-09,1.5333816877880944,0
425,191,1.5339200956229795,3.190744257514847e-10,1.5339200953039052,0
1890,644,1.5344427299883732,1.7761539758919414e-08,1.5344427122268334,0
3176,1279,1.534622820147753,8.520755739974929e-11,1.5346228200625454,0
871,369,1.536726328849237,4.23332399521252e-05,1.5366839956092848,0
1519,600,1.538778122450151,2.6142933262414427e-07,1.5387778610208185,0
3590,1316,1.5393667811714822,6.423673588589411e-09,1.5393667747478086,0
647,282,1.5401506805801692,1.6528937304628747e-09,1.5401506789272754,0
1633,616,1.5412757037527616,2.5689328286537023e-08,1.5412756780634334,0
2604,736,1.5425267541641254,3.0113893748326627e-10,1.5425267538629865,0
4321,1431,1.5432332719180766,7.794221677039385e-11,1.5432332718401343,0
3626,1318,1.5433234541014897,2.9863632020639434e-10,1.5433234538028535,0
1086,451,1.5437645985676889,8.924581693989009e-11,1.5437645984784432,0
2117,666,1.5443881309540262,1.8954850926295748e-09,1.544388129058541,0
414,186,1.5457793952860215,2.6126102345516045e-09,1.5457793926734114,0
4235,1408,1.54647024180935,1.122850883984341e-09,1.5464702406864992,0
1605,615,1.54715187871945,2.992084507875224e-08,1.547151848798605,0
1603,615,1.5489522324515386,2.992084507875224e-08,1.5489522025306934,0
1788,634,1.5497489835585887,2.130456983474741e-10,1.549748983345543,0
1627,616,1.5501514578876392,2.5689328286537023e-08,1.550151432198311,0
3289,1281,1.550889470334114,1.1377048943494135e-09,1.5508894691964092,0
3012,829,1.55111358647003,3.161154075847059e-10,1.5511135861539147,0
2920,816,1.551259060521244,6.257710048462472e-10,1.551259059895473,0
1536,606,1.5537673976623436,1.2473033928016382e-07,1.5537672729320042,0
2234,694,1.5539464121777922,5.2580449233741545e-11,1.5539464121252118,0
3174,1279,1.5544552827065077,8.520755739974929e-11,1.5544552826213,0
4047,1406,1.555740772158281,8.830684513257788e-11,1.555740772069974,0
2000,657,1.5578918012306981,1.977736361384658e-09,1.5578917992529617,0
3606,1317,1.55796639874185,2.0018468968411415e-09,1.557966396740003,0
3473,1301,1.5583999825938022,1.1461396581001713e-09,1.5583999814476626,0
372,166,1.5587435759166415,6.325409500921392e-11,1.5587435758533874,0
1077,449,1.5597886971802581,1.3917011070997824e-10,1.5597886970410881,0
3852,1383,1.5605053671955633,7.315236547407133e-10,1.5605053664640396,0
2795,762,1.560619846953592,1.7707516217350023e-11,1.5606198469358843,0
158,69,1.560868472789386,9.882653539388228e-11,1.5608684726905595,0
549,248,1.56157750990062,8.40532017499782e-09,1.5615775014952997,0
3434,1300,1.5629258017801573,3.984201594306456e-09,1.5629257977959556,0
1379,568,1.563844021745319,8.464092666517443e-09,1.5638440132812261,0
4313,1431,1.5653965782604196,7.794221677039385e-11,1.5653965781824772,0
2889,813,1.5683373353773682,2.045485873864829e-10,1.5683373351728196,0
1475,595,1.5684789825253764,3.698788021021299e-06,1.5684752837373555,0
1225,510,1.5687948340443323,4.082623713235765e-10,1.56879483363607,0
3389,1283,1.569244768157236,8.458385418586863e-11,1.569244768072652,0
4238,1408,1.5696840552104403,1.122850883984341e-09,1.5696840540875894,0
132,66,1.5715108308838532,2.3827472832437783e-10,1.5715108306455785,0
1961,652,1.573873501458008,1.0002222106571936e-09,1.573873500457786,0
2641,739,1.574469599138717,3.4619541740494636e-10,1.5744695987925215,0
1797,635,1.5746066201259556,2.5334955181054684e-09,1.5746066175924602,0
3945,1386,1.5758221548461206,9.74271111339152e-10,1.5758221538718495,0
4034,1388,1.5763810949485972,3.115865762909136e-11,1.5763810949174386,0
4257,1409,1.5771605995714164,1.0247438592455157e-09,1.5771605985466726,0
434,193,1.577266380464903,1.7898199384947124e-10,1.577266380285921,0
3810,1365,1.5774674704466565,2.8260988998366504e-10,1.5774674701640465,0
2481,717,1.578534764870178,5.743990972308578e-10,1.5785347642957788,0
1069,444,1.5801544740105746,6.358640447419627e-10,1.5801544733747106,0
312,143,1.5854045346031858,0.0022050943756785875,1.5831994402275071,0
57,50,1.5832424696340972,1.5230968218727687e-07,1.583242317324415,0
453,201,1.5833198683887482,3.0446558695330704e-11,1.5833198683583016,0
2490,717,1.584152403732777,5.743990972308578e-10,1.5841524031583778,0
1856,642,1.5858090117652774,9.62682078653581e-09,1.5858090021384565,0
2442,714,1.5863110516681895,2.7304141795406657e-09,1.5863110489377754,0
2984,826,1.5867465262661902,3.6166710499089417e-10,1.586746525904523,0
1520,601,1.5884050158235734,8.003074490974254e-08,1.5884049357928285,0
4089,1406,1.5897586273250603,8.830684513257788e-11,1.5897586272367534,0
1953,651,1.5903396789399928,6.746574615024135e-10,1.5903396782653354,0
1008,421,1.5907433495544643,5.3950522146853215e-11,1.5907433495005137,0
2532,726,1.5912211378046037,5.5712140994493215e-11,1.5912211377488916,0
2297,700,1.5930076994676894,5.225745272174422e-10,1.593007698945115,0
3511,1302,1.5933264962955234,5.333872614836047e-10,1.593326495762136,0
1421,579,1.5962506219714663,1.6065387039430635e-10,1.5962506218108123,0
1040,437,1.5963654850226459,4.253863211171048e-08,1.5963654424840137,0
3574,1314,1.5987082584207208,7.234274544324828e-09,1.5987082511864463,0
3737,1364,1.5994307044515477,2.6746182454218203e-09,1.5994307017769294,0
1168,482,1.5995098489015882,1.0753540705219656e-10,1.599509848794053,0
2254,696,1.600563750572118,4.645973452899247e-10,1.6005637501075207,0
418,188,1.6010624827030573,9.584399915993527e-10,1.6010624817446173,0
2377,708,1.6019446671104236,4.222731280528328e-09,1.6019446628876923,0
630,278,1.6026061377514396,3.0785092186284624e-08,1.6026061069663473,0
2157,672,1.602773730743238,1.7149254260531012e-10,1.6027737305717453,0
3936,1386,1.6027761448610867,9.74271111339152e-10,1.6027761438868156,0
221,97,1.603242888972836,2.1944424359902507e-10,1.6032428887533918,0
3105,841,1.6041236293568788,6.109200106592821e-11,1.6041236292957868,0
370,165,1.606894465185442,7.397264892298003e-11,1.6068944651114694,0
2458,714,1.6077954310774918,2.7304141795406657e-09,1.6077954283470777,0
283,129,1.6081301326833473,2.2206773638820026e-10,1.6081301324612796,0
973,409,1.609494392522823,1.828721180216684e-09,1.6094943906941017,0
4295,1430,1.6097068071883611,6.728331498150994e-12,1.6097068071816327,0
2517,721,1.6109495399430636,3.6043941382888956e-10,1.610949539582624,0
1407,576,1.6111775112863944,2.503355847354944e-10,1.6111775110360589,0
2572,730,1.6122035608979364,2.1819552980184557e-10,1.612203560679741,0
2122,666,1.6138042644101298,1.8954850926295748e-09,1.6138042625146447,0
4155,1407,1.614312522258765,4.675956535892726e-10,1.6143125217911694,0
1109,468,1.6149445897235766,5.863009290511675e-08,1.6149445310934836,0
1591,614,1.6151556000985408,2.0613513115697298e-08,1.6151555794850276,0
3861,1383,1.6158369075881438,7.315236547407133e-10,1.61583690685662,0
4136,1407,1.6163180011177913,4.675956535892726e-10,1.6163180006501956,0
1808,638,1.617839448928208,6.651364016926321e-09,1.6178394422768438,0
3033,835,1.6181425261512852,2.278985320142298e-10,1.6181425259233866,0
2175,676,1.6182083020950737,3.589233555318326e-11,1.6182083020591813,0
1271,532,1.6207513638160778,4.326332376137098e-08,1.620751320552754,0
3101,840,1.6218734273174453,6.758327492335178e-11,1.621873427249862,0
2742,756,1.623221709203599,6.178042969911363e-11,1.6232217091418186,0
1194,496,1.623270809374115,5.320322753684898e-06,1.6232654890513614,0
2574,731,1.624412173571164,1.7896779676485516e-10,1.6244121733921963,0
2202,678,1.627508487984006,6.048038844594925e-11,1.6275084879235258,0
3966,1386,1.6298742634067764,9.74271111339152e-10,1.6298742624325053,0
3121,1255,1.6305948485872412,1.64121839563082e-11,1.630594848570829,0
1378,568,1.6308767809825715,8.464092666517443e-09,1.6308767725184787,0
2661,744,1.6311807291640443,3.58153693287914e-10,1.6311807288058906,0
3382,1283,1.6340789240000257,8.458385418586863e-11,1.6340789239154418,0
1601,614,1.634772090754781,2.0613513115697298e-08,1.6347720701412678,0
3894,1385,1.6350663790541506,7.542387001333966e-09,1.6350663715117637,0
2998,827,1.6353872002382464,4.816820406100609e-10,1.6353871997565643,0
2224,693,1.6384646811838444,5.958793058060246e-11,1.6384646811242565,0
902,383,1.640707838166094,2.0209580143952788e-10,1.640707837963998,0
3711,1363,1.641065950768429,4.709308265152779e-09,1.6410659460591208,0
2555,727,1.6422626444988089,9.184462724417911e-11,1.6422626444069643,0
3103,841,1.6422672175322994,6.109200106592821e-11,1.6422672174712074,0
2232,694,1.6436068019445866,5.2580449233741545e-11,1.6436068018920063,0
2628,738,1.6451922411369253,4.3081523275887065e-10,1.6451922407061101,0
2985,826,1.6465314462550642,3.6166710499089417e-10,1.646531445893397,0
4159,1407,1.6516623279004972,4.675956535892726e-10,1.6516623274329014,0
574,256,1.6522774956867479,2.0128755535530473e-10,1.6522774954854602,0
2272,700,1.6523665098241083,5.225745272174422e-10,1.6523665093015338,0
3976,1387,1.6524712721346289,5.439410491060315e-10,1.6524712715906877,0
1083,450,1.6525609177125289,1.1000272071248043e-10,1.6525609176025262,0
4096,1407,1.6532502026020188,4.675956535892726e-10,1.653250202134423,0
3098,840,1.6549165479195316,6.758327492335178e-11,1.6549165478519483,0
1345,561,1.6577225100937798,1.7776311414906318e-07,1.6577223323306656,0
3739,1364,1.6594754314264732,2.6746182454218203e-09,1.659475428751855,0
4138,1407,1.6600368499533575,4.675956535892726e-10,1.6600368494857618,0
4348,1433,1.661150612673367,1.553699122814781e-11,1.6611506126578302,0
2436,714,1.66161419755394,2.7304141795406657e-09,1.661614194823526,0
2711,751,1.6637347296323133,2.419407898820188e-10,1.6637347293903726,0
2509,720,1.6639498539624833,6.907846518953331e-10,1.6639498532716985,0
1443,585,1.6643136311343554,2.0062826434666225e-11,1.6643136311142925,0
2818,802,1.6652751805598363,1.0018238906179179e-11,1.665275180549818,0
339,153,1.6655179901638881,3.799299193347566e-09,1.665517986364589,0
613,273,1.6660936449279717,0.00025133656050215316,1.6658423083674696,0
3263,1280,1.6684039823923877,5.205449882615446e-10,1.6684039818718428,0
2820,802,1.6697296172185496,1.0018238906179179e-11,1.6697296172085314,0
2959,824,1.6698457728878948,3.534700453574905e-10,1.6698457725344247,0
2719,751,1.670271902920186,2.419407898820188e-10,1.6702719026782453,0
52,50,1.6706094185296052,1.5230968218727687e-07,1.670609266219923,0
485,217,1.6709493345475528,3.2296861499914e-09,1.6709493313178667,0
1249,523,1.672532064425465,4.7701309811732915e-12,1.672532064420695,0
3531,1302,1.6743280992625418,5.333872614836047e-10,1.6743280987291544,0
3938,1386,1.6766862638914233,9.74271111339152e-10,1.6766862629171522,0
814,344,1.677395580794373,2.9385584316523484e-09,1.6773955778558145,0
2005,657,1.678663498492781,1.977736361384658e-09,1.6786634965150447,0
1144,476,1.6812445700667098,5.845089251547379e-10,1.681244569482201,0
3678,1361,1.6814170839211267,6.61613744152264e-09,1.6814170773049892,0
1090,452,1.681569992869176,7.400958439356219e-11,1.6815699927951664,0
415,186,1.6872555429381044,2.6126102345516045e-09,1.6872555403254943,0
3983,1387,1.6888727806347454,5.439410491060315e-10,1.6888727800908043,0
3932,1386,1.6888941908825892,9.74271111339152e-10,1.688894189908318,0
3422,1300,1.6908977048909002,3.984201594306456e-09,1.6908977009066986,0
4108,1407,1.691631192673787,4.675956535892726e-10,1.6916311922061913,0
1586,613,1.6928092820955831,2.6475461847768405e-08,1.6928092556201213,0
999,418,1.693093475085972,9.184623287218284e-11,1.6930934749941258,0
977,411,1.6931571507585634,7.133641388544427e-10,1.6931571500451994,0
2912,815,1.693432351187917,3.905168125149946e-10,1.6934323507974003,0
713,309,1.6935955197925001,5.2683278474985145e-08,1.6935954671092217,0
1032,434,1.6939527859543997,1.268929395459949e-06,1.6939515170250041,0
4229,1408,1.6971855812429022,1.122850883984341e-09,1.6971855801200513,0
2916,815,1.6972509855206352,3.905168125149946e-10,1.6972509851301185,0
0,14,1.6979204344429766,6.3319903021279075e-18,1.6979204344429766,0
1884,644,1.6991463940453335,1.7761539758919414e-08,1.6991463762837937,0
3799,1365,1.7002724954686057,2.8260988998366504e-10,1.7002724951859958,0
1855,642,1.7003525899292773,9.62682078653581e-09,1.7003525803024564,0
835,352,1.7009125144169501,1.303758459024241e-10,1.7009125142865742,0
2643,739,1.7019456826334212,3.4619541740494636e-10,1.7019456822872256,0
2050,661,1.7027267840196263,1.6163376433931894e-09,1.7027267824032886,0
133,66,1.7031970332850006,2.3827472832437783e-10,1.7031970330467259,0
934,391,1.703612635825742,3.797621750608203e-11,1.7036126357877657,0
170,72,1.7044450511306821,5.110243059707836e-11,1.7044450510795797,0
757,322,1.7048918062426368,9.166689395936396e-11,1.70489180615097,0
2738,755,1.7050236932003824,1.598242373835096e-10,1.7050236930405582,0
3693,1362,1.7072708033042006,7.518417158060209e-08,1.707270728120029,0
2227,693,1.7083509117697828,5.958793058060246e-11,1.708350911710195,0
552,250,1.7088520271792027,2.2711240908734445e-09,1.7088520249080785,0
587,261,1.7107605526253655,6.564794711259674e-11,1.7107605525597176,0
2356,706,1.7108696293007493,6.46645767753329e-09,1.7108696228342917,0
1316,550,1.712525392148843,5.727931321789759e-11,1.7125253920915637,0
3706,1363,1.712675276822564,4.709308265152779e-09,1.7126752721132557,0
2041,661,1.716429414546988,1.6163376433931894e-09,1.7164294129306503,0
2397,710,1.7187958481088346,3.223439803281071e-09,1.7187958448853948,0
1843,641,1.7198229456189553,1.1360174684233893e-08,1.7198229342587807,0
1641,617,1.7211927696079836,1.0023285878522447e-08,1.7211927595846976,0
210,92,1.722502224933369,9.837525169630863e-10,1.7225022239496166,0
437,194,1.7241639144059784,1.3824927835560711e-10,1.7241639142677292,0
3849,1383,1.7250479020503224,7.315236547407133e-10,1.7250479013187987,0
2252,696,1.7253261980320955,4.645973452899247e-10,1.7253261975674983,0
3977,1387,1.7275785476314207,5.439410491060315e-10,1.7275785470874796,0
1197,497,1.7340499595055137,1.533401909875918e-06,1.7340484261036038,0
3629,1318,1.7341866280476892,2.9863632020639434e-10,1.734186627749053,0
2171,675,1.7346934341429925,4.896754998880836e-10,1.734693433653317,0
1114,469,1.735113345686063,2.6730681310371428e-08,1.7351133189553818,0
582,259,1.7359337450999202,9.608774085453643e-11,1.7359337450038324,0
3751,1364,1.7364106904322327,2.6746182454218203e-09,1.7364106877576144,0
4180,1407,1.7368276073036388,4.675956535892726e-10,1.736827606836043,0
719,309,1.7389917861326911,5.2683278474985145e-08,1.7389917334494127,0
3775,1365,1.7420616783057847,2.8260988998366504e-10,1.7420616780231748,0
4164,1407,1.743514213581523,4.675956535892726e-10,1.7435142131139272,0
3225,1280,1.7441824530698442,5.205449882615446e-10,1.7441824525492993,0
1564,609,1.747328422082867,2.246006880118618e-07,1.747328197482179,0
2089,665,1.7480214294253789,5.790722800655956e-09,1.748021423634656,0
1127,471,1.749193235398044,7.011045285956265e-09,1.7491932283869986,0
2123,666,1.7496673675470384,1.8954850926295748e-09,1.7496673656515533,0
276,125,1.7499590272544623,7.572576498827321e-10,1.7499590264972047,0
823,348,1.7509593659388452,4.32313450471515e-10,1.7509593655065316,0
1434,582,1.7531749485236847,7.281894684696827e-11,1.7531749484508659,0
3660,1318,1.7542873308504638,2.9863632020639434e-10,1.7542873305518276,0
147,68,1.7547803254430974,1.4262884945127446e-10,1.7547803253004686,0
915,387,1.7556100485456712,7.869832117719542e-11,1.7556100484669728,0
833,351,1.7561467658699734,1.6834475337339585e-10,1.7561467657016288,0
2978,826,1.756550156421045,3.6166710499089417e-10,1.756550156059378,0
4270,1409,1.7617487880795384,1.0247438592455157e-09,1.7617487870547945,0
1790,634,1.7653220835493695,2.130456983474741e-10,1.7653220833363237,0
4183,1407,1.7660233508624732,4.675956535892726e-10,1.7660233503948775,0
2502,719,1.7684420961230103,9.59255693998768e-10,1.7684420951637545,0
2106,666,1.7722027949108814,1.8954850926295748e-09,1.7722027930153963,0
2183,676,1.777068539467814,3.589233555318326e-11,1.7770685394319217,0
2326,705,1.7770829550966958,1.6014247228491802e-09,1.777082953495271,0
1516,600,1.7800220036196917,2.6142933262414427e-07,1.780021742190359,0
802,341,1.7809459462603283,3.084832086665487e-08,1.7809459154120075,0
1444,586,1.7845613437146153,8.989318545192011e-12,1.784561343705626,0
3648,1318,1.7847850597384,2.9863632020639434e-10,1.7847850594397638,0
591,262,1.7878584536674178,5.5694827707094465e-11,1.787858453611723,0
1023,430,1.7983612185726083,0.008770735800660283,1.789590482771948,0
1159,480,1.7916495182570398,1.7499533566658897e-10,1.7916495180820444,0
81,54,1.7956987938290208,2.0038837891462793e-08,1.7956987737901828,0
2859,809,1.7959109586129183,6.733614102810164e-11,1.7959109585455821,0
3025,832,1.796683082945787,2.1513415041235674e-10,1.7966830827306528,0
2725,752,1.7975053604953242,1.644560246834373e-10,1.7975053603308682,0
1,15,1.8001934415523793,2.9484548642741213e-16,1.800193441552379,0
2225,693,1.8015455552558046,5.958793058060246e-11,1.8015455551962167,0
4177,1407,1.8033802441019062,4.675956535892726e-10,1.8033802436343105,0
1213,502,1.8041834374108545,1.8728450973951688e-08,1.8041834186824035,0
3778,1365,1.8044337004752726,2.8260988998366504e-10,1.8044337001926627,0
686,293,1.8045173149712963,5.837269319107731e-11,1.8045173149129237,0
2729,753,1.806171396706982,1.9053720088718898e-10,1.8061713965164448,0
2108,666,1.8082406484460622,1.8954850926295748e-09,1.8082406465505771,0
659,286,1.809630499787837,3.0469393628148104e-10,1.8096304994831431,0
706,307,1.8111580393307247,7.957901840838874e-07,1.8111572435405405,0
1981,655,1.8119312997322228,1.4476314587207552e-09,1.8119312982845914,0
1198,497,1.812364034823206,1.533401909875918e-06,1.812362501421296,0
123,65,1.813487074091504,2.5498656665974133e-10,1.8134870738365174,0
173,74,1.8139763299101932,2.0858422786544583e-11,1.8139763298893348,0
762,323,1.814425839860782,7.515048624450924e-11,1.8144258397856314,0
520,231,1.814427514686672,4.498939701167967e-11,1.8144275146416826,0
2878,810,1.8170640192086749,2.8119091048543633e-10,1.817064018927484,0
330,149,1.8207763869246432,5.777566334749389e-08,1.8207763291489798,0
3610,1317,1.8209769659611337,2.0018468968411415e-09,1.8209769639592868,0
4007,1387,1.8214766013877124,5.439410491060315e-10,1.8214766008437713,0
3595,1316,1.8237577905395719,6.423673588589411e-09,1.8237577841158983,0
657,285,1.8240658463910606,4.3220629480234533e-10,1.8240658459588543,0
4288,1410,1.8248353256602086,7.088677467113349e-11,1.8248353255893217,0
4021,1387,1.8255322425323086,5.439410491060315e-10,1.8255322419883675,0
3903,1385,1.82639423474006,7.542387001333966e-09,1.826394227197673,0
345,154,1.8273405465585542,2.1655890317867786e-09,1.8273405443929651,0
3973,1387,1.8278775299402905,5.439410491060315e-10,1.8278775293963494,0
1150,478,1.8307950314304968,3.092446591135483e-10,1.8307950311212522,0
3255,1280,1.830917573417349,5.205449882615446e-10,1.8309175728968041,0
568,255,1.8312314202885387,2.711834710339646e-10,1.8312314200173552,0
2562,729,1.832974381223867,1.5138739756096178e-10,1.8329743810724797,0
2165,674,1.8349402984751273,3.48200701962451e-10,1.8349402981269265,0
4255,1409,1.8350664801922023,1.0247438592455157e-09,1.8350664791674585,0
2168,675,1.8350880439104886,4.896754998880836e-10,1.8350880434208132,0
2835,805,1.8359806879283878,4.820283764243261e-11,1.835980687880185,0
153,68,1.8401847448916697,1.4262884945127446e-10,1.840184744749041,0
516,229,1.8411034635477999,6.364780439009886e-11,1.841103463484152,0
1251,526,1.8418324147698206,1.550763137105714e-05,1.8418169071384496,0
938,392,1.8422238444280878,2.834053963675903e-11,1.8422238443997474,0
3975,1387,1.8444116395226398,5.439410491060315e-10,1.8444116389786986,0
1511,599,1.8462452695561058,1.3526852013119952e-07,1.8462451342875856,0
670,289,1.8486180060515776,1.301270876736602e-10,1.8486180059214505,0
1688,622,1.8486882973594048,7.712250540816842e-09,1.8486882896471541,0
827,349,1.8487230147472875,3.050452325699876e-10,1.8487230144422422,0
2480,717,1.851089877608908,5.743990972308578e-10,1.8510898770345088,0
2036,660,1.8512229114536871,5.561613149475019e-09,1.851222905892074,0
1735,626,1.8513511993110165,2.982616498485207e-10,1.851351199012755,0
3614,1317,1.851449258731569,2.0018468968411415e-09,1.851449256729722,0
332,150,1.8518894027094934,2.617311880312937e-08,1.8518893765363746,0
303,137,1.852345336123942,3.249311327604365e-11,1.8523453360914488,0
678,292,1.8537377687634435,6.93227369456703e-11,1.8537377686941208,0
122,65,1.8551596449531906,2.5498656665974133e-10,1.8551596446982042,0
3480,1301,1.8571795209413442,1.1461396581001713e-09,1.8571795197952046,0
1888,644,1.8576439118978365,1.7761539758919414e-08,1.8576438941362967,0
2785,759,1.8584505184746387,3.458741757292906e-11,1.8584505184400513,0
3598,1316,1.8609005746435356,6.423673588589411e-09,1.860900568219862,0
1167,482,1.8615241933782756,1.0753540705219656e-10,1.8615241932707403,0
1206,499,1.8649212877077157,1.8218606392646095e-07,1.8649211055216517,0
2014,658,1.8657514611761055,2.2683496792163445e-09,1.8657514589077557,0
646,282,1.8670418311354806,1.6528937304628747e-09,1.8670418294825868,0
2124,667,1.870452158677728,1.100072891534858e-09,1.8704521575776552,0
206,90,1.8706558447107684,2.4111083939881264e-09,1.87065584229966,0
711,308,1.8721546733892784,1.7782339788567152e-07,1.8721544955658806,0
1685,621,1.8728138826294323,8.672033760932985e-09,1.8728138739573985,0
2881,811,1.874740465698153,2.547253482547501e-10,1.8747404654434277,0
2262,697,1.8759615718023064,3.2422765722064915e-10,1.8759615714780786,0
3583,1315,1.8790092132330445,8.433224362430557e-08,1.8790091289008009,0
2526,723,1.8836363272266397,4.325405352588496e-11,1.8836363271833856,0
3582,1315,1.8858969616249752,8.433224362430557e-08,1.8858968772927316,0
2882,811,1.88904009160207,2.547253482547501e-10,1.8890400913473446,0
596,263,1.889698052800679,4.7496897452267413e-11,1.8896980527531821,0
813,344,1.8910936826957252,2.9385584316523484e-09,1.8910936797571667,0
4162,1407,1.8913747037085666,4.675956535892726e-10,1.891374703240971,0
1796,634,1.893829176636549,2.130456983474741e-10,1.8938291764235031,0
1787,634,1.8948841214103287,2.130456983474741e-10,1.894884121197283,0
1792,634,1.8957207504849303,2.130456983474741e-10,1.8957207502718845,0
101,59,1.897543325214069,1.4396096016733841e-09,1.8975433237744594,0
4246,1409,1.8979632110106135,1.0247438592455157e-09,1.8979632099858696,0
764,324,1.905229123317726,6.274853214446789e-11,1.9052291232549776,0
399,181,1.905992140036775,1.0971949666998999e-07,1.9059920303172784,0
769,325,1.9088193706719478,5.321417925105121e-11,1.9088193706187337,0
1914,646,1.9091356399753667,3.1453372268947e-08,1.9091356085219944,0
2466,716,1.9098853431947094,1.2699488463989707e-09,1.9098853419247606,0
524,232,1.9129629188263573,3.460740431944755e-11,1.9129629187917498,0
2349,706,1.9143176336354706,6.46645767753329e-09,1.914317627169013,0
1580,612,1.9147537654317406,1.568211922580834e-08,1.9147537497496214,0
3320,1281,1.9153711902298587,1.1377048943494135e-09,1.9153711890921539,0
2666,744,1.9161844216800163,3.58153693287914e-10,1.9161844213218626,0
4167,1407,1.9168676113484433,4.675956535892726e-10,1.9168676108808476,0
1121,471,1.9172395398057176,7.011045285956265e-09,1.9172395327946723,0
4100,1407,1.9189473148354328,4.675956535892726e-10,1.918947314367837,0
3714,1363,1.9213772238299633,4.709308265152779e-09,1.921377219120655,0
3275,1280,1.9219362689477821,5.205449882615446e-10,1.9219362684272372,0
2393,709,1.9230153593454697,3.874445509064861e-09,1.9230153554710243,0
603,266,1.9248351470287544,1.9552163098418147e-11,1.9248351470092022,0
242,104,1.9262992809187098,4.185121923340457e-11,1.9262992808768586,0
3343,1281,1.92690052713916,1.1377048943494135e-09,1.9269005260014551,0
180,80,1.9270698141037126,5.148179459448653e-06,1.9270646659242532,0
3864,1383,1.9272237885481862,7.315236547407133e-10,1.9272237878166625,0
1862,643,1.9276787885318554,2.602140538389667e-08,1.92767876251045,0
2283,700,1.9282394259236628,5.225745272174422e-10,1.9282394254010884,0
1231,514,1.9288707810374812,1.3322422973014567e-10,1.928870780904257,0
1908,645,1.9314772419922166,1.6027409218642375e-08,1.9314772259648074,0
4328,1432,1.9329674780034427,1.1177592940415557e-10,1.9329674778916668,0
2280,700,1.9340812287644693,5.225745272174422e-10,1.9340812282418949,0
3756,1365,1.9398063126071678,2.8260988998366504e-10,1.939806312324558,0
3815,1366,1.9430524562063083,1.0410854588917419e-10,1.9430524561021998,0
982,413,1.94319170645886,3.4331764664664773e-10,1.9431917061155424,0
3835,1383,1.946498062692108,7.315236547407133e-10,1.9464980619605843,0
2499,718,1.9471840762465504,9.853264320372724e-10,1.947184075261224,0
3740,1364,1.9475128788841924,2.6746182454218203e-09,1.9475128762095741,0
1278,533,1.9483929094009367,2.3330915134563428e-08,1.9483928860700215,0
2821,802,1.9492568501585341,1.0018238906179179e-11,1.949256850148516,0
2514,721,1.9520713215905183,3.6043941382888956e-10,1.9520713212300789,0
4300,1430,1.9538294922984172,6.728331498150994e-12,1.9538294922916888,0
3817,1366,1.9557559138972898,1.0410854588917419e-10,1.9557559137931813,0
1014,424,1.9588574135760914,2.4113023509710336e-11,1.9588574135519785,0
720,310,1.9593042577605495,1.9148569925459307e-08,1.9593042386119797,0
3403,1299,1.960452741931974,7.147543147588599e-10,1.9604527412172197,0
3069,839,1.9608042752522399,6.503563225674959e-11,1.9608042751872043,0
1352,562,1.961337740237701,8.034556042293009e-08,1.9613376598921406,0
186,82,1.961782992465604,5.424506708141761e-07,1.9617824500149332,0
2058,661,1.963136480943652,1.6163376433931894e-09,1.9631364793273143,0
1879,643,1.9633854682534506,2.602140538389667e-08,1.9633854422320451,0
474,214,1.964018941240052,2.884147838234778e-08,1.9640189123985736,0
2475,716,1.9670912655114308,1.2699488463989707e-09,1.967091264241482,0
3917,1386,1.96781688317566,9.74271111339152e-10,1.9678168822013888,0
821,348,1.9697057217342782,4.32313450471515e-10,1.9697057213019646,0
4175,1407,1.9731994786682343,4.675956535892726e-10,1.9731994782006386,0
4179,1407,1.973703274160429,4.675956535892726e-10,1.9737032736928333,0
1357,563,1.9738868607706201,5.407043189981694e-08,1.9738868067001882,0
702,305,1.9742245105928153,5.9820512735023865e-05,1.9741646900800802,0
3270,1280,1.9749173672697822,5.205449882615446e-10,1.9749173667492372,0
831,351,1.9754378667418513,1.6834475337339585e-10,1.9754378665735066,0
2948,822,1.9782943931906214,3.438894336953983e-10,1.978294392846732,0
2290,700,1.9793893341511446,5.225745272174422e-10,1.9793893336285702,0
1349,561,1.9813836981774604,1.7776311414906318e-07,1.9813835204143462,0
14,24,1.9989189370767777,0.017410667988870226,1.9815082690879076,0
4078,1406,1.986370444640441,8.830684513257788e-11,1.9863704445521342,0
2323,704,1.9872357908292801,1.1307670022971909e-09,1.987235789698513,0
900,382,1.9909183654848175,2.720840246870994e-10,1.9909183652127334,0
1391,571,1.9937144149138857,1.3140561704701453e-09,1.9937144135998295,0
1934,648,1.994807591296217,4.650962370427563e-09,1.9948075866452548,0
1381,569,1.9949459499451117,2.8545810919458402e-09,1.9949459470905306,0
563,253,1.9956424887922786,5.463977780576993e-10,1.9956424882458808,0
2210,678,1.9962949743691651,6.048038844594925e-11,1.9962949743086849,0
2631,739,1.9969305788046736,3.4619541740494636e-10,1.996930578458478,0
2839,808,1.9998699278663465,2.4646642340886973e-11,1.9998699278416998,0
729,312,2.0003077224227814,4.00045412928371e-09,2.0003077184223272,0
4285,1410,2.0036187582623426,7.088677467113349e-11,2.0036187581914557,0
1300,542,2.0042143135019805,3.9786173359914537e-10,2.004214313104119,0
111,61,2.0042464211190105,9.929370651459462e-10,2.0042464201260737,0
1614,616,2.006432904416862,2.5689328286537023e-08,2.0064328787275336,0
1927,648,2.012136792549412,4.650962370427563e-09,2.0121367878984495,0
1176,485,2.012775474003503,6.238363086112154e-11,2.0127754739411197,0
3866,1384,2.013707008148303,3.9249539443472e-09,2.013707004223349,0
316,145,2.0175102958621465,5.165909037277756e-06,2.017505129953109,0
2457,714,2.0275578708317332,2.7304141795406657e-09,2.027557868101319,0
940,393,2.0284415521726524,1.9316023444468008e-11,2.0284415521533363,0
2510,720,2.0301050682060264,6.907846518953331e-10,2.0301050675152417,0
3928,1386,2.0350218119576695,9.74271111339152e-10,2.035021810983398,0
1905,645,2.0369883292379045,1.6027409218642375e-08,2.0369883132104953,0
881,373,2.037665684987994,4.996695682556181e-08,2.037665635021037,0
2616,736,2.0388889684028237,3.0113893748326627e-10,2.0388889681016846,0
777,327,2.0466643838559184,3.6953809802692216e-11,2.0466643838189644,0
1079,449,2.048250286518665,1.3917011070997824e-10,2.048250286379495,0
4073,1406,2.048749129474015,8.830684513257788e-11,2.0487491293857083,0
540,246,2.0497288446622934,4.9747281904835126e-08,2.0497287949150116,0
1302,543,2.0527461842683747,2.891481675793927e-10,2.0527461839792265,0
3646,1318,2.053845704315254,2.9863632020639434e-10,2.053845704016618,0
2073,662,2.0576321112400793,1.6980062182397494e-09,2.057632109542073,0
205,89,2.0599884735942853,4.701151268198446e-09,2.059988468893134,0
560,252,2.0603450583241463,8.292239375953449e-10,2.0603450574949225,0
1609,615,2.065154891410723,2.992084507875224e-08,2.0651548614898783,0
3787,1365,2.0677931531319587,2.8260988998366504e-10,2.0677931528493487,0
2177,676,2.0678358907416503,3.589233555318326e-11,2.067835890705758,0
2236,694,2.068015306473499,5.2580449233741545e-11,2.0680153064209184,0
2512,721,2.0690651135076132,3.6043941382888956e-10,2.069065113147174,0
2915,815,2.070923640806962,3.905168125149946e-10,2.070923640416445,0
697,303,2.2391229106370076,0.16455866924184295,2.074564241395165,0
887,375,2.0756227181623563,8.427996908013003e-09,2.0756227097343594,0
419,189,2.078208944275323,6.34899649438611e-10,2.078208943640423,0
3444,1301,2.079948279019491,1.1461396581001713e-09,2.0799482778733513,0
2720,751,2.0812208264556054,2.419407898820188e-10,2.0812208262136647,0
2515,721,2.086018492784812,3.6043941382888956e-10,2.086018492424373,0
3321,1281,2.0863923678338083,1.1377048943494135e-09,2.0863923666961033,0
3074,839,2.091279316258465,6.503563225674959e-11,2.0912793161934293,0
4048,1406,2.0923845205541682,8.830684513257788e-11,2.0923845204658615,0
114,61,2.0951691222213933,9.929370651459462e-10,2.0951691212284564,0
704,305,2.0988337040624017,5.9820512735023865e-05,2.0987738835496668,0
3128,1256,2.100602387172007,6.927690301312429e-11,2.10060238710273,0
353,158,2.101018775073837,4.1622610649199393e-10,2.1010187746576108,0
2788,760,2.1019180644423856,4.045077962971127e-11,2.101918064401935,0
1925,648,2.103093495734448,4.650962370427563e-09,2.1030934910834858,0
279,127,2.1036257893149863,4.0071543125129653e-10,2.103625788914271,0
1546,606,2.103901498309825,1.2473033928016382e-07,2.1039013735794856,0
3408,1299,2.10506395388703,7.147543147588599e-10,2.1050639531722757,0
3518,1302,2.106818690201955,5.333872614836047e-10,2.1068186896685677,0
2608,736,2.106886029714762,3.0113893748326627e-10,2.106886029413623,0
615,274,2.1080908667321947,1.5314612043390388e-05,2.1080755521201513,0
3872,1384,2.109573945578176,3.9249539443472e-09,2.1095739416532218,0
3790,1365,2.112216365248982,2.8260988998366504e-10,2.112216364966372,0
2172,675,2.112217831973983,4.896754998880836e-10,2.1122178314843074,0
295,134,2.113011678425002,7.493659267874343e-11,2.1130116783500656,0
2093,665,2.1140433623607384,5.790722800655956e-09,2.1140433565700154,0
4236,1408,2.1141709508464928,1.122850883984341e-09,2.114170949723642,0
1139,475,2.115534027775116,8.42865179681091e-10,2.1155340269322505,0
3146,1258,2.1163645722878273,2.8242672166777692e-11,2.1163645722595845,0
492,220,2.119697448645594,7.146656547487658e-10,2.1196974479309283,0
847,357,2.12103828177294,4.9719071431130766e-11,2.121038281723221,0
2678,746,2.1248964719212413,3.707702780801261e-10,2.1248964715504712,0
1694,622,2.1266010460405527,7.712250540816842e-09,2.1266010383283023,0
3445,1301,2.1284586472122586,1.1461396581001713e-09,2.128458646066119,0
2606,736,2.1304688582622986,3.0113893748326627e-10,2.1304688579611595,0
2521,723,2.1399704455685327,4.325405352588496e-11,2.139970445525279,0
3140,1257,2.1404716194717643,1.0544413675381309e-10,2.1404716193663202,0
1525,603,2.1442067810612153,9.876446628439615e-10,2.1442067800735707,0
3895,1385,2.145826826020768,7.542387001333966e-09,2.1458268184783806,0
2648,740,2.146314120053619,3.685008552148589e-10,2.146314119685118,0
6,16,2.146874418574885,3.5503846303176316e-10,2.1468744182198463,0
2345,705,2.1473744710021694,1.6014247228491802e-09,2.1473744694007446,0
2068,661,2.148282339606088,1.6163376433931894e-09,2.1482823379897504,0
2032,660,2.1488495762815982,5.561613149475019e-09,2.1488495707199853,0
842,355,2.1506001875135947,6.930322030366556e-11,2.1506001874442915,0
3331,1281,2.1515077563686025,1.1377048943494135e-09,2.1515077552308974,0
2524,723,2.151579450740931,4.325405352588496e-11,2.1515794506976773,0
3667,1318,2.1550116607090146,2.9863632020639434e-10,2.1550116604103784,0
1229,513,2.155315722192702,1.7236184331800612e-10,2.1553157220203403,0
2484,717,2.1553172071393694,5.743990972308578e-10,2.15531720656497,0
43,47,2.156148435207701,1.6024558483280318e-06,2.1561468327518525,0
232,101,2.156978086406571,8.775207795118107e-11,2.156978086318819,0
2639,739,2.1609033498255417,3.4619541740494636e-10,2.160903349479346,0
1002,419,2.163392647965922,7.55909218246937e-11,2.1633926478903307,0
1341,561,2.1638175872550405,1.7776311414906318e-07,2.1638174094919265,0
3481,1301,2.1642192353178342,1.1461396581001713e-09,2.1642192341716946,0
4283,1410,2.166305672184323,7.088677467113349e-11,2.166305672113436,0
4202,1408,2.168804129366391,1.122850883984341e-09,2.1688041282435404,0
3433,1300,2.1728221237753713,3.984201594306456e-09,2.17282211979117,0
3733,1364,2.173370883705985,2.6746182454218203e-09,2.1733708810313668,0
2194,677,2.173789589604972,5.848588228907684e-11,2.1737895895464865,0
2370,707,2.1747753768289755,3.4053292152757826e-09,2.174775373423646,0
1895,644,2.175520075926569,1.7761539758919414e-08,2.1755200581650294,0
26,29,2.1757267446786406,4.712094414508755e-19,2.1757267446786406,0
2660,744,2.177066490276457,3.58153693287914e-10,2.1770664899183036,0
311,143,2.1802065493385276,0.0022050943756785875,2.1780014549628492,0
3404,1299,2.1787886996670753,7.147543147588599e-10,2.178788698952321,0
146,68,2.181945757810386,1.4262884945127446e-10,2.181945757667757,0
3883,1384,2.182206862894089,3.9249539443472e-09,2.182206858969135,0
2411,710,2.1843560253369483,3.223439803281071e-09,2.1843560221135085,0
2879,811,2.1875513146125423,2.547253482547501e-10,2.187551314357817,0
2670,745,2.19143457411651,3.5264957946600255e-10,2.1914345737638605,0
1959,652,2.1944353047209373,1.0002222106571936e-09,2.194435303720715,0
449,199,2.1968219512184253,5.3207295261326155e-11,2.196821951165218,0
2903,814,2.1988972292687254,1.2253024814633707e-10,2.198897229146195,0
3123,1255,2.1991968538088305,1.64121839563082e-11,2.1991968537924182,0
2045,661,2.1993681249366057,1.6163376433931894e-09,2.199368123320268,0
1433,582,2.2051833285085523,7.281894684696827e-11,2.205183328435733,0
2791,761,2.2083405359795725,2.477698799886659e-11,2.2083405359547954,0
637,280,2.2093323764254067,5.702433821581867e-09,2.209332370722973,0
1680,621,2.2096124024004413,8.672033760932985e-09,2.2096123937284076,0
1829,639,2.212049784793316,2.5861657928247614e-08,2.212049758931658,0
799,340,2.2140292216411805,9.274507608078909e-08,2.2140291288961045,0
3460,1301,2.2155119249149227,1.1461396581001713e-09,2.215511923768783,0
1807,637,2.215546975815282,8.710753478328896e-09,2.2155469671045287,0
4015,1387,2.2156929923194473,5.439410491060315e-10,2.2156929917755064,0
3395,1299,2.217219617887597,7.147543147588599e-10,2.2172196171728427,0
805,341,2.217286862228146,3.084832086665487e-08,2.217286831379825,0
3354,1281,2.2180831019488405,1.1377048943494135e-09,2.2180831008111355,0
2033,660,2.2198230448231295,5.561613149475019e-09,2.2198230392615166,0
557,252,2.222908576697454,8.292239375953449e-10,2.2229085758682303,0
375,167,2.223668521730536,5.1000395541943276e-11,2.2236685216795355,0
3374,1282,2.2280951314223474,8.561153931544979e-10,2.228095130566232,0
4282,1410,2.2282218447178312,7.088677467113349e-11,2.2282218446469444,0
110,61,2.2291437321034677,9.929370651459462e-10,2.229143731110531,0
2519,723,2.229446518735296,4.325405352588496e-11,2.229446518692042,0
3761,1365,2.2403706282877103,2.8260988998366504e-10,2.2403706280051003,0
1039,437,2.241200274791305,4.253863211171048e-08,2.2412002322526727,0
1463,594,2.24756793257408,1.6029048807575647e-06,2.247566329669199,0
1545,606,2.2495265422417163,1.2473033928016382e-07,2.249526417511377,0
3388,1283,2.2508008107065716,8.458385418586863e-11,2.2508008106219877,0
3914,1386,2.255409070807979,9.74271111339152e-10,2.2554090698337075,0
1922,648,2.2577820128514103,4.650962370427563e-09,2.257782008200448,0
2147,671,2.2579535286805568,6.391120472396554e-10,2.257953528041445,0
944,398,2.2846320546916745,0.02661144194987882,2.2580206127417957,0
1699,623,2.2605130047218065,2.469209138649643e-09,2.260513002252597,0
2783,759,2.262878305857894,3.458741757292906e-11,2.2628783058233064,0
3489,1301,2.262963394633419,1.1461396581001713e-09,2.2629633934872793,0
3107,841,2.264292834007367,6.109200106592821e-11,2.264292833946275,0
113,61,2.2644892951161713,9.929370651459462e-10,2.2644892941232344,0
373,166,2.271442949295581,6.325409500921392e-11,2.271442949232327,0
142,68,2.2726724502124998,1.4262884945127446e-10,2.2726724500698707,0
4052,1406,2.272775313515033,8.830684513257788e-11,2.272775313426726,0
2919,815,2.2735922743182266,3.905168125149946e-10,2.2735922739277097,0
1708,625,2.2741367402194808,2.3503684780279434e-10,2.274136739984444,0
4031,1388,2.27679077201095,3.115865762909136e-11,2.2767907719797913,0
2178,676,2.2822464045029025,3.589233555318326e-11,2.2822464044670103,0
2207,678,2.282413726880984,6.048038844594925e-11,2.2824137268205034,0
2100,665,2.2853732828178304,5.790722800655956e-09,2.2853732770271074,0
913,386,2.288457634973913,9.63276995717679e-11,2.2884576348775854,0
3858,1383,2.294485810566671,7.315236547407133e-10,2.2944858098351473,0
74,53,2.2965223667965557,3.5175583588861473e-08,2.296522331620972,0
914,387,2.2977367448687844,7.869832117719542e-11,2.297736744790086,0
2596,734,2.303933819398379,2.5627514914370777e-10,2.303933819142104,0
2482,717,2.3040059006657865,5.743990972308578e-10,2.3040059000913873,0
3203,1279,2.3096318606640485,8.520755739974929e-11,2.309631860578841,0
705,306,2.3135206772399597,5.1155211962123145e-06,2.3135155617187633,0
1427,581,2.3152788288696367,8.83483760467819e-11,2.315278828781288,0
2451,714,2.317337750203864,2.7304141795406657e-09,2.31733774747345,0
4214,1408,2.3187167926719425,1.122850883984341e-09,2.318716791549092,0
4186,1408,2.32020460686859,1.122850883984341e-09,2.3202046057457393,0
2131,668,2.326682609265833,1.365542644641668e-09,2.32668260790029,0
3031,833,2.3297664308492076,1.2804510724419306e-10,2.3297664307211625,0
504,224,2.330747216439793,1.8756329971949449e-10,2.3307472162522296,0
1166,482,2.33249441959385,1.0753540705219656e-10,2.3324944194863146,0
3707,1363,2.333717454908205,4.709308265152779e-09,2.333717450198897,0
2926,819,2.3344945452398806,4.077307408079862e-10,2.33449454483215,0
976,410,2.3362609193040336,1.1076076519456373e-09,2.336260918196426,0
1574,611,2.3363190002428773,1.2028857766291837e-08,2.3363189882140194,0
3348,1281,2.3365266568928407,1.1377048943494135e-09,2.3365266557551356,0
1585,613,2.338044117311639,2.6475461847768405e-08,2.3380440908361773,0
1305,544,2.338568290433953,2.1938730763288008e-10,2.3385682902145657,0
106,60,2.340106128620864,1.1783878143981765e-09,2.3401061274424766,0
1024,430,2.3528499173563637,0.008770735800660283,2.3440791815557036,0
2780,758,2.3504335419037417,3.0439578323762365e-11,2.350433541873302,0
2646,739,2.350872875168716,3.4619541740494636e-10,2.3508728748225205,0
2431,713,2.363163469365861,2.565124306684647e-09,2.363163466800737,0
2787,760,2.365508426500635,4.045077962971127e-11,2.365508426460184,0
3026,833,2.3657559659223346,1.2804510724419306e-10,2.3657559657942895,0
3729,1363,2.366348054188315,4.709308265152779e-09,2.366348049479007,0
3784,1365,2.36723735010768,2.8260988998366504e-10,2.36723734982507,0
2874,809,2.3677534374435543,6.733614102810164e-11,2.367753437376218,0
2284,700,2.367904924976066,5.225745272174422e-10,2.3679049244534918,0
4279,1410,2.370101712399117,7.088677467113349e-11,2.37010171232823,0
140,67,2.372676852257862,2.109969630208079e-10,2.372676852046865,0
2816,802,2.3736696001893227,1.0018238906179179e-11,2.3736696001793045,0
1539,606,2.374506668645733,1.2473033928016382e-07,2.3745065439153934,0
2909,814,2.3769999194552014,1.2253024814633707e-10,2.376999919332671,0
2869,809,2.3782305221802438,6.733614102810164e-11,2.3782305221129074,0
635,279,2.3884565578596466,1.2343562337841823e-08,2.3884565455160844,0
2543,726,2.3907378542609994,5.5712140994493215e-11,2.390737854205287,0
2495,717,2.3946153656941265,5.743990972308578e-10,2.3946153651197273,0
2577,732,2.3952189342507113,1.3391419089431465e-10,2.395218934116797,0
2070,662,2.395437685950021,1.6980062182397494e-09,2.395437684252015,0
1612,615,2.396855484845953,2.992084507875224e-08,2.396855454925108,0
4264,1409,2.3993962272901297,1.0247438592455157e-09,2.399396226265386,0
1698,623,2.402218812394354,2.469209138649643e-09,2.4022188099251447,0
4245,1409,2.404439080144235,1.0247438592455157e-09,2.404439079119491,0
395,180,2.4064691541853276,3.432265591086675e-07,2.4064688109587684,0
708,307,2.407827576916813,7.957901840838874e-07,2.407826781126629,0
4154,1407,2.408558149776868,4.675956535892726e-10,2.4085581493092723,0
1082,450,2.4130178732157486,1.1000272071248043e-10,2.413017873105746,0
3776,1365,2.420956749013039,2.8260988998366504e-10,2.420956748730429,0
3049,837,2.4219649387861946,1.2216367482088777e-10,2.421964938664031,0
1602,614,2.430248888285158,2.0613513115697298e-08,2.430248867671645,0
3820,1366,2.4351731857012004,1.0410854588917419e-10,2.4351731855970917,0
3698,1362,2.435433600069661,7.518417158060209e-08,2.435433524885489,0
9,21,2.4535513957946096,0.016894675754432,2.4366567200401774,0
192,83,2.4379690616609393,2.1171054515089675e-07,2.437968849950394,0
3425,1300,2.4400211069902364,3.984201594306456e-09,2.440021103006035,0
3338,1281,2.4434731452216085,1.1377048943494135e-09,2.4434731440839035,0
2974,826,2.4436167568253797,3.6166710499089417e-10,2.4436167564637126,0
1616,616,2.4463903626615453,2.5689328286537023e-08,2.446390336972217,0
1883,643,2.4488948453770534,2.602140538389667e-08,2.448894819355648,0
957,402,2.449937856309491,1.023535052039348e-06,2.4499368327744393,0
2585,733,2.4503140894936846,2.2735061324356993e-10,2.450314089266334,0
1377,567,2.4511805292910576,1.1872448504193018e-08,2.451180517418609,0
3160,1279,2.4551968112084572,8.520755739974929e-11,2.45519681112325,0
3084,839,2.458775022202212,6.503563225674959e-11,2.4587750221371762,0
2374,708,2.463248741815675,4.222731280528328e-09,2.4632487375929437,0
2189,677,2.465604331190144,5.848588228907684e-11,2.4656043311316584,0
2817,802,2.466359150433085,1.0018238906179179e-11,2.4663591504230666,0
788,336,2.468277239319881,0.0002485403664122306,2.4680286989534688,0
1498,599,2.469757510967447,1.3526852013119952e-07,2.469757375698927,0
1751,627,2.470831894773908,2.6976405892799263e-11,2.4708318947469317,0
2186,677,2.4722786449061926,5.848588228907684e-11,2.472278644847707,0
4153,1407,2.473120896315772,4.675956535892726e-10,2.4731208958481763,0
460,209,2.4736833280388923,7.766176144502525e-05,2.4736056662774475,0
3950,1386,2.4744178802262864,9.74271111339152e-10,2.474417879252015,0
1037,435,2.4768005324254516,3.333107045665703e-07,2.4768001991147472,0
2071,662,2.4774924505036475,1.6980062182397494e-09,2.4774924488056413,0
789,336,2.477889214220276,0.0002485403664122306,2.477640673853864,0
318,147,2.480593454486523,4.2471184080047133e-07,2.480593029774682,0
955,401,2.4815745267473397,6.456142617135442e-06,2.4815680706047227,0
128,66,2.48164351931869,2.3827472832437783e-10,2.481643519080415,0
2111,666,2.483575165206288,1.8954850926295748e-09,2.4835751633108027,0
2887,812,2.4857411674923706,2.196377088734881e-10,2.485741167272733,0
2638,739,2.487034977846567,3.4619541740494636e-10,2.4870349775003713,0
4327,1431,2.487575709014887,7.794221677039385e-11,2.487575708936945,0
1326,558,2.488616576722372,1.5673328588026435e-06,2.4886150093895134,0
367,164,2.4894394210168547,8.752315184364571e-11,2.4894394209293313,0
1853,642,2.490344158620443,9.62682078653581e-09,2.490344148993622,0
3821,1366,2.4917542957175183,1.0410854588917419e-10,2.4917542956134096,0
3927,1386,2.492340124663997,9.74271111339152e-10,2.4923401236897256,0
1104,464,2.4977160860805587,4.983645602040123e-06,2.4977111024349568,0
548,248,2.49805689242633,8.40532017499782e-09,2.49805688402101,0
1072,446,2.5021811772978433,3.2197909643449053e-10,2.5021811769758644,0
3801,1365,2.504702185588739,2.8260988998366504e-10,2.504702185306129,0
984,414,2.50616779173951,2.51261188027871e-10,2.5061677914882488,0
2900,814,2.506447806618643,1.2253024814633707e-10,2.5064478064961127,0
1763,632,2.507687352492133,3.8160884584044533e-11,2.507687352453972,0
3652,1318,2.5082507921287136,2.9863632020639434e-10,2.5082507918300774,0
4064,1406,2.515008690365411,8.830684513257788e-11,2.5150086902771043,0
1506,599,2.5173196534418016,1.3526852013119952e-07,2.5173195181732817,0
840,354,2.519880781455794,8.382325920747824e-11,2.519880781371971,0
893,377,2.5219448955396437,2.267478534171456e-09,2.521944893272165,0
1702,624,2.5228062009877603,3.518767094558389e-09,2.5228061974689933,0
184,82,2.5247318971182495,5.424506708141761e-07,2.524731354667579,0
760,323,2.526408289241587,7.515048624450924e-11,2.5264082891664366,0
1348,561,2.5286124302261457,1.7776311414906318e-07,2.5286122524630317,0
1481,596,2.529473707522394,2.45141182097413e-07,2.529473462381212,0
3070,839,2.5304108249476105,6.503563225674959e-11,2.530410824882575,0
44,47,2.5309335339635908,1.6024558483280318e-06,2.5309319315077423,0
3896,1385,2.5312981606130998,7.542387001333966e-09,2.5312981530707126,0
2917,815,2.5368307361836346,3.905168125149946e-10,2.5368307357931177,0
2827,804,2.5370262900456986,2.8309554796245258e-11,2.537026290017389,0
3687,1361,2.541963670009614,6.61613744152264e-09,2.5419636633934766,0
95,58,2.54883150824885,3.1696013577500267e-09,2.5488315050792485,0
2271,700,2.5488789384790747,5.225745272174422e-10,2.5488789379565002,0
996,417,2.554154925188728,1.1406581468539382e-10,2.5541549250746622,0
716,309,2.559466594980408,5.2683278474985145e-08,2.5594665422971294,0
3722,1363,2.5614654668697967,4.709308265152779e-09,2.5614654621604886,0
1414,578,2.562904576036321,2.0865153070828484e-10,2.5629045758276696,0
4200,1408,2.563255645859215,1.122850883984341e-09,2.563255644736364,0
1430,581,2.565037017653311,8.83483760467819e-11,2.5650370175649626,0
2921,818,2.5688641474536795,4.979232333787809e-10,2.5688641469557565,0
1742,627,2.5718393302216858,2.6976405892799263e-11,2.5718393301947096,0
2953,823,2.5741981561162643,3.3127199411462266e-10,2.5741981557849924,0
3517,1302,2.5755113601319235,5.333872614836047e-10,2.5755113595985364,0
468,211,2.580598079804581,1.0655543602283487e-06,2.5805970142502206,0
4226,1408,2.5850799697791746,1.122850883984341e-09,2.585079968656324,0
2511,720,2.587698915187323,6.907846518953331e-10,2.587698914496538,0
2991,826,2.593810450038481,3.6166710499089417e-10,2.593810449676814,0
3126,1255,2.593823424371789,1.64121839563082e-11,2.5938234243553766,0
1153,478,2.597335509962332,3.092446591135483e-10,2.5973355096530875,0
1541,606,2.604224211730073,1.2473033928016382e-07,2.6042240869997335,0
3759,1365,2.613360289381983,2.8260988998366504e-10,2.613360289099373,0
838,354,2.614700298223373,8.382325920747824e-11,2.61470029813955,0
4019,1387,2.6176943395225325,5.439410491060315e-10,2.6176943389785916,0
958,402,2.6194520459589508,1.023535052039348e-06,2.619451022423899,0
1112,468,2.6250581717723667,5.863009290511675e-08,2.625058113142274,0
3163,1279,2.627602604618754,8.520755739974929e-11,2.6276026045335468,0
1164,481,2.6288877951728176,1.353504851493682e-10,2.628887795037467,0
3288,1281,2.632766057806218,1.1377048943494135e-09,2.632766056668513,0
3075,839,2.6330501494600367,6.503563225674959e-11,2.633050149395001,0
3822,1366,2.6463350280237004,1.0410854588917419e-10,2.6463350279195916,0
1683,621,2.647851066318591,8.672033760932985e-09,2.647851057646557,0
1783,634,2.649750503102089,2.130456983474741e-10,2.6497505028890433,0
3689,1361,2.6519024583237987,6.61613744152264e-09,2.6519024517076613,0
1149,477,2.6604130012085707,4.2164174579397073e-10,2.660413000786929,0
127,65,2.6670071733041145,2.5498656665974133e-10,2.667007173049128,0
3558,1302,2.6755539263908608,5.333872614836047e-10,2.6755539258574736,0
383,169,2.6775330710845284,2.5664373466222263e-11,2.677533071058864,0
4280,1410,2.6814946026109827,7.088677467113349e-11,2.681494602540096,0
1019,430,2.6906550094781405,0.008770735800660283,2.6818842736774804,0
2775,757,2.683425374046041,6.451827718278953e-11,2.683425373981523,0
2055,661,2.6868587866931515,1.6163376433931894e-09,2.6868587850768137,0
1446,590,2.687820087744368,6.26572979350517e-05,2.687757430446433,0
3352,1281,2.688791965375563,1.1377048943494135e-09,2.688791964237858,0
1538,606,2.693830247991441,1.2473033928016382e-07,2.6938301232611015,0
699,303,2.860049516340533,0.16455866924184295,2.6954908470986902,0
1065,443,2.6995939862786433,9.537188049510673e-10,2.6995939853249244,0
99,59,2.711447419906674,1.4396096016733841e-09,2.7114474184670643,0
650,283,2.720050811511712,9.983091429040257e-10,2.720050810513403,0
2335,705,2.7217839888567728,1.6014247228491802e-09,2.721783987255348,0
3379,1282,2.725997452943766,8.561153931544979e-10,2.725997452087651,0
3027,833,2.733707217261242,1.2804510724419306e-10,2.733707217133197,0
3237,1280,2.7443056333286004,5.205449882615446e-10,2.7443056328080555,0
2196,677,2.7445641868489177,5.848588228907684e-11,2.744564186790432,0
2307,703,2.753768497999506,1.5435187487069534e-09,2.7537684964559874,0
2400,710,2.7558264093046363,3.223439803281071e-09,2.7558264060811966,0
3102,840,2.758893543616265,6.758327492335178e-11,2.7588935435486817,0
3619,1317,2.7595446808547996,2.0018468968411415e-09,2.759544678852953,0
1595,614,2.7616925205927942,2.0613513115697298e-08,2.761692499979281,0
899,382,2.761951385703784,2.720840246870994e-10,2.7619513854316997,0
2846,808,2.763305457078729,2.4646642340886973e-11,2.7633054570540825,0
651,284,2.764190192647423,6.402857015412029e-10,2.7641901920071374,0
3521,1302,2.7667571111520335,5.333872614836047e-10,2.7667571106186464,0
484,216,2.7671261962027263,6.0970069763804545e-09,2.7671261901057194,0
3636,1318,2.768298681629103,2.9863632020639434e-10,2.768298681330467,0
4062,1406,2.772802971110234,8.830684513257788e-11,2.7728029710219273,0
1711,625,2.773104315025651,2.3503684780279434e-10,2.773104314790614,0
1007,421,2.786765150961075,5.3950522146853215e-11,2.7867651509071245,0
3302,1281,2.7870501596019346,1.1377048943494135e-09,2.7870501584642295,0
3812,1366,2.796533651935053,1.0410854588917419e-10,2.7965336518309445,0
1608,615,2.8019756125861752,2.992084507875224e-08,2.8019755826653303,0
181,80,2.8022474075227115,5.148179459448653e-06,2.802242259343252,0
1464,594,2.8042476483705663,1.6029048807575647e-06,2.8042460454656855,0
30,30,2.8108202257347825,4.675806688816709e-10,2.810820225267202,0
194,84,2.8123305817801727,9.326833001430541e-08,2.8123304885118428,0
49,49,2.817590552765651,1.555279327917655e-06,2.817588997486323,0
3674,1361,2.8222656875194345,6.61613744152264e-09,2.822265680903297,0
1388,571,2.8239555459472134,1.3140561704701453e-09,2.8239555446331575,0
2642,739,2.824586772837095,3.4619541740494636e-10,2.8245867724908993,0
3826,1366,2.826001941799111,1.0410854588917419e-10,2.826001941695002,0
2425,712,2.8296947422292953,3.5612777745807994e-09,2.8296947386680174,0
4157,1407,2.841071964559074,4.675956535892726e-10,2.841071964091478,0
2812,802,2.841959062344722,1.0018238906179179e-11,2.8419590623347037,0
2963,824,2.8442080211292264,3.534700453574905e-10,2.8442080207757563,0
3956,1386,2.8443046872486026,9.74271111339152e-10,2.8443046862743313,0
430,192,2.848471138982005,2.3635508985425284e-10,2.84847113874565,0
3510,1301,2.84954996537098,1.1461396581001713e-09,2.8495499642248405,0
1331,560,2.85270046078339,1.4436127349373994e-06,2.852699017170655,0
109,61,2.8531607937034127,9.929370651459462e-10,2.853160792710476,0
1314,549,2.854440620278742,7.213503710004898e-11,2.854440620206607,0
2615,736,2.855538330018702,3.0113893748326627e-10,2.8555383297175627,0
1064,443,2.8566541942978003,9.537188049510673e-10,2.8566541933440814,0
2786,760,2.856929101166727,4.045077962971127e-11,2.8569291011262763,0
1579,611,2.862736964525993,1.2028857766291837e-08,2.862736952497135,0
1261,528,2.8631776008498484,1.5779286631536317e-06,2.863176022921185,0
2583,733,2.8638927317575886,2.2735061324356993e-10,2.863892731530238,0
1732,626,2.869991954698517,2.982616498485207e-10,2.869991954400255,0
79,53,2.8720287755763594,3.5175583588861473e-08,2.8720287404007756,0
1397,572,2.8759497618686853,1.08481873349661e-09,2.8759497607838664,0
4080,1406,2.8797010367945557,8.830684513257788e-11,2.879701036706249,0
4250,1409,2.8828587971235025,1.0247438592455157e-09,2.8828587960987586,0
3360,1282,2.9043952370282584,8.561153931544979e-10,2.9043952361721432,0
2097,665,2.90525712350938,5.790722800655956e-09,2.905257117718657,0
472,213,2.9092092547466066,7.694274595710596e-08,2.9092091778038607,0
692,295,2.9093186981112247,4.1821125265714945e-11,2.9093186980694035,0
394,180,2.9097304065744187,3.432265591086675e-07,2.9097300633478596,0
2968,824,2.911735079135997,3.534700453574905e-10,2.911735078782527,0
1814,638,2.92132597848317,6.651364016926321e-09,2.921325971831806,0
4185,1408,2.9331354406426446,1.122850883984341e-09,2.933135439519794,0
2789,760,2.936812164139906,4.045077962971127e-11,2.936812164099455,0
1478,595,2.93855371932202,3.698788021021299e-06,2.9385500205339987,0
581,259,2.9404639841778217,9.608774085453643e-11,2.940463984081734,0
3080,839,2.945999534697307,6.503563225674959e-11,2.9459995346322714,0
505,224,2.9462082298252192,1.8756329971949449e-10,2.946208229637656,0
336,150,2.94989593504176,2.617311880312937e-08,2.9498959088686414,0
94,58,2.950551304179473,3.1696013577500267e-09,2.9505513010098716,0
2390,709,2.959394205623061,3.874445509064861e-09,2.9593942017486152,0
4239,1409,2.963477871942696,1.0247438592455157e-09,2.963477870917952,0
164,70,2.9690322289606983,8.471672456712205e-11,2.9690322288759816,0
2842,808,2.970929524507104,2.4646642340886973e-11,2.9709295244824574,0
1810,638,2.972339477699718,6.651364016926321e-09,2.972339471048354,0
4262,1409,2.9731951027343553,1.0247438592455157e-09,2.9731951017096114,0
967,407,2.9760463129326067,6.113628931226352e-09,2.976046306818978,0
712,308,2.981505743475881,1.7782339788567152e-07,2.9815055656524834,0
3915,1386,2.982067443201254,9.74271111339152e-10,2.982067442226983,0
136,67,2.9849838459996905,2.109969630208079e-10,2.9849838457886935,0
559,252,2.9891836082150873,8.292239375953449e-10,2.9891836073858635,0
992,416,3.0026618683358577,1.4504991777998957e-10,3.002661868190808,0
2990,826,3.006940311779199,3.6166710499089417e-10,3.006940311417532,0
542,247,3.013691059153193,1.8966101698182565e-08,3.0136910401870916,0
2971,825,3.0143843629333933,3.458088511706758e-10,3.0143843625875846,0
3294,1281,3.0168784883554696,1.1377048943494135e-09,3.0168784872177645,0
2860,809,3.0223927510061386,6.733614102810164e-11,3.022392750938802,0
3589,1316,3.0227495915097173,6.423673588589411e-09,3.0227495850860437,0
2614,736,3.026276734737561,3.0113893748326627e-10,3.026276734436422,0
1182,488,3.0305773268939316,2.518125662461478e-11,3.0305773268687504,0
392,179,3.048787211089565,1.3245541150962116e-06,3.0487858865354496,0
898,381,3.049473825442196,3.7810425101782173e-10,3.0494738250640916,0
3851,1383,3.0504465728919232,7.315236547407133e-10,3.0504465721603995,0
25,28,3.0509509556153103,1.1614800262718819e-06,3.050949794135284,0
499,223,3.0585563398988507,2.497056432441965e-10,3.058556339649145,0
629,277,3.0610732177683326,9.2588986859693e-08,3.061073125179346,0
2898,814,3.061158867009538,1.2253024814633707e-10,3.061158866887008,0
956,402,3.0673678049299733,1.023535052039348e-06,3.0673667813949215,0
189,83,3.070016266825545,2.1171054515089675e-07,3.070016055115,0
3213,1280,3.071185995792624,5.205449882615446e-10,3.0711859952720792,0
2315,703,3.072535989935034,1.5435187487069534e-09,3.0725359883915155,0
3754,1364,3.085167337302114,2.6746182454218203e-09,3.0851673346274957,0
144,68,3.0860903112247997,1.4262884945127446e-10,3.0860903110821707,0
539,245,3.0896732361809915,1.5993517663322967e-07,3.089673076245815,0
3211,1279,3.0929222776448397,8.520755739974929e-11,3.0929222775596323,0
2325,704,3.0936779048194922,1.1307670022971909e-09,3.093677903688725,0
2732,753,3.1070618006700026,1.9053720088718898e-10,3.1070618004794652,0
3940,1386,3.115540464269296,9.74271111339152e-10,3.1155404632950248,0
1575,611,3.117567781808635,1.2028857766291837e-08,3.117567769779777,0
2424,711,3.1242566174612176,4.409009531455266e-09,3.124256613052208,0
3600,1316,3.1343047492222267,6.423673588589411e-09,3.134304742798553,0
1947,649,3.140494871318719,5.981580054479605e-09,3.1404948653371387,0
2918,815,3.1417461038305454,3.905168125149946e-10,3.1417461034400285,0
2408,710,3.146072194693463,3.223439803281071e-09,3.146072191470023,0
1725,625,3.1524008392868432,2.3503684780279434e-10,3.1524008390518063,0
3023,832,3.155002380078055,2.1513415041235674e-10,3.1550023798629208,0
826,348,3.155397102957647,4.32313450471515e-10,3.155397102525334,0
2448,714,3.16661878474437,2.7304141795406657e-09,3.166618782013956,0
961,404,3.17018824264715,7.744827381947006e-08,3.170188165198876,0
2609,736,3.173109158981728,3.0113893748326627e-10,3.173109158680589,0
145,68,3.187289044709053,1.4262884945127446e-10,3.187289044566424,0
3788,1365,3.1923229470874968,2.8260988998366504e-10,3.192322946804887,0
3662,1318,3.1998581276425884,2.9863632020639434e-10,3.199858127343952,0
1667,621,3.2037723468807533,8.672033760932985e-09,3.2037723382087195,0
4049,1406,3.206791078966598,8.830684513257788e-11,3.2067910788782914,0
1128,472,3.207271001697392,3.767342976371676e-09,3.207270997930049,0
655,285,3.2156243738574988,4.3220629480234533e-10,3.2156243734252925,0
219,96,3.2208932597796354,2.855237007766895e-10,3.2208932594941118,0
3391,1283,3.225027892282279,8.458385418586863e-11,3.225027892197695,0
2665,744,3.2321518938407405,3.58153693287914e-10,3.232151893482587,0
2669,745,3.2338751567721498,3.5264957946600255e-10,3.2338751564195003,0
3376,1282,3.2429782328818066,8.561153931544979e-10,3.2429782320256915,0
3682,1361,3.2470664102996865,6.61613744152264e-09,3.247066403683549,0
2188,677,3.2507064259265506,5.848588228907684e-11,3.250706425868065,0
3741,1364,3.2606225002557463,2.6746182454218203e-09,3.260622497581128,0
3844,1383,3.2636712518687436,7.315236547407133e-10,3.26367125113722,0
393,180,3.273607149374013,3.432265591086675e-07,3.2736068061474537,0
1325,558,3.2743823399128513,1.5673328588026435e-06,3.2743807725799927,0
701,304,3.2765710574103424,0.0015045647779746859,3.2750664926323676,0
3386,1283,3.279653963123469,8.458385418586863e-11,3.2796539630388852,0
963,404,3.2869129372035,7.744827381947006e-08,3.286912859755226,0
2314,703,3.2887615503830245,1.5435187487069534e-09,3.288761548839506,0
2513,721,3.2931173821606494,3.6043941382888956e-10,3.29311738180021,0
1078,449,3.303752254262161,1.3917011070997824e-10,3.303752254122991,0
3358,1282,3.352597362013027,8.561153931544979e-10,3.3525973611569118,0
2961,824,3.359868051465491,3.534700453574905e-10,3.359868051112021,0
4219,1408,3.3614675376188856,1.122850883984341e-09,3.361467536496035,0
2613,736,3.370361543524758,3.0113893748326627e-10,3.370361543223619,0
2409,710,3.3809574474530595,3.223439803281071e-09,3.3809574442296197,0
2385,708,3.3841117469612323,4.222731280528328e-09,3.384111742738501,0
1328,558,3.3896511818183095,1.5673328588026435e-06,3.389649614485451,0
1327,558,3.3935406297177653,1.5673328588026435e-06,3.3935390623849067,0
1761,632,3.437465514540309,3.8160884584044533e-11,3.437465514502148,0
1939,648,3.4382932260088888,4.650962370427563e-09,3.4382932213579265,0
2187,677,3.439970631107564,5.848588228907684e-11,3.4399706310490785,0
1741,627,3.446122977689798,2.6976405892799263e-11,3.4461229776628217,0
2287,700,3.447852510488067,5.225745272174422e-10,3.4478525099654926,0
3798,1365,3.453788963129486,2.8260988998366504e-10,3.453788962846876,0
888,375,3.4591407324434833,8.427996908013003e-09,3.4591407240154863,0
2580,732,3.4721256044855386,1.3391419089431465e-10,3.4721256043516244,0
3429,1300,3.4801763286846104,3.984201594306456e-09,3.480176324700409,0
2316,704,3.495162616451248,1.1307670022971909e-09,3.495162615320481,0
3797,1365,3.49619109771648,2.8260988998366504e-10,3.49619109743387,0
4340,1432,3.501149474543629,1.1177592940415557e-10,3.501149474431853,0
822,348,3.5012384486210975,4.32313450471515e-10,3.501238448188784,0
12,22,3.5259976111849634,0.01797634859785106,3.5080212625871123,0
3780,1365,3.5190425718815543,2.8260988998366504e-10,3.5190425715989444,0
4160,1407,3.529568228888699,4.675956535892726e-10,3.529568228421103,0
1954,651,3.540002065072036,6.746574615024135e-10,3.5400020643973784,0
3783,1365,3.55712892008785,2.8260988998366504e-10,3.55712891980524,0
1022,430,3.5678068665290628,0.008770735800660283,3.5590361307284026,0
784,335,3.5704642179907244,0.010194587734320987,3.5602696302564034,0
3828,1366,3.5667078482430123,1.0410854588917419e-10,3.5667078481389036,0
2303,702,3.5674697386644025,2.339920009874165e-09,3.5674697363244827,0
4146,1407,3.56761452912855,4.675956535892726e-10,3.5676145286609544,0
4218,1408,3.568428749460234,1.122850883984341e-09,3.568428748337383,0
2539,726,3.570023953047704,5.5712140994493215e-11,3.5700239529919915,0
2741,755,3.5742642488093925,1.598242373835096e-10,3.5742642486495684,0
3670,1318,3.5817062038351817,2.9863632020639434e-10,3.5817062035365455,0
2843,808,3.5853396465701164,2.4646642340886973e-11,3.58533964654547,0
489,219,3.5858272211539455,1.1126813560941478e-09,3.585827220041264,0
1499,599,3.5940488470697947,1.3526852013119952e-07,3.5940487118012747,0
4317,1431,3.5982428413985352,7.794221677039385e-11,3.598242841320593,0
1026,431,3.600811460498904,0.0002822258113286832,3.6005292346875755,0
2592,734,3.6010871519505,2.5627514914370777e-10,3.601087151694225,0
3147,1258,3.6061842319612496,2.8242672166777692e-11,3.606184231933007,0
3313,1281,3.6450961196091676,1.1377048943494135e-09,3.6450961184714625,0
3035,835,3.648290899701574,2.278985320142298e-10,3.6482908994736754,0
1661,619,3.6509550584014097,2.0351513757280737e-08,3.650955038049896,0
152,68,3.662484538878716,1.4262884945127446e-10,3.662484538736087,0
4142,1407,3.6690139981189325,4.675956535892726e-10,3.6690139976513367,0
2113,666,3.682473065337786,1.8954850926295748e-09,3.682473063442301,0
993,416,3.687146359874788,1.4504991777998957e-10,3.6871463597297383,0
1999,657,3.7255250491149994,1.977736361384658e-09,3.725525047137263,0
3723,1363,3.731217390034189,4.709308265152779e-09,3.731217385324881,0
2006,657,3.7350308357704147,1.977736361384658e-09,3.7350308337926785,0
1467,594,3.7426138366159227,1.6029048807575647e-06,3.742612233711042,0
2537,726,3.753906523061591,5.5712140994493215e-11,3.753906523005879,0
598,264,3.7687614412229666,3.8304969952213614e-11,3.7687614411846617,0
752,319,3.7697755068464813,1.90087946661108e-10,3.7697755066563934,0
253,115,3.7741281051276765,5.061922628919053e-07,3.7741275989354137,0
2478,716,3.78909973408728,1.2699488463989707e-09,3.789099732817331,0
2384,708,3.8022260354086472,4.222731280528328e-09,3.8022260311859157,0
3461,1301,3.8075020217984403,1.1461396581001713e-09,3.8075020206523007,0
86,57,3.8310355690742637,8.441297285597862e-09,3.8310355606329662,0
3387,1283,3.8475285987979695,8.458385418586863e-11,3.8475285987133856,0
1828,639,3.852709839656143,2.5861657928247614e-08,3.852709813794485,0
4284,1410,3.872951532228633,7.088677467113349e-11,3.8729515321577463,0
1673,621,3.8998204511284738,8.672033760932985e-09,3.89982044245644,0
2856,809,3.9227970166821433,6.733614102810164e-11,3.922797016614807,0
2017,658,3.9594482436694256,2.2683496792163445e-09,3.959448241401076,0
1334,560,3.964743079476841,1.4436127349373994e-06,3.964741635864106,0
1973,654,3.9700619249923847,5.590128721588068e-10,3.970061924433372,0
2269,699,3.976541286305358,1.5945316096667864e-10,3.976541286145905,0
2712,751,3.9795621785947017,2.419407898820188e-10,3.979562178352761,0
1626,616,4.006275627982354,2.5689328286537023e-08,4.006275602293026,0
3846,1383,4.01465229518776,7.315236547407133e-10,4.014652294456237,0
1057,441,4.022705263620498,2.5965060687920858e-09,4.022705261023992,0
1184,489,4.03731789753445,1.5311488987510122e-11,4.037317897519139,0
2565,730,4.0488703457043425,2.1819552980184557e-10,4.048870345486147,0
3874,1384,4.052338732694319,3.9249539443472e-09,4.0523387287693655,0
2219,693,4.097781212486287,5.958793058060246e-11,4.097781212426699,0
1622,616,4.121247168561262,2.5689328286537023e-08,4.121247142871934,0
4163,1407,4.124897457897861,4.675956535892726e-10,4.124897457430265,0
1581,612,4.1295829874493455,1.568211922580834e-08,4.129582971767226,0
1190,495,4.131209268164633,4.3317535103217553e-05,4.13116595062953,0
1270,531,4.141074275389276,9.118425088365951e-08,4.141074184205025,0
2143,671,4.15547078065644,6.391120472396554e-10,4.155470780017328,0
3524,1302,4.295978442978999,5.333872614836047e-10,4.295978442445612,0
2625,737,4.300078344245552,3.615562874361185e-10,4.300078343883996,0
4178,1407,4.303660844508971,4.675956535892726e-10,4.303660844041375,0
1709,625,4.316085292110548,2.3503684780279434e-10,4.3160852918755115,0
4150,1407,4.320491814464718,4.675956535892726e-10,4.320491813997123,0
2737,754,4.361521601136529,2.3491543358942615e-10,4.361521600901614,0
3529,1302,4.363895397630062,5.333872614836047e-10,4.363895397096674,0
3811,1366,4.36521663783008,1.0410854588917419e-10,4.365216637725971,0
3680,1361,4.367925681728592,6.61613744152264e-09,4.367925675112454,0
2459,714,4.378705486608168,2.7304141795406657e-09,4.378705483877754,0
3065,839,4.399155588048952,6.503563225674959e-11,4.399155587983916,0
3679,1361,4.406690517273977,6.61613744152264e-09,4.406690510657839,0
150,68,4.407521843164372,1.4262884945127446e-10,4.407521843021743,0
1975,654,4.415858739575525,5.590128721588068e-10,4.415858739016512,0
1620,616,4.416103440337826,2.5689328286537023e-08,4.416103414648498,0
741,316,4.42906148724346,5.150258247712018e-10,4.4290614867284335,0
3671,1318,4.470957802035152,2.9863632020639434e-10,4.470957801736516,0
166,71,4.487728759765125,6.627918964854086e-11,4.487728759698846,0
1629,616,4.552567087094306,2.5689328286537023e-08,4.552567061404978,0
1654,618,4.563655040037139,1.1728157099613225e-08,4.563655028308982,0
471,212,4.5649980983721274,2.518701740070418e-07,4.564997846501954,0
3355,1281,4.590282174498534,1.1377048943494135e-09,4.590282173360829,0
577,257,4.613443936425967,1.5354191880364565e-10,4.613443936272425,0
1540,606,4.664456570366149,1.2473033928016382e-07,4.66445644563581,0
3830,1366,4.6822087444919385,1.0410854588917419e-10,4.68220874438783,0
1990,655,4.699250546815692,1.4476314587207552e-09,4.699250545368061,0
495,221,4.726528226267581,4.836157132680604e-10,4.726528225783965,0
3488,1301,4.7437068957047055,1.1461396581001713e-09,4.743706894558565,0
3946,1386,4.748558777741858,9.74271111339152e-10,4.748558776767586,0
3656,1318,4.759328956541889,2.9863632020639434e-10,4.759328956243253,0
536,244,4.775627688121769,6.659730450204509e-07,4.775627022148725,0
4318,1431,4.789407187980851,7.794221677039385e-11,4.789407187902909,0
3748,1364,4.817485547175066,2.6746182454218203e-09,4.817485544500448,0
3022,832,4.821346986151716,2.1513415041235674e-10,4.821346985936581,0
2972,826,4.830683400979855,3.6166710499089417e-10,4.830683400618188,0
3150,1279,4.889934000301383,8.520755739974929e-11,4.889934000216176,0
1599,614,4.897329131416895,2.0613513115697298e-08,4.8973291108033825,0
676,291,4.899155211063099,8.375973425790744e-11,4.899155210979339,0
458,205,4.906134995417797,1.793217591271468e-12,4.906134995416004,0
3609,1317,4.916763492269126,2.0018468968411415e-09,4.91676349026728,0
3465,1301,4.936648095066292,1.1461396581001713e-09,4.936648093920152,0
1970,654,4.997488361431735,5.590128721588068e-10,4.997488360872722,0
2118,666,5.015486139535279,1.8954850926295748e-09,5.015486137639795,0
3073,839,5.143470653988453,6.503563225674959e-11,5.143470653923417,0
3486,1301,5.15751898583114,1.1461396581001713e-09,5.157518984685,0
1887,644,5.172600842037141,1.7761539758919414e-08,5.172600824275602,0
721,310,5.203451826868246,1.9148569925459307e-08,5.203451807719676,0
507,225,5.2177281253155385,1.442245081639514e-10,5.217728125171314,0
926,389,5.285273136385061,5.546806551035235e-11,5.285273136329593,0
333,150,5.306446901317481,2.617311880312937e-08,5.3064468751443625,0
2149,671,5.319200217246891,6.391120472396554e-10,5.319200216607779,0
1705,624,5.323507840072293,3.518767094558389e-09,5.323507836553525,0
4058,1406,5.34451672968508,8.830684513257788e-11,5.344516729596773,0
2228,693,5.613108107646064,5.958793058060246e-11,5.613108107586476,0
2541,726,5.9451180638856425,5.5712140994493215e-11,5.945118063829931,0
1130,472,6.035530594216841,3.767342976371676e-09,6.035530590449498,0
2581,733,6.181760921507779,2.2735061324356993e-10,6.1817609212804285,0
285,130,6.35021283253455,1.7166740967847844e-10,6.350212832362883,0
2549,726,6.605256127865113,5.5712140994493215e-11,6.605256127809401,0
1347,561,6.692257407282648,1.7776311414906318e-07,6.692257229519534,0
2706,751,6.71902068478313,2.419407898820188e-10,6.7190206845411895,0
783,335,6.974788777371843,0.010194587734320987,6.964594189637522,0
2401,710,6.972074594740921,3.223439803281071e-09,6.97207459151748,0
622,276,8.317602629373111,3.4659984897635473e-07,8.317602282773262,0
