Dloc_max,F0_residual_N_per_m,P_max,Umax_m,Umin_m,ale_accept_scale,ale_geometry_active,block,block_limited_by_birth_clock,case,cycles_connected,cycles_diffuse_abort,cycles_first_embryo,cycles_first_expected_embryo,cycles_first_expected_stable,cycles_first_softening,cycles_first_stable,cycles_front_capture,cycles_front_stalled,cycles_root_connected,cycles_target,cycles_total,cycles_two_horizon_crack,dN,delivery_hit_count,delivery_memory_s,delivery_scale,delivery_source,dep_eq_block_max,dep_eq_cycle_max,effective_scratch_Kt_max,epsp_acc_max,fatigue_model,fatigue_model_preset_applied,fem_scratch_Kt_max,geometry_invalid_reason,geometry_limit_mode,geometry_saturated,geometry_saturation_cycles,geometry_taper_factor,max_blocks_requested,minimum_element_area_over_initial,next_birth_wait_cycles_pre,pd_active_front,pd_active_front_bonds,pd_active_front_length_m,pd_amplification_max,pd_birth_rate_max_per_cycle,pd_bond_damage_max,pd_broken_bonds,pd_completion_max,pd_connected_bonds,pd_connected_extent_m,pd_crack_axial_coverage,pd_crack_boundary_clearance_m,pd_crack_centerline_length_m,pd_crack_local_upper_K_MPam05,pd_crack_max_axial_gap_m,pd_crack_orientation_coherence,pd_crack_orientation_deg,pd_crack_remote_KII_MPam05,pd_crack_remote_KI_MPam05,pd_crack_remote_K_MPam05,pd_crack_slenderness,pd_crack_surface_gap_m,pd_crack_tip_radius_eff_m,pd_crack_tip_width_m,pd_crack_width_m,pd_crack_width_ratio,pd_delivery_events_cycle_max,pd_delivery_memory_max,pd_delivery_rate_max_s,pd_diffuse_abort,pd_effective_stress_max_Pa,pd_embryo_max,pd_expected_births_cumulative,pd_expected_candidate_sites,pd_expected_embryos,pd_expected_stable,pd_front_backbone_bonds,pd_front_candidate_mode,pd_front_eligible_fallback,pd_front_eligible_preferred,pd_front_max_link_rate_per_cycle,pd_front_process_bonds,pd_front_stall_updates,pd_front_stalled,pd_front_wake_bonds,pd_growth_max,pd_handoff_K_pass,pd_handoff_boundary_pass,pd_handoff_competition_pass,pd_handoff_coverage_pass,pd_handoff_front_pass,pd_handoff_length_pass,pd_handoff_orientation_pass,pd_handoff_pass,pd_handoff_slenderness_pass,pd_handoff_surface_pass,pd_handoff_tip_pass,pd_max_rate_per_cycle,pd_nucleation_hazard_cycle_max,pd_nucleation_rate_max_s,pd_off_front_broken_bonds,pd_off_front_broken_fraction,pd_precapture_stalled,pd_primary_seed_node,pd_primary_seed_reselections,pd_primary_seed_stall_updates,pd_realized_births_cumulative,pd_realized_candidate_sites,pd_realized_embryos,pd_realized_stable,pd_stable_max,pd_temporal_transient_cycles,plastic_work_J_per_m,remote_sigma_max_Pa,residual_sigma1_max_Pa,rho_max_m2,rho_mean_m2,root_radius_m,root_radius_over_initial,root_radius_over_spacing,root_x_m,root_y_m,sigma1_cycle_max_Pa,sigma_a_MPa,surface_move_max_m,surface_shear_gamma_nt_max,v9_fem_embedded_error,v9_fem_error_ep_gp,v9_fem_error_epsp_acc_gp,v9_fem_error_rho_gp,v9_fem_rejections
5.407090212006249e-05,-1.3890761592194525,0.00021626606713798235,8.99581434636314e-06,8.995844454441638e-07,0.0,False,0,False,shielded,nan,nan,nan,nan,nan,nan,nan,nan,nan,nan,2400000.0,930.8141406656264,nan,930.8141406656264,2.0,0.001,1.0,completed_flow,4.842923266164747e-06,5.204687867049139e-09,5.565383020358843,4.842923266164747e-06,plastic_shielded_case64_M1,True,5.570213816732766,,terminate,False,nan,1.0,20000,1.0,33792.59201473952,False,0,0.0,1.0,9.147861667309811e-06,0.0,0,1.0384780120324027e-08,0,0.0,0.0,0.0,0.0,0.0,inf,0.0,0.0,0.0,0.0,0.0,0.0,inf,inf,0.0,0.0,inf,0.00010879181489735537,0.00014412340514653824,0.5091001231015995,False,10394196261.345692,1.0842021724855044e-19,0.020834929315758165,4422.9472349258485,4.529158550062119e-19,0.020834929313465672,0,0,0,0,0.0,0,0,False,0,0.0,False,False,False,False,False,False,False,False,False,False,False,9.164338773882208e-06,1377.5262023711437,6703723.410169873,0,0.0,False,-1,0,0,0,4349,0,0,0.008478809410273236,987,1.914028564588204e-05,1867651556.6534173,172745.25528470057,1025146509483.4788,1000018055859.7916,4.553794235144863e-05,1.0,6.071725646859802,0.00036,0.0,10403218505.713324,840.4432004940379,0.0,0.0,0.7145782647106728,0.11623690461694032,0.15259463329115094,0.7145782647106728,1
0.00011159930932946871,-2.8678387031132977,0.00044632251644238785,8.995817907698837e-06,8.995880067798712e-07,0.0,False,1,False,shielded,nan,nan,nan,nan,nan,nan,nan,nan,nan,nan,2400000.0,1921.8299454698385,nan,991.0158048042122,2.0,0.001,1.0,completed_flow,5.152470370730029e-06,5.201092678809599e-09,5.565175732012861,9.995393636894776e-06,plastic_shielded_case64_M1,True,5.570000330680238,,terminate,False,nan,1.0,20000,1.0,32973.74890339843,False,0,0.0,1.0,9.132643676316263e-06,0.0,0,1.0380842673928298e-08,0,0.0,0.0,0.0,0.0,0.0,inf,0.0,0.0,0.0,0.0,0.0,0.0,inf,inf,0.0,0.0,inf,0.00010875782425162753,0.00014409607865348452,0.5089443307176129,False,10393809118.943642,1.0842021724855044e-19,0.04289093583022308,4422.9472349258485,5.213645862676012e-19,0.04289093582548525,0,0,0,0,0.0,0,0,False,0,0.0,False,False,False,False,False,False,False,False,False,False,False,9.132643676316263e-06,1373.6372301384458,6685012.365779513,0,0.0,False,-1,0,0,0,4349,0,0,0.017412178241487823,727,3.9515344818720456e-05,1867651556.6534173,356512.99141934986,1052242977665.882,1000037347861.9316,4.553794235144863e-05,1.0,6.071725646859802,0.00036,0.0,10402819788.154997,840.4432004940379,0.0,0.0,0.7871685732847008,0.12300596984247052,0.15789682125910018,0.7871685732847008,0
0.00017196024187360326,-4.420368656115806,0.0006876635658844554,8.99582164669019e-06,8.995917457712218e-07,0.0,False,2,False,shielded,nan,nan,nan,nan,nan,nan,nan,nan,nan,nan,2400000.0,2962.3965405142617,nan,1040.566595044423,2.0,0.001,1.0,completed_flow,5.406020119661205e-06,5.197270363875964e-09,5.564956699568512,1.540141375655598e-05,plastic_shielded_case64_M1,True,5.569776269227626,,terminate,False,nan,1.0,20000,1.0,32097.244371703382,False,0,0.0,1.0,9.103432074494819e-06,0.0,0,1.0374179908707003e-08,0,0.0,0.0,0.0,0.0,0.0,inf,0.0,0.0,0.0,0.0,0.0,0.0,inf,inf,0.0,0.0,inf,0.00010872191890447925,0.0001440498262160762,0.5087797613767391,False,10393400042.657995,2.168404344971009e-19,0.06587764474172875,4422.9472349258485,1.1151811808748927e-18,0.06587764473442236,0,0,0,0,0.0,0,0,False,0,0.0,False,False,False,False,False,False,False,False,False,False,False,9.103432074494819e-06,1369.5647510977108,6665418.763381866,0,0.0,False,-1,0,0,0,4349,0,0,0.026676018553155934,745,6.0905664829128694e-05,1867651556.6534173,549302.8124664096,1081052645742.7269,1000057680185.5939,4.553794235144863e-05,1.0,6.071725646859802,0.00036,0.0,10402401319.434238,840.4432004940379,0.0,0.0,0.8425782181791956,0.12675256712161198,0.15945678873703792,0.8425782181791956,0
0.00023529090050866674,-6.050337135202673,0.0009408314832887177,8.995825572178418e-06,8.99595671259444e-07,0.0,False,3,False,shielded,nan,nan,nan,nan,nan,nan,nan,nan,nan,nan,2400000.0,4054.991465310906,nan,1092.5949247966441,2.0,0.001,1.0,completed_flow,5.671836648879609e-06,5.19326291144459e-09,5.564726819525919,2.107325040543559e-05,plastic_shielded_case64_M1,True,5.569541113628516,,terminate,False,nan,1.0,20000,1.0,27594.14314500034,False,0,0.0,1.0,9.062120579162766e-06,0.0,0,1.0367065075842495e-08,0,0.0,0.0,0.0,0.0,0.0,inf,0.0,0.0,0.0,0.0,0.0,0.0,inf,inf,0.0,0.0,inf,0.00010868424760977355,0.00014400041915763935,0.508607096699512,False,10392970706.838604,1.0842021724855044e-19,0.08979825865849571,4422.9472349258485,3.856729306112268e-19,0.08979825864849414,0,0,0,0,0.0,0,0,False,0,0.0,False,False,False,False,False,False,False,False,False,False,False,9.970180434077372e-06,1365.3041354388845,6644919.313572714,0,0.0,False,-1,0,0,0,4349,0,0,0.03626556769879337,746,8.336165616779755e-05,1867651556.6534173,751549.0672753892,1111696966647.7498,1000079112426.9863,4.553794235144863e-05,1.0,6.071725646859802,0.00036,0.0,10401962130.713505,840.4432004940379,0.0,0.0,0.900932269016818,0.13075380170327627,0.1615218885999038,0.900932269016818,0
0.00030173490383322843,-7.761597082725062,0.0012063934614960914,8.99582969344264e-06,8.995997925236617e-07,0.0,False,4,False,shielded,nan,nan,nan,nan,nan,nan,nan,nan,nan,nan,2400000.0,5202.216136347382,nan,1147.2246710364764,2.0,0.001,1.0,completed_flow,5.9504922616270354e-06,5.189061661517433e-09,5.564485559991367,2.7023742667062625e-05,plastic_shielded_case64_M1,True,5.5692943202089,,terminate,False,nan,1.0,20000,1.0,30200.095941899508,False,0,0.0,1.0,9.03312596789469e-06,0.0,0,1.0361460977761781e-08,0,0.0,0.0,0.0,0.0,0.0,inf,0.0,0.0,0.0,0.0,0.0,0.0,inf,inf,0.0,0.0,inf,0.00010864472502412434,0.0001439614910576138,0.5084259453301524,False,10392520118.09334,2.117582368135751e-22,0.11471974699383972,4422.9472349258485,7.078612286520283e-22,0.11471974698100633,0,0,0,0,0.0,0,0,False,0,0.0,False,False,False,False,False,False,False,False,False,False,False,9.03312596789469e-06,1360.8474905562102,6623475.945436657,0,0.0,False,-1,0,0,0,4349,0,0,0.046201201156075344,734,0.00010693621454879222,1867651556.6534173,963706.1496991013,1144306989797.4353,1000101707911.1315,4.553794235144863e-05,1.0,6.071725646859802,0.00036,0.0,10401501206.599188,840.4432004940379,0.0,0.0,0.9622841761595032,0.13501406830432292,0.16405415947737384,0.9622841761595032,0
0.0003365962260069022,-8.659923793774455,0.00134570527443989,8.995831856902214e-06,8.996019559832422e-07,0.0,False,5,False,shielded,nan,nan,nan,nan,nan,nan,nan,nan,nan,nan,2400000.0,5804.509088641533,nan,602.2929522941502,2.0,0.001,1.0,completed_flow,3.1219871657443233e-06,5.184657581214399e-09,5.564297181995917,3.014572983280695e-05,plastic_shielded_case64_M1,True,5.569164802806391,,terminate,False,nan,1.0,20000,1.0,20166.623642878272,False,0,0.0,1.0,9.003223689954053e-06,0.0,0,1.0353159939097687e-08,0,0.0,0.0,0.0,0.0,0.0,inf,0.0,0.0,0.0,0.0,0.0,0.0,inf,inf,0.0,0.0,inf,0.00010861387353827925,0.00014390380968011296,0.5082845370222853,False,10392168293.636898,5.421010862427522e-20,0.1277118297316029,4422.9472349258485,2.1749230239439997e-19,0.1277118297172841,0,0,0,0,0.0,0,0,False,0,0.0,False,False,False,False,False,False,False,False,False,False,False,1.2430190053641937e-05,1358.3839593465216,6611662.370916028,0,0.0,False,-1,0,0,0,4349,0,0,0.051359252101017036,704,0.00011931112435480352,1867651556.6534173,1075006.1186183302,1161605327864.8777,1000113608172.172,4.553794235144863e-05,1.0,6.071725646859802,0.00036,0.0,10401259313.220778,840.4432004940379,0.0,0.0,0.26166675341259543,0.03598998343931792,0.04339279488611986,0.26166675341259543,1
0.00039789539533052753,-10.240311569488702,0.001590631908803819,8.995835662984182e-06,8.996057620651896e-07,0.0,False,6,False,shielded,nan,nan,nan,nan,nan,nan,nan,nan,nan,nan,2400000.0,6864.192211992282,nan,1059.6831233507496,2.0,0.001,1.0,completed_flow,5.489496274231438e-06,5.182348398772196e-09,5.5641183155531495,3.5635226107038386e-05,plastic_shielded_case64_M1,True,5.568937010041574,,terminate,False,nan,1.0,20000,1.0,28632.894306461778,False,0,0.0,1.0,8.97864191048452e-06,0.0,0,1.0347505697596366e-08,0,0.0,0.0,0.0,0.0,0.0,inf,0.0,0.0,0.0,0.0,0.0,0.0,inf,inf,0.0,0.0,inf,0.00010858458988917874,0.00014386450684661216,0.508150313889099,False,10391834233.44663,1.0842021724855044e-19,0.1504345284134524,4422.9472349258485,4.352323053377758e-19,0.15043452839651833,0,0,0,0,0.0,0,0,False,0,0.0,False,False,False,False,False,False,False,False,False,False,False,8.97864191048452e-06,1354.384048838933,6592387.043492242,0,0.0,False,-1,0,0,0,4349,0,0,0.06034230654305052,716,0.00014108082986532273,1867651556.6534173,1270691.2211108657,1192335342218.1152,1000134608080.513,4.553794235144863e-05,1.0,6.071725646859802,0.00036,0.0,10400833875.708973,840.4432004940379,0.0,0.0,0.7854525072357125,0.10545799605220081,0.12557970288993853,0.7854525072357125,0
0.00046220969585886174,-11.899524740383193,0.0018475573515540633,8.995839658903018e-06,8.996097579840321e-07,0.0,False,7,False,shielded,nan,nan,nan,nan,nan,nan,nan,nan,nan,nan,2400000.0,7976.85949151057,nan,1112.6672795182872,2.0,0.001,1.0,completed_flow,5.759346822864241e-06,5.178290525667873e-09,5.563884608036449,4.139457292990263e-05,plastic_shielded_case64_M1,True,5.568697940162782,,terminate,False,nan,1.0,20000,1.0,18688.37718030858,False,0,0.0,1.0,8.93634718854911e-06,0.0,0,1.034083648488479e-08,0,0.0,0.0,0.0,0.0,0.0,inf,0.0,0.0,0.0,0.0,0.0,0.0,inf,inf,0.0,0.0,inf,0.00010854633800562022,0.00014381813510834098,0.507974983338052,False,10391397749.239262,5.421010862427522e-20,0.17407845105301567,4422.9472349258485,1.5311436122904376e-19,0.17407845103333777,0,0,0,0,0.0,0,0,False,0,0.0,False,False,False,False,False,False,False,False,False,False,False,1.2447200113373266e-05,1350.1025792127225,6571784.70456842,0,0.0,False,-1,0,0,0,4349,0,0,0.06963919625016286,748,0.00016393505426220915,1867651556.6534173,1475971.8566873355,1225007032982.8208,1000156743678.6147,4.553794235144863e-05,1.0,6.071725646859802,0.00036,0.0,10400387376.477697,840.4432004940379,0.0,0.0,0.8405929968730317,0.11003481528273952,0.12952342124322197,0.8405929968730317,0
0.000529684866019231,-13.641484988571813,0.0021170566621009357,8.995843854103421e-06,8.996139531844443e-07,0.0,False,8,False,shielded,nan,nan,nan,nan,nan,nan,nan,nan,nan,nan,2400000.0,9145.160135004771,nan,1168.3006434942015,2.0,0.001,1.0,completed_flow,6.04222420116012e-06,5.174036520155942e-09,5.5636393334498715,4.743679713106275e-05,plastic_shielded_case64_M1,True,5.568447040710016,,terminate,False,nan,1.0,20000,1.0,26674.268762127547,False,0,0.0,1.0,8.910030485821112e-06,0.0,0,1.0333581088945235e-08,0,0.0,0.0,0.0,0.0,0.0,inf,0.0,0.0,0.0,0.0,0.0,0.0,inf,inf,0.0,0.0,inf,0.00010850620683725856,0.0001437676705920459,0.5077910375078447,False,10390939661.775833,2.710505431213761e-20,0.19872057145361974,4422.9472349258485,8.910364448112091e-20,0.1987205714310578,0,0,0,0,0.0,0,0,False,0,0.0,False,False,False,False,False,False,False,False,False,False,False,8.910030485821112e-06,1345.6243984987668,6550235.033213702,0,0.0,False,-1,0,0,0,4349,0,0,0.0792736424793349,737,0.00018792762345738753,1867651556.6534173,1691308.8092895974,1259757880248.894,1000180080315.9103,4.553794235144863e-05,1.0,6.071725646859802,0.00036,0.0,10399918783.724176,840.4432004940379,0.0,0.0,0.8986450666587892,0.1148346204617479,0.13372386924425478,0.8986450666587892,0
0.0006004734305939952,-15.47030811848522,0.002399731178247766,8.995848258497587e-06,8.996183575786079e-07,0.0,False,9,False,shielded,nan,nan,nan,nan,nan,nan,nan,nan,nan,nan,2400000.0,10371.875810673682,nan,1226.7156756689117,2.0,0.001,1.0,completed_flow,6.338733299008076e-06,5.1695772512306175e-09,5.563381925458457,5.3775530430070824e-05,plastic_shielded_case64_M1,True,5.568183732746869,,terminate,False,nan,1.0,20000,1.0,16976.758128101934,False,0,0.0,1.0,8.862696793867769e-06,0.0,0,1.0325434044542691e-08,0,0.0,0.0,0.0,0.0,0.0,inf,0.0,0.0,0.0,0.0,0.0,0.0,inf,inf,0.0,0.0,inf,0.00010846410578794788,0.00014371098314460242,0.5075980609315431,False,10390458913.339973,2.710505431213761e-20,0.22433766326198276,4422.9472349258485,1.1882260634273593e-19,0.2243376632363958,0,0,0,0,0.0,0,0,False,0,0.0,False,False,False,False,False,False,False,False,False,False,False,1.2321833931011688e-05,1340.941363454269,6527698.735038877,0,0.0,False,-1,0,0,0,4349,0,0,0.08922956927432393,750,0.00021311501466429562,1867651556.6534173,1917184.0096310747,1296736204197.885,1000204687453.5187,4.553794235144863e-05,1.0,6.071725646859802,0.00036,0.0,10399427016.196926,840.4432004940379,0.0,0.0,0.9596590177289934,0.1198671002169909,0.13818635174201382,0.9596590177289934,0
0.0006376127113950636,-16.43034396863811,0.002548012582482273,8.9958505705726e-06,8.996206696536374e-07,0.0,False,10,False,shielded,nan,nan,nan,nan,nan,nan,nan,nan,nan,nan,2400000.0,11015.90154039986,nan,644.0257297261786,2.0,0.001,1.0,completed_flow,3.3255412614537e-06,5.164903196218983e-09,5.563180943454567,5.7101071691524524e-05,plastic_shielded_case64_M1,True,5.568045551965849,,terminate,False,nan,1.0,20000,1.0,24497.251958881938,False,0,0.0,1.0,8.84477715315045e-06,0.0,0,1.0318843011244094e-08,0,0.0,0.0,0.0,0.0,0.0,inf,0.0,0.0,0.0,0.0,0.0,0.0,inf,inf,0.0,0.0,inf,0.00010843124292393497,0.00014366510611679332,0.5074474280345647,False,10390083548.987549,5.421010862427522e-20,0.23770876481878578,4422.9472349258485,2.2438412939474216e-19,0.2377087647916098,0,0,0,0,0.0,0,0,False,0,0.0,False,False,False,False,False,False,False,False,False,False,False,8.84477715315045e-06,1338.353078746881,6515284.912186382,0,0.0,False,-1,0,0,0,4349,0,0,0.0944028100850315,727,0.00022633642683660404,1867651556.6534173,2035674.8974125942,1316351063839.9302,1000217648771.7562,4.553794235144863e-05,1.0,6.071725646859802,0.00036,0.0,10399168942.646154,840.4432004940379,0.0,0.0,0.2609168485360157,0.032117520030506476,0.036847560307578374,0.2609168485360157,1
0.00070300859489969,-18.121709688823707,0.0028090704426141366,8.995854643925137e-06,8.996247430061595e-07,0.0,False,11,False,shielded,nan,nan,nan,nan,nan,nan,nan,nan,nan,nan,2400000.0,12150.637102505541,nan,1134.7355621056822,2.0,0.001,1.0,completed_flow,5.855571065598703e-06,5.162452663217299e-09,5.562989940759484,6.295664275712323e-05,plastic_shielded_case64_M1,True,5.567802179100387,,terminate,False,nan,1.0,20000,1.0,23908.23929195868,False,0,0.0,1.0,8.81375183681369e-06,0.0,0,1.0312930971160727e-08,0,0.0,0.0,0.0,0.0,0.0,inf,0.0,0.0,0.0,0.0,0.0,0.0,inf,inf,0.0,0.0,inf,0.00010840002327550997,0.00014362394276998657,0.5073043259388572,False,10389726822.506752,1.3552527156068805e-20,0.2611087848923668,4422.9472349258485,7.089592742833266e-20,0.26110878486239075,0,0,0,0,0.0,0,0,False,0,0.0,False,False,False,False,False,False,False,False,False,False,False,8.81375183681369e-06,1334.145893915345,6495007.300869801,0,0.0,False,-1,0,0,0,4349,0,0,0.10341479819913038,751,0.00024962848630634535,1867651556.6534173,2244292.3131379928,1351245462241.0088,1000240556612.9198,4.553794235144863e-05,1.0,6.071725646859802,0.00036,0.0,10398714406.935127,840.4432004940379,0.0,0.0,0.7853012506314725,0.09517855028729888,0.1083382946120374,0.7853012506314725,0
0.0007716175756936616,-19.89742270830928,0.003082899777986481,8.995858920413066e-06,8.996290194940985e-07,0.0,False,12,False,shielded,nan,nan,nan,nan,nan,nan,nan,nan,nan,nan,2400000.0,13342.109442716508,nan,1191.4723402109664,2.0,0.001,1.0,completed_flow,6.143087885778243e-06,5.158140561901269e-09,5.56274025245746,6.909973064290147e-05,plastic_shielded_case64_M1,True,5.567546765939944,,terminate,False,nan,1.0,20000,1.0,22867.619960508437,False,0,0.0,1.0,8.77810421289961e-06,0.0,0,1.030556294831323e-08,0,0.0,0.0,0.0,0.0,0.0,inf,0.0,0.0,0.0,0.0,0.0,0.0,inf,inf,0.0,0.0,inf,0.00010835922304302029,0.000143572625437019,0.5071173079458202,False,10389260491.7608,5.421010862427522e-20,0.2854723281874641,4422.9472349258485,2.633964860973644e-19,0.28547232815454765,0,0,0,0,0.0,0,0,False,0,0.0,False,False,False,False,False,False,False,False,False,False,False,8.77810421289961e-06,1329.643352731158,6473337.537913294,0,0.0,False,-1,0,0,0,4349,0,0,0.11274319752182878,742,0.0002740806326967762,1867651556.6534173,2463125.9254575693,1388343635970.89,1000264707039.1407,4.553794235144863e-05,1.0,6.071725646859802,0.00036,0.0,10398237384.148436,840.4432004940379,0.0,0.0,0.8402455584362022,0.10010226289799741,0.11309260316263141,0.8402455584362022,0
0.0008435946054194954,-21.761678101345904,0.003370110911404489,8.995863410139535e-06,8.99633509220547e-07,0.0,False,13,False,shielded,nan,nan,nan,nan,nan,nan,nan,nan,nan,nan,2400000.0,14593.155399938023,nan,1251.0459572215148,2.0,0.001,1.0,completed_flow,6.444451280305952e-06,5.153620520179345e-09,5.562478214712516,7.554418192320742e-05,plastic_shielded_case64_M1,True,5.56727872345752,,terminate,False,nan,1.0,20000,1.0,14840.348532508697,False,0,0.0,1.0,8.738283804576043e-06,0.0,0,1.0302054694240007e-08,0,0.0,0.0,0.0,0.0,0.0,inf,0.0,0.0,0.0,0.0,0.0,0.0,inf,inf,0.0,0.0,inf,0.00010831642074601217,0.0001435481844516573,0.5069211113678096,False,10388771096.558552,2.710505431213761e-20,0.3108222761530053,4422.9472349258485,7.985486991820575e-20,0.3108222761170022,0,0,0,0,0.0,0,0,False,0,0.0,False,False,False,False,False,False,False,False,False,False,False,1.1376270375962712e-05,1324.9351792612588,6450677.253984154,0,0.0,False,-1,0,0,0,4349,0,0,0.12238985941974566,728,0.00029975041537793625,1867651556.6534173,2692664.9663590025,1427801454617.831,1000290171877.172,4.553794235144863e-05,1.0,6.071725646859802,0.00036,0.0,10397736774.188887,840.4432004940379,0.0,0.0,0.89806832469953,0.10526062894657585,0.11807661881536913,0.89806832469953,0
0.0009191018154351971,-23.71887846681103,0.00367134187778273,8.995868123707353e-06,8.996382227883731e-07,0.0,False,14,False,shielded,nan,nan,nan,nan,nan,nan,nan,nan,nan,nan,2400000.0,15906.753655020613,nan,1313.5982550825906,2.0,0.001,1.0,completed_flow,6.760300882269332e-06,5.1488829037009825e-09,5.562203223639618,8.230448280547675e-05,plastic_shielded_case64_M1,True,5.5669974344798625,,terminate,False,nan,1.0,20000,1.0,13638.321521469401,False,0,0.0,1.0,8.694449749721884e-06,0.0,0,1.0294465235268384e-08,0,0.0,0.0,0.0,0.0,0.0,inf,0.0,0.0,0.0,0.0,0.0,0.0,inf,inf,0.0,0.0,inf,0.0001082715200972073,0.00014349529665728684,0.5067152946012664,False,10388257509.053188,1.0842021724855044e-19,0.33718165967394237,4422.9472349258485,3.6515520867819186e-19,0.3371816596346998,0,0,0,0,0.0,0,0,False,0,0.0,False,False,False,False,False,False,False,False,False,False,False,1.1541361196858115e-05,1320.0129851809045,6426985.955666629,0,0.0,False,-1,0,0,0,4349,0,0,0.1323560368815198,747,0.0003266982157764589,1867651556.6534173,2933420.98352435,1469787052678.721,1000317027498.3774,4.553794235144863e-05,1.0,6.071725646859802,0.00036,0.0,10397211424.391895,840.4432004940379,0.0,0.0,0.9588163360392133,0.1106639871832737,0.12330025139553388,0.9588163360392133,0
0.0009587149867101852,-24.746298997403052,0.003829348664193155,8.995870598066362e-06,8.996406971473826e-07,0.0,False,15,False,shielded,nan,nan,nan,nan,nan,nan,nan,nan,nan,nan,2400000.0,16596.392738938972,nan,689.6390839183601,2.0,0.001,1.0,completed_flow,3.546548897599393e-06,5.143917673465988e-09,5.56198851863147,8.585103170307615e-05,plastic_shielded_case64_M1,True,5.566849821512972,,terminate,False,nan,1.0,20000,1.0,19394.534273006808,False,0,0.0,1.0,8.679007992163591e-06,0.0,0,1.0281887081275769e-08,0,0.0,0.0,0.0,0.0,0.0,inf,0.0,0.0,0.0,0.0,0.0,0.0,inf,inf,0.0,0.0,inf,0.00010823647355672964,0.00014340760177134864,0.5065546462721888,False,10387856514.9105,6.776263578034403e-21,0.3509427888654163,4422.9472349258485,2.3211464825378627e-20,0.35094278882447155,0,0,0,0,0.0,0,0,False,0,0.0,False,False,False,False,False,False,False,False,False,False,False,8.679007992163591e-06,1317.2929666081707,6413938.062879913,0,0.0,False,-1,0,0,0,4349,0,0,0.13753370778401047,747,0.0003408435706849455,1867651556.6534173,3059711.4657908403,1492057380808.6995,1000331174961.7173,4.553794235144863e-05,1.0,6.071725646859802,0.00036,0.0,10396935734.8045,840.4432004940379,0.0,0.0,0.2606454963023486,0.029753857321523112,0.03304238977710027,0.2606454963023486,1
0.0010285003206177423,-26.557312121664616,0.004107658755738708,8.995874959568302e-06,8.996450586493253e-07,0.0,False,16,False,shielded,nan,nan,nan,nan,nan,nan,nan,nan,nan,nan,2400000.0,17812.128699945966,nan,1215.735961006996,2.0,0.001,1.0,completed_flow,6.247694528886764e-06,5.141314718742197e-09,5.561784413649009,9.209872623196291e-05,plastic_shielded_case64_M1,True,5.5665897075585535,,terminate,False,nan,1.0,20000,1.0,16510.683120198108,False,0,0.0,1.0,8.641022274695693e-06,0.0,0,1.027544177919229e-08,0,0.0,0.0,0.0,0.0,0.0,inf,0.0,0.0,0.0,0.0,0.0,0.0,inf,inf,0.0,0.0,inf,0.00010820317036166113,0.00014336264434359935,0.5064019878501489,False,10387475317.922285,1.0842021724855044e-19,0.3750163789586898,4422.9472349258485,4.1971541008628153e-19,0.37501637891474543,0,0,0,0,0.0,0,0,False,0,0.0,False,False,False,False,False,False,False,False,False,False,False,8.641022274695693e-06,1312.8706866413545,6392619.928594225,0,0.0,False,-1,0,0,0,4349,0,0,0.14654666562957946,751,0.0003657760750668325,1867651556.6534173,3282165.5009082737,1531695478381.615,1000356195206.0029,4.553794235144863e-05,1.0,6.071725646859802,0.00036,0.0,10396449932.572624,840.4432004940379,0.0,0.0,0.7851411540744995,0.08877474939056536,0.09805179008858184,0.7851411540744995,0
0.0011017103735823097,-28.458624014488834,0.004399564247245746,8.995879538538717e-06,8.996496376197392e-07,0.0,False,17,False,shielded,nan,nan,nan,nan,nan,nan,nan,nan,nan,nan,2400000.0,19088.65145900331,nan,1276.5227590573459,2.0,0.001,1.0,completed_flow,6.554089030157899e-06,5.1367324202952674e-09,5.561517554257919,9.865281526212081e-05,plastic_shielded_case64_M1,True,5.566316734404771,,terminate,False,nan,1.0,20000,1.0,11740.68557602955,False,0,0.0,1.0,8.599293131852128e-06,0.0,0,1.0272747457739863e-08,0,0.0,0.0,0.0,0.0,0.0,inf,0.0,0.0,0.0,0.0,0.0,0.0,inf,inf,0.0,0.0,inf,0.00010815964101103911,0.00014334384666859508,0.5062024524216082,False,10386976917.56511,2.710505431213761e-20,0.4000603063548937,4422.9472349258485,1.6254803821274541e-19,0.4000603063078012,0,0,0,0,0.0,0,0,False,0,0.0,False,False,False,False,False,False,False,False,False,False,False,1.1017315579239815e-05,1308.1390101342747,6369843.307932124,0,0.0,False,-1,0,0,0,4349,0,0,0.1558639555276995,743,0.0003919500598453113,1867651556.6534173,3515497.9191704136,1573835694921.4678,1000382576730.0306,4.553794235144863e-05,1.0,6.071725646859802,0.00036,0.0,10395940113.837038,840.4432004940379,0.0,0.0,0.8398749306632712,0.0938822088649575,0.10315136858217662,0.8398749306632712,0
0.0011785098968513097,-30.4547242340244,0.004705712819276009,8.995884345789875e-06,8.996544448709205e-07,0.0,False,18,False,shielded,nan,nan,nan,nan,nan,nan,nan,nan,nan,nan,2400000.0,20429.000356013523,nan,1340.3488970102132,2.0,0.001,1.0,completed_flow,6.875201479174562e-06,5.131929697085717e-09,5.561237505928432,0.00010552801674129537,plastic_shielded_case64_M1,True,5.566030273903111,,terminate,False,nan,1.0,20000,1.0,16415.484443330355,False,0,0.0,1.0,8.561722289862154e-06,0.0,0,1.0259458870193485e-08,0,0.0,0.0,0.0,0.0,0.0,inf,0.0,0.0,0.0,0.0,0.0,0.0,inf,inf,0.0,0.0,inf,0.00010811397843992497,0.00014325109910203794,0.5059931366087295,False,10386453884.866604,1.6940658945086007e-21,0.4261218118861292,4422.9472349258485,6.78448318821181e-21,0.4261218118357301,0,0,0,0,0.0,0,0,False,0,0.0,False,False,False,False,False,False,False,False,False,False,False,8.561722289862154e-06,1303.1926301969704,6346032.218482945,0,0.0,False,-1,0,0,0,4349,0,0,0.16549563254130434,739,0.0004194270813192057,1867651556.6534173,3760228.1146991393,1618654796851.4285,1000410398579.4725,4.553794235144863e-05,1.0,6.071725646859802,0.00036,0.0,10395405105.435192,840.4432004940379,0.0,0.0,0.8974517561450363,0.09924370748036629,0.10849352706696518,0.8974517561450363,0
0.0012590712348317101,-32.550324282557774,0.005026781358390409,8.995889392668662e-06,8.996594917496894e-07,0.0,False,19,False,shielded,nan,nan,nan,nan,nan,nan,nan,nan,nan,nan,2400000.0,21836.366697874248,nan,1407.3663418607239,2.0,0.001,1.0,completed_flow,7.211707977075588e-06,5.1268963925380106e-09,5.560943624804429,0.00011273972471837096,plastic_shielded_case64_M1,True,5.565729667984159,,terminate,False,nan,1.0,20000,1.0,15119.18045592065,False,0,0.0,1.0,8.52290653596211e-06,0.0,0,1.0252923002461125e-08,0,0.0,0.0,0.0,0.0,0.0,inf,0.0,0.0,0.0,0.0,0.0,0.0,inf,inf,0.0,0.0,inf,0.00010806608034619841,0.00014320546004290772,0.5057735711893645,False,10385905017.327888,2.168404344971009e-19,0.45323307594451334,4422.9472349258485,1.2048363560748389e-18,0.4532330758906417,0,0,0,0,0.0,0,0,False,0,0.0,False,False,False,False,False,False,False,False,False,False,False,8.52290653596211e-06,1298.0229288167618,6321145.039595704,0,0.0,False,-1,0,0,0,4349,0,0,0.17544559528893694,771,0.000448271722021523,1867651556.6534173,4016899.0173493596,1666343429257.2068,1000439744828.6609,4.553794235144863e-05,1.0,6.071725646859802,0.00036,0.0,10394843678.322721,840.4432004940379,0.0,0.0,0.9579145870067726,0.10487015789216136,0.11408890064957841,0.9579145870067726,0
0.001301333941506,-33.65038934977168,0.005195183758072375,8.995892041979074e-06,8.996621410601023e-07,0.0,False,20,False,shielded,nan,nan,nan,nan,nan,nan,nan,nan,nan,nan,2400000.0,22575.23402735113,nan,738.8673294768801,2.0,0.001,1.0,completed_flow,3.783177432233105e-06,5.121621926024473e-09,5.5607141774971485,0.00011652290215060406,plastic_shielded_case64_M1,True,5.565571922620151,,terminate,False,nan,1.0,20000,1.0,11724.017033344218,False,0,0.0,1.0,8.497562744937524e-06,0.0,0,1.0242723687260453e-08,0,0.0,0.0,0.0,0.0,0.0,inf,0.0,0.0,0.0,0.0,0.0,0.0,inf,inf,0.0,0.0,inf,0.00010802869602982423,0.00014313421056833976,0.5056021998141151,False,10385476489.707277,1.0587911840678754e-22,0.46736915535983165,4422.9472349258485,4.036359103568181e-22,0.4673691553041369,0,0,0,0,0.0,0,0,False,0,0.0,False,False,False,False,False,False,False,False,False,False,False,8.497562744937524e-06,1295.1666417795327,6307440.939996151,0,0.0,False,-1,0,0,0,4349,0,0,0.1806064008714632,755,0.0004634126069854618,1867651556.6534173,4151530.161922025,1691638076419.9902,1000455206338.3572,4.553794235144863e-05,1.0,6.071725646859802,0.00036,0.0,10394549064.948078,840.4432004940379,0.0,0.0,0.26035506940800046,0.028265200793635523,0.03067675848959135,0.26035506940800046,1
0.0013758250301887376,-35.59052002642687,0.00549195316725648,8.995896714437616e-06,8.99666813518631e-07,0.0,False,21,False,shielded,nan,nan,nan,nan,nan,nan,nan,nan,nan,nan,2400000.0,23878.478687237905,nan,1303.2446598867764,2.0,0.001,1.0,completed_flow,6.6679486630855285e-06,5.1188571268909685e-09,5.560495988495903,0.0001231908508136896,plastic_shielded_case64_M1,True,5.565293806802821,,terminate,False,nan,1.0,20000,1.0,9262.9851230932,False,0,0.0,1.0,8.458486940582602e-06,0.0,0,1.0235852666594436e-08,0,0.0,0.0,0.0,0.0,0.0,inf,0.0,0.0,0.0,0.0,0.0,0.0,inf,inf,0.0,0.0,inf,0.00010799316098591746,0.00014308619160115622,0.5054393040570625,False,10385068988.679457,5.421010862427522e-20,0.4921068017918935,4422.9472349258485,3.151314680250091e-19,0.4921068017329843,0,0,0,0,0.0,0,0,False,0,0.0,False,False,False,False,False,False,False,False,False,False,False,9.816335013137846e-06,1290.5217290395094,6285045.293007444,0,0.0,False,-1,0,0,0,4349,0,0,0.1895893654115751,735,0.0004901144481989418,1867651556.6534173,4388795.242732303,1736683006826.2058,1000482569078.6854,4.553794235144863e-05,1.0,6.071725646859802,0.00036,0.0,10394029641.508911,840.4432004940379,0.0,0.0,0.7849690127317341,0.0847788275307783,0.0916472797425709,0.7849690127317341,0
0.0014539671462943105,-37.62736994167796,0.00580319675279839,8.99590161982713e-06,8.996717189081817e-07,0.0,False,22,False,shielded,nan,nan,nan,nan,nan,nan,nan,nan,nan,nan,2400000.0,25246.88558011902,nan,1368.4068928811153,2.0,0.001,1.0,completed_flow,6.9945226769023774e-06,5.113987652843008e-09,5.560210665474061,0.00013018537349059197,plastic_shielded_case64_M1,True,5.565001952532929,,terminate,False,nan,1.0,20000,1.0,11777.04784711421,False,0,0.0,1.0,8.41788997400213e-06,0.0,0,1.0227887261956716e-08,0,0.0,0.0,0.0,0.0,0.0,inf,0.0,0.0,0.0,0.0,0.0,0.0,inf,inf,0.0,0.0,inf,0.00010794670741984007,0.0001430305042235711,0.5052263552847989,False,10384536104.693563,1.0842021724855044e-19,0.5178418697951178,4422.9472349258485,3.683479032951675e-19,0.517841869732834,0,0,0,0,0.0,0,0,False,0,0.0,False,False,False,False,False,False,False,False,False,False,False,8.41788997400213e-06,1285.553039675578,6261123.1983015565,0,0.0,False,-1,0,0,0,4349,0,0,0.19887100477867128,740,0.0005181455167525875,1867651556.6534173,4637645.370316607,1784569841523.9563,1000511425096.7914,4.553794235144863e-05,1.0,6.071725646859802,0.00036,0.0,10393484559.427431,840.4432004940379,0.0,0.0,0.8394765651358169,0.09001600360432406,0.09693377342269319,0.8394765651358169,0
0.0015359354644430834,-39.76574614299892,0.006129601759389147,8.995906769724661e-06,8.996768688056827e-07,0.0,False,23,False,shielded,nan,nan,nan,nan,nan,nan,nan,nan,nan,nan,2400000.0,26683.71281764419,nan,1436.827237525171,2.0,0.001,1.0,completed_flow,7.33674084813101e-06,5.108884562141752e-09,5.559911252292382,0.00013752211433872298,plastic_shielded_case64_M1,True,5.564695689790639,,terminate,False,nan,1.0,20000,1.0,10556.122648225608,False,0,0.0,1.0,8.379519535328533e-06,0.0,0,1.02192212961085e-08,0,0.0,0.0,0.0,0.0,0.0,inf,0.0,0.0,0.0,0.0,0.0,0.0,inf,inf,0.0,0.0,inf,0.00010789798050606097,0.00014296989448169033,0.5050029830984806,False,10383976905.198719,2.710505431213761e-20,0.5446169266109864,4422.9472349258485,1.901092692247397e-19,0.5446169265451577,0,0,0,0,0.0,0,0,False,0,0.0,False,False,False,False,False,False,False,False,False,False,False,8.379519535328533e-06,1280.3604636060973,6236122.105703539,0,0.0,False,-1,0,0,0,4349,0,0,0.20845870193616178,753,0.0005475716845846278,1867651556.6534173,4898631.909867167,1835499102865.803,1000541861494.7114,4.553794235144863e-05,1.0,6.071725646859802,0.00036,0.0,10392912567.34005,840.4432004940379,0.0,0.0,0.8967892186450183,0.09552714538063507,0.10248298868773414,0.8967892186450183,0
0.001621913186485413,-42.01069314879211,0.006471886191149356,8.995912176278933e-06,8.996822753599466e-07,0.0,False,24,False,shielded,nan,nan,nan,nan,nan,nan,nan,nan,nan,nan,2400000.0,28192.38141704562,nan,1508.6685994014297,2.0,0.001,1.0,completed_flow,7.695317508352916e-06,5.10353715119045e-09,5.55959706214612,0.0001452174318470759,plastic_shielded_case64_M1,True,5.564374316748871,,terminate,False,nan,1.0,20000,1.0,9170.867055190804,False,0,0.0,1.0,8.337095107430874e-06,0.0,0,1.0209376630236957e-08,0,0.0,0.0,0.0,0.0,0.0,inf,0.0,0.0,0.0,0.0,0.0,0.0,inf,inf,0.0,0.0,inf,0.00010784687152922395,0.000142901009730015,0.5047686888144889,False,10383390107.482967,1.3552527156068805e-20,0.5724555165624519,4422.9472349258485,5.2876479820966037e-20,0.5724555164929013,0,0,0,0,0.0,0,0,False,0,0.0,False,False,False,False,False,False,False,False,False,False,False,8.337095107430874e-06,1274.9351719316664,6209999.355356704,0,0.0,False,-1,0,0,0,4349,0,0,0.21835228921675615,749,0.0005784620586180424,1867651556.6534173,5172331.033296717,1889687019901.6746,1000573970944.8983,4.553794235144863e-05,1.0,6.071725646859802,0.00036,0.0,10392312354.478323,840.4432004940379,0.0,0.0,0.956945932175098,0.10132388187601321,0.1083060535923087,0.956945932175098,0
0.0016670150573635523,-43.18914784864524,0.006651405116656628,8.995915014376776e-06,8.996851134578003e-07,0.0,False,25,False,shielded,nan,nan,nan,nan,nan,nan,nan,nan,nan,nan,2400000.0,28984.432431731373,nan,792.0510146857506,2.0,0.001,1.0,completed_flow,4.036660701554434e-06,5.097934277104164e-09,5.559351766036819,0.00014925409254863033,plastic_shielded_case64_M1,True,5.5642056789720185,,terminate,False,nan,1.0,20000,1.0,6678.817922957964,False,0,0.0,1.0,8.30899353208476e-06,0.0,0,1.0201028646541169e-08,0,0.0,0.0,0.0,0.0,0.0,inf,0.0,0.0,0.0,0.0,0.0,0.0,inf,inf,0.0,0.0,inf,0.0001078069832292595,0.00014284257148663,0.504585831060867,False,10382931979.82259,1.3552527156068805e-20,0.586964643079401,4422.9472349258485,7.64548333714467e-20,0.5869646430078967,0,0,0,0,0.0,0,0,False,0,0.0,False,False,False,False,False,False,False,False,False,False,False,8.30899353208476e-06,1271.9382387742228,6195617.617130442,0,0.0,False,-1,0,0,0,4349,0,0,0.2234795374223866,728,0.000594676597563031,1867651556.6534173,5315885.252835896,1918428082973.8916,1000590890485.9036,4.553794235144863e-05,1.0,6.071725646859802,0.00036,0.0,10391997397.871876,840.4432004940379,0.0,0.0,0.2600432065962761,0.027358845500940265,0.029191586996094414,0.2600432065962761,1
0.0017465541796530815,-45.26876184701001,0.0069679353114074916,8.995920022755997e-06,8.996901218370183e-07,0.0,False,26,False,shielded,nan,nan,nan,nan,nan,nan,nan,nan,nan,nan,2400000.0,30382.322140940145,nan,1397.889709208773,2.0,0.001,1.0,completed_flow,7.1186261113173285e-06,5.094997638079394e-09,5.559118425986544,0.00015637271865994766,plastic_shielded_case64_M1,True,5.563908189799923,,terminate,False,nan,1.0,20000,1.0,6458.207980590878,False,0,0.0,1.0,8.272513055592883e-06,0.0,0,1.0193731914437411e-08,0,0.0,0.0,0.0,0.0,0.0,inf,0.0,0.0,0.0,0.0,0.0,0.0,inf,inf,0.0,0.0,inf,0.00010776905618438647,0.00014279147271585075,0.50441196243814,False,10382496181.914463,6.776263578034403e-21,0.61237598928157,4422.9472349258485,3.030305980302915e-20,0.6123759892066172,0,0,0,0,0.0,0,0,False,0,0.0,False,False,False,False,False,False,False,False,False,False,False,8.272513055592883e-06,1267.0633826640008,6172108.480178937,0,0.0,False,-1,0,0,0,4349,0,0,0.23240754580886056,756,0.0006232887373387538,1867651556.6534173,5569012.754083915,1969639716728.026,1000620855165.7867,4.553794235144863e-05,1.0,6.071725646859802,0.00036,0.0,10391441791.756523,840.4432004940379,0.0,0.0,0.784783737924541,0.08241582060563209,0.08767127675447098,0.784783737924541,0
0.0018299864514943476,-47.452028636939225,0.007299877205690253,8.995925280764456e-06,8.99695379845487e-07,0.0,False,27,False,shielded,nan,nan,nan,nan,nan,nan,nan,nan,nan,nan,2400000.0,31850.10633560936,nan,1467.7841946692117,2.0,0.001,1.0,completed_flow,7.466780192945567e-06,5.0898229283510375e-09,5.558813233452975,0.00016383949885289323,plastic_shielded_case64_M1,True,5.563596017463759,,terminate,False,nan,1.0,20000,1.0,4438.185764879218,False,0,0.0,1.0,8.230309936163908e-06,0.0,0,1.0185222342920959e-08,0,0.0,0.0,0.0,0.0,0.0,inf,0.0,0.0,0.0,0.0,0.0,0.0,inf,inf,0.0,0.0,inf,0.00010771946756577553,0.00014273185736714128,0.5041846319934293,False,10381926188.604065,2.710505431213761e-20,0.6388039746093372,4422.9472349258485,9.504677622279095e-20,0.6388039745307641,0,0,0,0,0.0,0,0,False,0,0.0,False,False,False,False,False,False,False,False,False,False,False,8.230309936163908e-06,1261.850070487443,6147003.496323489,0,0.0,False,-1,0,0,0,4349,0,0,0.24162452329345172,752,0.0006533247943458827,1867651556.6534173,5834479.648869513,2024080470377.3604,1000652460148.6105,4.553794235144863e-05,1.0,6.071725646859802,0.00036,0.0,10390858762.606943,840.4432004940379,0.0,0.0,0.8390479923528982,0.08777160664418673,0.0930927365034199,0.8390479923528982,0
0.0019174981345795317,-49.74409789701172,0.007647959931244341,8.995930800804242e-06,8.997008998852892e-07,0.0,False,28,False,shielded,nan,nan,nan,nan,nan,nan,nan,nan,nan,nan,2400000.0,33391.27974001203,nan,1541.1734044026723,2.0,0.001,1.0,completed_flow,7.831562891292605e-06,5.084400665375963e-09,5.558492982414965,0.00017167106174418583,plastic_shielded_case64_M1,True,5.563268447108549,,terminate,False,nan,1.0,20000,1.0,2828.4921054609063,False,0,0.0,1.0,8.186998450487818e-06,0.0,0,1.0180933009615358e-08,0,0.0,0.0,0.0,0.0,0.0,inf,0.0,0.0,0.0,0.0,0.0,0.0,inf,inf,0.0,0.0,inf,0.00010766745580673408,0.0001427017982243228,0.5039461906654358,False,10381328071.254406,1.3552527156068805e-20,0.6662806101216712,4422.9472349258485,5.691252827339978e-20,0.6662806100392966,0,0,0,0,0.0,0,0,False,0,0.0,False,False,False,False,False,False,False,False,False,False,False,9.073084932510998e-06,1256.4036203390363,6120774.6123534795,0,0.0,False,-1,0,0,0,4349,0,0,0.25113327489281784,732,0.0006848552929948713,1867651556.6534173,6112871.181496447,2081977885010.3193,1000685801539.9808,4.553794235144863e-05,1.0,6.071725646859802,0.00036,0.0,10390246975.323122,840.4432004940379,0.0,0.0,0.896076726361444,0.09342046563461766,0.0987974011424574,0.896076726361444,0
0.002009283973008036,-52.15037351120113,0.008012944990930304,8.99593659588969e-06,8.997066949707193e-07,0.0,False,29,True,shielded,nan,nan,nan,nan,nan,nan,nan,nan,nan,nan,2400000.0,35009.51181463484,nan,1618.232074622806,2.0,0.001,1.0,completed_flow,8.21372856100742e-06,5.07871957838592e-09,5.55815694020314,0.00017988479030519325,plastic_shielded_case64_M1,True,5.562924730068123,,terminate,False,nan,1.0,20000,1.0,1959.08675313348,False,0,0.0,1.0,8.140345288478994e-06,0.0,0,1.0165493680427094e-08,0,0.0,0.0,0.0,0.0,0.0,inf,0.0,0.0,0.0,0.0,0.0,0.0,inf,inf,0.0,0.0,inf,0.00010761290540039798,0.0001425935487776204,0.5036961085707015,False,10380700461.494389,2.710505431213761e-20,0.6948309606962012,4422.9472349258485,1.5418558797463712e-19,0.6948309606098356,0,0,0,0,0.0,0,0,False,0,0.0,False,False,False,False,False,False,False,False,False,False,False,8.140345288478994e-06,1250.7150163626288,6093378.241755936,0,0.0,False,-1,0,0,0,4349,0,0,0.26093338221807805,735,0.0007179542172836112,1867651556.6534173,6404798.724268644,2143577279554.382,1000720981622.8927,4.553794235144863e-05,1.0,6.071725646859802,0.00036,0.0,10389605031.657522,840.4432004940379,0.0,0.0,0.9559045768711741,0.0993750109914142,0.10479722810200104,0.9559045768711741,0
0.002066346149861009,-53.64749384000163,0.008239801154173443,8.995940201436846e-06,8.997103005178769e-07,0.0,False,30,True,shielded,nan,nan,nan,nan,nan,nan,nan,nan,nan,nan,2400000.0,36016.47036572838,nan,1006.9585510935447,2.0,0.001,1.0,completed_flow,5.106205277056802e-06,5.0727679419829405e-09,5.5578778701404605,0.00018499099558225005,plastic_shielded_case64_M1,True,5.562710968937583,,terminate,False,nan,1.0,20000,1.0,1006.9575441360006,False,0,0.0,1.0,8.111192884084058e-06,0.0,0,1.015630514704918e-08,0,0.0,0.0,0.0,0.0,0.0,inf,0.0,0.0,0.0,0.0,0.0,0.0,inf,inf,0.0,0.0,inf,0.00010756762120182964,0.00014252908638658332,0.5034885048644732,False,10380179255.85741,1.0842021724855044e-19,0.7124606210477102,4422.9472349258485,3.9220038190956683e-19,0.7124606209588609,0,0,0,0,0.0,0,0,False,0,0.0,False,False,False,False,False,False,False,False,False,False,False,8.111192884084058e-06,1247.0543117554894,6075789.4034432545,0,0.0,False,-1,0,0,0,4349,0,0,0.26694522393265135,758,0.000738546122208147,1867651556.6534173,6586255.204554412,2182325404320.9163,1000742961470.1013,4.553794235144863e-05,1.0,6.071725646859802,0.00036,0.0,10389205800.349316,840.4432004940379,0.0,0.0,0.36351047387262814,0.03762632487887762,0.03961354096076579,0.36351047387262814,0
0.002066511128750448,-53.65182363122352,0.008240456987174016,8.995940211864396e-06,8.997103109454084e-07,0.0,False,31,True,shielded,nan,nan,36019.35198636835,nan,nan,nan,nan,nan,nan,nan,2400000.0,36019.38272325854,nan,2.9123575301594053,2.0,0.001,1.0,completed_flow,1.4762932842773274e-08,5.069071447174863e-09,5.557770553215382,0.00018500575851509283,plastic_shielded_case64_M1,True,5.562710350823915,,terminate,False,nan,1.0,20000,1.0,2.912354617804788,False,0,0.0,1.0,8.351497881266714e-06,0.0,0,1.015101115720729e-08,0,0.0,0.0,0.0,0.0,0.0,inf,0.0,0.0,0.0,0.0,0.0,0.0,inf,inf,0.0,0.0,inf,0.0001075502114311798,0.00014249193302606452,0.5034086899792136,False,10379978825.235231,4.156519365854589e-06,0.7125130246456641,4422.9472349258485,1.2216609832178836e-05,0.712500807946977,0,0,0,0,0.0,0,0,False,0,0.0,False,False,False,False,False,False,False,False,False,False,False,8.351497881266714e-06,1246.8364040091913,6074803.637120446,0,0.0,False,-1,0,0,1,4349,1,0,0.2669588969562435,94,0.0007386056741252707,1867651556.6534173,6586779.798875009,2182437937210.265,1000743025139.6377,4.553794235144863e-05,1.0,6.071725646859802,0.00036,0.0,10389204645.928362,840.4432004940379,0.0,0.0,3.0508148628432548e-06,3.143936286888359e-07,3.3099881233724576e-07,3.0508148628432548e-06,0
0.0020666353133589332,-53.65508280119617,0.008240950652328993,8.995940219713522e-06,8.997103187945373e-07,0.0,False,32,False,shielded,nan,nan,36019.35198636835,nan,nan,nan,36021.57494691292,nan,nan,nan,2400000.0,36021.57494691292,nan,2.1922236543805034,2.0,0.001,1.0,completed_flow,1.1112506097086952e-08,5.069060763702298e-09,5.5577700108733925,0.0001850168710211899,plastic_shielded_case64_M1,True,5.562709885550679,,terminate,False,nan,1.0,20000,1.0,162720.69842421697,False,0,0.0,1.0,7.395965071952632e-06,0.0,0,1.0149804447307093e-08,0,0.0,0.0,0.0,0.0,0.0,inf,0.0,0.0,0.0,0.0,0.0,0.0,inf,inf,0.0,0.0,inf,0.00010755012346207452,0.00014248346294850125,0.5034082866842535,False,10379977812.329372,5.360586486804677e-06,0.7125479578267697,4422.9472349258485,1.5755944901736222e-05,0.7125322017930089,0,0,0,0,0.0,0,0,False,0,0.0,False,False,False,False,False,False,False,False,False,False,False,7.395965071952632e-06,1246.8285762803978,6074765.98806717,0,0.0,False,23,0,1,1,4349,0,1,0.2669695779676292,71,0.0007386505007197322,1867651556.6534173,6587174.676781006,2182522646033.317,1000743073066.0858,4.553794235144863e-05,1.0,6.071725646859802,0.00036,0.0,10389203776.96008,840.4432004940379,0.0,0.0,1.7285390746380669e-06,1.7812384922854711e-07,1.8753102125668474e-07,1.7285390746380669e-06,0
0.002066965269627241,-53.663742377722464,0.00824226231085956,8.99594024056857e-06,8.997103396495823e-07,0.0,False,33,False,shielded,nan,nan,36019.35198636835,nan,nan,nan,36021.57494691292,nan,nan,nan,2400000.0,36027.39966197324,nan,5.824715060318811,2.0,0.001,1.0,completed_flow,2.9525725504358493e-08,5.069052721777489e-09,5.557769159100207,0.00018504639674669427,plastic_shielded_case64_M1,True,5.56270864932677,,terminate,False,nan,1.0,20000,1.0,3741713.812153129,False,0,0.0,1.0,4.1752804508238614e-07,0.0,0,1.0149728731782113e-08,0,0.0,0.0,0.0,0.0,0.0,inf,0.0,0.0,0.0,0.0,0.0,0.0,inf,inf,0.0,0.0,inf,0.00010754998530278501,0.0001424829314731033,0.5034076532917361,False,10379976221.513857,3.882195082981022e-07,0.7125531976855423,4422.9472349258485,1.1410684532519025e-06,0.712552056528227,0,0,0,0,0.0,0,0,False,0,4.5835885346567906e-05,False,False,False,False,False,False,False,False,False,False,False,7.869386805747331e-06,1246.808925276958,6074671.128229792,0,0.0,False,23,0,2,1,4349,0,1,0.266976333036116,187,0.0007387696044333184,1867651556.6534173,6588223.859710512,2182747723811.3289,1000743200407.7114,4.553794235144863e-05,1.0,6.071725646859802,0.00036,0.0,10389201468.12457,840.4432004940379,0.0,0.0,1.2201245640713949e-05,1.2572953808299531e-06,1.323690227769455e-06,1.2201245640713949e-05,0
0.0020676251781405197,-53.681061515014505,0.008244885608023611,8.995940282278589e-06,8.997103813596307e-07,0.0,False,34,False,shielded,nan,nan,36019.35198636835,nan,nan,nan,36021.57494691292,nan,nan,nan,2400000.0,36039.04909209388,nan,11.649430120637621,2.0,0.001,1.0,completed_flow,5.905107764857427e-08,5.0690313553363215e-09,5.557767302575054,0.00018510544782434285,plastic_shielded_case64_M1,True,5.562706176888139,,terminate,False,nan,1.0,20000,1.0,3333167.5163490493,False,0,0.0,1.0,4.0053596258782904e-07,1.6766683597069232e-09,0,1.0149674539346373e-08,0,0.0,0.0,0.0,0.0,0.0,inf,0.0,0.0,0.0,0.0,0.0,0.0,inf,inf,0.0,0.0,inf,0.00010754968417089829,0.00014248255107504756,0.5034062727517195,False,10379972754.171764,1.1248987967671538e-08,0.7125632555055604,4422.9472349258485,3.3077548184152766e-08,0.7125632223391485,0,0,0,0,1.4392707076282748e-10,0,0,False,0,0.00013750135335091043,False,False,False,False,False,False,False,False,False,False,False,7.869026105435956e-06,1246.7693266112828,6074480.0711131245,0,0.0,False,23,0,3,1,4349,0,1,0.266980130296789,374,0.000739007811539119,1867651556.6534173,6590322.210356975,2183197911325.5562,1000743455097.7615,4.553794235144863e-05,1.0,6.071725646859802,0.00036,0.0,10389196850.470713,840.4432004940379,0.0,0.0,4.879260779848126e-05,5.028065531298879e-06,5.2934702280667185e-06,4.879260779848126e-05,0
0.002068944979073728,-53.71569972655681,0.008250132122765264,8.99594036569856e-06,8.997104647795842e-07,0.0,False,35,False,shielded,nan,nan,36019.35198636835,nan,nan,nan,36021.57494691292,nan,nan,nan,2400000.0,36062.347952335156,nan,23.298860241275243,2.0,0.001,1.0,completed_flow,1.1810066188417062e-07,5.0689886228853e-09,5.5577635749190835,0.00018522354848622702,plastic_shielded_case64_M1,True,5.562701232047755,,terminate,False,nan,1.0,20000,1.0,3021767.3670858718,False,0,0.0,1.0,4.0857359235343293e-07,1.1736833377192837e-08,0,1.0149628905969388e-08,0,0.0,0.0,0.0,0.0,0.0,inf,0.0,0.0,0.0,0.0,0.0,0.0,inf,inf,0.0,0.0,inf,0.0001075490819126086,0.00014248223075560937,0.5034035116962379,False,10379965792.209288,6.097263879042064e-11,0.7125837614136579,4422.9472349258485,1.7918257512371364e-10,0.7125837611456086,0,0,0,0,4.3178786192665584e-10,0,0,False,0,0.0003208070813004474,False,False,False,False,False,False,False,False,False,False,False,7.868304754411499e-06,1246.6901070938127,6074097.850151164,0,0.0,False,23,0,4,1,4349,0,1,0.26698711928681745,747,0.0007394842244652532,1867651556.6534173,6594518.850800862,2184098414179.3198,1000743964505.0559,4.553794235144863e-05,1.0,6.071725646859802,0.00036,0.0,10389187615.231873,840.4432004940379,0.0,0.0,0.00019507208537831048,2.0102653004069422e-05,2.1162954329316694e-05,0.00019507208537831048,0
0.0020715845165700797,-53.78497589748272,0.00826062483391643,8.995940532537841e-06,8.997106316188784e-07,0.0,False,36,False,shielded,nan,nan,36019.35198636835,nan,nan,nan,36021.57494691292,nan,nan,nan,2400000.0,36108.94567281771,nan,46.597720482550486,2.0,0.001,1.0,completed_flow,2.3619535034094074e-07,5.068903159991175e-09,5.557756061200615,0.00018545974383656796,plastic_shielded_case64_M1,True,5.562691342514263,,terminate,False,nan,1.0,20000,1.0,3098177.3528622002,False,0,0.0,1.0,4.0091256005369345e-07,5.868571449738876e-08,0,1.0149399732983963e-08,0,0.0,0.0,0.0,0.0,0.0,inf,0.0,0.0,0.0,0.0,0.0,0.0,inf,inf,0.0,0.0,inf,0.00010754787742056922,0.0001424806220852976,0.5033979896962719,False,10379951759.201294,1.0422147492901088e-15,0.7126240155937855,4422.9472349258485,3.0637000211042093e-15,0.7126240155049101,0,0,0,0,1.0075360405066243e-09,0,0,False,0,0.0006873177265282257,False,False,False,False,False,False,False,False,False,False,False,7.866862250734555e-06,1246.5315793652726,6073332.981556343,0,0.0,False,23,0,5,1,4349,0,1,0.26700081308167395,614,0.0007404370451758324,1867651556.6534173,6602911.888301985,2185899931128.1401,1000744983428.4095,4.553794235144863e-05,1.0,6.071725646859802,0.00036,0.0,10389169145.029251,840.4432004940379,0.0,0.0,0.0007795031295360115,8.033271445493502e-05,8.456352880858433e-05,0.0007795031295360115,0
0.0020768633341012865,-53.92352723076427,0.008281608982996791,8.995940866214023e-06,8.997109652950428e-07,0.0,False,37,False,shielded,nan,nan,36019.35198636835,nan,nan,nan,36021.57494691292,nan,nan,nan,2400000.0,36202.14111378281,nan,93.19544096510097,2.0,0.001,1.0,completed_flow,4.7236680876774537e-07,5.068732242473453e-09,5.55774080014222,0.0001859321106453357,plastic_shielded_case64_M1,True,5.562671564036469,,terminate,False,nan,1.0,20000,1.0,3742326.7320754887,False,0,0.0,1.0,4.0774395411183574e-07,2.5990757174467365e-07,0,1.0149089924275538e-08,0,0.0,0.0,0.0,0.0,0.0,inf,0.0,0.0,0.0,0.0,0.0,0.0,inf,inf,0.0,0.0,inf,0.00010754546853688594,0.00014247844736698753,0.5033869461513305,False,10379923256.861826,2.117582368135751e-22,0.7127058988245724,4422.9472349258485,1.2141103089826458e-21,0.7127058987356885,0,0,0,0,2.1591387643535747e-09,0,0,False,0,0.0014199359467660735,False,False,False,False,False,False,False,False,False,False,False,7.863978036698833e-06,1246.2141693139458,6071801.538540707,0,0.0,False,23,0,6,1,4349,0,1,0.26702866643184664,634,0.0007423426660316568,1867651556.6534173,6619696.989834136,2189505009511.8362,1000747021710.0865,4.553794235144863e-05,1.0,6.071725646859802,0.00036,0.0,10389132205.724411,840.4432004940379,0.0,0.0,0.0031117455900237932,0.00032070876301367964,0.00033754842614770996,0.0031117455900237932,0
0.00208741993947148,-54.20062586355289,0.008323572189120942,8.995941533556601e-06,8.997116326376498e-07,0.0,False,38,False,shielded,nan,nan,36019.35198636835,nan,nan,nan,36021.57494691292,nan,nan,nan,2400000.0,36388.53199571301,nan,186.39088193020194,2.0,0.001,1.0,completed_flow,9.446380641514379e-07,5.06839044094824e-09,5.557709343484468,0.00018687674870948714,plastic_shielded_case64_M1,True,5.562632009437364,,terminate,False,nan,1.0,20000,1.0,2514649.403922707,False,0,0.0,1.0,4.0421726365368897e-07,1.0917265585107228e-06,0,1.0148842790316797e-08,0,0.0,0.0,0.0,0.0,0.0,inf,0.0,0.0,0.0,0.0,0.0,0.0,inf,inf,0.0,0.0,inf,0.00010754065117504964,0.000142476712573539,0.5033648609007906,False,10379864506.786009,4.235164736271502e-22,0.712868267300079,4422.9472349258485,2.041091799911259e-21,0.7128682672111721,0,0,0,0,4.462769532258526e-09,0,0,False,0,0.002883561485158585,False,False,False,False,False,False,False,False,False,False,False,7.858212780542845e-06,1245.5779321086393,6068731.835263954,0,0.0,False,23,0,7,1,4349,0,1,0.26708388817994194,674,0.0007461538254931599,1867651556.6534173,6653263.299622686,2196723340396.1345,1000751100012.5856,4.553794235144863e-05,1.0,6.071725646859802,0.00036,0.0,10389058331.51582,840.4432004940379,0.0,0.0,0.012397063787349267,0.0012778860021467003,0.0013445829261732798,0.012397063787349267,0
0.002108529032681994,-54.754806998162465,0.008407478240063826,8.99594286820299e-06,8.997129672840232e-07,0.0,False,39,False,shielded,nan,nan,36019.35198636835,nan,nan,nan,36021.57494691292,nan,nan,nan,2400000.0,36761.313759573415,nan,372.7817638604039,2.0,0.001,1.0,completed_flow,1.8888940296600835e-06,5.067706975792052e-09,5.557642691591649,0.00018876564273914722,plastic_shielded_case64_M1,True,5.562552909663331,,terminate,False,nan,1.0,20000,1.0,3744325.658840126,False,0,0.0,1.0,4.046086550296692e-07,4.473493098167571e-06,0,1.0146836479349298e-08,0,0.0,0.0,0.0,0.0,0.0,inf,0.0,0.0,0.0,0.0,0.0,0.0,inf,inf,0.0,0.0,inf,0.00010753101810920898,0.00014246262819459077,0.5033206979325132,False,10379740024.274632,8.470329472543003e-22,0.7131934046779976,4422.9472349258485,2.422227588528561e-21,0.7131934045890449,0,0,0,0,9.07173117801281e-09,0,0,False,0,0.005804379968759961,False,False,False,False,False,False,False,False,False,False,False,7.846694945042463e-06,1244.2997995546368,6062565.20854416,0,0.0,False,23,0,8,1,4349,0,1,0.2671944261142523,686,0.0007537758155066869,1867651556.6534173,6720380.350968506,2211192668118.9937,1000759263568.3248,4.553794235144863e-05,1.0,6.071725646859802,0.00036,0.0,10388910600.699715,840.4432004940379,0.0,0.0,0.049192344299708576,0.005072408528535465,0.005334000920370273,0.049192344299708576,0
0.0021507307588738422,-55.86310477641057,0.008575208951364877,8.995945537340398e-06,8.997156364214495e-07,0.0,False,40,False,shielded,nan,nan,36019.35198636835,nan,nan,nan,36021.57494691292,nan,nan,nan,2400000.0,37506.87728729422,nan,745.5635277208078,2.0,0.001,1.0,completed_flow,3.77626058213474e-06,5.066340592243839e-09,5.557494427991949,0.00019254190332128196,plastic_shielded_case64_M1,True,5.562394747796365,,terminate,False,nan,1.0,20000,1.0,2955527.9100759225,False,0,0.0,1.0,4.0309532583945225e-07,1.8114501534384366e-05,0,1.0143906857748835e-08,0,0.0,0.0,0.0,0.0,0.0,inf,0.0,0.0,0.0,0.0,0.0,0.0,inf,inf,0.0,0.0,inf,0.00010751175856337223,0.00014244205963895242,0.503232401905145,False,10379463119.531857,4.235164736271502e-22,0.7138415787191895,4422.9472349258485,8.48521290079008e-22,0.7138415786301447,0,0,0,0,1.82964455642586e-08,0,0,False,0,0.011620374442504145,False,False,False,False,False,False,False,False,False,False,False,7.823709894605628e-06,1241.7209803883609,6050123.4475127505,0,0.0,False,23,0,9,1,4349,0,1,0.26741462540841365,712,0.0007690184806217492,1867651556.6534173,6854552.219631163,2240261744823.609,1000775618436.3451,4.553794235144863e-05,1.0,6.071725646859802,0.00036,0.0,10388615209.442673,840.4432004940379,0.0,0.0,0.19365635101684714,0.01998341137403068,0.020989737556577445,0.19365635101684714,0
0.002235068449336519,-58.07944263168576,0.008910345247966078,8.99595087499465e-06,8.99720974075681e-07,0.0,False,41,False,shielded,nan,nan,36019.35198636835,nan,nan,nan,36021.57494691292,nan,nan,nan,2400000.0,38998.00434273584,nan,1491.1270554416155,2.0,0.001,1.0,completed_flow,7.546418582351816e-06,5.063610010687932e-09,5.557138020012919,0.00020008832190363378,plastic_shielded_case64_M1,True,5.562078574664337,,terminate,False,nan,1.0,20000,1.0,3752915.574854399,False,0,0.0,1.0,4.014356063288246e-07,7.294516696392001e-05,0,1.013829539496898e-08,0,0.0,0.0,0.0,0.0,0.0,inf,0.0,0.0,0.0,0.0,0.0,0.0,inf,inf,0.0,0.0,inf,0.00010747326579488994,0.0001424026538731558,0.5030559293977577,False,10378797473.615017,8.470329472543003e-22,0.7151339225501983,4422.9472349258485,1.9281172327106616e-21,0.7151339224609696,0,0,0,0,3.6772964307763263e-08,0,0,False,0,0.023150492597231405,False,False,False,False,False,False,False,False,False,False,False,7.777941584431645e-06,1236.473764655657,6024808.930547337,0,0.0,False,23,0,10,1,4349,0,1,0.26785301356119107,731,0.0007994985569988494,1867651556.6534173,7122647.331488691,2298919667129.0215,1000808438831.5908,4.553794235144863e-05,1.0,6.071725646859802,0.00036,0.0,10388024708.20047,840.4432004940379,0.0,0.0,0.750559499373431,0.07758846489535814,0.08131600491489568,0.750559499373431,0
0.0023235288333728343,-60.406228176129886,0.009261772763849319,8.995956478642423e-06,8.9972657772346e-07,0.0,False,42,False,shielded,nan,nan,36019.35198636835,nan,nan,nan,36021.57494691292,nan,nan,nan,2400000.0,40563.68775094954,nan,1565.6834082136963,2.0,0.001,1.0,completed_flow,7.914998860213216e-06,5.058157577114681e-09,5.556335502762731,0.000208003320763847,plastic_shielded_case64_M1,True,5.561746808706813,,terminate,False,nan,1.0,20000,1.0,3687351.123463283,False,0,0.0,1.0,3.989816560199753e-07,0.00018853036526293206,0,1.0131885444827747e-08,0,0.0,0.0,0.0,0.0,0.0,inf,0.0,0.0,0.0,0.0,0.0,0.0,inf,inf,0.0,0.0,inf,0.00010742070357949557,0.00014235762748938396,0.5028149527191168,False,10377298651.023462,8.470329472543003e-22,0.7164841138592031,4422.9472349258485,7.664137701947947e-22,0.7164841137697815,0,0,0,0,7.383377197956305e-08,0,0,False,0,0.03511238211028605,False,False,False,False,False,False,False,False,False,False,False,7.687206624756126e-06,1230.2109900940818,5994650.082503582,0,0.0,False,23,0,11,1,4349,0,1,0.26831022755767386,749,0.0008314951109200569,1867651556.6534173,7403791.1202875,2361256599353.42,1000843059080.1229,4.553794235144863e-05,1.0,6.071725646859802,0.00036,0.0,10387405084.993456,840.4432004940379,0.0,0.0,0.8027063683717383,0.08291832955288582,0.08671316307417352,0.8027063683717383,0
0.0024163086226604014,-62.84894672585293,0.009630259603322755,8.995962361494191e-06,8.997324605751987e-07,0.0,False,43,False,shielded,nan,nan,36019.35198636835,nan,nan,nan,36021.57494691292,nan,nan,nan,2400000.0,42207.65532957392,nan,1643.9675786243813,2.0,0.001,1.0,completed_flow,8.301133773867147e-06,5.0524450127906276e-09,5.554987087936578,0.00021630445453771414,plastic_shielded_case64_M1,True,5.56139869204104,,terminate,False,nan,1.0,20000,1.0,3782130.8633724283,False,0,0.0,1.0,3.961612869688446e-07,0.00037455435295488757,0,1.0119014732311734e-08,0,0.0,0.0,0.0,0.0,0.0,inf,0.0,0.0,0.0,0.0,0.0,0.0,inf,inf,0.0,0.0,inf,0.00010736557662257914,0.00014226717476561275,0.5025622150076889,False,10374780281.974382,1.6940658945086007e-21,0.7178935409416295,4422.9472349258485,6.963484467156163e-21,0.717893540852005,0,0,0,0,1.1318737609558245e-07,0,0,False,0,0.04751475159742882,False,False,False,False,False,False,False,False,False,False,False,7.593073889250288e-06,1222.766701074346,5958806.712610706,0,0.0,False,23,0,12,1,4349,0,1,0.26878660463057635,757,0.0008650832118058108,1867651556.6534173,7698600.433150524,2427530075404.0737,1000879584895.3849,4.553794235144863e-05,1.0,6.071725646859802,0.00036,0.0,10386754924.360727,840.4432004940379,0.0,0.0,0.8575330664315008,0.08855731038770814,0.09241169061937063,0.8575330664315008,0
0.0025136134341748884,-65.41335418252282,0.010016607708378089,8.995968537411924e-06,8.997386364929496e-07,0.0,False,44,False,shielded,nan,nan,36019.35198636835,nan,nan,nan,36021.57494691292,nan,nan,nan,2400000.0,43933.821287129525,nan,1726.1659575556005,2.0,0.001,1.0,completed_flow,8.705614740426578e-06,5.046460545434973e-09,5.553007299310053,0.00022501006927814072,plastic_shielded_case64_M1,True,5.5610334310640335,,terminate,False,nan,1.0,20000,1.0,3802260.299254686,False,0,0.0,1.0,3.9285265408442903e-07,0.0006419686872232962,0,1.0108345230472638e-08,0,0.0,0.0,0.0,0.0,0.0,inf,0.0,0.0,0.0,0.0,0.0,0.0,inf,inf,0.0,0.0,inf,0.00010730776304377046,0.00014219214808440013,0.5022971570844941,False,10371082726.66421,1.6940658945086007e-21,0.7193630639429932,4422.9472349258485,6.776758913548039e-21,0.719363063853156,0,0,0,0,1.5499687050688667e-07,0,0,False,0,0.060365704684599786,False,False,False,False,False,False,False,False,False,False,False,7.495474846448163e-06,1213.998466185989,5916592.54581549,0,0.0,False,23,0,13,1,4349,0,1,0.26928229346037164,733,0.0009003416078266446,1867651556.6534173,8007719.451852424,2498017606783.7573,1000918128802.3909,4.553794235144863e-05,1.0,6.071725646859802,0.00036,0.0,10386072744.128437,840.4432004940379,0.0,0.0,0.9150750773965304,0.09451919766285166,0.09842462673207339,0.9150750773965304,0
0.002615658145537214,-68.1054902038286,0.010421654111988143,8.995975020941123e-06,8.997451200221568e-07,0.0,False,45,False,shielded,nan,nan,36019.35198636835,nan,nan,45746.295542562904,36021.57494691292,nan,nan,nan,2400000.0,45746.295542562904,nan,1812.4742554333807,2.0,0.001,1.0,completed_flow,9.129264406444737e-06,5.040191934352449e-09,5.550299379207584,0.00023413933368458546,plastic_shielded_case64_M1,True,5.560650194880848,,terminate,False,nan,1.0,20000,1.0,3826843.7809475204,False,0,0.0,1.0,3.89245626467609e-07,0.0010031492894265032,0,1.009726399307119e-08,0,0.0,0.0,0.0,0.0,0.0,inf,0.0,0.0,0.0,0.0,0.0,0.0,inf,inf,0.0,0.0,inf,0.00010724713550545415,0.00014211418420187024,0.5020191947067101,False,10366025275.469542,3.3881317890172014e-21,0.7208941556198919,4422.9472349258485,1.3921461186042616e-20,0.720894155529831,0,0,0,0,1.9943893933036917e-07,0,0,False,0,0.07367264153189801,False,False,False,False,False,False,False,False,False,False,False,7.394345725782702e-06,1203.7513923669285,5867260.793591608,0,0.0,False,23,0,14,1,4349,0,1,0.2697976312986886,742,0.0009373529025842527,1867651556.6534173,8331820.721365286,2573018342796.7534,1000958810621.808,4.553794235144863e-05,1.0,6.071725646859802,0.00036,0.0,10385356992.474344,840.4432004940379,0.0,0.0,0.9753568373932001,0.1008181354864482,0.10476536610003881,0.9753568373932001,0
0.0026691803341950537,-69.51866032258536,0.010634050210636237,8.9959784243092e-06,8.997485233902161e-07,0.0,False,46,False,shielded,nan,nan,36019.35198636835,nan,nan,45746.295542562904,36021.57494691292,nan,nan,nan,2400000.0,46697.84452666543,nan,951.5489841025249,2.0,0.001,1.0,completed_flow,4.7881048734849596e-06,5.033626456963993e-09,5.546854298645878,0.00023892743855807042,plastic_shielded_case64_M1,True,5.560449113738861,,terminate,False,nan,1.0,20000,1.0,2965023.1811239324,False,0,0.0,1.0,3.8569327234532725e-07,0.0012376383050512444,0,1.0087316075700512e-08,0,0.0,0.0,0.0,0.0,0.0,inf,0.0,0.0,0.0,0.0,0.0,0.0,inf,inf,0.0,0.0,inf,0.00010719982582988058,0.00014204415753432876,0.5018022894690505,False,10359591065.395674,6.776263578034403e-21,0.7216914202263847,4422.9472349258485,2.3964005380833662e-20,0.7216914201362065,0,0,0,0,2.4670514639134795e-07,0,0,False,0,0.08058317423348266,False,False,False,False,False,False,False,False,False,False,False,7.28962829253166e-06,1194.8415393912874,5824435.311632914,0,0.0,False,23,0,15,1,4349,0,1,0.2700655708087847,745,0.0009567797313237776,1867651556.6534173,8501780.085537454,2612799545801.3066,1000980255043.1228,4.553794235144863e-05,1.0,6.071725646859802,0.00036,0.0,10384981442.9665,840.4432004940379,0.0,0.0,0.26486633650829833,0.02729406846223874,0.028333389189804138,0.26486633650829833,1
0.002762692858286564,-71.98961696382784,0.011005060888617857,8.995984375167324e-06,8.997544742483545e-07,0.0,False,47,False,shielded,nan,nan,36019.35198636835,nan,nan,45746.295542562904,36021.57494691292,nan,nan,nan,2400000.0,48361.87117532098,nan,1664.026648655552,2.0,0.001,1.0,completed_flow,8.365365166843926e-06,5.0301863520552726e-09,5.544530290189532,0.00024729280372491434,plastic_shielded_case64_M1,True,5.560097666738526,,terminate,False,nan,1.0,20000,1.0,3874394.267178261,False,0,0.0,1.0,3.8269204498911886e-07,0.0016895004025320988,0,1.0078874339450662e-08,0,0.0,0.0,0.0,0.0,0.0,inf,0.0,0.0,0.0,0.0,0.0,0.0,inf,inf,0.0,0.0,inf,0.0001071551138431407,0.0001419847062865238,0.5015972916655362,False,10355250627.384502,1.3552527156068805e-20,0.723076639144759,4422.9472349258485,3.837182127565292e-20,0.7230766390543757,0,0,0,0,2.7194540809183903e-07,0,0,False,0,0.09254433163137114,False,False,False,False,False,False,False,False,False,False,False,7.235246637669125e-06,1185.8702478968398,5781197.770232299,0,0.0,False,23,0,16,1,4349,0,1,0.2705302522057215,727,0.0009907457330502814,1867651556.6534173,8798677.4102543,2683031911697.753,1001017897884.3973,4.553794235144863e-05,1.0,6.071725646859802,0.00036,0.0,10384325062.429241,840.4432004940379,0.0,0.0,0.7842910446842865,0.08113105635692533,0.08407345486898832,0.7842910446842865,0
0.0028607652587697707,-74.5836668435162,0.011394050750665352,8.995990622473531e-06,8.997607215545905e-07,0.0,False,48,False,shielded,nan,nan,36019.35198636835,nan,nan,45746.295542562904,36021.57494691292,nan,nan,nan,2400000.0,50109.099156409306,nan,1747.2279810883297,2.0,0.001,1.0,completed_flow,8.772892512835817e-06,5.024181618883578e-09,5.540223062137651,0.00025606569623775016,plastic_shielded_case64_M1,True,5.559728913729674,,terminate,False,nan,1.0,20000,1.0,3907735.869650275,False,0,0.0,1.0,3.7833857716706143e-07,0.0022410371122559545,0,1.0069114082903031e-08,0,0.0,0.0,0.0,0.0,0.0,inf,0.0,0.0,0.0,0.0,0.0,0.0,inf,inf,0.0,0.0,inf,0.00010709685752092525,0.00014191593826993253,0.5013301926321075,False,10347206226.208546,3.3881317890172014e-21,0.7245168591701635,4422.9472349258485,1.577547357970831e-20,0.7245168590795649,0,0,0,0,3.1628544300912357e-07,0,0,False,0,0.10493610942681332,False,False,False,False,False,False,False,False,False,False,False,7.141119663460714e-06,1173.291938109745,5720639.289139306,0,0.0,False,23,0,17,1,4349,0,1,0.2710123042758049,735,0.001026400775814167,1867651556.6534173,9109982.261246787,2757685785658.414,1001057616939.5074,4.553794235144863e-05,1.0,6.071725646859802,0.00036,0.0,10383636360.298239,840.4432004940379,0.0,0.0,0.8378798073296685,0.08682514100018582,0.0898188697151345,0.8378798073296685,0
0.002963613980495494,-77.3069190850333,0.011801861915667566,8.995997180940619e-06,8.997672800216641e-07,0.0,False,49,False,shielded,nan,nan,36019.35198636835,nan,nan,45746.295542562904,36021.57494691292,nan,nan,nan,2400000.0,51943.68853655205,nan,1834.5893801427462,2.0,0.001,1.0,completed_flow,9.199724620569485e-06,5.0178918984344376e-09,5.5350250413637045,0.00026526542085831965,plastic_shielded_case64_M1,True,5.5593420162136775,,terminate,False,nan,1.0,20000,1.0,2766002.6707827235,False,0,0.0,1.0,3.731432305810389e-07,0.002906037847574668,0,1.0063637030815418e-08,0,0.0,0.0,0.0,0.0,0.0,inf,0.0,0.0,0.0,0.0,0.0,0.0,inf,inf,0.0,0.0,inf,0.00010703576639781959,0.00014187733390643928,0.5010500929877888,False,10337498134.618568,6.776263578034403e-21,0.7260109072087442,4422.9472349258485,3.1498343906020783e-20,0.7260109071179195,0,0,0,0,3.63414607800412e-07,0,0,False,0,0.11776539881164656,False,False,False,False,False,False,False,False,False,False,False,7.043603970777508e-06,1159.0723347385494,5652172.846596289,0,0.0,False,23,0,18,1,4349,0,1,0.2715111726787269,746,0.0010638283857679228,1867651556.6534173,9436371.428251788,2837071586716.5317,1001099535152.5411,4.553794235144863e-05,1.0,6.071725646859802,0.00036,0.0,10382913770.550222,840.4432004940379,0.0,0.0,0.8941208620567305,0.09285697753643173,0.09589461190479585,0.8941208620567305,0
0.0030714651551103644,-80.16578376261474,0.012229373045806957,8.99600406600602e-06,8.997741650870868e-07,0.0,False,50,False,shielded,nan,nan,36019.35198636835,nan,nan,45746.295542562904,36021.57494691292,nan,nan,nan,2400000.0,53870.00738570193,nan,1926.3188491498836,2.0,0.001,1.0,completed_flow,9.64672138442272e-06,5.011304442292236e-09,5.528813364331049,0.00027491214224274236,plastic_shielded_case64_M1,True,5.5589360964372,,terminate,False,nan,1.0,20000,1.0,3992372.6354574454,False,0,0.0,1.0,3.676132636395594e-07,0.0037000071748844844,0,1.0045773095219233e-08,0,0.0,0.0,0.0,0.0,0.0,inf,0.0,0.0,0.0,0.0,0.0,0.0,inf,inf,0.0,0.0,inf,0.00010697170654296354,0.0001417513489816684,0.5007563781753702,False,10325896886.339102,1.6940658945086007e-21,0.7275593546789868,4422.9472349258485,3.487222108268854e-21,0.7275593545879242,0,0,0,0,4.135351524103671e-07,0,0,False,0,0.13103829165900244,False,False,False,False,False,False,False,False,False,False,False,6.942645330165387e-06,1143.050445320109,5575019.2617826015,0,0.0,False,23,0,19,1,4349,0,1,0.2720268624064902,737,0.0011031161740185412,1867651556.6534173,9778551.262874752,2921523816627.285,1001143783460.4275,4.553794235144863e-05,1.0,6.071725646859802,0.00036,0.0,10382155653.847807,840.4432004940379,0.0,0.0,0.9530371654322776,0.09924179045671001,0.10231512882888716,0.9530371654322776,0
0.003128029753058148,-81.66646256090998,0.012453533921384707,8.99600768012316e-06,8.997777792041874e-07,0.0,False,51,False,shielded,nan,nan,36019.35198636835,nan,nan,45746.295542562904,36021.57494691292,nan,nan,nan,2400000.0,54881.32478150562,nan,1011.3173958036889,2.0,0.001,1.0,completed_flow,5.059214666642555e-06,5.004406008198516e-09,5.521555490154061,0.0002799713569093849,plastic_shielded_case64_M1,True,5.558723120634393,,terminate,False,nan,1.0,20000,1.0,3904194.928690286,False,0,0.0,1.0,3.625860067320747e-07,0.004170299265291294,0,1.0038036919277425e-08,0,0.0,0.0,0.0,0.0,0.0,inf,0.0,0.0,0.0,0.0,0.0,0.0,inf,inf,0.0,0.0,inf,0.00010692172138386257,0.00014169675505557388,0.5005271936968116,False,10312341706.334454,8.470329472543003e-22,0.7283622858400383,4422.9472349258485,3.550642730284492e-21,0.7283622857488511,0,0,0,0,4.668663705562723e-07,0,0,False,0,0.13792643222027187,False,False,False,False,False,False,False,False,False,False,False,6.838195802318306e-06,1128.0374841414648,5502785.706945174,0,0.0,False,23,0,20,1,4349,0,1,0.27229375360250035,737,0.0011237376790041562,1867651556.6534173,9957979.363416243,2966311412584.2505,1001167109900.5973,4.553794235144863e-05,1.0,6.071725646859802,0.00036,0.0,10381757889.258165,840.4432004940379,0.0,0.0,0.25878445025835733,0.026892494808051455,0.027702025432635426,0.25878445025835733,1
0.0032280066375648397,-84.3210629307968,0.0128496408242329,8.996014073254452e-06,8.997841723354776e-07,0.0,False,52,False,shielded,nan,nan,36019.35198636835,nan,nan,45746.295542562904,36021.57494691292,nan,nan,nan,2400000.0,56670.533058464505,nan,1789.2082769588856,2.0,0.001,1.0,completed_flow,8.941745657501505e-06,5.000791847676353e-09,5.51714240013926,0.0002889131025668864,plastic_shielded_case64_M1,True,5.558346549354476,,terminate,False,nan,1.0,20000,1.0,3265737.4102863125,False,0,0.0,1.0,3.58146959868811e-07,0.005052519550903621,0,1.002631963964555e-08,0,0.0,0.0,0.0,0.0,0.0,inf,0.0,0.0,0.0,0.0,0.0,0.0,inf,inf,0.0,0.0,inf,0.00010687413360022892,0.0001416140265445084,0.5003089985377006,False,10304099591.89866,1.6940658945086007e-21,0.7297677417689044,4422.9472349258485,6.672679259448572e-21,0.7297677416774966,0,0,0,0,4.953629386713497e-07,0,0,False,0,0.14997935241426946,False,False,False,False,False,False,False,False,False,False,False,6.78399035986932e-06,1115.7696868150178,5443642.397372853,0,0.0,False,23,0,21,1,4349,0,1,0.272759918030033,734,0.0011602132340765483,1867651556.6534173,10275056.929888021,3046300358854.289,1001208539239.4364,4.553794235144863e-05,1.0,6.071725646859802,0.00036,0.0,10381054585.321037,840.4432004940379,0.0,0.0,0.784027244902597,0.0819309522680042,0.08427545853841012,0.784027244902597,0
0.0033328501072852346,-87.1078729930983,0.0132649010504573,8.9960207847892e-06,8.997908838702201e-07,0.0,False,53,False,shielded,nan,nan,36019.35198636835,nan,nan,45746.295542562904,36021.57494691292,nan,nan,nan,2400000.0,58549.201749271335,nan,1878.66869080683,2.0,0.001,1.0,completed_flow,9.376560433058156e-06,4.9944103659460214e-09,5.509026397588474,0.0002982896629999446,plastic_shielded_case64_M1,True,5.557951454961883,,terminate,False,nan,1.0,20000,1.0,4134369.3517767736,False,0,0.0,1.0,3.5192423167439396e-07,0.006072589864274439,0,1.0015733491993197e-08,0,0.0,0.0,0.0,0.0,0.0,inf,0.0,0.0,0.0,0.0,0.0,0.0,inf,inf,0.0,0.0,inf,0.00010681187284522148,0.00014153924268954325,0.5000235233993543,False,10288941727.100882,1.3552527156068805e-20,0.7312208504343813,4422.9472349258485,3.3905676377237324e-20,0.7312208503427419,0,0,0,0,5.460123676106757e-07,0,0,False,0,0.16245359605578413,False,False,False,False,False,False,False,False,False,False,False,6.68914126872395e-06,1097.3486767888637,5354896.542298743,0,0.0,False,23,0,22,1,4349,0,1,0.2732405731990054,748,0.0011985019770094697,1867651556.6534173,10607488.900163094,3131321374818.0234,1001252260673.6873,4.553794235144863e-05,1.0,6.071725646859802,0.00036,0.0,10380316686.663687,840.4432004940379,0.0,0.0,0.8372999860989477,0.08779795212345966,0.09018121768005817,0.8372999860989477,0
0.0034427903200551224,-90.03345119190473,0.013700207535496056,8.99602783052219e-06,8.997979296032514e-07,0.0,False,54,False,shielded,nan,nan,36019.35198636835,nan,nan,45746.295542562904,36021.57494691292,nan,nan,nan,2400000.0,60521.803874618505,nan,1972.6021253471715,2.0,0.001,1.0,completed_flow,9.831893844166998e-06,4.987727132582322e-09,5.499675669975746,0.0003081215568441116,plastic_shielded_case64_M1,True,5.557536941998908,,terminate,False,nan,1.0,20000,1.0,2880546.1318148216,False,0,0.0,1.0,3.448117709991016e-07,0.007248029183295696,0,1.0003669774271758e-08,0,0.0,0.0,0.0,0.0,0.0,inf,0.0,0.0,0.0,0.0,0.0,0.0,inf,inf,0.0,0.0,inf,0.0001067465883268861,0.00014145397262535468,0.49972418000222235,False,10271477826.119127,8.470329472543003e-22,0.732719195944712,4422.9472349258485,1.2224605004964315e-21,0.7327191958528294,0,0,0,0,5.998780612469543e-07,0,0,False,0,0.1753545794118112,False,False,False,False,False,False,False,False,False,False,False,6.5909766203997364e-06,1076.9874806658145,5256781.784641361,0,0.0,False,23,0,23,1,4349,0,1,0.2737347297572063,746,0.0012386935100224773,1867651556.6534173,10955993.312960863,3221727142240.2773,1001298410499.1577,4.553794235144863e-05,1.0,6.071725646859802,0.00036,0.0,10379542520.883133,840.4432004940379,0.0,0.0,0.8931732180559543,0.09402102768804789,0.0964360405305125,0.8931732180559543,0
0.003558067650440311,-93.10467875773706,0.014156491547404615,8.996035227025774e-06,8.998053261068013e-07,0.0,False,55,False,shielded,nan,nan,36019.35198636835,nan,nan,45746.295542562904,36021.57494691292,nan,nan,nan,2400000.0,62593.036106233034,nan,2071.23223161453,2.0,0.001,1.0,completed_flow,1.0308652038455723e-05,4.9807287603743855e-09,5.48893214663436,0.0003184302088825673,plastic_shielded_case64_M1,True,5.557102073287475,,terminate,False,nan,1.0,20000,1.0,4277586.185777522,False,0,0.0,1.0,3.3732453331456065e-07,0.008598447656939304,0,9.991261049139947e-09,0,0.0,0.0,0.0,0.0,0.0,inf,0.0,0.0,0.0,0.0,0.0,0.0,inf,inf,0.0,0.0,inf,0.00010667813778044215,0.00014136621028925135,0.4994103154710029,False,10251412668.026646,1.3552527156068805e-20,0.7342621741893495,4422.9472349258485,3.6268466949002193e-20,0.7342621740972111,0,0,0,0,6.571951729123029e-07,0,0,False,0,0.18868679701985305,False,False,False,False,False,False,False,False,False,False,False,6.489453792196652e-06,1054.5340474113548,5148557.02076747,0,0.0,False,-1,1,0,1,4349,0,1,0.2742419776992939,735,0.0012808818114208903,1867651556.6534173,11321319.248146532,3317897614818.39,1001347133909.5566,4.553794235144863e-05,1.0,6.071725646859802,0.00036,0.0,10378730337.657286,840.4432004940379,0.0,0.0,0.951664613751369,0.1006165164284116,0.10305548051414155,0.951664613751369,0
0.003618522845408534,-94.71681562746075,0.014395718484212616,8.99603910956974e-06,8.998092086507731e-07,0.0,False,56,False,shielded,nan,nan,36019.35198636835,nan,nan,45746.295542562904,36021.57494691292,nan,nan,nan,2400000.0,63680.43302783066,nan,1087.3969215976283,2.0,0.001,1.0,completed_flow,5.405973619738264e-06,4.9734013558647145e-09,5.476730839678535,0.00032383618250230557,plastic_shielded_case64_M1,True,5.556873918634957,,terminate,False,nan,1.0,20000,1.0,185356.79505369382,False,0,0.0,1.0,6.600854450114594e-06,0.008598447656939304,0,9.983807790398467e-09,0,0.0,0.0,0.0,0.0,0.0,inf,0.0,0.0,0.0,0.0,0.0,0.0,inf,inf,0.0,0.0,inf,0.0001066247305379904,0.00014131346994192785,0.49916542606493486,False,10228624878.097393,8.673617379884035e-19,0.7501207617580522,4422.9472349258485,1.4283412304964021e-18,0.7501207616632326,0,0,0,0,0.0,0,0,False,0,0.1955997037879886,False,False,False,False,False,False,False,False,False,False,False,6.600854450114594e-06,1032.7566399710693,5043631.052743416,0,0.0,False,-1,1,0,1,4349,0,1,0.27943263557503045,739,0.0013030254293950226,1867651556.6534173,11512868.450789962,3368897610525.921,1001372822849.7784,4.553794235144863e-05,1.0,6.071725646859802,0.00036,0.0,10378304224.265352,840.4432004940379,0.0,0.0,0.2583447621543991,0.027280837874863482,0.027922562573990825,0.2583447621543991,1
0.0037254600664741178,-97.57097692495672,0.01481877258045372,8.996045983307902e-06,8.998160823889453e-07,0.0,False,57,False,shielded,nan,nan,36019.35198636835,nan,nan,45746.295542562904,36021.57494691292,nan,nan,nan,2400000.0,65605.87652324249,nan,1925.4434954118321,2.0,0.001,1.0,completed_flow,9.56207899881575e-06,4.969563002336973e-09,5.476418808623173,0.0003333982615011213,plastic_shielded_case64_M1,True,5.556470182712878,,terminate,False,nan,1.0,20000,1.0,203195.78669229176,False,0,0.0,1.0,6.557991654958608e-06,0.008598447656939304,0,9.970464288616456e-09,0,0.0,0.0,0.0,0.0,0.0,inf,0.0,0.0,0.0,0.0,0.0,0.0,inf,inf,0.0,0.0,inf,0.000106573862064752,0.00014121900018490837,0.4989321745638309,False,10228042112.811121,1.3552527156068805e-20,0.7779385835341749,4422.9472349258485,5.96900915269108e-20,0.7779385834346082,0,0,0,0,0.0,0,0,False,0,0.20769615057818305,False,False,False,False,False,False,False,False,False,False,False,6.557991654958608e-06,1027.406768542692,5017764.321985601,0,0.0,False,-1,1,0,1,4349,0,1,0.2884740668201182,742,0.0013422260924300538,1867651556.6534173,11851626.736720819,3460055785063.6904,1001418492588.591,4.553794235144863e-05,1.0,6.071725646859802,0.00036,0.0,10377550186.242004,840.4432004940379,0.0,0.0,0.7837671709388055,0.08334979718474508,0.08520705992790092,0.7837671709388055,0
0.003837592890729158,-100.56725011969353,0.015262234697610233,8.996053199297232e-06,8.998232983782651e-07,0.0,False,58,False,shielded,nan,nan,36019.35198636835,nan,nan,45746.295542562904,36021.57494691292,nan,nan,nan,2400000.0,67627.59219342492,nan,2021.7156701824238,2.0,0.001,1.0,completed_flow,1.0026147978277908e-05,4.96278082819924e-09,5.476010279257275,0.0003434244094793992,plastic_shielded_case64_M1,True,5.556046610699738,,terminate,False,nan,1.0,20000,1.0,216673.58771506813,False,0,0.0,1.0,6.515677260141664e-06,0.008598447656939304,0,9.959574448511004e-09,0,0.0,0.0,0.0,0.0,0.0,inf,0.0,0.0,0.0,0.0,0.0,0.0,inf,inf,0.0,0.0,inf,0.00010650729360207789,0.0001411418550888876,0.49862692935071506,False,10227279122.304964,2.168404344971009e-19,0.8068419360898635,4422.9472349258485,7.372476400923599e-19,0.8068419359853106,0,0,0,0,0.0,0,0,False,0,0.22020169424488725,False,False,False,False,False,False,False,False,False,False,False,6.515677260141664e-06,1021.693296283721,4990179.238970371,0,0.0,False,-1,1,0,1,4349,0,1,0.29778542574811706,782,0.00138337466492396,1867651556.6534173,12206752.011218132,3556944215287.981,1001466696762.3479,4.553794235144863e-05,1.0,6.071725646859802,0.00036,0.0,10376759101.31231,840.4432004940379,0.0,0.0,0.8366998280271144,0.08941404391708863,0.0912965544237825,0.8366998280271144,0
0.0039551660653592835,-103.71268128309859,0.015727051473103604,8.99606077450691e-06,8.998308735879356e-07,0.0,False,59,False,shielded,nan,nan,36019.35198636835,nan,nan,45746.295542562904,36021.57494691292,nan,nan,nan,2400000.0,69750.39364711646,nan,2122.8014536915452,2.0,0.001,1.0,completed_flow,1.0512025641099931e-05,4.955679234222325e-09,5.475581687084236,0.00035393643512049916,plastic_shielded_case64_M1,True,5.5556022459880365,,terminate,False,nan,1.0,20000,1.0,215575.36094396893,False,0,0.0,1.0,6.468955850141309e-06,0.008598447656939304,0,9.94639818196744e-09,0,0.0,0.0,0.0,0.0,0.0,inf,0.0,0.0,0.0,0.0,0.0,0.0,inf,inf,0.0,0.0,inf,0.00010643749899342301,0.00014104845623532432,0.4983068864651671,False,10226478661.465818,2.168404344971009e-19,0.8368483152866635,4422.9472349258485,5.3731210247000185e-19,0.8368483151768757,0,0,0,0,0.0,0,0,False,0,0.23312013595401548,False,False,False,False,False,False,False,False,False,False,False,6.468955850141309e-06,1015.7349423441939,4961410.049459722,0,0.0,False,-1,1,0,1,4349,0,1,0.30736254470470714,786,0.001426567334297544,1867651556.6534173,12579005.955439867,3659963780420.616,1001517586690.3483,4.553794235144863e-05,1.0,6.071725646859802,0.00036,0.0,10375929182.866777,840.4432004940379,0.0,0.0,0.8921773460528407,0.09585318189589308,0.09775408019854061,0.8921773460528407,0
0.004078435105861256,-107.01466293103385,0.016214209706060467,8.996068726740488e-06,8.998388258215115e-07,0.0,False,60,False,shielded,nan,nan,36019.35198636835,nan,nan,45746.295542562904,36021.57494691292,nan,nan,nan,2400000.0,71979.33517349258,nan,2228.9415263761225,2.0,0.001,1.0,completed_flow,1.1020666142560695e-05,4.948244174735932e-09,5.475132065373229,0.00036495710126305985,plastic_shielded_case64_M1,True,5.555136087632442,,terminate,False,nan,1.0,20000,1.0,189333.41578119714,False,0,0.0,1.0,6.4201345793313795e-06,0.008598447656939304,0,9.933008757474135e-09,0,0.0,0.0,0.0,0.0,0.0,inf,0.0,0.0,0.0,0.0,0.0,0.0,inf,inf,0.0,0.0,inf,0.00010636432712286622,0.0001409534830405817,0.49797135232011863,False,10225638924.777351,1.734723475976807e-18,0.867984865840115,4422.9472349258485,2.6124137101604642e-18,0.8679848657248315,0,0,0,0,0.0,0,0,False,0,0.2464542332623251,False,False,False,False,False,False,False,False,False,False,False,6.4201345793313795e-06,1009.5232820511713,4931415.833471284,0,0.0,False,-1,1,0,1,4349,0,1,0.3172036773619351,757,0.0014719049788015492,1867651556.6534173,12969182.808392204,3769546249085.1675,1001571323608.7399,4.553794235144863e-05,1.0,6.071725646859802,0.00036,0.0,10375058561.488304,840.4432004940379,0.0,0.0,0.9502117375913922,0.10268470065740742,0.10459634905532515,0.9502117375913922,0
0.004143076594576245,-108.74790828439552,0.0164696000466793,8.996072900952629e-06,8.998430000336553e-07,0.0,False,61,False,shielded,nan,nan,36019.35198636835,nan,nan,45746.295542562904,36021.57494691292,nan,nan,nan,2400000.0,73149.52947484005,nan,1170.1943013474643,2.0,0.001,1.0,completed_flow,5.77891332800357e-06,4.940461087152669e-09,5.474781108679402,0.0003707360145910634,plastic_shielded_case64_M1,True,5.5548915282841085,,terminate,False,nan,1.0,20000,1.0,173290.77827892426,False,0,0.0,1.0,6.390252412515282e-06,0.008598447656939304,0,9.921230014392616e-09,0,0.0,0.0,0.0,0.0,0.0,inf,0.0,0.0,0.0,0.0,0.0,0.0,inf,inf,0.0,0.0,inf,0.00010630724067719661,0.00014086988171837703,0.4977095759651845,False,10224983459.961807,8.673617379884035e-19,0.8841966265964392,4422.9472349258485,1.1003217660249139e-18,0.8841966264782706,0,0,0,0,0.0,0,0,False,0,0.2533615662712355,False,False,False,False,False,False,False,False,False,False,False,6.390252412515282e-06,1006.0961266607324,4914922.320105502,0,0.0,False,-1,1,0,1,4349,0,1,0.32229047411566275,733,0.001495701245935477,1867651556.6534173,13173743.58318399,3827656127070.34,1001599659547.0272,4.553794235144863e-05,1.0,6.071725646859802,0.00036,0.0,10374601809.840696,840.4432004940379,0.0,0.0,0.25787809146881535,0.02785410635824974,0.02835588821406823,0.25787809146881535,1
0.0042575140343744655,-111.81922719113479,0.016921605948461482,8.996080297676154e-06,8.998503967571797e-07,0.0,False,62,False,shielded,nan,nan,36019.35198636835,nan,nan,45746.295542562904,36021.57494691292,nan,nan,nan,2400000.0,75223.455514815,nan,2073.9260399749414,2.0,0.001,1.0,completed_flow,1.0230216543883751e-05,4.936384656858202e-09,5.474446457970396,0.00038096623113494717,plastic_shielded_case64_M1,True,5.5544583912009395,,terminate,False,nan,1.0,20000,1.0,212548.2544258467,False,0,0.0,1.0,6.3495704435688425e-06,0.008598447656939304,0,9.91092064022912e-09,0,0.0,0.0,0.0,0.0,0.0,inf,0.0,0.0,0.0,0.0,0.0,0.0,inf,inf,0.0,0.0,inf,0.00010625284211457717,0.00014079666872128795,0.49746012156545016,False,10224358449.044197,3.3881317890172014e-21,0.912667022451222,4422.9472349258485,1.6133194357874625e-20,0.9126670223279394,0,0,0,0,0.0,0,0,False,0,0.26544820000933866,False,False,False,False,False,False,False,False,False,False,False,6.3495704435688425e-06,1000.512540633823,4887917.578322346,0,0.0,False,-1,1,0,1,4349,0,1,0.3311564149011823,757,0.00153786505988372,1867651556.6534173,13535809.051482277,3931612446930.1455,1001650086852.8707,4.553794235144863e-05,1.0,6.071725646859802,0.00036,0.0,10373792860.693071,840.4432004940379,0.0,0.0,0.7834856041694803,0.08533405187719266,0.08678185132341973,0.7834856041694803,0
0.004377500197881523,-115.0434282488964,0.01739536091195948,8.996088062589054e-06,8.998581616700833e-07,0.0,False,63,False,shielded,nan,nan,36019.35198636835,nan,nan,45746.295542562904,36021.57494691292,nan,nan,nan,2400000.0,77401.07785678869,nan,2177.6223419736884,2.0,0.001,1.0,completed_flow,1.0725661829452898e-05,4.9291763635260985e-09,5.47400819109395,0.00039169189296440007,plastic_shielded_case64_M1,True,5.5540040004136,,terminate,False,nan,1.0,20000,1.0,203545.66987801602,False,0,0.0,1.0,6.30319101363956e-06,0.008598447656939304,0,9.898881258703888e-09,0,0.0,0.0,0.0,0.0,0.0,inf,0.0,0.0,0.0,0.0,0.0,0.0,inf,inf,0.0,0.0,inf,0.00010618163657900519,0.00014071112170167412,0.4971335920680401,False,10223539919.230173,2.710505431213761e-20,0.9422274873633095,4422.9472349258485,2.0601429664240024e-19,0.9422274872346577,0,0,0,0,0.0,0,0,False,0,0.27792864420183017,False,False,False,False,False,False,False,False,False,False,False,6.30319101363956e-06,994.5517920141407,4859130.098215825,0,0.0,False,-1,1,0,1,4349,0,1,0.34027422307241467,747,0.0015821231708114647,1867651556.6534173,13915324.607753903,4042098054884.3384,1001703321108.435,4.553794235144863e-05,1.0,6.071725646859802,0.00036,0.0,10372944217.031767,840.4432004940379,0.0,0.0,0.8360504273063981,0.09162146065160663,0.09308065583015539,0.8360504273063981,0
0.00450329535024141,-118.42808741864907,0.017891868276988188,8.996096213936657e-06,8.998663130177141e-07,0.0,False,64,False,shielded,nan,nan,36019.35198636835,nan,nan,45746.295542562904,36021.57494691292,nan,nan,nan,2400000.0,79687.58131586105,nan,2286.503459072373,2.0,0.001,1.0,completed_flow,1.124428632092502e-05,4.921630043790775e-09,5.473548428866321,0.0004029361792853251,plastic_shielded_case64_M1,True,5.553527333637076,,terminate,False,nan,1.0,20000,1.0,154771.416075334,False,0,0.0,1.0,6.254436728160927e-06,0.008598447656939304,0,9.891946389042338e-09,0,0.0,0.0,0.0,0.0,0.0,inf,0.0,0.0,0.0,0.0,0.0,0.0,inf,inf,0.0,0.0,inf,0.00010610698804695434,0.00014066182168519738,0.49679126886566327,False,10222681243.590052,2.710505431213761e-20,0.9729035231567164,4422.9472349258485,1.53330739878702e-19,0.9729035230224274,0,0,0,0,0.0,0,0,False,0,0.29080495700514886,False,False,False,False,False,False,False,False,False,False,False,6.254436728160927e-06,988.3386060219315,4829121.457528814,0,0.0,False,-1,1,0,1,4349,0,1,0.34964168297582954,776,0.0016285789118909647,1867651556.6534173,14313098.07130542,4159568826804.9365,1001759530562.3368,4.553794235144863e-05,1.0,6.071725646859802,0.00036,0.0,10372053969.584587,840.4432004940379,0.0,0.0,0.8911002637659079,0.0983033257937523,0.09976701526177408,0.8911002637659079,0
0.004635171097613466,-121.98115277095155,0.018412173405333854,8.996104770860526e-06,8.998748699415866e-07,0.0,False,65,False,shielded,nan,nan,36019.35198636835,81731.57819610696,81731.57820661708,45746.295542562904,36021.57494691292,nan,nan,nan,2400000.0,82088.40994788705,nan,2400.8286320259917,2.0,0.001,1.0,completed_flow,1.1787093860810753e-05,4.9137309789203895e-09,5.47306613834134,0.00041472327314613584,plastic_shielded_case64_M1,True,5.553027321471585,,terminate,False,nan,1.0,20000,1.0,208912.14177788445,False,0,0.0,1.0,6.2052134805517286e-06,0.008598447656939304,0,9.870983949474451e-09,0,0.0,0.0,0.0,0.0,0.0,inf,0.0,0.0,0.0,0.0,0.0,0.0,inf,inf,0.0,0.0,inf,0.00010602873603747422,0.00014051269446617185,0.4964324152870937,False,10221780492.940311,2.168404344971009e-19,1.004730380653954,4422.9472349258485,8.890485238429475e-19,1.0047303805137455,0,0,0,0,0.0,0,0,False,0,0.304078034549586,False,False,False,False,False,False,False,False,False,False,False,6.2052134805517286e-06,981.8646015162452,4797850.907730221,0,0.0,False,-1,1,0,1,4349,0,1,0.359258683047157,787,0.001677340647799894,1867651556.6534173,14729971.367004834,4284515631672.927,1001818894528.352,4.553794235144863e-05,1.0,6.071725646859802,0.00036,0.0,10371120121.085361,840.4432004940379,0.0,0.0,0.9486411352542264,0.10539827083809888,0.1068587669328141,0.9486411352542264,0
0.004704320338909884,-123.84617387748847,0.018684913525056746,8.99610926243109e-06,8.998793615121208e-07,0.0,False,66,False,shielded,nan,nan,36019.35198636835,81731.57819610696,81731.57820661708,45746.295542562904,36021.57494691292,nan,nan,nan,2400000.0,83348.84497970069,nan,1260.4350318136458,2.0,0.001,1.0,completed_flow,6.180289048613222e-06,4.9054639225220516e-09,5.4726897001764545,0.00042090356219474907,plastic_shielded_case64_M1,True,5.552765014779825,,terminate,False,nan,1.0,20000,1.0,187526.083351767,False,0,0.0,1.0,6.173001465782556e-06,0.008598447656939304,0,9.858428061704185e-09,0,0.0,0.0,0.0,0.0,0.0,inf,0.0,0.0,0.0,0.0,0.0,0.0,inf,inf,0.0,0.0,inf,0.0001059676914488201,0.00014042329579864822,0.4961524693594216,False,10221077437.615679,8.673617379884035e-19,1.021294397602017,4422.9472349258485,1.2929618526400821e-18,1.021294397458702,0,0,0,0,0.0,0,0,False,0,0.31094665995093596,False,False,False,False,False,False,False,False,False,False,False,6.173001465782556e-06,978.2938012713117,4780660.832327054,0,0.0,False,-1,1,0,1,4349,0,1,0.36422473341299355,741,0.0017029336911938667,1867651556.6534173,14948507.332215639,4350769782645.3145,1001850201674.4406,4.553794235144863e-05,1.0,6.071725646859802,0.00036,0.0,10370630223.584177,840.4432004940379,0.0,0.0,0.2573738831592057,0.02859993273932932,0.028981632647073235,0.2573738831592057,1
0.0048268484368907405,-127.15420024911238,0.0191680522424017,8.996117229222257e-06,8.998873283033305e-07,0.0,False,67,False,shielded,nan,nan,36019.35198636835,81731.57819610696,81731.57820661708,45746.295542562904,36021.57494691292,nan,nan,nan,2400000.0,85584.89099764707,nan,2236.046017946382,2.0,0.001,1.0,completed_flow,1.0950590393002467e-05,4.901134727725015e-09,5.472330550403518,0.00043185415258775153,plastic_shielded_case64_M1,True,5.5523000133356435,,terminate,False,nan,1.0,20000,1.0,206850.35160998162,False,0,0.0,1.0,6.131558240812863e-06,0.008598447656939304,0,9.847598800836396e-09,0,0.0,0.0,0.0,0.0,0.0,inf,0.0,0.0,0.0,0.0,0.0,0.0,inf,inf,0.0,0.0,inf,0.00010590949124176354,0.0001403461450859267,0.4958855633780654,False,10220406670.983183,2.710505431213761e-20,1.0504066772474463,4422.9472349258485,9.760208707608466e-20,1.0504066770986193,0,0,0,0,0.0,0,0,False,0,0.3229654039481716,False,False,False,False,False,False,False,False,False,False,False,6.131558240812863e-06,972.4737788806465,4752503.63486585,0,0.0,False,-1,1,0,1,4349,0,1,0.37288201292394346,728,0.001748324837057338,1867651556.6534173,15335651.090661038,4469406899981.798,1001905977928.7792,4.553794235144863e-05,1.0,6.071725646859802,0.00036,0.0,10369761762.913105,840.4432004940379,0.0,0.0,0.7831802488380074,0.08785681778576065,0.08895062744270693,0.7831802488380074,0
0.004955304530588678,-130.62684272639916,0.019674373972322412,8.99612559246201e-06,8.998956915430622e-07,0.0,False,68,False,shielded,nan,nan,36019.35198636835,81731.57819610696,81731.57820661708,45746.295542562904,36021.57494691292,nan,nan,nan,2400000.0,87932.73931649077,nan,2347.8483188437012,2.0,0.001,1.0,completed_flow,1.147971132501685e-05,4.89347319813334e-09,5.471860056554045,0.0004433338639127684,plastic_shielded_case64_M1,True,5.551812225865002,,terminate,False,nan,1.0,20000,1.0,205582.40359150828,False,0,0.0,1.0,6.084027000951384e-06,0.008598447656939304,0,9.835234440274414e-09,0,0.0,0.0,0.0,0.0,0.0,inf,0.0,0.0,0.0,0.0,0.0,0.0,inf,inf,0.0,0.0,inf,0.00010583328928246165,0.00014025800600900345,0.49553609716538055,False,10219527952.412819,1.6940658945086007e-21,1.0806256618185521,4422.9472349258485,8.056459098135988e-21,1.0806256616639363,0,0,0,0,0.0,0,0,False,0,0.3353595305423683,False,False,False,False,False,False,False,False,False,False,False,6.084027000951384e-06,966.2632403728556,4722500.259557737,0,0.0,False,-1,1,0,1,4349,0,1,0.38177632383392496,754,0.0017959696004830555,1867651556.6534173,15741404.008236943,4595488674727.499,1001964868183.1177,4.553794235144863e-05,1.0,6.071725646859802,0.00036,0.0,10368850745.884245,840.4432004940379,0.0,0.0,0.8353466442023116,0.09439495827566685,0.09548621422307565,0.8353466442023116,0
0.005089965390038365,-134.27225401669523,0.020204941881067362,8.996134371784627e-06,8.999044708656515e-07,0.0,False,69,False,shielded,nan,nan,36019.35198636835,81731.57819610696,81731.57820661708,45746.295542562904,36021.57494691292,nan,nan,nan,2400000.0,90397.98005127665,nan,2465.2407347858866,2.0,0.001,1.0,completed_flow,1.2033467237475054e-05,4.885454064065987e-09,5.471366519092145,0.00045536733115024344,plastic_shielded_case64_M1,True,5.551300559494176,,terminate,False,nan,1.0,20000,1.0,204243.7400251929,False,0,0.0,1.0,6.0337500433648415e-06,0.008598447656939304,0,9.820075297747025e-09,0,0.0,0.0,0.0,0.0,0.0,inf,0.0,0.0,0.0,0.0,0.0,0.0,inf,inf,0.0,0.0,inf,0.00010575341186250476,0.00014014986876028707,0.49516976929836687,False,10218606196.403833,1.3552527156068805e-20,1.1119750316521675,4422.9472349258485,3.907320116259476e-20,1.1119750314914743,0,0,0,0,0.0,0,0,False,0,0.34812924476486307,False,False,False,False,False,False,False,False,False,False,False,6.0337500433648415e-06,959.7931129821236,4691240.549633882,0,0.0,False,-1,1,0,1,4349,0,1,0.3909041276826487,768,0.001845979080607466,1867651556.6534173,16166622.648330325,4729533786314.286,1002027059795.113,4.553794235144863e-05,1.0,6.071725646859802,0.00036,0.0,10367895131.390284,840.4432004940379,0.0,0.0,0.8899336607369435,0.10134802968486813,0.10242962350450568,0.8899336607369435,0
0.005231119719103172,-138.09898682104227,0.020760863036774713,8.996143587787727e-06,8.999136868687486e-07,0.0,False,70,False,shielded,nan,nan,36019.35198636835,81731.57819610696,81731.57820661708,45746.295542562904,36021.57494691292,nan,nan,nan,2400000.0,92986.48282280183,nan,2588.502771525181,2.0,0.001,1.0,completed_flow,1.2612913215115894e-05,4.8770619200275335e-09,5.470848833918685,0.00046798024436535933,plastic_shielded_case64_M1,True,5.550763871290516,,terminate,False,nan,1.0,20000,1.0,202830.38432134618,False,0,0.0,1.0,5.98272983981406e-06,0.008598447656939304,0,9.808014923131625e-09,0,0.0,0.0,0.0,0.0,0.0,inf,0.0,0.0,0.0,0.0,0.0,0.0,inf,inf,0.0,0.0,inf,0.00010566968858034648,0.0001400637768467512,0.49478579744970635,False,10217639340.883766,2.710505431213761e-20,1.1444884579053607,4422.9472349258485,8.172934846096299e-20,1.1444884577382857,0,0,0,0,0.0,0,0,False,0,0.36127347807984195,False,False,False,False,False,False,False,False,False,False,False,5.98272983981406e-06,953.055119517537,4658684.216670011,0,0.0,False,-1,1,0,1,4349,0,1,0.4002641139685254,776,0.0018984697773129432,1867651556.6534173,16612199.249905104,4872100563694.497,1002092752483.0878,4.553794235144863e-05,1.0,6.071725646859802,0.00036,0.0,10366892784.831282,840.4432004940379,0.0,0.0,0.9469409128315657,0.1087358093776,0.1097998630500534,0.9469409128315657,0
0.00530512780067105,-140.1076333889158,0.021052241362841118,8.99614842525452e-06,8.999185243355703e-07,0.0,False,71,False,shielded,nan,nan,36019.35198636835,81731.57819610696,81731.57820661708,45746.295542562904,36021.57494691292,nan,nan,nan,2400000.0,94345.44677785254,nan,1358.96395505072,2.0,0.001,1.0,completed_flow,6.6126927431944295e-06,4.868280824228825e-09,5.4704447909129925,0.00047459293710855376,plastic_shielded_case64_M1,True,5.550482339740947,,terminate,False,nan,1.0,20000,1.0,201285.71461401597,False,0,0.0,1.0,5.951513915553144e-06,0.008598447656939304,0,9.791451714416678e-09,0,0.0,0.0,0.0,0.0,0.0,inf,0.0,0.0,0.0,0.0,0.0,0.0,inf,inf,0.0,0.0,inf,0.00010560438188565983,0.00013994545554954737,0.49448628393338623,False,10216884729.335228,5.293955920339377e-23,1.1614117054278086,4422.9472349258485,5.866601217155111e-22,1.1614117052573834,0,0,0,0,0.0,0,0,False,0,0.36806776105746436,False,False,False,False,False,False,False,False,False,False,False,5.951513915553144e-06,949.33994962998,4640793.265092831,0,0.0,False,-1,1,0,1,4349,0,1,0.4050951507876379,758,0.0019260195183153197,1867651556.6534173,16845757.867209397,4947693943199.373,1002127401628.784,4.553794235144863e-05,1.0,6.071725646859802,0.00036,0.0,10366366981.994482,840.4432004940379,0.0,0.0,0.25682838120366736,0.029512921388999847,0.02978882439633939,0.25682838120366736,1
0.005436393731299227,-143.67415204469907,0.021568890467840496,8.996157014578265e-06,8.999271136593235e-07,0.0,False,72,False,shielded,nan,nan,36019.35198636835,81731.57819610696,81731.57820661708,45746.295542562904,36021.57494691292,nan,nan,nan,2400000.0,96758.84473043149,nan,2413.397952578951,2.0,0.001,1.0,completed_flow,1.1728168081171506e-05,4.863683264350544e-09,5.470059069399207,0.00048632110518972527,plastic_shielded_case64_M1,True,5.549982754226464,,terminate,False,nan,1.0,20000,1.0,190786.371399976,False,0,0.0,1.0,5.905451693365205e-06,0.008598447656939304,0,9.77972399019547e-09,0,0.0,0.0,0.0,0.0,0.0,inf,0.0,0.0,0.0,0.0,0.0,0.0,inf,inf,0.0,0.0,inf,0.00010554208349386421,0.00013986161660297676,0.49420056248122035,False,10216164335.949574,2.168404344971009e-19,1.1911623465594345,4422.9472349258485,1.3661869016248284e-18,1.1911623463830614,0,0,0,0,0.0,0,0,False,0,0.37995614492434404,False,False,False,False,False,False,False,False,False,False,False,5.905451693365205e-06,943.2818967809118,4611474.485113182,0,0.0,False,-1,1,0,1,4349,0,1,0.4135137225623612,740,0.0019749320525781016,1867651556.6534173,17259912.32435312,5083191721332.181,1002189204854.7906,4.553794235144863e-05,1.0,6.071725646859802,0.00036,0.0,10365433930.330677,840.4432004940379,0.0,0.0,0.7828485648232691,0.09090966436775128,0.09168920031300046,0.7828485648232691,0
0.005573995350009131,-147.41809381811976,0.022110256613058987,8.996166031193974e-06,8.999361302749995e-07,0.0,False,73,False,shielded,nan,nan,36019.35198636835,81731.57819610696,81731.57820661708,45746.295542562904,36021.57494691292,nan,nan,nan,2400000.0,99292.91258063939,nan,2534.0678502078986,2.0,0.001,1.0,completed_flow,1.2293459779662936e-05,4.855539559354857e-09,5.469553600172389,0.0004986145649693882,plastic_shielded_case64_M1,True,5.549458724337409,,terminate,False,nan,1.0,20000,1.0,199143.86562925382,False,0,0.0,1.0,5.8568313829607676e-06,0.008598447656939304,0,9.766253591576217e-09,0,0.0,0.0,0.0,0.0,0.0,inf,0.0,0.0,0.0,0.0,0.0,0.0,inf,inf,0.0,0.0,inf,0.00010546049228075458,0.0001397652576093596,0.4938263527507218,False,10215220295.561264,1.0842021724855044e-19,1.2220362980244874,4422.9472349258485,3.3884066445309586e-19,1.222036297841868,0,0,0,0,0.0,0,0,False,0,0.39219831703435004,False,False,False,False,False,False,False,False,False,False,False,5.8568313829607676e-06,936.8203055873676,4580247.614527373,0,0.0,False,-1,1,0,1,4349,0,1,0.422153846787561,762,0.0020262719045364918,1867651556.6534173,17693916.94712142,5227183958170.081,1002254468754.5077,4.553794235144863e-05,1.0,6.071725646859802,0.00036,0.0,10364455225.09265,840.4432004940379,0.0,0.0,0.8345827735416502,0.097838634661978,0.09849082511197124,0.8345827735416502,0
0.005718226980021002,-151.34824026350978,0.022677466033229843,8.996175496250375e-06,8.999455953313974e-07,0.0,False,74,False,shielded,nan,nan,36019.35198636835,81731.57819610696,81731.57820661708,45746.295542562904,36021.57494691292,nan,nan,nan,2400000.0,101953.68382335769,nan,2660.7712427182937,2.0,0.001,1.0,completed_flow,1.288493245434313e-05,4.847017667701685e-09,5.4690234119907295,0.0005114994974237313,plastic_shielded_case64_M1,True,5.548909081278409,,terminate,False,nan,1.0,20000,1.0,197660.1167471852,False,0,0.0,1.0,5.805804572225553e-06,0.008598447656939304,0,9.751611244077494e-09,0,0.0,0.0,0.0,0.0,0.0,inf,0.0,0.0,0.0,0.0,0.0,0.0,inf,inf,0.0,0.0,inf,0.0001053749762637315,0.0001396604398098438,0.49343413564194694,False,10214230088.77847,1.0842021724855044e-19,1.2540587528349771,4422.9472349258485,3.2604200676006803e-19,1.254058752645799,0,0,0,0,0.0,0,0,False,0,0.40479254340919457,False,False,False,False,False,False,False,False,False,False,False,5.805804572225553e-06,930.0924913856758,4547731.657364366,0,0.0,False,-1,1,0,1,4349,0,1,0.43101177228512616,784,0.0020801586274345548,1867651556.6534173,18148679.75564152,5380261112086.249,1002323402292.7583,4.553794235144863e-05,1.0,6.071725646859802,0.00036,0.0,10363428683.377905,840.4432004940379,0.0,0.0,0.8886681947571573,0.10528772207680853,0.10572153526452846,0.8886681947571573,0
0.00586939549001797,-155.47380327520935,0.023271690750856888,8.996185431932687e-06,8.99955531013722e-07,0.0,False,75,False,shielded,nan,nan,36019.35198636835,81731.57819610696,81731.57820661708,45746.295542562904,36021.57494691292,nan,nan,nan,2400000.0,104747.49362821189,nan,2793.8098048542083,2.0,0.001,1.0,completed_flow,1.3503693833168541e-05,4.838101486881146e-09,5.468467324255015,0.0005250031912568999,plastic_shielded_case64_M1,True,5.548332603075617,,terminate,False,nan,1.0,20000,1.0,196092.60283058762,False,0,0.0,1.0,5.752310532674312e-06,0.008598447656939304,0,9.734287939230795e-09,0,0.0,0.0,0.0,0.0,0.0,inf,0.0,0.0,0.0,0.0,0.0,0.0,inf,inf,0.0,0.0,inf,0.0001052853545409263,0.00013953632860741653,0.4930230804853183,False,10213191510.653227,1.0842021724855044e-19,1.287254118173263,4422.9472349258485,3.50033835517572e-19,1.287254117977198,0,0,0,0,0.0,0,0,False,0,0.4177357157567435,False,False,False,False,False,False,False,False,False,False,False,5.752310532674312e-06,923.0903494571545,4513887.113236218,0,0.0,False,-1,1,0,1,4349,0,1,0.44008281833050567,786,0.0021367175760989812,1867651556.6534173,18625146.02734501,5543058576077.359,1002396228258.3699,4.553794235144863e-05,1.0,6.071725646859802,0.00036,0.0,10362352022.965084,840.4432004940379,0.0,0.0,0.9450976777304398,0.11322286283667561,0.11340147474081783,0.9450976777304398,0
0.0059486466800865445,-157.63927782834617,0.02358310908890171,8.9961906470917e-06,8.999607461727616e-07,0.0,False,76,False,shielded,nan,nan,36019.35198636835,81731.57819610696,81731.57820661708,45746.295542562904,36021.57494691292,nan,nan,nan,2400000.0,106214.24377576035,nan,1466.7501475484594,2.0,0.001,1.0,completed_flow,7.079023022526381e-06,4.828774371218981e-09,5.468033333736357,0.0005320822142794263,plastic_shielded_case64_M1,True,5.548030216731884,,terminate,False,nan,1.0,20000,1.0,194436.34395585328,False,0,0.0,1.0,5.721240338709262e-06,0.008598447656939304,0,9.720006421434087e-09,0,0.0,0.0,0.0,0.0,0.0,inf,0.0,0.0,0.0,0.0,0.0,0.0,inf,inf,0.0,0.0,inf,0.00010521545389704515,0.00013943392693762435,0.49270247275643686,False,10212380967.585482,1.0842021724855044e-19,1.3045320933043612,4422.9472349258485,2.713949850173628e-19,1.3045320931046798,0,0,0,0,0.0,0,0,False,0,0.42441781913343507,False,False,False,False,False,False,False,False,False,False,False,5.721240338709262e-06,919.2309253284349,4495294.933345319,0,0.0,False,-1,1,0,1,4349,0,1,0.444761776710391,784,0.0021664019845368844,1867651556.6534173,18874867.98136554,5629374088446.005,1002434644569.3206,4.553794235144863e-05,1.0,6.071725646859802,0.00036,0.0,10361787270.6395,840.4432004940379,0.0,0.0,0.2562373618649099,0.030762262589626603,0.030772945819064687,0.2562373618649099,1
0.006089361531685045,-161.48864213950822,0.02413586599059947,8.996199917598762e-06,8.99970016679806e-07,0.0,False,77,False,shielded,nan,nan,36019.35198636835,81731.57819610696,81731.57820661708,45746.295542562904,36021.57494691292,nan,nan,nan,2400000.0,108822.06264170459,nan,2607.818865944235,2.0,0.001,1.0,completed_flow,1.2568538517180412e-05,4.823891868158519e-09,5.467618748485552,0.0005446507527966067,plastic_shielded_case64_M1,True,5.547493036025888,,terminate,False,nan,1.0,20000,1.0,138883.95213073786,False,0,0.0,1.0,5.6734035298240455e-06,0.008598447656939304,0,9.707466862934755e-09,0,0.0,0.0,0.0,0.0,0.0,inf,0.0,0.0,0.0,0.0,0.0,0.0,inf,inf,0.0,0.0,inf,0.00010514873280564726,0.00013934395346857647,0.49239644290449247,False,10211606666.79645,2.710505431213761e-20,1.3349299000663686,4422.9472349258485,1.3847862659258064e-19,1.3349298998602608,0,0,0,0,0.0,0,0,False,0,0.43610950115471897,False,False,False,False,False,False,False,False,False,False,False,5.6734035298240455e-06,912.9345653000914,4464811.672301813,0,0.0,False,-1,1,0,1,4349,0,1,0.45291617040854065,754,0.0022191642596192315,1867651556.6534173,19318146.069959123,5784261537630.442,1002503254294.9081,4.553794235144863e-05,1.0,6.071725646859802,0.00036,0.0,10360784004.257742,840.4432004940379,0.0,0.0,0.7824876895058147,0.0951731171932126,0.09499264219749347,0.7824876895058147,0
0.00623685070373059,-165.52943520205727,0.024714981873366515,8.996209649127816e-06,8.999797482088389e-07,0.0,False,78,False,shielded,nan,nan,36019.35198636835,81731.57819610696,81731.57820661708,45746.295542562904,36021.57494691292,nan,nan,nan,2400000.0,111560.27245094604,nan,2738.2098092414467,2.0,0.001,1.0,completed_flow,1.3172712947608924e-05,4.8152350795027425e-09,5.467075261438427,0.0005578234657442156,plastic_shielded_case64_M1,True,5.546929613816981,,terminate,False,nan,1.0,20000,1.0,147329.08869642878,False,0,0.0,1.0,5.623236989867547e-06,0.008598447656939304,0,9.70003610424984e-09,0,0.0,0.0,0.0,0.0,0.0,inf,0.0,0.0,0.0,0.0,0.0,0.0,inf,inf,0.0,0.0,inf,0.00010506132199977879,0.00013929060908859765,0.4919955098481088,False,10210591622.366867,2.168404344971009e-19,1.3664648898605443,4422.9472349258485,8.93277792054459e-19,1.3664648896476868,0,0,0,0,0.0,0,0,False,0,0.44813025483914315,False,False,False,False,False,False,False,False,False,False,False,5.623236989867547e-06,906.2221160781856,4432360.596013014,0,0.0,False,-1,1,0,1,4349,0,1,0.46127542843056435,766,0.0022745435903992572,1867651556.6534173,19782603.79491017,5948848873463.69,1002575716948.2538,4.553794235144863e-05,1.0,6.071725646859802,0.00036,0.0,10359731727.892223,840.4432004940379,0.0,0.0,0.8337522771331747,0.10251244365983385,0.10209154612522645,0.8337522771331747,0
0.006391427185448495,-169.77112553018873,0.025321649392174073,8.996219864482076e-06,8.999899635630857e-07,0.0,False,79,False,shielded,nan,nan,36019.35198636835,81731.57819610696,81731.57820661708,45746.295542562904,36021.57494691292,nan,nan,nan,2400000.0,114435.39275064955,nan,2875.1202997035193,2.0,0.001,1.0,completed_flow,1.3804709727912039e-05,4.8061784857084804e-09,5.466505240087289,0.0005716281754721276,plastic_shielded_case64_M1,True,5.546338699589705,,terminate,False,nan,1.0,20000,1.0,141755.54545691307,False,0,0.0,1.0,5.569541082813423e-06,0.008598447656939304,0,9.676307513418218e-09,0,0.0,0.0,0.0,0.0,0.0,inf,0.0,0.0,0.0,0.0,0.0,0.0,inf,inf,0.0,0.0,inf,0.00010496971876122719,0.00013912012791776106,0.4915753393943702,False,10209527021.103088,2.168404344971009e-19,1.399155461202382,4422.9472349258485,5.253416883083226e-19,1.3991554609824395,0,0,0,0,0.0,0,0,False,0,0.46047635261898257,False,False,False,False,False,False,False,False,False,False,False,5.569541082813423e-06,899.2374536176392,4398590.710031959,0,0.0,False,-1,1,0,1,4349,0,1,0.4698333766942367,764,0.0023326687500876864,1867651556.6534173,20269203.446735624,6123808666534.865,1002652265970.8279,4.553794235144863e-05,1.0,6.071725646859802,0.00036,0.0,10358628106.015802,840.4432004940379,0.0,0.0,0.8872932436420321,0.11033906413216481,0.10964192073059129,0.8872932436420321,0
0.006553417139966711,-174.22364506318164,0.025957108863799983,8.996230587580778e-06,9.000006866618435e-07,0.0,False,80,False,shielded,nan,nan,36019.35198636835,81731.57819610696,81731.57820661708,45746.295542562904,36021.57494691292,nan,nan,nan,2400000.0,117454.26906533825,nan,3018.8763146886954,2.0,0.001,1.0,completed_flow,1.4465690404043578e-05,4.796705281148095e-09,5.465907421523388,0.0005860938658761712,plastic_shielded_case64_M1,True,5.545718986347707,,terminate,False,nan,1.0,20000,1.0,166314.09691429345,False,0,0.0,1.0,5.514910366716902e-06,0.008598447656939304,0,9.659001997907006e-09,0,0.0,0.0,0.0,0.0,0.0,inf,0.0,0.0,0.0,0.0,0.0,0.0,inf,inf,0.0,0.0,inf,0.0001048737310833072,0.00013899566233361254,0.4911350497271053,False,10208410504.331623,2.710505431213761e-20,1.433034216975547,4422.9472349258485,8.497814825249987e-20,1.4330342167481644,0,0,0,0,0.0,0,0,False,0,0.4731426070389854,False,False,False,False,False,False,False,False,False,False,False,5.514910366716902e-06,891.9727227503465,4363463.671511654,0,0.0,False,-1,1,0,1,4349,0,1,0.47858696121289346,788,0.0023936747493343616,1867651556.6534173,20778946.152832657,6309864422396.307,1002733150282.9501,4.553794235144863e-05,1.0,6.071725646859802,0.00036,0.0,10357470697.614708,840.4432004940379,0.0,0.0,0.9430962158832626,0.11867745973851226,0.11766506706635423,0.9430962158832626,0
0.006638333004093888,-176.56070460369045,0.02629009542202576,8.99623621597169e-06,9.000063150527139e-07,0.0,False,81,False,shielded,nan,nan,36019.35198636835,81731.57819610696,81731.57820661708,45746.295542562904,36021.57494691292,nan,nan,nan,2400000.0,119039.1791305498,nan,1584.910065211565,2.0,0.001,1.0,completed_flow,7.582533377925929e-06,4.786798115724532e-09,5.465440891915408,0.0005936763992540971,plastic_shielded_case64_M1,True,5.545393942343394,,terminate,False,nan,1.0,20000,1.0,138454.02017543826,False,0,0.0,1.0,5.482320164420837e-06,0.008598447656939304,0,9.643755490026293e-09,0,0.0,0.0,0.0,0.0,0.0,inf,0.0,0.0,0.0,0.0,0.0,0.0,inf,inf,0.0,0.0,inf,0.00010479887346274442,0.00013888591323377628,0.4907916772569306,False,10207539189.583054,2.710505431213761e-20,1.4506625900955266,4422.9472349258485,1.0838654385578652e-19,1.4506625898642376,0,0,0,0,0.0,0,0,False,0,0.4796729064003234,False,False,False,False,False,False,False,False,False,False,False,5.482320164420837e-06,887.9701304870988,4344174.498579312,0,0.0,False,-1,1,0,1,4349,0,1,0.4830978849242122,756,0.0024256925090905576,1867651556.6534173,21046076.134416148,6408505602981.138,1002775822614.0056,4.553794235144863e-05,1.0,6.071725646859802,0.00036,0.0,10356863628.67407,840.4432004940379,0.0,0.0,0.2555960450089074,0.03224387035928732,0.031934599193835796,0.2555960450089074,1
0.006789280169444134,-180.72023369246241,0.026881804390927022,8.996246233455255e-06,9.000163325362761e-07,0.0,False,82,False,shielded,nan,nan,36019.35198636835,81731.57819610696,81731.57820661708,45746.295542562904,36021.57494691292,nan,nan,nan,2400000.0,121860.61425209632,nan,2821.435121546508,2.0,0.001,1.0,completed_flow,1.3478015895323722e-05,4.7816130497054535e-09,5.4649949014747765,0.0006071544151494209,plastic_shielded_case64_M1,True,5.544815822846123,,terminate,False,nan,1.0,20000,1.0,125298.74298843447,False,0,0.0,1.0,5.433581628497036e-06,0.008598447656939304,0,9.630284801540795e-09,0,0.0,0.0,0.0,0.0,0.0,inf,0.0,0.0,0.0,0.0,0.0,0.0,inf,inf,0.0,0.0,inf,0.00010472737378941281,0.00013878887483180575,0.4904637013479721,False,10206706234.842356,2.710505431213761e-20,1.4817081809900625,4422.9472349258485,4.8815215880129243e-20,1.4817081807518213,0,0,0,0,0.0,0,0,False,0,0.49109840100258734,False,False,False,False,False,False,False,False,False,False,False,5.433581628497036e-06,881.4367122227545,4312531.087858559,0,0.0,False,-1,1,0,1,4349,0,1,0.4909618187591056,741,0.0024826724320635525,1867651556.6534173,21520793.625906076,6585723197168.516,1002852137735.1401,4.553794235144863e-05,1.0,6.071725646859802,0.00036,0.0,10355783902.89506,840.4432004940379,0.0,0.0,0.7820942385039608,0.10002809638387859,0.09887207245555237,0.7820942385039608,0
0.006947474034667223,-185.08654063290834,0.027501630782059805,8.996256748926356e-06,9.000268480073933e-07,0.0,False,83,False,shielded,nan,nan,36019.35198636835,81731.57819610696,81731.57820661708,45746.295542562904,36021.57494691292,nan,nan,nan,2400000.0,124823.12112972015,nan,2962.5068776238336,2.0,0.001,1.0,completed_flow,1.4124025919728836e-05,4.772410129577113e-09,5.46441001851546,0.0006212784410691497,plastic_shielded_case64_M1,True,5.544209511509271,,terminate,False,nan,1.0,20000,1.0,184049.64954073433,False,0,0.0,1.0,5.382434833246462e-06,0.008598447656939304,0,9.61481402457894e-09,0,0.0,0.0,0.0,0.0,0.0,inf,0.0,0.0,0.0,0.0,0.0,0.0,inf,inf,0.0,0.0,inf,0.00010463367082078736,0.00013867734468989135,0.49003387029417894,False,10205613877.272928,2.168404344971009e-19,1.5139076469704034,4422.9472349258485,8.475126411321744e-19,1.5139076467248613,0,0,0,0,0.0,0,0,False,0,0.502825255385991,False,False,False,False,False,False,False,False,False,False,False,5.382434833246462e-06,874.475282603791,4278863.06897378,0,0.0,False,-1,1,0,1,4349,0,1,0.4990143160199484,776,0.0025424770965849176,1867651556.6534173,22018115.850830704,6774026631544.975,1002932750618.015,4.553794235144863e-05,1.0,6.071725646859802,0.00036,0.0,10354651524.582972,840.4432004940379,0.0,0.0,0.8328476306820868,0.10775497349606743,0.10630170497182022,0.8328476306820868,0
0.0071132474353378106,-189.6698459366595,0.028150837119306327,8.996267786999323e-06,9.000378860803493e-07,0.0,False,84,False,shielded,nan,nan,36019.35198636835,81731.57819610696,81731.57820661708,45746.295542562904,36021.57494691292,nan,nan,nan,2400000.0,127933.75335122518,nan,3110.6322215050254,2.0,0.001,1.0,completed_flow,1.479960035572598e-05,4.762784725047598e-09,5.463796631580225,0.0006360780414248757,plastic_shielded_case64_M1,True,5.543573669784655,,terminate,False,nan,1.0,20000,1.0,123725.21614191725,False,0,0.0,1.0,5.326423394137433e-06,0.008598447656939304,0,9.607419337126626e-09,0,0.0,0.0,0.0,0.0,0.0,inf,0.0,0.0,0.0,0.0,0.0,0.0,inf,inf,0.0,0.0,inf,0.00010453548800374149,0.00013862400407085087,0.4895834805740362,False,10204468284.208506,2.168404344971009e-19,1.547270033761328,4422.9472349258485,5.397932205294989e-19,1.5472700335081222,0,0,0,0,0.0,0,0,False,0,0.5148477326517856,False,False,False,False,False,False,False,False,False,False,False,5.326423394137433e-06,867.2364345299167,4243850.22420869,0,0.0,False,-1,1,0,1,4349,0,1,0.5072465332360804,781,0.002605245351001837,1867651556.6534173,22539062.275403097,6974182503798.55,1003017922484.6306,4.553794235144863e-05,1.0,6.071725646859802,0.00036,0.0,10353463993.796207,840.4432004940379,0.0,0.0,0.8857965641449655,0.11599526122477245,0.11420651296595424,0.8857965641449655,0
0.007286947023527168,-194.4808696832466,0.02883073542879855,8.99627937349151e-06,9.00049472572538e-07,0.0,False,85,False,shielded,nan,nan,36019.35198636835,81731.57819610696,81731.57820661708,45746.295542562904,36021.57494691292,nan,nan,nan,2400000.0,131199.91718380546,nan,3266.163832580277,2.0,0.001,1.0,completed_flow,1.5505955451400257e-05,4.752719323977638e-09,5.463153388972986,0.0006515839968762759,plastic_shielded_case64_M1,True,5.542906899150718,,terminate,False,nan,1.0,20000,1.0,180265.383620043,False,0,0.0,1.0,5.2704820166792854e-06,0.008598447656939304,0,9.578687105161062e-09,0,0.0,0.0,0.0,0.0,0.0,inf,0.0,0.0,0.0,0.0,0.0,0.0,inf,inf,0.0,0.0,inf,0.00010443262157564625,0.00013841655276793246,0.4891115961935779,False,10203266931.15179,2.168404344971009e-19,1.5818341695157214,4422.9472349258485,8.202558817295099e-19,1.5818341692544684,0,0,0,0,0.0,0,0,False,0,0.5271585703622901,False,False,False,False,False,False,False,False,False,False,False,5.2704820166792854e-06,859.7126481724976,4207455.780230582,0,0.0,False,-1,1,0,1,4349,0,1,0.5156563265694957,765,0.0026711227559181095,1867651556.6534173,23084692.762996357,7187015161044.09,1003107931909.6362,4.553794235144863e-05,1.0,6.071725646859802,0.00036,0.0,10352218698.583805,840.4432004940379,0.0,0.0,0.9409190534137258,0.12477457994781613,0.12260890479436638,0.9409190534137258,0
0.0074689336984128385,-199.53085542492826,0.02954268847512742,8.996291535481025e-06,9.00061634562051e-07,0.0,False,86,False,shielded,nan,nan,36019.35198636835,81731.57819610696,81731.57820661708,45746.295542562904,36021.57494691292,nan,nan,nan,2400000.0,134629.38920801476,nan,3429.472024209291,2.0,0.001,1.0,completed_flow,1.6244344151590583e-05,4.742195874679427e-09,5.462478878757694,0.0006678283410278665,plastic_shielded_case64_M1,True,5.542207738777572,,terminate,False,nan,1.0,20000,1.0,178208.8062167299,False,0,0.0,1.0,5.2126955826389825e-06,0.008598447656939304,0,9.560804730883744e-09,0,0.0,0.0,0.0,0.0,0.0,inf,0.0,0.0,0.0,0.0,0.0,0.0,inf,inf,0.0,0.0,inf,0.00010432485956125595,0.00013828728207300548,0.48861724334885415,False,10202007181.09822,2.168404344971009e-19,1.6176270127399615,4422.9472349258485,8.46980420017613e-19,1.6176270124702572,0,0,0,0,0.0,0,0,False,0,0.5397488832576867,False,False,False,False,False,False,False,False,False,False,False,5.2126955826389825e-06,851.8965521514114,4169643.645847706,0,0.0,False,-1,1,0,1,4349,0,1,0.5242379043970266,775,0.002740261898398323,1867651556.6534173,23656108.624939445,7413411237356.525,1003203076061.0801,4.553794235144863e-05,1.0,6.071725646859802,0.00036,0.0,10350912910.624548,840.4432004940379,0.0,0.0,0.9981787987289199,0.1341191127588309,0.13153170540052092,0.9981787987289199,0
0.007564314182477383,-202.18144846442462,0.029915671647011255,8.996297918961382e-06,9.000680180424012e-07,0.0,False,87,False,shielded,nan,nan,36019.35198636835,81731.57819610696,81731.57820661708,45746.295542562904,36021.57494691292,nan,nan,nan,2400000.0,136429.86202072463,nan,1800.4728127098776,2.0,0.001,1.0,completed_flow,8.513205531705294e-06,4.7311957841202695e-09,5.4619525604533665,0.0006763415465595718,plastic_shielded_case64_M1,True,5.5418410675812515,,terminate,False,nan,1.0,20000,1.0,154439.85774211513,False,0,0.0,1.0,5.175988019806667e-06,0.008598447656939304,0,9.542298215999342e-09,0,0.0,0.0,0.0,0.0,0.0,inf,0.0,0.0,0.0,0.0,0.0,0.0,inf,inf,0.0,0.0,inf,0.00010424083637158044,0.00013815337215234054,0.48823178471792616,False,10201024201.897848,2.710505431213761e-20,1.6362344340757626,4422.9472349258485,8.30075175698078e-20,1.6362344338016235,0,0,0,0,0.0,0,0,False,0,0.5462240248293295,False,False,False,False,False,False,False,False,False,False,False,5.175988019806667e-06,847.5935329873466,4148896.1251365454,0,0.0,False,-1,1,0,1,4349,0,1,0.5286510432915151,775,0.002776546819079889,1867651556.6534173,23955490.95392116,7533465595121.148,1003253286495.1493,4.553794235144863e-05,1.0,6.071725646859802,0.00036,0.0,10350228096.59396,840.4432004940379,0.0,0.0,0.2702409715771952,0.036420308735815,0.03568439833117415,0.2702409715771952,1
0.007729180691326665,-206.76930870917175,0.030560124763713503,8.996308968004081e-06,9.000790670851167e-07,0.0,False,88,False,shielded,nan,nan,36019.35198636835,81731.57819610696,81731.57820661708,45746.295542562904,36021.57494691292,nan,nan,nan,2400000.0,139546.9817252973,nan,3117.1197045726467,2.0,0.001,1.0,completed_flow,1.4714271558289508e-05,4.725440931176862e-09,5.461458330029451,0.0006910558181178613,plastic_shielded_case64_M1,True,5.5412068878384995,,terminate,False,nan,1.0,20000,1.0,174881.82579532018,False,0,0.0,1.0,5.127939070249508e-06,0.008598447656939304,0,9.527899847271485e-09,0,0.0,0.0,0.0,0.0,0.0,inf,0.0,0.0,0.0,0.0,0.0,0.0,inf,inf,0.0,0.0,inf,0.00010416201228405906,0.00013804909823127279,0.48787016929340865,False,10200101151.677279,1.3552527156068805e-20,1.668103675722288,4422.9472349258485,7.421918394091993e-20,1.6681036754404681,0,0,0,0,0.0,0,0,False,0,0.5572196563474097,False,False,False,False,False,False,False,False,False,False,False,5.127939070249508e-06,840.7629164854868,4115797.960944839,0,0.0,False,-1,1,0,1,4349,0,1,0.5361253779987268,764,0.002839344812779602,1867651556.6534173,24472814.00428758,7743234251468.32,1003340632413.1252,4.553794235144863e-05,1.0,6.071725646859802,0.00036,0.0,10349043669.810211,840.4432004940379,0.0,0.0,0.7816035019297656,0.10687332892999739,0.10453434665133791,0.7816035019297656,0
0.0079019321280136,-211.58512814779988,0.031235055028463354,8.996320566045824e-06,9.000906651268727e-07,0.0,False,89,False,shielded,nan,nan,36019.35198636835,81731.57819610696,81731.57820661708,45746.295542562904,36021.57494691292,nan,nan,nan,2400000.0,142819.95741509856,nan,3272.9756898012793,2.0,0.001,1.0,completed_flow,1.5416741102150218e-05,4.715510376502047e-09,5.460816766230529,0.0007064725592200115,plastic_shielded_case64_M1,True,5.540541856692176,,terminate,False,nan,1.0,20000,1.0,172880.45963879305,False,0,0.0,1.0,5.0734794224848034e-06,0.008598447656939304,0,9.514462074971288e-09,0,0.0,0.0,0.0,0.0,0.0,inf,0.0,0.0,0.0,0.0,0.0,0.0,inf,inf,0.0,0.0,inf,0.00010405976696923435,0.00013795170991609746,0.4874010981999848,False,10198902934.049528,2.710505431213761e-20,1.7011333247414318,4422.9472349258485,2.458529084248274e-19,1.7011333244515487,0,0,0,0,0.0,0,0,False,0,0.5684784302480291,False,False,False,False,False,False,False,False,False,False,False,5.0734794224848034e-06,833.4977653406448,4080642.382774372,0,0.0,False,-1,1,0,1,4349,0,1,0.5437645884520945,791,0.002905253735678741,1867651556.6534173,25014656.214313786,7966105100404.6455,1003432914053.8704,4.553794235144863e-05,1.0,6.071725646859802,0.00036,0.0,10347801623.354557,840.4432004940379,0.0,0.0,0.831659480521467,0.11513431725579837,0.11242537798866696,0.831659480521467,0
0.008082927717917299,-216.64016361425507,0.03194181663117701,8.996332740196729e-06,9.001028392777492e-07,0.0,False,90,False,shielded,nan,nan,36019.35198636835,81731.57819610696,81731.57820661708,45746.295542562904,36021.57494691292,nan,nan,nan,2400000.0,146256.5818893899,nan,3436.624474291343,2.0,0.001,1.0,completed_flow,1.6151086284600723e-05,4.705127662387008e-09,5.460144012968508,0.0007226236455046123,plastic_shielded_case64_M1,True,5.539844516647941,,terminate,False,nan,1.0,20000,1.0,170764.22865461864,False,0,0.0,1.0,5.0176347885603695e-06,0.008598447656939304,0,9.494308938755526e-09,0,0.0,0.0,0.0,0.0,0.0,inf,0.0,0.0,0.0,0.0,0.0,0.0,inf,inf,0.0,0.0,inf,0.00010395265482536386,0.00013780552397704094,0.48690968894038217,False,10197646465.37247,2.710505431213761e-20,1.735353141422411,4422.9472349258485,8.678036818073263e-20,1.735353141124061,0,0,0,0,0.0,0,0,False,0,0.5799921633400356,False,False,False,False,False,False,False,False,False,False,False,5.0176347885603695e-06,825.950055689506,4044115.9446212384,0,0.0,False,-1,1,0,1,4349,0,1,0.5515643454104563,780,0.0029744262916218704,1867651556.6534173,25582112.1987123,8202980857679.357,1003530432501.1952,4.553794235144863e-05,1.0,6.071725646859802,0.00036,0.0,10346499235.135426,840.4432004940379,0.0,0.0,0.8838015028328967,0.12394346434248084,0.12082301366817758,0.8838015028328967,0
0.008272541315030968,-221.9462211978439,0.03268181546139748,8.99634551888953e-06,9.001156179705933e-07,0.0,False,91,False,shielded,nan,nan,36019.35198636835,81731.57819610696,81731.57820661708,45746.295542562904,36021.57494691292,nan,nan,nan,2400000.0,149865.0375873958,nan,3608.4556980059106,2.0,0.001,1.0,completed_flow,1.6918591921801385e-05,4.694274410309331e-09,5.459438598823555,0.0007395422374264136,plastic_shielded_case64_M1,True,5.539113345628436,,terminate,False,nan,1.0,20000,1.0,168525.37497135147,False,0,0.0,1.0,4.958948529972153e-06,0.008598447656939304,0,9.471334275207779e-09,0,0.0,0.0,0.0,0.0,0.0,inf,0.0,0.0,0.0,0.0,0.0,0.0,inf,inf,0.0,0.0,inf,0.00010384045661325981,0.00013763868200043482,0.4863949341619578,False,10196328997.546564,2.710505431213761e-20,1.7707827104091116,4422.9472349258485,1.1785864585794779e-20,1.7707827101018718,0,0,0,0,0.0,0,0,False,0,0.5917511005147931,False,False,False,False,False,False,False,False,False,False,False,4.958948529972153e-06,818.1128176224665,4006184.464528974,0,0.0,False,-1,1,0,1,4349,0,1,0.5595173501942199,775,0.0030470225473290384,1867651556.6534173,26176318.847007383,8454831752721.508,1003633508870.7769,4.553794235144863e-05,1.0,6.071725646859802,0.00036,0.0,10345133662.442667,840.4432004940379,0.0,0.0,0.9379973662425449,0.13332787575955804,0.12975107226124272,0.9379973662425449,0
0.00847116182965113,-227.51568244404396,0.03345651025459595,8.996358931943158e-06,9.001290310241666e-07,0.0,False,92,False,shielded,nan,nan,36019.35198636835,81731.57819610696,81731.57820661708,45746.295542562904,36021.57494691292,nan,nan,nan,2400000.0,153653.91607030202,nan,3788.878482906206,2.0,0.001,1.0,completed_flow,1.7720578928939984e-05,4.682931710824077e-09,5.458698987461625,0.0007572628163553536,plastic_shielded_case64_M1,True,5.538346754529989,,terminate,False,nan,1.0,20000,1.0,140218.9437338057,False,0,0.0,1.0,4.898200177087607e-06,0.008598447656939304,0,9.45829770626173e-09,0,0.0,0.0,0.0,0.0,0.0,inf,0.0,0.0,0.0,0.0,0.0,0.0,inf,inf,0.0,0.0,inf,0.00010372294445660295,0.00013754392046630334,0.4858557867202974,False,10194947661.235138,5.421010862427522e-20,1.8074458305706609,4422.9472349258485,1.9908191017567653e-19,1.8074458302540886,0,0,0,0,0.0,0,0,False,0,0.6037438340543394,False,False,False,False,False,False,False,False,False,False,False,4.898200177087607e-06,809.97930968582,3966814.827140569,0,0.0,False,-1,1,0,1,4349,0,1,0.5676167395756394,788,0.003123210275449582,1867651556.6534173,26798456.30862804,8722700765190.647,1003742485736.867,4.553794235144863e-05,1.0,6.071725646859802,0.00036,0.0,10343701937.384336,840.4432004940379,0.0,0.0,0.9942002631999657,0.14331511013398157,0.13923372080803698,0.9942002631999657,0
0.008575244160243578,-230.43887366063163,0.03386228467504182,8.996365971927564e-06,9.00136071008581e-07,0.0,False,93,False,shielded,nan,nan,36019.35198636835,81731.57819610696,81731.57820661708,45746.295542562904,36021.57494691292,nan,nan,nan,2400000.0,155643.07727382777,nan,1989.1612035257583,2.0,0.001,1.0,completed_flow,9.285362564675484e-06,4.671080127919852e-09,5.458121926702662,0.0007665481789200291,plastic_shielded_case64_M1,True,5.53794475965212,,terminate,False,nan,1.0,20000,1.0,163649.3136718337,False,0,0.0,1.0,4.863996509732521e-06,0.008598447656939304,0,9.433146503467408e-09,0,0.0,0.0,0.0,0.0,0.0,inf,0.0,0.0,0.0,0.0,0.0,0.0,inf,inf,0.0,0.0,inf,0.00010363133450177456,0.00013736091415314852,0.4854354712288658,False,10193869912.810377,2.168404344971009e-19,1.8265142554537455,4422.9472349258485,6.337746336394304e-19,1.8265142551322717,0,0,0,0,0.0,0,0,False,0,0.6098983263213449,False,False,False,False,False,False,False,False,False,False,False,4.863996509732521e-06,805.504283336705,3945225.8948850785,0,0.0,False,-1,1,0,1,4349,0,1,0.5717799929423993,765,0.0031631931723202222,1867651556.6534173,27124352.03011805,8864734013482.809,1003800004258.1489,4.553794235144863e-05,1.0,6.071725646859802,0.00036,0.0,10342951151.024918,840.4432004940379,0.0,0.0,0.26900322974769875,0.03891132104904858,0.0377733849557527,0.26900322974769875,1
0.008755538828552512,-235.51009724580618,0.03456487745598835,8.996378185064626e-06,9.001482841456491e-07,0.0,False,94,False,shielded,nan,nan,36019.35198636835,81731.57819610696,81731.57820661708,45746.295542562904,36021.57494691292,nan,nan,nan,2400000.0,159094.78283669043,nan,3451.7055628626404,2.0,0.001,1.0,completed_flow,1.6083281109999497e-05,4.664881784744654e-09,5.457579326531548,0.0007826314600300286,plastic_shielded_case64_M1,True,5.537247953950679,,terminate,False,nan,1.0,20000,1.0,119698.55224206114,False,0,0.0,1.0,4.811457779223204e-06,0.008598447656939304,0,9.423420636442697e-09,0,0.0,0.0,0.0,0.0,0.0,inf,0.0,0.0,0.0,0.0,0.0,0.0,inf,inf,0.0,0.0,inf,0.00010354528693164094,0.0001372900809655842,0.485040667144247,False,10192856524.756155,2.710505431213761e-20,1.859214280404262,4422.9472349258485,2.1428999580615714e-20,1.859214280074287,0,0,0,0,0.0,0,0,False,0,0.6203519646783205,False,False,False,False,False,False,False,False,False,False,False,4.811457779223204e-06,798.3921856355232,3910743.721466326,0,0.0,False,-1,1,0,1,4349,0,1,0.5788330280083981,783,0.0032325482651419735,1867651556.6534173,27688682.383285753,9113456148832.133,1003900306671.3228,4.553794235144863e-05,1.0,6.071725646859802,0.00036,0.0,10341649760.771936,840.4432004940379,0.0,0.0,0.7809953344283418,0.11471587347808643,0.11119496189530424,0.7809953344283418,0
0.00894441996753692,-240.8331620789793,0.03530051988753846,8.99639100471641e-06,9.001611037974247e-07,0.0,False,95,False,shielded,nan,nan,36019.35198636835,81731.57819610696,81731.57820661708,45746.295542562904,36021.57494691292,nan,nan,nan,2400000.0,162719.0736776962,nan,3624.2908410057726,2.0,0.001,1.0,completed_flow,1.68477247645219e-05,4.6541646268127256e-09,5.456874450795335,0.0007994791847945505,plastic_shielded_case64_M1,True,5.536517340996084,,terminate,False,nan,1.0,20000,1.0,160007.59429780632,False,0,0.0,1.0,4.756610333841707e-06,0.008598447656939304,0,9.397524597995908e-09,0,0.0,0.0,0.0,0.0,0.0,inf,0.0,0.0,0.0,0.0,0.0,0.0,inf,inf,0.0,0.0,inf,0.00010343359717351849,0.0001371013025047711,0.48452820198297797,False,10191540062.49017,2.710505431213761e-20,1.8930981856100961,4422.9472349258485,5.184005107252602e-20,1.8930981852711932,0,0,0,0,0.0,0,0,False,0,0.6310269322870979,False,False,False,False,False,False,False,False,False,False,False,4.756610333841707e-06,790.8337367759531,3874147.6079770415,0,0.0,False,-1,1,0,1,4349,0,1,0.586031442098616,769,0.0033053364184758753,1867651556.6534173,28279621.49099761,9377687473136.203,1004006295423.8082,4.553794235144863e-05,1.0,6.071725646859802,0.00036,0.0,10340285230.349976,840.4432004940379,0.0,0.0,0.8302692229965437,0.12357519036528342,0.11960845661962248,0.8302692229965437,0
0.009142275242628228,-246.42049158085925,0.03607066329424291,8.996404460802476e-06,9.001745598834966e-07,0.0,False,96,False,shielded,nan,nan,36019.35198636835,81731.57819610696,81731.57820661708,45746.295542562904,36021.57494691292,nan,nan,nan,2400000.0,166524.57906075226,nan,3805.5053830560614,2.0,0.001,1.0,completed_flow,1.7646527778460218e-05,4.6429639505147825e-09,5.456135401670292,0.0008171257125730107,plastic_shielded_case64_M1,True,5.53575133258827,,terminate,False,nan,1.0,20000,1.0,117286.92864165244,False,0,0.0,1.0,4.698150150178486e-06,0.008598447656939304,0,9.38664909037327e-09,0,0.0,0.0,0.0,0.0,0.0,inf,0.0,0.0,0.0,0.0,0.0,0.0,inf,inf,0.0,0.0,inf,0.00010331661712312884,0.000137021944052132,0.48399145069706473,False,10190159776.24134,1.0842021724855044e-19,1.928179095305618,4422.9472349258485,3.3946806078524336e-19,1.928179094957342,0,0,0,0,0.0,0,0,False,0,0.6419127541153186,False,False,False,False,False,False,False,False,False,False,False,4.698150150178486e-06,782.9893770361994,3836163.0998444916,0,0.0,False,-1,1,0,1,4349,0,1,0.5933669473779258,776,0.003381725895106132,1867651556.6534173,28898343.767381348,9658492196121.615,1004118318496.8752,4.553794235144863e-05,1.0,6.071725646859802,0.00036,0.0,10338854593.554712,840.4432004940379,0.0,0.0,0.8815082640008198,0.13302018066028898,0.12856241567168733,0.8815082640008198,0
0.009349507766535425,-252.28511420420958,0.03687681273733845,8.996418584699529e-06,9.001886837805684e-07,0.0,False,97,False,shielded,nan,nan,36019.35198636835,81731.57819610696,81731.57820661708,45746.295542562904,36021.57494691292,nan,nan,nan,2400000.0,170520.35971296113,nan,3995.7806522088645,2.0,0.001,1.0,completed_flow,1.8481043293068337e-05,4.6312605351148664e-09,5.455360576245485,0.0008356067558660791,plastic_shielded_case64_M1,True,5.534948271026398,,terminate,False,nan,1.0,20000,1.0,154967.19794195675,False,0,0.0,1.0,4.638756567606425e-06,0.008598447656939304,0,9.354885409895246e-09,0,0.0,0.0,0.0,0.0,0.0,inf,0.0,0.0,0.0,0.0,0.0,0.0,inf,inf,0.0,0.0,inf,0.0001031941110426354,0.00013678990128295336,0.48342932980477155,False,10188712672.330564,2.168404344971009e-19,1.964489228796532,4422.9472349258485,8.382096538921331e-19,1.9644892284384148,0,0,0,0,0.0,0,0,False,0,0.6529973847176685,False,False,False,False,False,False,False,False,False,False,False,4.638756567606425e-06,774.8528503955323,3796759.397323715,0,0.0,False,-1,1,0,1,4349,0,1,0.6008346530575569,785,0.003461893048261893,1867651556.6534173,29546067.66205923,9957013479617.541,1004236747039.7485,4.553794235144863e-05,1.0,6.071725646859802,0.00036,0.0,10337354754.378593,840.4432004940379,0.0,0.0,0.9346693279562845,0.14307937185076083,0.13808201484224467,0.9346693279562845,0
0.009566536516977031,-258.44069219996993,0.037720528031582545,8.996433409310689e-06,9.002035083917361e-07,0.0,False,98,False,shielded,nan,nan,36019.35198636835,81731.57819610696,81731.57820661708,45746.295542562904,36021.57494691292,nan,nan,nan,2400000.0,174715.92939778045,nan,4195.569684819307,2.0,0.001,1.0,completed_flow,1.935265926068894e-05,4.619034646616805e-09,5.454548301697749,0.000854959415126768,plastic_shielded_case64_M1,True,5.534106426565876,,terminate,False,nan,1.0,20000,1.0,128079.6300018221,False,0,0.0,1.0,4.576077721295407e-06,0.008598447656939304,0,9.332113119717784e-09,0,0.0,0.0,0.0,0.0,0.0,inf,0.0,0.0,0.0,0.0,0.0,0.0,inf,inf,0.0,0.0,inf,0.00010306583414841293,0.00013662330067003222,0.4828407141163268,False,10187195626.507055,5.421010862427522e-20,2.0020418354398575,4422.9472349258485,3.207572316278213e-19,2.0020418350714078,0,0,0,0,0.0,0,0,False,0,0.6642671494599818,False,False,False,False,False,False,False,False,False,False,False,4.576077721295407e-06,766.4182182967733,3755907.1959383395,0,0.0,False,-1,1,0,1,4349,0,1,0.6084252296643664,778,0.0035460226967031325,1867651556.6534173,30224056.547318704,10274479472515.94,1004361977010.6915,4.553794235144863e-05,1.0,6.071725646859802,0.00036,0.0,10335782482.26144,840.4432004940379,0.0,0.0,0.9896943202660765,0.15378169120690216,0.1481927275359449,0.9896943202660765,0
0.009680245847488056,-261.6714411873339,0.03816236008428653,8.996441189993123e-06,9.002112890741613e-07,0.0,False,99,False,shielded,nan,nan,36019.35198636835,81731.57819610696,81731.57820661708,45746.295542562904,36021.57494691292,nan,nan,nan,2400000.0,176918.60348231057,nan,2202.6740845301365,2.0,0.001,1.0,completed_flow,1.013874551264904e-05,4.606266050141959e-09,5.453914615690051,0.000865098160639417,plastic_shielded_case64_M1,True,5.533665018245539,,terminate,False,nan,1.0,20000,1.0,149316.25676819525,False,0,0.0,1.0,4.5406401933902245e-06,0.008598447656939304,0,9.313821609361662e-09,0,0.0,0.0,0.0,0.0,0.0,inf,0.0,0.0,0.0,0.0,0.0,0.0,inf,inf,0.0,0.0,inf,0.00010296585111582342,0.00013648933390297474,0.48238191934340735,False,10186012121.848349,1.0842021724855044e-19,2.0215666586182226,4422.9472349258485,3.069032184072273e-19,2.021566658244348,0,0,0,0,0.0,0,0,False,0,0.6700364936072688,False,False,False,False,False,False,False,False,False,False,False,4.5406401933902245e-06,761.7806724651505,3733520.4961804305,0,0.0,False,-1,1,0,1,4349,0,1,0.6123220648166366,782,0.0035901720361120187,1867651556.6534173,30579135.144296564,10442792961873.248,1004428082820.0828,4.553794235144863e-05,1.0,6.071725646859802,0.00036,0.0,10334958085.324842,840.4432004940379,0.0,0.0,0.26760583131442356,0.041743292152046425,0.04019942129685614,0.26760583131442356,1
0.009877698103874843,-267.29071866099997,0.03892922440215507,8.996454723020177e-06,9.002248221012217e-07,0.0,False,100,False,shielded,nan,nan,36019.35198636835,81731.57819610696,81731.57820661708,45746.295542562904,36021.57494691292,nan,nan,nan,2400000.0,180750.77523392887,nan,3832.1717516183,2.0,0.001,1.0,completed_flow,1.7604226777251874e-05,4.599590470017545e-09,5.453317869984787,0.0008827023874166689,plastic_shielded_case64_M1,True,5.532897980674725,,terminate,False,nan,1.0,20000,1.0,147775.9582918647,False,0,0.0,1.0,4.487725149533307e-06,0.008598447656939304,0,9.294760009747267e-09,0,0.0,0.0,0.0,0.0,0.0,inf,0.0,0.0,0.0,0.0,0.0,0.0,inf,inf,0.0,0.0,inf,0.00010287180672412375,0.0001363495869775462,0.48195036411774317,False,10184897608.802984,2.710505431213761e-20,2.0551275646756575,4422.9472349258485,8.445145527716525e-20,2.0551275642923463,0,0,0,0,0.0,0,0,False,0,0.6798386076205855,False,False,False,False,False,False,False,False,False,False,False,4.487725149533307e-06,754.4001990784968,3697714.2394747385,0,0.0,False,-1,1,0,1,4349,0,1,0.6189322436813953,765,0.0036669516279353824,1867651556.6534173,31195479.970374662,10738278052825.96,1004543675271.0402,4.553794235144863e-05,1.0,6.071725646859802,0.00036,0.0,10333525526.4117,840.4432004940379,0.0,0.0,0.7803114038378648,0.1237040998783579,0.11897344300180761,0.7803114038378648,0
0.010084509785148854,-273.1888902962247,0.03973194704379124,8.996468927714079e-06,9.002390267951063e-07,0.0,False,101,False,shielded,nan,nan,36019.35198636835,81731.57819610696,81731.57820661708,45746.295542562904,36021.57494691292,nan,nan,nan,2400000.0,184774.55557312808,nan,4023.780339199215,2.0,0.001,1.0,completed_flow,1.8436846939325026e-05,4.588021961716432e-09,5.452542002244849,0.0009011392343559939,plastic_shielded_case64_M1,True,5.53209384001552,,terminate,False,nan,1.0,20000,1.0,145083.56434942308,False,0,0.0,1.0,4.431015037948804e-06,0.008598447656939304,0,9.274768008663292e-09,0,0.0,0.0,0.0,0.0,0.0,inf,0.0,0.0,0.0,0.0,0.0,0.0,inf,inf,0.0,0.0,inf,0.00010274964431749567,0.00013620286493880657,0.4813897683413696,False,10183448558.210733,4.336808689942018e-19,2.089883391511411,4422.9472349258485,1.108838858086519e-18,2.08988339111819,0,0,0,0,0.0,0,0,False,0,0.6898175924369889,False,False,False,False,False,False,False,False,False,False,False,4.431015037948804e-06,746.5635735829791,3659747.011587988,0,0.0,False,-1,1,0,1,4349,0,1,0.62566625484017,785,0.0037475285246669444,1867651556.6534173,31840717.84340168,11052154147514.715,1004665841167.3258,4.553794235144863e-05,1.0,6.071725646859802,0.00036,0.0,10332023671.857767,840.4432004940379,0.0,0.0,0.8287079087331223,0.13323457730650098,0.1279781236170124,0.8287079087331223,0
0.010301099196080576,-279.3796987239809,0.04057208196405815,8.996483837171447e-06,9.002539362524826e-07,0.0,False,102,False,shielded,nan,nan,36019.35198636835,81731.57819610696,81731.57820661708,45746.295542562904,36021.57494691292,nan,nan,nan,2400000.0,188999.52492928726,nan,4224.969356159176,2.0,0.001,1.0,completed_flow,1.9306493453689444e-05,4.575936870169999e-09,5.451728634879655,0.0009204457278096834,plastic_shielded_case64_M1,True,5.531250864185495,,terminate,False,nan,1.0,20000,1.0,142232.41929877584,False,0,0.0,1.0,4.3716966140000565e-06,0.008598447656939304,0,9.252104332262976e-09,0,0.0,0.0,0.0,0.0,0.0,inf,0.0,0.0,0.0,0.0,0.0,0.0,inf,inf,0.0,0.0,inf,0.00010262172750133301,0.0001360363440201775,0.4808027506203758,False,10181929471.384996,2.710505431213761e-20,2.12585291505013,4422.9472349258485,1.2834768599942778e-20,2.1258529146465066,0,0,0,0,0.0,0,0,False,0,0.699960954509994,False,False,False,False,False,False,False,False,False,False,False,4.3716966140000565e-06,738.4398308387542,3620384.0880439496,0,0.0,False,-1,1,0,1,4349,0,1,0.6325168445835233,791,0.003832088537811797,1867651556.6534173,32516107.67758024,11385677494561.957,1004794983875.7897,4.553794235144863e-05,1.0,6.071725646859802,0.00036,0.0,10330449286.736599,840.4432004940379,0.0,0.0,0.8789358125681855,0.1433912175156347,0.13755979945258703,0.8789358125681855,0
0.010527900901395881,-285.8775544956791,0.04145123864753797,8.99649948609756e-06,9.002695851785967e-07,0.0,False,103,False,shielded,nan,nan,36019.35198636835,81731.57819610696,81731.57820661708,45746.295542562904,36021.57494691292,nan,nan,nan,2400000.0,193435.7427532544,nan,4436.217823967135,2.0,0.001,1.0,completed_flow,2.0214586244738037e-05,4.563315175255337e-09,5.4508760202702105,0.0009406603140544214,plastic_shielded_case64_M1,True,5.5303672463715055,,terminate,False,nan,1.0,20000,1.0,139212.62167800826,False,0,0.0,1.0,4.31036556539481e-06,0.008598447656939304,0,9.228464367690932e-09,0,0.0,0.0,0.0,0.0,0.0,inf,0.0,0.0,0.0,0.0,0.0,0.0,inf,inf,0.0,0.0,inf,0.00010248780299075678,0.0001358624323980574,0.48018814643229907,False,10180337084.382442,4.336808689942018e-19,2.16305858589582,4422.9472349258485,1.3008594753995103e-18,2.1630585854812727,0,0,0,0,0.0,0,0,False,0,0.7102546876565645,False,False,False,False,False,False,False,False,False,False,False,4.31036556539481e-06,730.0236095011661,3579598.9256079905,0,0.0,False,-1,1,0,1,4349,0,1,0.6394769976621092,767,0.003920826386360718,1867651556.6534173,33222953.997827593,11740196703376.928,1004931533611.1925,4.553794235144863e-05,1.0,6.071725646859802,0.00036,0.0,10328798996.550816,840.4432004940379,0.0,0.0,0.9309402177552211,0.1542038788049182,0.14774492669614137,0.9309402177552211,0
0.010765366124803832,-292.6975677300139,0.042371082948143846,8.996515910882435e-06,9.002860099634721e-07,0.0,False,104,False,shielded,nan,nan,36019.35198636835,81731.57819610696,81731.57820661708,45746.295542562904,36021.57494691292,nan,nan,nan,2400000.0,198093.77146841987,nan,4658.028715165492,2.0,0.001,1.0,completed_flow,2.1162577906423154e-05,4.55013637534044e-09,5.449982335756478,0.0009618228919608446,plastic_shielded_case64_M1,True,5.529441102400117,,terminate,False,nan,1.0,20000,1.0,136012.94777515045,False,0,0.0,1.0,4.247466043256451e-06,0.008598447656939304,0,9.203777688116117e-09,0,0.0,0.0,0.0,0.0,0.0,inf,0.0,0.0,0.0,0.0,0.0,0.0,inf,inf,0.0,0.0,inf,0.00010234760810487884,0.00013568058252386595,0.47954474789931956,False,10178667993.109213,4.336808689942018e-19,2.201525950740657,4422.9472349258485,1.1880600894927001e-18,2.201525950314642,0,0,0,0,0.0,0,0,False,0,0.7206832411771052,False,False,False,False,False,False,False,False,False,False,False,4.247466043256451e-06,721.3099632091631,3537366.94714594,0,0.0,False,-1,1,0,1,4349,0,1,0.6465397815990714,761,0.004013946107624603,1867651556.6534173,33962607.69015651,12117159688424.6,1005075949324.3584,4.553794235144863e-05,1.0,6.071725646859802,0.00036,0.0,10327069282.320967,840.4432004940379,0.0,0.0,0.9846509930219706,0.165702791272007,0.15856021103556123,0.9846509930219706,0
0.010889759353625905,-296.2769579427114,0.042852667728399685,8.996524531205048e-06,9.00294630286075e-07,0.0,False,105,False,shielded,nan,nan,36019.35198636835,81731.57819610696,81731.57820661708,45746.295542562904,36021.57494691292,nan,nan,nan,2400000.0,200539.23654388177,nan,2445.4650754618833,2.0,0.001,1.0,completed_flow,1.108475997105827e-05,4.53637950260064e-09,5.4492852224168855,0.0009729076519319028,plastic_shielded_case64_M1,True,5.528955552928077,,terminate,False,nan,1.0,20000,1.0,132620.79699106526,False,0,0.0,1.0,4.211222087492009e-06,0.008598447656939304,0,9.182094356337347e-09,0,0.0,0.0,0.0,0.0,0.0,inf,0.0,0.0,0.0,0.0,0.0,0.0,inf,inf,0.0,0.0,inf,0.00010223835888456592,0.00013552065499219026,0.4790433576554045,False,10177366028.29536,1.0842021724855044e-19,2.2215208900057264,4422.9472349258485,3.659616147425415e-19,2.2215208895736884,0,0,0,0,0.0,0,0,False,0,0.7260071082595247,False,False,False,False,False,False,False,False,False,False,False,4.211222087492009e-06,716.5226496709732,3514241.6943568406,0,0.0,False,-1,1,0,1,4349,0,1,0.6501611758063648,775,0.004062811505249256,1867651556.6534173,34349891.963232756,12316993905544.383,1005152192274.7638,4.553794235144863e-05,1.0,6.071725646859802,0.00036,0.0,10326162445.09368,840.4432004940379,0.0,0.0,0.26604358986040694,0.04496514853958032,0.04300288452766574,0.26604358986040694,1
0.011106357799574917,-302.5207376923398,0.043690788810871184,8.996539568234403e-06,9.003096673154288e-07,0.0,False,106,False,shielded,nan,nan,36019.35198636835,81731.57819610696,81731.57820661708,45746.295542562904,36021.57494691292,nan,nan,nan,2400000.0,204806.28499966508,nan,4267.048455783308,2.0,0.001,1.0,completed_flow,1.9299587479996473e-05,4.529190057930377e-09,5.448627628098051,0.0009922072394118993,plastic_shielded_case64_M1,True,5.528109437794667,,terminate,False,nan,1.0,20000,1.0,93043.3669631484,False,0,0.0,1.0,4.157049921882451e-06,0.008598447656939304,0,9.163141353039499e-09,0,0.0,0.0,0.0,0.0,0.0,inf,0.0,0.0,0.0,0.0,0.0,0.0,inf,inf,0.0,0.0,inf,0.00010213543585407717,0.00013538071054686432,0.47857098737095505,False,10176137871.242142,4.336808689942018e-19,2.255971540379542,4422.9472349258485,1.5013487754311491e-18,2.255971539936999,0,0,0,0,0.0,0,0,False,0,0.7350547744242462,False,False,False,False,False,False,False,False,False,False,False,4.157049921882451e-06,708.8920518739535,3477195.9026706745,0,0.0,False,-1,1,0,1,4349,0,1,0.6563120193877531,762,0.00414803899112346,1867651556.6534173,35023960.5131337,12668809520451.49,1005285917313.7891,4.553794235144863e-05,1.0,6.071725646859802,0.00036,0.0,10324582196.847658,840.4432004940379,0.0,0.0,0.7795386907213601,0.13401843002429067,0.12802290347115752,0.7795386907213601,0
0.01133316924723582,-309.074206802835,0.044567838702711415,8.996555351095326e-06,9.00325450176346e-07,0.0,False,107,False,shielded,nan,nan,36019.35198636835,81731.57819610696,81731.57820661708,45746.295542562904,36021.57494691292,nan,nan,nan,2400000.0,209286.68587823756,nan,4480.400878572474,2.0,0.001,1.0,completed_flow,2.0207364181873194e-05,4.516699212121265e-09,5.4477718384858145,0.0010124146035937725,plastic_shielded_case64_M1,True,5.527222532568038,,terminate,False,nan,1.0,20000,1.0,96675.03872372037,False,0,0.0,1.0,4.098511249953217e-06,0.008598447656939304,0,9.141375214492243e-09,0,0.0,0.0,0.0,0.0,0.0,inf,0.0,0.0,0.0,0.0,0.0,0.0,inf,inf,0.0,0.0,inf,0.00010200162617245345,0.00013521981593225018,0.4779568476364622,False,10174539554.440681,1.0842021724855044e-19,2.291624216367207,4422.9472349258485,3.528074713236893e-19,2.291624215913635,0,0,0,0,0.0,0,0,False,0,0.7442334533883078,False,False,False,False,False,False,False,False,False,False,False,4.098511249953217e-06,700.7979949266783,3437953.881978799,0,0.0,False,-1,1,0,1,4349,0,1,0.6625655601115218,772,0.00423747761910537,1867651556.6534173,35729422.52744394,13042477272458.775,1005427269069.8749,4.553794235144863e-05,1.0,6.071725646859802,0.00036,0.0,10322925766.92054,840.4432004940379,0.0,0.0,0.8269464606734028,0.14430278891985335,0.13769638751934785,0.8269464606734028,0
0.011570644978985078,-315.9526068471899,0.04548547934446456,8.996571916494386e-06,9.00342015575432e-07,0.0,False,108,False,shielded,nan,nan,36019.35198636835,81731.57819610696,81731.57820661708,45746.295542562904,36021.57494691292,nan,nan,nan,2400000.0,213991.10680073866,nan,4704.420922501097,2.0,0.001,1.0,completed_flow,2.1155026723591788e-05,4.503657029370823e-09,5.446874829352192,0.0010335696303173643,plastic_shielded_case64_M1,True,5.526292946536709,,terminate,False,nan,1.0,20000,1.0,124324.38845424236,False,0,0.0,1.0,4.039083951991786e-06,0.008598447656939304,0,9.11682506878522e-09,0,0.0,0.0,0.0,0.0,0.0,inf,0.0,0.0,0.0,0.0,0.0,0.0,inf,inf,0.0,0.0,inf,0.00010186155272672727,0.00013503811200552533,0.47731394091413215,False,10172864253.935938,4.336808689942018e-19,2.328510479086875,4422.9472349258485,1.747389772401432e-18,2.3285104786217223,0,0,0,0,0.0,0,0,False,0,0.7535290360627348,False,False,False,False,False,False,False,False,False,False,False,4.039083951991786e-06,692.4181598741397,3397321.0384490583,0,0.0,False,-1,1,0,1,4349,0,1,0.6689168049989451,774,0.004331333085139758,1867651556.6534173,36467626.03283507,13439482300010.547,1005576716574.896,4.553794235144863e-05,1.0,6.071725646859802,0.00036,0.0,10321189624.122086,840.4432004940379,0.0,0.0,0.8760372428162615,0.15525694026865236,0.1479862623490826,0.8760372428162615,0
0.011819253326478152,-323.171918556496,0.04644542964663345,8.996589302918384e-06,9.003594019994311e-07,0.0,False,109,False,shielded,nan,nan,36019.35198636835,81731.57819610696,81731.57820661708,45746.295542562904,36021.57494691292,nan,nan,nan,2400000.0,218930.7487693648,nan,4939.641968626152,2.0,0.001,1.0,completed_flow,2.2144058499121546e-05,4.490042759939647e-09,5.445934693717183,0.0010557136888164858,plastic_shielded_case64_M1,True,5.5253187087219535,,terminate,False,nan,1.0,20000,1.0,83660.67754871803,False,0,0.0,1.0,3.976374230697632e-06,0.008598447656939304,0,9.105374948204384e-09,0,0.0,0.0,0.0,0.0,0.0,inf,0.0,0.0,0.0,0.0,0.0,0.0,inf,inf,0.0,0.0,inf,0.00010171494366306355,0.00013495328214316354,0.4766410168333868,False,10171108408.153748,5.421010862427522e-20,2.366639255458569,4422.9472349258485,2.498371285493174e-19,2.3666392549812585,0,0,0,0,0.0,0,0,False,0,0.7629260210599597,False,False,False,False,False,False,False,False,False,False,False,3.976374230697632e-06,683.7482760996622,3355276.0364576057,0,0.0,False,-1,1,0,1,4349,0,1,0.6753564461143321,780,0.004429820914258769,1867651556.6534173,37239965.966541395,13861417826654.62,1005734760036.9701,4.553794235144863e-05,1.0,6.071725646859802,0.00036,0.0,10319370087.350807,840.4432004940379,0.0,0.0,0.9267435487216451,0.16691199173032983,0.1589201712108267,0.9267435487216451,0
0.012079480039805413,-330.7488967144218,0.04744946609335732,8.996607550718178e-06,9.003776497992458e-07,0.0,False,110,False,shielded,nan,nan,36019.35198636835,81731.57819610696,81731.57820661708,45746.295542562904,36021.57494691292,nan,nan,nan,2400000.0,224117.37283642226,nan,5186.624067057461,2.0,0.001,1.0,completed_flow,2.3175972347508778e-05,4.475835214893057e-09,5.444949443899799,0.0010788896611639946,plastic_shielded_case64_M1,True,5.52429776518238,,terminate,False,nan,1.0,20000,1.0,117022.52330370639,False,0,0.0,1.0,3.9130584807566994e-06,0.008598447656939304,0,9.064314644209315e-09,0,0.0,0.0,0.0,0.0,0.0,inf,0.0,0.0,0.0,0.0,0.0,0.0,inf,inf,0.0,0.0,inf,0.00010156151739946215,0.00013464864159186442,0.47593678008395307,False,10169268304.798618,4.336808689942018e-19,2.4060435778117477,4422.9472349258485,1.1301495703693744e-18,2.4060435773216686,0,0,0,0,0.0,0,0,False,0,0.7724075137254165,False,False,False,False,False,False,False,False,False,False,False,3.9130584807566994e-06,674.784592141208,3311800.010849171,0,0.0,False,-1,1,0,1,4349,0,1,0.6818788580122177,780,0.0045331669114592275,1867651556.6534173,38047884.74122068,14309993135759.777,1005901933013.0806,4.553794235144863e-05,1.0,6.071725646859802,0.00036,0.0,10317463320.559868,840.4432004940379,0.0,0.0,0.9789823932180579,0.17929925924174153,0.17052590007444554,0.9789823932180579,0
0.012215767941506916,-334.7254638923258,0.04797499117074644,8.996617127570664e-06,9.003872266516979e-07,0.0,False,111,False,shielded,nan,nan,36019.35198636835,81731.57819610696,81731.57820661708,45746.295542562904,36021.57494691292,nan,nan,nan,2400000.0,226840.35047162743,nan,2722.977635205167,2.0,0.001,1.0,completed_flow,1.2136687092516828e-05,4.461012795051815e-09,5.4441810090104115,0.0010910263482565115,plastic_shielded_case64_M1,True,5.523762589243747,,terminate,False,nan,1.0,20000,1.0,96874.46961688725,False,0,0.0,1.0,3.875146703988599e-06,0.008598447656939304,0,9.040710991560154e-09,0,0.0,0.0,0.0,0.0,0.0,inf,0.0,0.0,0.0,0.0,0.0,0.0,inf,inf,0.0,0.0,inf,0.00010144198575599176,0.0001344732056007782,0.4753881084739584,False,10167833136.181267,2.168404344971009e-19,2.426513732136055,4422.9472349258485,5.361989063834816e-19,2.426513731639274,0,0,0,0,0.0,0,0,False,0,0.7772325227440672,False,False,False,False,False,False,False,False,False,False,False,3.875146703988599e-06,669.8641003966748,3288013.781504749,0,0.0,False,-1,1,0,1,4349,0,1,0.685218004303318,792,0.004587396543282879,1867651556.6534173,38470803.58179414,14547759586624.031,1005990200462.5419,4.553794235144863e-05,1.0,6.071725646859802,0.00036,0.0,10316463798.384995,840.4432004940379,0.0,0.0,0.2642899172808355,0.0486354818910805,0.04623416990488384,0.2642899172808355,1
0.012453815678777569,-341.6848645562055,0.04889237973405469,8.996633888045325e-06,9.004039871263277e-07,0.0,False,112,False,shielded,nan,nan,36019.35198636835,81731.57819610696,81731.57820661708,45746.295542562904,36021.57494691292,nan,nan,nan,2400000.0,231607.36292265914,nan,4767.012451031707,2.0,0.001,1.0,completed_flow,2.1196587863379955e-05,4.4532698664209656e-09,5.443454738418102,0.0011122229361198914,plastic_shielded_case64_M1,True,5.522827031262514,,terminate,False,nan,1.0,20000,1.0,92123.48181592628,False,0,0.0,1.0,3.821148149555582e-06,0.008598447656939304,0,9.020219722949052e-09,0,0.0,0.0,0.0,0.0,0.0,inf,0.0,0.0,0.0,0.0,0.0,0.0,inf,inf,0.0,0.0,inf,0.00010132917375000789,0.00013432071686462864,0.4748702647853777,False,10166476715.778988,8.673617379884035e-19,2.4618885862296067,4422.9472349258485,1.294448263169025e-18,2.4618885857210935,0,0,0,0,0.0,0,0,False,0,0.785434498576584,False,False,False,False,False,False,False,False,False,False,False,3.821148149555582e-06,662.0074594805562,3249840.970562614,0,0.0,False,-1,1,0,1,4349,0,1,0.6908999962499808,760,0.004682289689841836,1867651556.6534173,39209148.579916604,14967696991074.26,1006145545587.3589,4.553794235144863e-05,1.0,6.071725646859802,0.00036,0.0,10314716502.065006,840.4432004940379,0.0,0.0,0.7786608455132695,0.14588884181431044,0.1385454729891936,0.7786608455132695,0
0.012703021471898834,-348.98920397576165,0.049852058702662405,8.996651479243353e-06,9.004215783243907e-07,0.0,False,113,False,shielded,nan,nan,36019.35198636835,81731.57819610696,81731.57820661708,45746.295542562904,36021.57494691292,nan,nan,nan,2400000.0,236612.72599624243,nan,5005.363073583293,2.0,0.001,1.0,completed_flow,2.2187412563184905e-05,4.4397785138564715e-09,5.442508565686666,0.0011344103486830763,plastic_shielded_case64_M1,True,5.5218465433272925,,terminate,False,nan,1.0,20000,1.0,90593.42411747,False,0,0.0,1.0,3.7619213500030613e-06,0.008598447656939304,0,8.996499908832026e-09,0,0.0,0.0,0.0,0.0,0.0,inf,0.0,0.0,0.0,0.0,0.0,0.0,inf,inf,0.0,0.0,inf,0.00010118236639008282,0.00013414398600918538,0.47419635485361056,False,10164709594.804258,8.673617379884035e-19,2.498477210503117,4422.9472349258485,1.405598255593906e-18,2.498477209982286,0,0,0,0,0.0,0,0,False,0,0.7937217631950817,False,False,False,False,False,False,False,False,False,False,False,3.7619213500030613e-06,653.6830646688423,3209450.9236281794,0,0.0,False,-1,1,0,1,4349,0,1,0.6966658269732229,772,0.004781866708763463,1867651556.6534173,39981628.04119279,15413658387608.006,1006309774388.8008,4.553794235144863e-05,1.0,6.071725646859802,0.00036,0.0,10312885292.24651,840.4432004940379,0.0,0.0,0.8249486469326248,0.1570218006064245,0.14897629651573308,0.8249486469326248,0
0.012963872050923197,-356.6554360993145,0.05085580302349435,8.996669941995437e-06,9.004400410764587e-07,0.0,False,114,False,shielded,nan,nan,36019.35198636835,81731.57819610696,81731.57820661708,45746.295542562904,36021.57494691292,nan,nan,nan,2400000.0,241868.3572235049,nan,5255.631227262458,2.0,0.001,1.0,completed_flow,2.3221182794151696e-05,4.4256994373293305e-09,5.441516998111997,0.001157631531477228,plastic_shielded_case64_M1,True,5.520819059561089,,terminate,False,nan,1.0,20000,1.0,103242.86582426068,False,0,0.0,1.0,3.7016684219818837e-06,0.008598447656939304,0,8.96978121913692e-09,0,0.0,0.0,0.0,0.0,0.0,inf,0.0,0.0,0.0,0.0,0.0,0.0,inf,inf,0.0,0.0,inf,0.00010102873546915987,0.00013394463199241808,0.47349109936555434,False,10162857692.0799,8.673617379884035e-19,2.536308474954939,4422.9472349258485,1.2045013561240316e-18,2.536308474421174,0,0,0,0,0.0,0,0,False,0,0.8020791256102687,False,False,False,False,False,False,False,False,False,False,False,3.7016684219818837e-06,645.0772073490274,3167689.2016999824,0,0.0,False,-1,1,0,1,4349,0,1,0.7025100404788077,780,0.00488635594503259,1867651556.6534173,40789683.46512165,15887402444963.494,1006483434086.1774,4.553794235144863e-05,1.0,6.071725646859802,0.00036,0.0,10310966310.591124,840.4432004940379,0.0,0.0,0.8727543470957698,0.1688714602758345,0.16006593266578042,0.8727543470957698,0
0.013236871937510442,-364.7013351540926,0.05190544556003096,8.99668931910755e-06,9.004594181885782e-07,0.0,False,115,False,shielded,nan,nan,36019.35198636835,81731.57819610696,81731.57820661708,45746.295542562904,36021.57494691292,nan,nan,nan,2400000.0,247386.77001213047,nan,5518.412788625581,2.0,0.001,1.0,completed_flow,2.4299439721633e-05,4.411011257585991e-09,5.440477952806659,0.001181930971198861,plastic_shielded_case64_M1,True,5.519742427995837,,terminate,False,nan,1.0,20000,1.0,83032.03489293139,False,0,0.0,1.0,3.6385284882602725e-06,0.008598447656939304,0,8.941813490759213e-09,0,0.0,0.0,0.0,0.0,0.0,inf,0.0,0.0,0.0,0.0,0.0,0.0,inf,inf,0.0,0.0,inf,0.0001008679895695333,0.00013373564033539154,0.47275315738452095,False,10160917117.497953,4.336808689942018e-19,2.5753912792525973,4422.9472349258485,2.551310785857271e-18,2.5753912787052538,0,0,0,0,0.0,0,0,False,0,0.8104901879629396,False,False,False,False,False,False,False,False,False,False,False,3.6385284882602725e-06,636.1869155698654,3124540.689322099,0,0.0,False,-1,1,0,1,4349,0,1,0.7084237432539188,806,0.004995996617528158,1867651556.6534173,41634804.16838672,16390814362088.645,1006667108178.8859,4.553794235144863e-05,1.0,6.071725646859802,0.00036,0.0,10308955537.972338,840.4432004940379,0.0,0.0,0.9219969975757589,0.18146999096209304,0.17184306094307622,0.9219969975757589,0
0.013522543770528195,-373.14553422528707,0.05300287739007836,8.996709655454187e-06,9.004797545352136e-07,0.0,False,116,False,shielded,nan,nan,36019.35198636835,81731.57819610696,81731.57820661708,45746.295542562904,36021.57494691292,nan,nan,nan,2400000.0,253181.10344018732,nan,5794.333428056861,2.0,0.001,1.0,completed_flow,2.5423749410389326e-05,4.395692218686017e-09,5.439389260464286,0.0012073547206092503,plastic_shielded_case64_M1,True,5.518614407840188,,terminate,False,nan,1.0,20000,1.0,94601.37641410902,False,0,0.0,1.0,3.574652101802903e-06,0.008598447656939304,0,8.912702566415575e-09,0,0.0,0.0,0.0,0.0,0.0,inf,0.0,0.0,0.0,0.0,0.0,0.0,inf,inf,0.0,0.0,inf,0.00010069982732194194,0.00013351775861927465,0.47198114194843066,False,10158883819.550005,5.421010862427522e-20,2.6157557140092442,4422.9472349258485,1.7135594848378406e-19,2.615755713447642,0,0,0,0,0.0,0,0,False,0,0.8189373777492235,False,False,False,False,False,False,False,False,False,False,False,3.574652101802903e-06,627.0098455361817,3079993.27104785,0,0.0,False,-1,1,0,1,4349,0,1,0.7144009664306127,771,0.005111039315053113,1867651556.6534173,42518527.605326965,16925915004461.207,1006861418946.3137,4.553794235144863e-05,1.0,6.071725646859802,0.00036,0.0,10306848789.372704,840.4432004940379,0.0,0.0,0.9725799673347018,0.19484963256541998,0.18433637691139207,0.9725799673347018,0
0.013672122892447014,-377.5771091926448,0.05357711771441087,8.996720328111715e-06,9.004904271927301e-07,0.0,False,117,False,shielded,nan,nan,36019.35198636835,81731.57819610696,81731.57820661708,45746.295542562904,36021.57494691292,nan,nan,nan,2400000.0,256223.12848991717,nan,3042.025049729852,2.0,0.001,1.0,completed_flow,1.3310522361978426e-05,4.379720224135292e-09,5.4385402752090375,0.0012206652429712288,plastic_shielded_case64_M1,True,5.518023194708166,,terminate,False,nan,1.0,20000,1.0,62542.3191854285,False,0,0.0,1.0,3.5365524751826087e-06,0.008598447656939304,0,8.899470378118314e-09,0,0.0,0.0,0.0,0.0,0.0,inf,0.0,0.0,0.0,0.0,0.0,0.0,inf,inf,0.0,0.0,inf,0.00010056885015456008,0.00013341860424143358,0.47137982310700455,False,10157298210.916464,2.168404344971009e-19,2.6367179252806574,4422.9472349258485,5.484632670845734e-19,2.63671792471157,0,0,0,0,0.0,0,0,False,0,0.8232203434314181,False,False,False,False,False,False,False,False,False,False,False,3.5365524751826087e-06,621.9770450913771,3055644.177183494,0,0.0,False,-1,1,0,1,4349,0,1,0.7174570525566436,761,0.005171404106908005,1867651556.6534173,42980993.98897837,17209503514467.992,1006964025561.3041,4.553794235144863e-05,1.0,6.071725646859802,0.00036,0.0,10305744609.24637,840.4432004940379,0.0,0.0,0.2623120445922618,0.05282805629251001,0.04995864907039329,0.2623120445922618,1
0.013934309404005973,-385.361785484624,0.05458303226413286,8.996739076115387e-06,9.005091751964362e-07,0.0,False,118,False,shielded,nan,nan,36019.35198636835,81731.57819610696,81731.57820661708,45746.295542562904,36021.57494691292,nan,nan,nan,2400000.0,261568.72505354468,nan,5345.5965636275105,2.0,0.001,1.0,completed_flow,2.3328608792464768e-05,4.371380846407414e-09,5.437736112730334,0.0012439938517636935,plastic_shielded_case64_M1,True,5.516985943609735,,terminate,False,nan,1.0,20000,1.0,58917.11791472333,False,0,0.0,1.0,3.481796005493792e-06,0.008598447656939304,0,8.877440841032632e-09,0,0.0,0.0,0.0,0.0,0.0,inf,0.0,0.0,0.0,0.0,0.0,0.0,inf,inf,0.0,0.0,inf,0.00010044498363138831,0.00013325336396694996,0.4708111294257221,False,10155796315.611311,8.673617379884035e-19,2.673053586261837,4422.9472349258485,1.2887588446344805e-18,2.673053585679598,0,0,0,0,0.0,0,0,False,0,0.8305026128158205,False,False,False,False,False,False,False,False,False,False,False,3.481796005493792e-06,613.9249499464876,3016488.1677439436,0,0.0,False,-1,1,0,1,4349,0,1,0.7226671834866951,779,0.005277425946294103,1867651556.6534173,43791193.86895755,17712194584547.83,1007145304389.0753,4.553794235144863e-05,1.0,6.071725646859802,0.00036,0.0,10303807385.617744,840.4432004940379,0.0,0.0,0.7776572269339272,0.15961067710597007,0.15080620809124612,0.7776572269339272,0
0.014208703411622059,-393.53200220974514,0.055634923596570185,8.99675875262447e-06,9.005288517054853e-07,0.0,False,119,False,shielded,nan,nan,36019.35198636835,81731.57819610696,81731.57820661708,45746.295542562904,36021.57494691292,nan,nan,nan,2400000.0,267181.6014453536,nan,5612.876391808886,2.0,0.001,1.0,completed_flow,2.441145036702081e-05,4.3568024279643035e-09,5.436687196786061,0.0012684053021307143,plastic_shielded_case64_M1,True,5.51589909475272,,terminate,False,nan,1.0,20000,1.0,82928.42075838926,False,0,0.0,1.0,3.4228387314465287e-06,0.008598447656939304,0,8.838923232612134e-09,0,0.0,0.0,0.0,0.0,0.0,inf,0.0,0.0,0.0,0.0,0.0,0.0,inf,inf,0.0,0.0,inf,0.0001002836147586556,0.00013296395578098026,0.47007023551851157,False,10153837306.11519,4.336808689942018e-19,2.7106184428038063,4422.9472349258485,2.3037235478068332e-18,2.7106184422077595,0,0,0,0,0.0,0,0,False,0,0.8378263594521899,False,False,False,False,False,False,False,False,False,False,False,3.4228387314465287e-06,605.4043812062766,2975110.8643250093,0,0.0,False,-1,1,0,1,4349,0,1,0.7279444378871578,788,0.005388674990690852,1867651556.6534173,44638537.83792927,18245959008869.46,1007336975490.1755,4.553794235144863e-05,1.0,6.071725646859802,0.00036,0.0,10301777530.658094,840.4432004940379,0.0,0.0,0.8226687789608748,0.17170161012492094,0.16209635574778572,0.8226687789608748,0
0.01449582967757268,-402.10668154589257,0.056734684069116637,8.996779403209505e-06,9.005495022905518e-07,0.0,False,120,False,shielded,nan,nan,36019.35198636835,81731.57819610696,81731.57820661708,45746.295542562904,36021.57494691292,nan,nan,nan,2400000.0,273075.12165675295,nan,5893.520211399331,2.0,0.001,1.0,completed_flow,2.554050237408602e-05,4.341598370963921e-09,5.435588180037405,0.0012939458045048004,plastic_shielded_case64_M1,True,5.514760388519239,,terminate,False,nan,1.0,20000,1.0,78217.11626075626,False,0,0.0,1.0,3.361899147625966e-06,0.008598447656939304,0,8.809774094318885e-09,0,0.0,0.0,0.0,0.0,0.0,inf,0.0,0.0,0.0,0.0,0.0,0.0,inf,inf,0.0,0.0,inf,0.00010011480613481974,0.00013274451971607195,0.46929515611346473,False,10151784725.773775,5.421010862427522e-20,2.7494288349458755,4422.9472349258485,2.2422502671222737e-19,2.749428834335329,0,0,0,0,0.0,0,0,False,0,0.8451759630976854,False,False,False,False,False,False,False,False,False,False,False,3.361899147625966e-06,596.6100988022401,2932397.5468263696,0,0.0,False,-1,1,0,1,4349,0,1,0.733281739453831,776,0.005505405537071183,1867651556.6534173,45524564.73546801,18812883316508.156,1007539679628.6793,4.553794235144863e-05,1.0,6.071725646859802,0.00036,0.0,10299650824.18856,840.4432004940379,0.0,0.0,0.8690138397966997,0.1845595177064756,0.1740908951894701,0.8690138397966997,0
0.014796231419356598,-411.10565888408865,0.05788426422734638,8.996801075640612e-06,9.005711747216467e-07,0.0,False,121,False,shielded,nan,nan,36019.35198636835,81731.57819610696,81731.57820661708,45746.295542562904,36021.57494691292,nan,nan,nan,2400000.0,279263.3178787223,nan,6188.196221969298,2.0,0.001,1.0,completed_flow,2.671735488044783e-05,4.325746809097178e-09,5.43443678521433,0.0013206631593852482,plastic_shielded_case64_M1,True,5.5135674731289495,,terminate,False,nan,1.0,20000,1.0,49646.49607908486,False,0,0.0,1.0,3.2989197287565354e-06,0.008598447656939304,0,8.797058516312623e-09,0,0.0,0.0,0.0,0.0,0.0,inf,0.0,0.0,0.0,0.0,0.0,0.0,inf,inf,0.0,0.0,inf,9.993824589430866e-05,0.00013264868255578733,0.4684844554665689,False,10149634321.440136,2.168404344971009e-19,2.789498350663865,4422.9472349258485,6.639896015489101e-19,2.789498350038096,0,0,0,0,0.0,0,0,False,0,0.8525348441204799,False,False,False,False,False,False,False,False,False,False,False,3.2989197287565354e-06,587.540644488422,2888340.3720226455,0,0.0,False,-1,1,0,1,4349,0,1,0.7386714220931793,767,0.005627883947729683,1867651556.6534173,46450861.5776079,19415202207631.645,1007754099883.9149,4.553794235144863e-05,1.0,6.071725646859802,0.00036,0.0,10297422873.902931,840.4432004940379,0.0,0.0,0.9165972224722855,0.1982173663641346,0.1868193029614156,0.9165972224722855,0
0.015110470574573709,-420.54972561222155,0.059085672712094195,8.996823819990107e-06,9.005939190711147e-07,0.0,False,122,False,shielded,nan,nan,36019.35198636835,81731.57819610696,81731.57820661708,45746.295542562904,36021.57494691292,nan,nan,nan,2400000.0,285760.92391179,nan,6497.606033067763,2.0,0.001,1.0,completed_flow,2.7943616657499695e-05,4.309225583079982e-09,5.433230642726718,0.0013486067760427479,plastic_shielded_case64_M1,True,5.512317901909872,,terminate,False,nan,1.0,20000,1.0,53820.970473258516,False,0,0.0,1.0,3.234231443126118e-06,0.008598447656939304,0,8.747585922586986e-09,0,0.0,0.0,0.0,0.0,0.0,inf,0.0,0.0,0.0,0.0,0.0,0.0,inf,inf,0.0,0.0,inf,9.975361211472088e-05,0.00013227514766194368,0.46763665125428766,False,10147381667.545603,2.168404344971009e-19,2.8308425155998296,4422.9472349258485,8.313054352665501e-19,2.8308425149580803,0,0,0,0,0.0,0,0,False,0,0.8598855286011838,False,False,False,False,False,False,False,False,False,False,False,3.234231443126118e-06,578.195298366411,2842935.0342977685,0,0.0,False,-1,1,0,1,4349,0,1,0.7441058779993329,779,0.005756389197517916,1867651556.6534173,47419063.56143861,20055308988650.332,1007980964525.965,4.553794235144863e-05,1.0,6.071725646859802,0.00036,0.0,10295089110.270472,840.4432004940379,0.0,0.0,0.9653078110810572,0.21270802510132986,0.20031092765484293,0.9653078110810572,0
0.015274964445158412,-425.50587948729685,0.05971411220362577,8.99683575600229e-06,9.006058550833181e-07,0.0,False,123,False,shielded,nan,nan,36019.35198636835,81731.57819610696,81731.57820661708,45746.295542562904,36021.57494691292,nan,nan,nan,2400000.0,289172.1670791506,nan,3411.2431673605756,2.0,0.001,1.0,completed_flow,1.462576079259135e-05,4.2920122833449494e-09,5.432290228290713,0.0013632325368353392,plastic_shielded_case64_M1,True,5.511663097248582,,terminate,False,nan,1.0,20000,1.0,62246.27690230239,False,0,0.0,1.0,3.1972458944173817e-06,0.008598447656939304,0,8.721909658280229e-09,0,0.0,0.0,0.0,0.0,0.0,inf,0.0,0.0,0.0,0.0,0.0,0.0,inf,inf,0.0,0.0,inf,9.960984924950874e-05,0.00013208086679095777,0.4669764989639161,False,10145625301.060297,2.168404344971009e-19,2.852312461218224,4422.9472349258485,5.7980549160887615e-19,2.8523124605680827,0,0,0,0,0.0,0,0,False,0,0.8635967803791003,False,False,False,False,False,False,False,False,False,False,False,3.1972458944173817e-06,573.0757644248564,2818143.8364610993,0,0.0,False,-1,1,0,1,4349,0,1,0.7468816439575706,801,0.005823814889727803,1867651556.6534173,47925574.17873285,20394493897423.625,1008100771843.766,4.553794235144863e-05,1.0,6.071725646859802,0.00036,0.0,10293866163.32551,840.4432004940379,0.0,0.0,0.2600691046122182,0.05763644269405136,0.054260768698199145,0.2600691046122182,1
0.015564460611847464,-434.2492412865749,0.06081935127019866,8.996856812828957e-06,9.006269119099982e-07,0.0,False,124,False,shielded,nan,nan,36019.35198636835,81731.57819610696,81731.57820661708,45746.295542562904,36021.57494691292,nan,nan,nan,2400000.0,295192.36552114604,nan,6020.198441995414,2.0,0.001,1.0,completed_flow,2.5737156844814982e-05,4.2830297029729985e-09,5.431397223146496,0.0013889696936801542,plastic_shielded_case64_M1,True,5.510509532606435,,terminate,False,nan,1.0,20000,1.0,39734.03036690268,False,0,0.0,1.0,3.142153589010975e-06,0.008598447656939304,0,8.695164698218826e-09,0,0.0,0.0,0.0,0.0,0.0,inf,0.0,0.0,0.0,0.0,0.0,0.0,inf,inf,0.0,0.0,inf,9.947357291675328e-05,0.0001318781952867345,0.4663507001146149,False,10143957478.612602,8.673617379884035e-19,2.889658050147261,4422.9472349258485,1.373192598263914e-18,2.889658049482313,0,0,0,0,0.0,0,0,False,0,0.8699082358910556,False,False,False,False,False,False,False,False,False,False,False,3.142153589010975e-06,564.8659610433534,2778182.9842974087,0,0.0,False,-1,1,0,1,4349,0,1,0.7516247265961856,766,0.0059427423703923106,1867651556.6534173,48816472.1026965,20998241099019.227,1008313369426.1572,4.553794235144863e-05,1.0,6.071725646859802,0.00036,0.0,10291711706.525904,840.4432004940379,0.0,0.0,0.7765011475316871,0.175567833510632,0.1651540342886592,0.7765011475316871,0
0.01586733360925885,-443.42524648149293,0.061974617211330574,8.996878911600095e-06,9.006490106810991e-07,0.0,False,125,False,shielded,nan,nan,36019.35198636835,81731.57819610696,81731.57820661708,45746.295542562904,36021.57494691292,nan,nan,nan,2400000.0,301513.57388524123,nan,6321.208364095185,2.0,0.001,1.0,completed_flow,2.6922269954044332e-05,4.2672676809860215e-09,5.430230817235438,0.0014158919636341985,plastic_shielded_case64_M1,True,5.5093010820323975,,terminate,False,nan,1.0,20000,1.0,45715.22259203545,False,0,0.0,1.0,3.0828386330706817e-06,0.008598447656939304,0,8.667307333192273e-09,0,0.0,0.0,0.0,0.0,0.0,inf,0.0,0.0,0.0,0.0,0.0,0.0,inf,inf,0.0,0.0,inf,9.929581611297167e-05,0.00013166676239613237,0.46553439285135145,False,10141779038.797125,8.673617379884035e-19,2.9282333928975706,4422.9472349258485,3.7102632183845704e-18,2.9282333922170776,0,0,0,0,0.0,0,0,False,0,0.876221206948863,False,False,False,False,False,False,False,False,False,False,False,3.0828386330706817e-06,556.191140084832,2736016.6203628615,0,0.0,False,-1,1,0,1,4349,0,1,0.7564180256226056,800,0.006067525942333483,1867651556.6534173,49747824.68064343,21639202533771.594,1008538181542.8477,4.553794235144863e-05,1.0,6.071725646859802,0.00036,0.0,10289454741.930164,840.4432004940379,0.0,0.0,0.8200480659926537,0.18874417417125736,0.177422205357533,0.8200480659926537,0
0.016184148897662065,-453.0550954867119,0.06318192317308358,8.996902103372993e-06,9.006722024540236e-07,0.0,False,126,False,shielded,nan,nan,36019.35198636835,81731.57819610696,81731.57820661708,45746.295542562904,36021.57494691292,nan,nan,nan,2400000.0,308150.8426675412,nan,6637.268782299944,2.0,0.001,1.0,completed_flow,2.8157064094189816e-05,4.2508407566450934e-09,5.429008981507983,0.0014440490277283884,plastic_shielded_case64_M1,True,5.508035271276312,,terminate,False,nan,1.0,20000,1.0,48228.55551725912,False,0,0.0,1.0,3.021948274329659e-06,0.008598447656939304,0,8.63554833433621e-09,0,0.0,0.0,0.0,0.0,0.0,inf,0.0,0.0,0.0,0.0,0.0,0.0,inf,inf,0.0,0.0,inf,9.910994018476046e-05,0.00013142530184890176,0.46468076692052807,False,10139497075.398767,8.673617379884035e-19,2.9680549698512233,4422.9472349258485,1.1780990472019104e-18,2.9680549691544096,0,0,0,0,0.0,0,0,False,0,0.8825203872377223,False,False,False,False,False,False,False,False,False,False,False,3.021948274329659e-06,547.2542620898896,2692568.755475816,0,0.0,False,-1,1,0,1,4349,0,1,0.7612549960337254,768,0.0061984498428330525,1867651556.6534173,50721271.11070129,22319859072898.695,1008775961482.4911,4.553794235144863e-05,1.0,6.071725646859802,0.00036,0.0,10287090648.501133,840.4432004940379,0.0,0.0,0.8647218840798937,0.20274109035304944,0.1904435188855008,0.8647218840798937,0
0.016515490934412402,-463.16100913792593,0.0644433398504296,8.996926441662679e-06,9.006965407437006e-07,0.0,False,127,False,shielded,nan,nan,36019.35198636835,81731.57819610696,81731.57820661708,45746.295542562904,36021.57494691292,nan,nan,nan,2400000.0,315119.9748889561,nan,6969.132221414941,2.0,0.001,1.0,completed_flow,2.9443165096408423e-05,4.233726772773149e-09,5.427729223623307,0.0014734921928247968,plastic_shielded_case64_M1,True,5.506709527675623,,terminate,False,nan,1.0,20000,1.0,42196.48852489364,False,0,0.0,1.0,2.9596567696019325e-06,0.008598447656939304,0,8.602881584055696e-09,0,0.0,0.0,0.0,0.0,0.0,inf,0.0,0.0,0.0,0.0,0.0,0.0,inf,inf,0.0,0.0,inf,9.891561212394689e-05,0.00013117647611748625,0.4637882883553668,False,10137106933.593313,8.673617379884035e-19,3.0091396993170196,4422.9472349258485,3.4279607974263477e-18,3.0091396986030685,0,0,0,0,0.0,0,0,False,0,0.8887898101485451,False,False,False,False,False,False,False,False,False,False,False,2.9596567696019325e-06,538.0555971296867,2647839.875147349,0,0.0,False,-1,1,0,1,4349,0,1,0.7661289689666673,765,0.006335811742302668,1867651556.6534173,51738498.37769618,23042865148158.848,1009027512007.1207,4.553794235144863e-05,1.0,6.071725646859802,0.00036,0.0,10284614621.401583,840.4432004940379,0.0,0.0,0.9104122121058325,0.21759200088730507,0.20424794543316052,0.9104122121058325,0
0.01686196335694834,-473.7662763092813,0.06576099490256215,8.996951982556187e-06,9.00722081637221e-07,0.0,False,128,False,shielded,nan,nan,36019.35198636835,81731.57819610696,81731.57820661708,45746.295542562904,36021.57494691292,nan,nan,nan,2400000.0,322437.5637214418,nan,7317.588832485689,2.0,0.001,1.0,completed_flow,3.0782209278157986e-05,4.2159033856695675e-09,5.4263889527258975,0.0015042744021029548,plastic_shielded_case64_M1,True,5.505321177485942,,terminate,False,nan,1.0,20000,1.0,35779.563684652974,False,0,0.0,1.0,2.8957831534368217e-06,0.008598447656939304,0,8.574521798602533e-09,0,0.0,0.0,0.0,0.0,0.0,inf,0.0,0.0,0.0,0.0,0.0,0.0,inf,inf,0.0,0.0,inf,9.871248889778589e-05,0.00013096007361432696,0.4628553766651929,False,10134603774.56543,4.336808689942018e-19,3.051499792577732,4422.9472349258485,1.4331339930082263e-18,3.051499791845789,0,0,0,0,0.0,0,0,False,0,0.8950129429924529,False,False,False,False,False,False,False,False,False,False,False,2.8957831534368217e-06,528.5962599495074,2601834.5242309687,0,0.0,False,-1,1,0,1,4349,0,1,0.771032593547202,812,0.0064799233500479015,1867651556.6534173,52801240.852712624,23811060624407.93,1009293688657.7097,4.553794235144863e-05,1.0,6.071725646859802,0.00036,0.0,10282021667.008644,840.4432004940379,0.0,0.0,0.9569929315962163,0.23332991197992378,0.21886507724941,0.9569929315962163,0
0.017043276631389492,-479.3316204431341,0.06644998494657495,8.996965385694428e-06,9.007354847754581e-07,0.0,False,129,False,shielded,nan,nan,36019.35198636835,81731.57819610696,81731.57820661708,45746.295542562904,36021.57494691292,nan,nan,nan,2400000.0,326279.2978584968,nan,3841.7341370549866,2.0,0.001,1.0,completed_flow,1.6106486260935486e-05,4.197348121652107e-09,5.425344163436571,0.0015203808883638903,plastic_shielded_case64_M1,True,5.504593794980326,,terminate,False,nan,1.0,20000,1.0,28949.423656893,False,0,0.0,1.0,2.8583665305374957e-06,0.008598447656939304,0,8.537501107489156e-09,0,0.0,0.0,0.0,0.0,0.0,inf,0.0,0.0,0.0,0.0,0.0,0.0,inf,inf,0.0,0.0,inf,9.855438404445065e-05,0.00013067704393740658,0.46212920282485126,False,10132652472.222843,2.168404344971009e-19,3.073482193054328,4422.9472349258485,9.195158872544509e-19,3.0734821923129405,0,0,0,0,0.0,0,0,False,0,0.8981394232080706,False,False,False,False,False,False,False,False,False,False,False,2.8583665305374957e-06,523.4206584348067,2576746.5723297857,0,0.0,False,-1,1,0,1,4349,0,1,0.7735331493995282,816,0.0065555337277831876,1867651556.6534173,53357005.54240185,24218045873121.695,1009434266806.6729,4.553794235144863e-05,1.0,6.071725646859802,0.00036,0.0,10280663169.939747,840.4432004940379,0.0,0.0,0.25750916353725695,0.06318076496878358,0.059250219917732376,0.25750916353725695,1
0.017363862978898248,-489.1980206320709,0.06766727966413522,8.99698914715867e-06,9.007592462397003e-07,0.0,False,130,False,shielded,nan,nan,36019.35198636835,81731.57819610696,81731.57820661708,45746.295542562904,36021.57494691292,nan,nan,nan,2400000.0,333092.8482476855,nan,6813.550389188731,2.0,0.001,1.0,completed_flow,2.847469125254469e-05,4.187671217711887e-09,5.424349162492204,0.001548855579616435,plastic_shielded_case64_M1,True,5.503306269007139,,terminate,False,nan,1.0,20000,1.0,19517.959459656522,False,0,0.0,1.0,2.8039383133540597e-06,0.008598447656939304,0,8.511036897569693e-09,0,0.0,0.0,0.0,0.0,0.0,inf,0.0,0.0,0.0,0.0,0.0,0.0,inf,inf,0.0,0.0,inf,9.840410715126319e-05,0.00013047434414766056,0.4614389527964972,False,10130794157.160225,6.776263578034403e-21,3.111879585348709,4422.9472349258485,3.81392033453252e-20,3.1118795845905716,0,0,0,0,0.0,0,0,False,0,0.9034571915844731,False,False,False,False,False,False,False,False,False,False,False,2.8039383133540597e-06,515.098626839134,2536196.681302049,0,0.0,False,-1,1,0,1,4349,0,1,0.7778186802229825,778,0.0066895521860777275,1867651556.6534173,54339029.66963003,24945959163341.49,1009684978027.7952,4.553794235144863e-05,1.0,6.071725646859802,0.00036,0.0,10278258520.051693,840.4432004940379,0.0,0.0,0.7751576663928649,0.1942673900090952,0.18205360036275944,0.7751576663928649,0
0.017699134237540437,-499.5521623864659,0.06893906037953124,8.997014083261449e-06,9.007841823424687e-07,0.0,False,131,False,shielded,nan,nan,36019.35198636835,81731.57819610696,81731.57820661708,45746.295542562904,36021.57494691292,nan,nan,nan,2400000.0,340247.0761563337,nan,7154.227908648168,2.0,0.001,1.0,completed_flow,2.9773881849696864e-05,4.170616927780585e-09,5.423047472895348,0.0015786294614661318,plastic_shielded_case64_M1,True,5.5019578333290635,,terminate,False,nan,1.0,20000,1.0,18819.370060732588,False,0,0.0,1.0,2.7455566686037074e-06,0.008598447656939304,0,8.480859226665303e-09,0,0.0,0.0,0.0,0.0,0.0,inf,0.0,0.0,0.0,0.0,0.0,0.0,inf,inf,0.0,0.0,inf,9.820780794441783e-05,0.00013024281657965551,0.46053728331925664,False,10128363054.558378,2.168404344971009e-19,3.1515119825474813,4422.9472349258485,9.165081996144751e-19,3.1515119817717574,0,0,0,0,0.0,0,0,False,0,0.9087423217805914,False,False,False,False,False,False,False,False,False,False,False,2.7455566686037074e-06,506.31983854782004,2493479.9440812697,0,0.0,False,-1,1,0,1,4349,0,1,0.7821402589343999,800,0.006830160576565683,1867651556.6534173,55365157.35689755,25718597230950.08,1009950121098.4064,4.553794235144863e-05,1.0,6.071725646859802,0.00036,0.0,10275740112.058489,840.4432004940379,0.0,0.0,0.8170097423644547,0.20867903528706613,0.19543943050893997,0.8170097423644547,0
0.018049699252911666,-510.41790461332846,0.07026746277743834,8.99704025146266e-06,9.00810350543681e-07,0.0,False,132,True,shielded,nan,nan,36019.35198636835,81731.57819610696,81731.57820661708,45746.295542562904,36021.57494691292,nan,nan,nan,2400000.0,347759.01546041423,nan,7511.939304080576,2.0,0.001,1.0,completed_flow,3.112642282393453e-05,4.152857401265561e-09,5.421684286297984,0.0016097558842900663,plastic_shielded_case64_M1,True,5.500545775557854,,terminate,False,nan,1.0,20000,1.0,8798.806760330806,False,0,0.0,1.0,2.6851230361037785e-06,0.008598447656939304,0,8.462466620940176e-09,0,0.0,0.0,0.0,0.0,0.0,inf,0.0,0.0,0.0,0.0,0.0,0.0,inf,inf,0.0,0.0,inf,9.800263928577582e-05,0.00013010150372086017,0.4595948322019408,False,10125817096.987803,2.168404344971009e-19,3.192383423196308,4422.9472349258485,8.11440800155629e-19,3.1923834224021195,0,0,0,0,0.0,0,0,False,0,0.9139806064051295,False,False,False,False,False,False,False,False,False,False,False,2.6851230361037785e-06,497.2950381973934,2449557.458987498,0,0.0,False,-1,1,0,1,4349,0,1,0.786490573301903,823,0.006977677951815759,1867651556.6534173,56437129.802481145,26538917154520.156,1010230585499.2812,4.553794235144863e-05,1.0,6.071725646859802,0.00036,0.0,10273102880.164005,840.4432004940379,0.0,0.0,0.8597561487712732,0.2239679932879848,0.2096302109940294,0.8597561487712732,0
0.018246243513252658,-516.5274035723282,0.07101160935146933,8.997054965100698e-06,9.00825064181713e-07,0.0,False,133,True,shielded,nan,nan,36019.35198636835,81731.57819610696,81731.57820661708,45746.295542562904,36021.57494691292,nan,nan,nan,2400000.0,351984.65425927227,nan,4225.638798858016,2.0,0.001,1.0,completed_flow,1.7448508255860995e-05,4.1343704543341e-09,5.420595575202291,0.0016272043925459273,plastic_shielded_case64_M1,True,5.499753161916153,,terminate,False,nan,1.0,20000,1.0,4225.634573223443,False,0,0.0,1.0,2.6480317189852683e-06,0.008598447656939304,0,8.423379012372192e-09,0,0.0,0.0,0.0,0.0,0.0,inf,0.0,0.0,0.0,0.0,0.0,0.0,inf,inf,0.0,0.0,inf,9.783903685278524e-05,0.00012980067755475567,0.45884329126856566,False,10123783764.015184,4.336808689942018e-19,3.2151034879467164,4422.9472349258485,1.1588332393251994e-18,3.215103487142142,0,0,0,0,0.0,0,0,False,0,0.9167939891061233,False,False,False,False,False,False,False,False,False,False,False,2.6480317189852683e-06,492.04606593119877,2424084.953699721,0,0.0,False,-1,1,0,1,4349,0,1,0.788866347044792,813,0.007060605583178302,1867651556.6534173,57037699.930548795,27004409887045.38,1010389276540.488,4.553794235144863e-05,1.0,6.071725646859802,0.00036,0.0,10271622554.062256,840.4432004940379,0.0,0.0,0.2652208011507634,0.06960057498895747,0.0651311799745002,0.2652208011507634,0
0.01826278809084536,-517.042263961633,0.07107422925751927,8.997056205050053e-06,9.008263041310842e-07,0.0,False,134,True,shielded,nan,nan,36019.35198636835,81731.57819610696,81731.57820661708,45746.295542562904,36021.57494691292,nan,nan,nan,2400000.0,352340.81967365777,nan,356.165414385483,2.0,0.001,1.0,completed_flow,1.4686867184248754e-06,4.124042595799246e-09,5.4201712035425444,0.0016286730792643522,plastic_shielded_case64_M1,True,5.49968641087076,,terminate,False,nan,1.0,20000,1.0,356.16505822042484,False,0,0.0,1.0,2.639594662671252e-06,0.008598447656939304,0,8.397303214199908e-09,0,0.0,0.0,0.0,0.0,0.0,inf,0.0,0.0,0.0,0.0,0.0,0.0,inf,inf,0.0,0.0,inf,9.777533461841439e-05,0.00012959960467848528,0.4585506551313756,False,10122991185.62426,2.710505431213761e-20,3.2170119603494696,4422.9472349258485,7.916937958284928e-20,3.21701195954402,0,0,0,0,0.0,0,0,False,0,0.9170268726815125,False,False,False,False,False,False,False,False,False,False,False,2.639594662671252e-06,491.34234514305206,2420745.419278995,0,0.0,False,-1,1,0,1,4349,0,1,0.7890647473413398,733,0.007067593506290061,1867651556.6534173,57088240.19226652,27043776836140.527,1010402682280.4781,4.553794235144863e-05,1.0,6.071725646859802,0.00036,0.0,10271497886.368422,840.4432004940379,0.0,0.0,0.0018810488162539175,0.0004920984860060987,0.0004605471997135286,0.0018810488162539175,0
0.018262805076283084,-517.0427925876467,0.07107429354441896,8.997056206323149e-06,9.008263054041851e-07,0.0,False,135,True,shielded,nan,nan,36019.35198636835,81731.57819610696,81731.57820661708,45746.295542562904,36021.57494691292,nan,nan,nan,2400000.0,352341.1853666709,nan,0.36569301314730923,2.0,0.001,1.0,completed_flow,1.507815917695804e-09,4.123174428979893e-09,5.420138206674508,0.00162867458708027,plastic_shielded_case64_M1,True,5.499686342338541,,terminate,False,nan,1.0,20000,1.0,0.3656926474546618,False,0,0.0,1.0,7.033772040520081e-06,0.008598447656939304,0,8.392596458530799e-09,0,0.0,0.0,0.0,0.0,0.0,inf,0.0,0.0,0.0,0.0,0.0,0.0,inf,inf,0.0,0.0,inf,9.7770384338566e-05,0.00012956327721073586,0.45852791418037775,False,10122929558.972307,4.519020713860833e-07,3.2170171828786276,4422.9472349258485,4.349823593618023e-06,3.217012832249584,0,0,0,0,0.0,0,0,False,0,0.9170271114595564,False,False,False,False,False,False,False,False,False,False,False,7.033772040520081e-06,491.31575984782796,2420623.885990264,0,0.0,False,-1,1,0,2,4349,1,1,0.7890648380064998,12,0.007067600681001625,1867651556.6534173,57088292.0781349,27043817266640.246,1010402696047.2224,4.553794235144863e-05,1.0,6.071725646859802,0.00036,0.0,10271497758.374115,840.4432004940379,0.0,0.0,1.983904239963307e-09,5.18301267517407e-10,4.856927244768218e-10,1.983904239963307e-09,0
0.018262810475210167,-517.0429606147352,0.07107431397840946,8.997056206727829e-06,9.008263058088501e-07,0.0,False,136,False,shielded,nan,nan,36019.35198636835,81731.57819610696,81731.57820661708,45746.295542562904,36021.57494691292,nan,nan,nan,2400000.0,352341.3016044868,nan,0.11623781593492816,2.0,0.001,1.0,completed_flow,4.792686703232463e-10,4.123173537819265e-09,5.420138162078119,0.0016286750663489402,plastic_shielded_case64_M1,True,5.499686320555161,,terminate,False,nan,1.0,20000,1.0,86484.23267752123,False,0,0.0,1.0,5.14446879783795e-07,0.008598447656939304,0,8.227720186569677e-09,0,0.0,0.0,0.0,0.0,0.0,inf,0.0,0.0,0.0,0.0,0.0,0.0,inf,inf,0.0,0.0,inf,9.777037764837978e-05,0.00012828424588247822,0.45852788344663553,False,10122929475.681791,4.3828798658195816e-07,3.217017302757511,4422.9472349258485,4.217333003401757e-06,3.217013084619057,0,0,0,0,0.0,0,0,False,0,0.9170271873565101,False,False,False,False,False,False,False,False,False,False,False,8.300563917064836e-07,491.31560494700125,2420623.137525479,0,0.0,False,334,1,1,2,4349,0,2,0.7890648642340964,5,0.007067602961528597,1867651556.6534173,57088308.57038058,27043830117732.44,1010402700423.0695,4.553794235144863e-05,1.0,6.071725646859802,0.00036,0.0,10271497717.690351,840.4432004940379,0.0,0.0,2.000514063816849e-10,5.2779442673889814e-11,4.917876643938458e-11,2.000514063816849e-10,0
0.018262844446072735,-517.0440178667102,0.07107444255214823,8.997056209274006e-06,9.008263083550503e-07,0.0,False,137,False,shielded,nan,nan,36019.35198636835,81731.57819610696,81731.57820661708,45746.295542562904,36021.57494691292,nan,nan,nan,2400000.0,352342.03299051314,nan,0.7313860262946185,2.0,0.001,1.0,completed_flow,3.0156306503586333e-09,4.1231732543151115e-09,5.420138083618752,0.0016286780819795906,plastic_shielded_case64_M1,True,5.4996861834907556,,terminate,False,nan,1.0,20000,1.0,1940354.3252355282,False,0,0.0,1.0,7.750061078115985e-08,0.00859852608833608,0,6.786428230105146e-09,0,0.0,0.0,0.0,0.0,0.0,inf,0.0,0.0,0.0,0.0,0.0,0.0,inf,inf,0.0,0.0,inf,9.777036587846393e-05,0.00011650712733152982,0.45852782937632486,False,10122929329.147032,3.123416011574654e-07,3.217017419891888,4422.9472349258485,3.006888204584255e-06,3.217014412198233,0,0,0,0,1.3076196981378143e-07,0,0,False,0,0.9170271873565101,False,False,False,False,False,False,False,False,False,False,False,7.869386805747272e-06,491.3147908523966,2420619.161298168,0,0.0,False,334,1,2,2,4349,0,2,0.7890650021368641,25,0.007067617310950667,1867651556.6534173,57088412.34206985,27043910978809.867,1010402727956.5757,4.553794235144863e-05,1.0,6.071725646859802,0.00036,0.0,10271497461.701801,840.4432004940379,0.0,0.0,7.933422846216405e-09,2.0742285768330597e-09,1.941475119903177e-09,7.933422846216405e-09,0
0.018262912387755792,-517.0461323704835,0.07107469969942604,8.997056214366441e-06,9.008263134474584e-07,0.0,False,138,False,shielded,nan,nan,36019.35198636835,81731.57819610696,81731.57820661708,45746.295542562904,36021.57494691292,nan,nan,nan,2400000.0,352343.4957625657,nan,1.462772052589237,2.0,0.001,1.0,completed_flow,6.0312573900000305e-09,4.123171472071793e-09,5.420137444114193,0.0016286841132369806,plastic_shielded_case64_M1,True,5.499685909362088,,terminate,False,nan,1.0,20000,1.0,2184411.709260501,False,0,0.0,1.0,1.4176713474193247e-07,0.00859868297314771,0,8.392382825271995e-09,0,0.0,0.0,0.0,0.0,0.0,inf,0.0,0.0,0.0,0.0,0.0,0.0,inf,inf,0.0,0.0,inf,9.777033541872107e-05,0.00012956162811460464,0.45852768944856914,False,10122928134.775347,1.7136228579502753e-07,3.217017838770921,4422.9472349258485,1.6486214136159732e-06,3.217016189344055,0,0,0,0,1.3078010092422822e-07,0,0,False,0,0.9170271873565101,False,False,False,False,False,False,False,False,False,False,False,7.86934151315327e-06,491.3128005533991,2420609.458461477,0,0.0,False,334,1,3,2,4349,0,2,0.789065186858334,47,0.007067646009791315,1867651556.6534173,57088619.88529161,27044072701222.16,1010402783023.647,4.553794235144863e-05,1.0,6.071725646859802,0.00036,0.0,10271496949.72497,840.4432004940379,0.0,0.0,3.1728446213376005e-08,8.297640133685513e-09,7.765872577901197e-09,3.1728446213376005e-08,0
0.01826304827095304,-517.0503613773279,0.07107521399318228,8.997056224551257e-06,9.008263236322673e-07,0.0,False,139,False,shielded,nan,nan,36019.35198636835,81731.57819610696,81731.57820661708,45746.295542562904,36021.57494691292,nan,nan,nan,2400000.0,352346.4213066709,nan,2.925544105178474,2.0,0.001,1.0,completed_flow,1.2062499136697435e-08,4.123167907350284e-09,5.420136164965987,0.0016286961757361173,plastic_shielded_case64_M1,True,5.499685361105175,,terminate,False,nan,1.0,20000,1.0,2477945.540269395,False,0,0.0,1.0,1.3537693487549437e-07,0.008598996830842805,0,8.392266167581593e-09,0,0.0,0.0,0.0,0.0,0.0,inf,0.0,0.0,0.0,0.0,0.0,0.0,inf,inf,0.0,0.0,inf,9.777027449683079e-05,0.00012956072759171938,0.4585274095812082,False,10122925745.77221,5.903389423336611e-08,3.2170186427279037,4422.9472349258485,5.680009579375266e-07,3.2170180739214937,0,0,0,0,1.3081636317209046e-07,0,0,False,0,0.9170271873565101,False,False,False,False,False,False,False,False,False,False,False,7.869250928747313e-06,491.30881987897993,2420590.052415535,0,0.0,False,334,1,4,2,4349,0,2,0.7890653827276257,95,0.00706770340745864,1867651556.6534173,57089034.971107975,27044396147076.438,1010402893158.0254,4.553794235144863e-05,1.0,6.071725646859802,0.00036,0.0,10271495925.77209,840.4432004940379,0.0,0.0,1.2691010041229848e-07,3.319108920512274e-08,3.106391296021428e-08,1.2691010041229848e-07,0
0.01826332003667197,-517.0588193882033,0.071076242577497,8.997056244920854e-06,9.008263440018762e-07,0.0,False,140,False,shielded,nan,nan,36019.35198636835,81731.57819610696,81731.57820661708,45746.295542562904,36021.57494691292,nan,nan,nan,2400000.0,352352.27239488123,nan,5.851088210356948,2.0,0.001,1.0,completed_flow,2.4124935698883326e-08,4.123160777510881e-09,5.420133606153712,0.0016287203006718162,plastic_shielded_case64_M1,True,5.499684264593047,,terminate,False,nan,1.0,20000,1.0,2287245.6225088076,False,0,0.0,1.0,1.3536094272781387e-07,0.008599624898520439,0,8.39223311882851e-09,0,0.0,0.0,0.0,0.0,0.0,inf,0.0,0.0,0.0,0.0,0.0,0.0,inf,inf,0.0,0.0,inf,9.777015264904601e-05,0.00012956047247530945,0.4585268498266939,False,10122920966.80248,1.2126764521801681e-08,3.2170202504542433,4422.9472349258485,1.1669622299264592e-07,3.2170201329525665,0,0,0,0,1.3088888777567978e-07,0,0,False,0,0.9170271873565101,False,False,False,False,False,False,False,False,False,False,False,7.869069763063553e-06,491.3008582546845,2420551.2389803776,0,0.0,False,334,1,5,2,4349,0,2,0.789065596696719,188,0.0070678182027374015,1867651556.6534173,57089865.14023203,27045043042903.734,1010403113427.7244,4.553794235144863e-05,1.0,6.071725646859802,0.00036,0.0,10271493877.869509,840.4432004940379,0.0,0.0,5.076419806184835e-07,1.3276180034577224e-07,1.2424869935396976e-07,5.076419806184835e-07,0
0.018263863565407545,-517.0757353987038,0.07107829973333668,8.997056285660029e-06,9.008263847410669e-07,0.0,False,141,False,shielded,nan,nan,36019.35198636835,81731.57819610696,81731.57820661708,45746.295542562904,36021.57494691292,nan,nan,nan,2400000.0,352363.97457130195,nan,11.702176420713895,2.0,0.001,1.0,completed_flow,4.824962110665937e-08,4.123146518579084e-09,5.420128486639759,0.0016287685502929228,plastic_shielded_case64_M1,True,5.499682071575851,,terminate,False,nan,1.0,20000,1.0,1869801.2274154832,False,0,0.0,1.0,1.2607166766967044e-07,0.00860088244302623,0,8.3921983302942e-09,0,0.0,0.0,0.0,0.0,0.0,inf,0.0,0.0,0.0,0.0,0.0,0.0,inf,inf,0.0,0.0,inf,9.776990896157435e-05,0.00012956020392829634,0.4585257303570599,False,10122911405.334276,9.301184766433862e-10,3.2170232465929156,4422.9472349258485,8.954900510097825e-09,3.217023236832561,0,0,0,0,1.3103393741429106e-07,0,0,False,0,0.9170271873565101,False,False,False,False,False,False,False,False,False,False,False,7.868707444208313e-06,491.2849340342175,2420473.607368594,0,0.0,False,334,1,6,2,4349,0,2,0.7890659190873632,376,0.007068047793071391,1867651556.6534173,57091525.46844569,27046336851033.3,1010403553970.8916,4.553794235144863e-05,1.0,6.071725646859802,0.00036,0.0,10271489782.07753,840.4432004940379,0.0,0.0,2.030433235462339e-06,5.310184570056753e-07,4.969779298842907e-07,2.030433235462339e-06,0
0.018264950612070008,-517.1095673747009,0.07108241399385651,8.99705636713831e-06,9.008264662193443e-07,0.0,False,142,False,shielded,nan,nan,36019.35198636835,81731.57819610696,81731.57820661708,45746.295542562904,36021.57494691292,nan,nan,nan,2400000.0,352387.3789241434,nan,23.40435284142779,2.0,0.001,1.0,completed_flow,9.649824105669585e-08,4.123118000641391e-09,5.42011823982588,0.0016288650485339795,plastic_shielded_case64_M1,True,5.499677685569521,,terminate,False,nan,1.0,20000,1.0,2477935.6906310385,False,0,0.0,1.0,1.3437079065623603e-07,0.00860340316864508,0,8.392146803718366e-09,0,0.0,0.0,0.0,0.0,0.0,inf,0.0,0.0,0.0,0.0,0.0,0.0,inf,inf,0.0,0.0,inf,9.776942158739143e-05,0.00012955980617243012,0.4585234914198667,False,10122892267.856384,5.497502658502717e-12,3.2170296293012703,4422.9472349258485,5.289605018456159e-11,3.217029628442917,0,0,0,0,1.3132403841704268e-07,0,0,False,0,0.9170271873565101,False,False,False,False,False,False,False,False,False,False,False,7.867982856544259e-06,491.2530815359279,2420318.324353477,0,0.0,False,334,1,7,2,4349,0,2,0.7890665833693864,750,0.007068506972845223,1867651556.6534173,57094846.084735654,27048924533189.72,1010404435072.3025,4.553794235144863e-05,1.0,6.071725646859802,0.00036,0.0,10271481590.54598,840.4432004940379,0.0,0.0,8.120515498772595e-06,2.123914006512027e-06,1.9877632301188676e-06,8.120515498772595e-06,0
0.01826712466216085,-517.177231146684,0.07109064231026518,8.997056530094447e-06,9.008266291754665e-07,0.0,False,143,False,shielded,nan,nan,36019.35198636835,81731.57819610696,81731.57820661708,45746.295542562904,36021.57494691292,nan,nan,nan,2400000.0,352434.18762982625,nan,46.80870568285558,2.0,0.001,1.0,completed_flow,1.9299247760811399e-07,4.123060965871932e-09,5.420097715158643,0.0016290580410115876,plastic_shielded_case64_M1,True,5.499668913669112,,terminate,False,nan,1.0,20000,1.0,2156092.5266068703,False,0,0.0,1.0,1.3246207919668246e-07,0.008608467166351207,0,8.391996113820254e-09,0,0.0,0.0,0.0,0.0,0.0,inf,0.0,0.0,0.0,0.0,0.0,0.0,inf,inf,0.0,0.0,inf,9.776844685652761e-05,0.0001295586429250954,0.45851901362486425,False,10122853934.92967,8.957394593037907e-17,3.217042216409073,4422.9472349258485,8.62077155347381e-16,3.2170422156036085,0,0,0,0,1.3190424732309715e-07,0,0,False,0,0.9170271873565101,False,False,False,False,False,False,False,False,False,False,False,7.866533881380345e-06,491.18936039220694,2420007.679556813,0,0.0,False,334,1,8,2,4349,0,2,0.7890678912378462,654,0.007069425328816403,1867651556.6534173,57101487.15677139,27054100161072.14,1010406197335.4257,4.553794235144863e-05,1.0,6.071725646859802,0.00036,0.0,10271465207.692526,840.4432004940379,0.0,0.0,3.247274076229416e-05,8.494435723337577e-06,7.94986199556255e-06,3.247274076229416e-05,0
0.01827147258941786,-517.3125579706458,0.07110709812461635,8.99705685600497e-06,9.008269550859752e-07,0.0,False,144,False,shielded,nan,nan,36019.35198636835,81731.57819610696,81731.57820661708,45746.295542562904,36021.57494691292,nan,nan,nan,2400000.0,352527.805041192,nan,93.61741136571116,2.0,0.001,1.0,completed_flow,3.8596893820472614e-07,4.122946901143007e-09,5.420056541694881,0.0016294440099497924,plastic_shielded_case64_M1,True,5.499651370317282,,terminate,False,nan,1.0,20000,1.0,1730269.6707411152,False,0,0.0,1.0,1.311011634025513e-07,0.008618685347938762,0,8.391723761982464e-09,0,0.0,0.0,0.0,0.0,0.0,inf,0.0,0.0,0.0,0.0,0.0,0.0,inf,inf,0.0,0.0,inf,9.776649746880817e-05,0.00012955654048461525,0.4585100583720653,False,10122777037.245981,1.0587911840678754e-22,3.2170671332609713,4422.9472349258485,3.4854599223737514e-22,3.2170671324554965,0,0,0,0,1.330646927248114e-07,0,0,False,0,0.9170271873565101,False,False,False,False,False,False,False,False,False,False,False,7.863636731537288e-06,491.06185357248086,2419386.0751695023,0,0.0,False,334,1,9,2,4349,0,2,0.7890704800658823,647,0.007071262026453673,1867651556.6534173,57114768.65870788,27064452470962.27,1010409722102.845,4.553794235144863e-05,1.0,6.071725646859802,0.00036,0.0,10271432442.824171,840.4432004940379,0.0,0.0,0.0001298158427609695,3.396793040061449e-05,3.1789920867026015e-05,0.0001298158427609695,0
0.018280167752316778,-517.5832087388375,0.07114000647989938,8.997057507818991e-06,9.008276069000482e-07,0.0,False,145,False,shielded,nan,nan,36019.35198636835,81731.57819610696,81731.57820661708,45746.295542562904,36021.57494691292,nan,nan,nan,2400000.0,352715.0398639234,nan,187.23482273142233,2.0,0.001,1.0,completed_flow,7.718738161670985e-07,4.12271878996312e-09,5.41997369817631,0.0016302158837659595,plastic_shielded_case64_M1,True,5.499616285409307,,terminate,False,nan,1.0,20000,1.0,2477854.630946033,False,0,0.0,1.0,1.320219066234241e-07,0.008639482458092035,0,8.391191168823184e-09,0,0.0,0.0,0.0,0.0,0.0,inf,0.0,0.0,0.0,0.0,0.0,0.0,inf,inf,0.0,0.0,inf,9.776259897944485e-05,0.0001295524289931091,0.458492149166338,False,10122622314.419565,1.0587911840678754e-22,3.2171173249175213,4422.9472349258485,5.738985311451726e-22,3.2171173241120226,0,0,0,0,1.3538569378597256e-07,0,0,False,0,0.9170271873565101,False,False,False,False,False,False,False,False,False,False,False,7.857845632414567e-06,490.806582028517,2418141.6082962235,0,0.0,False,334,1,10,2,4349,0,2,0.7890756939889744,669,0.007074935364514018,1867651556.6534173,57141329.09436601,27085161306018.24,1010416772602.1327,4.553794235144863e-05,1.0,6.071725646859802,0.00036,0.0,10271366916.441177,840.4432004940379,0.0,0.0,0.000518663557934866,0.0001357929318914082,0.00012708379436683279,0.000518663557934866,0
0.018297555312335012,-518.1244987586942,0.07120581010039218,8.997058811419436e-06,9.008289105004727e-07,0.0,False,146,False,shielded,nan,nan,36019.35198636835,81731.57819610696,81731.57820661708,45746.295542562904,36021.57494691292,nan,nan,nan,2400000.0,353089.50950938626,nan,374.46964546284465,2.0,0.001,1.0,completed_flow,1.5434914546598542e-06,4.1222626430582215e-09,5.4198060249336315,0.0016317593752206193,plastic_shielded_case64_M1,True,5.499546122775138,,terminate,False,nan,1.0,20000,1.0,2134078.566792233,False,0,0.0,1.0,1.3172591592274092e-07,0.008682519682253217,0,8.390614870905843e-09,0,0.0,0.0,0.0,0.0,0.0,inf,0.0,0.0,0.0,0.0,0.0,0.0,inf,inf,0.0,0.0,inf,9.775480316917693e-05,0.00012954797996437905,0.45845633607325553,False,10122309159.226868,8.470329472543003e-22,3.2172174998732634,4422.9472349258485,3.109334220317394e-21,3.21721749906772,0,0,0,0,1.400281361357405e-07,0,0,False,0,0.9170271873565101,False,False,False,False,False,False,False,False,False,False,False,7.846276225424974e-06,490.295009680106,2415647.6534975944,0,0.0,False,334,1,11,2,4349,0,2,0.789086098070919,676,0.00708228181182937,1867651556.6534173,57194439.695476726,27126595827442.684,1010430877456.5372,4.553794235144863e-05,1.0,6.071725646859802,0.00036,0.0,10271235877.088253,840.4432004940379,0.0,0.0,0.0020698651571946607,0.0005425439844132027,0.000507729512425379,0.0020698651571946607,0
0.018332319374683714,-519.2070327513255,0.07133736500985477,8.997061418509361e-06,9.008315175904185e-07,0.0,False,147,False,shielded,nan,nan,36019.35198636835,81731.57819610696,81731.57820661708,45746.295542562904,36021.57494691292,nan,nan,nan,2400000.0,353838.44880031195,nan,748.9392909256893,2.0,0.001,1.0,completed_flow,3.0859587038033036e-06,4.121350648860351e-09,5.419462733341252,0.0016348453339244226,plastic_shielded_case64_M1,True,5.49940582622395,,terminate,False,nan,1.0,20000,1.0,2477576.367033439,False,0,0.0,1.0,1.3139564474737672e-07,0.008774366237237157,0,8.387953568831564e-09,0,0.0,0.0,0.0,0.0,0.0,inf,0.0,0.0,0.0,0.0,0.0,0.0,inf,inf,0.0,0.0,inf,9.773921619893089e-05,0.0001295274326896818,0.4583847310455086,False,10121668010.149973,2.117582368135751e-22,3.217417439871267,4422.9472349258485,1.2101474344559846e-21,3.2174174390656316,0,0,0,0,1.4931477534838093e-07,0,0,False,0,0.9170271873565101,False,False,False,False,False,False,False,False,False,False,False,7.823188488608513e-06,489.2677656693776,2410639.744926651,0,0.0,False,334,1,12,2,4349,0,2,0.7891068525301952,724,0.007096973791647843,1867651556.6534173,57300619.83797738,27209532197340.33,1010459102572.9421,4.553794235144863e-05,1.0,6.071725646859802,0.00036,0.0,10270973852.016033,840.4432004940379,0.0,0.0,0.008241328199673166,0.0021651616190295785,0.0020260866678228555,0.008241328199673166,0
0.018401803312042664,-521.3719167005523,0.0716002657326148,8.997066632246064e-06,9.008367313270993e-07,0.0,False,148,False,shielded,nan,nan,36019.35198636835,81731.57819610696,81731.57820661708,45746.295542562904,36021.57494691292,nan,nan,nan,2400000.0,355336.3273821633,nan,1497.8785818513786,2.0,0.001,1.0,completed_flow,6.167824623532934e-06,4.119527860046039e-09,5.418744368985869,0.0016410131585479556,plastic_shielded_case64_M1,True,5.499125347912943,,terminate,False,nan,1.0,20000,1.0,2375482.479460589,False,0,0.0,1.0,1.3075620146589385e-07,0.008981147923024365,0,8.383645313183671e-09,0,0.0,0.0,0.0,0.0,0.0,inf,0.0,0.0,0.0,0.0,0.0,0.0,inf,inf,0.0,0.0,inf,9.770806086574373e-05,0.0001294941627714574,0.45824160565980954,False,10120326355.843397,3.3881317890172014e-21,3.217815703195914,4422.9472349258485,1.843228549749846e-20,3.217815702390094,0,0,0,0,1.678950211506261e-07,0,0,False,0,0.9170271873565101,False,False,False,False,False,False,False,False,False,False,False,7.777216622679752e-06,487.19702377658723,2400544.621318728,0,0.0,False,334,1,13,2,4349,0,2,0.789148153366503,755,0.007126354095307958,1867651556.6534173,57512816.05283628,27375673621604.656,1010515614310.7554,4.553794235144863e-05,1.0,6.071725646859802,0.00036,0.0,10270450016.261873,840.4432004940379,0.0,0.0,0.03266305862406516,0.008620779788946632,0.008065936552666922,0.03266305862406516,0
0.018540594783832742,-525.7009496696038,0.07212523262801285,8.997077057949498e-06,9.008471570305118e-07,0.0,False,149,False,shielded,nan,nan,36019.35198636835,81731.57819610696,81731.57820661708,45746.295542562904,36021.57494691292,nan,nan,nan,2400000.0,358332.08454586606,nan,2995.757163702757,2.0,0.001,1.0,completed_flow,1.2319310334347631e-05,4.115887069964259e-09,5.417180510342907,0.0016533324688823032,plastic_shielded_case64_M1,True,5.49856484983792,,terminate,False,nan,1.0,20000,1.0,2007204.3926928258,False,0,0.0,1.0,1.294497188344302e-07,0.009487057499206926,0,8.375038105900772e-09,0,0.0,0.0,0.0,0.0,0.0,inf,0.0,0.0,0.0,0.0,0.0,0.0,inf,inf,0.0,0.0,inf,9.76458244725913e-05,0.00012942766917694497,0.4579556928473759,False,10117405612.814484,4.235164736271502e-22,3.2186054005557403,4422.9472349258485,1.6410596893476192e-21,3.2186053997495523,0,0,0,0,2.050829847358866e-07,0,0,False,0,0.9170271873565101,False,False,False,False,False,False,False,False,False,False,False,7.686081744937061e-06,482.99167853590484,2380042.697030219,0,0.0,False,334,1,14,2,4349,0,2,0.7892299058434677,751,0.007185100104822451,1867651556.6534173,57936553.54853295,27709026248018.566,1010628882809.0968,4.553794235144863e-05,1.0,6.071725646859802,0.00036,0.0,10269403201.159555,840.4432004940379,0.0,0.0,0.12827846256795003,0.03416793010326499,0.031960204753973175,0.12827846256795003,0
0.01881747487466523,-534.3560855698422,0.07317184282251787,8.997097902299837e-06,9.008680013808582e-07,0.0,False,150,False,shielded,nan,nan,36019.35198636835,81731.57819610696,81731.57820661708,45746.295542562904,36021.57494691292,nan,nan,nan,2400000.0,364323.59887327155,nan,5991.514327405514,2.0,0.001,1.0,completed_flow,2.457352166081823e-05,4.108624585319344e-09,5.413544268479061,0.0016779059905431214,plastic_shielded_case64_M1,True,5.497445682945934,,terminate,False,nan,1.0,20000,1.0,1875977.0474987756,False,0,0.0,1.0,1.268044480438824e-07,0.010868048050216185,0,8.368473433394732e-09,0,0.0,0.0,0.0,0.0,0.0,inf,0.0,0.0,0.0,0.0,0.0,0.0,inf,inf,0.0,0.0,inf,9.752164785923953e-05,0.00012937693188697614,0.45738521490846307,False,10110614380.037104,1.6940658945086007e-21,3.2201555480667987,4422.9472349258485,8.174481789825347e-21,3.220155547259874,0,0,0,0,2.7956574277664453e-07,0,0,False,0,0.9170271873565101,False,False,False,False,False,False,False,False,False,False,False,7.507003281767917e-06,474.334898551414,2337837.1273723603,0,0.0,False,334,1,15,2,4349,0,2,0.7893899777480682,777,0.007302533940565324,1867651556.6534173,58781419.52727807,28379971402735.734,1010856392009.0925,4.553794235144863e-05,1.0,6.071725646859802,0.00036,0.0,10267312987.371584,840.4432004940379,0.0,0.0,0.49480630842981677,0.13420849183034694,0.12547071476423488,0.49480630842981677,0
0.019170372734786167,-545.4242740521646,0.07450451742840014,8.997124558056739e-06,9.008946571377522e-07,0.0,False,151,False,shielded,nan,nan,36019.35198636835,81731.57819610696,81731.57820661708,45746.295542562904,36021.57494691292,nan,nan,nan,2400000.0,371989.4697126511,nan,7665.870839379548,2.0,0.001,1.0,completed_flow,3.1314965691267354e-05,4.094175537416251e-09,5.404633660818195,0.0017092209562343888,plastic_shielded_case64_M1,True,5.496017300081033,,terminate,False,nan,1.0,20000,1.0,2472024.4502412654,False,0,0.0,1.0,1.2263893996035927e-07,0.01357912085864184,0,8.329971527641982e-09,0,0.0,0.0,0.0,0.0,0.0,inf,0.0,0.0,0.0,0.0,0.0,0.0,inf,inf,0.0,0.0,inf,9.733358211996254e-05,0.00012907895545475294,0.45652119705872063,False,10093972469.76856,2.710505431213761e-20,3.222066334524446,4422.9472349258485,1.0125526541046379e-19,3.2220663337165805,0,0,0,0,4.2893600632142713e-07,0,0,False,0,0.9170271873565101,False,False,False,False,False,False,False,False,False,False,False,7.161266221800932e-06,460.5019386633081,2270451.9359713355,0,0.0,False,334,1,16,2,4349,0,2,0.7895878864034221,821,0.007452672751680345,1867651556.6534173,59857349.15050615,29246583203331.098,1011149354926.7814,4.553794235144863e-05,1.0,6.071725646859802,0.00036,0.0,10264645265.890453,840.4432004940379,0.0,0.0,0.773869828465221,0.21430488362918154,0.2002373565182086,0.773869828465221,0
0.019539288973606683,-557.0390760111269,0.07589614639101894,8.997152530234644e-06,9.009226293156628e-07,0.0,False,152,False,shielded,nan,nan,36019.35198636835,81731.57819610696,81731.57820661708,45746.295542562904,36021.57494691292,nan,nan,nan,2400000.0,380038.63409399963,nan,8049.164381348525,2.0,0.001,1.0,completed_flow,3.273008347063678e-05,4.07583482731842e-09,5.388176161966669,0.0017419510397050256,plastic_shielded_case64_M1,True,5.494521750408039,,terminate,False,nan,1.0,20000,1.0,2436568.217838223,False,0,0.0,1.0,1.1708158420417363e-07,0.01819585888904788,0,8.295053563268762e-09,0,0.0,0.0,0.0,0.0,0.0,inf,0.0,0.0,0.0,0.0,0.0,0.0,inf,inf,0.0,0.0,inf,9.711814241681971e-05,0.00012880812011308943,0.4555313749248524,False,10063235596.419886,2.710505431213761e-20,3.223951838600898,4422.9472349258485,1.1035326776671429e-19,3.223951837792042,0,0,0,0,6.240527314438287e-07,0,0,False,0,0.9170271873565101,False,False,False,False,False,False,False,False,False,False,False,6.742030287204698e-06,441.60241031156363,2178392.1953502414,0,0.0,False,334,1,17,2,4349,0,2,0.7897860872477903,765,0.007610183675305149,1867651556.6534173,60981041.959011845,30166269084455.715,1011459206748.5028,4.553794235144863e-05,1.0,6.071725646859802,0.00036,0.0,10261852100.215633,840.4432004940379,0.0,0.0,0.8139342654992773,0.22999866670488134,0.2147875055052131,0.8139342654992773,0
0.019924874280412674,-569.2271838877314,0.0773489765710007,8.99718188311751e-06,9.009519821985684e-07,0.0,False,153,False,shielded,nan,nan,36019.35198636835,81731.57819610696,81731.57820661708,45746.295542562904,36021.57494691292,nan,nan,nan,2400000.0,388490.2566944156,nan,8451.622600415953,2.0,0.001,1.0,completed_flow,3.4202055549528406e-05,4.056751501402448e-09,5.363764091726783,0.001776153095254554,plastic_shielded_case64_M1,True,5.49295608142526,,terminate,False,nan,1.0,20000,1.0,2464272.5624893755,False,0,0.0,1.0,1.1031060315204042e-07,0.025097340955518826,0,8.257423666052369e-09,0,0.0,0.0,0.0,0.0,0.0,inf,0.0,0.0,0.0,0.0,0.0,0.0,inf,inf,0.0,0.0,inf,9.689307959443217e-05,0.00012851561122658445,0.45449728992026284,False,10017642355.43523,1.3552527156068805e-20,3.225764417094683,4422.9472349258485,6.365430171263016e-20,3.2257644162847896,0,0,0,0,8.423854341465393e-07,0,0,False,0,0.9170271873565101,False,False,False,False,False,False,False,False,False,False,False,6.328220792037193e-06,417.971145165395,2063215.5043283654,0,0.0,False,334,1,18,2,4349,0,2,0.7899819791030875,813,0.007775422740955362,1867651556.6534173,62154331.793279745,31142508248148.375,1011786986937.1125,4.553794235144863e-05,1.0,6.071725646859802,0.00036,0.0,10258927976.102741,840.4432004940379,0.0,0.0,0.8546543081890784,0.24662386765809394,0.23019223698719163,0.8546543081890784,0
0.020327798809627096,-582.0165676550764,0.07886530742523545,8.997212684066141e-06,9.009827831471697e-07,0.0,False,154,False,shielded,nan,nan,36019.35198636835,81731.57819610696,81731.57820661708,45746.295542562904,36021.57494691292,nan,nan,nan,2400000.0,397364.4604248523,nan,8874.203730436751,2.0,0.001,1.0,completed_flow,3.5732517076162394e-05,4.036903656960433e-09,5.329857115644093,0.0018118856123307164,plastic_shielded_case64_M1,True,5.491317230249903,,terminate,False,nan,1.0,20000,1.0,1822416.7871244005,False,0,0.0,1.0,1.0227428205659674e-07,0.03438919181532091,0,8.218134167422535e-09,0,0.0,0.0,0.0,0.0,0.0,inf,0.0,0.0,0.0,0.0,0.0,0.0,inf,inf,0.0,0.0,inf,9.665801954002411e-05,0.0001282094896816544,0.4534172162991296,False,9954315938.772984,3.3881317890172014e-21,3.2274542704213975,4422.9472349258485,2.3007653458095665e-21,3.227454269610413,0,0,0,0,1.0870785868004751e-06,0,0,False,0,0.9170271873565101,False,False,False,False,False,False,False,False,False,False,False,5.921027711593386e-06,389.4341003194972,1924011.6018908937,0,0.0,False,334,1,0,2,4349,0,2,0.7901725055758685,799,0.007948762667224938,1867651556.6534173,63379096.400084816,32179014827902.42,1012133802151.8776,4.553794235144863e-05,1.0,6.071725646859802,0.00036,0.0,10255867173.153963,840.4432004940379,0.0,0.0,0.8958886203062978,0.26421306135568906,0.24648101478770348,0.8958886203062978,0
0.020748752129825965,-595.4365339880779,0.08044748913061306,8.997245003660313e-06,9.010151027413514e-07,0.0,False,155,False,shielded,nan,nan,36019.35198636835,81731.57819610696,81731.57820661708,45746.295542562904,36021.57494691292,nan,nan,nan,2400000.0,406682.37434181094,nan,9317.913916958589,2.0,0.001,1.0,completed_flow,3.732309062041842e-05,4.016269497319633e-09,5.284503120470268,0.0018492087029511348,plastic_shielded_case64_M1,True,5.489602021304419,,terminate,False,nan,1.0,20000,1.0,2393491.816452712,False,0,0.0,1.0,9.301160967644149e-08,0.04645130403240054,0,8.177344249589272e-09,0,0.0,0.0,0.0,0.0,0.0,inf,0.0,0.0,0.0,0.0,0.0,0.0,inf,inf,0.0,0.0,inf,9.641257887879608e-05,0.0001278909025762799,0.45228938506997346,False,9869610479.086138,3.3881317890172014e-21,3.2289758816245824,4422.9472349258485,1.4906362536400642e-20,3.2289758808124525,0,0,0,0,1.3572172307647557e-06,0,0,False,0,0.9170271873565101,False,False,False,False,False,False,False,False,False,False,False,5.521643171631927e-06,355.95826537007406,1760533.856762355,0,0.0,False,334,1,1,2,4349,0,2,0.7903542788654269,822,0.00813059360633566,1867651556.6534173,64657255.94827086,33279752846532.523,1012500830549.0963,4.553794235144863e-05,1.0,6.071725646859802,0.00036,0.0,10252663760.496944,840.4432004940379,0.0,0.0,0.937480903398831,0.2827977637139994,0.26368229179966474,0.937480903398831,0
0.021188443105234156,-609.5177880581405,0.08209792035378538,8.997278915848024e-06,9.010490149290468e-07,0.0,False,156,False,shielded,nan,nan,36019.35198636835,81731.57819610696,81731.57820661708,45746.295542562904,36021.57494691292,nan,nan,nan,2400000.0,416466.1839546175,nan,9783.809612806519,2.0,0.001,1.0,completed_flow,3.8975379612761485e-05,3.9948274122323626e-09,5.225702754551657,0.0018881840825638963,plastic_shielded_case64_M1,True,5.487807164133004,,terminate,False,nan,1.0,20000,1.0,2119683.17397616,False,0,0.0,1.0,8.264685913199229e-08,0.0617186732088214,0,8.13479548521262e-09,0,0.0,0.0,0.0,0.0,0.0,inf,0.0,0.0,0.0,0.0,0.0,0.0,inf,inf,0.0,0.0,inf,9.615636524672966e-05,0.00012755773031572108,0.45111198518615847,False,9759791884.146452,1.3552527156068805e-20,3.2302946975058915,4422.9472349258485,8.586034668955e-20,3.2302946966925576,0,0,0,0,1.6547506277577584e-06,0,0,False,0,0.9170271873565101,False,False,False,False,False,False,False,False,False,False,False,5.131249635466342e-06,317.9776827043426,1574791.5951330378,0,0.0,False,334,1,0,2,4349,0,2,0.7905237301149823,819,0.00832132391978647,1867651556.6534173,65990771.24669257,34448951896433.324,1012889326320.2563,4.553794235144863e-05,1.0,6.071725646859802,0.00036,0.0,10249311592.706781,840.4432004940379,0.0,0.0,0.9792601672755462,0.3024079869766241,0.281823247895247,0.9792601672755462,0
0.021418342570344362,-616.9064965846144,0.08295998970766028,8.997296710234013e-06,9.010668093150506e-07,0.0,False,157,False,shielded,nan,nan,36019.35198636835,81731.57819610696,81731.57820661708,45746.295542562904,36021.57494691292,nan,nan,nan,2400000.0,421602.6840013409,nan,5136.500046723423,2.0,0.001,1.0,completed_flow,2.0375214370737735e-05,3.972556069083193e-09,5.151643167809657,0.001908559296934634,plastic_shielded_case64_M1,True,5.486867353747615,,terminate,False,nan,1.0,20000,1.0,1707744.3884328534,False,0,0.0,1.0,7.232008153294292e-08,0.07119006492635334,0,8.097264823990532e-09,0,0.0,0.0,0.0,0.0,0.0,inf,0.0,0.0,0.0,0.0,0.0,0.0,inf,inf,0.0,0.0,inf,9.595713772545154e-05,0.0001272631277183035,0.45019641894448725,False,9621474381.682648,3.3881317890172014e-21,3.2308715602349034,4422.9472349258485,1.5057751773917638e-20,3.2308715594209354,0,0,0,0,1.9752163720487788e-06,0,0,False,0,0.9170271873565101,False,False,False,False,False,False,False,False,False,False,False,4.751007215304751e-06,279.43436989843417,1386026.492802538,0,0.0,False,334,1,1,2,4349,0,2,0.7906015302541266,809,0.008421379207890429,1867651556.6534173,66687394.630170524,35068234340551.58,1013094554208.4117,4.553794235144863e-05,1.0,6.071725646859802,0.00036,0.0,10247556354.37755,840.4432004940379,0.0,0.0,0.26246431468301135,0.08169442365924634,0.076126389809715,0.26246431468301135,1
0.021820664472066653,-629.8799925342555,0.08446714167636904,8.997327954583948e-06,9.010980536649855e-07,0.0,False,158,False,shielded,nan,nan,36019.35198636835,81731.57819610696,81731.57820661708,45746.295542562904,36021.57494691292,nan,nan,nan,2400000.0,430626.1767538644,nan,9023.492752523503,2.0,0.001,1.0,completed_flow,3.565031280468463e-05,3.960961825246433e-09,5.123665050501001,0.0019442096097393186,plastic_shielded_case64_M1,True,5.485220479517482,,terminate,False,nan,1.0,20000,1.0,2443816.310422631,False,0,0.0,1.0,6.759858814819328e-08,0.08910176999796598,0,8.065274351877108e-09,0,0.0,0.0,0.0,0.0,0.0,inf,0.0,0.0,0.0,0.0,0.0,0.0,inf,inf,0.0,0.0,inf,9.576916421032551e-05,0.00012701147427509867,0.44933252324389317,False,9569221007.338903,3.3881317890172014e-21,3.2318041526043797,4422.9472349258485,1.024949514638374e-20,3.2318041517892993,0,0,0,0,2.158027819120869e-06,0,0,False,0,0.9170271873565101,False,False,False,False,False,False,False,False,False,False,False,4.5627957338747e-06,262.17927599018725,1301345.9290390718,0,0.0,False,334,1,0,2,4349,0,2,0.7907292192157168,776,0.008597021003318278,1867651556.6534173,67905441.0825107,36164999513514.234,1013457149753.2328,4.553794235144863e-05,1.0,6.071725646859802,0.00036,0.0,10244480567.15803,840.4432004940379,0.0,0.0,0.7714802394713173,0.2460406422366366,0.2291467489514329,0.7714802394713173,0
0.022240993406977938,-643.4932607064948,0.08603976528949053,8.997360739711127e-06,9.011308387921554e-07,0.0,False,159,False,shielded,nan,nan,36019.35198636835,81731.57819610696,81731.57820661708,45746.295542562904,36021.57494691292,nan,nan,nan,2400000.0,440100.84414401406,nan,9474.66739014968,2.0,0.001,1.0,completed_flow,3.723760838187425e-05,3.940755378826903e-09,5.085187279683942,0.001981447218121193,plastic_shielded_case64_M1,True,5.483496887567865,,terminate,False,nan,1.0,20000,1.0,1701260.8613891054,False,0,0.0,1.0,6.194362638824865e-08,0.11028391441880689,0,8.027469918316722e-09,0,0.0,0.0,0.0,0.0,0.0,inf,0.0,0.0,0.0,0.0,0.0,0.0,inf,inf,0.0,0.0,inf,9.552470944785593e-05,0.0001267134410308302,0.448209000474285,False,9497357938.775871,6.776263578034403e-21,3.2326900029417276,4422.9472349258485,2.9653559937990883e-20,3.2326900021254756,0,0,0,0,2.483334852902534e-06,0,0,False,0,0.9170271873565101,False,False,False,False,False,False,False,False,False,False,False,4.250030589077625e-06,241.5064033560729,1199841.8517889357,0,0.0,False,334,1,0,2,4349,0,2,0.7908520032101848,815,0.008781269003723495,1867651556.6534173,69176591.84257217,37328604081909.65,1013840679021.6729,4.553794235144863e-05,1.0,6.071725646859802,0.00036,0.0,10241261497.970293,840.4432004940379,0.0,0.0,0.8087313500872297,0.2636829061316328,0.2454732787456995,0.8087313500872297,0
0.022680037859080016,-657.7774640290671,0.08768024714658107,8.997395140665885e-06,9.01165239746909e-07,0.0,False,160,False,shielded,nan,nan,36019.35198636835,81731.57819610696,81731.57820661708,45746.295542562904,36021.57494691292,nan,nan,nan,2400000.0,450049.2449036712,nan,9948.400759657165,2.0,0.001,1.0,completed_flow,3.8886527089150667e-05,3.9197573636129065e-09,5.0831769685799,0.0020203337452103435,plastic_shielded_case64_M1,True,5.481693273360303,,terminate,False,nan,1.0,20000,1.0,2434730.453401401,False,0,0.0,1.0,6.019544065727811e-08,0.13505741769697363,0,7.98656756771409e-09,0,0.0,0.0,0.0,0.0,0.0,inf,0.0,0.0,0.0,0.0,0.0,0.0,inf,inf,0.0,0.0,inf,9.526953052181597e-05,0.00012639019377892445,0.44703612352930866,False,9493603378.113049,3.3881317890172014e-21,3.233578910226457,4422.9472349258485,4.037869857433419e-21,3.233578909408971,0,0,0,0,2.838574929004459e-06,0,0,False,0,0.9170271873565101,False,False,False,False,False,False,False,False,False,False,False,3.944674170013292e-06,235.91869093764726,1172405.94995121,0,0.0,False,334,1,0,2,4349,0,2,0.7909772136518651,805,0.008974537333896816,1867651556.6534173,70502797.12710877,38563372254114.945,1014246426181.1943,4.553794235144863e-05,1.0,6.071725646859802,0.00036,0.0,10237892975.087936,840.4432004940379,0.0,0.0,0.846288309737604,0.28232941635867936,0.26272171971733127,0.846288309737604,0
0.02313852545028494,-672.765251162952,0.08939101966358876,8.997431236076698e-06,9.012013351577205e-07,0.0,False,161,False,shielded,nan,nan,36019.35198636835,81731.57819610696,81731.57820661708,45746.295542562904,36021.57494691292,nan,nan,nan,2400000.0,460495.0657013112,nan,10445.820797640023,2.0,0.001,1.0,completed_flow,4.059864705634707e-05,3.8979468436677835e-09,5.081462392511348,0.0020609323922666906,plastic_shielded_case64_M1,True,5.479806215097861,,terminate,False,nan,1.0,20000,1.0,1776830.0110318598,False,0,0.0,1.0,5.844578804423906e-08,0.16371500866130323,0,7.942135925823536e-09,0,0.0,0.0,0.0,0.0,0.0,inf,0.0,0.0,0.0,0.0,0.0,0.0,inf,inf,0.0,0.0,inf,9.500322882759496e-05,0.00012603811559672582,0.4458120515193411,False,9490401147.449617,1.6940658945086007e-21,3.2344861004352823,4422.9472349258485,7.540265158218841e-21,3.2344860996165017,0,0,0,0,3.225564828132691e-06,0,0,False,0,0.9170271873565101,False,False,False,False,False,False,False,False,False,False,False,3.647633291680982e-06,230.36454849906772,1145128.3243474846,0,0.0,False,334,1,0,2,4349,0,2,0.7911047860906099,820,0.009177259423716102,1867651556.6534173,71886045.47340776,39873912048091.93,1014675757226.2538,4.553794235144863e-05,1.0,6.071725646859802,0.00036,0.0,10234368607.786592,840.4432004940379,0.0,0.0,0.883996284149377,0.30201050036947447,0.280919673105292,0.883996284149377,0
0.023617202675278226,-688.4908250129678,0.091174558100238,8.997469108315136e-06,9.012392073961808e-07,0.0,False,162,False,shielded,nan,nan,36019.35198636835,81731.57819610696,81731.57820661708,45746.295542562904,36021.57494691292,nan,nan,nan,2400000.0,471463.17753883323,nan,10968.111837522025,2.0,0.001,1.0,completed_flow,4.237551302568605e-05,3.875303243684122e-09,5.079668639181636,0.0021033079052923767,plastic_shielded_case64_M1,True,5.477832171880621,,terminate,False,nan,1.0,20000,1.0,1924988.5933302722,False,0,0.0,1.0,5.6678756664653396e-08,0.19650660363088934,0,7.917677365612747e-09,0,0.0,0.0,0.0,0.0,0.0,inf,0.0,0.0,0.0,0.0,0.0,0.0,inf,inf,0.0,0.0,inf,9.472539766850607e-05,0.00012584388464161392,0.4445349054935115,False,9487051041.25113,3.3881317890172014e-21,3.2354189217733116,4422.9472349258485,4.874328461654318e-21,3.2354189209531707,0,0,0,0,3.646980241768453e-06,0,0,False,0,0.9170271873565101,False,False,False,False,False,False,False,False,False,False,False,3.646980241768453e-06,224.70142061457219,1117307.8274684534,0,0.0,False,334,1,0,2,4349,0,2,0.7912346073118164,796,0.009389888864220642,1867651556.6534173,73328361.31126097,41265132300019.47,1015130125027.845,4.553794235144863e-05,1.0,6.071725646859802,0.00036,0.0,10230681782.899012,840.4432004940379,0.0,0.0,0.9216679070743049,0.3227547010313429,0.3000931679257772,0.9216679070743049,0
0.024132258591820444,-704.9900142800631,0.09309071500721322,8.997508843668305e-06,9.012789427493296e-07,0.0,False,163,False,shielded,nan,nan,36019.35198636835,81731.57819610696,81731.57820661708,45746.295542562904,36021.57494691292,nan,nan,nan,2400000.0,482979.6949682314,nan,11516.517429398127,2.0,0.001,1.0,completed_flow,4.421862832286591e-05,3.851806449192477e-09,5.077792362351434,0.0021475265336152426,plastic_shielded_case64_M1,True,5.475767482063172,,terminate,False,nan,1.0,20000,1.0,1687529.7649899218,False,0,0.0,1.0,5.48835500844044e-08,0.23358831802306218,0,7.848950137381806e-09,0,0.0,0.0,0.0,0.0,0.0,inf,0.0,0.0,0.0,0.0,0.0,0.0,inf,inf,0.0,0.0,inf,9.443562276085082e-05,0.00012529649469931979,0.44320277069427694,False,9483546809.90849,6.776263578034403e-21,3.2363791156047914,4422.9472349258485,2.961892646941779e-20,3.2363791147832215,0,0,0,0,4.102759158542615e-06,0,0,False,0,0.9170271873565101,False,False,False,False,False,False,False,False,False,False,False,4.102759158542615e-06,218.93477966856491,1088970.699472868,0,0.0,False,334,1,0,2,4349,0,2,0.7913665194096116,810,0.009612900299630783,1867651556.6534173,74831802.17779121,42742260359102.16,1015611074637.5339,4.553794235144863e-05,1.0,6.071725646859802,0.00036,0.0,10226825661.747446,840.4432004940379,0.0,0.0,0.9591150284406448,0.3445884460842227,0.320266365699581,0.9591150284406448,0
0.02468751107935163,-722.3003481923654,0.09515301914589791,8.997550532518586e-06,9.013206315996093e-07,0.0,False,164,False,shielded,nan,nan,36019.35198636835,81731.57819610696,81731.57820661708,45746.295542562904,36021.57494691292,nan,nan,nan,2400000.0,495072.03826909943,nan,12092.343300868035,2.0,0.001,1.0,completed_flow,4.612944631815106e-05,3.8274369145924375e-09,5.075830102995611,0.0021936559799333936,plastic_shielded_case64_M1,True,5.473608361838635,,terminate,False,nan,1.0,20000,1.0,2413705.85988532,False,0,0.0,1.0,5.3075342630137635e-08,0.27498927989168287,0,7.80032166642844e-09,0,0.0,0.0,0.0,0.0,0.0,inf,0.0,0.0,0.0,0.0,0.0,0.0,inf,inf,0.0,0.0,inf,9.413348283207364e-05,0.0001249077358461433,0.4418136992408528,False,9479881993.168028,6.776263578034403e-21,3.2373667727804847,4422.9472349258485,4.452649133643298e-20,3.237366771957415,0,0,0,0,4.592412464659197e-06,0,0,False,0,0.9170271873565101,False,False,False,False,False,False,False,False,False,False,False,4.592412464659197e-06,213.07077903295112,1060146.5164676204,0,0.0,False,334,1,0,2,4349,0,2,0.7915003785153449,804,0.00984679035684657,1867651556.6534173,76398455.55645354,44310860444649.55,1016120248850.1893,4.553794235144863e-05,1.0,6.071725646859802,0.00036,0.0,10222793177.499088,840.4432004940379,0.0,0.0,0.9961368374316454,0.3675358155525074,0.3414613294848151,0.9961368374316454,0
0.024978166406588787,-731.3826625136469,0.09623115997297627,8.997572405651958e-06,9.013425047329581e-07,0.0,False,165,False,shielded,nan,nan,36019.35198636835,81731.57819610696,81731.57820661708,45746.295542562904,36021.57494691292,nan,nan,nan,2400000.0,501420.51850205514,nan,6348.480232955719,2.0,0.001,1.0,completed_flow,2.4096287678695896e-05,3.8021757746189825e-09,5.074302092813711,0.0022177522676120895,plastic_shielded_case64_M1,True,5.472478405239737,,terminate,False,nan,1.0,20000,1.0,2085535.9929917257,False,0,0.0,1.0,5.2021288099584286e-08,0.2981521469860485,0,7.7718156173495e-09,0,0.0,0.0,0.0,0.0,0.0,inf,0.0,0.0,0.0,0.0,0.0,0.0,inf,inf,0.0,0.0,inf,9.389875568130723e-05,0.0001246792816023028,0.44073449841020507,False,9477028202.573221,4.235164736271502e-22,3.2378789578264615,4422.9472349258485,1.9233499532137206e-21,3.2378789570026054,0,0,0,0,5.114577500890949e-06,0,0,False,0,0.9170271873565101,False,False,False,False,False,False,False,False,False,False,False,5.114577500890949e-06,209.88363981867693,1044530.1585045909,0,0.0,False,334,1,0,2,4349,0,2,0.7915692254220078,808,0.009969472251435985,1867651556.6534173,77216102.09433216,45141511599649.1,1016389260963.3024,4.553794235144863e-05,1.0,6.071725646859802,0.00036,0.0,10220682812.298204,840.4432004940379,0.0,0.0,0.26603914520971506,0.09907901143915065,0.09204995773452657,0.26603914520971506,1
0.02548393267947946,-747.2211857465171,0.09810492421432626,8.997610549908815e-06,9.013806489898503e-07,0.0,False,166,False,shielded,nan,nan,36019.35198636835,81731.57819610696,81731.57820661708,45746.295542562904,36021.57494691292,nan,nan,nan,2400000.0,512497.9611252986,nan,11077.442623243409,2.0,0.001,1.0,completed_flow,4.1846848346823676e-05,3.789045529344109e-09,5.072863897073667,0.002259599115958913,plastic_shielded_case64_M1,True,5.470512614437985,,terminate,False,nan,1.0,20000,1.0,2404672.4984162343,False,0,0.0,1.0,5.05451699431409e-08,0.33888280269918786,0,7.720214634990772e-09,0,0.0,0.0,0.0,0.0,0.0,inf,0.0,0.0,0.0,0.0,0.0,0.0,inf,inf,0.0,0.0,inf,9.367849088163916e-05,0.0001242646709631703,0.43972172321909064,False,9474342154.060555,3.3881317890172014e-21,3.2387570032024047,4422.9472349258485,7.095679744987595e-21,3.2387570023771746,0,0,0,0,5.397050728078296e-06,0,0,False,0,0.9170271873565101,False,False,False,False,False,False,False,False,False,False,False,5.397050728078296e-06,204.89517823120744,1019960.7004951488,0,0.0,False,334,1,0,2,4349,0,2,0.7916858954857853,807,0.01018335907477976,1867651556.6534173,78634900.28700617,46602307791981.76,1016861378798.6677,4.553794235144863e-05,1.0,6.071725646859802,0.00036,0.0,10217011400.047258,840.4432004940379,0.0,0.0,0.7681109526267318,0.29392173105448655,0.2729461089791116,0.7681109526267318,0
0.026013087622841935,-763.8391903690616,0.1000622184487654,8.99765057140754e-06,9.014206704885781e-07,0.0,False,167,False,shielded,nan,nan,36019.35198636835,81731.57819610696,81731.57820661708,45746.295542562904,36021.57494691292,nan,nan,nan,2400000.0,524129.27587970416,nan,11631.31475440558,2.0,0.001,1.0,completed_flow,4.3670241478121347e-05,3.766348695549017e-09,5.070995434716028,0.0023032693574370345,plastic_shielded_case64_M1,True,5.468456501380492,,terminate,False,nan,1.0,20000,1.0,2399249.720095883,False,0,0.0,1.0,4.8963735466923483e-08,0.3825976920281418,0,7.684869022267552e-09,0,0.0,0.0,0.0,0.0,0.0,inf,0.0,0.0,0.0,0.0,0.0,0.0,inf,inf,0.0,0.0,inf,9.339299504932988e-05,0.0001239798711454189,0.43840894874336744,False,9470852517.429764,1.6940658945086007e-21,3.2396612147189834,4422.9472349258485,4.18386747042067e-21,3.239661213892312,0,0,0,0,5.881560110278988e-06,0,0,False,0,0.9170271873565101,False,False,False,False,False,False,False,False,False,False,False,5.881560110278988e-06,199.68381385282737,994325.0706873874,0,0.0,False,334,1,0,2,4349,0,2,0.7918044992206058,803,0.010407695744978908,1867651556.6534173,80113934.82850294,48151520070312.38,1017360780296.9028,4.553794235144863e-05,1.0,6.071725646859802,0.00036,0.0,10213171297.294777,840.4432004940379,0.0,0.0,0.8012176567909368,0.3143244954265611,0.2918018259923928,0.8012176567909368,0
0.02656662139864041,-781.2745169144041,0.10210627655746107,8.997692561280275e-06,9.014626603613103e-07,0.0,False,168,False,shielded,nan,nan,36019.35198636835,81731.57819610696,81731.57820661708,45746.295542562904,36021.57494691292,nan,nan,nan,2400000.0,536342.15637183,nan,12212.880492125858,2.0,0.001,1.0,completed_flow,4.556090298906768e-05,3.742805398850809e-09,5.069041295190191,0.0023488302604261022,plastic_shielded_case64_M1,True,5.4663062910459335,,terminate,False,nan,1.0,20000,1.0,1814071.625117742,False,0,0.0,1.0,4.735887395703088e-08,0.4289196687903852,0,7.629543765969243e-09,0,0.0,0.0,0.0,0.0,0.0,inf,0.0,0.0,0.0,0.0,0.0,0.0,inf,inf,0.0,0.0,inf,9.309530549639988e-05,0.00012353276586426674,0.43704001354880584,False,9467202865.702415,8.470329472543003e-22,3.2405914936980804,4422.9472349258485,3.631480069469289e-21,3.2405914928698953,0,0,0,0,6.385959924157377e-06,0,0,False,0,0.9170271873565101,False,False,False,False,False,False,False,False,False,False,False,6.385959924157377e-06,194.38310638181972,968242.1758963771,0,0.0,False,334,1,0,2,4349,0,2,0.7919248822382633,822,0.010642982690768783,1867651556.6534173,81655272.3094857,49794761150257.76,1017889128520.3999,4.553794235144863e-05,1.0,6.071725646859802,0.00036,0.0,10209155453.616306,840.4432004940379,0.0,0.0,0.8341253230860911,0.33581484226784003,0.31165759055025904,0.8341253230860911,0
0.02714555752548664,-799.5668013394551,0.10424041156184338,8.997736614983127e-06,9.01506714064174e-07,0.0,False,169,False,shielded,nan,nan,36019.35198636835,81731.57819610696,81731.57820661708,45746.295542562904,36021.57494691292,nan,nan,nan,2400000.0,549165.6808885622,nan,12823.524516732152,2.0,0.001,1.0,completed_flow,4.7520244613236465e-05,3.7183970332428835e-09,5.066997913543727,0.0023963505050393387,plastic_shielded_case64_M1,True,5.4640580849800955,,terminate,False,nan,1.0,20000,1.0,1660788.12757276,False,0,0.0,1.0,4.573902575361961e-08,0.47731704183121987,0,7.610297948032547e-09,0,0.0,0.0,0.0,0.0,0.0,inf,0.0,0.0,0.0,0.0,0.0,0.0,inf,inf,0.0,0.0,inf,9.27849995518091e-05,0.0001233768529908701,0.4356129620122698,False,9463386540.789558,6.776263578034403e-21,3.2415477711104694,4422.9472349258485,2.983772707462293e-20,3.241547770280696,0,0,0,0,6.90565242446913e-06,0,0,False,0,0.9170271873565101,False,False,False,False,False,False,False,False,False,False,False,6.90565242446913e-06,188.99914138283242,941741.347126435,0,0.0,False,334,1,0,2,4349,0,2,0.7920468899008566,809,0.01088974351120468,1867651556.6534173,83261006.32388575,51537996975890.95,1018448190121.525,4.553794235144863e-05,1.0,6.071725646859802,0.00036,0.0,10204956588.057766,840.4432004940379,0.0,0.0,0.8666504505006956,0.3584175843695886,0.3325363305568553,0.8666504505006956,0
0.027750953200489703,-818.7575574585145,0.10646801304909947,8.997782832494743e-06,9.015529315757865e-07,0.0,False,170,False,shielded,nan,nan,36019.35198636835,81731.57819610696,81731.57820661708,45746.295542562904,36021.57494691292,nan,nan,nan,2400000.0,562630.3816311309,nan,13464.70074256876,2.0,0.001,1.0,completed_flow,4.9549612445519507e-05,3.693105740317397e-09,5.064861609663486,0.002445900117484858,plastic_shielded_case64_M1,True,5.461707860380811,,terminate,False,nan,1.0,20000,1.0,2381310.476748383,False,0,0.0,1.0,4.4111367489110756e-08,0.5271074200992322,0,7.528108827188182e-09,0,0.0,0.0,0.0,0.0,0.0,inf,0.0,0.0,0.0,0.0,0.0,0.0,inf,inf,0.0,0.0,inf,9.24616489368669e-05,0.00012270879913594057,0.4341258115921204,False,9459396669.522144,3.3881317890172014e-21,3.2425300021055548,4422.9472349258485,9.278435612193159e-21,3.242530001274114,0,0,0,0,7.434760321829833e-06,0,0,False,0,0.9170271873565101,False,False,False,False,False,False,False,False,False,False,False,7.434760321829833e-06,183.5386347085393,914855.0148967681,0,0.0,False,334,1,0,2,4349,0,2,0.7921703662214028,816,0.011148525997633782,1867651556.6534173,84933253.61377624,53387565970130.21,1019039841388.8729,4.553794235144863e-05,1.0,6.071725646859802,0.00036,0.0,10200567187.426426,840.4432004940379,0.0,0.0,0.898598128142711,0.3821548033232388,0.3544585236170381,0.898598128142711,0
0.028383899540145863,-838.8902630561265,0.10879254404935768,8.997831318523574e-06,9.016014176046299e-07,0.0,False,171,False,shielded,nan,nan,36019.35198636835,81731.57819610696,81731.57820661708,45746.295542562904,36021.57494691292,nan,nan,nan,2400000.0,576768.3174108281,nan,14137.9357796972,2.0,0.001,1.0,completed_flow,5.165027715654108e-05,3.6669145305445076e-09,5.062628587617856,0.0024975503946413993,plastic_shielded_case64_M1,True,5.459251469494361,,terminate,False,nan,1.0,20000,1.0,2074725.2464146167,False,0,0.0,1.0,4.247075018810162e-08,0.5757978163626504,0,7.47440114218725e-09,0,0.0,0.0,0.0,0.0,0.0,inf,0.0,0.0,0.0,0.0,0.0,0.0,inf,inf,0.0,0.0,inf,9.212482060641852e-05,0.00012227027789820288,0.4325765566183367,False,9455226162.42258,1.6940658945086007e-21,3.243537890230316,4422.9472349258485,3.9074422670770454e-21,3.2435378893971243,0,0,0,0,7.685568162987683e-06,0,0,False,0,0.9170271873565101,False,False,False,False,False,False,False,False,False,False,False,7.685568162987683e-06,178.00893260612125,887618.71516504,0,0.0,False,334,1,0,2,4349,0,2,0.7922951198050503,823,0.011419903199092191,1867651556.6534173,86674149.79128838,55350198817959.945,1019666074555.6412,4.553794235144863e-05,1.0,6.071725646859802,0.00036,0.0,10195979505.163599,840.4432004940379,0.0,0.0,0.9297630337815538,0.40704535428438143,0.37744193017231153,0.9297630337815538,0
0.029045521731626778,-860.0104498532286,0.11121753732497541,8.99788218272469e-06,9.016522818057333e-07,0.0,False,172,False,shielded,nan,nan,36019.35198636835,81731.57819610696,81731.57820661708,45746.295542562904,36021.57494691292,nan,nan,nan,2400000.0,591613.1499795101,nan,14844.83256868206,2.0,0.001,1.0,completed_flow,5.382342383003979e-05,3.6398074093192257e-09,5.060294935244306,0.002551373818471439,plastic_shielded_case64_M1,True,5.456684639352892,,terminate,False,nan,1.0,20000,1.0,1893725.9366129113,False,0,0.0,1.0,4.082453976894256e-08,0.621552461546049,0,7.418675155203189e-09,0,0.0,0.0,0.0,0.0,0.0,inf,0.0,0.0,0.0,0.0,0.0,0.0,inf,inf,0.0,0.0,inf,9.17740776798939e-05,0.00012181360876632074,0.4309631724902463,False,9450867712.934431,1.3552527156068805e-20,3.2445711484006035,4422.9472349258485,4.944319194565046e-20,3.2445711475655745,0,0,0,0,7.688381111648996e-06,0,0,False,0,0.9170271873565101,False,False,False,False,False,False,False,False,False,False,False,7.688381111648996e-06,172.41800580907892,860071.0662311024,0,0.0,False,334,1,0,2,4349,0,2,0.7924209577768856,819,0.011704474533247513,1867651556.6534173,88485844.62346546,57433038725555.13,1020329004369.0276,4.553794235144863e-05,1.0,6.071725646859802,0.00036,0.0,10191185560.85422,840.4432004940379,0.0,0.0,0.9599304966826144,0.43310475377926055,0.40150125046451385,0.9599304966826144,0
0.029736979084850734,-882.1657975096189,0.1137465910298453,8.997935539926017e-06,9.017056390070471e-07,0.0,False,173,False,shielded,nan,nan,36019.35198636835,81731.57819610696,81731.57820661708,45746.295542562904,36021.57494691292,nan,nan,nan,2400000.0,607200.2241766263,nan,15587.074197116164,2.0,0.001,1.0,completed_flow,5.60701414112825e-05,3.6117695087439286e-09,5.057856624120346,0.0026074439598827216,plastic_shielded_case64_M1,True,5.4540029718827014,,terminate,False,nan,1.0,20000,1.0,1647975.195833051,False,0,0.0,1.0,3.917469664037968e-08,0.6643069213371904,0,7.396582109438141e-09,0,0.0,0.0,0.0,0.0,0.0,inf,0.0,0.0,0.0,0.0,0.0,0.0,inf,inf,0.0,0.0,inf,9.140898048190879e-05,0.00012163208380340675,0.4292836203775888,False,9446313797.368162,3.3881317890172014e-21,3.245629371393998,4422.9472349258485,1.631502527977938e-20,3.2456293705570376,0,0,0,0,7.690999079595922e-06,0,0,False,0,0.9170271873565101,False,False,False,False,False,False,False,False,False,False,False,7.690999079595922e-06,166.77443710010974,832253.7140680542,0,0.0,False,334,1,0,2,4349,0,2,0.7925476707733591,796,0.012002866945011039,1867651556.6534173,90370496.86518168,59643662080988.266,1021030874917.3682,4.553794235144863e-05,1.0,6.071725646859802,0.00036,0.0,10186177140.429092,840.4432004940379,0.0,0.0,0.9888778584503211,0.4603447018200374,0.4266478558961243,0.9888778584503211,0
0.03009867428402102,-893.7889046428955,0.11506736445592614,8.997963532105469e-06,9.017336311864897e-07,0.0,False,174,False,shielded,nan,nan,36019.35198636835,81731.57819610696,81731.57820661708,45746.295542562904,36021.57494691292,nan,nan,nan,2400000.0,615383.4381301122,nan,8183.213953485986,2.0,0.001,1.0,completed_flow,2.92570817433716e-05,3.582787221772203e-09,5.0559592789898264,0.002636701041626093,plastic_shielded_case64_M1,True,5.45260058016484,,terminate,False,nan,1.0,20000,1.0,1685991.1906218126,False,0,0.0,1.0,3.821882598973738e-08,0.6847897242563205,0,7.310377551816083e-09,0,0.0,0.0,0.0,0.0,0.0,inf,0.0,0.0,0.0,0.0,0.0,0.0,inf,inf,0.0,0.0,inf,9.112570875139264e-05,0.0001209211883194566,0.42798040514378355,False,9442770217.78164,1.6940658945086007e-21,3.2461767553122596,4422.9472349258485,5.5340724477515595e-21,3.2461767544742886,0,0,0,0,7.693472068908116e-06,0,0,False,0,0.9170271873565101,False,False,False,False,False,False,False,False,False,False,False,7.693472068908116e-06,163.72139791728137,817252.7548152683,0,0.0,False,334,1,0,2,4349,0,2,0.7926125419315928,800,0.012159357920514357,1867651556.6534173,91352814.455139,60813777373825.586,1021401701733.9882,4.553794235144863e-05,1.0,6.071725646859802,0.00036,0.0,10183557961.35419,840.4432004940379,0.0,0.0,0.2627534723109137,0.12374112725032742,0.11469684835999272,0.2627534723109137,1
0.030731545650634295,-914.1824990214659,0.11737481818627438,8.998012646438373e-06,9.017827455194074e-07,0.0,False,175,False,shielded,nan,nan,36019.35198636835,81731.57819610696,81731.57820661708,45746.295542562904,36021.57494691292,nan,nan,nan,2400000.0,629751.3013057833,nan,14367.86317567105,2.0,0.001,1.0,completed_flow,5.1072896620378734e-05,3.567755411923389e-09,5.054168063699563,0.002687773938246472,plastic_shielded_case64_M1,True,5.450147360366212,,terminate,False,nan,1.0,20000,1.0,2219710.986663464,False,0,0.0,1.0,3.68894637083103e-08,0.7177804693462568,0,7.266990793519862e-09,0,0.0,0.0,0.0,0.0,0.0,inf,0.0,0.0,0.0,0.0,0.0,0.0,inf,inf,0.0,0.0,inf,9.085928580092995e-05,0.000120561809003483,0.4267546022208504,False,9439424851.756477,1.0587911840678754e-22,3.247117553168311,4422.9472349258485,3.700572320045617e-22,3.247117552328562,0,0,0,0,7.694582780545818e-06,0,0,False,0,0.9170271873565101,False,False,False,False,False,False,False,False,False,False,False,7.694582780545818e-06,158.94847272085727,793676.2044504875,0,0.0,False,334,1,0,2,4349,0,2,0.7927224328810725,820,0.012433848502135976,1867651556.6534173,93065818.59267738,62883502847755.26,1022056565660.4226,4.553794235144863e-05,1.0,6.071725646859802,0.00036,0.0,10178976201.578468,840.4432004940379,0.0,0.0,0.7626954438700322,0.3707738394408899,0.34354928602345813,0.7626954438700322,0
0.031393090426781955,-935.5768663040468,0.11978198852935129,8.998064170954257e-06,9.018342700352834e-07,0.0,False,176,False,shielded,nan,nan,36019.35198636835,81731.57819610696,81731.57820661708,45746.295542562904,36021.57494691292,nan,nan,nan,2400000.0,644837.557640238,nan,15086.256334454602,2.0,0.001,1.0,completed_flow,5.322606746501401e-05,3.541663590624043e-09,5.05183739530053,0.002741000005711486,plastic_shielded_case64_M1,True,5.447583791619612,,terminate,False,nan,1.0,20000,1.0,1833635.3930076933,False,0,0.0,1.0,3.5467353287231724e-08,0.7487181665614073,0,7.216818695677989e-09,0,0.0,0.0,0.0,0.0,0.0,inf,0.0,0.0,0.0,0.0,0.0,0.0,inf,inf,0.0,0.0,inf,9.051363046785173e-05,0.00012014488552164803,0.42516415175074607,False,9435071975.29298,3.3881317890172014e-21,3.2480823357529665,4422.9472349258485,6.0781886445161864e-21,3.2480823349113512,0,0,0,0,7.696415293663728e-06,0,0,False,0,0.9170271873565101,False,False,False,False,False,False,False,False,False,False,False,7.696415293663728e-06,153.99339256783162,769229.4313684508,0,0.0,False,334,1,0,2,4349,0,2,0.7928333111360805,801,0.012721694960548787,1867651556.6534173,94848615.62097718,65077274491378.22,1022749274687.9895,4.553794235144863e-05,1.0,6.071725646859802,0.00036,0.0,10174188348.418295,840.4432004940379,0.0,0.0,0.7892435304572317,0.3951946121571873,0.3661095453778076,0.7892435304572317,0
0.03208446785874908,-958.0203695032095,0.12229244596026667,8.998118222126766e-06,9.018883212077994e-07,0.0,False,177,False,shielded,nan,nan,36019.35198636835,81731.57819610696,81731.57820661708,45746.295542562904,36021.57494691292,nan,nan,nan,2400000.0,660678.1267914153,nan,15840.569151177333,2.0,0.001,1.0,completed_flow,5.545250345750149e-05,3.514671630162348e-09,5.049402151841688,0.0027964525091689874,plastic_shielded_case64_M1,True,5.444905475330905,,terminate,False,nan,1.0,20000,1.0,2334522.4307653764,False,0,0.0,1.0,3.404428521634093e-08,0.7775654965787409,0,7.160690395731565e-09,0,0.0,0.0,0.0,0.0,0.0,inf,0.0,0.0,0.0,0.0,0.0,0.0,inf,inf,0.0,0.0,inf,9.015382082666226e-05,0.00011967674567564265,0.42350843608443867,False,9430523789.056244,1.6940658945086007e-21,3.249070822099226,4422.9472349258485,6.475817848161182e-21,3.2490708212556516,0,0,0,0,7.69811102182684e-06,0,0,False,0,0.9170271873565101,False,False,False,False,False,False,False,False,False,False,False,7.69811102182684e-06,148.99043069946043,744537.2835850724,0,0.0,False,334,1,0,2,4349,0,2,0.7929450020459154,812,0.01302353279323749,1867651556.6534173,96703344.27516188,67402745135855.39,1023482108625.0654,4.553794235144863e-05,1.0,6.071725646859802,0.00036,0.0,10169186186.83248,840.4432004940379,0.0,0.0,0.814884114542701,0.4207803920524256,0.3897452118142861,0.814884114542701,0
0.03280687125311765,-981.5636530869108,0.12490982073708179,8.99817492192409e-06,9.019450210051222e-07,0.0,False,178,False,shielded,nan,nan,36019.35198636835,81731.57819610696,81731.57820661708,45746.295542562904,36021.57494691292,nan,nan,nan,2400000.0,677310.7244001515,nan,16632.5976087362,2.0,0.001,1.0,completed_flow,5.775321553247708e-05,3.4867659998913514e-09,5.046858188268533,0.0028542057247014645,plastic_shielded_case64_M1,True,5.442107888011388,,terminate,False,nan,1.0,20000,1.0,1646632.5408513902,False,0,0.0,1.0,3.2618044390586376e-08,0.8043030648114742,0,7.13677603344127e-09,0,0.0,0.0,0.0,0.0,0.0,inf,0.0,0.0,0.0,0.0,0.0,0.0,inf,inf,0.0,0.0,inf,8.977942105154584e-05,0.00011947672999955137,0.4217854323093353,False,9425772551.52877,1.3552527156068805e-20,3.250082500308332,4422.9472349258485,2.988661125660965e-20,3.2500824994627013,0,0,0,0,7.699667912547236e-06,0,0,False,0,0.9224870366622131,False,False,False,False,False,False,False,False,False,False,False,7.699667912547236e-06,143.94764728472498,719638.9699432355,0,0.0,False,334,1,0,2,4349,0,2,0.7930573036387941,812,0.013340026689731279,1867651556.6534173,98632147.58115862,69868018533730.58,1024257484141.7545,4.553794235144863e-05,1.0,6.071725646859802,0.00036,0.0,10163961268.52031,840.4432004940379,0.0,0.0,0.8394139405953085,0.4475436060891926,0.41446847236091744,0.8394139405953085,0
0.03356152779983246,-1006.2597474315298,0.12763779720420043,8.998234398060402e-06,9.020044971414472e-07,0.0,False,179,False,shielded,nan,nan,36019.35198636835,81731.57819610696,81731.57820661708,45746.295542562904,36021.57494691292,nan,nan,nan,2400000.0,694774.9518893246,nan,17464.227489173012,2.0,0.001,1.0,completed_flow,6.012909958966455e-05,3.457934494966583e-09,5.044201243854698,0.002914334824291129,plastic_shielded_case64_M1,True,5.439186382215158,,terminate,False,nan,1.0,20000,1.0,2318629.7387467124,False,0,0.0,1.0,3.1196804608146345e-08,0.8289298488442841,0,7.042206987699662e-09,0,0.0,0.0,0.0,0.0,0.0,inf,0.0,0.0,0.0,0.0,0.0,0.0,inf,inf,0.0,0.0,inf,8.938999485485946e-05,0.00011868246878115476,0.41999311384949367,False,9420810305.15833,1.3552527156068805e-20,3.2511169252014778,4422.9472349258485,2.198574544932241e-20,3.251116924353689,0,0,0,0,7.701085006212005e-06,0,0,False,0,0.93244024740746,False,False,False,False,False,False,False,False,False,False,False,7.701085006212005e-06,138.8736072539743,694576.2126285373,0,0.0,False,334,1,0,2,4349,0,2,0.7931700211247179,800,0.013671871816460894,1867651556.6534173,100637166.87591991,72481670180512.55,1025077962073.271,4.553794235144863e-05,1.0,6.071725646859802,0.00036,0.0,10158504913.672209,840.4432004940379,0.0,0.0,0.8626232583152933,0.47549237732257527,0.44028778915099337,0.8626232583152933,0
0.03434969826613821,-1032.1641780145978,0.13048010734978177,8.998296784258952e-06,9.020668833399834e-07,0.0,False,180,False,shielded,nan,nan,36019.35198636835,81731.57819610696,81731.57820661708,45746.295542562904,36021.57494691292,nan,nan,nan,2400000.0,713112.3907529563,nan,18337.438863631665,2.0,0.001,1.0,completed_flow,6.258092528907671e-05,3.4281663769578164e-09,5.041426943520428,0.0029769157495802057,plastic_shielded_case64_M1,True,5.436136187949264,,terminate,False,nan,1.0,20000,1.0,2310077.3824332813,False,0,0.0,1.0,2.978150814210686e-08,0.8514632930576572,0,6.988403102903214e-09,0,0.0,0.0,0.0,0.0,0.0,inf,0.0,0.0,0.0,0.0,0.0,0.0,inf,inf,0.0,0.0,inf,8.898510686345304e-05,0.0001182282025529941,0.4181294567155881,False,9415628878.820408,6.776263578034403e-21,3.2521734987944164,4422.9472349258485,4.022743381490655e-21,3.252173497944361,0,0,0,0,7.702362451456455e-06,0,0,False,0,0.9415186423693102,False,False,False,False,False,False,False,False,False,False,False,7.702362451456455e-06,133.77735044237977,669393.1070420664,0,0.0,False,334,1,0,2,4349,0,2,0.7932829435692038,807,0.014019795158014652,1867651556.6534173,102720535.3569065,75252768254077.75,1025946254962.3245,4.553794235144863e-05,1.0,6.071725646859802,0.00036,0.0,10152808213.603416,840.4432004940379,0.0,0.0,0.8842971547558036,0.5046303357777941,0.4672076375880038,0.8842971547558036,0
0.03517267655027989,-1059.3350795717145,0.1334405235770536,8.99836222052682e-06,9.021323196078621e-07,0.0,False,181,False,shielded,nan,nan,36019.35198636835,81731.57819610696,81731.57820661708,45746.295542562904,36021.57494691292,nan,nan,nan,2400000.0,732366.7015597696,nan,19254.31080681325,2.0,0.001,1.0,completed_flow,6.510932467363199e-05,3.3974525102723686e-09,5.038530799068019,0.0030420250742538377,plastic_shielded_case64_M1,True,5.432952414592124,,terminate,False,nan,1.0,20000,1.0,2036247.6664232563,False,0,0.0,1.0,2.837296160080408e-08,0.8719390272204459,0,6.915104757966228e-09,0,0.0,0.0,0.0,0.0,0.0,inf,0.0,0.0,0.0,0.0,0.0,0.0,inf,inf,0.0,0.0,inf,8.856432403655165e-05,0.0001176065215100065,0.4161924459213242,False,9410219890.125572,1.3552527156068805e-20,3.2532514446816734,4422.9472349258485,5.0003430379941826e-20,3.2532514438292397,0,0,0,0,7.703501498518796e-06,0,0,False,0,0.9497410615320758,False,False,False,False,False,False,False,False,False,False,False,7.703501498518796e-06,130.83488589643002,652981.5055537891,0,0.0,False,334,1,0,2,4349,0,2,0.7933958426323094,803,0.014384556917586907,1867651556.6534173,104884371.15682763,78190894540439.06,1026865234828.8628,4.553794235144863e-05,1.0,6.071725646859802,0.00036,0.0,10146862034.336924,840.4432004940379,0.0,0.0,0.9128737249517782,0.5349561769344627,0.49522815517380914,0.9128737249517782,0
0.036031789085119614,-1087.8333154812428,0.13652285065649838,8.99843085344263e-06,9.022009525236733e-07,0.0,False,182,False,shielded,nan,nan,36019.35198636835,81731.57819610696,81731.57820661708,45746.295542562904,36021.57494691292,nan,nan,nan,2400000.0,752583.7279069235,nan,20217.026347153915,2.0,0.001,1.0,completed_flow,6.771478083458359e-05,3.365785506465223e-09,5.035508211447347,0.0031097398550884213,plastic_shielded_case64_M1,True,5.4296300533558925,,terminate,False,nan,1.0,20000,1.0,2291651.258702691,False,0,0.0,1.0,2.697808293766419e-08,0.8904101971507764,0,6.848328802021975e-09,0,0.0,0.0,0.0,0.0,0.0,inf,0.0,0.0,0.0,0.0,0.0,0.0,inf,inf,0.0,0.0,inf,8.81272172736956e-05,0.0001170372860257817,0.4141800827976023,False,9404574749.650703,1.3552527156068805e-20,3.2543500253765907,4422.9472349258485,3.8868369562292446e-20,3.2543500245216617,0,0,0,0,7.70450446955336e-06,0,0,False,0,0.9571334067389062,False,False,False,False,False,False,False,False,False,False,False,7.70450446955336e-06,129.31962651000146,645514.4383981213,0,0.0,False,334,1,1,2,4349,0,2,0.7935084972475235,794,0.014766951979969908,1867651556.6534173,107130769.94533788,81306165227469.23,1027837941155.7704,4.553794235144863e-05,1.0,6.071725646859802,0.00036,0.0,10140657021.20231,840.4432004940379,0.0,0.0,0.9586361712734949,0.5664633646452014,0.5243448682496021,0.9586361712734949,0
0.03648078808661637,-1102.7822691995761,0.13813049531458754,8.998466855330096e-06,9.022369544111336e-07,0.0,False,183,False,shielded,nan,nan,36019.35198636835,81731.57819610696,81731.57820661708,45746.295542562904,36021.57494691292,nan,nan,nan,2400000.0,763197.6667391793,nan,10613.938832255806,2.0,0.001,1.0,completed_flow,3.528815559093387e-05,3.333159864989021e-09,5.033158272622478,0.003145028010679355,plastic_shielded_case64_M1,True,5.427894161298349,,terminate,False,nan,1.0,20000,1.0,2281730.0778889237,False,0,0.0,1.0,2.6175608502828433e-08,0.8990162893806668,0,6.790231567107555e-09,0,0.0,0.0,0.0,0.0,0.0,inf,0.0,0.0,0.0,0.0,0.0,0.0,inf,inf,0.0,0.0,inf,8.778860895317236e-05,0.00011653977123479206,0.4126210650445757,False,9400185882.746395,3.3881317890172014e-21,3.2549166507534673,4422.9472349258485,1.5100504951062986e-20,3.254916649897227,0,0,0,0,7.70544365703936e-06,0,0,False,0,0.9605683962452434,False,False,False,False,False,False,False,False,False,False,False,7.70544365703936e-06,128.47736800369566,641377.9438635648,0,0.0,False,334,1,0,2,4349,0,2,0.7935658580507338,823,0.014967465061778512,1867651556.6534173,108299801.8870113,82953815019529.5,1028351747055.5183,4.553794235144863e-05,1.0,6.071725646859802,0.00036,0.0,10137414979.698856,840.4432004940379,0.0,0.0,0.25783825611420985,0.15177589642217437,0.14052585777605717,0.25783825611420985,1
0.037273194148316646,-1129.2571284173985,0.14096223370465666,8.998530615304209e-06,9.023007143852448e-07,0.0,False,184,False,shielded,nan,nan,36019.35198636835,81731.57819610696,81731.57820661708,45746.295542562904,36021.57494691292,nan,nan,nan,2400000.0,782010.1190638763,nan,18812.45232469709,2.0,0.001,1.0,completed_flow,6.210864814793155e-05,3.3162814435411944e-09,5.030928936591512,0.0032071366588272868,plastic_shielded_case64_M1,True,5.424831399762857,,terminate,False,nan,1.0,20000,1.0,2276506.2190497983,False,0,0.0,1.0,2.5060706411997746e-08,0.912643756573989,0,6.73992512167022e-09,0,0.0,0.0,0.0,0.0,0.0,inf,0.0,0.0,0.0,0.0,0.0,0.0,inf,inf,0.0,0.0,inf,8.746887966758684e-05,0.00011610725078238686,0.4111488178406131,False,9396022259.83786,1.6940658945086007e-21,3.255895440487708,4422.9472349258485,7.333190661399242e-21,3.2558954396291457,0,0,0,0,7.70578499491686e-06,0,0,False,0,0.9659944020570169,False,False,False,False,False,False,False,False,False,False,False,7.70578499491686e-06,127.13761781221072,634763.4245990377,0,0.0,False,334,1,1,2,4349,0,2,0.7936631591791217,807,0.015322452221352863,1867651556.6534173,110354617.051608,85893671876094.44,1029267519759.3229,4.553794235144863e-05,1.0,6.071725646859802,0.00036,0.0,10131694808.349436,840.4432004940379,0.0,0.0,0.7744856008503571,0.4622300674753295,0.4278521004749489,0.7744856008503571,0
0.038100570703767045,-1157.02708143848,0.1439114898949232,8.998597494280656e-06,9.023675933616793e-07,0.0,False,185,False,shielded,nan,nan,36019.35198636835,81731.57819610696,81731.57820661708,45746.295542562904,36021.57494691292,nan,nan,nan,2400000.0,801763.1940048083,nan,19753.074940931943,2.0,0.001,1.0,completed_flow,6.462214561782148e-05,3.286779125206697e-09,5.0280208638370505,0.0032717588044451082,plastic_shielded_case64_M1,True,5.4216345260906085,,terminate,False,nan,1.0,20000,1.0,1620067.6414528314,False,0,0.0,1.0,2.3878635692753596e-08,0.9249788710090553,0,6.718026990207113e-09,0,0.0,0.0,0.0,0.0,0.0,inf,0.0,0.0,0.0,0.0,0.0,0.0,inf,inf,0.0,0.0,inf,8.705331269745195e-05,0.00011591847281642465,0.40923511726723216,False,9390590993.231127,1.3552527156068805e-20,3.256894368991548,4422.9472349258485,3.2921811283279416e-20,3.2568943681305473,0,0,0,0,7.70638073876408e-06,0,0,False,0,0.9708900346000872,False,False,False,False,False,False,False,False,False,False,False,7.70638073876408e-06,125.70851840448022,627717.9300942053,0,0.0,False,334,1,0,2,4349,0,2,0.7937604604647938,829,0.015694635189594224,1867651556.6534173,112488880.58064148,89006732821829.92,1030235950506.3652,4.553794235144863e-05,1.0,6.071725646859802,0.00036,0.0,10125724162.259037,840.4432004940379,0.0,0.0,0.8156267402007081,0.49083601415918776,0.45430952078839076,0.8156267402007081,0
0.0389642480939032,-1186.1544275067033,0.14698203568310897,8.99866764229599e-06,9.024377413770429e-07,0.0,False,186,False,shielded,nan,nan,36019.35198636835,81731.57819610696,81731.57820661708,45746.295542562904,36021.57494691292,nan,nan,nan,2400000.0,822503.9226927869,nan,20740.728687978542,2.0,0.001,1.0,completed_flow,6.721259218397252e-05,3.2563575940645748e-09,5.0249858448416465,0.0033389713966290807,plastic_shielded_case64_M1,True,5.418298514174682,,terminate,False,nan,1.0,20000,1.0,1583531.9092504478,False,0,0.0,1.0,2.2706274803113713e-08,0.9360613955930186,0,6.616570297367492e-09,0,0.0,0.0,0.0,0.0,0.0,inf,0.0,0.0,0.0,0.0,0.0,0.0,inf,inf,0.0,0.0,inf,8.662163654457581e-05,0.00011503979972463593,0.40724702749732666,False,9384922635.279888,8.470329472543003e-22,3.2579127036499145,4422.9472349258485,2.1035021520081973e-21,3.2579127027863555,0,0,0,0,7.70688818867257e-06,0,0,False,0,0.9752737915361073,False,False,False,False,False,False,False,False,False,False,False,7.70688818867257e-06,124.22929178532509,620424.0755737679,0,0.0,False,334,1,1,2,4349,0,2,0.7938575650125872,849,0.016084826991088975,1867651556.6534173,114704667.35704996,92303253555267.33,1031260147096.6794,4.553794235144863e-05,1.0,6.071725646859802,0.00036,0.0,10119493654.411242,840.4432004940379,0.0,0.0,0.8575916411955689,0.520623308111938,0.4818655401508126,0.8575916411955689,0
0.03986558830759479,-1216.7043910366303,0.15017766463777238,8.998741216431683e-06,9.025113155127094e-07,0.0,False,187,False,shielded,nan,nan,36019.35198636835,81731.57819610696,81731.57820661708,45746.295542562904,36021.57494691292,nan,nan,nan,2400000.0,844281.6878151643,nan,21777.76512237747,2.0,0.001,1.0,completed_flow,6.988034108815731e-05,3.2250112274714144e-09,5.021819156051355,0.003408851737717238,plastic_shielded_case64_M1,True,5.414818222768353,,terminate,False,nan,1.0,20000,1.0,2247307.495510735,False,0,0.0,1.0,2.154831025494919e-08,0.9459410380392119,0,6.555708499931824e-09,0,0.0,0.0,0.0,0.0,0.0,inf,0.0,0.0,0.0,0.0,0.0,0.0,inf,inf,0.0,0.0,inf,8.617343460947709e-05,0.00011450946665758886,0.4051826050011775,False,9379008364.031263,1.3552527156068805e-20,3.25894971400813,4422.9472349258485,5.583766986864641e-20,3.2589497131418863,0,0,0,0,7.707309579115633e-06,0,0,False,0,0.9791680868901068,False,False,False,False,False,False,False,False,False,False,False,7.707309579115633e-06,122.69919356709948,612878.0520167256,0,0.0,False,334,1,0,2,4349,0,2,0.7939542796111695,851,0.016493877777485604,1867651556.6534173,117004022.631785,95794041546872.02,1032343394575.7074,4.553794235144863e-05,1.0,6.071725646859802,0.00036,0.0,10112993682.748604,840.4432004940379,0.0,0.0,0.9002547808476589,0.5515856174498266,0.5105160687483752,0.9002547808476589,0
0.04080598402626534,-1248.7452557668319,0.1535021822591136,8.998818381136881e-06,9.025884802178733e-07,0.0,False,188,False,shielded,nan,nan,36019.35198636835,81731.57819610696,81731.57820661708,45746.295542562904,36021.57494691292,867148.3411936606,nan,867148.3411936606,2400000.0,867148.3411936606,nan,22866.653378496343,2.0,0.001,1.0,completed_flow,7.262557643548245e-05,3.1927363409686927e-09,5.018515968779881,0.0034814773141527205,plastic_shielded_case64_M1,True,5.411188399198444,,terminate,False,nan,1.0,20000,1.0,2236557.720717556,True,7,1.6741045121041375e-05,1.0,2.0405001879584503e-08,0.9546764288867732,7,6.480838619596663e-09,7,1.5750000000000085e-05,1.0,0.0005732589548789586,1.674104512104135e-05,76.12992589244408,4.833693088016649e-06,0.9866715688242862,5.413124869814295,1.4246826041418115,15.034807003458004,15.102156870916623,4.464278698944349,4.905241258298269e-06,3.75000000000001e-06,7.395800581831027e-06,6.967530532797806e-06,0.41619447784896724,8.570829779875907e-05,0.00011385368283454989,0.40303993882059724,False,9372839161.181778,6.776263578034403e-21,3.2600044723711377,4422.9472349258485,2.5585286424481662e-20,3.260004471502075,7,0,0,0,7.707647697530664e-06,0,0,False,7,0.9825987932951583,True,True,True,True,True,False,True,False,False,True,True,7.707647697530664e-06,121.11756741084304,605076.4752764986,0,0.0,False,334,1,0,2,4349,0,2,0.7940503969040731,813,0.01692267647091676,1867651556.6534173,119388953.78146388,99490475627495.98,1033489163624.2083,4.553794235144863e-05,1.0,6.071725646859802,0.00036,0.0,10106214437.107887,840.4432004940379,0.0,0.0,0.9434762278315656,0.583711112842379,0.5402520451997695,0.9434762278315656,0
0.04148062745727399,-1271.837312703272,0.15588118780767335,8.998873994235287e-06,9.026440933163293e-07,0.0,False,189,False,shielded,nan,nan,36019.35198636835,81731.57819610696,81731.57820661708,45746.295542562904,36021.57494691292,867148.3411936606,nan,867148.3411936606,2400000.0,883644.8367293993,nan,16496.495535738693,2.0,0.001,1.0,completed_flow,5.192637483535925e-05,3.1595313210631726e-09,5.404759845026309,0.0035334036889880798,plastic_shielded_case64_M1,True,5.408585129534464,,terminate,False,nan,1.0,20000,1.0,inf,True,8,1.6741045121041375e-05,2.9964277148257974,0.0,0.9546764288867732,8,6.416448071748025e-09,8,1.7625000000000062e-05,1.0,0.0005732589548789586,1.674104512104135e-05,81.98917150568455,4.833693088016649e-06,0.9863939271890035,5.413124869814295,1.4246826041418115,15.034807003458004,15.102156870916623,4.464278698944349,4.905241258298269e-06,3.75000000000001e-06,7.325048307024237e-06,6.842774951837801e-06,0.4087423994358219,8.530235276457576e-05,0.00011328665134401995,0.4011697570898637,False,10094208137.901268,6.776262539482822e-21,3.2600044723711377,4422.9472349258485,2.4989540195399632e-20,3.260004471502075,8,1,403,121,7.492783311022792e-06,121,0,False,8,0.9825987932951583,True,True,True,True,True,False,True,False,False,True,True,7.492783311022792e-06,179.09542041089952,893336.4722820666,0,0.0,False,334,1,0,2,4349,0,2,0.7940503969040731,809,0.017231580400337197,1867651556.6534173,121091166.82130584,102176316697138.36,1034320931029.0088,4.553794235144863e-05,1.0,6.071725646859802,0.00036,0.0,10101352436.467566,840.4432004940379,0.0,0.0,0.47378376000171973,0.2936247907759696,0.2718210440212482,0.47378376000171973,0
0.042210768992995806,-1296.9292589187583,0.15845024321351076,8.998934423710218e-06,9.0270452279125e-07,0.0,False,190,False,shielded,nan,nan,36019.35198636835,81731.57819610696,81731.57820661708,45746.295542562904,36021.57494691292,867148.3411936606,nan,867148.3411936606,2400000.0,901585.372927014,nan,17940.53619761471,2.0,0.001,1.0,completed_flow,5.603455549608831e-05,3.1359993771161544e-09,5.402046497228721,0.003589438244484168,plastic_shielded_case64_M1,True,5.405768427607137,,terminate,False,nan,1.0,20000,1.0,inf,True,11,2.844004557885965e-05,2.9964277148257974,0.0,0.9546764288867732,11,6.361492231302422e-09,11,2.3250000000000104e-05,1.0,0.0005641712369634159,2.844004557885965e-05,106.81008856933369,7.764165973107508e-06,0.98650582322206,55.75380101698153,9.197698326307767,6.2615968724781235,11.126780751645667,4.38896591746736,4.905241258298269e-06,6.47989665758692e-06,1.295979331517384e-05,7.040283713748103e-06,0.2475482570598044,8.495103183689791e-05,0.0001128004488746488,0.399551058770402,False,10089140549.66336,6.7762614049642024e-21,3.2600044723711377,4422.9472349258485,2.49509103736247e-20,3.260004471502075,11,1,402,120,7.492791726923145e-06,120,0,False,11,0.9825987932951583,True,True,True,True,True,False,True,False,False,True,True,7.492791726923145e-06,175.06318890125726,873464.2828587808,0,0.0,False,334,1,0,2,4349,0,2,0.7940503969040731,810,0.01756711151526831,1867651556.6534173,122925247.77323341,105114681642479.62,1035230268165.4736,4.553794235144863e-05,1.0,6.071725646859802,0.00036,0.0,10096091818.728367,840.4432004940379,0.0,0.0,0.5390131933965611,0.33678618512758046,0.31177983733659814,0.5390131933965611,0
0.04304453112105022,-1325.7104459223742,0.1613767186225622,8.999003738063234e-06,9.027738371442786e-07,0.0,False,191,False,shielded,nan,nan,36019.35198636835,81731.57819610696,81731.57820661708,45746.295542562904,36021.57494691292,867148.3411936606,nan,867148.3411936606,2400000.0,922183.1739557737,nan,20597.80102875968,2.0,0.001,1.0,completed_flow,6.378139359092955e-05,3.1107997975010754e-09,5.399026630840123,0.0036532196380750976,plastic_shielded_case64_M1,True,5.402552880949907,,terminate,False,nan,1.0,20000,1.0,inf,True,12,2.844004557885965e-05,2.9959548150807294,0.0,0.9546764288867732,12,6.3050690419227556e-09,12,2.5125000000000082e-05,1.0,0.0005641712369634159,2.844004557885965e-05,106.75037930977824,7.764165973107508e-06,0.986393927655835,55.75380101698153,9.197698326307767,6.2615968724781235,11.126780751645667,3.962464285278662,4.905241258298269e-06,7.177363259656382e-06,1.4354726519312764e-05,8.929986280994723e-06,0.31399338852089087,8.456169089231475e-05,0.00011229907473347274,0.39775701576040107,False,10083500491.501812,6.7762614048171675e-21,3.2600044723711377,4422.9472349258485,2.494876105001696e-20,3.260004471502075,12,1,400,117,7.109307518970999e-06,117,0,False,12,0.9825987932951583,True,True,True,True,True,False,True,False,False,True,True,7.109307518970999e-06,243.11962502490852,1207137.0880292053,0,0.0,False,334,1,0,2,4349,0,2,0.7940503969040731,819,0.01795181674498321,1867651556.6534173,125009336.1558222,108509822279660.98,1036280233545.5447,4.553794235144863e-05,1.0,6.071725646859802,0.00036,0.0,10090086298.008497,840.4432004940379,0.0,0.0,0.6798838464193867,0.4291105847091373,0.39724662557887536,0.6798838464193867,0
0.04394536539178018,-1356.9615970383395,0.16453002952012985,8.999079000884108e-06,9.028490999651229e-07,0.0,False,192,False,shielded,nan,nan,36019.35198636835,81731.57819610696,81731.57820661708,45746.295542562904,36021.57494691292,867148.3411936606,nan,867148.3411936606,2400000.0,944571.949883506,nan,22388.77592773237,2.0,0.001,1.0,completed_flow,6.866903392903703e-05,3.082359646998099e-09,5.395678122569187,0.0037218886720041346,plastic_shielded_case64_M1,True,5.399079710119901,,terminate,False,nan,1.0,20000,1.0,inf,True,12,2.844004557885965e-05,2.9959548150807294,0.0,0.9546764288867732,12,6.242995935132367e-09,12,2.5125000000000082e-05,1.0,0.0005641712369634159,2.844004557885965e-05,106.68417209272128,7.764165973107508e-06,0.986393927655835,55.75380101698153,9.197698326307767,6.2615968724781235,11.126780751645667,3.962464285278662,4.905241258298269e-06,7.177363259656382e-06,1.4354726519312764e-05,8.929986280994723e-06,0.31399338852089087,8.413196960367588e-05,0.00011174489726381508,0.39577670282339683,False,10077246644.817131,6.7762614046559935e-21,3.2600044723711377,4422.9472349258485,2.4948212210340523e-20,3.260004471502075,12,1,399,116,7.109667974725174e-06,116,0,False,12,0.9825987932951583,True,True,True,True,True,False,True,False,False,True,True,7.109667974725174e-06,237.17311560887413,1177936.6694482656,0,0.0,False,334,1,0,2,4349,0,2,0.7940503969040731,851,0.018369347883251706,1867651556.6534173,127248879.3457941,112225307616317.33,1037428483629.905,4.553794235144863e-05,1.0,6.071725646859802,0.00036,0.0,10083599625.101315,840.4432004940379,0.0,0.0,0.7662365708107819,0.4885470965900474,0.4522862412363913,0.7662365708107819,0
0.044885235903956655,-1389.739394022963,0.16781049658831393,8.999157940359069e-06,9.029280394401125e-07,0.0,False,193,False,shielded,nan,nan,36019.35198636835,81731.57819610696,81731.57820661708,45746.295542562904,36021.57494691292,867148.3411936606,nan,867148.3411936606,2400000.0,968080.164607625,nan,23508.214724118992,2.0,0.001,1.0,completed_flow,7.137890566671608e-05,3.052027192547439e-09,5.392125864903107,0.0037932675776708507,plastic_shielded_case64_M1,True,5.3954571699103875,,terminate,False,nan,1.0,20000,1.0,inf,True,19,3.594004557885967e-05,2.9959548150807294,0.0,0.956203983658257,19,6.187103232379067e-09,19,3.0750000000000124e-05,1.0,0.0005572566800705852,3.594004557885967e-05,119.85002971401131,6.251289132981978e-06,0.9867373246609333,0.0,0.0,22.22686055867224,22.22686055867224,6.0850870821349705,4.905241258298269e-06,5.9062499999999996e-06,1.1812499999999999e-05,8.39985775291025e-06,0.23371861714752912,8.36783857688574e-05,0.00011124353551938191,0.39368619132052973,False,10070612265.257442,6.776261404485226e-21,3.2600044723711377,4422.9472349258485,2.4947810793429492e-20,3.260004471502075,19,1,399,116,7.1100512667817165e-06,116,0,False,19,0.9825987932951583,True,True,True,True,True,False,True,False,True,True,True,7.1100512667817165e-06,232.8428286707292,1153712.0900804915,0,0.0,False,334,1,0,2,4349,0,2,0.7940503969040731,833,0.018807067884673505,1867651556.6534173,129572106.14415252,116153561024525.47,1038641729134.4178,4.553794235144863e-05,1.0,6.071725646859802,0.00036,0.0,10076833982.239977,840.4432004940379,0.0,0.0,0.8045403420738519,0.5181861821116729,0.4797604180375285,0.8045403420738519,0
0.045698743164411026,-1418.253422494421,0.1706421050603366,8.999226611308458e-06,9.029967103894919e-07,0.0,False,194,False,shielded,nan,nan,36019.35198636835,81731.57819610696,81731.57820661708,45746.295542562904,36021.57494691292,867148.3411936606,nan,867148.3411936606,2400000.0,988551.553701049,nan,20471.38909342393,2.0,0.001,1.0,completed_flow,6.156597597326008e-05,3.020810372748475e-09,5.388743109208557,0.003854833553644111,plastic_shielded_case64_M1,True,5.39232258292675,,terminate,False,nan,1.0,20000,1.0,inf,True,21,3.594004557885967e-05,2.942085554817227,0.0,0.956203983658257,21,6.117012973443566e-09,21,3.26250000000001e-05,1.0,0.0005572566800705852,3.594004557885967e-05,119.77484167488448,6.251289132981978e-06,0.9871719322666278,0.0,0.0,22.22686055867224,22.22686055867224,6.284598134008249,4.905241258298269e-06,5.718749999999999e-06,1.1437499999999998e-05,8.188453655248523e-06,0.2278364849950291,8.324853865944955e-05,0.00011061160936444183,0.3917048676008677,False,10064294456.318737,6.77626140433518e-21,3.2600044723711377,4422.9472349258485,2.4947573975387445e-20,3.260004471502075,21,1,402,117,6.707081823752035e-06,117,0,False,21,0.9825987932951583,True,True,True,True,True,False,True,False,True,True,True,6.707081823752035e-06,231.02947652451823,1144795.3218964438,0,0.0,False,334,1,0,2,4349,0,2,0.7940503969040731,805,0.019187678595387257,1867651556.6534173,131572081.97020319,119596004103850.33,1039704386118.4243,4.553794235144863e-05,1.0,6.071725646859802,0.00036,0.0,10070979665.98052,840.4432004940379,0.0,0.0,0.5851082989373582,0.37914106047371,0.3510896003691719,0.5851082989373582,0
0.046600649554926155,-1450.0222656842984,0.173772954761099,8.99930312089829e-06,9.030732199793144e-07,0.0,False,195,False,shielded,nan,nan,36019.35198636835,81731.57819610696,81731.57820661708,45746.295542562904,36021.57494691292,867148.3411936606,nan,867148.3411936606,2400000.0,1011382.5942124418,nan,22831.040511392916,2.0,0.001,1.0,completed_flow,6.802435669200652e-05,2.9941387846727843e-09,5.385434596846758,0.003922857910336117,plastic_shielded_case64_M1,True,5.388848344935381,,terminate,False,nan,1.0,20000,1.0,inf,True,22,3.594004557885967e-05,2.942085554817227,0.0,0.956203983658257,22,6.0522747809517826e-09,22,3.26250000000001e-05,1.0,0.0005572566800705852,3.594004557885967e-05,119.70130383196214,6.251289132981978e-06,0.9874141075751119,0.0,0.0,22.22686055867224,22.22686055867224,6.389341436241719,4.905241258298269e-06,5.6249999999999995e-06,1.1249999999999999e-05,8.08275160641766e-06,0.2248954189187791,8.283031378094488e-05,0.00011002471293663978,0.38977689367975243,False,10058115308.056017,6.776261404166441e-21,3.2600044723711377,4422.9472349258485,2.4947364168173576e-20,3.260004471502075,22,1,400,115,6.627707783188541e-06,115,0,False,22,0.9825987932951583,True,True,True,True,True,False,True,False,True,True,True,6.627707783188541e-06,229.04071666604037,1135011.110330709,0,0.0,False,334,1,0,2,4349,0,2,0.7940503969040731,795,0.019611551677568204,1867651556.6534173,133777678.1196837,123457858057415.42,1040896023496.7035,4.553794235144863e-05,1.0,6.071725646859802,0.00036,0.0,10064490999.987757,840.4432004940379,0.0,0.0,0.6949210299967015,0.45516005353057154,0.42150885899673085,0.6949210299967015,0
0.047568094967707975,-1484.2837119204826,0.17712145181489491,8.999385633477794e-06,9.031557325587833e-07,0.0,False,196,False,shielded,nan,nan,36019.35198636835,81731.57819610696,81731.57820661708,45746.295542562904,36021.57494691292,867148.3411936606,nan,867148.3411936606,2400000.0,1036031.6612951561,nan,24649.06708271433,2.0,0.001,1.0,completed_flow,7.270025558917675e-05,2.964940000090637e-09,5.381830211662056,0.003995558165925294,plastic_shielded_case64_M1,True,5.3851227450039065,,terminate,False,nan,1.0,20000,1.0,inf,True,23,4.0132673036671765e-05,2.942085554817227,0.0,0.956203983658257,23,5.988466377048057e-09,23,3.26250000000001e-05,1.0,0.0005540919142114202,4.0132673036671765e-05,126.40604664003206,6.251289132981978e-06,0.9876633523458261,63.43494882292229,9.395023006568875,4.697511503284381,10.503955046431203,4.73871340085917,4.905241258298269e-06,8.469107464780496e-06,1.6938214929560992e-05,1.1666716305826919e-05,0.29070369409897767,8.237698067288499e-05,0.00010944316627494977,0.38768684254688124,False,10051383572.455029,6.776261403982591e-21,3.2600044723711377,4422.9472349258485,2.4947161602313217e-20,3.260004471502075,23,1,399,114,6.627995838335785e-06,114,0,False,23,0.9825987932951583,True,True,True,True,True,False,True,False,False,True,True,6.627995838335785e-06,226.91351429542487,1124545.7890015014,0,0.0,False,334,1,0,2,4349,0,2,0.7940503969040731,828,0.02006846891634627,1867651556.6534173,136130008.4124204,127652830320801.56,1042189983450.022,4.553794235144863e-05,1.0,6.071725646859802,0.00036,0.0,10057532877.47627,840.4432004940379,0.0,0.0,0.7711569999957782,0.510718111042588,0.4730041506951458,0.7711569999957782,0
0.0485108085954179,-1517.8538825288808,0.18037454672633613,8.99946648124322e-06,9.032365803242491e-07,0.0,False,197,False,shielded,nan,nan,36019.35198636835,81731.57819610696,81731.57820661708,45746.295542562904,36021.57494691292,867148.3411936606,nan,867148.3411936606,2400000.0,1060209.8981067906,nan,24178.236811634604,2.0,0.001,1.0,completed_flow,7.05793171342714e-05,2.9340454241570848e-09,5.37814820382465,0.0040661374830595655,plastic_shielded_case64_M1,True,5.381493453063846,,terminate,False,nan,1.0,20000,1.0,inf,True,25,4.851792795229598e-05,2.955300732948083,0.0,0.956203983658257,25,5.922409807706073e-09,25,3.637500000000011e-05,1.0,0.0005528598515754175,4.851792795229598e-05,138.8905512320741,6.708203932499364e-06,0.9847354831296763,-63.43494882292195,-10.329990618949683,5.164995309474855,11.549280615453315,5.672647583203693,4.905241258298269e-06,8.552960013936724e-06,1.710592002787345e-05,5.463110444967688e-06,0.11259983011515151,8.191629827828572e-05,0.00010883785686002356,0.38556266414945584,False,10044506864.785889,6.776261403800523e-21,3.2600044723711377,4422.9472349258485,2.4946782216868198e-20,3.260004471502075,25,1,410,111,6.7334614225021135e-06,111,0,False,25,0.9825987932951583,True,True,True,True,True,False,True,False,True,True,True,6.7334614225021135e-06,224.84298125203176,1114360.4112913336,0,0.0,False,334,1,0,2,4349,0,2,0.7940503969040731,833,0.020515956324035953,1867651556.6534173,138408869.42499438,131792342842553.06,1043466475637.1466,4.553794235144863e-05,1.0,6.071725646859802,0.00036,0.0,10050754624.734865,840.4432004940379,0.0,0.0,0.7075605995874974,0.4730069300802015,0.43814903906259456,0.7075605995874974,0
0.04933425854095097,-1547.3271781099597,0.18320818855344712,8.999537462416264e-06,9.033075614972852e-07,0.0,False,198,False,shielded,nan,nan,36019.35198636835,81731.57819610696,81731.57820661708,45746.295542562904,36021.57494691292,867148.3411936606,nan,867148.3411936606,2400000.0,1081458.7849467283,nan,21248.886839937684,2.0,0.001,1.0,completed_flow,6.144113859970959e-05,2.9043569159778248e-09,5.374744687564862,0.004127578621659275,plastic_shielded_case64_M1,True,5.378324145115722,,terminate,False,nan,1.0,20000,1.0,inf,True,27,5.27105554101081e-05,2.9396002540909167,0.0,0.956203983658257,27,5.862677393129519e-09,27,3.8250000000000144e-05,1.0,0.0005501298984199938,5.27105554101081e-05,144.675652078833,6.251289132981978e-06,0.9846766761925977,63.434948822921626,10.767071590474576,5.383535795237378,12.037951997454005,5.110650841355918,4.905241258298269e-06,1.0313863546217794e-05,2.0627727092435587e-05,1.0326829612969407e-05,0.19591578067471987,8.149261516162484e-05,0.00010828758602245742,0.38360886921679294,False,10038150282.3452,6.776261403639061e-21,3.2600044723711377,4422.9472349258485,2.4946670482306273e-20,3.260004471502075,27,1,413,111,6.548748007434005e-06,111,0,False,27,0.9825987932951583,True,True,True,True,True,False,True,False,True,True,True,6.548748007434005e-06,223.0346269962249,1105466.169099575,0,0.0,False,334,1,0,2,4349,0,2,0.7940503969040731,855,0.020908663608945992,1867651556.6534173,140388774.1354605,135449613140918.02,1044594047699.9895,4.553794235144863e-05,1.0,6.071725646859802,0.00036,0.0,10044835461.812038,840.4432004940379,0.0,0.0,0.524437333097283,0.35291488349319233,0.3269776688071568,0.524437333097283,0
0.05035112879930348,-1583.9180992755953,0.186697278758589,8.999625585120383e-06,9.033956842014308e-07,0.0,False,199,False,shielded,nan,nan,36019.35198636835,81731.57819610696,81731.57820661708,45746.295542562904,36021.57494691292,867148.3411936606,nan,867148.3411936606,2400000.0,1107866.564931719,nan,26407.77998499094,2.0,0.001,1.0,completed_flow,7.560732747576796e-05,2.878754482754974e-09,5.371199295420198,0.004203185949135043,plastic_shielded_case64_M1,True,5.374411451211714,,terminate,False,nan,1.0,20000,1.0,inf,True,29,5.27105554101081e-05,2.967850750890344,0.0,0.956203983658257,29,5.79794286713215e-09,29,4.012500000000012e-05,1.0,0.0005501298984199938,5.27105554101081e-05,144.58021835123822,6.251289132981978e-06,0.9846496976599158,63.434948822921626,10.767071590474576,5.383535795237378,12.037951997454005,5.152541422022768,4.905241258298269e-06,1.0230010997061555e-05,2.046002199412311e-05,1.0243964311418609e-05,0.19434369893689574,8.105371361072701e-05,0.0001076880599356514,0.3815846483067553,False,10031528725.187271,6.776261403436633e-21,3.2600044723711377,4422.9472349258485,2.494654864189092e-20,3.260004471502075,29,1,395,112,6.399182443098589e-06,112,0,False,29,0.9825987932951583,True,True,True,True,True,False,True,False,True,True,True,6.399182443098589e-06,220.83211650696626,1094626.1433688505,0,0.0,False,334,1,0,2,4349,0,2,0.7940503969040731,851,0.021395991002877774,1867651556.6534173,142820161.91203538,140018558991758.53,1046002546729.7096,4.553794235144863e-05,1.0,6.071725646859802,0.00036,0.0,10037527912.95151,840.4432004940379,0.0,0.0,0.7700460110640556,0.5254609296918954,0.48686703301167966,0.7700460110640556,0
0.05141119320948828,-1622.293989733538,0.1903226639974036,8.999718006604565e-06,9.034881056856019e-07,0.0,False,200,False,shielded,nan,nan,36019.35198636835,81731.57819610696,81731.57820661708,45746.295542562904,36021.57494691292,867148.3411936606,nan,867148.3411936606,2400000.0,1135594.7339159595,nan,27728.16898424049,2.0,0.001,1.0,completed_flow,7.851074844608848e-05,2.8475554888847136e-09,5.367199148781712,0.0042816966975811315,plastic_shielded_case64_M1,True,5.370333758679739,,terminate,False,nan,1.0,20000,1.0,inf,True,31,5.6903182867920195e-05,2.967850750890344,0.0,0.956203983658257,31,5.730739735562747e-09,31,4.012500000000012e-05,1.0,0.0005471629176413704,5.6903182867920195e-05,150.1083332692569,6.251289132981978e-06,0.982641731046109,63.43494882292229,11.187088767021327,5.593544383510596,12.507545476691968,6.283426421173849,4.905241258298269e-06,9.056075308874187e-06,1.8112150617748375e-05,1.0161099009867797e-05,0.17856820124549183,8.056114998105907e-05,0.00010706212008392761,0.3793126708822244,False,10024057845.09106,6.7762614032218896e-21,3.2600044723711377,4422.9472349258485,2.4946433703814094e-20,3.260004471502075,31,1,393,110,6.260316203556207e-06,110,0,False,31,0.9825987932951583,True,True,True,True,True,False,True,False,True,True,True,6.260316203556207e-06,218.5359093955846,1083327.345356182,0,0.0,False,334,1,0,2,4349,0,2,0.7940503969040731,831,0.02190683818706959,1867651556.6534173,145339033.8086696,144842964334857.34,1047489737003.209,4.553794235144863e-05,1.0,6.071725646859802,0.00036,0.0,10029912204.146612,840.4432004940379,0.0,0.0,0.8057082731804293,0.5564028773037555,0.5156239018583854,0.8057082731804293,0
0.0523637292253708,-1656.9795925206768,0.19356995475868832,8.99980154068939e-06,9.035716397704304e-07,0.0,False,201,False,shielded,nan,nan,36019.35198636835,81731.57819610696,81731.57820661708,45746.295542562904,36021.57494691292,867148.3411936606,nan,867148.3411936606,2400000.0,1160684.4458152156,nan,25089.711899256028,2.0,0.001,1.0,completed_flow,7.028256454235868e-05,2.815512800010735e-09,5.363323978254401,0.00435197926212349,plastic_shielded_case64_M1,True,5.3666707049674205,,terminate,False,nan,1.0,20000,1.0,inf,True,32,5.6903182867920195e-05,2.9962290267909304,0.0,0.956203983658257,32,5.662850890188769e-09,32,4.012500000000012e-05,1.0,0.0005471629176413704,5.6903182867920195e-05,149.99995357756595,6.251289132981978e-06,0.9822810716874067,63.43494882292229,11.187088767021327,5.593544383510596,12.507545476691968,6.401981636667696,4.905241258298269e-06,8.888370210561702e-06,1.7776740421123404e-05,1.01196663590924e-05,0.17784007588084277,8.008663002359204e-05,0.00010642605588780948,0.3771236526977201,False,10016820376.823431,6.776261403025572e-21,3.2600044723711377,4422.9472349258485,2.4946297032130043e-20,3.260004471502075,32,1,376,109,6.126602500066479e-06,109,0,False,32,0.9825987932951583,True,True,True,True,True,False,True,False,True,True,True,6.126602500066479e-06,216.4720923725172,1073174.2614990526,0,0.0,False,334,1,0,2,4349,0,2,0.7940503969040731,849,0.02236834285821259,1867651556.6534173,147588807.40620878,149230976828292.06,1048842455054.4719,4.553794235144863e-05,1.0,6.071725646859802,0.00036,0.0,10023070896.178696,840.4432004940379,0.0,0.0,0.6295789357186371,0.43844982354817513,0.40642101029491856,0.6295789357186371,0
0.053436612886437196,-1696.2788450972548,0.1972158151683595,8.999896185926464e-06,9.036662850074942e-07,0.0,False,202,False,shielded,1189143.0168410474,nan,36019.35198636835,81731.57819610696,81731.57820661708,45746.295542562904,36021.57494691292,867148.3411936606,nan,867148.3411936606,2400000.0,1189143.0168410474,1189143.0168410474,28458.571025831785,2.0,0.001,1.0,completed_flow,7.886686380584665e-05,2.787131466495642e-09,5.35942525549819,0.004430846125929337,plastic_shielded_case64_M1,True,5.362545963141772,,terminate,False,nan,1.0,20000,1.0,inf,True,33,6.52884377835444e-05,2.9962290267909304,0.0,0.956203983658257,33,5.5962135257405135e-09,33,4.387500000000013e-05,1.0,0.0005454885899459474,6.52884377835444e-05,160.55549362161713,8.385254915624208e-06,0.9826909233030147,-63.43494882292195,-11.983038177976626,5.991519088988328,13.397443971465487,12.976834224779603,4.905241258298269e-06,5.031152949374542e-06,1.0062305898749085e-05,6.305711696549409e-06,0.09658236451383938,7.961210148194383e-05,0.00010579799856375054,0.37493430453151766,False,10009538921.198833,6.776261402800684e-21,3.2600044723711377,4422.9472349258485,2.4946176575336777e-20,3.260004471502075,33,1,375,108,6.127252561615903e-06,108,0,False,33,0.9825987932951583,True,True,True,True,True,True,True,True,True,True,True,6.127252561615903e-06,214.17333442146645,1061860.0418784749,0,0.0,False,334,1,0,2,4349,0,2,0.7940503969040731,844,0.022890987644366367,1867651556.6534173,150107583.15201807,154232655203591.28,1050384548972.4933,4.553794235144863e-05,1.0,6.071725646859802,0.00036,0.0,10015367315.68723,840.4432004940379,0.0,0.0,0.7688020976277518,0.5426789003511948,0.5031076802465407,0.7688020976277518,0
