Dloc_max,F0_residual_N_per_m,H_attempt,P_max,S_no_attempt,Umax_m,Umin_m,ale_accept_scale,ale_geometry_active,block,block_limited_by_birth_clock,case,cleavage_clock_model,cycles_connected,cycles_diffuse_abort,cycles_first_embryo,cycles_first_expected_embryo,cycles_first_expected_stable,cycles_first_softening,cycles_first_stable,cycles_front_capture,cycles_front_stalled,cycles_root_connected,cycles_target,cycles_total,cycles_two_horizon_crack,dN,delivery_hit_count,delivery_memory_s,delivery_scale,delivery_source,delivery_source_multiplicity,dep_eq_block_max,dep_eq_cycle_max,effective_scratch_Kt_max,epsp_acc_max,fatigue_model,fatigue_model_preset_applied,fem_scratch_Kt_max,geometry_invalid_reason,geometry_limit_mode,geometry_saturated,geometry_saturation_cycles,geometry_taper_factor,global_action_increment,global_action_increment_per_cycle,global_action_ledger_closure_error,global_attempt_count,global_clock_policy_state,global_threshold_action,marked_attempt_pd_node_id,marked_attempt_probability,marked_attempt_site_id,max_blocks_requested,minimum_element_area_over_initial,next_birth_wait_cycles_pre,pd_active_front,pd_active_front_bonds,pd_active_front_length_m,pd_amplification_max,pd_birth_rate_max_per_cycle,pd_bond_damage_max,pd_broken_bonds,pd_completion_max,pd_connected_bonds,pd_connected_extent_m,pd_crack_axial_coverage,pd_crack_boundary_clearance_m,pd_crack_centerline_length_m,pd_crack_local_upper_K_MPam05,pd_crack_max_axial_gap_m,pd_crack_orientation_coherence,pd_crack_orientation_deg,pd_crack_remote_KII_MPam05,pd_crack_remote_KI_MPam05,pd_crack_remote_K_MPam05,pd_crack_slenderness,pd_crack_surface_gap_m,pd_crack_tip_radius_eff_m,pd_crack_tip_width_m,pd_crack_width_m,pd_crack_width_ratio,pd_delivery_events_cycle_max,pd_delivery_memory_max,pd_delivery_rate_max_s,pd_diffuse_abort,pd_effective_stress_max_Pa,pd_embryo_max,pd_expected_births_cumulative,pd_expected_candidate_sites,pd_expected_embryos,pd_expected_stable,pd_front_backbone_bonds,pd_front_candidate_mode,pd_front_eligible_fallback,pd_front_eligible_preferred,pd_front_max_link_rate_per_cycle,pd_front_process_bonds,pd_front_stall_updates,pd_front_stalled,pd_front_wake_bonds,pd_growth_max,pd_handoff_K_pass,pd_handoff_boundary_pass,pd_handoff_competition_pass,pd_handoff_coverage_pass,pd_handoff_front_pass,pd_handoff_length_pass,pd_handoff_orientation_pass,pd_handoff_pass,pd_handoff_slenderness_pass,pd_handoff_surface_pass,pd_handoff_tip_pass,pd_max_rate_per_cycle,pd_nucleation_hazard_cycle_max,pd_nucleation_rate_max_s,pd_off_front_broken_bonds,pd_off_front_broken_fraction,pd_precapture_stalled,pd_primary_seed_node,pd_primary_seed_reselections,pd_primary_seed_stall_updates,pd_realized_births_cumulative,pd_realized_candidate_sites,pd_realized_embryos,pd_realized_stable,pd_stable_max,pd_temporal_transient_cycles,plastic_work_J_per_m,remote_sigma_max_Pa,residual_sigma1_max_Pa,rho_max_m2,rho_mean_m2,root_radius_m,root_radius_over_initial,root_radius_over_spacing,root_x_m,root_y_m,sigma1_cycle_max_Pa,sigma_a_MPa,surface_move_max_m,surface_shear_gamma_nt_max,v9_fem_embedded_error,v9_fem_error_ep_gp,v9_fem_error_epsp_acc_gp,v9_fem_error_rho_gp,v9_fem_rejections
0.0,-6.333938502701373e-13,2.3025848974790386,0.0,0.10000001955150262,1.6148344596523322e-05,1.6148344596523324e-06,0.0,False,18,False,shielded,v9_four_class_stateful_PD_shared_root_m1_marked_embryo_v1,nan,nan,nan,nan,nan,nan,nan,nan,nan,nan,100000000000000.0,593700322.6103516,nan,0.6103515625,2.0,0.001,1.0,emission,13098.721493975596,1.2068052772637845e-28,1.9772297498549446e-28,2.01805106802885,1.173881940376889e-19,custom,False,2.033691229284315,,terminate,False,nan,1.0,2.3671644370651304e-09,3.8783622136875095e-09,0.0,0,active,2.302585092994046,nan,nan,nan,1000000,1.0,inf,False,0,0.0,1.0,0.0,0.0,0,1.4791485694877286e-38,0,0.0,0.0,0.0,0.0,0.0,inf,0.0,0.0,0.0,0.0,0.0,0.0,inf,inf,0.0,0.0,inf,1.2993113708878981e-19,1.7199700982794605e-19,5.944765199903073e-16,False,7099055201.5325985,0.0,0.0,3741.9095810948684,0.0,0.0,0,0,0,0,0.0,0,0,False,0,0.0,False,False,False,False,False,False,False,False,False,False,False,0.0,2.3073464224646797e-06,0.02457506178946758,0,0.0,False,-1,0,0,0,3804,0,0,0.0,20,1.7701803944540407e-17,3517777777.7777777,3.543446616590331e-09,1000000000000.0,1000000000000.0,0.0005987445183220907,1.0,49.89537652684091,0.00014991623455953818,-1.0024493102302374e-05,7154073813.237933,1583.0,0.0,0.0,0.0,0.0,0.0,0.0,0
0.0,-6.333938509754348e-13,2.3025848998462033,0.0,0.10000001931478611,1.6148344596523322e-05,1.6148344596523324e-06,0.0,False,19,False,shielded,v9_four_class_stateful_PD_shared_root_m1_marked_embryo_v1,nan,nan,nan,nan,nan,nan,nan,nan,nan,nan,100000000000000.0,593700323.2207031,nan,0.6103515625,2.0,0.001,1.0,emission,13098.721493975596,1.2068052772637845e-28,1.9772297499134626e-28,2.0180510680327783,1.1738819415836943e-19,custom,False,2.033691229284315,,terminate,False,nan,1.0,2.3671644372036827e-09,3.8783622139145135e-09,4.440892098500626e-16,0,active,2.302585092994046,nan,nan,nan,1000000,1.0,inf,False,0,0.0,1.0,0.0,0.0,0,1.479148569541939e-38,0,0.0,0.0,0.0,0.0,0.0,inf,0.0,0.0,0.0,0.0,0.0,0.0,inf,inf,0.0,0.0,inf,1.2993113709064111e-19,1.7199700983109788e-19,5.944765199990215e-16,False,7099055201.546417,0.0,0.0,3741.9095810948684,0.0,0.0,0,0,0,0,0.0,0,0,False,0,0.0,False,False,False,False,False,False,False,False,False,False,False,0.0,2.3073464226455856e-06,0.02457506179142634,0,0.0,False,-1,0,0,0,3804,0,0,0.0,21,1.7701803962738686e-17,3517777777.7777777,3.5434466194741042e-09,1000000000000.0,1000000000000.0,0.0005987445183220907,1.0,49.89537652684091,0.00014991623455953818,-1.0024493102302374e-05,7154073813.237933,1583.0,0.0,0.0,0.0,0.0,0.0,0.0,0
0.0,-6.333938515348415e-13,2.3025849022133675,0.0,0.10000001907806963,1.6148344596523322e-05,1.6148344596523324e-06,0.0,False,20,False,shielded,v9_four_class_stateful_PD_shared_root_m1_marked_embryo_v1,nan,nan,nan,nan,nan,nan,nan,nan,nan,nan,100000000000000.0,593700323.8310547,nan,0.6103515625,2.0,0.001,1.0,emission,13098.721493975596,1.2068052772637845e-28,1.9772297499134626e-28,2.0180510680327783,1.1738819427904996e-19,custom,False,2.033691229284315,,terminate,False,nan,1.0,2.3671644372036827e-09,3.8783622139145135e-09,0.0,0,active,2.302585092994046,nan,nan,nan,1000000,1.0,inf,False,0,0.0,1.0,0.0,0.0,0,1.3895981010935296e-38,0,0.0,0.0,0.0,0.0,0.0,inf,0.0,0.0,0.0,0.0,0.0,0.0,inf,inf,0.0,0.0,inf,1.2993113709064111e-19,1.6670921396812652e-19,5.944765199990215e-16,False,7099055201.546417,0.0,0.0,3741.9095810948684,0.0,0.0,0,0,0,0,0.0,0,0,False,0,0.0,False,False,False,False,False,False,False,False,False,False,False,0.0,2.3073464226455856e-06,0.02457506179142634,0,0.0,False,-1,0,0,0,3804,0,0,0.0,20,1.7701803980936964e-17,3517777777.7777777,3.5434466233085566e-09,1000000000000.0,1000000000000.0,0.0005987445183220907,1.0,49.89537652684091,0.00014991623455953818,-1.0024493102302374e-05,7154073813.237933,1583.0,0.0,0.0,0.0,0.0,0.0,0.0,0
0.0,-6.333938522742117e-13,2.302584904580532,0.0,0.10000001884135312,1.6148344596523322e-05,1.6148344596523324e-06,0.0,False,21,False,shielded,v9_four_class_stateful_PD_shared_root_m1_marked_embryo_v1,nan,nan,nan,nan,nan,nan,nan,nan,nan,nan,100000000000000.0,593700324.4414062,nan,0.6103515625,2.0,0.001,1.0,emission,13098.721493975596,1.2068052772637845e-28,1.9772297499134626e-28,2.0180510680327783,1.1738819439973049e-19,custom,False,2.033691229284315,,terminate,False,nan,1.0,2.3671644372036827e-09,3.8783622139145135e-09,4.440892098500626e-16,0,active,2.302585092994046,nan,nan,nan,1000000,1.0,inf,False,0,0.0,1.0,0.0,0.0,0,1.4791485695624545e-38,0,0.0,0.0,0.0,0.0,0.0,inf,0.0,0.0,0.0,0.0,0.0,0.0,inf,inf,0.0,0.0,inf,1.2993113709064111e-19,1.7199700983229065e-19,5.944765199990215e-16,False,7099055201.546417,0.0,0.0,3741.9095810948684,0.0,0.0,0,0,0,0,0.0,0,0,False,0,0.0,False,False,False,False,False,False,False,False,False,False,False,0.0,2.3073464226455856e-06,0.02457506179142634,0,0.0,False,-1,0,0,0,3804,0,0,0.0,21,1.7701803999135242e-17,3517777777.7777777,3.5434466270920018e-09,1000000000000.0,1000000000000.0,0.0005987445183220907,1.0,49.89537652684091,0.00014991623455953818,-1.0024493102302374e-05,7154073813.237933,1583.0,0.0,0.0,0.0,0.0,0.0,0.0,0
0.0,-6.333938529671047e-13,2.3025849069476965,0.0,0.10000001860463666,1.6148344596523322e-05,1.6148344596523324e-06,0.0,False,22,False,shielded,v9_four_class_stateful_PD_shared_root_m1_marked_embryo_v1,nan,nan,nan,nan,nan,nan,nan,nan,nan,nan,100000000000000.0,593700325.0517578,nan,0.6103515625,2.0,0.001,1.0,emission,13098.721493975596,1.2068052772637845e-28,1.9772297499134626e-28,2.0180510680327783,1.1738819452041101e-19,custom,False,2.033691229284315,,terminate,False,nan,1.0,2.3671644372036827e-09,3.8783622139145135e-09,0.0,0,active,2.302585092994046,nan,nan,nan,1000000,1.0,inf,False,0,0.0,1.0,0.0,0.0,0,1.1557762112119743e-38,0,0.0,0.0,0.0,0.0,0.0,inf,0.0,0.0,0.0,0.0,0.0,0.0,inf,inf,0.0,0.0,inf,1.2993113709064111e-19,1.5203790390635978e-19,5.944765199990215e-16,False,7099055201.546417,0.0,0.0,3741.9095810948684,0.0,0.0,0,0,0,0,0.0,0,0,False,0,0.0,False,False,False,False,False,False,False,False,False,False,False,0.0,2.3073464226455856e-06,0.02457506179142634,0,0.0,False,-1,0,0,0,3804,0,0,0.0,20,1.770180401733352e-17,3517777777.7777777,3.543446632240658e-09,1000000000000.0,1000000000000.0,0.0005987445183220907,1.0,49.89537652684091,0.00014991623455953818,-1.0024493102302374e-05,7154073813.237933,1583.0,0.0,0.0,0.0,0.0,0.0,0.0,0
0.0,-6.333938534082505e-13,2.302584909314861,0.0,0.10000001836792013,1.6148344596523322e-05,1.6148344596523324e-06,0.0,False,23,False,shielded,v9_four_class_stateful_PD_shared_root_m1_marked_embryo_v1,nan,nan,nan,nan,nan,nan,nan,nan,nan,nan,100000000000000.0,593700325.6621094,nan,0.6103515625,2.0,0.001,1.0,emission,13098.721493975596,1.2068052772637845e-28,1.9772297499134626e-28,2.0180510680327783,1.1738819464109154e-19,custom,False,2.033691229284315,,terminate,False,nan,1.0,2.3671644372036827e-09,3.8783622139145135e-09,4.440892098500626e-16,0,active,2.302585092994046,nan,nan,nan,1000000,1.0,inf,False,0,0.0,1.0,0.0,0.0,0,1.4791485695700218e-38,0,0.0,0.0,0.0,0.0,0.0,inf,0.0,0.0,0.0,0.0,0.0,0.0,inf,inf,0.0,0.0,inf,1.2993113709064111e-19,1.7199700983273063e-19,5.944765199990215e-16,False,7099055201.546417,0.0,0.0,3741.9095810948684,0.0,0.0,0,0,0,0,0.0,0,0,False,0,0.0,False,False,False,False,False,False,False,False,False,False,False,0.0,2.3073464226455856e-06,0.02457506179142634,0,0.0,False,-1,0,0,0,3804,0,0,0.0,21,1.77018040355318e-17,3517777777.7777777,3.543446635213929e-09,1000000000000.0,1000000000000.0,0.0005987445183220907,1.0,49.89537652684091,0.00014991623455953818,-1.0024493102302374e-05,7154073813.237933,1583.0,0.0,0.0,0.0,0.0,0.0,0.0,0
0.0,-6.333938540210104e-13,2.3025849116820254,0.0,0.10000001813120367,1.6148344596523322e-05,1.6148344596523324e-06,0.0,False,24,False,shielded,v9_four_class_stateful_PD_shared_root_m1_marked_embryo_v1,nan,nan,nan,nan,nan,nan,nan,nan,nan,nan,100000000000000.0,593700326.2724609,nan,0.6103515625,2.0,0.001,1.0,emission,13098.721493975596,1.2068052772637845e-28,1.9772297499134626e-28,2.0180510680327783,1.1738819476177207e-19,custom,False,2.033691229284315,,terminate,False,nan,1.0,2.3671644372036827e-09,3.8783622139145135e-09,0.0,0,active,2.302585092994046,nan,nan,nan,1000000,1.0,inf,False,0,0.0,1.0,0.0,0.0,0,1.4791485695728172e-38,0,0.0,0.0,0.0,0.0,0.0,inf,0.0,0.0,0.0,0.0,0.0,0.0,inf,inf,0.0,0.0,inf,1.2993113709064111e-19,1.7199700983289316e-19,5.944765199990215e-16,False,7099055201.546417,0.0,0.0,3741.9095810948684,0.0,0.0,0,0,0,0,0.0,0,0,False,0,0.0,False,False,False,False,False,False,False,False,False,False,False,0.0,2.3073464226455856e-06,0.02457506179142634,0,0.0,False,-1,0,0,0,3804,0,0,0.0,20,1.7701804053730078e-17,3517777777.7777777,3.543446639193222e-09,1000000000000.0,1000000000000.0,0.0005987445183220907,1.0,49.89537652684091,0.00014991623455953818,-1.0024493102302374e-05,7154073813.237933,1583.0,0.0,0.0,0.0,0.0,0.0,0.0,0
0.0,-6.333938547171863e-13,2.3025849140491896,0.0,0.1000000178944872,1.6148344596523322e-05,1.6148344596523324e-06,0.0,False,25,False,shielded,v9_four_class_stateful_PD_shared_root_m1_marked_embryo_v1,nan,nan,nan,nan,nan,nan,nan,nan,nan,nan,100000000000000.0,593700326.8828125,nan,0.6103515625,2.0,0.001,1.0,emission,13098.721493975596,1.2068052772637845e-28,1.9772297499134626e-28,2.0180510680327783,1.173881948824526e-19,custom,False,2.033691229284315,,terminate,False,nan,1.0,2.3671644372036827e-09,3.8783622139145135e-09,0.0,0,active,2.302585092994046,nan,nan,nan,1000000,1.0,inf,False,0,0.0,1.0,0.0,0.0,0,1.2689797941054738e-38,0,0.0,0.0,0.0,0.0,0.0,inf,0.0,0.0,0.0,0.0,0.0,0.0,inf,inf,0.0,0.0,inf,1.2993113709064111e-19,1.5930974823314948e-19,5.944765199990215e-16,False,7099055201.546417,0.0,0.0,3741.9095810948684,0.0,0.0,0,0,0,0,0.0,0,0,False,0,0.0,False,False,False,False,False,False,False,False,False,False,False,0.0,2.3073464226455856e-06,0.02457506179142634,0,0.0,False,-1,0,0,0,3804,0,0,0.0,21,1.7701804071928356e-17,3517777777.7777777,3.5434466429841766e-09,1000000000000.0,1000000000000.0,0.0005987445183220907,1.0,49.89537652684091,0.00014991623455953818,-1.0024493102302374e-05,7154073813.237933,1583.0,0.0,0.0,0.0,0.0,0.0,0.0,0
0.0,-6.33393855441357e-13,2.3025849164163543,0.0,0.1000000176577707,1.6148344596523322e-05,1.6148344596523324e-06,0.0,False,26,False,shielded,v9_four_class_stateful_PD_shared_root_m1_marked_embryo_v1,nan,nan,nan,nan,nan,nan,nan,nan,nan,nan,100000000000000.0,593700327.4931641,nan,0.6103515625,2.0,0.001,1.0,emission,13098.721493975596,1.2068052772637845e-28,1.9772297499134626e-28,2.0180510680327783,1.1738819500313312e-19,custom,False,2.033691229284315,,terminate,False,nan,1.0,2.3671644372036827e-09,3.8783622139145135e-09,4.440892098500626e-16,0,active,2.302585092994046,nan,nan,nan,1000000,1.0,inf,False,0,0.0,1.0,0.0,0.0,0,1.4791485695738263e-38,0,0.0,0.0,0.0,0.0,0.0,inf,0.0,0.0,0.0,0.0,0.0,0.0,inf,inf,0.0,0.0,inf,1.2993113709064111e-19,1.7199700983295183e-19,5.944765199990215e-16,False,7099055201.546417,0.0,0.0,3741.9095810948684,0.0,0.0,0,0,0,0,0.0,0,0,False,0,0.0,False,False,False,False,False,False,False,False,False,False,False,0.0,2.3073464226455856e-06,0.02457506179142634,0,0.0,False,-1,0,0,0,3804,0,0,0.0,20,1.7701804090126635e-17,3517777777.7777777,3.5434466459946177e-09,1000000000000.0,1000000000000.0,0.0005987445183220907,1.0,49.89537652684091,0.00014991623455953818,-1.0024493102302374e-05,7154073813.237933,1583.0,0.0,0.0,0.0,0.0,0.0,0.0,0
0.0,-6.333938561422892e-13,2.3025849187835186,0.0,0.10000001742105423,1.6148344596523322e-05,1.6148344596523324e-06,0.0,False,27,False,shielded,v9_four_class_stateful_PD_shared_root_m1_marked_embryo_v1,nan,nan,nan,nan,nan,nan,nan,nan,nan,nan,100000000000000.0,593700328.1035156,nan,0.6103515625,2.0,0.001,1.0,emission,13098.721493975596,1.2068052772637845e-28,1.9772297499134626e-28,2.0180510680327783,1.1738819512381365e-19,custom,False,2.033691229284315,,terminate,False,nan,1.0,2.3671644372036827e-09,3.8783622139145135e-09,0.0,0,active,2.302585092994046,nan,nan,nan,1000000,1.0,inf,False,0,0.0,1.0,0.0,0.0,0,1.398764032083453e-38,0,0.0,0.0,0.0,0.0,0.0,inf,0.0,0.0,0.0,0.0,0.0,0.0,inf,inf,0.0,0.0,inf,1.2993113709064111e-19,1.6725812578666862e-19,5.944765199990215e-16,False,7099055201.546417,0.0,0.0,3741.9095810948684,0.0,0.0,0,0,0,0,0.0,0,0,False,0,0.0,False,False,False,False,False,False,False,False,False,False,False,0.0,2.3073464226455856e-06,0.02457506179142634,0,0.0,False,-1,0,0,0,3804,0,0,0.0,21,1.7701804108324913e-17,3517777777.7777777,3.5434466498754216e-09,1000000000000.0,1000000000000.0,0.0005987445183220907,1.0,49.89537652684091,0.00014991623455953818,-1.0024493102302374e-05,7154073813.237933,1583.0,0.0,0.0,0.0,0.0,0.0,0.0,0
0.0,-6.333938567167403e-13,2.3025849211506833,0.0,0.10000001718433772,1.6148344596523322e-05,1.6148344596523324e-06,0.0,False,28,False,shielded,v9_four_class_stateful_PD_shared_root_m1_marked_embryo_v1,nan,nan,nan,nan,nan,nan,nan,nan,nan,nan,100000000000000.0,593700328.7138672,nan,0.6103515625,2.0,0.001,1.0,emission,13098.721493975596,1.2068052772637845e-28,1.9772297499134626e-28,2.0180510680327783,1.1738819524449418e-19,custom,False,2.033691229284315,,terminate,False,nan,1.0,2.3671644372036827e-09,3.8783622139145135e-09,4.440892098500626e-16,0,active,2.302585092994046,nan,nan,nan,1000000,1.0,inf,False,0,0.0,1.0,0.0,0.0,0,1.4791485695742048e-38,0,0.0,0.0,0.0,0.0,0.0,inf,0.0,0.0,0.0,0.0,0.0,0.0,inf,inf,0.0,0.0,inf,1.2993113709064111e-19,1.7199700983297383e-19,5.944765199990215e-16,False,7099055201.546417,0.0,0.0,3741.9095810948684,0.0,0.0,0,0,0,0,0.0,0,0,False,0,0.0,False,False,False,False,False,False,False,False,False,False,False,0.0,2.3073464226455856e-06,0.02457506179142634,0,0.0,False,-1,0,0,0,3804,0,0,0.0,20,1.7701804126523192e-17,3517777777.7777777,3.5434466537194015e-09,1000000000000.0,1000000000000.0,0.0005987445183220907,1.0,49.89537652684091,0.00014991623455953818,-1.0024493102302374e-05,7154073813.237933,1583.0,0.0,0.0,0.0,0.0,0.0,0.0,0
0.0,-6.333938574083925e-13,2.3025849235178475,0.0,0.10000001694762126,1.6148344596523322e-05,1.6148344596523324e-06,0.0,False,29,False,shielded,v9_four_class_stateful_PD_shared_root_m1_marked_embryo_v1,nan,nan,nan,nan,nan,nan,nan,nan,nan,nan,100000000000000.0,593700329.3242188,nan,0.6103515625,2.0,0.001,1.0,emission,13098.721493975596,1.2068052772637845e-28,1.9772297499134626e-28,2.0180510680327783,1.173881953651747e-19,custom,False,2.033691229284315,,terminate,False,nan,1.0,2.3671644372036827e-09,3.8783622139145135e-09,0.0,0,active,2.302585092994046,nan,nan,nan,1000000,1.0,inf,False,0,0.0,1.0,0.0,0.0,0,1.4791485695743517e-38,0,0.0,0.0,0.0,0.0,0.0,inf,0.0,0.0,0.0,0.0,0.0,0.0,inf,inf,0.0,0.0,inf,1.2993113709064111e-19,1.7199700983298238e-19,5.944765199990215e-16,False,7099055201.546417,0.0,0.0,3741.9095810948684,0.0,0.0,0,0,0,0,0.0,0,0,False,0,0.0,False,False,False,False,False,False,False,False,False,False,False,0.0,2.3073464226455856e-06,0.02457506179142634,0,0.0,False,-1,0,0,0,3804,0,0,0.0,21,1.770180414472147e-17,3517777777.7777777,3.5434466572952466e-09,1000000000000.0,1000000000000.0,0.0005987445183220907,1.0,49.89537652684091,0.00014991623455953818,-1.0024493102302374e-05,7154073813.237933,1583.0,0.0,0.0,0.0,0.0,0.0,0.0,0
0.0,-6.333938579958717e-13,2.302584925885012,0.0,0.10000001671090475,1.6148344596523322e-05,1.6148344596523324e-06,0.0,False,30,False,shielded,v9_four_class_stateful_PD_shared_root_m1_marked_embryo_v1,nan,nan,nan,nan,nan,nan,nan,nan,nan,nan,100000000000000.0,593700329.9345703,nan,0.6103515625,2.0,0.001,1.0,emission,13098.721493975596,1.2068052772637845e-28,1.9772297499134626e-28,2.0180510680327783,1.1738819548585524e-19,custom,False,2.033691229284315,,terminate,False,nan,1.0,2.3671644372036827e-09,3.8783622139145135e-09,4.440892098500626e-16,0,active,2.302585092994046,nan,nan,nan,1000000,1.0,inf,False,0,0.0,1.0,0.0,0.0,0,1.1477620199429714e-38,0,0.0,0.0,0.0,0.0,0.0,inf,0.0,0.0,0.0,0.0,0.0,0.0,inf,inf,0.0,0.0,inf,1.2993113709064111e-19,1.5150986898172485e-19,5.944765199990215e-16,False,7099055201.546417,0.0,0.0,3741.9095810948684,0.0,0.0,0,0,0,0,0.0,0,0,False,0,0.0,False,False,False,False,False,False,False,False,False,False,False,0.0,2.3073464226455856e-06,0.02457506179142634,0,0.0,False,-1,0,0,0,3804,0,0,0.0,20,1.770180416291975e-17,3517777777.7777777,3.5434466602878115e-09,1000000000000.0,1000000000000.0,0.0005987445183220907,1.0,49.89537652684091,0.00014991623455953818,-1.0024493102302374e-05,7154073813.237933,1583.0,0.0,0.0,0.0,0.0,0.0,0.0,0
0.0,-6.333938587723617e-13,2.3025849282521764,0.0,0.10000001647418828,1.6148344596523322e-05,1.6148344596523324e-06,0.0,False,31,False,shielded,v9_four_class_stateful_PD_shared_root_m1_marked_embryo_v1,nan,nan,nan,nan,nan,nan,nan,nan,nan,nan,100000000000000.0,593700330.5449219,nan,0.6103515625,2.0,0.001,1.0,emission,13098.721493975596,1.2068052772637845e-28,1.9772297499134626e-28,2.0180510680327783,1.1738819560653576e-19,custom,False,2.033691229284315,,terminate,False,nan,1.0,2.3671644372036827e-09,3.8783622139145135e-09,0.0,0,active,2.302585092994046,nan,nan,nan,1000000,1.0,inf,False,0,0.0,1.0,0.0,0.0,0,1.479148569574415e-38,0,0.0,0.0,0.0,0.0,0.0,inf,0.0,0.0,0.0,0.0,0.0,0.0,inf,inf,0.0,0.0,inf,1.2993113709064111e-19,1.7199700983298604e-19,5.944765199990215e-16,False,7099055201.546417,0.0,0.0,3741.9095810948684,0.0,0.0,0,0,0,0,0.0,0,0,False,0,0.0,False,False,False,False,False,False,False,False,False,False,False,0.0,2.3073464226455856e-06,0.02457506179142634,0,0.0,False,-1,0,0,0,3804,0,0,0.0,21,1.7701804181118027e-17,3517777777.7777777,3.5434466635519944e-09,1000000000000.0,1000000000000.0,0.0005987445183220907,1.0,49.89537652684091,0.00014991623455953818,-1.0024493102302374e-05,7154073813.237933,1583.0,0.0,0.0,0.0,0.0,0.0,0.0,0
0.0,-6.333938594218277e-13,2.302584930619341,0.0,0.10000001623747178,1.6148344596523322e-05,1.6148344596523324e-06,0.0,False,32,False,shielded,v9_four_class_stateful_PD_shared_root_m1_marked_embryo_v1,nan,nan,nan,nan,nan,nan,nan,nan,nan,nan,100000000000000.0,593700331.1552734,nan,0.6103515625,2.0,0.001,1.0,emission,13098.721493975596,1.2068052772637845e-28,1.9772297499134626e-28,2.0180510680327783,1.173881957272163e-19,custom,False,2.033691229284315,,terminate,False,nan,1.0,2.3671644372036827e-09,3.8783622139145135e-09,4.440892098500626e-16,0,active,2.302585092994046,nan,nan,nan,1000000,1.0,inf,False,0,0.0,1.0,0.0,0.0,0,1.4784867631601313e-38,0,0.0,0.0,0.0,0.0,0.0,inf,0.0,0.0,0.0,0.0,0.0,0.0,inf,inf,0.0,0.0,inf,1.2993113709064111e-19,1.7195852774201873e-19,5.944765199990215e-16,False,7099055201.546417,0.0,0.0,3741.9095810948684,0.0,0.0,0,0,0,0,0.0,0,0,False,0,0.0,False,False,False,False,False,False,False,False,False,False,False,0.0,2.3073464226455856e-06,0.02457506179142634,0,0.0,False,-1,0,0,0,3804,0,0,0.0,20,1.7701804199316305e-17,3517777777.7777777,3.5434466684126847e-09,1000000000000.0,1000000000000.0,0.0005987445183220907,1.0,49.89537652684091,0.00014991623455953818,-1.0024493102302374e-05,7154073813.237933,1583.0,0.0,0.0,0.0,0.0,0.0,0.0,0
0.0,-6.33393860063513e-13,2.3025849329865054,0.0,0.10000001600075531,1.6148344596523322e-05,1.6148344596523324e-06,0.0,False,33,False,shielded,v9_four_class_stateful_PD_shared_root_m1_marked_embryo_v1,nan,nan,nan,nan,nan,nan,nan,nan,nan,nan,100000000000000.0,593700331.765625,nan,0.6103515625,2.0,0.001,1.0,emission,13098.721493975596,1.2068052772637845e-28,1.9772297499134626e-28,2.0180510680327783,1.1738819584789682e-19,custom,False,2.033691229284315,,terminate,False,nan,1.0,2.3671644372036827e-09,3.8783622139145135e-09,0.0,0,active,2.302585092994046,nan,nan,nan,1000000,1.0,inf,False,0,0.0,1.0,0.0,0.0,0,1.4791485695744358e-38,0,0.0,0.0,0.0,0.0,0.0,inf,0.0,0.0,0.0,0.0,0.0,0.0,inf,inf,0.0,0.0,inf,1.2993113709064111e-19,1.7199700983298726e-19,5.944765199990215e-16,False,7099055201.546417,0.0,0.0,3741.9095810948684,0.0,0.0,0,0,0,0,0.0,0,0,False,0,0.0,False,False,False,False,False,False,False,False,False,False,False,0.0,2.3073464226455856e-06,0.02457506179142634,0,0.0,False,-1,0,0,0,3804,0,0,0.0,21,1.7701804217514584e-17,3517777777.7777777,3.5434466718155192e-09,1000000000000.0,1000000000000.0,0.0005987445183220907,1.0,49.89537652684091,0.00014991623455953818,-1.0024493102302374e-05,7154073813.237933,1583.0,0.0,0.0,0.0,0.0,0.0,0.0,0
0.0,-6.333938606158888e-13,2.30258493535367,0.0,0.1000000157640388,1.6148344596523322e-05,1.6148344596523324e-06,0.0,False,34,False,shielded,v9_four_class_stateful_PD_shared_root_m1_marked_embryo_v1,nan,nan,nan,nan,nan,nan,nan,nan,nan,nan,100000000000000.0,593700332.3759766,nan,0.6103515625,2.0,0.001,1.0,emission,13098.721493975596,1.2068052772637845e-28,1.9772297499134626e-28,2.0180510680327783,1.1738819596857735e-19,custom,False,2.033691229284315,,terminate,False,nan,1.0,2.3671644372036827e-09,3.8783622139145135e-09,4.440892098500626e-16,0,active,2.302585092994046,nan,nan,nan,1000000,1.0,inf,False,0,0.0,1.0,0.0,0.0,0,1.4791485695744358e-38,0,0.0,0.0,0.0,0.0,0.0,inf,0.0,0.0,0.0,0.0,0.0,0.0,inf,inf,0.0,0.0,inf,1.2993113709064111e-19,1.7199700983298726e-19,5.944765199990215e-16,False,7099055201.546417,0.0,0.0,3741.9095810948684,0.0,0.0,0,0,0,0,0.0,0,0,False,0,0.0,False,False,False,False,False,False,False,False,False,False,False,0.0,2.3073464226455856e-06,0.02457506179142634,0,0.0,False,-1,0,0,0,3804,0,0,0.0,21,1.7701804235712862e-17,3517777777.7777777,3.543446675823817e-09,1000000000000.0,1000000000000.0,0.0005987445183220907,1.0,49.89537652684091,0.00014991623455953818,-1.0024493102302374e-05,7154073813.237933,1583.0,0.0,0.0,0.0,0.0,0.0,0.0,0
0.0,-6.333938612949006e-13,2.3025849377208343,0.0,0.10000001552732235,1.6148344596523322e-05,1.6148344596523324e-06,0.0,False,35,False,shielded,v9_four_class_stateful_PD_shared_root_m1_marked_embryo_v1,nan,nan,nan,nan,nan,nan,nan,nan,nan,nan,100000000000000.0,593700332.9863281,nan,0.6103515625,2.0,0.001,1.0,emission,13098.721493975596,1.2068052772637845e-28,1.9772297499134626e-28,2.0180510680327783,1.1738819608925787e-19,custom,False,2.033691229284315,,terminate,False,nan,1.0,2.3671644372036827e-09,3.8783622139145135e-09,0.0,0,active,2.302585092994046,nan,nan,nan,1000000,1.0,inf,False,0,0.0,1.0,0.0,0.0,0,1.0355066603073465e-38,0,0.0,0.0,0.0,0.0,0.0,inf,0.0,0.0,0.0,0.0,0.0,0.0,inf,inf,0.0,0.0,inf,1.2993113709064111e-19,1.4391015671642823e-19,5.944765199990215e-16,False,7099055201.546417,0.0,0.0,3741.9095810948684,0.0,0.0,0,0,0,0,0.0,0,0,False,0,0.0,False,False,False,False,False,False,False,False,False,False,False,0.0,2.3073464226455856e-06,0.02457506179142634,0,0.0,False,-1,0,0,0,3804,0,0,0.0,20,1.770180425391114e-17,3517777777.7777777,3.5434466793880777e-09,1000000000000.0,1000000000000.0,0.0005987445183220907,1.0,49.89537652684091,0.00014991623455953818,-1.0024493102302374e-05,7154073813.237933,1583.0,0.0,0.0,0.0,0.0,0.0,0.0,0
0.0,-6.333938618702306e-13,2.302584940087999,0.0,0.10000001529060584,1.6148344596523322e-05,1.6148344596523324e-06,0.0,False,36,False,shielded,v9_four_class_stateful_PD_shared_root_m1_marked_embryo_v1,nan,nan,nan,nan,nan,nan,nan,nan,nan,nan,100000000000000.0,593700333.5966797,nan,0.6103515625,2.0,0.001,1.0,emission,13098.721493975596,1.2068052772637845e-28,1.9772297499134626e-28,2.0180510680327783,1.173881962099384e-19,custom,False,2.033691229284315,,terminate,False,nan,1.0,2.3671644372036827e-09,3.8783622139145135e-09,4.440892098500626e-16,0,active,2.302585092994046,nan,nan,nan,1000000,1.0,inf,False,0,0.0,1.0,0.0,0.0,0,1.4791485695744358e-38,0,0.0,0.0,0.0,0.0,0.0,inf,0.0,0.0,0.0,0.0,0.0,0.0,inf,inf,0.0,0.0,inf,1.2993113709064111e-19,1.7199700983298726e-19,5.944765199990215e-16,False,7099055201.546417,0.0,0.0,3741.9095810948684,0.0,0.0,0,0,0,0,0.0,0,0,False,0,0.0,False,False,False,False,False,False,False,False,False,False,False,0.0,2.3073464226455856e-06,0.02457506179142634,0,0.0,False,-1,0,0,0,3804,0,0,0.0,21,1.770180427210942e-17,3517777777.7777777,3.5434466831915063e-09,1000000000000.0,1000000000000.0,0.0005987445183220907,1.0,49.89537652684091,0.00014991623455953818,-1.0024493102302374e-05,7154073813.237933,1583.0,0.0,0.0,0.0,0.0,0.0,0.0,0
0.0,-6.333938625501214e-13,2.302584942455163,0.0,0.10000001505388938,1.6148344596523322e-05,1.6148344596523324e-06,0.0,False,37,False,shielded,v9_four_class_stateful_PD_shared_root_m1_marked_embryo_v1,nan,nan,nan,nan,nan,nan,nan,nan,nan,nan,100000000000000.0,593700334.2070312,nan,0.6103515625,2.0,0.001,1.0,emission,13098.721493975596,1.2068052772637845e-28,1.9772297499134626e-28,2.0180510680327783,1.1738819633061893e-19,custom,False,2.033691229284315,,terminate,False,nan,1.0,2.3671644372036827e-09,3.8783622139145135e-09,0.0,0,active,2.302585092994046,nan,nan,nan,1000000,1.0,inf,False,0,0.0,1.0,0.0,0.0,0,1.4791485695744358e-38,0,0.0,0.0,0.0,0.0,0.0,inf,0.0,0.0,0.0,0.0,0.0,0.0,inf,inf,0.0,0.0,inf,1.2993113709064111e-19,1.7199700983298726e-19,5.944765199990215e-16,False,7099055201.546417,0.0,0.0,3741.9095810948684,0.0,0.0,0,0,0,0,0.0,0,0,False,0,0.0,False,False,False,False,False,False,False,False,False,False,False,0.0,2.3073464226455856e-06,0.02457506179142634,0,0.0,False,-1,0,0,0,3804,0,0,0.0,20,1.7701804290307698e-17,3517777777.7777777,3.5434466870337135e-09,1000000000000.0,1000000000000.0,0.0005987445183220907,1.0,49.89537652684091,0.00014991623455953818,-1.0024493102302374e-05,7154073813.237933,1583.0,0.0,0.0,0.0,0.0,0.0,0.0,0
0.0,-6.333938632320025e-13,2.302584944822328,0.0,0.10000001481717288,1.6148344596523322e-05,1.6148344596523324e-06,0.0,False,38,False,shielded,v9_four_class_stateful_PD_shared_root_m1_marked_embryo_v1,nan,nan,nan,nan,nan,nan,nan,nan,nan,nan,100000000000000.0,593700334.8173828,nan,0.6103515625,2.0,0.001,1.0,emission,13098.721493975596,1.2068052772637845e-28,1.9772297499134626e-28,2.0180510680327783,1.1738819645129946e-19,custom,False,2.033691229284315,,terminate,False,nan,1.0,2.3671644372036827e-09,3.8783622139145135e-09,4.440892098500626e-16,0,active,2.302585092994046,nan,nan,nan,1000000,1.0,inf,False,0,0.0,1.0,0.0,0.0,0,1.415288279646986e-38,0,0.0,0.0,0.0,0.0,0.0,inf,0.0,0.0,0.0,0.0,0.0,0.0,inf,inf,0.0,0.0,inf,1.2993113709064111e-19,1.6824317398616717e-19,5.944765199990215e-16,False,7099055201.546417,0.0,0.0,3741.9095810948684,0.0,0.0,0,0,0,0,0.0,0,0,False,0,0.0,False,False,False,False,False,False,False,False,False,False,False,0.0,2.3073464226455856e-06,0.02457506179142634,0,0.0,False,-1,0,0,0,3804,0,0,0.0,21,1.7701804308505976e-17,3517777777.7777777,3.5434466894620486e-09,1000000000000.0,1000000000000.0,0.0005987445183220907,1.0,49.89537652684091,0.00014991623455953818,-1.0024493102302374e-05,7154073813.237933,1583.0,0.0,0.0,0.0,0.0,0.0,0.0,0
0.0,-6.333938639545448e-13,2.302584947189492,0.0,0.10000001458045642,1.6148344596523322e-05,1.6148344596523324e-06,0.0,False,39,False,shielded,v9_four_class_stateful_PD_shared_root_m1_marked_embryo_v1,nan,nan,nan,nan,nan,nan,nan,nan,nan,nan,100000000000000.0,593700335.4277344,nan,0.6103515625,2.0,0.001,1.0,emission,13098.721493975596,1.2068052772637845e-28,1.9772297499134626e-28,2.0180510680327783,1.1738819657197999e-19,custom,False,2.033691229284315,,terminate,False,nan,1.0,2.3671644372036827e-09,3.8783622139145135e-09,0.0,0,active,2.302585092994046,nan,nan,nan,1000000,1.0,inf,False,0,0.0,1.0,0.0,0.0,0,1.4791485695744358e-38,0,0.0,0.0,0.0,0.0,0.0,inf,0.0,0.0,0.0,0.0,0.0,0.0,inf,inf,0.0,0.0,inf,1.2993113709064111e-19,1.7199700983298726e-19,5.944765199990215e-16,False,7099055201.546417,0.0,0.0,3741.9095810948684,0.0,0.0,0,0,0,0,0.0,0,0,False,0,0.0,False,False,False,False,False,False,False,False,False,False,False,0.0,2.3073464226455856e-06,0.02457506179142634,0,0.0,False,-1,0,0,0,3804,0,0,0.0,20,1.7701804326704254e-17,3517777777.7777777,3.543446692701095e-09,1000000000000.0,1000000000000.0,0.0005987445183220907,1.0,49.89537652684091,0.00014991623455953818,-1.0024493102302374e-05,7154073813.237933,1583.0,0.0,0.0,0.0,0.0,0.0,0.0,0
0.0,-6.333938645784975e-13,2.302584949556657,0.0,0.10000001434373991,1.6148344596523322e-05,1.6148344596523324e-06,0.0,False,40,False,shielded,v9_four_class_stateful_PD_shared_root_m1_marked_embryo_v1,nan,nan,nan,nan,nan,nan,nan,nan,nan,nan,100000000000000.0,593700336.0380859,nan,0.6103515625,2.0,0.001,1.0,emission,13098.721493975596,1.2068052772637845e-28,1.9772297499134626e-28,2.0180510680327783,1.1738819669266051e-19,custom,False,2.033691229284315,,terminate,False,nan,1.0,2.3671644372036827e-09,3.8783622139145135e-09,4.440892098500626e-16,0,active,2.302585092994046,nan,nan,nan,1000000,1.0,inf,False,0,0.0,1.0,0.0,0.0,0,1.0725923727236924e-38,0,0.0,0.0,0.0,0.0,0.0,inf,0.0,0.0,0.0,0.0,0.0,0.0,inf,inf,0.0,0.0,inf,1.2993113709064111e-19,1.464644921285492e-19,5.944765199990215e-16,False,7099055201.546417,0.0,0.0,3741.9095810948684,0.0,0.0,0,0,0,0,0.0,0,0,False,0,0.0,False,False,False,False,False,False,False,False,False,False,False,0.0,2.3073464226455856e-06,0.02457506179142634,0,0.0,False,-1,0,0,0,3804,0,0,0.0,21,1.7701804344902533e-17,3517777777.7777777,3.5434466978571423e-09,1000000000000.0,1000000000000.0,0.0005987445183220907,1.0,49.89537652684091,0.00014991623455953818,-1.0024493102302374e-05,7154073813.237933,1583.0,0.0,0.0,0.0,0.0,0.0,0.0,0
0.0,-6.333938652487981e-13,2.3025849519238215,0.0,0.10000001410702342,1.6148344596523322e-05,1.6148344596523324e-06,0.0,False,41,False,shielded,v9_four_class_stateful_PD_shared_root_m1_marked_embryo_v1,nan,nan,nan,nan,nan,nan,nan,nan,nan,nan,100000000000000.0,593700336.6484375,nan,0.6103515625,2.0,0.001,1.0,emission,13098.721493975596,1.2068052772637845e-28,1.9772297499134626e-28,2.0180510680327783,1.1738819681334104e-19,custom,False,2.033691229284315,,terminate,False,nan,1.0,2.3671644372036827e-09,3.8783622139145135e-09,4.440892098500626e-16,0,active,2.302585092994046,nan,nan,nan,1000000,1.0,inf,False,0,0.0,1.0,0.0,0.0,0,1.479148569574415e-38,0,0.0,0.0,0.0,0.0,0.0,inf,0.0,0.0,0.0,0.0,0.0,0.0,inf,inf,0.0,0.0,inf,1.2993113709064111e-19,1.7199700983298604e-19,5.944765199990215e-16,False,7099055201.546417,0.0,0.0,3741.9095810948684,0.0,0.0,0,0,0,0,0.0,0,0,False,0,0.0,False,False,False,False,False,False,False,False,False,False,False,0.0,2.3073464226455856e-06,0.02457506179142634,0,0.0,False,-1,0,0,0,3804,0,0,0.0,20,1.770180436310081e-17,3517777777.7777777,3.54344670144118e-09,1000000000000.0,1000000000000.0,0.0005987445183220907,1.0,49.89537652684091,0.00014991623455953818,-1.0024493102302374e-05,7154073813.237933,1583.0,0.0,0.0,0.0,0.0,0.0,0.0,0
0.0,-6.333938658935596e-13,2.3025849542909858,0.0,0.10000001387030695,1.6148344596523322e-05,1.6148344596523324e-06,0.0,False,42,False,shielded,v9_four_class_stateful_PD_shared_root_m1_marked_embryo_v1,nan,nan,nan,nan,nan,nan,nan,nan,nan,nan,100000000000000.0,593700337.2587891,nan,0.6103515625,2.0,0.001,1.0,emission,13098.721493975596,1.2068052772637845e-28,1.9772297499134626e-28,2.0180510680327783,1.1738819693402157e-19,custom,False,2.033691229284315,,terminate,False,nan,1.0,2.3671644372036827e-09,3.8783622139145135e-09,0.0,0,active,2.302585092994046,nan,nan,nan,1000000,1.0,inf,False,0,0.0,1.0,0.0,0.0,0,1.4791485695744358e-38,0,0.0,0.0,0.0,0.0,0.0,inf,0.0,0.0,0.0,0.0,0.0,0.0,inf,inf,0.0,0.0,inf,1.2993113709064111e-19,1.7199700983298726e-19,5.944765199990215e-16,False,7099055201.546417,0.0,0.0,3741.9095810948684,0.0,0.0,0,0,0,0,0.0,0,0,False,0,0.0,False,False,False,False,False,False,False,False,False,False,False,0.0,2.3073464226455856e-06,0.02457506179142634,0,0.0,False,-1,0,0,0,3804,0,0,0.0,21,1.770180438129909e-17,3517777777.7777777,3.5434467046740188e-09,1000000000000.0,1000000000000.0,0.0005987445183220907,1.0,49.89537652684091,0.00014991623455953818,-1.0024493102302374e-05,7154073813.237933,1583.0,0.0,0.0,0.0,0.0,0.0,0.0,0
0.0,-6.333938666864897e-13,2.3025849566581504,0.0,0.10000001363359046,1.6148344596523322e-05,1.6148344596523324e-06,0.0,False,43,False,shielded,v9_four_class_stateful_PD_shared_root_m1_marked_embryo_v1,nan,nan,nan,nan,nan,nan,nan,nan,nan,nan,100000000000000.0,593700337.8691406,nan,0.6103515625,2.0,0.001,1.0,emission,13098.721493975596,1.2068052772637845e-28,1.9772297499134626e-28,2.0180510680327783,1.173881970547021e-19,custom,False,2.033691229284315,,terminate,False,nan,1.0,2.3671644372036827e-09,3.8783622139145135e-09,4.440892098500626e-16,0,active,2.302585092994046,nan,nan,nan,1000000,1.0,inf,False,0,0.0,1.0,0.0,0.0,0,1.301700078239316e-38,0,0.0,0.0,0.0,0.0,0.0,inf,0.0,0.0,0.0,0.0,0.0,0.0,inf,inf,0.0,0.0,inf,1.2993113709064111e-19,1.6135055489457208e-19,5.944765199990215e-16,False,7099055201.546417,0.0,0.0,3741.9095810948684,0.0,0.0,0,0,0,0,0.0,0,0,False,0,0.0,False,False,False,False,False,False,False,False,False,False,False,0.0,2.3073464226455856e-06,0.02457506179142634,0,0.0,False,-1,0,0,0,3804,0,0,0.0,20,1.7701804399497368e-17,3517777777.7777777,3.543446708172925e-09,1000000000000.0,1000000000000.0,0.0005987445183220907,1.0,49.89537652684091,0.00014991623455953818,-1.0024493102302374e-05,7154073813.237933,1583.0,0.0,0.0,0.0,0.0,0.0,0.0,0
0.0,-6.333938671537951e-13,2.3025849590253147,0.0,0.10000001339687399,1.6148344596523322e-05,1.6148344596523324e-06,0.0,False,44,False,shielded,v9_four_class_stateful_PD_shared_root_m1_marked_embryo_v1,nan,nan,nan,nan,nan,nan,nan,nan,nan,nan,100000000000000.0,593700338.4794922,nan,0.6103515625,2.0,0.001,1.0,emission,13098.721493975596,1.2068052772637845e-28,1.9772297499134626e-28,2.0180510680327783,1.1738819717538262e-19,custom,False,2.033691229284315,,terminate,False,nan,1.0,2.3671644372036827e-09,3.8783622139145135e-09,0.0,0,active,2.302585092994046,nan,nan,nan,1000000,1.0,inf,False,0,0.0,1.0,0.0,0.0,0,1.4791485695744358e-38,0,0.0,0.0,0.0,0.0,0.0,inf,0.0,0.0,0.0,0.0,0.0,0.0,inf,inf,0.0,0.0,inf,1.2993113709064111e-19,1.7199700983298726e-19,5.944765199990215e-16,False,7099055201.546417,0.0,0.0,3741.9095810948684,0.0,0.0,0,0,0,0,0.0,0,0,False,0,0.0,False,False,False,False,False,False,False,False,False,False,False,0.0,2.3073464226455856e-06,0.02457506179142634,0,0.0,False,-1,0,0,0,3804,0,0,0.0,21,1.7701804417695647e-17,3517777777.7777777,3.543446712418754e-09,1000000000000.0,1000000000000.0,0.0005987445183220907,1.0,49.89537652684091,0.00014991623455953818,-1.0024493102302374e-05,7154073813.237933,1583.0,0.0,0.0,0.0,0.0,0.0,0.0,0
0.0,-6.333938678421386e-13,2.3025849613924794,0.0,0.1000000131601575,1.6148344596523322e-05,1.6148344596523324e-06,0.0,False,45,False,shielded,v9_four_class_stateful_PD_shared_root_m1_marked_embryo_v1,nan,nan,nan,nan,nan,nan,nan,nan,nan,nan,100000000000000.0,593700339.0898438,nan,0.6103515625,2.0,0.001,1.0,emission,13098.721493975596,1.2068052772637845e-28,1.9772297499134626e-28,2.0180510680327783,1.1738819729606315e-19,custom,False,2.033691229284315,,terminate,False,nan,1.0,2.3671644372036827e-09,3.8783622139145135e-09,4.440892098500626e-16,0,active,2.302585092994046,nan,nan,nan,1000000,1.0,inf,False,0,0.0,1.0,0.0,0.0,0,1.3530585126903156e-38,0,0.0,0.0,0.0,0.0,0.0,inf,0.0,0.0,0.0,0.0,0.0,0.0,inf,inf,0.0,0.0,inf,1.2993113709064111e-19,1.645027971002509e-19,5.944765199990215e-16,False,7099055201.546417,0.0,0.0,3741.9095810948684,0.0,0.0,0,0,0,0,0.0,0,0,False,0,0.0,False,False,False,False,False,False,False,False,False,False,False,0.0,2.3073464226455856e-06,0.02457506179142634,0,0.0,False,-1,0,0,0,3804,0,0,0.0,20,1.7701804435893925e-17,3517777777.7777777,3.5434467161964776e-09,1000000000000.0,1000000000000.0,0.0005987445183220907,1.0,49.89537652684091,0.00014991623455953818,-1.0024493102302374e-05,7154073813.237933,1583.0,0.0,0.0,0.0,0.0,0.0,0.0,0
0.0,-6.333938684363128e-13,2.3025849637596436,0.0,0.10000001292344105,1.6148344596523322e-05,1.6148344596523324e-06,0.0,False,46,False,shielded,v9_four_class_stateful_PD_shared_root_m1_marked_embryo_v1,nan,nan,nan,nan,nan,nan,nan,nan,nan,nan,100000000000000.0,593700339.7001953,nan,0.6103515625,2.0,0.001,1.0,emission,13098.721493975596,1.2068052772637845e-28,1.9772297499134626e-28,2.0180510680327783,1.1738819741674368e-19,custom,False,2.033691229284315,,terminate,False,nan,1.0,2.3671644372036827e-09,3.8783622139145135e-09,0.0,0,active,2.302585092994046,nan,nan,nan,1000000,1.0,inf,False,0,0.0,1.0,0.0,0.0,0,1.479148569574457e-38,0,0.0,0.0,0.0,0.0,0.0,inf,0.0,0.0,0.0,0.0,0.0,0.0,inf,inf,0.0,0.0,inf,1.2993113709064111e-19,1.719970098329885e-19,5.944765199990215e-16,False,7099055201.546417,0.0,0.0,3741.9095810948684,0.0,0.0,0,0,0,0,0.0,0,0,False,0,0.0,False,False,False,False,False,False,False,False,False,False,False,0.0,2.3073464226455856e-06,0.02457506179142634,0,0.0,False,-1,0,0,0,3804,0,0,0.0,21,1.7701804454092204e-17,3517777777.7777777,3.5434467182021846e-09,1000000000000.0,1000000000000.0,0.0005987445183220907,1.0,49.89537652684091,0.00014991623455953818,-1.0024493102302374e-05,7154073813.237933,1583.0,0.0,0.0,0.0,0.0,0.0,0.0,0
0.0,-6.333938691513328e-13,2.3025849661268083,0.0,0.10000001268672454,1.6148344596523322e-05,1.6148344596523324e-06,0.0,False,47,False,shielded,v9_four_class_stateful_PD_shared_root_m1_marked_embryo_v1,nan,nan,nan,nan,nan,nan,nan,nan,nan,nan,100000000000000.0,593700340.3105469,nan,0.6103515625,2.0,0.001,1.0,emission,13098.721493975596,1.2068052772637845e-28,1.9772297499134626e-28,2.0180510680327783,1.173881975374242e-19,custom,False,2.033691229284315,,terminate,False,nan,1.0,2.3671644372036827e-09,3.8783622139145135e-09,4.440892098500626e-16,0,active,2.302585092994046,nan,nan,nan,1000000,1.0,inf,False,0,0.0,1.0,0.0,0.0,0,1.4791485695744358e-38,0,0.0,0.0,0.0,0.0,0.0,inf,0.0,0.0,0.0,0.0,0.0,0.0,inf,inf,0.0,0.0,inf,1.2993113709064111e-19,1.7199700983298726e-19,5.944765199990215e-16,False,7099055201.546417,0.0,0.0,3741.9095810948684,0.0,0.0,0,0,0,0,0.0,0,0,False,0,0.0,False,False,False,False,False,False,False,False,False,False,False,0.0,2.3073464226455856e-06,0.02457506179142634,0,0.0,False,-1,0,0,0,3804,0,0,0.0,20,1.7701804472290482e-17,3517777777.7777777,3.543446722811841e-09,1000000000000.0,1000000000000.0,0.0005987445183220907,1.0,49.89537652684091,0.00014991623455953818,-1.0024493102302374e-05,7154073813.237933,1583.0,0.0,0.0,0.0,0.0,0.0,0.0,0
0.0,-6.333938698619585e-13,2.3025849684939725,0.0,0.10000001245000809,1.6148344596523322e-05,1.6148344596523324e-06,0.0,False,48,False,shielded,v9_four_class_stateful_PD_shared_root_m1_marked_embryo_v1,nan,nan,nan,nan,nan,nan,nan,nan,nan,nan,100000000000000.0,593700340.9208984,nan,0.6103515625,2.0,0.001,1.0,emission,13098.721493975596,1.2068052772637845e-28,1.9772297499134626e-28,2.0180510680327783,1.1738819765810473e-19,custom,False,2.033691229284315,,terminate,False,nan,1.0,2.3671644372036827e-09,3.8783622139145135e-09,0.0,0,active,2.302585092994046,nan,nan,nan,1000000,1.0,inf,False,0,0.0,1.0,0.0,0.0,0,1.1791899596484919e-38,0,0.0,0.0,0.0,0.0,0.0,inf,0.0,0.0,0.0,0.0,0.0,0.0,inf,inf,0.0,0.0,inf,1.2993113709064111e-19,1.535701767693514e-19,5.944765199990215e-16,False,7099055201.546417,0.0,0.0,3741.9095810948684,0.0,0.0,0,0,0,0,0.0,0,0,False,0,0.0,False,False,False,False,False,False,False,False,False,False,False,0.0,2.3073464226455856e-06,0.02457506179142634,0,0.0,False,-1,0,0,0,3804,0,0,0.0,21,1.770180449048876e-17,3517777777.7777777,3.5434467266061382e-09,1000000000000.0,1000000000000.0,0.0005987445183220907,1.0,49.89537652684091,0.00014991623455953818,-1.0024493102302374e-05,7154073813.237933,1583.0,0.0,0.0,0.0,0.0,0.0,0.0,0
0.0,-6.333938705788915e-13,2.3025849708611372,0.0,0.10000001221329159,1.6148344596523322e-05,1.6148344596523324e-06,0.0,False,49,False,shielded,v9_four_class_stateful_PD_shared_root_m1_marked_embryo_v1,nan,nan,nan,nan,nan,nan,nan,nan,nan,nan,100000000000000.0,593700341.53125,nan,0.6103515625,2.0,0.001,1.0,emission,13098.721493975596,1.2068052772637845e-28,1.9772297499134626e-28,2.0180510680327783,1.1738819777878526e-19,custom,False,2.033691229284315,,terminate,False,nan,1.0,2.3671644372036827e-09,3.8783622139145135e-09,4.440892098500626e-16,0,active,2.302585092994046,nan,nan,nan,1000000,1.0,inf,False,0,0.0,1.0,0.0,0.0,0,1.4791485695744358e-38,0,0.0,0.0,0.0,0.0,0.0,inf,0.0,0.0,0.0,0.0,0.0,0.0,inf,inf,0.0,0.0,inf,1.2993113709064111e-19,1.7199700983298726e-19,5.944765199990215e-16,False,7099055201.546417,0.0,0.0,3741.9095810948684,0.0,0.0,0,0,0,0,0.0,0,0,False,0,0.0,False,False,False,False,False,False,False,False,False,False,False,0.0,2.3073464226455856e-06,0.02457506179142634,0,0.0,False,-1,0,0,0,3804,0,0,0.0,20,1.770180450868704e-17,3517777777.7777777,3.5434467303543666e-09,1000000000000.0,1000000000000.0,0.0005987445183220907,1.0,49.89537652684091,0.00014991623455953818,-1.0024493102302374e-05,7154073813.237933,1583.0,0.0,0.0,0.0,0.0,0.0,0.0,0
0.0,-6.333938710517803e-13,2.302584973228302,0.0,0.1000000119765751,1.6148344596523322e-05,1.6148344596523324e-06,0.0,False,50,False,shielded,v9_four_class_stateful_PD_shared_root_m1_marked_embryo_v1,nan,nan,nan,nan,nan,nan,nan,nan,nan,nan,100000000000000.0,593700342.1416016,nan,0.6103515625,2.0,0.001,1.0,emission,13098.721493975596,1.2068052772637845e-28,1.9772297499134626e-28,2.0180510680327783,1.173881978994658e-19,custom,False,2.033691229284315,,terminate,False,nan,1.0,2.3671644372036827e-09,3.8783622139145135e-09,4.440892098500626e-16,0,active,2.302585092994046,nan,nan,nan,1000000,1.0,inf,False,0,0.0,1.0,0.0,0.0,0,1.4691690620634987e-38,0,0.0,0.0,0.0,0.0,0.0,inf,0.0,0.0,0.0,0.0,0.0,0.0,inf,inf,0.0,0.0,inf,1.2993113709064111e-19,1.7141581385995276e-19,5.944765199990215e-16,False,7099055201.546417,0.0,0.0,3741.9095810948684,0.0,0.0,0,0,0,0,0.0,0,0,False,0,0.0,False,False,False,False,False,False,False,False,False,False,False,0.0,2.3073464226455856e-06,0.02457506179142634,0,0.0,False,-1,0,0,0,3804,0,0,0.0,20,1.7701804526885317e-17,3517777777.7777777,3.543446733580802e-09,1000000000000.0,1000000000000.0,0.0005987445183220907,1.0,49.89537652684091,0.00014991623455953818,-1.0024493102302374e-05,7154073813.237933,1583.0,0.0,0.0,0.0,0.0,0.0,0.0,0
0.0,-6.33393871673665e-13,2.302584975595466,0.0,0.10000001173985865,1.6148344596523322e-05,1.6148344596523324e-06,0.0,False,51,False,shielded,v9_four_class_stateful_PD_shared_root_m1_marked_embryo_v1,nan,nan,nan,nan,nan,nan,nan,nan,nan,nan,100000000000000.0,593700342.7519531,nan,0.6103515625,2.0,0.001,1.0,emission,13098.721493975596,1.2068052772637845e-28,1.9772297499134626e-28,2.0180510680327783,1.1738819802014632e-19,custom,False,2.033691229284315,,terminate,False,nan,1.0,2.3671644372036827e-09,3.8783622139145135e-09,0.0,0,active,2.302585092994046,nan,nan,nan,1000000,1.0,inf,False,0,0.0,1.0,0.0,0.0,0,1.4791485695744358e-38,0,0.0,0.0,0.0,0.0,0.0,inf,0.0,0.0,0.0,0.0,0.0,0.0,inf,inf,0.0,0.0,inf,1.2993113709064111e-19,1.7199700983298726e-19,5.944765199990215e-16,False,7099055201.546417,0.0,0.0,3741.9095810948684,0.0,0.0,0,0,0,0,0.0,0,0,False,0,0.0,False,False,False,False,False,False,False,False,False,False,False,0.0,2.3073464226455856e-06,0.02457506179142634,0,0.0,False,-1,0,0,0,3804,0,0,0.0,21,1.7701804545083596e-17,3517777777.7777777,3.5434467384272788e-09,1000000000000.0,1000000000000.0,0.0005987445183220907,1.0,49.89537652684091,0.00014991623455953818,-1.0024493102302374e-05,7154073813.237933,1583.0,0.0,0.0,0.0,0.0,0.0,0.0,0
0.0,-6.333938723422079e-13,2.302584977962631,0.0,0.10000001150314215,1.6148344596523322e-05,1.6148344596523324e-06,0.0,False,52,False,shielded,v9_four_class_stateful_PD_shared_root_m1_marked_embryo_v1,nan,nan,nan,nan,nan,nan,nan,nan,nan,nan,100000000000000.0,593700343.3623047,nan,0.6103515625,2.0,0.001,1.0,emission,13098.721493975596,1.2068052772637845e-28,1.9772297499134626e-28,2.0180510680327783,1.1738819814082685e-19,custom,False,2.033691229284315,,terminate,False,nan,1.0,2.3671644372036827e-09,3.8783622139145135e-09,4.440892098500626e-16,0,active,2.302585092994046,nan,nan,nan,1000000,1.0,inf,False,0,0.0,1.0,0.0,0.0,0,1.4791485695744358e-38,0,0.0,0.0,0.0,0.0,0.0,inf,0.0,0.0,0.0,0.0,0.0,0.0,inf,inf,0.0,0.0,inf,1.2993113709064111e-19,1.7199700983298726e-19,5.944765199990215e-16,False,7099055201.546417,0.0,0.0,3741.9095810948684,0.0,0.0,0,0,0,0,0.0,0,0,False,0,0.0,False,False,False,False,False,False,False,False,False,False,False,0.0,2.3073464226455856e-06,0.02457506179142634,0,0.0,False,-1,0,0,0,3804,0,0,0.0,20,1.7701804563281874e-17,3517777777.7777777,3.543446740437471e-09,1000000000000.0,1000000000000.0,0.0005987445183220907,1.0,49.89537652684091,0.00014991623455953818,-1.0024493102302374e-05,7154073813.237933,1583.0,0.0,0.0,0.0,0.0,0.0,0.0,0
0.0,-6.333938730388749e-13,2.302584980329795,0.0,0.1000000112664257,1.6148344596523322e-05,1.6148344596523324e-06,0.0,False,53,False,shielded,v9_four_class_stateful_PD_shared_root_m1_marked_embryo_v1,nan,nan,nan,nan,nan,nan,nan,nan,nan,nan,100000000000000.0,593700343.9726562,nan,0.6103515625,2.0,0.001,1.0,emission,13098.721493975596,1.2068052772637845e-28,1.9772297499134626e-28,2.0180510680327783,1.1738819826150737e-19,custom,False,2.033691229284315,,terminate,False,nan,1.0,2.3671644372036827e-09,3.8783622139145135e-09,0.0,0,active,2.302585092994046,nan,nan,nan,1000000,1.0,inf,False,0,0.0,1.0,0.0,0.0,0,1.064117706607447e-38,0,0.0,0.0,0.0,0.0,0.0,inf,0.0,0.0,0.0,0.0,0.0,0.0,inf,inf,0.0,0.0,inf,1.2993113709064111e-19,1.4588472892029837e-19,5.944765199990215e-16,False,7099055201.546417,0.0,0.0,3741.9095810948684,0.0,0.0,0,0,0,0,0.0,0,0,False,0,0.0,False,False,False,False,False,False,False,False,False,False,False,0.0,2.3073464226455856e-06,0.02457506179142634,0,0.0,False,-1,0,0,0,3804,0,0,0.0,21,1.7701804581480153e-17,3517777777.7777777,3.5434467452680298e-09,1000000000000.0,1000000000000.0,0.0005987445183220907,1.0,49.89537652684091,0.00014991623455953818,-1.0024493102302374e-05,7154073813.237933,1583.0,0.0,0.0,0.0,0.0,0.0,0.0,0
0.0,-6.333938736442936e-13,2.3025849826969598,0.0,0.1000000110297092,1.6148344596523322e-05,1.6148344596523324e-06,0.0,False,54,False,shielded,v9_four_class_stateful_PD_shared_root_m1_marked_embryo_v1,nan,nan,nan,nan,nan,nan,nan,nan,nan,nan,100000000000000.0,593700344.5830078,nan,0.6103515625,2.0,0.001,1.0,emission,13098.721493975596,1.2068052772637845e-28,1.9772297499134626e-28,2.0180510680327783,1.173881983821879e-19,custom,False,2.033691229284315,,terminate,False,nan,1.0,2.3671644372036827e-09,3.8783622139145135e-09,4.440892098500626e-16,0,active,2.302585092994046,nan,nan,nan,1000000,1.0,inf,False,0,0.0,1.0,0.0,0.0,0,1.4791485695744358e-38,0,0.0,0.0,0.0,0.0,0.0,inf,0.0,0.0,0.0,0.0,0.0,0.0,inf,inf,0.0,0.0,inf,1.2993113709064111e-19,1.7199700983298726e-19,5.944765199990215e-16,False,7099055201.546417,0.0,0.0,3741.9095810948684,0.0,0.0,0,0,0,0,0.0,0,0,False,0,0.0,False,False,False,False,False,False,False,False,False,False,False,0.0,2.3073464226455856e-06,0.02457506179142634,0,0.0,False,-1,0,0,0,3804,0,0,0.0,20,1.770180459967843e-17,3517777777.7777777,3.5434467487351432e-09,1000000000000.0,1000000000000.0,0.0005987445183220907,1.0,49.89537652684091,0.00014991623455953818,-1.0024493102302374e-05,7154073813.237933,1583.0,0.0,0.0,0.0,0.0,0.0,0.0,0
0.0,-6.333938743375485e-13,2.3025849850641245,0.0,0.1000000107929927,1.6148344596523322e-05,1.6148344596523324e-06,0.0,False,55,False,shielded,v9_four_class_stateful_PD_shared_root_m1_marked_embryo_v1,nan,nan,nan,nan,nan,nan,nan,nan,nan,nan,100000000000000.0,593700345.1933594,nan,0.6103515625,2.0,0.001,1.0,emission,13098.721493975596,1.2068052772637845e-28,1.9772297499134626e-28,2.0180510680327783,1.1738819850286843e-19,custom,False,2.033691229284315,,terminate,False,nan,1.0,2.3671644372036827e-09,3.8783622139145135e-09,4.440892098500626e-16,0,active,2.302585092994046,nan,nan,nan,1000000,1.0,inf,False,0,0.0,1.0,0.0,0.0,0,1.4791485695744358e-38,0,0.0,0.0,0.0,0.0,0.0,inf,0.0,0.0,0.0,0.0,0.0,0.0,inf,inf,0.0,0.0,inf,1.2993113709064111e-19,1.7199700983298726e-19,5.944765199990215e-16,False,7099055201.546417,0.0,0.0,3741.9095810948684,0.0,0.0,0,0,0,0,0.0,0,0,False,0,0.0,False,False,False,False,False,False,False,False,False,False,False,0.0,2.3073464226455856e-06,0.02457506179142634,0,0.0,False,-1,0,0,0,3804,0,0,0.0,21,1.770180461787671e-17,3517777777.7777777,3.5434467525863295e-09,1000000000000.0,1000000000000.0,0.0005987445183220907,1.0,49.89537652684091,0.00014991623455953818,-1.0024493102302374e-05,7154073813.237933,1583.0,0.0,0.0,0.0,0.0,0.0,0.0,0
0.0,-6.333938749712464e-13,2.3025849874312887,0.0,0.10000001055627626,1.6148344596523322e-05,1.6148344596523324e-06,0.0,False,56,False,shielded,v9_four_class_stateful_PD_shared_root_m1_marked_embryo_v1,nan,nan,nan,nan,nan,nan,nan,nan,nan,nan,100000000000000.0,593700345.8037109,nan,0.6103515625,2.0,0.001,1.0,emission,13098.721493975596,1.2068052772637845e-28,1.9772297499134626e-28,2.0180510680327783,1.1738819862354896e-19,custom,False,2.033691229284315,,terminate,False,nan,1.0,2.3671644372036827e-09,3.8783622139145135e-09,0.0,0,active,2.302585092994046,nan,nan,nan,1000000,1.0,inf,False,0,0.0,1.0,0.0,0.0,0,1.4404658015670745e-38,0,0.0,0.0,0.0,0.0,0.0,inf,0.0,0.0,0.0,0.0,0.0,0.0,inf,inf,0.0,0.0,inf,1.2993113709064111e-19,1.6973307288605097e-19,5.944765199990215e-16,False,7099055201.546417,0.0,0.0,3741.9095810948684,0.0,0.0,0,0,0,0,0.0,0,0,False,0,0.0,False,False,False,False,False,False,False,False,False,False,False,0.0,2.3073464226455856e-06,0.02457506179142634,0,0.0,False,-1,0,0,0,3804,0,0,0.0,20,1.7701804636074988e-17,3517777777.7777777,3.543446755980803e-09,1000000000000.0,1000000000000.0,0.0005987445183220907,1.0,49.89537652684091,0.00014991623455953818,-1.0024493102302374e-05,7154073813.237933,1583.0,0.0,0.0,0.0,0.0,0.0,0.0,0
0.0,-6.333938756049443e-13,2.3025849897984534,0.0,0.10000001031955977,1.6148344596523322e-05,1.6148344596523324e-06,0.0,False,57,False,shielded,v9_four_class_stateful_PD_shared_root_m1_marked_embryo_v1,nan,nan,nan,nan,nan,nan,nan,nan,nan,nan,100000000000000.0,593700346.4140625,nan,0.6103515625,2.0,0.001,1.0,emission,13098.721493975596,1.2068052772637845e-28,1.9772297499134626e-28,2.0180510680327783,1.1738819874422948e-19,custom,False,2.033691229284315,,terminate,False,nan,1.0,2.3671644372036827e-09,3.8783622139145135e-09,4.440892098500626e-16,0,active,2.302585092994046,nan,nan,nan,1000000,1.0,inf,False,0,0.0,1.0,0.0,0.0,0,1.4791485695744358e-38,0,0.0,0.0,0.0,0.0,0.0,inf,0.0,0.0,0.0,0.0,0.0,0.0,inf,inf,0.0,0.0,inf,1.2993113709064111e-19,1.7199700983298726e-19,5.944765199990215e-16,False,7099055201.546417,0.0,0.0,3741.9095810948684,0.0,0.0,0,0,0,0,0.0,0,0,False,0,0.0,False,False,False,False,False,False,False,False,False,False,False,0.0,2.3073464226455856e-06,0.02457506179142634,0,0.0,False,-1,0,0,0,3804,0,0,0.0,21,1.7701804654273266e-17,3517777777.7777777,3.5434467594503e-09,1000000000000.0,1000000000000.0,0.0005987445183220907,1.0,49.89537652684091,0.00014991623455953818,-1.0024493102302374e-05,7154073813.237933,1583.0,0.0,0.0,0.0,0.0,0.0,0.0,0
0.0,-6.333938763896026e-13,2.302584992165618,0.0,0.10000001008284327,1.6148344596523322e-05,1.6148344596523324e-06,0.0,False,58,False,shielded,v9_four_class_stateful_PD_shared_root_m1_marked_embryo_v1,nan,nan,nan,nan,nan,nan,nan,nan,nan,nan,100000000000000.0,593700347.0244141,nan,0.6103515625,2.0,0.001,1.0,emission,13098.721493975596,1.2068052772637845e-28,1.9772297499134626e-28,2.0180510680327783,1.1738819886491001e-19,custom,False,2.033691229284315,,terminate,False,nan,1.0,2.3671644372036827e-09,3.8783622139145135e-09,4.440892098500626e-16,0,active,2.302585092994046,nan,nan,nan,1000000,1.0,inf,False,0,0.0,1.0,0.0,0.0,0,9.87809228693602e-39,0,0.0,0.0,0.0,0.0,0.0,inf,0.0,0.0,0.0,0.0,0.0,0.0,inf,inf,0.0,0.0,inf,1.2993113709064111e-19,1.4055669522961913e-19,5.944765199990215e-16,False,7099055201.546417,0.0,0.0,3741.9095810948684,0.0,0.0,0,0,0,0,0.0,0,0,False,0,0.0,False,False,False,False,False,False,False,False,False,False,False,0.0,2.3073464226455856e-06,0.02457506179142634,0,0.0,False,-1,0,0,0,3804,0,0,0.0,20,1.7701804672471545e-17,3517777777.7777777,3.5434467624007257e-09,1000000000000.0,1000000000000.0,0.0005987445183220907,1.0,49.89537652684091,0.00014991623455953818,-1.0024493102302374e-05,7154073813.237933,1583.0,0.0,0.0,0.0,0.0,0.0,0.0,0
0.0,-6.333938768260697e-13,2.3025849945327823,0.0,0.10000000984612682,1.6148344596523322e-05,1.6148344596523324e-06,0.0,False,59,False,shielded,v9_four_class_stateful_PD_shared_root_m1_marked_embryo_v1,nan,nan,nan,nan,nan,nan,nan,nan,nan,nan,100000000000000.0,593700347.6347656,nan,0.6103515625,2.0,0.001,1.0,emission,13098.721493975596,1.2068052772637845e-28,1.9772297499134626e-28,2.0180510680327783,1.1738819898559054e-19,custom,False,2.033691229284315,,terminate,False,nan,1.0,2.3671644372036827e-09,3.8783622139145135e-09,0.0,0,active,2.302585092994046,nan,nan,nan,1000000,1.0,inf,False,0,0.0,1.0,0.0,0.0,0,1.4791485695744358e-38,0,0.0,0.0,0.0,0.0,0.0,inf,0.0,0.0,0.0,0.0,0.0,0.0,inf,inf,0.0,0.0,inf,1.2993113709064111e-19,1.7199700983298726e-19,5.944765199990215e-16,False,7099055201.546417,0.0,0.0,3741.9095810948684,0.0,0.0,0,0,0,0,0.0,0,0,False,0,0.0,False,False,False,False,False,False,False,False,False,False,False,0.0,2.3073464226455856e-06,0.02457506179142634,0,0.0,False,-1,0,0,0,3804,0,0,0.0,21,1.7701804690669823e-17,3517777777.7777777,3.543446766562479e-09,1000000000000.0,1000000000000.0,0.0005987445183220907,1.0,49.89537652684091,0.00014991623455953818,-1.0024493102302374e-05,7154073813.237933,1583.0,0.0,0.0,0.0,0.0,0.0,0.0,0
0.0,-6.333938775315255e-13,2.302584996899947,0.0,0.10000000960941033,1.6148344596523322e-05,1.6148344596523324e-06,0.0,False,60,False,shielded,v9_four_class_stateful_PD_shared_root_m1_marked_embryo_v1,nan,nan,nan,nan,nan,nan,nan,nan,nan,nan,100000000000000.0,593700348.2451172,nan,0.6103515625,2.0,0.001,1.0,emission,13098.721493975596,1.2068052772637845e-28,1.9772297499134626e-28,2.0180510680327783,1.1738819910627107e-19,custom,False,2.033691229284315,,terminate,False,nan,1.0,2.3671644372036827e-09,3.8783622139145135e-09,4.440892098500626e-16,0,active,2.302585092994046,nan,nan,nan,1000000,1.0,inf,False,0,0.0,1.0,0.0,0.0,0,1.4791485695744358e-38,0,0.0,0.0,0.0,0.0,0.0,inf,0.0,0.0,0.0,0.0,0.0,0.0,inf,inf,0.0,0.0,inf,1.2993113709064111e-19,1.7199700983298726e-19,5.944765199990215e-16,False,7099055201.546417,0.0,0.0,3741.9095810948684,0.0,0.0,0,0,0,0,0.0,0,0,False,0,0.0,False,False,False,False,False,False,False,False,False,False,False,0.0,2.3073464226455856e-06,0.02457506179142634,0,0.0,False,-1,0,0,0,3804,0,0,0.0,20,1.7701804708868102e-17,3517777777.7777777,3.5434467691764628e-09,1000000000000.0,1000000000000.0,0.0005987445183220907,1.0,49.89537652684091,0.00014991623455953818,-1.0024493102302374e-05,7154073813.237933,1583.0,0.0,0.0,0.0,0.0,0.0,0.0,0
0.0,-6.333938782393594e-13,2.3025849992671117,0.0,0.10000000937269383,1.6148344596523322e-05,1.6148344596523324e-06,0.0,False,61,False,shielded,v9_four_class_stateful_PD_shared_root_m1_marked_embryo_v1,nan,nan,nan,nan,nan,nan,nan,nan,nan,nan,100000000000000.0,593700348.8554688,nan,0.6103515625,2.0,0.001,1.0,emission,13098.721493975596,1.2068052772637845e-28,1.9772297499134626e-28,2.0180510680327783,1.173881992269516e-19,custom,False,2.033691229284315,,terminate,False,nan,1.0,2.3671644372036827e-09,3.8783622139145135e-09,4.440892098500626e-16,0,active,2.302585092994046,nan,nan,nan,1000000,1.0,inf,False,0,0.0,1.0,0.0,0.0,0,1.334016077161364e-38,0,0.0,0.0,0.0,0.0,0.0,inf,0.0,0.0,0.0,0.0,0.0,0.0,inf,inf,0.0,0.0,inf,1.2993113709064111e-19,1.6334112018480614e-19,5.944765199990215e-16,False,7099055201.546417,0.0,0.0,3741.9095810948684,0.0,0.0,0,0,0,0,0.0,0,0,False,0,0.0,False,False,False,False,False,False,False,False,False,False,False,0.0,2.3073464226455856e-06,0.02457506179142634,0,0.0,False,-1,0,0,0,3804,0,0,0.0,21,1.770180472706638e-17,3517777777.7777777,3.5434467728937244e-09,1000000000000.0,1000000000000.0,0.0005987445183220907,1.0,49.89537652684091,0.00014991623455953818,-1.0024493102302374e-05,7154073813.237933,1583.0,0.0,0.0,0.0,0.0,0.0,0.0,0
0.0,-6.3339387888942e-13,2.302585001634276,0.0,0.1000000091359774,1.6148344596523322e-05,1.6148344596523324e-06,0.0,False,62,False,shielded,v9_four_class_stateful_PD_shared_root_m1_marked_embryo_v1,nan,nan,nan,nan,nan,nan,nan,nan,nan,nan,100000000000000.0,593700349.4658203,nan,0.6103515625,2.0,0.001,1.0,emission,13098.721493975596,1.2068052772637845e-28,1.9772297499134626e-28,2.0180510680327783,1.1738819934763212e-19,custom,False,2.033691229284315,,terminate,False,nan,1.0,2.3671644372036827e-09,3.8783622139145135e-09,0.0,0,active,2.302585092994046,nan,nan,nan,1000000,1.0,inf,False,0,0.0,1.0,0.0,0.0,0,1.4791485695744358e-38,0,0.0,0.0,0.0,0.0,0.0,inf,0.0,0.0,0.0,0.0,0.0,0.0,inf,inf,0.0,0.0,inf,1.2993113709064111e-19,1.7199700983298726e-19,5.944765199990215e-16,False,7099055201.546417,0.0,0.0,3741.9095810948684,0.0,0.0,0,0,0,0,0.0,0,0,False,0,0.0,False,False,False,False,False,False,False,False,False,False,False,0.0,2.3073464226455856e-06,0.02457506179142634,0,0.0,False,-1,0,0,0,3804,0,0,0.0,20,1.770180474526466e-17,3517777777.7777777,3.5434467769992203e-09,1000000000000.0,1000000000000.0,0.0005987445183220907,1.0,49.89537652684091,0.00014991623455953818,-1.0024493102302374e-05,7154073813.237933,1583.0,0.0,0.0,0.0,0.0,0.0,0.0,0
0.0,-6.333938795379038e-13,2.3025850040014406,0.0,0.1000000088992609,1.6148344596523322e-05,1.6148344596523324e-06,0.0,False,63,False,shielded,v9_four_class_stateful_PD_shared_root_m1_marked_embryo_v1,nan,nan,nan,nan,nan,nan,nan,nan,nan,nan,100000000000000.0,593700350.0761719,nan,0.6103515625,2.0,0.001,1.0,emission,13098.721493975596,1.2068052772637845e-28,1.9772297499134626e-28,2.0180510680327783,1.1738819946831265e-19,custom,False,2.033691229284315,,terminate,False,nan,1.0,2.3671644372036827e-09,3.8783622139145135e-09,4.440892098500626e-16,0,active,2.302585092994046,nan,nan,nan,1000000,1.0,inf,False,0,0.0,1.0,0.0,0.0,0,1.2873890548365165e-38,0,0.0,0.0,0.0,0.0,0.0,inf,0.0,0.0,0.0,0.0,0.0,0.0,inf,inf,0.0,0.0,inf,1.2993113709064111e-19,1.6046115136297114e-19,5.944765199990215e-16,False,7099055201.546417,0.0,0.0,3741.9095810948684,0.0,0.0,0,0,0,0,0.0,0,0,False,0,0.0,False,False,False,False,False,False,False,False,False,False,False,0.0,2.3073464226455856e-06,0.02457506179142634,0,0.0,False,-1,0,0,0,3804,0,0,0.0,21,1.7701804763462937e-17,3517777777.7777777,3.5434467810931328e-09,1000000000000.0,1000000000000.0,0.0005987445183220907,1.0,49.89537652684091,0.00014991623455953818,-1.0024493102302374e-05,7154073813.237933,1583.0,0.0,0.0,0.0,0.0,0.0,0.0,0
0.0,-6.33393880258042e-13,2.3025850063686053,0.0,0.10000000866254441,1.6148344596523322e-05,1.6148344596523324e-06,0.0,False,64,False,shielded,v9_four_class_stateful_PD_shared_root_m1_marked_embryo_v1,nan,nan,nan,nan,nan,nan,nan,nan,nan,nan,100000000000000.0,593700350.6865234,nan,0.6103515625,2.0,0.001,1.0,emission,13098.721493975596,1.2068052772637845e-28,1.9772297499134626e-28,2.0180510680327783,1.1738819958899318e-19,custom,False,2.033691229284315,,terminate,False,nan,1.0,2.3671644372036827e-09,3.8783622139145135e-09,4.440892098500626e-16,0,active,2.302585092994046,nan,nan,nan,1000000,1.0,inf,False,0,0.0,1.0,0.0,0.0,0,1.479148569574457e-38,0,0.0,0.0,0.0,0.0,0.0,inf,0.0,0.0,0.0,0.0,0.0,0.0,inf,inf,0.0,0.0,inf,1.2993113709064111e-19,1.719970098329885e-19,5.944765199990215e-16,False,7099055201.546417,0.0,0.0,3741.9095810948684,0.0,0.0,0,0,0,0,0.0,0,0,False,0,0.0,False,False,False,False,False,False,False,False,False,False,False,0.0,2.3073464226455856e-06,0.02457506179142634,0,0.0,False,-1,0,0,0,3804,0,0,0.0,20,1.7701804781661216e-17,3517777777.7777777,3.5434467853324065e-09,1000000000000.0,1000000000000.0,0.0005987445183220907,1.0,49.89537652684091,0.00014991623455953818,-1.0024493102302374e-05,7154073813.237933,1583.0,0.0,0.0,0.0,0.0,0.0,0.0,0
0.0,-6.333938808735937e-13,2.3025850087357695,0.0,0.10000000842582797,1.6148344596523322e-05,1.6148344596523324e-06,0.0,False,65,False,shielded,v9_four_class_stateful_PD_shared_root_m1_marked_embryo_v1,nan,nan,nan,nan,nan,nan,nan,nan,nan,nan,100000000000000.0,593700351.296875,nan,0.6103515625,2.0,0.001,1.0,emission,13098.721493975596,1.2068052772637845e-28,1.9772297499134626e-28,2.0180510680327783,1.173881997096737e-19,custom,False,2.033691229284315,,terminate,False,nan,1.0,2.3671644372036827e-09,3.8783622139145135e-09,0.0,0,active,2.302585092994046,nan,nan,nan,1000000,1.0,inf,False,0,0.0,1.0,0.0,0.0,0,1.4791485695744358e-38,0,0.0,0.0,0.0,0.0,0.0,inf,0.0,0.0,0.0,0.0,0.0,0.0,inf,inf,0.0,0.0,inf,1.2993113709064111e-19,1.7199700983298726e-19,5.944765199990215e-16,False,7099055201.546417,0.0,0.0,3741.9095810948684,0.0,0.0,0,0,0,0,0.0,0,0,False,0,0.0,False,False,False,False,False,False,False,False,False,False,False,0.0,2.3073464226455856e-06,0.02457506179142634,0,0.0,False,-1,0,0,0,3804,0,0,0.0,21,1.7701804799859494e-17,3517777777.7777777,3.5434467883263983e-09,1000000000000.0,1000000000000.0,0.0005987445183220907,1.0,49.89537652684091,0.00014991623455953818,-1.0024493102302374e-05,7154073813.237933,1583.0,0.0,0.0,0.0,0.0,0.0,0.0,0
0.0,-6.333938814856556e-13,2.3025850111029342,0.0,0.10000000818911148,1.6148344596523322e-05,1.6148344596523324e-06,0.0,False,66,False,shielded,v9_four_class_stateful_PD_shared_root_m1_marked_embryo_v1,nan,nan,nan,nan,nan,nan,nan,nan,nan,nan,100000000000000.0,593700351.9072266,nan,0.6103515625,2.0,0.001,1.0,emission,13098.721493975596,1.2068052772637845e-28,1.9772297499134626e-28,2.0180510680327783,1.1738819983035423e-19,custom,False,2.033691229284315,,terminate,False,nan,1.0,2.3671644372036827e-09,3.8783622139145135e-09,4.440892098500626e-16,0,active,2.302585092994046,nan,nan,nan,1000000,1.0,inf,False,0,0.0,1.0,0.0,0.0,0,1.210988954228513e-38,0,0.0,0.0,0.0,0.0,0.0,inf,0.0,0.0,0.0,0.0,0.0,0.0,inf,inf,0.0,0.0,inf,1.2993113709064111e-19,1.556270512622091e-19,5.944765199990215e-16,False,7099055201.546417,0.0,0.0,3741.9095810948684,0.0,0.0,0,0,0,0,0.0,0,0,False,0,0.0,False,False,False,False,False,False,False,False,False,False,False,0.0,2.3073464226455856e-06,0.02457506179142634,0,0.0,False,-1,0,0,0,3804,0,0,0.0,21,1.7701804818057772e-17,3517777777.7777777,3.54344679172571e-09,1000000000000.0,1000000000000.0,0.0005987445183220907,1.0,49.89537652684091,0.00014991623455953818,-1.0024493102302374e-05,7154073813.237933,1583.0,0.0,0.0,0.0,0.0,0.0,0.0,0
0.0,-6.333938821161482e-13,2.302585013470099,0.0,0.100000007952395,1.6148344596523322e-05,1.6148344596523324e-06,0.0,False,67,False,shielded,v9_four_class_stateful_PD_shared_root_m1_marked_embryo_v1,nan,nan,nan,nan,nan,nan,nan,nan,nan,nan,100000000000000.0,593700352.5175781,nan,0.6103515625,2.0,0.001,1.0,emission,13098.721493975596,1.2068052772637845e-28,1.9772297499134626e-28,2.0180510680327783,1.1738819995103476e-19,custom,False,2.033691229284315,,terminate,False,nan,1.0,2.3671644372036827e-09,3.8783622139145135e-09,4.440892098500626e-16,0,active,2.302585092994046,nan,nan,nan,1000000,1.0,inf,False,0,0.0,1.0,0.0,0.0,0,1.4791485695744358e-38,0,0.0,0.0,0.0,0.0,0.0,inf,0.0,0.0,0.0,0.0,0.0,0.0,inf,inf,0.0,0.0,inf,1.2993113709064111e-19,1.7199700983298726e-19,5.944765199990215e-16,False,7099055201.546417,0.0,0.0,3741.9095810948684,0.0,0.0,0,0,0,0,0.0,0,0,False,0,0.0,False,False,False,False,False,False,False,False,False,False,False,0.0,2.3073464226455856e-06,0.02457506179142634,0,0.0,False,-1,0,0,0,3804,0,0,0.0,20,1.770180483625605e-17,3517777777.7777777,3.5434467957331956e-09,1000000000000.0,1000000000000.0,0.0005987445183220907,1.0,49.89537652684091,0.00014991623455953818,-1.0024493102302374e-05,7154073813.237933,1583.0,0.0,0.0,0.0,0.0,0.0,0.0,0
0.0,-6.333938827581437e-13,2.302585015837263,0.0,0.10000000771567855,1.6148344596523322e-05,1.6148344596523324e-06,0.0,False,68,False,shielded,v9_four_class_stateful_PD_shared_root_m1_marked_embryo_v1,nan,nan,nan,nan,nan,nan,nan,nan,nan,nan,100000000000000.0,593700353.1279297,nan,0.6103515625,2.0,0.001,1.0,emission,13098.721493975596,1.2068052772637845e-28,1.9772297499134626e-28,2.0180510680327783,1.173882000717153e-19,custom,False,2.033691229284315,,terminate,False,nan,1.0,2.3671644372036827e-09,3.8783622139145135e-09,0.0,0,active,2.302585092994046,nan,nan,nan,1000000,1.0,inf,False,0,0.0,1.0,0.0,0.0,0,1.4597531605150762e-38,0,0.0,0.0,0.0,0.0,0.0,inf,0.0,0.0,0.0,0.0,0.0,0.0,inf,inf,0.0,0.0,inf,1.2993113709064111e-19,1.7086562910749933e-19,5.944765199990215e-16,False,7099055201.546417,0.0,0.0,3741.9095810948684,0.0,0.0,0,0,0,0,0.0,0,0,False,0,0.0,False,False,False,False,False,False,False,False,False,False,False,0.0,2.3073464226455856e-06,0.02457506179142634,0,0.0,False,-1,0,0,0,3804,0,0,0.0,21,1.770180485445433e-17,3517777777.7777777,3.543446800096764e-09,1000000000000.0,1000000000000.0,0.0005987445183220907,1.0,49.89537652684091,0.00014991623455953818,-1.0024493102302374e-05,7154073813.237933,1583.0,0.0,0.0,0.0,0.0,0.0,0.0,0
0.0,-6.333938834017678e-13,2.302585018204428,0.0,0.10000000747896207,1.6148344596523322e-05,1.6148344596523324e-06,0.0,False,69,False,shielded,v9_four_class_stateful_PD_shared_root_m1_marked_embryo_v1,nan,nan,nan,nan,nan,nan,nan,nan,nan,nan,100000000000000.0,593700353.7382812,nan,0.6103515625,2.0,0.001,1.0,emission,13098.721493975596,1.2068052772637845e-28,1.9772297499134626e-28,2.0180510680327783,1.1738820019239582e-19,custom,False,2.033691229284315,,terminate,False,nan,1.0,2.3671644372036827e-09,3.8783622139145135e-09,4.440892098500626e-16,0,active,2.302585092994046,nan,nan,nan,1000000,1.0,inf,False,0,0.0,1.0,0.0,0.0,0,1.4791485695744358e-38,0,0.0,0.0,0.0,0.0,0.0,inf,0.0,0.0,0.0,0.0,0.0,0.0,inf,inf,0.0,0.0,inf,1.2993113709064111e-19,1.7199700983298726e-19,5.944765199990215e-16,False,7099055201.546417,0.0,0.0,3741.9095810948684,0.0,0.0,0,0,0,0,0.0,0,0,False,0,0.0,False,False,False,False,False,False,False,False,False,False,False,0.0,2.3073464226455856e-06,0.02457506179142634,0,0.0,False,-1,0,0,0,3804,0,0,0.0,20,1.7701804872652608e-17,3517777777.7777777,3.5434468037416924e-09,1000000000000.0,1000000000000.0,0.0005987445183220907,1.0,49.89537652684091,0.00014991623455953818,-1.0024493102302374e-05,7154073813.237933,1583.0,0.0,0.0,0.0,0.0,0.0,0.0,0
0.0,-6.333938839513776e-13,2.3025850205715925,0.0,0.10000000724224557,1.6148344596523322e-05,1.6148344596523324e-06,0.0,False,70,False,shielded,v9_four_class_stateful_PD_shared_root_m1_marked_embryo_v1,nan,nan,nan,nan,nan,nan,nan,nan,nan,nan,100000000000000.0,593700354.3486328,nan,0.6103515625,2.0,0.001,1.0,emission,13098.721493975596,1.2068052772637845e-28,1.9772297499134626e-28,2.0180510680327783,1.1738820031307634e-19,custom,False,2.033691229284315,,terminate,False,nan,1.0,2.3671644372036827e-09,3.8783622139145135e-09,4.440892098500626e-16,0,active,2.302585092994046,nan,nan,nan,1000000,1.0,inf,False,0,0.0,1.0,0.0,0.0,0,1.4791485695744358e-38,0,0.0,0.0,0.0,0.0,0.0,inf,0.0,0.0,0.0,0.0,0.0,0.0,inf,inf,0.0,0.0,inf,1.2993113709064111e-19,1.7199700983298726e-19,5.944765199990215e-16,False,7099055201.546417,0.0,0.0,3741.9095810948684,0.0,0.0,0,0,0,0,0.0,0,0,False,0,0.0,False,False,False,False,False,False,False,False,False,False,False,0.0,2.3073464226455856e-06,0.02457506179142634,0,0.0,False,-1,0,0,0,3804,0,0,0.0,21,1.7701804890850886e-17,3517777777.7777777,3.5434468073076477e-09,1000000000000.0,1000000000000.0,0.0005987445183220907,1.0,49.89537652684091,0.00014991623455953818,-1.0024493102302374e-05,7154073813.237933,1583.0,0.0,0.0,0.0,0.0,0.0,0.0,0
0.0,-6.333938847796956e-13,2.3025850229387568,0.0,0.10000000700552913,1.6148344596523322e-05,1.6148344596523324e-06,0.0,False,71,False,shielded,v9_four_class_stateful_PD_shared_root_m1_marked_embryo_v1,nan,nan,nan,nan,nan,nan,nan,nan,nan,nan,100000000000000.0,593700354.9589844,nan,0.6103515625,2.0,0.001,1.0,emission,13098.721493975596,1.2068052772637845e-28,1.9772297499134626e-28,2.0180510680327783,1.1738820043375687e-19,custom,False,2.033691229284315,,terminate,False,nan,1.0,2.3671644372036827e-09,3.8783622139145135e-09,0.0,0,active,2.302585092994046,nan,nan,nan,1000000,1.0,inf,False,0,0.0,1.0,0.0,0.0,0,1.0935158111606925e-38,0,0.0,0.0,0.0,0.0,0.0,inf,0.0,0.0,0.0,0.0,0.0,0.0,inf,inf,0.0,0.0,inf,1.2993113709064111e-19,1.4788615967430437e-19,5.944765199990215e-16,False,7099055201.546417,0.0,0.0,3741.9095810948684,0.0,0.0,0,0,0,0,0.0,0,0,False,0,0.0,False,False,False,False,False,False,False,False,False,False,False,0.0,2.3073464226455856e-06,0.02457506179142634,0,0.0,False,-1,0,0,0,3804,0,0,0.0,20,1.7701804909049165e-17,3517777777.7777777,3.543446810428622e-09,1000000000000.0,1000000000000.0,0.0005987445183220907,1.0,49.89537652684091,0.00014991623455953818,-1.0024493102302374e-05,7154073813.237933,1583.0,0.0,0.0,0.0,0.0,0.0,0.0,0
0.0,-6.333938854645236e-13,2.3025850253059215,0.0,0.10000000676881265,1.6148344596523322e-05,1.6148344596523324e-06,0.0,False,72,False,shielded,v9_four_class_stateful_PD_shared_root_m1_marked_embryo_v1,nan,nan,nan,nan,nan,nan,nan,nan,nan,nan,100000000000000.0,593700355.5693359,nan,0.6103515625,2.0,0.001,1.0,emission,13098.721493975596,1.2068052772637845e-28,1.9772297499134626e-28,2.0180510680327783,1.173882005544374e-19,custom,False,2.033691229284315,,terminate,False,nan,1.0,2.3671644372036827e-09,3.8783622139145135e-09,4.440892098500626e-16,0,active,2.302585092994046,nan,nan,nan,1000000,1.0,inf,False,0,0.0,1.0,0.0,0.0,0,1.479148569574415e-38,0,0.0,0.0,0.0,0.0,0.0,inf,0.0,0.0,0.0,0.0,0.0,0.0,inf,inf,0.0,0.0,inf,1.2993113709064111e-19,1.7199700983298604e-19,5.944765199990215e-16,False,7099055201.546417,0.0,0.0,3741.9095810948684,0.0,0.0,0,0,0,0,0.0,0,0,False,0,0.0,False,False,False,False,False,False,False,False,False,False,False,0.0,2.3073464226455856e-06,0.02457506179142634,0,0.0,False,-1,0,0,0,3804,0,0,0.0,21,1.7701804927247443e-17,3517777777.7777777,3.5434468129684438e-09,1000000000000.0,1000000000000.0,0.0005987445183220907,1.0,49.89537652684091,0.00014991623455953818,-1.0024493102302374e-05,7154073813.237933,1583.0,0.0,0.0,0.0,0.0,0.0,0.0,0
0.0,-6.333938860104628e-13,2.302585027673086,0.0,0.10000000653209616,1.6148344596523322e-05,1.6148344596523324e-06,0.0,False,73,False,shielded,v9_four_class_stateful_PD_shared_root_m1_marked_embryo_v1,nan,nan,nan,nan,nan,nan,nan,nan,nan,nan,100000000000000.0,593700356.1796875,nan,0.6103515625,2.0,0.001,1.0,emission,13098.721493975596,1.2068052772637845e-28,1.9772297499134626e-28,2.0180510680327783,1.1738820067511793e-19,custom,False,2.033691229284315,,terminate,False,nan,1.0,2.3671644372036827e-09,3.8783622139145135e-09,4.440892098500626e-16,0,active,2.302585092994046,nan,nan,nan,1000000,1.0,inf,False,0,0.0,1.0,0.0,0.0,0,1.4791485695744358e-38,0,0.0,0.0,0.0,0.0,0.0,inf,0.0,0.0,0.0,0.0,0.0,0.0,inf,inf,0.0,0.0,inf,1.2993113709064111e-19,1.7199700983298726e-19,5.944765199990215e-16,False,7099055201.546417,0.0,0.0,3741.9095810948684,0.0,0.0,0,0,0,0,0.0,0,0,False,0,0.0,False,False,False,False,False,False,False,False,False,False,False,0.0,2.3073464226455856e-06,0.02457506179142634,0,0.0,False,-1,0,0,0,3804,0,0,0.0,20,1.7701804945445722e-17,3517777777.7777777,3.543446816937965e-09,1000000000000.0,1000000000000.0,0.0005987445183220907,1.0,49.89537652684091,0.00014991623455953818,-1.0024493102302374e-05,7154073813.237933,1583.0,0.0,0.0,0.0,0.0,0.0,0.0,0
0.0,-6.333938866135033e-13,2.302585030040251,0.0,0.10000000629537968,1.6148344596523322e-05,1.6148344596523324e-06,0.0,False,74,False,shielded,v9_four_class_stateful_PD_shared_root_m1_marked_embryo_v1,nan,nan,nan,nan,nan,nan,nan,nan,nan,nan,100000000000000.0,593700356.7900391,nan,0.6103515625,2.0,0.001,1.0,emission,13098.721493975596,1.2068052772637845e-28,1.9772297499134626e-28,2.0180510680327783,1.1738820079579846e-19,custom,False,2.033691229284315,,terminate,False,nan,1.0,2.3671644372036827e-09,3.8783622139145135e-09,4.440892098500626e-16,0,active,2.302585092994046,nan,nan,nan,1000000,1.0,inf,False,0,0.0,1.0,0.0,0.0,0,1.4582548737907219e-38,0,0.0,0.0,0.0,0.0,0.0,inf,0.0,0.0,0.0,0.0,0.0,0.0,inf,inf,0.0,0.0,inf,1.2993113709064111e-19,1.707779185837983e-19,5.944765199990215e-16,False,7099055201.546417,0.0,0.0,3741.9095810948684,0.0,0.0,0,0,0,0,0.0,0,0,False,0,0.0,False,False,False,False,False,False,False,False,False,False,False,0.0,2.3073464226455856e-06,0.02457506179142634,0,0.0,False,-1,0,0,0,3804,0,0,0.0,21,1.7701804963644e-17,3517777777.7777777,3.5434468203579993e-09,1000000000000.0,1000000000000.0,0.0005987445183220907,1.0,49.89537652684091,0.00014991623455953818,-1.0024493102302374e-05,7154073813.237933,1583.0,0.0,0.0,0.0,0.0,0.0,0.0,0
0.0,-6.333938874196942e-13,2.302585032407415,0.0,0.10000000605866324,1.6148344596523322e-05,1.6148344596523324e-06,0.0,False,75,False,shielded,v9_four_class_stateful_PD_shared_root_m1_marked_embryo_v1,nan,nan,nan,nan,nan,nan,nan,nan,nan,nan,100000000000000.0,593700357.4003906,nan,0.6103515625,2.0,0.001,1.0,emission,13098.721493975596,1.2068052772637845e-28,1.9772297499134626e-28,2.0180510680327783,1.1738820091647898e-19,custom,False,2.033691229284315,,terminate,False,nan,1.0,2.3671644372036827e-09,3.8783622139145135e-09,0.0,0,active,2.302585092994046,nan,nan,nan,1000000,1.0,inf,False,0,0.0,1.0,0.0,0.0,0,1.4791485695744358e-38,0,0.0,0.0,0.0,0.0,0.0,inf,0.0,0.0,0.0,0.0,0.0,0.0,inf,inf,0.0,0.0,inf,1.2993113709064111e-19,1.7199700983298726e-19,5.944765199990215e-16,False,7099055201.546417,0.0,0.0,3741.9095810948684,0.0,0.0,0,0,0,0,0.0,0,0,False,0,0.0,False,False,False,False,False,False,False,False,False,False,False,0.0,2.3073464226455856e-06,0.02457506179142634,0,0.0,False,-1,0,0,0,3804,0,0,0.0,20,1.770180498184228e-17,3517777777.7777777,3.5434468235690342e-09,1000000000000.0,1000000000000.0,0.0005987445183220907,1.0,49.89537652684091,0.00014991623455953818,-1.0024493102302374e-05,7154073813.237933,1583.0,0.0,0.0,0.0,0.0,0.0,0.0,0
0.0,-6.333938879646253e-13,2.3025850347745793,0.0,0.1000000058219468,1.6148344596523322e-05,1.6148344596523324e-06,0.0,False,76,False,shielded,v9_four_class_stateful_PD_shared_root_m1_marked_embryo_v1,nan,nan,nan,nan,nan,nan,nan,nan,nan,nan,100000000000000.0,593700358.0107422,nan,0.6103515625,2.0,0.001,1.0,emission,13098.721493975596,1.2068052772637845e-28,1.9772297499134626e-28,2.0180510680327783,1.173882010371595e-19,custom,False,2.033691229284315,,terminate,False,nan,1.0,2.3671644372036827e-09,3.8783622139145135e-09,0.0,0,active,2.302585092994046,nan,nan,nan,1000000,1.0,inf,False,0,0.0,1.0,0.0,0.0,0,9.862157598549214e-39,0,0.0,0.0,0.0,0.0,0.0,inf,0.0,0.0,0.0,0.0,0.0,0.0,inf,inf,0.0,0.0,inf,1.2993113709064111e-19,1.4044328106783331e-19,5.944765199990215e-16,False,7099055201.546417,0.0,0.0,3741.9095810948684,0.0,0.0,0,0,0,0,0.0,0,0,False,0,0.0,False,False,False,False,False,False,False,False,False,False,False,0.0,2.3073464226455856e-06,0.02457506179142634,0,0.0,False,-1,0,0,0,3804,0,0,0.0,21,1.7701805000040557e-17,3517777777.7777777,3.543446827390613e-09,1000000000000.0,1000000000000.0,0.0005987445183220907,1.0,49.89537652684091,0.00014991623455953818,-1.0024493102302374e-05,7154073813.237933,1583.0,0.0,0.0,0.0,0.0,0.0,0.0,0
0.0,-6.333938886403543e-13,2.3025850371417436,0.0,0.10000000558523037,1.6148344596523322e-05,1.6148344596523324e-06,0.0,False,77,False,shielded,v9_four_class_stateful_PD_shared_root_m1_marked_embryo_v1,nan,nan,nan,nan,nan,nan,nan,nan,nan,nan,100000000000000.0,593700358.6210938,nan,0.6103515625,2.0,0.001,1.0,emission,13098.721493975596,1.2068052772637845e-28,1.9772297499134626e-28,2.0180510680327783,1.1738820115784004e-19,custom,False,2.033691229284315,,terminate,False,nan,1.0,2.3671644372036827e-09,3.8783622139145135e-09,0.0,0,active,2.302585092994046,nan,nan,nan,1000000,1.0,inf,False,0,0.0,1.0,0.0,0.0,0,1.4791485695744358e-38,0,0.0,0.0,0.0,0.0,0.0,inf,0.0,0.0,0.0,0.0,0.0,0.0,inf,inf,0.0,0.0,inf,1.2993113709064111e-19,1.7199700983298726e-19,5.944765199990215e-16,False,7099055201.546417,0.0,0.0,3741.9095810948684,0.0,0.0,0,0,0,0,0.0,0,0,False,0,0.0,False,False,False,False,False,False,False,False,False,False,False,0.0,2.3073464226455856e-06,0.02457506179142634,0,0.0,False,-1,0,0,0,3804,0,0,0.0,20,1.7701805018238835e-17,3517777777.7777777,3.543446831647666e-09,1000000000000.0,1000000000000.0,0.0005987445183220907,1.0,49.89537652684091,0.00014991623455953818,-1.0024493102302374e-05,7154073813.237933,1583.0,0.0,0.0,0.0,0.0,0.0,0.0,0
0.0,-6.333938892918624e-13,2.302585039508908,0.0,0.10000000534851393,1.6148344596523322e-05,1.6148344596523324e-06,0.0,False,78,False,shielded,v9_four_class_stateful_PD_shared_root_m1_marked_embryo_v1,nan,nan,nan,nan,nan,nan,nan,nan,nan,nan,100000000000000.0,593700359.2314453,nan,0.6103515625,2.0,0.001,1.0,emission,13098.721493975596,1.2068052772637845e-28,1.9772297499134626e-28,2.0180510680327783,1.1738820127852057e-19,custom,False,2.033691229284315,,terminate,False,nan,1.0,2.3671644372036827e-09,3.8783622139145135e-09,0.0,0,active,2.302585092994046,nan,nan,nan,1000000,1.0,inf,False,0,0.0,1.0,0.0,0.0,0,1.4791485695744358e-38,0,0.0,0.0,0.0,0.0,0.0,inf,0.0,0.0,0.0,0.0,0.0,0.0,inf,inf,0.0,0.0,inf,1.2993113709064111e-19,1.7199700983298726e-19,5.944765199990215e-16,False,7099055201.546417,0.0,0.0,3741.9095810948684,0.0,0.0,0,0,0,0,0.0,0,0,False,0,0.0,False,False,False,False,False,False,False,False,False,False,False,0.0,2.3073464226455856e-06,0.02457506179142634,0,0.0,False,-1,0,0,0,3804,0,0,0.0,21,1.7701805036437114e-17,3517777777.7777777,3.543446835607208e-09,1000000000000.0,1000000000000.0,0.0005987445183220907,1.0,49.89537652684091,0.00014991623455953818,-1.0024493102302374e-05,7154073813.237933,1583.0,0.0,0.0,0.0,0.0,0.0,0.0,0
0.0,-6.333938900174549e-13,2.302585041876072,0.0,0.10000000511179749,1.6148344596523322e-05,1.6148344596523324e-06,0.0,False,79,False,shielded,v9_four_class_stateful_PD_shared_root_m1_marked_embryo_v1,nan,nan,nan,nan,nan,nan,nan,nan,nan,nan,100000000000000.0,593700359.8417969,nan,0.6103515625,2.0,0.001,1.0,emission,13098.721493975596,1.2068052772637845e-28,1.9772297499134626e-28,2.0180510680327783,1.173882013992011e-19,custom,False,2.033691229284315,,terminate,False,nan,1.0,2.3671644372036827e-09,3.8783622139145135e-09,0.0,0,active,2.302585092994046,nan,nan,nan,1000000,1.0,inf,False,0,0.0,1.0,0.0,0.0,0,1.3648347922372626e-38,0,0.0,0.0,0.0,0.0,0.0,inf,0.0,0.0,0.0,0.0,0.0,0.0,inf,inf,0.0,0.0,inf,1.2993113709064111e-19,1.6521711728735995e-19,5.944765199990215e-16,False,7099055201.546417,0.0,0.0,3741.9095810948684,0.0,0.0,0,0,0,0,0.0,0,0,False,0,0.0,False,False,False,False,False,False,False,False,False,False,False,0.0,2.3073464226455856e-06,0.02457506179142634,0,0.0,False,-1,0,0,0,3804,0,0,0.0,20,1.7701805054635392e-17,3517777777.7777777,3.5434468401124608e-09,1000000000000.0,1000000000000.0,0.0005987445183220907,1.0,49.89537652684091,0.00014991623455953818,-1.0024493102302374e-05,7154073813.237933,1583.0,0.0,0.0,0.0,0.0,0.0,0.0,0
0.0,-6.333938906344283e-13,2.3025850442432367,0.0,0.10000000487508101,1.6148344596523322e-05,1.6148344596523324e-06,0.0,False,80,False,shielded,v9_four_class_stateful_PD_shared_root_m1_marked_embryo_v1,nan,nan,nan,nan,nan,nan,nan,nan,nan,nan,100000000000000.0,593700360.4521484,nan,0.6103515625,2.0,0.001,1.0,emission,13098.721493975596,1.2068052772637845e-28,1.9772297499134626e-28,2.0180510680327783,1.1738820151988162e-19,custom,False,2.033691229284315,,terminate,False,nan,1.0,2.3671644372036827e-09,3.8783622139145135e-09,4.440892098500626e-16,0,active,2.302585092994046,nan,nan,nan,1000000,1.0,inf,False,0,0.0,1.0,0.0,0.0,0,1.4791485695744358e-38,0,0.0,0.0,0.0,0.0,0.0,inf,0.0,0.0,0.0,0.0,0.0,0.0,inf,inf,0.0,0.0,inf,1.2993113709064111e-19,1.7199700983298726e-19,5.944765199990215e-16,False,7099055201.546417,0.0,0.0,3741.9095810948684,0.0,0.0,0,0,0,0,0.0,0,0,False,0,0.0,False,False,False,False,False,False,False,False,False,False,False,0.0,2.3073464226455856e-06,0.02457506179142634,0,0.0,False,-1,0,0,0,3804,0,0,0.0,21,1.770180507283367e-17,3517777777.7777777,3.543446843389351e-09,1000000000000.0,1000000000000.0,0.0005987445183220907,1.0,49.89537652684091,0.00014991623455953818,-1.0024493102302374e-05,7154073813.237933,1583.0,0.0,0.0,0.0,0.0,0.0,0.0,0
0.0,-6.333938912279045e-13,2.302585046610401,0.0,0.10000000463836457,1.6148344596523322e-05,1.6148344596523324e-06,0.0,False,81,False,shielded,v9_four_class_stateful_PD_shared_root_m1_marked_embryo_v1,nan,nan,nan,nan,nan,nan,nan,nan,nan,nan,100000000000000.0,593700361.0625,nan,0.6103515625,2.0,0.001,1.0,emission,13098.721493975596,1.2068052772637845e-28,1.9772297499134626e-28,2.0180510680327783,1.1738820164056215e-19,custom,False,2.033691229284315,,terminate,False,nan,1.0,2.3671644372036827e-09,3.8783622139145135e-09,0.0,0,active,2.302585092994046,nan,nan,nan,1000000,1.0,inf,False,0,0.0,1.0,0.0,0.0,0,1.2224829809747288e-38,0,0.0,0.0,0.0,0.0,0.0,inf,0.0,0.0,0.0,0.0,0.0,0.0,inf,inf,0.0,0.0,inf,1.2993113709064111e-19,1.5636386929049363e-19,5.944765199990215e-16,False,7099055201.546417,0.0,0.0,3741.9095810948684,0.0,0.0,0,0,0,0,0.0,0,0,False,0,0.0,False,False,False,False,False,False,False,False,False,False,False,0.0,2.3073464226455856e-06,0.02457506179142634,0,0.0,False,-1,0,0,0,3804,0,0,0.0,20,1.770180509103195e-17,3517777777.7777777,3.5434468462141362e-09,1000000000000.0,1000000000000.0,0.0005987445183220907,1.0,49.89537652684091,0.00014991623455953818,-1.0024493102302374e-05,7154073813.237933,1583.0,0.0,0.0,0.0,0.0,0.0,0.0,0
0.0,-6.333938920193613e-13,2.302585048977565,0.0,0.10000000440164815,1.6148344596523322e-05,1.6148344596523324e-06,0.0,False,82,False,shielded,v9_four_class_stateful_PD_shared_root_m1_marked_embryo_v1,nan,nan,nan,nan,nan,nan,nan,nan,nan,nan,100000000000000.0,593700361.6728516,nan,0.6103515625,2.0,0.001,1.0,emission,13098.721493975596,1.2068052772637845e-28,1.9772297499134626e-28,2.0180510680327783,1.1738820176124268e-19,custom,False,2.033691229284315,,terminate,False,nan,1.0,2.3671644372036827e-09,3.8783622139145135e-09,0.0,0,active,2.302585092994046,nan,nan,nan,1000000,1.0,inf,False,0,0.0,1.0,0.0,0.0,0,1.4791485695744358e-38,0,0.0,0.0,0.0,0.0,0.0,inf,0.0,0.0,0.0,0.0,0.0,0.0,inf,inf,0.0,0.0,inf,1.2993113709064111e-19,1.7199700983298726e-19,5.944765199990215e-16,False,7099055201.546417,0.0,0.0,3741.9095810948684,0.0,0.0,0,0,0,0,0.0,0,0,False,0,0.0,False,False,False,False,False,False,False,False,False,False,False,0.0,2.3073464226455856e-06,0.02457506179142634,0,0.0,False,-1,0,0,0,3804,0,0,0.0,20,1.7701805109230228e-17,3517777777.7777777,3.5434468499852204e-09,1000000000000.0,1000000000000.0,0.0005987445183220907,1.0,49.89537652684091,0.00014991623455953818,-1.0024493102302374e-05,7154073813.237933,1583.0,0.0,0.0,0.0,0.0,0.0,0.0,0
0.0,-6.333938925751232e-13,2.3025850513447295,0.0,0.10000000416493171,1.6148344596523322e-05,1.6148344596523324e-06,0.0,False,83,False,shielded,v9_four_class_stateful_PD_shared_root_m1_marked_embryo_v1,nan,nan,nan,nan,nan,nan,nan,nan,nan,nan,100000000000000.0,593700362.2832031,nan,0.6103515625,2.0,0.001,1.0,emission,13098.721493975596,1.2068052772637845e-28,1.9772297499134626e-28,2.0180510680327783,1.173882018819232e-19,custom,False,2.033691229284315,,terminate,False,nan,1.0,2.3671644372036827e-09,3.8783622139145135e-09,0.0,0,active,2.302585092994046,nan,nan,nan,1000000,1.0,inf,False,0,0.0,1.0,0.0,0.0,0,1.4791485695744358e-38,0,0.0,0.0,0.0,0.0,0.0,inf,0.0,0.0,0.0,0.0,0.0,0.0,inf,inf,0.0,0.0,inf,1.2993113709064111e-19,1.7199700983298726e-19,5.944765199990215e-16,False,7099055201.546417,0.0,0.0,3741.9095810948684,0.0,0.0,0,0,0,0,0.0,0,0,False,0,0.0,False,False,False,False,False,False,False,False,False,False,False,0.0,2.3073464226455856e-06,0.02457506179142634,0,0.0,False,-1,0,0,0,3804,0,0,0.0,21,1.7701805127428506e-17,3517777777.7777777,3.54344685318427e-09,1000000000000.0,1000000000000.0,0.0005987445183220907,1.0,49.89537652684091,0.00014991623455953818,-1.0024493102302374e-05,7154073813.237933,1583.0,0.0,0.0,0.0,0.0,0.0,0.0,0
0.0,-6.333938932252872e-13,2.3025850537118937,0.0,0.10000000392821527,1.6148344596523322e-05,1.6148344596523324e-06,0.0,False,84,False,shielded,v9_four_class_stateful_PD_shared_root_m1_marked_embryo_v1,nan,nan,nan,nan,nan,nan,nan,nan,nan,nan,100000000000000.0,593700362.8935547,nan,0.6103515625,2.0,0.001,1.0,emission,13098.721493975596,1.2068052772637845e-28,1.9772297499134626e-28,2.0180510680327783,1.1738820200260373e-19,custom,False,2.033691229284315,,terminate,False,nan,1.0,2.3671644372036827e-09,3.8783622139145135e-09,0.0,0,active,2.302585092994046,nan,nan,nan,1000000,1.0,inf,False,0,0.0,1.0,0.0,0.0,0,1.2436575354571162e-38,0,0.0,0.0,0.0,0.0,0.0,inf,0.0,0.0,0.0,0.0,0.0,0.0,inf,inf,0.0,0.0,inf,1.2993113709064111e-19,1.5771224020076033e-19,5.944765199990215e-16,False,7099055201.546417,0.0,0.0,3741.9095810948684,0.0,0.0,0,0,0,0,0.0,0,0,False,0,0.0,False,False,False,False,False,False,False,False,False,False,False,0.0,2.3073464226455856e-06,0.02457506179142634,0,0.0,False,-1,0,0,0,3804,0,0,0.0,20,1.7701805145626784e-17,3517777777.7777777,3.54344685709013e-09,1000000000000.0,1000000000000.0,0.0005987445183220907,1.0,49.89537652684091,0.00014991623455953818,-1.0024493102302374e-05,7154073813.237933,1583.0,0.0,0.0,0.0,0.0,0.0,0.0,0
0.0,-6.33393894063247e-13,2.3025850560790584,0.0,0.10000000369149879,1.6148344596523322e-05,1.6148344596523324e-06,0.0,False,85,False,shielded,v9_four_class_stateful_PD_shared_root_m1_marked_embryo_v1,nan,nan,nan,nan,nan,nan,nan,nan,nan,nan,100000000000000.0,593700363.5039062,nan,0.6103515625,2.0,0.001,1.0,emission,13098.721493975596,1.2068052772637845e-28,1.9772297499134626e-28,2.0180510680327783,1.1738820212328426e-19,custom,False,2.033691229284315,,terminate,False,nan,1.0,2.3671644372036827e-09,3.8783622139145135e-09,4.440892098500626e-16,0,active,2.302585092994046,nan,nan,nan,1000000,1.0,inf,False,0,0.0,1.0,0.0,0.0,0,1.4791485695744358e-38,0,0.0,0.0,0.0,0.0,0.0,inf,0.0,0.0,0.0,0.0,0.0,0.0,inf,inf,0.0,0.0,inf,1.2993113709064111e-19,1.7199700983298726e-19,5.944765199990215e-16,False,7099055201.546417,0.0,0.0,3741.9095810948684,0.0,0.0,0,0,0,0,0.0,0,0,False,0,0.0,False,False,False,False,False,False,False,False,False,False,False,0.0,2.3073464226455856e-06,0.02457506179142634,0,0.0,False,-1,0,0,0,3804,0,0,0.0,21,1.7701805163825063e-17,3517777777.7777777,3.543446859562717e-09,1000000000000.0,1000000000000.0,0.0005987445183220907,1.0,49.89537652684091,0.00014991623455953818,-1.0024493102302374e-05,7154073813.237933,1583.0,0.0,0.0,0.0,0.0,0.0,0.0,0
0.0,-6.333938944545293e-13,2.3025850584462226,0.0,0.10000000345478237,1.6148344596523322e-05,1.6148344596523324e-06,0.0,False,86,False,shielded,v9_four_class_stateful_PD_shared_root_m1_marked_embryo_v1,nan,nan,nan,nan,nan,nan,nan,nan,nan,nan,100000000000000.0,593700364.1142578,nan,0.6103515625,2.0,0.001,1.0,emission,13098.721493975596,1.2068052772637845e-28,1.9772297499134626e-28,2.0180510680327783,1.173882022439648e-19,custom,False,2.033691229284315,,terminate,False,nan,1.0,2.3671644372036827e-09,3.8783622139145135e-09,0.0,0,active,2.302585092994046,nan,nan,nan,1000000,1.0,inf,False,0,0.0,1.0,0.0,0.0,0,1.4282495443185388e-38,0,0.0,0.0,0.0,0.0,0.0,inf,0.0,0.0,0.0,0.0,0.0,0.0,inf,inf,0.0,0.0,inf,1.2993113709064111e-19,1.6901180694368892e-19,5.944765199990215e-16,False,7099055201.546417,0.0,0.0,3741.9095810948684,0.0,0.0,0,0,0,0,0.0,0,0,False,0,0.0,False,False,False,False,False,False,False,False,False,False,False,0.0,2.3073464226455856e-06,0.02457506179142634,0,0.0,False,-1,0,0,0,3804,0,0,0.0,20,1.770180518202334e-17,3517777777.7777777,3.5434468641691287e-09,1000000000000.0,1000000000000.0,0.0005987445183220907,1.0,49.89537652684091,0.00014991623455953818,-1.0024493102302374e-05,7154073813.237933,1583.0,0.0,0.0,0.0,0.0,0.0,0.0,0
0.0,-6.333938950434043e-13,2.302585060813387,0.0,0.10000000321806593,1.6148344596523322e-05,1.6148344596523324e-06,0.0,False,87,False,shielded,v9_four_class_stateful_PD_shared_root_m1_marked_embryo_v1,nan,nan,nan,nan,nan,nan,nan,nan,nan,nan,100000000000000.0,593700364.7246094,nan,0.6103515625,2.0,0.001,1.0,emission,13098.721493975596,1.2068052772637845e-28,1.9772297499134626e-28,2.0180510680327783,1.1738820236464532e-19,custom,False,2.033691229284315,,terminate,False,nan,1.0,2.3671644372036827e-09,3.8783622139145135e-09,0.0,0,active,2.302585092994046,nan,nan,nan,1000000,1.0,inf,False,0,0.0,1.0,0.0,0.0,0,1.479148569574415e-38,0,0.0,0.0,0.0,0.0,0.0,inf,0.0,0.0,0.0,0.0,0.0,0.0,inf,inf,0.0,0.0,inf,1.2993113709064111e-19,1.7199700983298604e-19,5.944765199990215e-16,False,7099055201.546417,0.0,0.0,3741.9095810948684,0.0,0.0,0,0,0,0,0.0,0,0,False,0,0.0,False,False,False,False,False,False,False,False,False,False,False,0.0,2.3073464226455856e-06,0.02457506179142634,0,0.0,False,-1,0,0,0,3804,0,0,0.0,21,1.770180520022162e-17,3517777777.7777777,3.543446867242539e-09,1000000000000.0,1000000000000.0,0.0005987445183220907,1.0,49.89537652684091,0.00014991623455953818,-1.0024493102302374e-05,7154073813.237933,1583.0,0.0,0.0,0.0,0.0,0.0,0.0,0
0.0,-6.333938958154482e-13,2.302585063180551,0.0,0.1000000029813495,1.6148344596523322e-05,1.6148344596523324e-06,0.0,False,88,False,shielded,v9_four_class_stateful_PD_shared_root_m1_marked_embryo_v1,nan,nan,nan,nan,nan,nan,nan,nan,nan,nan,100000000000000.0,593700365.3349609,nan,0.6103515625,2.0,0.001,1.0,emission,13098.721493975596,1.2068052772637845e-28,1.9772297499134626e-28,2.0180510680327783,1.1738820248532584e-19,custom,False,2.033691229284315,,terminate,False,nan,1.0,2.3671644372036827e-09,3.8783622139145135e-09,0.0,0,active,2.302585092994046,nan,nan,nan,1000000,1.0,inf,False,0,0.0,1.0,0.0,0.0,0,1.4791485695744358e-38,0,0.0,0.0,0.0,0.0,0.0,inf,0.0,0.0,0.0,0.0,0.0,0.0,inf,inf,0.0,0.0,inf,1.2993113709064111e-19,1.7199700983298726e-19,5.944765199990215e-16,False,7099055201.546417,0.0,0.0,3741.9095810948684,0.0,0.0,0,0,0,0,0.0,0,0,False,0,0.0,False,False,False,False,False,False,False,False,False,False,False,0.0,2.3073464226455856e-06,0.02457506179142634,0,0.0,False,-1,0,0,0,3804,0,0,0.0,20,1.7701805218419898e-17,3517777777.7777777,3.543446871705704e-09,1000000000000.0,1000000000000.0,0.0005987445183220907,1.0,49.89537652684091,0.00014991623455953818,-1.0024493102302374e-05,7154073813.237933,1583.0,0.0,0.0,0.0,0.0,0.0,0.0,0
0.0,-6.333938965869234e-13,2.3025850655477154,0.0,0.10000000274463307,1.6148344596523322e-05,1.6148344596523324e-06,0.0,False,89,False,shielded,v9_four_class_stateful_PD_shared_root_m1_marked_embryo_v1,nan,nan,nan,nan,nan,nan,nan,nan,nan,nan,100000000000000.0,593700365.9453125,nan,0.6103515625,2.0,0.001,1.0,emission,13098.721493975596,1.2068052772637845e-28,1.9772297499134626e-28,2.0180510680327783,1.1738820260600637e-19,custom,False,2.033691229284315,,terminate,False,nan,1.0,2.3671644372036827e-09,3.8783622139145135e-09,0.0,0,active,2.302585092994046,nan,nan,nan,1000000,1.0,inf,False,0,0.0,1.0,0.0,0.0,0,1.1235996791712006e-38,0,0.0,0.0,0.0,0.0,0.0,inf,0.0,0.0,0.0,0.0,0.0,0.0,inf,inf,0.0,0.0,inf,1.2993113709064111e-19,1.4990661620963902e-19,5.944765199990215e-16,False,7099055201.546417,0.0,0.0,3741.9095810948684,0.0,0.0,0,0,0,0,0.0,0,0,False,0,0.0,False,False,False,False,False,False,False,False,False,False,False,0.0,2.3073464226455856e-06,0.02457506179142634,0,0.0,False,-1,0,0,0,3804,0,0,0.0,21,1.7701805236618177e-17,3517777777.7777777,3.543446875673138e-09,1000000000000.0,1000000000000.0,0.0005987445183220907,1.0,49.89537652684091,0.00014991623455953818,-1.0024493102302374e-05,7154073813.237933,1583.0,0.0,0.0,0.0,0.0,0.0,0.0,0
0.0,-6.333938971329143e-13,2.30258506791488,0.0,0.10000000250791659,1.6148344596523322e-05,1.6148344596523324e-06,0.0,False,90,False,shielded,v9_four_class_stateful_PD_shared_root_m1_marked_embryo_v1,nan,nan,nan,nan,nan,nan,nan,nan,nan,nan,100000000000000.0,593700366.5556641,nan,0.6103515625,2.0,0.001,1.0,emission,13098.721493975596,1.2068052772637845e-28,1.9772297499134626e-28,2.0180510680327783,1.173882027266869e-19,custom,False,2.033691229284315,,terminate,False,nan,1.0,2.3671644372036827e-09,3.8783622139145135e-09,4.440892098500626e-16,0,active,2.302585092994046,nan,nan,nan,1000000,1.0,inf,False,0,0.0,1.0,0.0,0.0,0,1.479148569574415e-38,0,0.0,0.0,0.0,0.0,0.0,inf,0.0,0.0,0.0,0.0,0.0,0.0,inf,inf,0.0,0.0,inf,1.2993113709064111e-19,1.7199700983298604e-19,5.944765199990215e-16,False,7099055201.546417,0.0,0.0,3741.9095810948684,0.0,0.0,0,0,0,0,0.0,0,0,False,0,0.0,False,False,False,False,False,False,False,False,False,False,False,0.0,2.3073464226455856e-06,0.02457506179142634,0,0.0,False,-1,0,0,0,3804,0,0,0.0,20,1.7701805254816455e-17,3517777777.7777777,3.5434468792236066e-09,1000000000000.0,1000000000000.0,0.0005987445183220907,1.0,49.89537652684091,0.00014991623455953818,-1.0024493102302374e-05,7154073813.237933,1583.0,0.0,0.0,0.0,0.0,0.0,0.0,0
0.0,-6.33393897822938e-13,2.3025850702820443,0.0,0.10000000227120016,1.6148344596523322e-05,1.6148344596523324e-06,0.0,False,91,False,shielded,v9_four_class_stateful_PD_shared_root_m1_marked_embryo_v1,nan,nan,nan,nan,nan,nan,nan,nan,nan,nan,100000000000000.0,593700367.1660156,nan,0.6103515625,2.0,0.001,1.0,emission,13098.721493975596,1.2068052772637845e-28,1.9772297499134626e-28,2.0180510680327783,1.1738820284736743e-19,custom,False,2.033691229284315,,terminate,False,nan,1.0,2.3671644372036827e-09,3.8783622139145135e-09,0.0,0,active,2.302585092994046,nan,nan,nan,1000000,1.0,inf,False,0,0.0,1.0,0.0,0.0,0,1.4791485695744358e-38,0,0.0,0.0,0.0,0.0,0.0,inf,0.0,0.0,0.0,0.0,0.0,0.0,inf,inf,0.0,0.0,inf,1.2993113709064111e-19,1.7199700983298726e-19,5.944765199990215e-16,False,7099055201.546417,0.0,0.0,3741.9095810948684,0.0,0.0,0,0,0,0,0.0,0,0,False,0,0.0,False,False,False,False,False,False,False,False,False,False,False,0.0,2.3073464226455856e-06,0.02457506179142634,0,0.0,False,-1,0,0,0,3804,0,0,0.0,21,1.7701805273014734e-17,3517777777.7777777,3.5434468824706362e-09,1000000000000.0,1000000000000.0,0.0005987445183220907,1.0,49.89537652684091,0.00014991623455953818,-1.0024493102302374e-05,7154073813.237933,1583.0,0.0,0.0,0.0,0.0,0.0,0.0,0
0.0,-6.333938983334894e-13,2.3025850726492085,0.0,0.10000000203448374,1.6148344596523322e-05,1.6148344596523324e-06,0.0,False,92,False,shielded,v9_four_class_stateful_PD_shared_root_m1_marked_embryo_v1,nan,nan,nan,nan,nan,nan,nan,nan,nan,nan,100000000000000.0,593700367.7763672,nan,0.6103515625,2.0,0.001,1.0,emission,13098.721493975596,1.2068052772637845e-28,1.9772297499134626e-28,2.0180510680327783,1.1738820296804795e-19,custom,False,2.033691229284315,,terminate,False,nan,1.0,2.3671644372036827e-09,3.8783622139145135e-09,0.0,0,active,2.302585092994046,nan,nan,nan,1000000,1.0,inf,False,0,0.0,1.0,0.0,0.0,0,1.4703652172976814e-38,0,0.0,0.0,0.0,0.0,0.0,inf,0.0,0.0,0.0,0.0,0.0,0.0,inf,inf,0.0,0.0,inf,1.2993113709064111e-19,1.7148558057735824e-19,5.944765199990215e-16,False,7099055201.546417,0.0,0.0,3741.9095810948684,0.0,0.0,0,0,0,0,0.0,0,0,False,0,0.0,False,False,False,False,False,False,False,False,False,False,False,0.0,2.3073464226455856e-06,0.02457506179142634,0,0.0,False,-1,0,0,0,3804,0,0,0.0,20,1.7701805291213012e-17,3517777777.7777777,3.543446886357969e-09,1000000000000.0,1000000000000.0,0.0005987445183220907,1.0,49.89537652684091,0.00014991623455953818,-1.0024493102302374e-05,7154073813.237933,1583.0,0.0,0.0,0.0,0.0,0.0,0.0,0
0.0,-6.333938990994845e-13,2.3025850750163728,0.0,0.1000000017977673,1.6148344596523322e-05,1.6148344596523324e-06,0.0,False,93,False,shielded,v9_four_class_stateful_PD_shared_root_m1_marked_embryo_v1,nan,nan,nan,nan,nan,nan,nan,nan,nan,nan,100000000000000.0,593700368.3867188,nan,0.6103515625,2.0,0.001,1.0,emission,13098.721493975596,1.2068052772637845e-28,1.9772297499134626e-28,2.0180510680327783,1.1738820308872848e-19,custom,False,2.033691229284315,,terminate,False,nan,1.0,2.3671644372036827e-09,3.8783622139145135e-09,0.0,0,active,2.302585092994046,nan,nan,nan,1000000,1.0,inf,False,0,0.0,1.0,0.0,0.0,0,1.4791485695744358e-38,0,0.0,0.0,0.0,0.0,0.0,inf,0.0,0.0,0.0,0.0,0.0,0.0,inf,inf,0.0,0.0,inf,1.2993113709064111e-19,1.7199700983298726e-19,5.944765199990215e-16,False,7099055201.546417,0.0,0.0,3741.9095810948684,0.0,0.0,0,0,0,0,0.0,0,0,False,0,0.0,False,False,False,False,False,False,False,False,False,False,False,0.0,2.3073464226455856e-06,0.02457506179142634,0,0.0,False,-1,0,0,0,3804,0,0,0.0,21,1.770180530941129e-17,3517777777.7777777,3.543446891661345e-09,1000000000000.0,1000000000000.0,0.0005987445183220907,1.0,49.89537652684091,0.00014991623455953818,-1.0024493102302374e-05,7154073813.237933,1583.0,0.0,0.0,0.0,0.0,0.0,0.0,0
0.0,-6.333938997068418e-13,2.3025850773835375,0.0,0.10000000156105084,1.6148344596523322e-05,1.6148344596523324e-06,0.0,False,94,False,shielded,v9_four_class_stateful_PD_shared_root_m1_marked_embryo_v1,nan,nan,nan,nan,nan,nan,nan,nan,nan,nan,100000000000000.0,593700368.9970703,nan,0.6103515625,2.0,0.001,1.0,emission,13098.721493975596,1.2068052772637845e-28,1.9772297499134626e-28,2.0180510680327783,1.17388203209409e-19,custom,False,2.033691229284315,,terminate,False,nan,1.0,2.3671644372036827e-09,3.8783622139145135e-09,4.440892098500626e-16,0,active,2.302585092994046,nan,nan,nan,1000000,1.0,inf,False,0,0.0,1.0,0.0,0.0,0,1.0135220473015626e-38,0,0.0,0.0,0.0,0.0,0.0,inf,0.0,0.0,0.0,0.0,0.0,0.0,inf,inf,0.0,0.0,inf,1.2993113709064111e-19,1.4237429875518703e-19,5.944765199990215e-16,False,7099055201.546417,0.0,0.0,3741.9095810948684,0.0,0.0,0,0,0,0,0.0,0,0,False,0,0.0,False,False,False,False,False,False,False,False,False,False,False,0.0,2.3073464226455856e-06,0.02457506179142634,0,0.0,False,-1,0,0,0,3804,0,0,0.0,20,1.770180532760957e-17,3517777777.7777777,3.5434468940552093e-09,1000000000000.0,1000000000000.0,0.0005987445183220907,1.0,49.89537652684091,0.00014991623455953818,-1.0024493102302374e-05,7154073813.237933,1583.0,0.0,0.0,0.0,0.0,0.0,0.0,0
0.0,-6.333939003272273e-13,2.3025850797507017,0.0,0.10000000132433441,1.6148344596523322e-05,1.6148344596523324e-06,0.0,False,95,False,shielded,v9_four_class_stateful_PD_shared_root_m1_marked_embryo_v1,nan,nan,nan,nan,nan,nan,nan,nan,nan,nan,100000000000000.0,593700369.6074219,nan,0.6103515625,2.0,0.001,1.0,emission,13098.721493975596,1.2068052772637845e-28,1.9772297499134626e-28,2.0180510680327783,1.1738820333008954e-19,custom,False,2.033691229284315,,terminate,False,nan,1.0,2.3671644372036827e-09,3.8783622139145135e-09,0.0,0,active,2.302585092994046,nan,nan,nan,1000000,1.0,inf,False,0,0.0,1.0,0.0,0.0,0,1.479148569574415e-38,0,0.0,0.0,0.0,0.0,0.0,inf,0.0,0.0,0.0,0.0,0.0,0.0,inf,inf,0.0,0.0,inf,1.2993113709064111e-19,1.7199700983298604e-19,5.944765199990215e-16,False,7099055201.546417,0.0,0.0,3741.9095810948684,0.0,0.0,0,0,0,0,0.0,0,0,False,0,0.0,False,False,False,False,False,False,False,False,False,False,False,0.0,2.3073464226455856e-06,0.02457506179142634,0,0.0,False,-1,0,0,0,3804,0,0,0.0,21,1.7701805345807847e-17,3517777777.7777777,3.5434468981311364e-09,1000000000000.0,1000000000000.0,0.0005987445183220907,1.0,49.89537652684091,0.00014991623455953818,-1.0024493102302374e-05,7154073813.237933,1583.0,0.0,0.0,0.0,0.0,0.0,0.0,0
0.0,-6.333939011115496e-13,2.302585082117866,0.0,0.10000000108761797,1.6148344596523322e-05,1.6148344596523324e-06,0.0,False,96,False,shielded,v9_four_class_stateful_PD_shared_root_m1_marked_embryo_v1,nan,nan,nan,nan,nan,nan,nan,nan,nan,nan,100000000000000.0,593700370.2177734,nan,0.6103515625,2.0,0.001,1.0,emission,13098.721493975596,1.2068052772637845e-28,1.9772297499134626e-28,2.0180510680327783,1.1738820345077007e-19,custom,False,2.033691229284315,,terminate,False,nan,1.0,2.3671644372036827e-09,3.8783622139145135e-09,0.0,0,active,2.302585092994046,nan,nan,nan,1000000,1.0,inf,False,0,0.0,1.0,0.0,0.0,0,1.479148569574415e-38,0,0.0,0.0,0.0,0.0,0.0,inf,0.0,0.0,0.0,0.0,0.0,0.0,inf,inf,0.0,0.0,inf,1.2993113709064111e-19,1.7199700983298604e-19,5.944765199990215e-16,False,7099055201.546417,0.0,0.0,3741.9095810948684,0.0,0.0,0,0,0,0,0.0,0,0,False,0,0.0,False,False,False,False,False,False,False,False,False,False,False,0.0,2.3073464226455856e-06,0.02457506179142634,0,0.0,False,-1,0,0,0,3804,0,0,0.0,20,1.7701805364006126e-17,3517777777.7777777,3.5434469018789727e-09,1000000000000.0,1000000000000.0,0.0005987445183220907,1.0,49.89537652684091,0.00014991623455953818,-1.0024493102302374e-05,7154073813.237933,1583.0,0.0,0.0,0.0,0.0,0.0,0.0,0
0.0,-6.333939017144609e-13,2.3025850844850306,0.0,0.10000000085090151,1.6148344596523322e-05,1.6148344596523324e-06,0.0,False,97,False,shielded,v9_four_class_stateful_PD_shared_root_m1_marked_embryo_v1,nan,nan,nan,nan,nan,nan,nan,nan,nan,nan,100000000000000.0,593700370.828125,nan,0.6103515625,2.0,0.001,1.0,emission,13098.721493975596,1.2068052772637845e-28,1.9772297499134626e-28,2.0180510680327783,1.173882035714506e-19,custom,False,2.033691229284315,,terminate,False,nan,1.0,2.3671644372036827e-09,3.8783622139145135e-09,4.440892098500626e-16,0,active,2.302585092994046,nan,nan,nan,1000000,1.0,inf,False,0,0.0,1.0,0.0,0.0,0,1.3958990293238216e-38,0,0.0,0.0,0.0,0.0,0.0,inf,0.0,0.0,0.0,0.0,0.0,0.0,inf,inf,0.0,0.0,inf,1.2993113709064111e-19,1.6708674569359604e-19,5.944765199990215e-16,False,7099055201.546417,0.0,0.0,3741.9095810948684,0.0,0.0,0,0,0,0,0.0,0,0,False,0,0.0,False,False,False,False,False,False,False,False,False,False,False,0.0,2.3073464226455856e-06,0.02457506179142634,0,0.0,False,-1,0,0,0,3804,0,0,0.0,21,1.7701805382204404e-17,3517777777.7777777,3.5434469058051432e-09,1000000000000.0,1000000000000.0,0.0005987445183220907,1.0,49.89537652684091,0.00014991623455953818,-1.0024493102302374e-05,7154073813.237933,1583.0,0.0,0.0,0.0,0.0,0.0,0.0,0
0.0,-6.333939024155482e-13,2.302585086852195,0.0,0.10000000061418508,1.6148344596523322e-05,1.6148344596523324e-06,0.0,False,98,False,shielded,v9_four_class_stateful_PD_shared_root_m1_marked_embryo_v1,nan,nan,nan,nan,nan,nan,nan,nan,nan,nan,100000000000000.0,593700371.4384766,nan,0.6103515625,2.0,0.001,1.0,emission,13098.721493975596,1.2068052772637845e-28,1.9772297499134626e-28,2.0180510680327783,1.1738820369213112e-19,custom,False,2.033691229284315,,terminate,False,nan,1.0,2.3671644372036827e-09,3.8783622139145135e-09,0.0,0,active,2.302585092994046,nan,nan,nan,1000000,1.0,inf,False,0,0.0,1.0,0.0,0.0,0,1.4791485695744358e-38,0,0.0,0.0,0.0,0.0,0.0,inf,0.0,0.0,0.0,0.0,0.0,0.0,inf,inf,0.0,0.0,inf,1.2993113709064111e-19,1.7199700983298726e-19,5.944765199990215e-16,False,7099055201.546417,0.0,0.0,3741.9095810948684,0.0,0.0,0,0,0,0,0.0,0,0,False,0,0.0,False,False,False,False,False,False,False,False,False,False,False,0.0,2.3073464226455856e-06,0.02457506179142634,0,0.0,False,-1,0,0,0,3804,0,0,0.0,21,1.7701805400402683e-17,3517777777.7777777,3.5434469080167785e-09,1000000000000.0,1000000000000.0,0.0005987445183220907,1.0,49.89537652684091,0.00014991623455953818,-1.0024493102302374e-05,7154073813.237933,1583.0,0.0,0.0,0.0,0.0,0.0,0.0,0
0.0,-6.333939029385331e-13,2.302585089219359,0.0,0.10000000037746866,1.6148344596523322e-05,1.6148344596523324e-06,0.0,False,99,False,shielded,v9_four_class_stateful_PD_shared_root_m1_marked_embryo_v1,nan,nan,nan,nan,nan,nan,nan,nan,nan,nan,100000000000000.0,593700372.0488281,nan,0.6103515625,2.0,0.001,1.0,emission,13098.721493975596,1.2068052772637845e-28,1.9772297499134626e-28,2.0180510680327783,1.1738820381281165e-19,custom,False,2.033691229284315,,terminate,False,nan,1.0,2.3671644372036827e-09,3.8783622139145135e-09,0.0,0,active,2.302585092994046,nan,nan,nan,1000000,1.0,inf,False,0,0.0,1.0,0.0,0.0,0,1.1377862415213025e-38,0,0.0,0.0,0.0,0.0,0.0,inf,0.0,0.0,0.0,0.0,0.0,0.0,inf,inf,0.0,0.0,inf,1.2993113709064111e-19,1.5085000772431553e-19,5.944765199990215e-16,False,7099055201.546417,0.0,0.0,3741.9095810948684,0.0,0.0,0,0,0,0,0.0,0,0,False,0,0.0,False,False,False,False,False,False,False,False,False,False,False,0.0,2.3073464226455856e-06,0.02457506179142634,0,0.0,False,-1,0,0,0,3804,0,0,0.0,20,1.770180541860096e-17,3517777777.7777777,3.5434469135273458e-09,1000000000000.0,1000000000000.0,0.0005987445183220907,1.0,49.89537652684091,0.00014991623455953818,-1.0024493102302374e-05,7154073813.237933,1583.0,0.0,0.0,0.0,0.0,0.0,0.0,0
