material_class,option_id,sigma_a_MPa,N,phase_index,phase,Xi,proposed_length_m,maximum_released_energy_J_per_m,resistance_J_per_m2,admitted_length_m,reason,mesh_resolved
Peak,v913_paper_peak01_0242980_persistent_sites,735.9214951373579,1000000.0,0,0.0,0.1,2.2973400956248734e-06,0.09503204216038762,3.4001490098103573,2.2973400956248734e-06,stochastic_proposal_reached,True
Peak,v913_paper_peak01_0242980_persistent_sites,735.9214951373579,1000000.0,0,0.0,0.3,2.2973400956248734e-06,0.09503204216038762,3.4001490098103573,2.2973400956248734e-06,stochastic_proposal_reached,True
Peak,v913_paper_peak01_0242980_persistent_sites,735.9214951373579,1000000.0,0,0.0,0.49,2.2973400956248734e-06,0.09503204216038762,3.4001490098103573,2.2973400956248734e-06,stochastic_proposal_reached,True
Peak,v913_paper_peak01_0242980_persistent_sites,735.9214951373579,1000000.0,0,0.0,0.5,2.2973400956248734e-06,0.09503204216038762,3.4001490098103573,2.2973400956248734e-06,stochastic_proposal_reached,True
Peak,v913_paper_peak01_0242980_persistent_sites,735.9214951373579,1000000.0,0,0.0,0.6,2.7568081147498482e-06,0.099783644268407,3.4001490098103573,2.7568081147498482e-06,stochastic_proposal_reached,True
Peak,v913_paper_peak01_0242980_persistent_sites,735.9214951373579,1000000.0,0,0.0,0.8,3.6757441529997978e-06,0.09503204216038762,3.4001490098103573,3.6757441529997973e-06,stochastic_proposal_reached,True
Peak,v913_paper_peak01_0242980_persistent_sites,735.9214951373579,1000000.0,0,0.0,1.0,4.594680191249747e-06,0.09503204216038762,3.4001490098103573,4.594680191249747e-06,stochastic_proposal_reached,True
Peak,v913_paper_peak01_0242980_persistent_sites,735.9214951373579,1000000.0,0,0.0,1.25,5.743350239062183e-06,0.0890925395253634,3.4001490098103573,5.743350239062183e-06,stochastic_proposal_reached,True
Peak,v913_paper_peak01_0242980_persistent_sites,735.9214951373579,1000000.0,0,0.0,1.5,6.89202028687462e-06,0.07127403162029072,3.4001490098103573,6.89202028687462e-06,stochastic_proposal_reached,True
Peak,v913_paper_peak01_0242980_persistent_sites,735.9214951373579,1000000.0,0,0.0,2.0,9.189360382499494e-06,0.09503204216038762,3.4001490098103573,9.189360382499494e-06,stochastic_proposal_reached,True
Peak,v913_paper_peak01_0242980_persistent_sites,735.9214951373579,1000000.0,0,0.0,2.5,1.1486700478124366e-05,0.09726632072734631,3.4001490098103573,1.1486700478124366e-05,stochastic_proposal_reached,True
Peak,v913_paper_peak01_0242980_persistent_sites,735.9214951373579,1000000.0,0,0.0,3.0,1.378404057374924e-05,0.09726632072734631,3.4001490098103573,1.378404057374924e-05,stochastic_proposal_reached,True
Peak,v913_paper_peak01_0242980_persistent_sites,735.9214951373579,1000000.0,0,0.0,3.5,1.6081380669374112e-05,0.09726632072734631,3.4001490098103573,1.6081380669374112e-05,stochastic_proposal_reached,True
Peak,v913_paper_peak01_0242980_persistent_sites,735.9214951373579,1000000.0,0,0.0,3.99,1.833277396308649e-05,0.09726632072734631,3.4001490098103573,1.833277396308649e-05,stochastic_proposal_reached,True
Peak,v913_paper_peak01_0242980_persistent_sites,735.9214951373579,1000000.0,0,0.0,4.0,1.8378720764998988e-05,0.09726632072734631,3.4001490098103573,1.8378720764998988e-05,stochastic_proposal_reached,True
Peak,v913_paper_peak01_0242980_persistent_sites,735.9214951373579,1000000.0,0,0.0,8.0,1.8378720764998988e-05,0.09726632072734631,3.4001490098103573,1.8378720764998988e-05,stochastic_proposal_reached,True
Peak,v913_paper_peak01_0242980_persistent_sites,735.9214951373579,1000000.0,1,0.03125,0.1,2.2973400956248734e-06,0.09337116718647764,3.4565194522332288,2.2973400956248734e-06,stochastic_proposal_reached,True
Peak,v913_paper_peak01_0242980_persistent_sites,735.9214951373579,1000000.0,1,0.03125,0.3,2.2973400956248734e-06,0.09337116718647764,3.4565194522332288,2.2973400956248734e-06,stochastic_proposal_reached,True
Peak,v913_paper_peak01_0242980_persistent_sites,735.9214951373579,1000000.0,1,0.03125,0.49,2.2973400956248734e-06,0.09337116718647764,3.4565194522332288,2.2973400956248734e-06,stochastic_proposal_reached,True
Peak,v913_paper_peak01_0242980_persistent_sites,735.9214951373579,1000000.0,1,0.03125,0.5,2.2973400956248734e-06,0.09337116718647764,3.4565194522332288,2.2973400956248734e-06,stochastic_proposal_reached,True
Peak,v913_paper_peak01_0242980_persistent_sites,735.9214951373579,1000000.0,1,0.03125,0.6,2.7568081147498482e-06,0.09803972554580152,3.4565194522332288,2.7568081147498482e-06,stochastic_proposal_reached,True
Peak,v913_paper_peak01_0242980_persistent_sites,735.9214951373579,1000000.0,1,0.03125,0.8,3.6757441529997978e-06,0.09337116718647764,3.4565194522332288,3.6757441529997973e-06,stochastic_proposal_reached,True
Peak,v913_paper_peak01_0242980_persistent_sites,735.9214951373579,1000000.0,1,0.03125,1.0,4.594680191249747e-06,0.09337116718647764,3.4565194522332288,4.594680191249747e-06,stochastic_proposal_reached,True
Peak,v913_paper_peak01_0242980_persistent_sites,735.9214951373579,1000000.0,1,0.03125,1.25,5.743350239062183e-06,0.08753546923732279,3.4565194522332288,5.743350239062183e-06,stochastic_proposal_reached,True
Peak,v913_paper_peak01_0242980_persistent_sites,735.9214951373579,1000000.0,1,0.03125,1.5,6.89202028687462e-06,0.07002837538985823,3.4565194522332288,6.89202028687462e-06,stochastic_proposal_reached,True
Peak,v913_paper_peak01_0242980_persistent_sites,735.9214951373579,1000000.0,1,0.03125,2.0,9.189360382499494e-06,0.09337116718647764,3.4565194522332288,9.189360382499494e-06,stochastic_proposal_reached,True
Peak,v913_paper_peak01_0242980_persistent_sites,735.9214951373579,1000000.0,1,0.03125,2.5,1.1486700478124366e-05,0.09558014711770113,3.4565194522332288,1.1486700478124366e-05,stochastic_proposal_reached,True
Peak,v913_paper_peak01_0242980_persistent_sites,735.9214951373579,1000000.0,1,0.03125,3.0,1.378404057374924e-05,0.09558014711770113,3.4565194522332288,1.378404057374924e-05,stochastic_proposal_reached,True
Peak,v913_paper_peak01_0242980_persistent_sites,735.9214951373579,1000000.0,1,0.03125,3.5,1.6081380669374112e-05,0.09558014711770113,3.4565194522332288,1.6081380669374112e-05,stochastic_proposal_reached,True
Peak,v913_paper_peak01_0242980_persistent_sites,735.9214951373579,1000000.0,1,0.03125,3.99,1.833277396308649e-05,0.09558014711770113,3.4565194522332288,1.833277396308649e-05,stochastic_proposal_reached,True
Peak,v913_paper_peak01_0242980_persistent_sites,735.9214951373579,1000000.0,1,0.03125,4.0,1.8378720764998988e-05,0.09558014711770113,3.4565194522332288,1.8378720764998988e-05,stochastic_proposal_reached,True
Peak,v913_paper_peak01_0242980_persistent_sites,735.9214951373579,1000000.0,1,0.03125,8.0,1.8378720764998988e-05,0.09558014711770113,3.4565194522332288,1.8378720764998988e-05,stochastic_proposal_reached,True
Peak,v913_paper_peak01_0242980_persistent_sites,735.9214951373579,1000000.0,2,0.0625,0.1,2.2973400956248734e-06,0.08853826091535094,3.6287482597311493,2.2973400956248734e-06,stochastic_proposal_reached,True
Peak,v913_paper_peak01_0242980_persistent_sites,735.9214951373579,1000000.0,2,0.0625,0.3,2.2973400956248734e-06,0.08853826091535094,3.6287482597311493,2.2973400956248734e-06,stochastic_proposal_reached,True
Peak,v913_paper_peak01_0242980_persistent_sites,735.9214951373579,1000000.0,2,0.0625,0.49,2.2973400956248734e-06,0.08853826091535094,3.6287482597311493,2.2973400956248734e-06,stochastic_proposal_reached,True
Peak,v913_paper_peak01_0242980_persistent_sites,735.9214951373579,1000000.0,2,0.0625,0.5,2.2973400956248734e-06,0.08853826091535094,3.6287482597311493,2.2973400956248734e-06,stochastic_proposal_reached,True
Peak,v913_paper_peak01_0242980_persistent_sites,735.9214951373579,1000000.0,2,0.0625,0.6,2.7568081147498482e-06,0.09296517396111849,3.6287482597311493,2.7568081147498482e-06,stochastic_proposal_reached,True
Peak,v913_paper_peak01_0242980_persistent_sites,735.9214951373579,1000000.0,2,0.0625,0.8,3.6757441529997978e-06,0.08853826091535094,3.6287482597311493,3.6757441529997973e-06,stochastic_proposal_reached,True
Peak,v913_paper_peak01_0242980_persistent_sites,735.9214951373579,1000000.0,2,0.0625,1.0,4.594680191249747e-06,0.08853826091535094,3.6287482597311493,4.594680191249747e-06,stochastic_proposal_reached,True
Peak,v913_paper_peak01_0242980_persistent_sites,735.9214951373579,1000000.0,2,0.0625,1.25,5.743350239062183e-06,0.08300461960814151,3.6287482597311493,5.743350239062183e-06,stochastic_proposal_reached,True
Peak,v913_paper_peak01_0242980_persistent_sites,735.9214951373579,1000000.0,2,0.0625,1.5,6.89202028687462e-06,0.06640369568651322,3.6287482597311493,6.89202028687462e-06,stochastic_proposal_reached,True
Peak,v913_paper_peak01_0242980_persistent_sites,735.9214951373579,1000000.0,2,0.0625,2.0,9.189360382499494e-06,0.08853826091535094,3.6287482597311493,9.189360382499494e-06,stochastic_proposal_reached,True
Peak,v913_paper_peak01_0242980_persistent_sites,735.9214951373579,1000000.0,2,0.0625,2.5,1.1486700478124366e-05,0.09067291578664438,3.6287482597311493,1.1486700478124366e-05,stochastic_proposal_reached,True
Peak,v913_paper_peak01_0242980_persistent_sites,735.9214951373579,1000000.0,2,0.0625,3.0,1.378404057374924e-05,0.09067291578664438,3.6287482597311493,1.378404057374924e-05,stochastic_proposal_reached,True
Peak,v913_paper_peak01_0242980_persistent_sites,735.9214951373579,1000000.0,2,0.0625,3.5,1.6081380669374112e-05,0.09067291578664438,3.6287482597311493,1.6081380669374112e-05,stochastic_proposal_reached,True
Peak,v913_paper_peak01_0242980_persistent_sites,735.9214951373579,1000000.0,2,0.0625,3.99,1.833277396308649e-05,0.09067291578664438,3.6287482597311493,1.833277396308649e-05,stochastic_proposal_reached,True
Peak,v913_paper_peak01_0242980_persistent_sites,735.9214951373579,1000000.0,2,0.0625,4.0,1.8378720764998988e-05,0.09067291578664438,3.6287482597311493,1.8378720764998988e-05,stochastic_proposal_reached,True
Peak,v913_paper_peak01_0242980_persistent_sites,735.9214951373579,1000000.0,2,0.0625,8.0,1.8378720764998988e-05,0.09067291578664438,3.6287482597311493,1.8378720764998988e-05,stochastic_proposal_reached,True
Peak,v913_paper_peak01_0242980_persistent_sites,735.9214951373579,1000000.0,3,0.09375,0.1,2.2973400956248734e-06,0.08096364939278321,3.9258450479060194,2.2973400956248734e-06,stochastic_proposal_reached,True
Peak,v913_paper_peak01_0242980_persistent_sites,735.9214951373579,1000000.0,3,0.09375,0.3,2.2973400956248734e-06,0.08096364939278321,3.9258450479060194,2.2973400956248734e-06,stochastic_proposal_reached,True
Peak,v913_paper_peak01_0242980_persistent_sites,735.9214951373579,1000000.0,3,0.09375,0.49,2.2973400956248734e-06,0.08096364939278321,3.9258450479060194,2.2973400956248734e-06,stochastic_proposal_reached,True
Peak,v913_paper_peak01_0242980_persistent_sites,735.9214951373579,1000000.0,3,0.09375,0.5,2.2973400956248734e-06,0.08096364939278321,3.9258450479060194,2.2973400956248734e-06,stochastic_proposal_reached,True
Peak,v913_paper_peak01_0242980_persistent_sites,735.9214951373579,1000000.0,3,0.09375,0.6,2.7568081147498482e-06,0.08501183186242238,3.9258450479060194,2.7568081147498482e-06,stochastic_proposal_reached,True
Peak,v913_paper_peak01_0242980_persistent_sites,735.9214951373579,1000000.0,3,0.09375,0.8,3.6757441529997978e-06,0.08096364939278321,3.9258450479060194,3.6757441529997973e-06,stochastic_proposal_reached,True
Peak,v913_paper_peak01_0242980_persistent_sites,735.9214951373579,1000000.0,3,0.09375,1.0,4.594680191249747e-06,0.08096364939278321,3.9258450479060194,4.594680191249747e-06,stochastic_proposal_reached,True
Peak,v913_paper_peak01_0242980_persistent_sites,735.9214951373579,1000000.0,3,0.09375,1.25,5.743350239062183e-06,0.07590342130573427,3.9258450479060194,5.743350239062183e-06,stochastic_proposal_reached,True
Peak,v913_paper_peak01_0242980_persistent_sites,735.9214951373579,1000000.0,3,0.09375,1.5,6.89202028687462e-06,0.060722737044587416,3.9258450479060194,6.89202028687462e-06,stochastic_proposal_reached,True
Peak,v913_paper_peak01_0242980_persistent_sites,735.9214951373579,1000000.0,3,0.09375,2.0,9.189360382499494e-06,0.08096364939278321,3.9258450479060194,9.189360382499494e-06,stochastic_proposal_reached,True
Peak,v913_paper_peak01_0242980_persistent_sites,735.9214951373579,1000000.0,3,0.09375,2.5,1.1486700478124366e-05,0.08297951381824831,3.9258450479060194,1.1486700478124366e-05,stochastic_proposal_reached,True
Peak,v913_paper_peak01_0242980_persistent_sites,735.9214951373579,1000000.0,3,0.09375,3.0,1.378404057374924e-05,0.08297951381824831,3.9258450479060194,1.378404057374924e-05,stochastic_proposal_reached,True
Peak,v913_paper_peak01_0242980_persistent_sites,735.9214951373579,1000000.0,3,0.09375,3.5,1.6081380669374112e-05,0.08297951381824831,3.9258450479060194,1.6081380669374112e-05,stochastic_proposal_reached,True
Peak,v913_paper_peak01_0242980_persistent_sites,735.9214951373579,1000000.0,3,0.09375,3.99,1.833277396308649e-05,0.08297951381824831,3.9258450479060194,1.833277396308649e-05,stochastic_proposal_reached,True
Peak,v913_paper_peak01_0242980_persistent_sites,735.9214951373579,1000000.0,3,0.09375,4.0,1.8378720764998988e-05,0.08297951381824831,3.9258450479060194,1.8378720764998988e-05,stochastic_proposal_reached,True
Peak,v913_paper_peak01_0242980_persistent_sites,735.9214951373579,1000000.0,3,0.09375,8.0,1.8378720764998988e-05,0.08297951381824831,3.9258450479060194,1.8378720764998988e-05,stochastic_proposal_reached,True
Peak,v913_paper_peak01_0242980_persistent_sites,735.9214951373579,1000000.0,4,0.125,0.1,2.2973400956248734e-06,0.07130449071282384,4.361534646679507,2.2973400956248734e-06,stochastic_proposal_reached,True
Peak,v913_paper_peak01_0242980_persistent_sites,735.9214951373579,1000000.0,4,0.125,0.3,2.2973400956248734e-06,0.07130449071282384,4.361534646679507,2.2973400956248734e-06,stochastic_proposal_reached,True
Peak,v913_paper_peak01_0242980_persistent_sites,735.9214951373579,1000000.0,4,0.125,0.49,2.2973400956248734e-06,0.07130449071282384,4.361534646679507,2.2973400956248734e-06,stochastic_proposal_reached,True
Peak,v913_paper_peak01_0242980_persistent_sites,735.9214951373579,1000000.0,4,0.125,0.5,2.2973400956248734e-06,0.07130449071282384,4.361534646679507,2.2973400956248734e-06,stochastic_proposal_reached,True
Peak,v913_paper_peak01_0242980_persistent_sites,735.9214951373579,1000000.0,4,0.125,0.6,2.7568081147498482e-06,0.07486971524846504,4.361534646679507,2.7568081147498482e-06,stochastic_proposal_reached,True
Peak,v913_paper_peak01_0242980_persistent_sites,735.9214951373579,1000000.0,4,0.125,0.8,3.6757441529997978e-06,0.07130449071282384,4.361534646679507,3.6757441529997973e-06,stochastic_proposal_reached,True
Peak,v913_paper_peak01_0242980_persistent_sites,735.9214951373579,1000000.0,4,0.125,1.0,4.594680191249747e-06,0.07130449071282384,4.361534646679507,4.594680191249747e-06,stochastic_proposal_reached,True
Peak,v913_paper_peak01_0242980_persistent_sites,735.9214951373579,1000000.0,4,0.125,1.25,5.743350239062183e-06,0.06684796004327236,4.361534646679507,5.743350239062183e-06,stochastic_proposal_reached,True
Peak,v913_paper_peak01_0242980_persistent_sites,735.9214951373579,1000000.0,4,0.125,1.5,6.89202028687462e-06,0.05347836803461789,4.361534646679507,6.89202028687462e-06,stochastic_proposal_reached,True
Peak,v913_paper_peak01_0242980_persistent_sites,735.9214951373579,1000000.0,4,0.125,2.0,9.189360382499494e-06,0.07130449071282384,4.361534646679507,9.189360382499494e-06,stochastic_proposal_reached,True
Peak,v913_paper_peak01_0242980_persistent_sites,735.9214951373579,1000000.0,4,0.125,2.5,1.1486700478124366e-05,0.0731642157223007,4.361534646679507,1.1486700478124366e-05,stochastic_proposal_reached,True
Peak,v913_paper_peak01_0242980_persistent_sites,735.9214951373579,1000000.0,4,0.125,3.0,1.378404057374924e-05,0.0731642157223007,4.361534646679507,1.378404057374924e-05,stochastic_proposal_reached,True
Peak,v913_paper_peak01_0242980_persistent_sites,735.9214951373579,1000000.0,4,0.125,3.5,1.6081380669374112e-05,0.0731642157223007,4.361534646679507,1.6081380669374112e-05,stochastic_proposal_reached,True
Peak,v913_paper_peak01_0242980_persistent_sites,735.9214951373579,1000000.0,4,0.125,3.99,1.833277396308649e-05,0.0731642157223007,4.361534646679507,1.833277396308649e-05,stochastic_proposal_reached,True
Peak,v913_paper_peak01_0242980_persistent_sites,735.9214951373579,1000000.0,4,0.125,4.0,1.8378720764998988e-05,0.0731642157223007,4.361534646679507,1.8378720764998988e-05,stochastic_proposal_reached,True
Peak,v913_paper_peak01_0242980_persistent_sites,735.9214951373579,1000000.0,4,0.125,8.0,1.8378720764998988e-05,0.0731642157223007,4.361534646679507,1.8378720764998988e-05,stochastic_proposal_reached,True
Peak,v913_paper_peak01_0242980_persistent_sites,735.9214951373579,1000000.0,5,0.15625,0.1,2.2973400956248734e-06,0.06036378995849797,4.951844334126941,2.2973400956248734e-06,stochastic_proposal_reached,True
Peak,v913_paper_peak01_0242980_persistent_sites,735.9214951373579,1000000.0,5,0.15625,0.3,2.2973400956248734e-06,0.06036378995849797,4.951844334126941,2.2973400956248734e-06,stochastic_proposal_reached,True
Peak,v913_paper_peak01_0242980_persistent_sites,735.9214951373579,1000000.0,5,0.15625,0.49,2.2973400956248734e-06,0.06036378995849797,4.951844334126941,2.2973400956248734e-06,stochastic_proposal_reached,True
Peak,v913_paper_peak01_0242980_persistent_sites,735.9214951373579,1000000.0,5,0.15625,0.5,2.2973400956248734e-06,0.06036378995849797,4.951844334126941,2.2973400956248734e-06,stochastic_proposal_reached,True
Peak,v913_paper_peak01_0242980_persistent_sites,735.9214951373579,1000000.0,5,0.15625,0.6,2.7568081147498482e-06,0.06338197945642288,4.951844334126941,2.7568081147498482e-06,stochastic_proposal_reached,True
Peak,v913_paper_peak01_0242980_persistent_sites,735.9214951373579,1000000.0,5,0.15625,0.8,3.6757441529997978e-06,0.06036378995849797,4.951844334126941,3.6757441529997973e-06,stochastic_proposal_reached,True
Peak,v913_paper_peak01_0242980_persistent_sites,735.9214951373579,1000000.0,5,0.15625,1.0,4.594680191249747e-06,0.06036378995849797,4.951844334126941,4.594680191249747e-06,stochastic_proposal_reached,True
Peak,v913_paper_peak01_0242980_persistent_sites,735.9214951373579,1000000.0,5,0.15625,1.25,5.743350239062183e-06,0.05659105308609185,4.951844334126941,5.743350239062183e-06,stochastic_proposal_reached,True
Peak,v913_paper_peak01_0242980_persistent_sites,735.9214951373579,1000000.0,5,0.15625,1.5,6.89202028687462e-06,0.04527284246887348,4.951844334126941,6.89202028687462e-06,stochastic_proposal_reached,True
Peak,v913_paper_peak01_0242980_persistent_sites,735.9214951373579,1000000.0,5,0.15625,2.0,9.189360382499494e-06,0.06036378995849797,4.951844334126941,9.189360382499494e-06,stochastic_proposal_reached,True
Peak,v913_paper_peak01_0242980_persistent_sites,735.9214951373579,1000000.0,5,0.15625,2.5,1.1486700478124366e-05,0.06203903647283582,4.951844334126941,1.1486700478124366e-05,stochastic_proposal_reached,True
Peak,v913_paper_peak01_0242980_persistent_sites,735.9214951373579,1000000.0,5,0.15625,3.0,1.378404057374924e-05,0.06203903647283582,4.951844334126941,1.378404057374924e-05,stochastic_proposal_reached,True
Peak,v913_paper_peak01_0242980_persistent_sites,735.9214951373579,1000000.0,5,0.15625,3.5,1.6081380669374112e-05,0.06203903647283582,4.951844334126941,1.6081380669374112e-05,stochastic_proposal_reached,True
Peak,v913_paper_peak01_0242980_persistent_sites,735.9214951373579,1000000.0,5,0.15625,3.99,1.833277396308649e-05,0.06203903647283582,4.951844334126941,1.833277396308649e-05,stochastic_proposal_reached,True
Peak,v913_paper_peak01_0242980_persistent_sites,735.9214951373579,1000000.0,5,0.15625,4.0,1.8378720764998988e-05,0.06203903647283582,4.951844334126941,1.8378720764998988e-05,stochastic_proposal_reached,True
Peak,v913_paper_peak01_0242980_persistent_sites,735.9214951373579,1000000.0,5,0.15625,8.0,1.8378720764998988e-05,0.06203903647283582,4.951844334126941,1.8378720764998988e-05,stochastic_proposal_reached,True
Peak,v913_paper_peak01_0242980_persistent_sites,735.9214951373579,1000000.0,6,0.1875,0.1,2.2973400956248734e-06,0.04899380115605138,5.710959088361582,2.2973400956248734e-06,stochastic_proposal_reached,True
Peak,v913_paper_peak01_0242980_persistent_sites,735.9214951373579,1000000.0,6,0.1875,0.3,2.2973400956248734e-06,0.04899380115605138,5.710959088361582,2.2973400956248734e-06,stochastic_proposal_reached,True
Peak,v913_paper_peak01_0242980_persistent_sites,735.9214951373579,1000000.0,6,0.1875,0.49,2.2973400956248734e-06,0.04899380115605138,5.710959088361582,2.2973400956248734e-06,stochastic_proposal_reached,True
Peak,v913_paper_peak01_0242980_persistent_sites,735.9214951373579,1000000.0,6,0.1875,0.5,2.2973400956248734e-06,0.04899380115605138,5.710959088361582,2.2973400956248734e-06,stochastic_proposal_reached,True
Peak,v913_paper_peak01_0242980_persistent_sites,735.9214951373579,1000000.0,6,0.1875,0.6,2.7568081147498482e-06,0.05144349121385394,5.710959088361582,2.7568081147498482e-06,stochastic_proposal_reached,True
Peak,v913_paper_peak01_0242980_persistent_sites,735.9214951373579,1000000.0,6,0.1875,0.8,3.6757441529997978e-06,0.04899380115605138,5.710959088361582,3.6757441529997973e-06,stochastic_proposal_reached,True
Peak,v913_paper_peak01_0242980_persistent_sites,735.9214951373579,1000000.0,6,0.1875,1.0,4.594680191249747e-06,0.04899380115605138,5.710959088361582,4.594680191249747e-06,stochastic_proposal_reached,True
Peak,v913_paper_peak01_0242980_persistent_sites,735.9214951373579,1000000.0,6,0.1875,1.25,5.743350239062183e-06,0.04593168858379817,5.710959088361582,5.743350239062183e-06,stochastic_proposal_reached,True
Peak,v913_paper_peak01_0242980_persistent_sites,735.9214951373579,1000000.0,6,0.1875,1.5,6.89202028687462e-06,0.036745350867038534,5.710959088361582,6.89202028687462e-06,stochastic_proposal_reached,True
Peak,v913_paper_peak01_0242980_persistent_sites,735.9214951373579,1000000.0,6,0.1875,2.0,9.189360382499494e-06,0.04899380115605138,5.710959088361582,9.189360382499494e-06,stochastic_proposal_reached,True
Peak,v913_paper_peak01_0242980_persistent_sites,735.9214951373579,1000000.0,6,0.1875,2.5,1.1486700478124366e-05,0.050466329042055946,5.710959088361582,1.1486700478124366e-05,stochastic_proposal_reached,True
Peak,v913_paper_peak01_0242980_persistent_sites,735.9214951373579,1000000.0,6,0.1875,3.0,1.378404057374924e-05,0.050466329042055946,5.710959088361582,1.378404057374924e-05,stochastic_proposal_reached,True
Peak,v913_paper_peak01_0242980_persistent_sites,735.9214951373579,1000000.0,6,0.1875,3.5,1.6081380669374112e-05,0.050466329042055946,5.710959088361582,1.6081380669374112e-05,stochastic_proposal_reached,True
Peak,v913_paper_peak01_0242980_persistent_sites,735.9214951373579,1000000.0,6,0.1875,3.99,1.833277396308649e-05,0.050466329042055946,5.710959088361582,1.833277396308649e-05,stochastic_proposal_reached,True
Peak,v913_paper_peak01_0242980_persistent_sites,735.9214951373579,1000000.0,6,0.1875,4.0,1.8378720764998988e-05,0.050466329042055946,5.710959088361582,1.8378720764998988e-05,stochastic_proposal_reached,True
Peak,v913_paper_peak01_0242980_persistent_sites,735.9214951373579,1000000.0,6,0.1875,8.0,1.8378720764998988e-05,0.050466329042055946,5.710959088361582,1.8378720764998988e-05,stochastic_proposal_reached,True
Peak,v913_paper_peak01_0242980_persistent_sites,735.9214951373579,1000000.0,7,0.21875,0.1,2.2973400956248734e-06,0.037997536619927566,6.645086382001451,2.2973400956248734e-06,stochastic_proposal_reached,True
Peak,v913_paper_peak01_0242980_persistent_sites,735.9214951373579,1000000.0,7,0.21875,0.3,2.2973400956248734e-06,0.037997536619927566,6.645086382001451,2.2973400956248734e-06,stochastic_proposal_reached,True
Peak,v913_paper_peak01_0242980_persistent_sites,735.9214951373579,1000000.0,7,0.21875,0.49,2.2973400956248734e-06,0.037997536619927566,6.645086382001451,2.2973400956248734e-06,stochastic_proposal_reached,True
Peak,v913_paper_peak01_0242980_persistent_sites,735.9214951373579,1000000.0,7,0.21875,0.5,2.2973400956248734e-06,0.037997536619927566,6.645086382001451,2.2973400956248734e-06,stochastic_proposal_reached,True
Peak,v913_paper_peak01_0242980_persistent_sites,735.9214951373579,1000000.0,7,0.21875,0.6,2.7568081147498482e-06,0.039897413450923944,6.645086382001451,2.7568081147498482e-06,stochastic_proposal_reached,True
Peak,v913_paper_peak01_0242980_persistent_sites,735.9214951373579,1000000.0,7,0.21875,0.8,3.6757441529997978e-06,0.037997536619927566,6.645086382001451,3.6757441529997973e-06,stochastic_proposal_reached,True
Peak,v913_paper_peak01_0242980_persistent_sites,735.9214951373579,1000000.0,7,0.21875,1.0,4.594680191249747e-06,0.037997536619927566,6.645086382001451,4.594680191249747e-06,stochastic_proposal_reached,True
Peak,v913_paper_peak01_0242980_persistent_sites,735.9214951373579,1000000.0,7,0.21875,1.25,5.743350239062183e-06,0.035622690581182094,6.645086382001451,5.743350239062183e-06,stochastic_proposal_reached,True
Peak,v913_paper_peak01_0242980_persistent_sites,735.9214951373579,1000000.0,7,0.21875,1.5,6.89202028687462e-06,0.028498152464945678,6.645086382001451,6.89202028687462e-06,stochastic_proposal_reached,True
Peak,v913_paper_peak01_0242980_persistent_sites,735.9214951373579,1000000.0,7,0.21875,2.0,9.189360382499494e-06,0.037997536619927566,6.645086382001451,9.189360382499494e-06,stochastic_proposal_reached,True
Peak,v913_paper_peak01_0242980_persistent_sites,735.9214951373579,1000000.0,7,0.21875,2.5,1.1486700478124366e-05,0.039259447473092735,6.645086382001451,1.1486700478124366e-05,stochastic_proposal_reached,True
Peak,v913_paper_peak01_0242980_persistent_sites,735.9214951373579,1000000.0,7,0.21875,3.0,1.378404057374924e-05,0.039259447473092735,6.645086382001451,1.378404057374924e-05,stochastic_proposal_reached,True
Peak,v913_paper_peak01_0242980_persistent_sites,735.9214951373579,1000000.0,7,0.21875,3.5,1.6081380669374112e-05,0.039259447473092735,6.645086382001451,1.6081380669374112e-05,stochastic_proposal_reached,True
Peak,v913_paper_peak01_0242980_persistent_sites,735.9214951373579,1000000.0,7,0.21875,3.99,1.833277396308649e-05,0.039259447473092735,6.645086382001451,1.833277396308649e-05,stochastic_proposal_reached,True
Peak,v913_paper_peak01_0242980_persistent_sites,735.9214951373579,1000000.0,7,0.21875,4.0,1.8378720764998988e-05,0.039259447473092735,6.645086382001451,1.8378720764998988e-05,stochastic_proposal_reached,True
Peak,v913_paper_peak01_0242980_persistent_sites,735.9214951373579,1000000.0,7,0.21875,8.0,1.8378720764998988e-05,0.039259447473092735,6.645086382001451,1.8378720764998988e-05,stochastic_proposal_reached,True
Peak,v913_paper_peak01_0242980_persistent_sites,735.9214951373579,1000000.0,8,0.25,0.1,2.2973400956248734e-06,0.02804217679757431,7.744817851592823,2.2973400956248734e-06,stochastic_proposal_reached,True
Peak,v913_paper_peak01_0242980_persistent_sites,735.9214951373579,1000000.0,8,0.25,0.3,2.2973400956248734e-06,0.02804217679757431,7.744817851592823,2.2973400956248734e-06,stochastic_proposal_reached,True
Peak,v913_paper_peak01_0242980_persistent_sites,735.9214951373579,1000000.0,8,0.25,0.49,2.2973400956248734e-06,0.02804217679757431,7.744817851592823,2.2973400956248734e-06,stochastic_proposal_reached,True
Peak,v913_paper_peak01_0242980_persistent_sites,735.9214951373579,1000000.0,8,0.25,0.5,2.2973400956248734e-06,0.02804217679757431,7.744817851592823,2.2973400956248734e-06,stochastic_proposal_reached,True
Peak,v913_paper_peak01_0242980_persistent_sites,735.9214951373579,1000000.0,8,0.25,0.6,2.7568081147498482e-06,0.029444285637453025,7.744817851592823,2.7568081147498482e-06,stochastic_proposal_reached,True
Peak,v913_paper_peak01_0242980_persistent_sites,735.9214951373579,1000000.0,8,0.25,0.8,3.6757441529997978e-06,0.02804217679757431,7.744817851592823,3.6757441529997973e-06,stochastic_proposal_reached,True
Peak,v913_paper_peak01_0242980_persistent_sites,735.9214951373579,1000000.0,8,0.25,1.0,4.594680191249747e-06,0.02804217679757431,7.744817851592823,4.594680191249747e-06,stochastic_proposal_reached,True
Peak,v913_paper_peak01_0242980_persistent_sites,735.9214951373579,1000000.0,8,0.25,1.25,5.743350239062183e-06,0.026289540747725916,7.744817851592823,5.743350239062183e-06,stochastic_proposal_reached,True
Peak,v913_paper_peak01_0242980_persistent_sites,735.9214951373579,1000000.0,8,0.25,1.5,6.89202028687462e-06,0.021031632598180732,7.744817851592823,6.89202028687462e-06,stochastic_proposal_reached,True
Peak,v913_paper_peak01_0242980_persistent_sites,735.9214951373579,1000000.0,8,0.25,2.0,9.189360382499494e-06,0.02804217679757431,7.744817851592823,9.189360382499494e-06,stochastic_proposal_reached,True
Peak,v913_paper_peak01_0242980_persistent_sites,735.9214951373579,1000000.0,8,0.25,2.5,1.1486700478124366e-05,0.029095370875798388,7.744817851592823,1.1486700478124366e-05,stochastic_proposal_reached,True
Peak,v913_paper_peak01_0242980_persistent_sites,735.9214951373579,1000000.0,8,0.25,3.0,1.378404057374924e-05,0.029095370875798388,7.744817851592823,1.378404057374924e-05,stochastic_proposal_reached,True
Peak,v913_paper_peak01_0242980_persistent_sites,735.9214951373579,1000000.0,8,0.25,3.5,1.6081380669374112e-05,0.029095370875798388,7.744817851592823,1.6081380669374112e-05,stochastic_proposal_reached,True
Peak,v913_paper_peak01_0242980_persistent_sites,735.9214951373579,1000000.0,8,0.25,3.99,1.833277396308649e-05,0.029095370875798388,7.744817851592823,1.833277396308649e-05,stochastic_proposal_reached,True
Peak,v913_paper_peak01_0242980_persistent_sites,735.9214951373579,1000000.0,8,0.25,4.0,1.8378720764998988e-05,0.029095370875798388,7.744817851592823,1.8378720764998988e-05,stochastic_proposal_reached,True
Peak,v913_paper_peak01_0242980_persistent_sites,735.9214951373579,1000000.0,8,0.25,8.0,1.8378720764998988e-05,0.029095370875798388,7.744817851592823,1.8378720764998988e-05,stochastic_proposal_reached,True
Peak,v913_paper_peak01_0242980_persistent_sites,735.9214951373579,1000000.0,9,0.28125,0.1,2.2973400956248734e-06,0.01959619274072035,8.977726595166702,2.2973400956248734e-06,stochastic_proposal_reached,True
Peak,v913_paper_peak01_0242980_persistent_sites,735.9214951373579,1000000.0,9,0.28125,0.3,2.2973400956248734e-06,0.01959619274072035,8.977726595166702,2.2973400956248734e-06,stochastic_proposal_reached,True
Peak,v913_paper_peak01_0242980_persistent_sites,735.9214951373579,1000000.0,9,0.28125,0.49,2.2973400956248734e-06,0.01959619274072035,8.977726595166702,2.2973400956248734e-06,stochastic_proposal_reached,True
Peak,v913_paper_peak01_0242980_persistent_sites,735.9214951373579,1000000.0,9,0.28125,0.5,2.2973400956248734e-06,0.01959619274072035,8.977726595166702,2.2973400956248734e-06,stochastic_proposal_reached,True
Peak,v913_paper_peak01_0242980_persistent_sites,735.9214951373579,1000000.0,9,0.28125,0.6,2.7568081147498482e-06,0.02057600237775637,8.977726595166702,2.7568081147498482e-06,stochastic_proposal_reached,True
Peak,v913_paper_peak01_0242980_persistent_sites,735.9214951373579,1000000.0,9,0.28125,0.8,3.6757441529997978e-06,0.01959619274072035,8.977726595166702,3.6757441529997973e-06,stochastic_proposal_reached,True
Peak,v913_paper_peak01_0242980_persistent_sites,735.9214951373579,1000000.0,9,0.28125,1.0,4.594680191249747e-06,0.01959619274072035,8.977726595166702,4.594680191249747e-06,stochastic_proposal_reached,True
Peak,v913_paper_peak01_0242980_persistent_sites,735.9214951373579,1000000.0,9,0.28125,1.25,5.743350239062183e-06,0.01837143069442533,8.977726595166702,5.743350239062183e-06,stochastic_proposal_reached,True
Peak,v913_paper_peak01_0242980_persistent_sites,735.9214951373579,1000000.0,9,0.28125,1.5,6.89202028687462e-06,0.014697144555540265,8.977726595166702,6.89202028687462e-06,stochastic_proposal_reached,True
Peak,v913_paper_peak01_0242980_persistent_sites,735.9214951373579,1000000.0,9,0.28125,2.0,9.189360382499494e-06,0.01959619274072035,8.977726595166702,9.189360382499494e-06,stochastic_proposal_reached,True
Peak,v913_paper_peak01_0242980_persistent_sites,735.9214951373579,1000000.0,9,0.28125,2.5,1.1486700478124366e-05,0.020451189805404724,8.977726595166702,1.1486700478124366e-05,stochastic_proposal_reached,True
Peak,v913_paper_peak01_0242980_persistent_sites,735.9214951373579,1000000.0,9,0.28125,3.0,1.378404057374924e-05,0.020451189805404724,8.977726595166702,1.378404057374924e-05,stochastic_proposal_reached,True
Peak,v913_paper_peak01_0242980_persistent_sites,735.9214951373579,1000000.0,9,0.28125,3.5,1.6081380669374112e-05,0.020451189805404724,8.977726595166702,1.6081380669374112e-05,stochastic_proposal_reached,True
Peak,v913_paper_peak01_0242980_persistent_sites,735.9214951373579,1000000.0,9,0.28125,3.99,1.833277396308649e-05,0.020451189805404724,8.977726595166702,1.833277396308649e-05,stochastic_proposal_reached,True
Peak,v913_paper_peak01_0242980_persistent_sites,735.9214951373579,1000000.0,9,0.28125,4.0,1.8378720764998988e-05,0.020451189805404724,8.977726595166702,1.8378720764998988e-05,stochastic_proposal_reached,True
Peak,v913_paper_peak01_0242980_persistent_sites,735.9214951373579,1000000.0,9,0.28125,8.0,1.8378720764998988e-05,0.020451189805404724,8.977726595166702,1.8378720764998988e-05,stochastic_proposal_reached,True
Peak,v913_paper_peak01_0242980_persistent_sites,735.9214951373579,1000000.0,10,0.3125,0.1,2.2973400956248734e-06,0.012898266723322404,10.284262579146834,2.2973400956248734e-06,stochastic_proposal_reached,True
Peak,v913_paper_peak01_0242980_persistent_sites,735.9214951373579,1000000.0,10,0.3125,0.3,2.2973400956248734e-06,0.012898266723322404,10.284262579146834,2.2973400956248734e-06,stochastic_proposal_reached,True
Peak,v913_paper_peak01_0242980_persistent_sites,735.9214951373579,1000000.0,10,0.3125,0.49,2.2973400956248734e-06,0.012898266723322404,10.284262579146834,2.2973400956248734e-06,stochastic_proposal_reached,True
Peak,v913_paper_peak01_0242980_persistent_sites,735.9214951373579,1000000.0,10,0.3125,0.5,2.2973400956248734e-06,0.012898266723322404,10.284262579146834,2.2973400956248734e-06,stochastic_proposal_reached,True
Peak,v913_paper_peak01_0242980_persistent_sites,735.9214951373579,1000000.0,10,0.3125,0.6,2.7568081147498482e-06,0.013543180059488524,10.284262579146834,2.7568081147498482e-06,stochastic_proposal_reached,True
Peak,v913_paper_peak01_0242980_persistent_sites,735.9214951373579,1000000.0,10,0.3125,0.8,3.6757441529997978e-06,0.012898266723322404,10.284262579146834,3.6757441529997973e-06,stochastic_proposal_reached,True
Peak,v913_paper_peak01_0242980_persistent_sites,735.9214951373579,1000000.0,10,0.3125,1.0,4.594680191249747e-06,0.012898266723322404,10.284262579146834,4.594680191249747e-06,stochastic_proposal_reached,True
Peak,v913_paper_peak01_0242980_persistent_sites,735.9214951373579,1000000.0,10,0.3125,1.25,5.743350239062183e-06,0.012092125053114754,10.284262579146834,5.743350239062183e-06,stochastic_proposal_reached,True
Peak,v913_paper_peak01_0242980_persistent_sites,735.9214951373579,1000000.0,10,0.3125,1.5,6.89202028687462e-06,0.009673700042491804,10.284262579146834,6.89202028687462e-06,stochastic_proposal_reached,True
Peak,v913_paper_peak01_0242980_persistent_sites,735.9214951373579,1000000.0,10,0.3125,2.0,9.189360382499494e-06,0.012898266723322404,10.284262579146834,9.189360382499494e-06,stochastic_proposal_reached,True
Peak,v913_paper_peak01_0242980_persistent_sites,735.9214951373579,1000000.0,10,0.3125,2.5,1.1486700478124366e-05,0.01357260450105402,10.284262579146834,1.1486700478124366e-05,stochastic_proposal_reached,True
Peak,v913_paper_peak01_0242980_persistent_sites,735.9214951373579,1000000.0,10,0.3125,3.0,1.378404057374924e-05,0.01357260450105402,10.284262579146834,1.378404057374924e-05,stochastic_proposal_reached,True
Peak,v913_paper_peak01_0242980_persistent_sites,735.9214951373579,1000000.0,10,0.3125,3.5,1.6081380669374112e-05,0.01357260450105402,10.284262579146834,1.6081380669374112e-05,stochastic_proposal_reached,True
Peak,v913_paper_peak01_0242980_persistent_sites,735.9214951373579,1000000.0,10,0.3125,3.99,1.833277396308649e-05,0.01357260450105402,10.284262579146834,1.833277396308649e-05,stochastic_proposal_reached,True
Peak,v913_paper_peak01_0242980_persistent_sites,735.9214951373579,1000000.0,10,0.3125,4.0,1.8378720764998988e-05,0.01357260450105402,10.284262579146834,1.8378720764998988e-05,stochastic_proposal_reached,True
Peak,v913_paper_peak01_0242980_persistent_sites,735.9214951373579,1000000.0,10,0.3125,8.0,1.8378720764998988e-05,0.01357260450105402,10.284262579146834,1.8378720764998988e-05,stochastic_proposal_reached,True
Peak,v913_paper_peak01_0242980_persistent_sites,735.9214951373579,1000000.0,11,0.34375,0.1,2.2973400956248734e-06,0.007961196117888066,11.580458041100735,2.2973400956248734e-06,stochastic_proposal_reached,True
Peak,v913_paper_peak01_0242980_persistent_sites,735.9214951373579,1000000.0,11,0.34375,0.3,2.2973400956248734e-06,0.007961196117888066,11.580458041100735,2.2973400956248734e-06,stochastic_proposal_reached,True
Peak,v913_paper_peak01_0242980_persistent_sites,735.9214951373579,1000000.0,11,0.34375,0.49,2.2973400956248734e-06,0.007961196117888066,11.580458041100735,2.2973400956248734e-06,stochastic_proposal_reached,True
Peak,v913_paper_peak01_0242980_persistent_sites,735.9214951373579,1000000.0,11,0.34375,0.5,2.2973400956248734e-06,0.007961196117888066,11.580458041100735,2.2973400956248734e-06,stochastic_proposal_reached,True
Peak,v913_paper_peak01_0242980_persistent_sites,735.9214951373579,1000000.0,11,0.34375,0.6,2.7568081147498482e-06,0.00835925592378247,11.580458041100735,2.7568081147498482e-06,stochastic_proposal_reached,True
Peak,v913_paper_peak01_0242980_persistent_sites,735.9214951373579,1000000.0,11,0.34375,0.8,3.6757441529997978e-06,0.007961196117888066,11.580458041100735,3.6757441529997973e-06,stochastic_proposal_reached,True
Peak,v913_paper_peak01_0242980_persistent_sites,735.9214951373579,1000000.0,11,0.34375,1.0,4.594680191249747e-06,0.007961196117888066,11.580458041100735,4.594680191249747e-06,stochastic_proposal_reached,True
Peak,v913_paper_peak01_0242980_persistent_sites,735.9214951373579,1000000.0,11,0.34375,1.25,5.743350239062183e-06,0.007463621360520062,11.580458041100735,5.743350239062183e-06,stochastic_proposal_reached,True
Peak,v913_paper_peak01_0242980_persistent_sites,735.9214951373579,1000000.0,11,0.34375,1.5,6.89202028687462e-06,0.00597089708841605,11.580458041100735,6.89202028687462e-06,stochastic_proposal_reached,True
Peak,v913_paper_peak01_0242980_persistent_sites,735.9214951373579,1000000.0,11,0.34375,2.0,9.189360382499494e-06,0.007961196117888066,11.580458041100735,9.189360382499494e-06,stochastic_proposal_reached,True
Peak,v913_paper_peak01_0242980_persistent_sites,735.9214951373579,1000000.0,11,0.34375,2.5,1.1486700478124366e-05,0.008477650202404874,11.580458041100735,1.1486700478124366e-05,stochastic_proposal_reached,True
Peak,v913_paper_peak01_0242980_persistent_sites,735.9214951373579,1000000.0,11,0.34375,3.0,1.378404057374924e-05,0.008477650202404874,11.580458041100735,1.378404057374924e-05,stochastic_proposal_reached,True
Peak,v913_paper_peak01_0242980_persistent_sites,735.9214951373579,1000000.0,11,0.34375,3.5,1.6081380669374112e-05,0.008477650202404874,11.580458041100735,1.6081380669374112e-05,stochastic_proposal_reached,True
Peak,v913_paper_peak01_0242980_persistent_sites,735.9214951373579,1000000.0,11,0.34375,3.99,1.833277396308649e-05,0.008477650202404874,11.580458041100735,1.833277396308649e-05,stochastic_proposal_reached,True
Peak,v913_paper_peak01_0242980_persistent_sites,735.9214951373579,1000000.0,11,0.34375,4.0,1.8378720764998988e-05,0.008477650202404874,11.580458041100735,1.8378720764998988e-05,stochastic_proposal_reached,True
Peak,v913_paper_peak01_0242980_persistent_sites,735.9214951373579,1000000.0,11,0.34375,8.0,1.8378720764998988e-05,0.008477650202404874,11.580458041100735,1.8378720764998988e-05,stochastic_proposal_reached,True
Peak,v913_paper_peak01_0242980_persistent_sites,735.9214951373579,1000000.0,12,0.375,0.1,2.2973400956248734e-06,0.004608639757914388,12.769480553739436,2.2973400956248734e-06,stochastic_proposal_reached,True
Peak,v913_paper_peak01_0242980_persistent_sites,735.9214951373579,1000000.0,12,0.375,0.3,2.2973400956248734e-06,0.004608639757914388,12.769480553739436,2.2973400956248734e-06,stochastic_proposal_reached,True
Peak,v913_paper_peak01_0242980_persistent_sites,735.9214951373579,1000000.0,12,0.375,0.49,2.2973400956248734e-06,0.004608639757914388,12.769480553739436,2.2973400956248734e-06,stochastic_proposal_reached,True
Peak,v913_paper_peak01_0242980_persistent_sites,735.9214951373579,1000000.0,12,0.375,0.5,2.2973400956248734e-06,0.004608639757914388,12.769480553739436,2.2973400956248734e-06,stochastic_proposal_reached,True
Peak,v913_paper_peak01_0242980_persistent_sites,735.9214951373579,1000000.0,12,0.375,0.6,2.7568081147498482e-06,0.004839071745810107,12.769480553739436,2.7568081147498482e-06,stochastic_proposal_reached,True
Peak,v913_paper_peak01_0242980_persistent_sites,735.9214951373579,1000000.0,12,0.375,0.8,3.6757441529997978e-06,0.004608639757914388,12.769480553739436,3.6757441529997973e-06,stochastic_proposal_reached,True
Peak,v913_paper_peak01_0242980_persistent_sites,735.9214951373579,1000000.0,12,0.375,1.0,4.594680191249747e-06,0.004608639757914388,12.769480553739436,4.594680191249747e-06,stochastic_proposal_reached,True
Peak,v913_paper_peak01_0242980_persistent_sites,735.9214951373579,1000000.0,12,0.375,1.25,5.743350239062183e-06,0.004320599773044739,12.769480553739436,5.743350239062183e-06,stochastic_proposal_reached,True
Peak,v913_paper_peak01_0242980_persistent_sites,735.9214951373579,1000000.0,12,0.375,1.5,6.89202028687462e-06,0.003456479818435791,12.769480553739436,6.89202028687462e-06,stochastic_proposal_reached,True
Peak,v913_paper_peak01_0242980_persistent_sites,735.9214951373579,1000000.0,12,0.375,2.0,9.189360382499494e-06,0.004608639757914388,12.769480553739436,9.189360382499494e-06,stochastic_proposal_reached,True
Peak,v913_paper_peak01_0242980_persistent_sites,735.9214951373579,1000000.0,12,0.375,2.5,1.1486700478124366e-05,0.004993501759225971,12.769480553739436,1.1486700478124366e-05,stochastic_proposal_reached,True
Peak,v913_paper_peak01_0242980_persistent_sites,735.9214951373579,1000000.0,12,0.375,3.0,1.378404057374924e-05,0.004993501759225971,12.769480553739436,1.378404057374924e-05,stochastic_proposal_reached,True
Peak,v913_paper_peak01_0242980_persistent_sites,735.9214951373579,1000000.0,12,0.375,3.5,1.6081380669374112e-05,0.004993501759225971,12.769480553739436,1.6081380669374112e-05,stochastic_proposal_reached,True
Peak,v913_paper_peak01_0242980_persistent_sites,735.9214951373579,1000000.0,12,0.375,3.99,1.833277396308649e-05,0.004993501759225971,12.769480553739436,1.833277396308649e-05,stochastic_proposal_reached,True
Peak,v913_paper_peak01_0242980_persistent_sites,735.9214951373579,1000000.0,12,0.375,4.0,1.8378720764998988e-05,0.004993501759225971,12.769480553739436,1.8378720764998988e-05,stochastic_proposal_reached,True
Peak,v913_paper_peak01_0242980_persistent_sites,735.9214951373579,1000000.0,12,0.375,8.0,1.8378720764998988e-05,0.004993501759225971,12.769480553739436,1.8378720764998988e-05,stochastic_proposal_reached,True
Peak,v913_paper_peak01_0242980_persistent_sites,735.9214951373579,1000000.0,13,0.40625,0.1,2.2973400956248734e-06,0.002537625472307236,13.760415812711535,2.2973400956248734e-06,stochastic_proposal_reached,True
Peak,v913_paper_peak01_0242980_persistent_sites,735.9214951373579,1000000.0,13,0.40625,0.3,2.2973400956248734e-06,0.002537625472307236,13.760415812711535,2.2973400956248734e-06,stochastic_proposal_reached,True
Peak,v913_paper_peak01_0242980_persistent_sites,735.9214951373579,1000000.0,13,0.40625,0.49,2.2973400956248734e-06,0.002537625472307236,13.760415812711535,2.2973400956248734e-06,stochastic_proposal_reached,True
Peak,v913_paper_peak01_0242980_persistent_sites,735.9214951373579,1000000.0,13,0.40625,0.5,2.2973400956248734e-06,0.002537625472307236,13.760415812711535,2.2973400956248734e-06,stochastic_proposal_reached,True
Peak,v913_paper_peak01_0242980_persistent_sites,735.9214951373579,1000000.0,13,0.40625,0.6,2.7568081147498482e-06,0.0026645067459225976,13.760415812711535,2.7568081147498482e-06,stochastic_proposal_reached,True
Peak,v913_paper_peak01_0242980_persistent_sites,735.9214951373579,1000000.0,13,0.40625,0.8,3.6757441529997978e-06,0.002537625472307236,13.760415812711535,3.6757441529997973e-06,stochastic_proposal_reached,True
Peak,v913_paper_peak01_0242980_persistent_sites,735.9214951373579,1000000.0,13,0.40625,1.0,4.594680191249747e-06,0.002537625472307236,13.760415812711535,4.594680191249747e-06,stochastic_proposal_reached,True
Peak,v913_paper_peak01_0242980_persistent_sites,735.9214951373579,1000000.0,13,0.40625,1.25,5.743350239062183e-06,0.0023790238802880335,13.760415812711535,5.743350239062183e-06,stochastic_proposal_reached,True
Peak,v913_paper_peak01_0242980_persistent_sites,735.9214951373579,1000000.0,13,0.40625,1.5,6.89202028687462e-06,0.0019032191042304269,13.760415812711535,6.89202028687462e-06,stochastic_proposal_reached,True
Peak,v913_paper_peak01_0242980_persistent_sites,735.9214951373579,1000000.0,13,0.40625,2.0,9.189360382499494e-06,0.002537625472307236,13.760415812711535,9.189360382499494e-06,stochastic_proposal_reached,True
Peak,v913_paper_peak01_0242980_persistent_sites,735.9214951373579,1000000.0,13,0.40625,2.5,1.1486700478124366e-05,0.0028192344695585625,13.760415812711535,1.1486700478124366e-05,stochastic_proposal_reached,True
Peak,v913_paper_peak01_0242980_persistent_sites,735.9214951373579,1000000.0,13,0.40625,3.0,1.378404057374924e-05,0.0028192344695585625,13.760415812711535,1.378404057374924e-05,stochastic_proposal_reached,True
Peak,v913_paper_peak01_0242980_persistent_sites,735.9214951373579,1000000.0,13,0.40625,3.5,1.6081380669374112e-05,0.0028192344695585625,13.760415812711535,1.6081380669374112e-05,stochastic_proposal_reached,True
Peak,v913_paper_peak01_0242980_persistent_sites,735.9214951373579,1000000.0,13,0.40625,3.99,1.833277396308649e-05,0.0028192344695585625,13.760415812711535,1.833277396308649e-05,stochastic_proposal_reached,True
Peak,v913_paper_peak01_0242980_persistent_sites,735.9214951373579,1000000.0,13,0.40625,4.0,1.8378720764998988e-05,0.0028192344695585625,13.760415812711535,1.8378720764998988e-05,stochastic_proposal_reached,True
Peak,v913_paper_peak01_0242980_persistent_sites,735.9214951373579,1000000.0,13,0.40625,8.0,1.8378720764998988e-05,0.0028192344695585625,13.760415812711535,1.8378720764998988e-05,stochastic_proposal_reached,True
Peak,v913_paper_peak01_0242980_persistent_sites,735.9214951373579,1000000.0,14,0.4375,0.1,2.2973400956248734e-06,0.0013959321467516233,14.488000843521258,2.2973400956248734e-06,stochastic_proposal_reached,True
Peak,v913_paper_peak01_0242980_persistent_sites,735.9214951373579,1000000.0,14,0.4375,0.3,2.2973400956248734e-06,0.0013959321467516233,14.488000843521258,2.2973400956248734e-06,stochastic_proposal_reached,True
Peak,v913_paper_peak01_0242980_persistent_sites,735.9214951373579,1000000.0,14,0.4375,0.49,2.2973400956248734e-06,0.0013959321467516233,14.488000843521258,2.2973400956248734e-06,stochastic_proposal_reached,True
Peak,v913_paper_peak01_0242980_persistent_sites,735.9214951373579,1000000.0,14,0.4375,0.5,2.2973400956248734e-06,0.0013959321467516233,14.488000843521258,2.2973400956248734e-06,stochastic_proposal_reached,True
Peak,v913_paper_peak01_0242980_persistent_sites,735.9214951373579,1000000.0,14,0.4375,0.6,2.7568081147498482e-06,0.0014657287540892044,14.488000843521258,2.7568081147498482e-06,stochastic_proposal_reached,True
Peak,v913_paper_peak01_0242980_persistent_sites,735.9214951373579,1000000.0,14,0.4375,0.8,3.6757441529997978e-06,0.0013959321467516233,14.488000843521258,3.6757441529997973e-06,stochastic_proposal_reached,True
Peak,v913_paper_peak01_0242980_persistent_sites,735.9214951373579,1000000.0,14,0.4375,1.0,4.594680191249747e-06,0.0013959321467516233,14.488000843521258,4.594680191249747e-06,stochastic_proposal_reached,True
Peak,v913_paper_peak01_0242980_persistent_sites,735.9214951373579,1000000.0,14,0.4375,1.25,5.743350239062183e-06,0.0013086863875796469,14.488000843521258,5.743350239062183e-06,stochastic_proposal_reached,True
Peak,v913_paper_peak01_0242980_persistent_sites,735.9214951373579,1000000.0,14,0.4375,1.5,6.89202028687462e-06,0.0010469491100637176,14.488000843521258,6.89202028687462e-06,stochastic_proposal_reached,True
Peak,v913_paper_peak01_0242980_persistent_sites,735.9214951373579,1000000.0,14,0.4375,2.0,9.189360382499494e-06,0.0013959321467516233,14.488000843521258,9.189360382499494e-06,stochastic_proposal_reached,True
Peak,v913_paper_peak01_0242980_persistent_sites,735.9214951373579,1000000.0,14,0.4375,2.5,1.1486700478124366e-05,0.001603585633305482,14.488000843521258,1.1486700478124366e-05,stochastic_proposal_reached,True
Peak,v913_paper_peak01_0242980_persistent_sites,735.9214951373579,1000000.0,14,0.4375,3.0,1.378404057374924e-05,0.001603585633305482,14.488000843521258,1.378404057374924e-05,stochastic_proposal_reached,True
Peak,v913_paper_peak01_0242980_persistent_sites,735.9214951373579,1000000.0,14,0.4375,3.5,1.6081380669374112e-05,0.001603585633305482,14.488000843521258,1.6081380669374112e-05,stochastic_proposal_reached,True
Peak,v913_paper_peak01_0242980_persistent_sites,735.9214951373579,1000000.0,14,0.4375,3.99,1.833277396308649e-05,0.001603585633305482,14.488000843521258,1.833277396308649e-05,stochastic_proposal_reached,True
Peak,v913_paper_peak01_0242980_persistent_sites,735.9214951373579,1000000.0,14,0.4375,4.0,1.8378720764998988e-05,0.001603585633305482,14.488000843521258,1.8378720764998988e-05,stochastic_proposal_reached,True
Peak,v913_paper_peak01_0242980_persistent_sites,735.9214951373579,1000000.0,14,0.4375,8.0,1.8378720764998988e-05,0.001603585633305482,14.488000843521258,1.8378720764998988e-05,stochastic_proposal_reached,True
Peak,v913_paper_peak01_0242980_persistent_sites,735.9214951373579,1000000.0,15,0.46875,0.1,2.2973400956248734e-06,0.0008613643943509846,14.923463943294506,2.2973400956248734e-06,stochastic_proposal_reached,True
Peak,v913_paper_peak01_0242980_persistent_sites,735.9214951373579,1000000.0,15,0.46875,0.3,2.2973400956248734e-06,0.0008613643943509846,14.923463943294506,2.2973400956248734e-06,stochastic_proposal_reached,True
Peak,v913_paper_peak01_0242980_persistent_sites,735.9214951373579,1000000.0,15,0.46875,0.49,2.2973400956248734e-06,0.0008613643943509846,14.923463943294506,2.2973400956248734e-06,stochastic_proposal_reached,True
Peak,v913_paper_peak01_0242980_persistent_sites,735.9214951373579,1000000.0,15,0.46875,0.5,2.2973400956248734e-06,0.0008613643943509846,14.923463943294506,2.2973400956248734e-06,stochastic_proposal_reached,True
Peak,v913_paper_peak01_0242980_persistent_sites,735.9214951373579,1000000.0,15,0.46875,0.6,2.7568081147498482e-06,0.0009044326140685339,14.923463943294506,2.7568081147498482e-06,stochastic_proposal_reached,True
Peak,v913_paper_peak01_0242980_persistent_sites,735.9214951373579,1000000.0,15,0.46875,0.8,3.6757441529997978e-06,0.0008613643943509846,14.923463943294506,3.6757441529997973e-06,stochastic_proposal_reached,True
Peak,v913_paper_peak01_0242980_persistent_sites,735.9214951373579,1000000.0,15,0.46875,1.0,4.594680191249747e-06,0.0008613643943509846,14.923463943294506,4.594680191249747e-06,stochastic_proposal_reached,True
Peak,v913_paper_peak01_0242980_persistent_sites,735.9214951373579,1000000.0,15,0.46875,1.25,5.743350239062183e-06,0.0008075291197040481,14.923463943294506,5.743350239062183e-06,stochastic_proposal_reached,True
Peak,v913_paper_peak01_0242980_persistent_sites,735.9214951373579,1000000.0,15,0.46875,1.5,6.89202028687462e-06,0.0006460232957632386,14.923463943294506,6.89202028687462e-06,stochastic_proposal_reached,True
Peak,v913_paper_peak01_0242980_persistent_sites,735.9214951373579,1000000.0,15,0.46875,2.0,9.189360382499494e-06,0.0008613643943509846,14.923463943294506,9.189360382499494e-06,stochastic_proposal_reached,True
Peak,v913_paper_peak01_0242980_persistent_sites,735.9214951373579,1000000.0,15,0.46875,2.5,1.1486700478124366e-05,0.0010246505668565775,14.923463943294506,1.1486700478124366e-05,stochastic_proposal_reached,True
Peak,v913_paper_peak01_0242980_persistent_sites,735.9214951373579,1000000.0,15,0.46875,3.0,1.378404057374924e-05,0.0010246505668565775,14.923463943294506,1.378404057374924e-05,stochastic_proposal_reached,True
Peak,v913_paper_peak01_0242980_persistent_sites,735.9214951373579,1000000.0,15,0.46875,3.5,1.6081380669374112e-05,0.0010246505668565775,14.923463943294506,1.6081380669374112e-05,stochastic_proposal_reached,True
Peak,v913_paper_peak01_0242980_persistent_sites,735.9214951373579,1000000.0,15,0.46875,3.99,1.833277396308649e-05,0.0010246505668565775,14.923463943294506,1.833277396308649e-05,stochastic_proposal_reached,True
Peak,v913_paper_peak01_0242980_persistent_sites,735.9214951373579,1000000.0,15,0.46875,4.0,1.8378720764998988e-05,0.0010246505668565775,14.923463943294506,1.8378720764998988e-05,stochastic_proposal_reached,True
Peak,v913_paper_peak01_0242980_persistent_sites,735.9214951373579,1000000.0,15,0.46875,8.0,1.8378720764998988e-05,0.0010246505668565775,14.923463943294506,1.8378720764998988e-05,stochastic_proposal_reached,True
Peak,v913_paper_peak01_0242980_persistent_sites,735.9214951373579,1000000.0,16,0.5,0.1,2.2973400956248734e-06,0.0007098651859401768,15.066949140998862,2.2973400956248734e-06,stochastic_proposal_reached,True
Peak,v913_paper_peak01_0242980_persistent_sites,735.9214951373579,1000000.0,16,0.5,0.3,2.2973400956248734e-06,0.0007098651859401768,15.066949140998862,2.2973400956248734e-06,stochastic_proposal_reached,True
Peak,v913_paper_peak01_0242980_persistent_sites,735.9214951373579,1000000.0,16,0.5,0.49,2.2973400956248734e-06,0.0007098651859401768,15.066949140998862,2.2973400956248734e-06,stochastic_proposal_reached,True
Peak,v913_paper_peak01_0242980_persistent_sites,735.9214951373579,1000000.0,16,0.5,0.5,2.2973400956248734e-06,0.0007098651859401768,15.066949140998862,2.2973400956248734e-06,stochastic_proposal_reached,True
Peak,v913_paper_peak01_0242980_persistent_sites,735.9214951373579,1000000.0,16,0.5,0.6,2.7568081147498482e-06,0.0007453584452371857,15.066949140998862,2.7568081147498482e-06,stochastic_proposal_reached,True
Peak,v913_paper_peak01_0242980_persistent_sites,735.9214951373579,1000000.0,16,0.5,0.8,3.6757441529997978e-06,0.0007098651859401768,15.066949140998862,3.6757441529997973e-06,stochastic_proposal_reached,True
Peak,v913_paper_peak01_0242980_persistent_sites,735.9214951373579,1000000.0,16,0.5,1.0,4.594680191249747e-06,0.0007098651859401768,15.066949140998862,4.594680191249747e-06,stochastic_proposal_reached,True
Peak,v913_paper_peak01_0242980_persistent_sites,735.9214951373579,1000000.0,16,0.5,1.25,5.743350239062183e-06,0.0006654986118189158,15.066949140998862,5.743350239062183e-06,stochastic_proposal_reached,True
Peak,v913_paper_peak01_0242980_persistent_sites,735.9214951373579,1000000.0,16,0.5,1.5,6.89202028687462e-06,0.0005323988894551326,15.066949140998862,6.89202028687462e-06,stochastic_proposal_reached,True
Peak,v913_paper_peak01_0242980_persistent_sites,735.9214951373579,1000000.0,16,0.5,2.0,9.189360382499494e-06,0.0007098651859401768,15.066949140998862,9.189360382499494e-06,stochastic_proposal_reached,True
Peak,v913_paper_peak01_0242980_persistent_sites,735.9214951373579,1000000.0,16,0.5,2.5,1.1486700478124366e-05,0.0008583724841087492,15.066949140998862,1.1486700478124366e-05,stochastic_proposal_reached,True
Peak,v913_paper_peak01_0242980_persistent_sites,735.9214951373579,1000000.0,16,0.5,3.0,1.378404057374924e-05,0.0008583724841087492,15.066949140998862,1.378404057374924e-05,stochastic_proposal_reached,True
Peak,v913_paper_peak01_0242980_persistent_sites,735.9214951373579,1000000.0,16,0.5,3.5,1.6081380669374112e-05,0.0008583724841087492,15.066949140998862,1.6081380669374112e-05,stochastic_proposal_reached,True
Peak,v913_paper_peak01_0242980_persistent_sites,735.9214951373579,1000000.0,16,0.5,3.99,1.833277396308649e-05,0.0008583724841087492,15.066949140998862,1.833277396308649e-05,stochastic_proposal_reached,True
Peak,v913_paper_peak01_0242980_persistent_sites,735.9214951373579,1000000.0,16,0.5,4.0,1.8378720764998988e-05,0.0008583724841087492,15.066949140998862,1.8378720764998988e-05,stochastic_proposal_reached,True
Peak,v913_paper_peak01_0242980_persistent_sites,735.9214951373579,1000000.0,16,0.5,8.0,1.8378720764998988e-05,0.0008583724841087492,15.066949140998862,1.8378720764998988e-05,stochastic_proposal_reached,True
Peak,v913_paper_peak01_0242980_persistent_sites,735.9214951373579,1000000.0,17,0.53125,0.1,2.2973400956248734e-06,0.0008613643943509846,14.923463943294506,2.2973400956248734e-06,stochastic_proposal_reached,True
Peak,v913_paper_peak01_0242980_persistent_sites,735.9214951373579,1000000.0,17,0.53125,0.3,2.2973400956248734e-06,0.0008613643943509846,14.923463943294506,2.2973400956248734e-06,stochastic_proposal_reached,True
Peak,v913_paper_peak01_0242980_persistent_sites,735.9214951373579,1000000.0,17,0.53125,0.49,2.2973400956248734e-06,0.0008613643943509846,14.923463943294506,2.2973400956248734e-06,stochastic_proposal_reached,True
Peak,v913_paper_peak01_0242980_persistent_sites,735.9214951373579,1000000.0,17,0.53125,0.5,2.2973400956248734e-06,0.0008613643943509846,14.923463943294506,2.2973400956248734e-06,stochastic_proposal_reached,True
Peak,v913_paper_peak01_0242980_persistent_sites,735.9214951373579,1000000.0,17,0.53125,0.6,2.7568081147498482e-06,0.0009044326140685339,14.923463943294506,2.7568081147498482e-06,stochastic_proposal_reached,True
Peak,v913_paper_peak01_0242980_persistent_sites,735.9214951373579,1000000.0,17,0.53125,0.8,3.6757441529997978e-06,0.0008613643943509846,14.923463943294506,3.6757441529997973e-06,stochastic_proposal_reached,True
Peak,v913_paper_peak01_0242980_persistent_sites,735.9214951373579,1000000.0,17,0.53125,1.0,4.594680191249747e-06,0.0008613643943509846,14.923463943294506,4.594680191249747e-06,stochastic_proposal_reached,True
Peak,v913_paper_peak01_0242980_persistent_sites,735.9214951373579,1000000.0,17,0.53125,1.25,5.743350239062183e-06,0.0008075291197040481,14.923463943294506,5.743350239062183e-06,stochastic_proposal_reached,True
Peak,v913_paper_peak01_0242980_persistent_sites,735.9214951373579,1000000.0,17,0.53125,1.5,6.89202028687462e-06,0.0006460232957632386,14.923463943294506,6.89202028687462e-06,stochastic_proposal_reached,True
Peak,v913_paper_peak01_0242980_persistent_sites,735.9214951373579,1000000.0,17,0.53125,2.0,9.189360382499494e-06,0.0008613643943509846,14.923463943294506,9.189360382499494e-06,stochastic_proposal_reached,True
Peak,v913_paper_peak01_0242980_persistent_sites,735.9214951373579,1000000.0,17,0.53125,2.5,1.1486700478124366e-05,0.0010246505668565775,14.923463943294506,1.1486700478124366e-05,stochastic_proposal_reached,True
Peak,v913_paper_peak01_0242980_persistent_sites,735.9214951373579,1000000.0,17,0.53125,3.0,1.378404057374924e-05,0.0010246505668565775,14.923463943294506,1.378404057374924e-05,stochastic_proposal_reached,True
Peak,v913_paper_peak01_0242980_persistent_sites,735.9214951373579,1000000.0,17,0.53125,3.5,1.6081380669374112e-05,0.0010246505668565775,14.923463943294506,1.6081380669374112e-05,stochastic_proposal_reached,True
Peak,v913_paper_peak01_0242980_persistent_sites,735.9214951373579,1000000.0,17,0.53125,3.99,1.833277396308649e-05,0.0010246505668565775,14.923463943294506,1.833277396308649e-05,stochastic_proposal_reached,True
Peak,v913_paper_peak01_0242980_persistent_sites,735.9214951373579,1000000.0,17,0.53125,4.0,1.8378720764998988e-05,0.0010246505668565775,14.923463943294506,1.8378720764998988e-05,stochastic_proposal_reached,True
Peak,v913_paper_peak01_0242980_persistent_sites,735.9214951373579,1000000.0,17,0.53125,8.0,1.8378720764998988e-05,0.0010246505668565775,14.923463943294506,1.8378720764998988e-05,stochastic_proposal_reached,True
Peak,v913_paper_peak01_0242980_persistent_sites,735.9214951373579,1000000.0,18,0.5625,0.1,2.2973400956248734e-06,0.0013959321467516233,14.488000843521258,2.2973400956248734e-06,stochastic_proposal_reached,True
Peak,v913_paper_peak01_0242980_persistent_sites,735.9214951373579,1000000.0,18,0.5625,0.3,2.2973400956248734e-06,0.0013959321467516233,14.488000843521258,2.2973400956248734e-06,stochastic_proposal_reached,True
Peak,v913_paper_peak01_0242980_persistent_sites,735.9214951373579,1000000.0,18,0.5625,0.49,2.2973400956248734e-06,0.0013959321467516233,14.488000843521258,2.2973400956248734e-06,stochastic_proposal_reached,True
Peak,v913_paper_peak01_0242980_persistent_sites,735.9214951373579,1000000.0,18,0.5625,0.5,2.2973400956248734e-06,0.0013959321467516233,14.488000843521258,2.2973400956248734e-06,stochastic_proposal_reached,True
Peak,v913_paper_peak01_0242980_persistent_sites,735.9214951373579,1000000.0,18,0.5625,0.6,2.7568081147498482e-06,0.0014657287540892044,14.488000843521258,2.7568081147498482e-06,stochastic_proposal_reached,True
Peak,v913_paper_peak01_0242980_persistent_sites,735.9214951373579,1000000.0,18,0.5625,0.8,3.6757441529997978e-06,0.0013959321467516233,14.488000843521258,3.6757441529997973e-06,stochastic_proposal_reached,True
Peak,v913_paper_peak01_0242980_persistent_sites,735.9214951373579,1000000.0,18,0.5625,1.0,4.594680191249747e-06,0.0013959321467516233,14.488000843521258,4.594680191249747e-06,stochastic_proposal_reached,True
Peak,v913_paper_peak01_0242980_persistent_sites,735.9214951373579,1000000.0,18,0.5625,1.25,5.743350239062183e-06,0.0013086863875796469,14.488000843521258,5.743350239062183e-06,stochastic_proposal_reached,True
Peak,v913_paper_peak01_0242980_persistent_sites,735.9214951373579,1000000.0,18,0.5625,1.5,6.89202028687462e-06,0.0010469491100637176,14.488000843521258,6.89202028687462e-06,stochastic_proposal_reached,True
Peak,v913_paper_peak01_0242980_persistent_sites,735.9214951373579,1000000.0,18,0.5625,2.0,9.189360382499494e-06,0.0013959321467516233,14.488000843521258,9.189360382499494e-06,stochastic_proposal_reached,True
Peak,v913_paper_peak01_0242980_persistent_sites,735.9214951373579,1000000.0,18,0.5625,2.5,1.1486700478124366e-05,0.0016035856333057041,14.488000843521258,1.1486700478124366e-05,stochastic_proposal_reached,True
Peak,v913_paper_peak01_0242980_persistent_sites,735.9214951373579,1000000.0,18,0.5625,3.0,1.378404057374924e-05,0.0016035856333057041,14.488000843521258,1.378404057374924e-05,stochastic_proposal_reached,True
Peak,v913_paper_peak01_0242980_persistent_sites,735.9214951373579,1000000.0,18,0.5625,3.5,1.6081380669374112e-05,0.0016035856333057041,14.488000843521258,1.6081380669374112e-05,stochastic_proposal_reached,True
Peak,v913_paper_peak01_0242980_persistent_sites,735.9214951373579,1000000.0,18,0.5625,3.99,1.833277396308649e-05,0.0016035856333057041,14.488000843521258,1.833277396308649e-05,stochastic_proposal_reached,True
Peak,v913_paper_peak01_0242980_persistent_sites,735.9214951373579,1000000.0,18,0.5625,4.0,1.8378720764998988e-05,0.0016035856333057041,14.488000843521258,1.8378720764998988e-05,stochastic_proposal_reached,True
Peak,v913_paper_peak01_0242980_persistent_sites,735.9214951373579,1000000.0,18,0.5625,8.0,1.8378720764998988e-05,0.0016035856333057041,14.488000843521258,1.8378720764998988e-05,stochastic_proposal_reached,True
Peak,v913_paper_peak01_0242980_persistent_sites,735.9214951373579,1000000.0,19,0.59375,0.1,2.2973400956248734e-06,0.0025376254723072323,13.760415812711537,2.2973400956248734e-06,stochastic_proposal_reached,True
Peak,v913_paper_peak01_0242980_persistent_sites,735.9214951373579,1000000.0,19,0.59375,0.3,2.2973400956248734e-06,0.0025376254723072323,13.760415812711537,2.2973400956248734e-06,stochastic_proposal_reached,True
Peak,v913_paper_peak01_0242980_persistent_sites,735.9214951373579,1000000.0,19,0.59375,0.49,2.2973400956248734e-06,0.0025376254723072323,13.760415812711537,2.2973400956248734e-06,stochastic_proposal_reached,True
Peak,v913_paper_peak01_0242980_persistent_sites,735.9214951373579,1000000.0,19,0.59375,0.5,2.2973400956248734e-06,0.0025376254723072323,13.760415812711537,2.2973400956248734e-06,stochastic_proposal_reached,True
Peak,v913_paper_peak01_0242980_persistent_sites,735.9214951373579,1000000.0,19,0.59375,0.6,2.7568081147498482e-06,0.0026645067459225937,13.760415812711537,2.7568081147498482e-06,stochastic_proposal_reached,True
Peak,v913_paper_peak01_0242980_persistent_sites,735.9214951373579,1000000.0,19,0.59375,0.8,3.6757441529997978e-06,0.0025376254723072323,13.760415812711537,3.6757441529997973e-06,stochastic_proposal_reached,True
Peak,v913_paper_peak01_0242980_persistent_sites,735.9214951373579,1000000.0,19,0.59375,1.0,4.594680191249747e-06,0.0025376254723072323,13.760415812711537,4.594680191249747e-06,stochastic_proposal_reached,True
Peak,v913_paper_peak01_0242980_persistent_sites,735.9214951373579,1000000.0,19,0.59375,1.25,5.743350239062183e-06,0.0023790238802880305,13.760415812711537,5.743350239062183e-06,stochastic_proposal_reached,True
Peak,v913_paper_peak01_0242980_persistent_sites,735.9214951373579,1000000.0,19,0.59375,1.5,6.89202028687462e-06,0.0019032191042304243,13.760415812711537,6.89202028687462e-06,stochastic_proposal_reached,True
Peak,v913_paper_peak01_0242980_persistent_sites,735.9214951373579,1000000.0,19,0.59375,2.0,9.189360382499494e-06,0.0025376254723072323,13.760415812711537,9.189360382499494e-06,stochastic_proposal_reached,True
Peak,v913_paper_peak01_0242980_persistent_sites,735.9214951373579,1000000.0,19,0.59375,2.5,1.1486700478124366e-05,0.0028192344695586735,13.760415812711537,1.1486700478124366e-05,stochastic_proposal_reached,True
Peak,v913_paper_peak01_0242980_persistent_sites,735.9214951373579,1000000.0,19,0.59375,3.0,1.378404057374924e-05,0.0028192344695586735,13.760415812711537,1.378404057374924e-05,stochastic_proposal_reached,True
Peak,v913_paper_peak01_0242980_persistent_sites,735.9214951373579,1000000.0,19,0.59375,3.5,1.6081380669374112e-05,0.0028192344695586735,13.760415812711537,1.6081380669374112e-05,stochastic_proposal_reached,True
Peak,v913_paper_peak01_0242980_persistent_sites,735.9214951373579,1000000.0,19,0.59375,3.99,1.833277396308649e-05,0.0028192344695586735,13.760415812711537,1.833277396308649e-05,stochastic_proposal_reached,True
Peak,v913_paper_peak01_0242980_persistent_sites,735.9214951373579,1000000.0,19,0.59375,4.0,1.8378720764998988e-05,0.0028192344695586735,13.760415812711537,1.8378720764998988e-05,stochastic_proposal_reached,True
Peak,v913_paper_peak01_0242980_persistent_sites,735.9214951373579,1000000.0,19,0.59375,8.0,1.8378720764998988e-05,0.0028192344695586735,13.760415812711537,1.8378720764998988e-05,stochastic_proposal_reached,True
Peak,v913_paper_peak01_0242980_persistent_sites,735.9214951373579,1000000.0,20,0.625,0.1,2.2973400956248734e-06,0.004608639757914387,12.769480553739436,2.2973400956248734e-06,stochastic_proposal_reached,True
Peak,v913_paper_peak01_0242980_persistent_sites,735.9214951373579,1000000.0,20,0.625,0.3,2.2973400956248734e-06,0.004608639757914387,12.769480553739436,2.2973400956248734e-06,stochastic_proposal_reached,True
Peak,v913_paper_peak01_0242980_persistent_sites,735.9214951373579,1000000.0,20,0.625,0.49,2.2973400956248734e-06,0.004608639757914387,12.769480553739436,2.2973400956248734e-06,stochastic_proposal_reached,True
Peak,v913_paper_peak01_0242980_persistent_sites,735.9214951373579,1000000.0,20,0.625,0.5,2.2973400956248734e-06,0.004608639757914387,12.769480553739436,2.2973400956248734e-06,stochastic_proposal_reached,True
Peak,v913_paper_peak01_0242980_persistent_sites,735.9214951373579,1000000.0,20,0.625,0.6,2.7568081147498482e-06,0.004839071745810106,12.769480553739436,2.7568081147498482e-06,stochastic_proposal_reached,True
Peak,v913_paper_peak01_0242980_persistent_sites,735.9214951373579,1000000.0,20,0.625,0.8,3.6757441529997978e-06,0.004608639757914387,12.769480553739436,3.6757441529997973e-06,stochastic_proposal_reached,True
Peak,v913_paper_peak01_0242980_persistent_sites,735.9214951373579,1000000.0,20,0.625,1.0,4.594680191249747e-06,0.004608639757914387,12.769480553739436,4.594680191249747e-06,stochastic_proposal_reached,True
Peak,v913_paper_peak01_0242980_persistent_sites,735.9214951373579,1000000.0,20,0.625,1.25,5.743350239062183e-06,0.004320599773044738,12.769480553739436,5.743350239062183e-06,stochastic_proposal_reached,True
Peak,v913_paper_peak01_0242980_persistent_sites,735.9214951373579,1000000.0,20,0.625,1.5,6.89202028687462e-06,0.00345647981843579,12.769480553739436,6.89202028687462e-06,stochastic_proposal_reached,True
Peak,v913_paper_peak01_0242980_persistent_sites,735.9214951373579,1000000.0,20,0.625,2.0,9.189360382499494e-06,0.004608639757914387,12.769480553739436,9.189360382499494e-06,stochastic_proposal_reached,True
Peak,v913_paper_peak01_0242980_persistent_sites,735.9214951373579,1000000.0,20,0.625,2.5,1.1486700478124366e-05,0.004993501759225749,12.769480553739436,1.1486700478124366e-05,stochastic_proposal_reached,True
Peak,v913_paper_peak01_0242980_persistent_sites,735.9214951373579,1000000.0,20,0.625,3.0,1.378404057374924e-05,0.004993501759225749,12.769480553739436,1.378404057374924e-05,stochastic_proposal_reached,True
Peak,v913_paper_peak01_0242980_persistent_sites,735.9214951373579,1000000.0,20,0.625,3.5,1.6081380669374112e-05,0.004993501759225749,12.769480553739436,1.6081380669374112e-05,stochastic_proposal_reached,True
Peak,v913_paper_peak01_0242980_persistent_sites,735.9214951373579,1000000.0,20,0.625,3.99,1.833277396308649e-05,0.004993501759225749,12.769480553739436,1.833277396308649e-05,stochastic_proposal_reached,True
Peak,v913_paper_peak01_0242980_persistent_sites,735.9214951373579,1000000.0,20,0.625,4.0,1.8378720764998988e-05,0.004993501759225749,12.769480553739436,1.8378720764998988e-05,stochastic_proposal_reached,True
Peak,v913_paper_peak01_0242980_persistent_sites,735.9214951373579,1000000.0,20,0.625,8.0,1.8378720764998988e-05,0.004993501759225749,12.769480553739436,1.8378720764998988e-05,stochastic_proposal_reached,True
Peak,v913_paper_peak01_0242980_persistent_sites,735.9214951373579,1000000.0,21,0.65625,0.1,2.2973400956248734e-06,0.007961196117888071,11.580458041100735,2.2973400956248734e-06,stochastic_proposal_reached,True
Peak,v913_paper_peak01_0242980_persistent_sites,735.9214951373579,1000000.0,21,0.65625,0.3,2.2973400956248734e-06,0.007961196117888071,11.580458041100735,2.2973400956248734e-06,stochastic_proposal_reached,True
Peak,v913_paper_peak01_0242980_persistent_sites,735.9214951373579,1000000.0,21,0.65625,0.49,2.2973400956248734e-06,0.007961196117888071,11.580458041100735,2.2973400956248734e-06,stochastic_proposal_reached,True
Peak,v913_paper_peak01_0242980_persistent_sites,735.9214951373579,1000000.0,21,0.65625,0.5,2.2973400956248734e-06,0.007961196117888071,11.580458041100735,2.2973400956248734e-06,stochastic_proposal_reached,True
Peak,v913_paper_peak01_0242980_persistent_sites,735.9214951373579,1000000.0,21,0.65625,0.6,2.7568081147498482e-06,0.008359255923782475,11.580458041100735,2.7568081147498482e-06,stochastic_proposal_reached,True
Peak,v913_paper_peak01_0242980_persistent_sites,735.9214951373579,1000000.0,21,0.65625,0.8,3.6757441529997978e-06,0.007961196117888071,11.580458041100735,3.6757441529997973e-06,stochastic_proposal_reached,True
Peak,v913_paper_peak01_0242980_persistent_sites,735.9214951373579,1000000.0,21,0.65625,1.0,4.594680191249747e-06,0.007961196117888071,11.580458041100735,4.594680191249747e-06,stochastic_proposal_reached,True
Peak,v913_paper_peak01_0242980_persistent_sites,735.9214951373579,1000000.0,21,0.65625,1.25,5.743350239062183e-06,0.007463621360520067,11.580458041100735,5.743350239062183e-06,stochastic_proposal_reached,True
Peak,v913_paper_peak01_0242980_persistent_sites,735.9214951373579,1000000.0,21,0.65625,1.5,6.89202028687462e-06,0.005970897088416053,11.580458041100735,6.89202028687462e-06,stochastic_proposal_reached,True
Peak,v913_paper_peak01_0242980_persistent_sites,735.9214951373579,1000000.0,21,0.65625,2.0,9.189360382499494e-06,0.007961196117888071,11.580458041100735,9.189360382499494e-06,stochastic_proposal_reached,True
Peak,v913_paper_peak01_0242980_persistent_sites,735.9214951373579,1000000.0,21,0.65625,2.5,1.1486700478124366e-05,0.008477650202405318,11.580458041100735,1.1486700478124366e-05,stochastic_proposal_reached,True
Peak,v913_paper_peak01_0242980_persistent_sites,735.9214951373579,1000000.0,21,0.65625,3.0,1.378404057374924e-05,0.008477650202405318,11.580458041100735,1.378404057374924e-05,stochastic_proposal_reached,True
Peak,v913_paper_peak01_0242980_persistent_sites,735.9214951373579,1000000.0,21,0.65625,3.5,1.6081380669374112e-05,0.008477650202405318,11.580458041100735,1.6081380669374112e-05,stochastic_proposal_reached,True
Peak,v913_paper_peak01_0242980_persistent_sites,735.9214951373579,1000000.0,21,0.65625,3.99,1.833277396308649e-05,0.008477650202405318,11.580458041100735,1.833277396308649e-05,stochastic_proposal_reached,True
Peak,v913_paper_peak01_0242980_persistent_sites,735.9214951373579,1000000.0,21,0.65625,4.0,1.8378720764998988e-05,0.008477650202405318,11.580458041100735,1.8378720764998988e-05,stochastic_proposal_reached,True
Peak,v913_paper_peak01_0242980_persistent_sites,735.9214951373579,1000000.0,21,0.65625,8.0,1.8378720764998988e-05,0.008477650202405318,11.580458041100735,1.8378720764998988e-05,stochastic_proposal_reached,True
Peak,v913_paper_peak01_0242980_persistent_sites,735.9214951373579,1000000.0,22,0.6875,0.1,2.2973400956248734e-06,0.012898266723322402,10.284262579146834,2.2973400956248734e-06,stochastic_proposal_reached,True
Peak,v913_paper_peak01_0242980_persistent_sites,735.9214951373579,1000000.0,22,0.6875,0.3,2.2973400956248734e-06,0.012898266723322402,10.284262579146834,2.2973400956248734e-06,stochastic_proposal_reached,True
Peak,v913_paper_peak01_0242980_persistent_sites,735.9214951373579,1000000.0,22,0.6875,0.49,2.2973400956248734e-06,0.012898266723322402,10.284262579146834,2.2973400956248734e-06,stochastic_proposal_reached,True
Peak,v913_paper_peak01_0242980_persistent_sites,735.9214951373579,1000000.0,22,0.6875,0.5,2.2973400956248734e-06,0.012898266723322402,10.284262579146834,2.2973400956248734e-06,stochastic_proposal_reached,True
Peak,v913_paper_peak01_0242980_persistent_sites,735.9214951373579,1000000.0,22,0.6875,0.6,2.7568081147498482e-06,0.013543180059488522,10.284262579146834,2.7568081147498482e-06,stochastic_proposal_reached,True
Peak,v913_paper_peak01_0242980_persistent_sites,735.9214951373579,1000000.0,22,0.6875,0.8,3.6757441529997978e-06,0.012898266723322402,10.284262579146834,3.6757441529997973e-06,stochastic_proposal_reached,True
Peak,v913_paper_peak01_0242980_persistent_sites,735.9214951373579,1000000.0,22,0.6875,1.0,4.594680191249747e-06,0.012898266723322402,10.284262579146834,4.594680191249747e-06,stochastic_proposal_reached,True
Peak,v913_paper_peak01_0242980_persistent_sites,735.9214951373579,1000000.0,22,0.6875,1.25,5.743350239062183e-06,0.012092125053114753,10.284262579146834,5.743350239062183e-06,stochastic_proposal_reached,True
Peak,v913_paper_peak01_0242980_persistent_sites,735.9214951373579,1000000.0,22,0.6875,1.5,6.89202028687462e-06,0.009673700042491802,10.284262579146834,6.89202028687462e-06,stochastic_proposal_reached,True
Peak,v913_paper_peak01_0242980_persistent_sites,735.9214951373579,1000000.0,22,0.6875,2.0,9.189360382499494e-06,0.012898266723322402,10.284262579146834,9.189360382499494e-06,stochastic_proposal_reached,True
Peak,v913_paper_peak01_0242980_persistent_sites,735.9214951373579,1000000.0,22,0.6875,2.5,1.1486700478124366e-05,0.013572604501054908,10.284262579146834,1.1486700478124366e-05,stochastic_proposal_reached,True
Peak,v913_paper_peak01_0242980_persistent_sites,735.9214951373579,1000000.0,22,0.6875,3.0,1.378404057374924e-05,0.013572604501054908,10.284262579146834,1.378404057374924e-05,stochastic_proposal_reached,True
Peak,v913_paper_peak01_0242980_persistent_sites,735.9214951373579,1000000.0,22,0.6875,3.5,1.6081380669374112e-05,0.013572604501054908,10.284262579146834,1.6081380669374112e-05,stochastic_proposal_reached,True
Peak,v913_paper_peak01_0242980_persistent_sites,735.9214951373579,1000000.0,22,0.6875,3.99,1.833277396308649e-05,0.013572604501054908,10.284262579146834,1.833277396308649e-05,stochastic_proposal_reached,True
Peak,v913_paper_peak01_0242980_persistent_sites,735.9214951373579,1000000.0,22,0.6875,4.0,1.8378720764998988e-05,0.013572604501054908,10.284262579146834,1.8378720764998988e-05,stochastic_proposal_reached,True
Peak,v913_paper_peak01_0242980_persistent_sites,735.9214951373579,1000000.0,22,0.6875,8.0,1.8378720764998988e-05,0.013572604501054908,10.284262579146834,1.8378720764998988e-05,stochastic_proposal_reached,True
Peak,v913_paper_peak01_0242980_persistent_sites,735.9214951373579,1000000.0,23,0.71875,0.1,2.2973400956248734e-06,0.019596192740720334,8.977726595166706,2.2973400956248734e-06,stochastic_proposal_reached,True
Peak,v913_paper_peak01_0242980_persistent_sites,735.9214951373579,1000000.0,23,0.71875,0.3,2.2973400956248734e-06,0.019596192740720334,8.977726595166706,2.2973400956248734e-06,stochastic_proposal_reached,True
Peak,v913_paper_peak01_0242980_persistent_sites,735.9214951373579,1000000.0,23,0.71875,0.49,2.2973400956248734e-06,0.019596192740720334,8.977726595166706,2.2973400956248734e-06,stochastic_proposal_reached,True
Peak,v913_paper_peak01_0242980_persistent_sites,735.9214951373579,1000000.0,23,0.71875,0.5,2.2973400956248734e-06,0.019596192740720334,8.977726595166706,2.2973400956248734e-06,stochastic_proposal_reached,True
Peak,v913_paper_peak01_0242980_persistent_sites,735.9214951373579,1000000.0,23,0.71875,0.6,2.7568081147498482e-06,0.020576002377756353,8.977726595166706,2.7568081147498482e-06,stochastic_proposal_reached,True
Peak,v913_paper_peak01_0242980_persistent_sites,735.9214951373579,1000000.0,23,0.71875,0.8,3.6757441529997978e-06,0.019596192740720334,8.977726595166706,3.6757441529997973e-06,stochastic_proposal_reached,True
Peak,v913_paper_peak01_0242980_persistent_sites,735.9214951373579,1000000.0,23,0.71875,1.0,4.594680191249747e-06,0.019596192740720334,8.977726595166706,4.594680191249747e-06,stochastic_proposal_reached,True
Peak,v913_paper_peak01_0242980_persistent_sites,735.9214951373579,1000000.0,23,0.71875,1.25,5.743350239062183e-06,0.018371430694425313,8.977726595166706,5.743350239062183e-06,stochastic_proposal_reached,True
Peak,v913_paper_peak01_0242980_persistent_sites,735.9214951373579,1000000.0,23,0.71875,1.5,6.89202028687462e-06,0.014697144555540251,8.977726595166706,6.89202028687462e-06,stochastic_proposal_reached,True
Peak,v913_paper_peak01_0242980_persistent_sites,735.9214951373579,1000000.0,23,0.71875,2.0,9.189360382499494e-06,0.019596192740720334,8.977726595166706,9.189360382499494e-06,stochastic_proposal_reached,True
Peak,v913_paper_peak01_0242980_persistent_sites,735.9214951373579,1000000.0,23,0.71875,2.5,1.1486700478124366e-05,0.020451189805404724,8.977726595166706,1.1486700478124366e-05,stochastic_proposal_reached,True
Peak,v913_paper_peak01_0242980_persistent_sites,735.9214951373579,1000000.0,23,0.71875,3.0,1.378404057374924e-05,0.020451189805404724,8.977726595166706,1.378404057374924e-05,stochastic_proposal_reached,True
Peak,v913_paper_peak01_0242980_persistent_sites,735.9214951373579,1000000.0,23,0.71875,3.5,1.6081380669374112e-05,0.020451189805404724,8.977726595166706,1.6081380669374112e-05,stochastic_proposal_reached,True
Peak,v913_paper_peak01_0242980_persistent_sites,735.9214951373579,1000000.0,23,0.71875,3.99,1.833277396308649e-05,0.020451189805404724,8.977726595166706,1.833277396308649e-05,stochastic_proposal_reached,True
Peak,v913_paper_peak01_0242980_persistent_sites,735.9214951373579,1000000.0,23,0.71875,4.0,1.8378720764998988e-05,0.020451189805404724,8.977726595166706,1.8378720764998988e-05,stochastic_proposal_reached,True
Peak,v913_paper_peak01_0242980_persistent_sites,735.9214951373579,1000000.0,23,0.71875,8.0,1.8378720764998988e-05,0.020451189805404724,8.977726595166706,1.8378720764998988e-05,stochastic_proposal_reached,True
Peak,v913_paper_peak01_0242980_persistent_sites,735.9214951373579,1000000.0,24,0.75,0.1,2.2973400956248734e-06,0.0280421767975743,7.744817851592825,2.2973400956248734e-06,stochastic_proposal_reached,True
Peak,v913_paper_peak01_0242980_persistent_sites,735.9214951373579,1000000.0,24,0.75,0.3,2.2973400956248734e-06,0.0280421767975743,7.744817851592825,2.2973400956248734e-06,stochastic_proposal_reached,True
Peak,v913_paper_peak01_0242980_persistent_sites,735.9214951373579,1000000.0,24,0.75,0.49,2.2973400956248734e-06,0.0280421767975743,7.744817851592825,2.2973400956248734e-06,stochastic_proposal_reached,True
Peak,v913_paper_peak01_0242980_persistent_sites,735.9214951373579,1000000.0,24,0.75,0.5,2.2973400956248734e-06,0.0280421767975743,7.744817851592825,2.2973400956248734e-06,stochastic_proposal_reached,True
Peak,v913_paper_peak01_0242980_persistent_sites,735.9214951373579,1000000.0,24,0.75,0.6,2.7568081147498482e-06,0.029444285637453015,7.744817851592825,2.7568081147498482e-06,stochastic_proposal_reached,True
Peak,v913_paper_peak01_0242980_persistent_sites,735.9214951373579,1000000.0,24,0.75,0.8,3.6757441529997978e-06,0.0280421767975743,7.744817851592825,3.6757441529997973e-06,stochastic_proposal_reached,True
Peak,v913_paper_peak01_0242980_persistent_sites,735.9214951373579,1000000.0,24,0.75,1.0,4.594680191249747e-06,0.0280421767975743,7.744817851592825,4.594680191249747e-06,stochastic_proposal_reached,True
Peak,v913_paper_peak01_0242980_persistent_sites,735.9214951373579,1000000.0,24,0.75,1.25,5.743350239062183e-06,0.026289540747725906,7.744817851592825,5.743350239062183e-06,stochastic_proposal_reached,True
Peak,v913_paper_peak01_0242980_persistent_sites,735.9214951373579,1000000.0,24,0.75,1.5,6.89202028687462e-06,0.021031632598180725,7.744817851592825,6.89202028687462e-06,stochastic_proposal_reached,True
Peak,v913_paper_peak01_0242980_persistent_sites,735.9214951373579,1000000.0,24,0.75,2.0,9.189360382499494e-06,0.0280421767975743,7.744817851592825,9.189360382499494e-06,stochastic_proposal_reached,True
Peak,v913_paper_peak01_0242980_persistent_sites,735.9214951373579,1000000.0,24,0.75,2.5,1.1486700478124366e-05,0.029095370875799276,7.744817851592825,1.1486700478124366e-05,stochastic_proposal_reached,True
Peak,v913_paper_peak01_0242980_persistent_sites,735.9214951373579,1000000.0,24,0.75,3.0,1.378404057374924e-05,0.029095370875799276,7.744817851592825,1.378404057374924e-05,stochastic_proposal_reached,True
Peak,v913_paper_peak01_0242980_persistent_sites,735.9214951373579,1000000.0,24,0.75,3.5,1.6081380669374112e-05,0.029095370875799276,7.744817851592825,1.6081380669374112e-05,stochastic_proposal_reached,True
Peak,v913_paper_peak01_0242980_persistent_sites,735.9214951373579,1000000.0,24,0.75,3.99,1.833277396308649e-05,0.029095370875799276,7.744817851592825,1.833277396308649e-05,stochastic_proposal_reached,True
Peak,v913_paper_peak01_0242980_persistent_sites,735.9214951373579,1000000.0,24,0.75,4.0,1.8378720764998988e-05,0.029095370875799276,7.744817851592825,1.8378720764998988e-05,stochastic_proposal_reached,True
Peak,v913_paper_peak01_0242980_persistent_sites,735.9214951373579,1000000.0,24,0.75,8.0,1.8378720764998988e-05,0.029095370875799276,7.744817851592825,1.8378720764998988e-05,stochastic_proposal_reached,True
Peak,v913_paper_peak01_0242980_persistent_sites,735.9214951373579,1000000.0,25,0.78125,0.1,2.2973400956248734e-06,0.037997536619927566,6.645086382001451,2.2973400956248734e-06,stochastic_proposal_reached,True
Peak,v913_paper_peak01_0242980_persistent_sites,735.9214951373579,1000000.0,25,0.78125,0.3,2.2973400956248734e-06,0.037997536619927566,6.645086382001451,2.2973400956248734e-06,stochastic_proposal_reached,True
Peak,v913_paper_peak01_0242980_persistent_sites,735.9214951373579,1000000.0,25,0.78125,0.49,2.2973400956248734e-06,0.037997536619927566,6.645086382001451,2.2973400956248734e-06,stochastic_proposal_reached,True
Peak,v913_paper_peak01_0242980_persistent_sites,735.9214951373579,1000000.0,25,0.78125,0.5,2.2973400956248734e-06,0.037997536619927566,6.645086382001451,2.2973400956248734e-06,stochastic_proposal_reached,True
Peak,v913_paper_peak01_0242980_persistent_sites,735.9214951373579,1000000.0,25,0.78125,0.6,2.7568081147498482e-06,0.039897413450923944,6.645086382001451,2.7568081147498482e-06,stochastic_proposal_reached,True
Peak,v913_paper_peak01_0242980_persistent_sites,735.9214951373579,1000000.0,25,0.78125,0.8,3.6757441529997978e-06,0.037997536619927566,6.645086382001451,3.6757441529997973e-06,stochastic_proposal_reached,True
Peak,v913_paper_peak01_0242980_persistent_sites,735.9214951373579,1000000.0,25,0.78125,1.0,4.594680191249747e-06,0.037997536619927566,6.645086382001451,4.594680191249747e-06,stochastic_proposal_reached,True
Peak,v913_paper_peak01_0242980_persistent_sites,735.9214951373579,1000000.0,25,0.78125,1.25,5.743350239062183e-06,0.035622690581182094,6.645086382001451,5.743350239062183e-06,stochastic_proposal_reached,True
Peak,v913_paper_peak01_0242980_persistent_sites,735.9214951373579,1000000.0,25,0.78125,1.5,6.89202028687462e-06,0.028498152464945678,6.645086382001451,6.89202028687462e-06,stochastic_proposal_reached,True
Peak,v913_paper_peak01_0242980_persistent_sites,735.9214951373579,1000000.0,25,0.78125,2.0,9.189360382499494e-06,0.037997536619927566,6.645086382001451,9.189360382499494e-06,stochastic_proposal_reached,True
Peak,v913_paper_peak01_0242980_persistent_sites,735.9214951373579,1000000.0,25,0.78125,2.5,1.1486700478124366e-05,0.039259447473092735,6.645086382001451,1.1486700478124366e-05,stochastic_proposal_reached,True
Peak,v913_paper_peak01_0242980_persistent_sites,735.9214951373579,1000000.0,25,0.78125,3.0,1.378404057374924e-05,0.039259447473092735,6.645086382001451,1.378404057374924e-05,stochastic_proposal_reached,True
Peak,v913_paper_peak01_0242980_persistent_sites,735.9214951373579,1000000.0,25,0.78125,3.5,1.6081380669374112e-05,0.039259447473092735,6.645086382001451,1.6081380669374112e-05,stochastic_proposal_reached,True
Peak,v913_paper_peak01_0242980_persistent_sites,735.9214951373579,1000000.0,25,0.78125,3.99,1.833277396308649e-05,0.039259447473092735,6.645086382001451,1.833277396308649e-05,stochastic_proposal_reached,True
Peak,v913_paper_peak01_0242980_persistent_sites,735.9214951373579,1000000.0,25,0.78125,4.0,1.8378720764998988e-05,0.039259447473092735,6.645086382001451,1.8378720764998988e-05,stochastic_proposal_reached,True
Peak,v913_paper_peak01_0242980_persistent_sites,735.9214951373579,1000000.0,25,0.78125,8.0,1.8378720764998988e-05,0.039259447473092735,6.645086382001451,1.8378720764998988e-05,stochastic_proposal_reached,True
Peak,v913_paper_peak01_0242980_persistent_sites,735.9214951373579,1000000.0,26,0.8125,0.1,2.2973400956248734e-06,0.04899380115605139,5.710959088361579,2.2973400956248734e-06,stochastic_proposal_reached,True
Peak,v913_paper_peak01_0242980_persistent_sites,735.9214951373579,1000000.0,26,0.8125,0.3,2.2973400956248734e-06,0.04899380115605139,5.710959088361579,2.2973400956248734e-06,stochastic_proposal_reached,True
Peak,v913_paper_peak01_0242980_persistent_sites,735.9214951373579,1000000.0,26,0.8125,0.49,2.2973400956248734e-06,0.04899380115605139,5.710959088361579,2.2973400956248734e-06,stochastic_proposal_reached,True
Peak,v913_paper_peak01_0242980_persistent_sites,735.9214951373579,1000000.0,26,0.8125,0.5,2.2973400956248734e-06,0.04899380115605139,5.710959088361579,2.2973400956248734e-06,stochastic_proposal_reached,True
Peak,v913_paper_peak01_0242980_persistent_sites,735.9214951373579,1000000.0,26,0.8125,0.6,2.7568081147498482e-06,0.051443491213853956,5.710959088361579,2.7568081147498482e-06,stochastic_proposal_reached,True
Peak,v913_paper_peak01_0242980_persistent_sites,735.9214951373579,1000000.0,26,0.8125,0.8,3.6757441529997978e-06,0.04899380115605139,5.710959088361579,3.6757441529997973e-06,stochastic_proposal_reached,True
Peak,v913_paper_peak01_0242980_persistent_sites,735.9214951373579,1000000.0,26,0.8125,1.0,4.594680191249747e-06,0.04899380115605139,5.710959088361579,4.594680191249747e-06,stochastic_proposal_reached,True
Peak,v913_paper_peak01_0242980_persistent_sites,735.9214951373579,1000000.0,26,0.8125,1.25,5.743350239062183e-06,0.04593168858379818,5.710959088361579,5.743350239062183e-06,stochastic_proposal_reached,True
Peak,v913_paper_peak01_0242980_persistent_sites,735.9214951373579,1000000.0,26,0.8125,1.5,6.89202028687462e-06,0.03674535086703854,5.710959088361579,6.89202028687462e-06,stochastic_proposal_reached,True
Peak,v913_paper_peak01_0242980_persistent_sites,735.9214951373579,1000000.0,26,0.8125,2.0,9.189360382499494e-06,0.04899380115605139,5.710959088361579,9.189360382499494e-06,stochastic_proposal_reached,True
Peak,v913_paper_peak01_0242980_persistent_sites,735.9214951373579,1000000.0,26,0.8125,2.5,1.1486700478124366e-05,0.05046632904205417,5.710959088361579,1.1486700478124366e-05,stochastic_proposal_reached,True
Peak,v913_paper_peak01_0242980_persistent_sites,735.9214951373579,1000000.0,26,0.8125,3.0,1.378404057374924e-05,0.05046632904205417,5.710959088361579,1.378404057374924e-05,stochastic_proposal_reached,True
Peak,v913_paper_peak01_0242980_persistent_sites,735.9214951373579,1000000.0,26,0.8125,3.5,1.6081380669374112e-05,0.05046632904205417,5.710959088361579,1.6081380669374112e-05,stochastic_proposal_reached,True
Peak,v913_paper_peak01_0242980_persistent_sites,735.9214951373579,1000000.0,26,0.8125,3.99,1.833277396308649e-05,0.05046632904205417,5.710959088361579,1.833277396308649e-05,stochastic_proposal_reached,True
Peak,v913_paper_peak01_0242980_persistent_sites,735.9214951373579,1000000.0,26,0.8125,4.0,1.8378720764998988e-05,0.05046632904205417,5.710959088361579,1.8378720764998988e-05,stochastic_proposal_reached,True
Peak,v913_paper_peak01_0242980_persistent_sites,735.9214951373579,1000000.0,26,0.8125,8.0,1.8378720764998988e-05,0.05046632904205417,5.710959088361579,1.8378720764998988e-05,stochastic_proposal_reached,True
Peak,v913_paper_peak01_0242980_persistent_sites,735.9214951373579,1000000.0,27,0.84375,0.1,2.2973400956248734e-06,0.06036378995849794,4.9518443341269425,2.2973400956248734e-06,stochastic_proposal_reached,True
Peak,v913_paper_peak01_0242980_persistent_sites,735.9214951373579,1000000.0,27,0.84375,0.3,2.2973400956248734e-06,0.06036378995849794,4.9518443341269425,2.2973400956248734e-06,stochastic_proposal_reached,True
Peak,v913_paper_peak01_0242980_persistent_sites,735.9214951373579,1000000.0,27,0.84375,0.49,2.2973400956248734e-06,0.06036378995849794,4.9518443341269425,2.2973400956248734e-06,stochastic_proposal_reached,True
Peak,v913_paper_peak01_0242980_persistent_sites,735.9214951373579,1000000.0,27,0.84375,0.5,2.2973400956248734e-06,0.06036378995849794,4.9518443341269425,2.2973400956248734e-06,stochastic_proposal_reached,True
Peak,v913_paper_peak01_0242980_persistent_sites,735.9214951373579,1000000.0,27,0.84375,0.6,2.7568081147498482e-06,0.06338197945642285,4.9518443341269425,2.7568081147498482e-06,stochastic_proposal_reached,True
Peak,v913_paper_peak01_0242980_persistent_sites,735.9214951373579,1000000.0,27,0.84375,0.8,3.6757441529997978e-06,0.06036378995849794,4.9518443341269425,3.6757441529997973e-06,stochastic_proposal_reached,True
Peak,v913_paper_peak01_0242980_persistent_sites,735.9214951373579,1000000.0,27,0.84375,1.0,4.594680191249747e-06,0.06036378995849794,4.9518443341269425,4.594680191249747e-06,stochastic_proposal_reached,True
Peak,v913_paper_peak01_0242980_persistent_sites,735.9214951373579,1000000.0,27,0.84375,1.25,5.743350239062183e-06,0.05659105308609182,4.9518443341269425,5.743350239062183e-06,stochastic_proposal_reached,True
Peak,v913_paper_peak01_0242980_persistent_sites,735.9214951373579,1000000.0,27,0.84375,1.5,6.89202028687462e-06,0.04527284246887346,4.9518443341269425,6.89202028687462e-06,stochastic_proposal_reached,True
Peak,v913_paper_peak01_0242980_persistent_sites,735.9214951373579,1000000.0,27,0.84375,2.0,9.189360382499494e-06,0.06036378995849794,4.9518443341269425,9.189360382499494e-06,stochastic_proposal_reached,True
Peak,v913_paper_peak01_0242980_persistent_sites,735.9214951373579,1000000.0,27,0.84375,2.5,1.1486700478124366e-05,0.06203903647284292,4.9518443341269425,1.1486700478124366e-05,stochastic_proposal_reached,True
Peak,v913_paper_peak01_0242980_persistent_sites,735.9214951373579,1000000.0,27,0.84375,3.0,1.378404057374924e-05,0.06203903647284292,4.9518443341269425,1.378404057374924e-05,stochastic_proposal_reached,True
Peak,v913_paper_peak01_0242980_persistent_sites,735.9214951373579,1000000.0,27,0.84375,3.5,1.6081380669374112e-05,0.06203903647284292,4.9518443341269425,1.6081380669374112e-05,stochastic_proposal_reached,True
Peak,v913_paper_peak01_0242980_persistent_sites,735.9214951373579,1000000.0,27,0.84375,3.99,1.833277396308649e-05,0.06203903647284292,4.9518443341269425,1.833277396308649e-05,stochastic_proposal_reached,True
Peak,v913_paper_peak01_0242980_persistent_sites,735.9214951373579,1000000.0,27,0.84375,4.0,1.8378720764998988e-05,0.06203903647284292,4.9518443341269425,1.8378720764998988e-05,stochastic_proposal_reached,True
Peak,v913_paper_peak01_0242980_persistent_sites,735.9214951373579,1000000.0,27,0.84375,8.0,1.8378720764998988e-05,0.06203903647284292,4.9518443341269425,1.8378720764998988e-05,stochastic_proposal_reached,True
Peak,v913_paper_peak01_0242980_persistent_sites,735.9214951373579,1000000.0,28,0.875,0.1,2.2973400956248734e-06,0.07130449071282384,4.361534646679507,2.2973400956248734e-06,stochastic_proposal_reached,True
Peak,v913_paper_peak01_0242980_persistent_sites,735.9214951373579,1000000.0,28,0.875,0.3,2.2973400956248734e-06,0.07130449071282384,4.361534646679507,2.2973400956248734e-06,stochastic_proposal_reached,True
Peak,v913_paper_peak01_0242980_persistent_sites,735.9214951373579,1000000.0,28,0.875,0.49,2.2973400956248734e-06,0.07130449071282384,4.361534646679507,2.2973400956248734e-06,stochastic_proposal_reached,True
Peak,v913_paper_peak01_0242980_persistent_sites,735.9214951373579,1000000.0,28,0.875,0.5,2.2973400956248734e-06,0.07130449071282384,4.361534646679507,2.2973400956248734e-06,stochastic_proposal_reached,True
Peak,v913_paper_peak01_0242980_persistent_sites,735.9214951373579,1000000.0,28,0.875,0.6,2.7568081147498482e-06,0.07486971524846504,4.361534646679507,2.7568081147498482e-06,stochastic_proposal_reached,True
Peak,v913_paper_peak01_0242980_persistent_sites,735.9214951373579,1000000.0,28,0.875,0.8,3.6757441529997978e-06,0.07130449071282384,4.361534646679507,3.6757441529997973e-06,stochastic_proposal_reached,True
Peak,v913_paper_peak01_0242980_persistent_sites,735.9214951373579,1000000.0,28,0.875,1.0,4.594680191249747e-06,0.07130449071282384,4.361534646679507,4.594680191249747e-06,stochastic_proposal_reached,True
Peak,v913_paper_peak01_0242980_persistent_sites,735.9214951373579,1000000.0,28,0.875,1.25,5.743350239062183e-06,0.06684796004327236,4.361534646679507,5.743350239062183e-06,stochastic_proposal_reached,True
Peak,v913_paper_peak01_0242980_persistent_sites,735.9214951373579,1000000.0,28,0.875,1.5,6.89202028687462e-06,0.05347836803461789,4.361534646679507,6.89202028687462e-06,stochastic_proposal_reached,True
Peak,v913_paper_peak01_0242980_persistent_sites,735.9214951373579,1000000.0,28,0.875,2.0,9.189360382499494e-06,0.07130449071282384,4.361534646679507,9.189360382499494e-06,stochastic_proposal_reached,True
Peak,v913_paper_peak01_0242980_persistent_sites,735.9214951373579,1000000.0,28,0.875,2.5,1.1486700478124366e-05,0.0731642157223007,4.361534646679507,1.1486700478124366e-05,stochastic_proposal_reached,True
Peak,v913_paper_peak01_0242980_persistent_sites,735.9214951373579,1000000.0,28,0.875,3.0,1.378404057374924e-05,0.0731642157223007,4.361534646679507,1.378404057374924e-05,stochastic_proposal_reached,True
Peak,v913_paper_peak01_0242980_persistent_sites,735.9214951373579,1000000.0,28,0.875,3.5,1.6081380669374112e-05,0.0731642157223007,4.361534646679507,1.6081380669374112e-05,stochastic_proposal_reached,True
Peak,v913_paper_peak01_0242980_persistent_sites,735.9214951373579,1000000.0,28,0.875,3.99,1.833277396308649e-05,0.0731642157223007,4.361534646679507,1.833277396308649e-05,stochastic_proposal_reached,True
Peak,v913_paper_peak01_0242980_persistent_sites,735.9214951373579,1000000.0,28,0.875,4.0,1.8378720764998988e-05,0.0731642157223007,4.361534646679507,1.8378720764998988e-05,stochastic_proposal_reached,True
Peak,v913_paper_peak01_0242980_persistent_sites,735.9214951373579,1000000.0,28,0.875,8.0,1.8378720764998988e-05,0.0731642157223007,4.361534646679507,1.8378720764998988e-05,stochastic_proposal_reached,True
Peak,v913_paper_peak01_0242980_persistent_sites,735.9214951373579,1000000.0,29,0.90625,0.1,2.2973400956248734e-06,0.08096364939278321,3.9258450479060194,2.2973400956248734e-06,stochastic_proposal_reached,True
Peak,v913_paper_peak01_0242980_persistent_sites,735.9214951373579,1000000.0,29,0.90625,0.3,2.2973400956248734e-06,0.08096364939278321,3.9258450479060194,2.2973400956248734e-06,stochastic_proposal_reached,True
Peak,v913_paper_peak01_0242980_persistent_sites,735.9214951373579,1000000.0,29,0.90625,0.49,2.2973400956248734e-06,0.08096364939278321,3.9258450479060194,2.2973400956248734e-06,stochastic_proposal_reached,True
Peak,v913_paper_peak01_0242980_persistent_sites,735.9214951373579,1000000.0,29,0.90625,0.5,2.2973400956248734e-06,0.08096364939278321,3.9258450479060194,2.2973400956248734e-06,stochastic_proposal_reached,True
Peak,v913_paper_peak01_0242980_persistent_sites,735.9214951373579,1000000.0,29,0.90625,0.6,2.7568081147498482e-06,0.08501183186242238,3.9258450479060194,2.7568081147498482e-06,stochastic_proposal_reached,True
Peak,v913_paper_peak01_0242980_persistent_sites,735.9214951373579,1000000.0,29,0.90625,0.8,3.6757441529997978e-06,0.08096364939278321,3.9258450479060194,3.6757441529997973e-06,stochastic_proposal_reached,True
Peak,v913_paper_peak01_0242980_persistent_sites,735.9214951373579,1000000.0,29,0.90625,1.0,4.594680191249747e-06,0.08096364939278321,3.9258450479060194,4.594680191249747e-06,stochastic_proposal_reached,True
Peak,v913_paper_peak01_0242980_persistent_sites,735.9214951373579,1000000.0,29,0.90625,1.25,5.743350239062183e-06,0.07590342130573427,3.9258450479060194,5.743350239062183e-06,stochastic_proposal_reached,True
Peak,v913_paper_peak01_0242980_persistent_sites,735.9214951373579,1000000.0,29,0.90625,1.5,6.89202028687462e-06,0.060722737044587416,3.9258450479060194,6.89202028687462e-06,stochastic_proposal_reached,True
Peak,v913_paper_peak01_0242980_persistent_sites,735.9214951373579,1000000.0,29,0.90625,2.0,9.189360382499494e-06,0.08096364939278321,3.9258450479060194,9.189360382499494e-06,stochastic_proposal_reached,True
Peak,v913_paper_peak01_0242980_persistent_sites,735.9214951373579,1000000.0,29,0.90625,2.5,1.1486700478124366e-05,0.08297951381824831,3.9258450479060194,1.1486700478124366e-05,stochastic_proposal_reached,True
Peak,v913_paper_peak01_0242980_persistent_sites,735.9214951373579,1000000.0,29,0.90625,3.0,1.378404057374924e-05,0.08297951381824831,3.9258450479060194,1.378404057374924e-05,stochastic_proposal_reached,True
Peak,v913_paper_peak01_0242980_persistent_sites,735.9214951373579,1000000.0,29,0.90625,3.5,1.6081380669374112e-05,0.08297951381824831,3.9258450479060194,1.6081380669374112e-05,stochastic_proposal_reached,True
Peak,v913_paper_peak01_0242980_persistent_sites,735.9214951373579,1000000.0,29,0.90625,3.99,1.833277396308649e-05,0.08297951381824831,3.9258450479060194,1.833277396308649e-05,stochastic_proposal_reached,True
Peak,v913_paper_peak01_0242980_persistent_sites,735.9214951373579,1000000.0,29,0.90625,4.0,1.8378720764998988e-05,0.08297951381824831,3.9258450479060194,1.8378720764998988e-05,stochastic_proposal_reached,True
Peak,v913_paper_peak01_0242980_persistent_sites,735.9214951373579,1000000.0,29,0.90625,8.0,1.8378720764998988e-05,0.08297951381824831,3.9258450479060194,1.8378720764998988e-05,stochastic_proposal_reached,True
Peak,v913_paper_peak01_0242980_persistent_sites,735.9214951373579,1000000.0,30,0.9375,0.1,2.2973400956248734e-06,0.08853826091535094,3.6287482597311493,2.2973400956248734e-06,stochastic_proposal_reached,True
Peak,v913_paper_peak01_0242980_persistent_sites,735.9214951373579,1000000.0,30,0.9375,0.3,2.2973400956248734e-06,0.08853826091535094,3.6287482597311493,2.2973400956248734e-06,stochastic_proposal_reached,True
Peak,v913_paper_peak01_0242980_persistent_sites,735.9214951373579,1000000.0,30,0.9375,0.49,2.2973400956248734e-06,0.08853826091535094,3.6287482597311493,2.2973400956248734e-06,stochastic_proposal_reached,True
Peak,v913_paper_peak01_0242980_persistent_sites,735.9214951373579,1000000.0,30,0.9375,0.5,2.2973400956248734e-06,0.08853826091535094,3.6287482597311493,2.2973400956248734e-06,stochastic_proposal_reached,True
Peak,v913_paper_peak01_0242980_persistent_sites,735.9214951373579,1000000.0,30,0.9375,0.6,2.7568081147498482e-06,0.09296517396111849,3.6287482597311493,2.7568081147498482e-06,stochastic_proposal_reached,True
Peak,v913_paper_peak01_0242980_persistent_sites,735.9214951373579,1000000.0,30,0.9375,0.8,3.6757441529997978e-06,0.08853826091535094,3.6287482597311493,3.6757441529997973e-06,stochastic_proposal_reached,True
Peak,v913_paper_peak01_0242980_persistent_sites,735.9214951373579,1000000.0,30,0.9375,1.0,4.594680191249747e-06,0.08853826091535094,3.6287482597311493,4.594680191249747e-06,stochastic_proposal_reached,True
Peak,v913_paper_peak01_0242980_persistent_sites,735.9214951373579,1000000.0,30,0.9375,1.25,5.743350239062183e-06,0.08300461960814151,3.6287482597311493,5.743350239062183e-06,stochastic_proposal_reached,True
Peak,v913_paper_peak01_0242980_persistent_sites,735.9214951373579,1000000.0,30,0.9375,1.5,6.89202028687462e-06,0.06640369568651322,3.6287482597311493,6.89202028687462e-06,stochastic_proposal_reached,True
Peak,v913_paper_peak01_0242980_persistent_sites,735.9214951373579,1000000.0,30,0.9375,2.0,9.189360382499494e-06,0.08853826091535094,3.6287482597311493,9.189360382499494e-06,stochastic_proposal_reached,True
Peak,v913_paper_peak01_0242980_persistent_sites,735.9214951373579,1000000.0,30,0.9375,2.5,1.1486700478124366e-05,0.09067291578664083,3.6287482597311493,1.1486700478124366e-05,stochastic_proposal_reached,True
Peak,v913_paper_peak01_0242980_persistent_sites,735.9214951373579,1000000.0,30,0.9375,3.0,1.378404057374924e-05,0.09067291578664083,3.6287482597311493,1.378404057374924e-05,stochastic_proposal_reached,True
Peak,v913_paper_peak01_0242980_persistent_sites,735.9214951373579,1000000.0,30,0.9375,3.5,1.6081380669374112e-05,0.09067291578664083,3.6287482597311493,1.6081380669374112e-05,stochastic_proposal_reached,True
Peak,v913_paper_peak01_0242980_persistent_sites,735.9214951373579,1000000.0,30,0.9375,3.99,1.833277396308649e-05,0.09067291578664083,3.6287482597311493,1.833277396308649e-05,stochastic_proposal_reached,True
Peak,v913_paper_peak01_0242980_persistent_sites,735.9214951373579,1000000.0,30,0.9375,4.0,1.8378720764998988e-05,0.09067291578664083,3.6287482597311493,1.8378720764998988e-05,stochastic_proposal_reached,True
Peak,v913_paper_peak01_0242980_persistent_sites,735.9214951373579,1000000.0,30,0.9375,8.0,1.8378720764998988e-05,0.09067291578664083,3.6287482597311493,1.8378720764998988e-05,stochastic_proposal_reached,True
Peak,v913_paper_peak01_0242980_persistent_sites,735.9214951373579,1000000.0,31,0.96875,0.1,2.2973400956248734e-06,0.09337116718647764,3.4565194522332288,2.2973400956248734e-06,stochastic_proposal_reached,True
Peak,v913_paper_peak01_0242980_persistent_sites,735.9214951373579,1000000.0,31,0.96875,0.3,2.2973400956248734e-06,0.09337116718647764,3.4565194522332288,2.2973400956248734e-06,stochastic_proposal_reached,True
Peak,v913_paper_peak01_0242980_persistent_sites,735.9214951373579,1000000.0,31,0.96875,0.49,2.2973400956248734e-06,0.09337116718647764,3.4565194522332288,2.2973400956248734e-06,stochastic_proposal_reached,True
Peak,v913_paper_peak01_0242980_persistent_sites,735.9214951373579,1000000.0,31,0.96875,0.5,2.2973400956248734e-06,0.09337116718647764,3.4565194522332288,2.2973400956248734e-06,stochastic_proposal_reached,True
Peak,v913_paper_peak01_0242980_persistent_sites,735.9214951373579,1000000.0,31,0.96875,0.6,2.7568081147498482e-06,0.09803972554580152,3.4565194522332288,2.7568081147498482e-06,stochastic_proposal_reached,True
Peak,v913_paper_peak01_0242980_persistent_sites,735.9214951373579,1000000.0,31,0.96875,0.8,3.6757441529997978e-06,0.09337116718647764,3.4565194522332288,3.6757441529997973e-06,stochastic_proposal_reached,True
Peak,v913_paper_peak01_0242980_persistent_sites,735.9214951373579,1000000.0,31,0.96875,1.0,4.594680191249747e-06,0.09337116718647764,3.4565194522332288,4.594680191249747e-06,stochastic_proposal_reached,True
Peak,v913_paper_peak01_0242980_persistent_sites,735.9214951373579,1000000.0,31,0.96875,1.25,5.743350239062183e-06,0.08753546923732279,3.4565194522332288,5.743350239062183e-06,stochastic_proposal_reached,True
Peak,v913_paper_peak01_0242980_persistent_sites,735.9214951373579,1000000.0,31,0.96875,1.5,6.89202028687462e-06,0.07002837538985823,3.4565194522332288,6.89202028687462e-06,stochastic_proposal_reached,True
Peak,v913_paper_peak01_0242980_persistent_sites,735.9214951373579,1000000.0,31,0.96875,2.0,9.189360382499494e-06,0.09337116718647764,3.4565194522332288,9.189360382499494e-06,stochastic_proposal_reached,True
Peak,v913_paper_peak01_0242980_persistent_sites,735.9214951373579,1000000.0,31,0.96875,2.5,1.1486700478124366e-05,0.09558014711770113,3.4565194522332288,1.1486700478124366e-05,stochastic_proposal_reached,True
Peak,v913_paper_peak01_0242980_persistent_sites,735.9214951373579,1000000.0,31,0.96875,3.0,1.378404057374924e-05,0.09558014711770113,3.4565194522332288,1.378404057374924e-05,stochastic_proposal_reached,True
Peak,v913_paper_peak01_0242980_persistent_sites,735.9214951373579,1000000.0,31,0.96875,3.5,1.6081380669374112e-05,0.09558014711770113,3.4565194522332288,1.6081380669374112e-05,stochastic_proposal_reached,True
Peak,v913_paper_peak01_0242980_persistent_sites,735.9214951373579,1000000.0,31,0.96875,3.99,1.833277396308649e-05,0.09558014711770113,3.4565194522332288,1.833277396308649e-05,stochastic_proposal_reached,True
Peak,v913_paper_peak01_0242980_persistent_sites,735.9214951373579,1000000.0,31,0.96875,4.0,1.8378720764998988e-05,0.09558014711770113,3.4565194522332288,1.8378720764998988e-05,stochastic_proposal_reached,True
Peak,v913_paper_peak01_0242980_persistent_sites,735.9214951373579,1000000.0,31,0.96875,8.0,1.8378720764998988e-05,0.09558014711770113,3.4565194522332288,1.8378720764998988e-05,stochastic_proposal_reached,True
Peak,v913_paper_peak01_0242980_persistent_sites,735.9214951373579,10000000.0,0,0.0,0.1,2.2973400956248734e-06,0.0798165296835543,3.974029754287181,2.2973400956248734e-06,stochastic_proposal_reached,True
Peak,v913_paper_peak01_0242980_persistent_sites,735.9214951373579,10000000.0,0,0.0,0.3,2.2973400956248734e-06,0.0798165296835543,3.974029754287181,2.2973400956248734e-06,stochastic_proposal_reached,True
Peak,v913_paper_peak01_0242980_persistent_sites,735.9214951373579,10000000.0,0,0.0,0.49,2.2973400956248734e-06,0.0798165296835543,3.974029754287181,2.2973400956248734e-06,stochastic_proposal_reached,True
Peak,v913_paper_peak01_0242980_persistent_sites,735.9214951373579,10000000.0,0,0.0,0.5,2.2973400956248734e-06,0.0798165296835543,3.974029754287181,2.2973400956248734e-06,stochastic_proposal_reached,True
Peak,v913_paper_peak01_0242980_persistent_sites,735.9214951373579,10000000.0,0,0.0,0.6,2.7568081147498482e-06,0.08380735616773201,3.974029754287181,2.7568081147498482e-06,stochastic_proposal_reached,True
Peak,v913_paper_peak01_0242980_persistent_sites,735.9214951373579,10000000.0,0,0.0,0.8,3.6757441529997978e-06,0.0798165296835543,3.974029754287181,3.6757441529997973e-06,stochastic_proposal_reached,True
Peak,v913_paper_peak01_0242980_persistent_sites,735.9214951373579,10000000.0,0,0.0,1.0,4.594680191249747e-06,0.0798165296835543,3.974029754287181,4.594680191249747e-06,stochastic_proposal_reached,True
Peak,v913_paper_peak01_0242980_persistent_sites,735.9214951373579,10000000.0,0,0.0,1.25,5.743350239062183e-06,0.07482799657833215,3.974029754287181,5.743350239062183e-06,stochastic_proposal_reached,True
Peak,v913_paper_peak01_0242980_persistent_sites,735.9214951373579,10000000.0,0,0.0,1.5,6.89202028687462e-06,0.05986239726266572,3.974029754287181,6.89202028687462e-06,stochastic_proposal_reached,True
Peak,v913_paper_peak01_0242980_persistent_sites,735.9214951373579,10000000.0,0,0.0,2.0,9.189360382499494e-06,0.0798165296835543,3.974029754287181,9.189360382499494e-06,stochastic_proposal_reached,True
Peak,v913_paper_peak01_0242980_persistent_sites,735.9214951373579,10000000.0,0,0.0,2.5,1.1486700478124366e-05,0.08948999414510439,3.974029754287181,1.1486700478124366e-05,stochastic_proposal_reached,True
Peak,v913_paper_peak01_0242980_persistent_sites,735.9214951373579,10000000.0,0,0.0,3.0,1.378404057374924e-05,0.08948999414510439,3.974029754287181,1.378404057374924e-05,stochastic_proposal_reached,True
Peak,v913_paper_peak01_0242980_persistent_sites,735.9214951373579,10000000.0,0,0.0,3.5,1.6081380669374112e-05,0.08948999414510439,3.974029754287181,1.6081380669374112e-05,stochastic_proposal_reached,True
Peak,v913_paper_peak01_0242980_persistent_sites,735.9214951373579,10000000.0,0,0.0,3.99,1.833277396308649e-05,0.08948999414510439,3.974029754287181,1.833277396308649e-05,stochastic_proposal_reached,True
Peak,v913_paper_peak01_0242980_persistent_sites,735.9214951373579,10000000.0,0,0.0,4.0,1.8378720764998988e-05,0.08948999414510439,3.974029754287181,1.8378720764998988e-05,stochastic_proposal_reached,True
Peak,v913_paper_peak01_0242980_persistent_sites,735.9214951373579,10000000.0,0,0.0,8.0,1.8378720764998988e-05,0.08948999414510439,3.974029754287181,1.8378720764998988e-05,stochastic_proposal_reached,True
Peak,v913_paper_peak01_0242980_persistent_sites,735.9214951373579,10000000.0,1,0.03125,0.1,2.2973400956248734e-06,0.0782950232719918,4.0393390085669445,2.2973400956248734e-06,stochastic_proposal_reached,True
Peak,v913_paper_peak01_0242980_persistent_sites,735.9214951373579,10000000.0,1,0.03125,0.3,2.2973400956248734e-06,0.0782950232719918,4.0393390085669445,2.2973400956248734e-06,stochastic_proposal_reached,True
Peak,v913_paper_peak01_0242980_persistent_sites,735.9214951373579,10000000.0,1,0.03125,0.49,2.2973400956248734e-06,0.0782950232719918,4.0393390085669445,2.2973400956248734e-06,stochastic_proposal_reached,True
Peak,v913_paper_peak01_0242980_persistent_sites,735.9214951373579,10000000.0,1,0.03125,0.5,2.2973400956248734e-06,0.0782950232719918,4.0393390085669445,2.2973400956248734e-06,stochastic_proposal_reached,True
Peak,v913_paper_peak01_0242980_persistent_sites,735.9214951373579,10000000.0,1,0.03125,0.6,2.7568081147498482e-06,0.08220977443559138,4.0393390085669445,2.7568081147498482e-06,stochastic_proposal_reached,True
Peak,v913_paper_peak01_0242980_persistent_sites,735.9214951373579,10000000.0,1,0.03125,0.8,3.6757441529997978e-06,0.0782950232719918,4.0393390085669445,3.6757441529997973e-06,stochastic_proposal_reached,True
Peak,v913_paper_peak01_0242980_persistent_sites,735.9214951373579,10000000.0,1,0.03125,1.0,4.594680191249747e-06,0.0782950232719918,4.0393390085669445,4.594680191249747e-06,stochastic_proposal_reached,True
Peak,v913_paper_peak01_0242980_persistent_sites,735.9214951373579,10000000.0,1,0.03125,1.25,5.743350239062183e-06,0.07340158431749232,4.0393390085669445,5.743350239062183e-06,stochastic_proposal_reached,True
Peak,v913_paper_peak01_0242980_persistent_sites,735.9214951373579,10000000.0,1,0.03125,1.5,6.89202028687462e-06,0.05872126745399385,4.0393390085669445,6.89202028687462e-06,stochastic_proposal_reached,True
Peak,v913_paper_peak01_0242980_persistent_sites,735.9214951373579,10000000.0,1,0.03125,2.0,9.189360382499494e-06,0.0782950232719918,4.0393390085669445,9.189360382499494e-06,stochastic_proposal_reached,True
Peak,v913_paper_peak01_0242980_persistent_sites,735.9214951373579,10000000.0,1,0.03125,2.5,1.1486700478124366e-05,0.08787361254057302,4.0393390085669445,1.1486700478124366e-05,stochastic_proposal_reached,True
Peak,v913_paper_peak01_0242980_persistent_sites,735.9214951373579,10000000.0,1,0.03125,3.0,1.378404057374924e-05,0.08787361254057302,4.0393390085669445,1.378404057374924e-05,stochastic_proposal_reached,True
Peak,v913_paper_peak01_0242980_persistent_sites,735.9214951373579,10000000.0,1,0.03125,3.5,1.6081380669374112e-05,0.08787361254057302,4.0393390085669445,1.6081380669374112e-05,stochastic_proposal_reached,True
Peak,v913_paper_peak01_0242980_persistent_sites,735.9214951373579,10000000.0,1,0.03125,3.99,1.833277396308649e-05,0.08787361254057302,4.0393390085669445,1.833277396308649e-05,stochastic_proposal_reached,True
Peak,v913_paper_peak01_0242980_persistent_sites,735.9214951373579,10000000.0,1,0.03125,4.0,1.8378720764998988e-05,0.08787361254057302,4.0393390085669445,1.8378720764998988e-05,stochastic_proposal_reached,True
Peak,v913_paper_peak01_0242980_persistent_sites,735.9214951373579,10000000.0,1,0.03125,8.0,1.8378720764998988e-05,0.08787361254057302,4.0393390085669445,1.8378720764998988e-05,stochastic_proposal_reached,True
Peak,v913_paper_peak01_0242980_persistent_sites,735.9214951373579,10000000.0,2,0.0625,0.1,2.2973400956248734e-06,0.07387486683221631,4.238634956018024,2.2973400956248734e-06,stochastic_proposal_reached,True
Peak,v913_paper_peak01_0242980_persistent_sites,735.9214951373579,10000000.0,2,0.0625,0.3,2.2973400956248734e-06,0.07387486683221631,4.238634956018024,2.2973400956248734e-06,stochastic_proposal_reached,True
Peak,v913_paper_peak01_0242980_persistent_sites,735.9214951373579,10000000.0,2,0.0625,0.49,2.2973400956248734e-06,0.07387486683221631,4.238634956018024,2.2973400956248734e-06,stochastic_proposal_reached,True
Peak,v913_paper_peak01_0242980_persistent_sites,735.9214951373579,10000000.0,2,0.0625,0.5,2.2973400956248734e-06,0.07387486683221631,4.238634956018024,2.2973400956248734e-06,stochastic_proposal_reached,True
Peak,v913_paper_peak01_0242980_persistent_sites,735.9214951373579,10000000.0,2,0.0625,0.6,2.7568081147498482e-06,0.07756861017382712,4.238634956018024,2.7568081147498482e-06,stochastic_proposal_reached,True
Peak,v913_paper_peak01_0242980_persistent_sites,735.9214951373579,10000000.0,2,0.0625,0.8,3.6757441529997978e-06,0.07387486683221631,4.238634956018024,3.6757441529997973e-06,stochastic_proposal_reached,True
Peak,v913_paper_peak01_0242980_persistent_sites,735.9214951373579,10000000.0,2,0.0625,1.0,4.594680191249747e-06,0.07387486683221631,4.238634956018024,4.594680191249747e-06,stochastic_proposal_reached,True
Peak,v913_paper_peak01_0242980_persistent_sites,735.9214951373579,10000000.0,2,0.0625,1.25,5.743350239062183e-06,0.0692576876552028,4.238634956018024,5.743350239062183e-06,stochastic_proposal_reached,True
Peak,v913_paper_peak01_0242980_persistent_sites,735.9214951373579,10000000.0,2,0.0625,1.5,6.89202028687462e-06,0.05540615012416223,4.238634956018024,6.89202028687462e-06,stochastic_proposal_reached,True
Peak,v913_paper_peak01_0242980_persistent_sites,735.9214951373579,10000000.0,2,0.0625,2.0,9.189360382499494e-06,0.07387486683221631,4.238634956018024,9.189360382499494e-06,stochastic_proposal_reached,True
Peak,v913_paper_peak01_0242980_persistent_sites,735.9214951373579,10000000.0,2,0.0625,2.5,1.1486700478124366e-05,0.0831730751572266,4.238634956018024,1.1486700478124366e-05,stochastic_proposal_reached,True
Peak,v913_paper_peak01_0242980_persistent_sites,735.9214951373579,10000000.0,2,0.0625,3.0,1.378404057374924e-05,0.0831730751572266,4.238634956018024,1.378404057374924e-05,stochastic_proposal_reached,True
Peak,v913_paper_peak01_0242980_persistent_sites,735.9214951373579,10000000.0,2,0.0625,3.5,1.6081380669374112e-05,0.0831730751572266,4.238634956018024,1.6081380669374112e-05,stochastic_proposal_reached,True
Peak,v913_paper_peak01_0242980_persistent_sites,735.9214951373579,10000000.0,2,0.0625,3.99,1.833277396308649e-05,0.0831730751572266,4.238634956018024,1.833277396308649e-05,stochastic_proposal_reached,True
Peak,v913_paper_peak01_0242980_persistent_sites,735.9214951373579,10000000.0,2,0.0625,4.0,1.8378720764998988e-05,0.0831730751572266,4.238634956018024,1.8378720764998988e-05,stochastic_proposal_reached,True
Peak,v913_paper_peak01_0242980_persistent_sites,735.9214951373579,10000000.0,2,0.0625,8.0,1.8378720764998988e-05,0.0831730751572266,4.238634956018024,1.8378720764998988e-05,stochastic_proposal_reached,True
Peak,v913_paper_peak01_0242980_persistent_sites,735.9214951373579,10000000.0,3,0.09375,0.1,2.2973400956248734e-06,0.06697052466545803,4.58157270500924,2.2973400956248734e-06,stochastic_proposal_reached,True
Peak,v913_paper_peak01_0242980_persistent_sites,735.9214951373579,10000000.0,3,0.09375,0.3,2.2973400956248734e-06,0.06697052466545803,4.58157270500924,2.2973400956248734e-06,stochastic_proposal_reached,True
Peak,v913_paper_peak01_0242980_persistent_sites,735.9214951373579,10000000.0,3,0.09375,0.49,2.2973400956248734e-06,0.06697052466545803,4.58157270500924,2.2973400956248734e-06,stochastic_proposal_reached,True
Peak,v913_paper_peak01_0242980_persistent_sites,735.9214951373579,10000000.0,3,0.09375,0.5,2.2973400956248734e-06,0.06697052466545803,4.58157270500924,2.2973400956248734e-06,stochastic_proposal_reached,True
Peak,v913_paper_peak01_0242980_persistent_sites,735.9214951373579,10000000.0,3,0.09375,0.6,2.7568081147498482e-06,0.07031905089873093,4.58157270500924,2.7568081147498482e-06,stochastic_proposal_reached,True
Peak,v913_paper_peak01_0242980_persistent_sites,735.9214951373579,10000000.0,3,0.09375,0.8,3.6757441529997978e-06,0.06697052466545803,4.58157270500924,3.6757441529997973e-06,stochastic_proposal_reached,True
Peak,v913_paper_peak01_0242980_persistent_sites,735.9214951373579,10000000.0,3,0.09375,1.0,4.594680191249747e-06,0.06697052466545803,4.58157270500924,4.594680191249747e-06,stochastic_proposal_reached,True
Peak,v913_paper_peak01_0242980_persistent_sites,735.9214951373579,10000000.0,3,0.09375,1.25,5.743350239062183e-06,0.0627848668738669,4.58157270500924,5.743350239062183e-06,stochastic_proposal_reached,True
Peak,v913_paper_peak01_0242980_persistent_sites,735.9214951373579,10000000.0,3,0.09375,1.5,6.89202028687462e-06,0.050227893499093526,4.58157270500924,6.89202028687462e-06,stochastic_proposal_reached,True
Peak,v913_paper_peak01_0242980_persistent_sites,735.9214951373579,10000000.0,3,0.09375,2.0,9.189360382499494e-06,0.06697052466545803,4.58157270500924,9.189360382499494e-06,stochastic_proposal_reached,True
Peak,v913_paper_peak01_0242980_persistent_sites,735.9214951373579,10000000.0,3,0.09375,2.5,1.1486700478124366e-05,0.0758153259466603,4.58157270500924,1.1486700478124366e-05,stochastic_proposal_reached,True
Peak,v913_paper_peak01_0242980_persistent_sites,735.9214951373579,10000000.0,3,0.09375,3.0,1.378404057374924e-05,0.0758153259466603,4.58157270500924,1.378404057374924e-05,stochastic_proposal_reached,True
Peak,v913_paper_peak01_0242980_persistent_sites,735.9214951373579,10000000.0,3,0.09375,3.5,1.6081380669374112e-05,0.0758153259466603,4.58157270500924,1.6081380669374112e-05,stochastic_proposal_reached,True
Peak,v913_paper_peak01_0242980_persistent_sites,735.9214951373579,10000000.0,3,0.09375,3.99,1.833277396308649e-05,0.0758153259466603,4.58157270500924,1.833277396308649e-05,stochastic_proposal_reached,True
Peak,v913_paper_peak01_0242980_persistent_sites,735.9214951373579,10000000.0,3,0.09375,4.0,1.8378720764998988e-05,0.0758153259466603,4.58157270500924,1.8378720764998988e-05,stochastic_proposal_reached,True
Peak,v913_paper_peak01_0242980_persistent_sites,735.9214951373579,10000000.0,3,0.09375,8.0,1.8378720764998988e-05,0.0758153259466603,4.58157270500924,1.8378720764998988e-05,stochastic_proposal_reached,True
Peak,v913_paper_peak01_0242980_persistent_sites,735.9214951373579,10000000.0,4,0.125,0.1,2.2973400956248734e-06,0.05821339679031587,5.082579993280606,2.2973400956248734e-06,stochastic_proposal_reached,True
Peak,v913_paper_peak01_0242980_persistent_sites,735.9214951373579,10000000.0,4,0.125,0.3,2.2973400956248734e-06,0.05821339679031587,5.082579993280606,2.2973400956248734e-06,stochastic_proposal_reached,True
Peak,v913_paper_peak01_0242980_persistent_sites,735.9214951373579,10000000.0,4,0.125,0.49,2.2973400956248734e-06,0.05821339679031587,5.082579993280606,2.2973400956248734e-06,stochastic_proposal_reached,True
Peak,v913_paper_peak01_0242980_persistent_sites,735.9214951373579,10000000.0,4,0.125,0.5,2.2973400956248734e-06,0.05821339679031587,5.082579993280606,2.2973400956248734e-06,stochastic_proposal_reached,True
Peak,v913_paper_peak01_0242980_persistent_sites,735.9214951373579,10000000.0,4,0.125,0.6,2.7568081147498482e-06,0.061124066629831664,5.082579993280606,2.7568081147498482e-06,stochastic_proposal_reached,True
Peak,v913_paper_peak01_0242980_persistent_sites,735.9214951373579,10000000.0,4,0.125,0.8,3.6757441529997978e-06,0.05821339679031587,5.082579993280606,3.6757441529997973e-06,stochastic_proposal_reached,True
Peak,v913_paper_peak01_0242980_persistent_sites,735.9214951373579,10000000.0,4,0.125,1.0,4.594680191249747e-06,0.05821339679031587,5.082579993280606,4.594680191249747e-06,stochastic_proposal_reached,True
Peak,v913_paper_peak01_0242980_persistent_sites,735.9214951373579,10000000.0,4,0.125,1.25,5.743350239062183e-06,0.054575059490921125,5.082579993280606,5.743350239062183e-06,stochastic_proposal_reached,True
Peak,v913_paper_peak01_0242980_persistent_sites,735.9214951373579,10000000.0,4,0.125,1.5,6.89202028687462e-06,0.0436600475927369,5.082579993280606,6.89202028687462e-06,stochastic_proposal_reached,True
Peak,v913_paper_peak01_0242980_persistent_sites,735.9214951373579,10000000.0,4,0.125,2.0,9.189360382499494e-06,0.05821339679031587,5.082579993280606,9.189360382499494e-06,stochastic_proposal_reached,True
Peak,v913_paper_peak01_0242980_persistent_sites,735.9214951373579,10000000.0,4,0.125,2.5,1.1486700478124366e-05,0.06645174047141111,5.082579993280606,1.1486700478124366e-05,stochastic_proposal_reached,True
Peak,v913_paper_peak01_0242980_persistent_sites,735.9214951373579,10000000.0,4,0.125,3.0,1.378404057374924e-05,0.06645174047141111,5.082579993280606,1.378404057374924e-05,stochastic_proposal_reached,True
Peak,v913_paper_peak01_0242980_persistent_sites,735.9214951373579,10000000.0,4,0.125,3.5,1.6081380669374112e-05,0.06645174047141111,5.082579993280606,1.6081380669374112e-05,stochastic_proposal_reached,True
Peak,v913_paper_peak01_0242980_persistent_sites,735.9214951373579,10000000.0,4,0.125,3.99,1.833277396308649e-05,0.06645174047141111,5.082579993280606,1.833277396308649e-05,stochastic_proposal_reached,True
Peak,v913_paper_peak01_0242980_persistent_sites,735.9214951373579,10000000.0,4,0.125,4.0,1.8378720764998988e-05,0.06645174047141111,5.082579993280606,1.8378720764998988e-05,stochastic_proposal_reached,True
Peak,v913_paper_peak01_0242980_persistent_sites,735.9214951373579,10000000.0,4,0.125,8.0,1.8378720764998988e-05,0.06645174047141111,5.082579993280606,1.8378720764998988e-05,stochastic_proposal_reached,True
Peak,v913_paper_peak01_0242980_persistent_sites,735.9214951373579,10000000.0,5,0.15625,0.1,2.2973400956248734e-06,0.04837182375185241,5.75783761441092,2.2973400956248734e-06,stochastic_proposal_reached,True
Peak,v913_paper_peak01_0242980_persistent_sites,735.9214951373579,10000000.0,5,0.15625,0.3,2.2973400956248734e-06,0.04837182375185241,5.75783761441092,2.2973400956248734e-06,stochastic_proposal_reached,True
Peak,v913_paper_peak01_0242980_persistent_sites,735.9214951373579,10000000.0,5,0.15625,0.49,2.2973400956248734e-06,0.04837182375185241,5.75783761441092,2.2973400956248734e-06,stochastic_proposal_reached,True
Peak,v913_paper_peak01_0242980_persistent_sites,735.9214951373579,10000000.0,5,0.15625,0.5,2.2973400956248734e-06,0.04837182375185241,5.75783761441092,2.2973400956248734e-06,stochastic_proposal_reached,True
Peak,v913_paper_peak01_0242980_persistent_sites,735.9214951373579,10000000.0,5,0.15625,0.6,2.7568081147498482e-06,0.050790414939445035,5.75783761441092,2.7568081147498482e-06,stochastic_proposal_reached,True
Peak,v913_paper_peak01_0242980_persistent_sites,735.9214951373579,10000000.0,5,0.15625,0.8,3.6757441529997978e-06,0.04837182375185241,5.75783761441092,3.6757441529997973e-06,stochastic_proposal_reached,True
Peak,v913_paper_peak01_0242980_persistent_sites,735.9214951373579,10000000.0,5,0.15625,1.0,4.594680191249747e-06,0.04837182375185241,5.75783761441092,4.594680191249747e-06,stochastic_proposal_reached,True
Peak,v913_paper_peak01_0242980_persistent_sites,735.9214951373579,10000000.0,5,0.15625,1.25,5.743350239062183e-06,0.04534858476736164,5.75783761441092,5.743350239062183e-06,stochastic_proposal_reached,True
Peak,v913_paper_peak01_0242980_persistent_sites,735.9214951373579,10000000.0,5,0.15625,1.5,6.89202028687462e-06,0.03627886781388931,5.75783761441092,6.89202028687462e-06,stochastic_proposal_reached,True
Peak,v913_paper_peak01_0242980_persistent_sites,735.9214951373579,10000000.0,5,0.15625,2.0,9.189360382499494e-06,0.04837182375185241,5.75783761441092,9.189360382499494e-06,stochastic_proposal_reached,True
Peak,v913_paper_peak01_0242980_persistent_sites,735.9214951373579,10000000.0,5,0.15625,2.5,1.1486700478124366e-05,0.0558769746428176,5.75783761441092,1.1486700478124366e-05,stochastic_proposal_reached,True
Peak,v913_paper_peak01_0242980_persistent_sites,735.9214951373579,10000000.0,5,0.15625,3.0,1.378404057374924e-05,0.0558769746428176,5.75783761441092,1.378404057374924e-05,stochastic_proposal_reached,True
Peak,v913_paper_peak01_0242980_persistent_sites,735.9214951373579,10000000.0,5,0.15625,3.5,1.6081380669374112e-05,0.0558769746428176,5.75783761441092,1.6081380669374112e-05,stochastic_proposal_reached,True
Peak,v913_paper_peak01_0242980_persistent_sites,735.9214951373579,10000000.0,5,0.15625,3.99,1.833277396308649e-05,0.0558769746428176,5.75783761441092,1.833277396308649e-05,stochastic_proposal_reached,True
Peak,v913_paper_peak01_0242980_persistent_sites,735.9214951373579,10000000.0,5,0.15625,4.0,1.8378720764998988e-05,0.0558769746428176,5.75783761441092,1.8378720764998988e-05,stochastic_proposal_reached,True
Peak,v913_paper_peak01_0242980_persistent_sites,735.9214951373579,10000000.0,5,0.15625,8.0,1.8378720764998988e-05,0.0558769746428176,5.75783761441092,1.8378720764998988e-05,stochastic_proposal_reached,True
Peak,v913_paper_peak01_0242980_persistent_sites,735.9214951373579,10000000.0,6,0.1875,0.1,2.2973400956248734e-06,0.03825582071459261,6.6202422842946005,2.2973400956248734e-06,stochastic_proposal_reached,True
Peak,v913_paper_peak01_0242980_persistent_sites,735.9214951373579,10000000.0,6,0.1875,0.3,2.2973400956248734e-06,0.03825582071459261,6.6202422842946005,2.2973400956248734e-06,stochastic_proposal_reached,True
Peak,v913_paper_peak01_0242980_persistent_sites,735.9214951373579,10000000.0,6,0.1875,0.49,2.2973400956248734e-06,0.03825582071459261,6.6202422842946005,2.2973400956248734e-06,stochastic_proposal_reached,True
Peak,v913_paper_peak01_0242980_persistent_sites,735.9214951373579,10000000.0,6,0.1875,0.5,2.2973400956248734e-06,0.03825582071459261,6.6202422842946005,2.2973400956248734e-06,stochastic_proposal_reached,True
Peak,v913_paper_peak01_0242980_persistent_sites,735.9214951373579,10000000.0,6,0.1875,0.6,2.7568081147498482e-06,0.04016861175032224,6.6202422842946005,2.7568081147498482e-06,stochastic_proposal_reached,True
Peak,v913_paper_peak01_0242980_persistent_sites,735.9214951373579,10000000.0,6,0.1875,0.8,3.6757441529997978e-06,0.03825582071459261,6.6202422842946005,3.6757441529997973e-06,stochastic_proposal_reached,True
Peak,v913_paper_peak01_0242980_persistent_sites,735.9214951373579,10000000.0,6,0.1875,1.0,4.594680191249747e-06,0.03825582071459261,6.6202422842946005,4.594680191249747e-06,stochastic_proposal_reached,True
Peak,v913_paper_peak01_0242980_persistent_sites,735.9214951373579,10000000.0,6,0.1875,1.25,5.743350239062183e-06,0.03586483191993057,6.6202422842946005,5.743350239062183e-06,stochastic_proposal_reached,True
Peak,v913_paper_peak01_0242980_persistent_sites,735.9214951373579,10000000.0,6,0.1875,1.5,6.89202028687462e-06,0.02869186553594446,6.6202422842946005,6.89202028687462e-06,stochastic_proposal_reached,True
Peak,v913_paper_peak01_0242980_persistent_sites,735.9214951373579,10000000.0,6,0.1875,2.0,9.189360382499494e-06,0.03825582071459261,6.6202422842946005,9.189360382499494e-06,stochastic_proposal_reached,True
Peak,v913_paper_peak01_0242980_persistent_sites,735.9214951373579,10000000.0,6,0.1875,2.5,1.1486700478124366e-05,0.044932229353984,6.6202422842946005,1.1486700478124366e-05,stochastic_proposal_reached,True
Peak,v913_paper_peak01_0242980_persistent_sites,735.9214951373579,10000000.0,6,0.1875,3.0,1.378404057374924e-05,0.044932229353984,6.6202422842946005,1.378404057374924e-05,stochastic_proposal_reached,True
Peak,v913_paper_peak01_0242980_persistent_sites,735.9214951373579,10000000.0,6,0.1875,3.5,1.6081380669374112e-05,0.044932229353984,6.6202422842946005,1.6081380669374112e-05,stochastic_proposal_reached,True
Peak,v913_paper_peak01_0242980_persistent_sites,735.9214951373579,10000000.0,6,0.1875,3.99,1.833277396308649e-05,0.044932229353984,6.6202422842946005,1.833277396308649e-05,stochastic_proposal_reached,True
Peak,v913_paper_peak01_0242980_persistent_sites,735.9214951373579,10000000.0,6,0.1875,4.0,1.8378720764998988e-05,0.044932229353984,6.6202422842946005,1.8378720764998988e-05,stochastic_proposal_reached,True
Peak,v913_paper_peak01_0242980_persistent_sites,735.9214951373579,10000000.0,6,0.1875,8.0,1.8378720764998988e-05,0.044932229353984,6.6202422842946005,1.8378720764998988e-05,stochastic_proposal_reached,True
Peak,v913_paper_peak01_0242980_persistent_sites,735.9214951373579,10000000.0,7,0.21875,0.1,2.2973400956248734e-06,0.02862021002326864,7.672173186612792,2.2973400956248734e-06,stochastic_proposal_reached,True
Peak,v913_paper_peak01_0242980_persistent_sites,735.9214951373579,10000000.0,7,0.21875,0.3,2.2973400956248734e-06,0.02862021002326864,7.672173186612792,2.2973400956248734e-06,stochastic_proposal_reached,True
Peak,v913_paper_peak01_0242980_persistent_sites,735.9214951373579,10000000.0,7,0.21875,0.49,2.2973400956248734e-06,0.02862021002326864,7.672173186612792,2.2973400956248734e-06,stochastic_proposal_reached,True
Peak,v913_paper_peak01_0242980_persistent_sites,735.9214951373579,10000000.0,7,0.21875,0.5,2.2973400956248734e-06,0.02862021002326864,7.672173186612792,2.2973400956248734e-06,stochastic_proposal_reached,True
Peak,v913_paper_peak01_0242980_persistent_sites,735.9214951373579,10000000.0,7,0.21875,0.6,2.7568081147498482e-06,0.030051220524432074,7.672173186612792,2.7568081147498482e-06,stochastic_proposal_reached,True
Peak,v913_paper_peak01_0242980_persistent_sites,735.9214951373579,10000000.0,7,0.21875,0.8,3.6757441529997978e-06,0.02862021002326864,7.672173186612792,3.6757441529997973e-06,stochastic_proposal_reached,True
Peak,v913_paper_peak01_0242980_persistent_sites,735.9214951373579,10000000.0,7,0.21875,1.0,4.594680191249747e-06,0.02862021002326864,7.672173186612792,4.594680191249747e-06,stochastic_proposal_reached,True
Peak,v913_paper_peak01_0242980_persistent_sites,735.9214951373579,10000000.0,7,0.21875,1.25,5.743350239062183e-06,0.02683144689681435,7.672173186612792,5.743350239062183e-06,stochastic_proposal_reached,True
Peak,v913_paper_peak01_0242980_persistent_sites,735.9214951373579,10000000.0,7,0.21875,1.5,6.89202028687462e-06,0.021465157517451483,7.672173186612792,6.89202028687462e-06,stochastic_proposal_reached,True
Peak,v913_paper_peak01_0242980_persistent_sites,735.9214951373579,10000000.0,7,0.21875,2.0,9.189360382499494e-06,0.02862021002326864,7.672173186612792,9.189360382499494e-06,stochastic_proposal_reached,True
Peak,v913_paper_peak01_0242980_persistent_sites,735.9214951373579,10000000.0,7,0.21875,2.5,1.1486700478124366e-05,0.03440672641512599,7.672173186612792,1.1486700478124366e-05,stochastic_proposal_reached,True
Peak,v913_paper_peak01_0242980_persistent_sites,735.9214951373579,10000000.0,7,0.21875,3.0,1.378404057374924e-05,0.03440672641512599,7.672173186612792,1.378404057374924e-05,stochastic_proposal_reached,True
Peak,v913_paper_peak01_0242980_persistent_sites,735.9214951373579,10000000.0,7,0.21875,3.5,1.6081380669374112e-05,0.03440672641512599,7.672173186612792,1.6081380669374112e-05,stochastic_proposal_reached,True
Peak,v913_paper_peak01_0242980_persistent_sites,735.9214951373579,10000000.0,7,0.21875,3.99,1.833277396308649e-05,0.03440672641512599,7.672173186612792,1.833277396308649e-05,stochastic_proposal_reached,True
Peak,v913_paper_peak01_0242980_persistent_sites,735.9214951373579,10000000.0,7,0.21875,4.0,1.8378720764998988e-05,0.03440672641512599,7.672173186612792,1.8378720764998988e-05,stochastic_proposal_reached,True
Peak,v913_paper_peak01_0242980_persistent_sites,735.9214951373579,10000000.0,7,0.21875,8.0,1.8378720764998988e-05,0.03440672641512599,7.672173186612792,1.8378720764998988e-05,stochastic_proposal_reached,True
Peak,v913_paper_peak01_0242980_persistent_sites,735.9214951373579,10000000.0,8,0.25,0.1,2.2973400956248734e-06,0.02007988296113736,8.8968077530392,2.2973400956248734e-06,stochastic_proposal_reached,True
Peak,v913_paper_peak01_0242980_persistent_sites,735.9214951373579,10000000.0,8,0.25,0.3,2.2973400956248734e-06,0.02007988296113736,8.8968077530392,2.2973400956248734e-06,stochastic_proposal_reached,True
Peak,v913_paper_peak01_0242980_persistent_sites,735.9214951373579,10000000.0,8,0.25,0.49,2.2973400956248734e-06,0.02007988296113736,8.8968077530392,2.2973400956248734e-06,stochastic_proposal_reached,True
Peak,v913_paper_peak01_0242980_persistent_sites,735.9214951373579,10000000.0,8,0.25,0.5,2.2973400956248734e-06,0.02007988296113736,8.8968077530392,2.2973400956248734e-06,stochastic_proposal_reached,True
Peak,v913_paper_peak01_0242980_persistent_sites,735.9214951373579,10000000.0,8,0.25,0.6,2.7568081147498482e-06,0.021083877109194227,8.8968077530392,2.7568081147498482e-06,stochastic_proposal_reached,True
Peak,v913_paper_peak01_0242980_persistent_sites,735.9214951373579,10000000.0,8,0.25,0.8,3.6757441529997978e-06,0.02007988296113736,8.8968077530392,3.6757441529997973e-06,stochastic_proposal_reached,True
Peak,v913_paper_peak01_0242980_persistent_sites,735.9214951373579,10000000.0,8,0.25,1.0,4.594680191249747e-06,0.02007988296113736,8.8968077530392,4.594680191249747e-06,stochastic_proposal_reached,True
Peak,v913_paper_peak01_0242980_persistent_sites,735.9214951373579,10000000.0,8,0.25,1.25,5.743350239062183e-06,0.018824890276066278,8.8968077530392,5.743350239062183e-06,stochastic_proposal_reached,True
Peak,v913_paper_peak01_0242980_persistent_sites,735.9214951373579,10000000.0,8,0.25,1.5,6.89202028687462e-06,0.015059912220853022,8.8968077530392,6.89202028687462e-06,stochastic_proposal_reached,True
Peak,v913_paper_peak01_0242980_persistent_sites,735.9214951373579,10000000.0,8,0.25,2.0,9.189360382499494e-06,0.02007988296113736,8.8968077530392,9.189360382499494e-06,stochastic_proposal_reached,True
Peak,v913_paper_peak01_0242980_persistent_sites,735.9214951373579,10000000.0,8,0.25,2.5,1.1486700478124366e-05,0.02495125993744285,8.8968077530392,1.1486700478124366e-05,stochastic_proposal_reached,True
Peak,v913_paper_peak01_0242980_persistent_sites,735.9214951373579,10000000.0,8,0.25,3.0,1.378404057374924e-05,0.02495125993744285,8.8968077530392,1.378404057374924e-05,stochastic_proposal_reached,True
Peak,v913_paper_peak01_0242980_persistent_sites,735.9214951373579,10000000.0,8,0.25,3.5,1.6081380669374112e-05,0.02495125993744285,8.8968077530392,1.6081380669374112e-05,stochastic_proposal_reached,True
Peak,v913_paper_peak01_0242980_persistent_sites,735.9214951373579,10000000.0,8,0.25,3.99,1.833277396308649e-05,0.02495125993744285,8.8968077530392,1.833277396308649e-05,stochastic_proposal_reached,True
Peak,v913_paper_peak01_0242980_persistent_sites,735.9214951373579,10000000.0,8,0.25,4.0,1.8378720764998988e-05,0.02495125993744285,8.8968077530392,1.8378720764998988e-05,stochastic_proposal_reached,True
Peak,v913_paper_peak01_0242980_persistent_sites,735.9214951373579,10000000.0,8,0.25,8.0,1.8378720764998988e-05,0.02495125993744285,8.8968077530392,1.8378720764998988e-05,stochastic_proposal_reached,True
Peak,v913_paper_peak01_0242980_persistent_sites,735.9214951373579,10000000.0,9,0.28125,0.1,2.2973400956248734e-06,0.013048931664512008,10.250196965522983,2.2973400956248734e-06,stochastic_proposal_reached,True
Peak,v913_paper_peak01_0242980_persistent_sites,735.9214951373579,10000000.0,9,0.28125,0.3,2.2973400956248734e-06,0.013048931664512008,10.250196965522983,2.2973400956248734e-06,stochastic_proposal_reached,True
Peak,v913_paper_peak01_0242980_persistent_sites,735.9214951373579,10000000.0,9,0.28125,0.49,2.2973400956248734e-06,0.013048931664512008,10.250196965522983,2.2973400956248734e-06,stochastic_proposal_reached,True
Peak,v913_paper_peak01_0242980_persistent_sites,735.9214951373579,10000000.0,9,0.28125,0.5,2.2973400956248734e-06,0.013048931664512008,10.250196965522983,2.2973400956248734e-06,stochastic_proposal_reached,True
Peak,v913_paper_peak01_0242980_persistent_sites,735.9214951373579,10000000.0,9,0.28125,0.6,2.7568081147498482e-06,0.013701378247737608,10.250196965522983,2.7568081147498482e-06,stochastic_proposal_reached,True
Peak,v913_paper_peak01_0242980_persistent_sites,735.9214951373579,10000000.0,9,0.28125,0.8,3.6757441529997978e-06,0.013048931664512008,10.250196965522983,3.6757441529997973e-06,stochastic_proposal_reached,True
Peak,v913_paper_peak01_0242980_persistent_sites,735.9214951373579,10000000.0,9,0.28125,1.0,4.594680191249747e-06,0.013048931664512008,10.250196965522983,4.594680191249747e-06,stochastic_proposal_reached,True
Peak,v913_paper_peak01_0242980_persistent_sites,735.9214951373579,10000000.0,9,0.28125,1.25,5.743350239062183e-06,0.012233373435480008,10.250196965522983,5.743350239062183e-06,stochastic_proposal_reached,True
Peak,v913_paper_peak01_0242980_persistent_sites,735.9214951373579,10000000.0,9,0.28125,1.5,6.89202028687462e-06,0.009786698748384007,10.250196965522983,6.89202028687462e-06,stochastic_proposal_reached,True
Peak,v913_paper_peak01_0242980_persistent_sites,735.9214951373579,10000000.0,9,0.28125,2.0,9.189360382499494e-06,0.013048931664512008,10.250196965522983,9.189360382499494e-06,stochastic_proposal_reached,True
Peak,v913_paper_peak01_0242980_persistent_sites,735.9214951373579,10000000.0,9,0.28125,2.5,1.1486700478124366e-05,0.017015688986665722,10.250196965522983,1.1486700478124366e-05,stochastic_proposal_reached,True
Peak,v913_paper_peak01_0242980_persistent_sites,735.9214951373579,10000000.0,9,0.28125,3.0,1.378404057374924e-05,0.017015688986665722,10.250196965522983,1.378404057374924e-05,stochastic_proposal_reached,True
Peak,v913_paper_peak01_0242980_persistent_sites,735.9214951373579,10000000.0,9,0.28125,3.5,1.6081380669374112e-05,0.017015688986665722,10.250196965522983,1.6081380669374112e-05,stochastic_proposal_reached,True
Peak,v913_paper_peak01_0242980_persistent_sites,735.9214951373579,10000000.0,9,0.28125,3.99,1.833277396308649e-05,0.017015688986665722,10.250196965522983,1.833277396308649e-05,stochastic_proposal_reached,True
Peak,v913_paper_peak01_0242980_persistent_sites,735.9214951373579,10000000.0,9,0.28125,4.0,1.8378720764998988e-05,0.017015688986665722,10.250196965522983,1.8378720764998988e-05,stochastic_proposal_reached,True
Peak,v913_paper_peak01_0242980_persistent_sites,735.9214951373579,10000000.0,9,0.28125,8.0,1.8378720764998988e-05,0.017015688986665722,10.250196965522983,1.8378720764998988e-05,stochastic_proposal_reached,True
Peak,v913_paper_peak01_0242980_persistent_sites,735.9214951373579,10000000.0,10,0.3125,0.1,2.2973400956248734e-06,0.007711659491932829,11.657752367783626,2.2973400956248734e-06,stochastic_proposal_reached,True
Peak,v913_paper_peak01_0242980_persistent_sites,735.9214951373579,10000000.0,10,0.3125,0.3,2.2973400956248734e-06,0.007711659491932829,11.657752367783626,2.2973400956248734e-06,stochastic_proposal_reached,True
Peak,v913_paper_peak01_0242980_persistent_sites,735.9214951373579,10000000.0,10,0.3125,0.49,2.2973400956248734e-06,0.007711659491932829,11.657752367783626,2.2973400956248734e-06,stochastic_proposal_reached,True
Peak,v913_paper_peak01_0242980_persistent_sites,735.9214951373579,10000000.0,10,0.3125,0.5,2.2973400956248734e-06,0.007711659491932829,11.657752367783626,2.2973400956248734e-06,stochastic_proposal_reached,True
Peak,v913_paper_peak01_0242980_persistent_sites,735.9214951373579,10000000.0,10,0.3125,0.6,2.7568081147498482e-06,0.00809724246652947,11.657752367783626,2.7568081147498482e-06,stochastic_proposal_reached,True
Peak,v913_paper_peak01_0242980_persistent_sites,735.9214951373579,10000000.0,10,0.3125,0.8,3.6757441529997978e-06,0.007711659491932829,11.657752367783626,3.6757441529997973e-06,stochastic_proposal_reached,True
Peak,v913_paper_peak01_0242980_persistent_sites,735.9214951373579,10000000.0,10,0.3125,1.0,4.594680191249747e-06,0.007711659491932829,11.657752367783626,4.594680191249747e-06,stochastic_proposal_reached,True
Peak,v913_paper_peak01_0242980_persistent_sites,735.9214951373579,10000000.0,10,0.3125,1.25,5.743350239062183e-06,0.007229680773687027,11.657752367783626,5.743350239062183e-06,stochastic_proposal_reached,True
Peak,v913_paper_peak01_0242980_persistent_sites,735.9214951373579,10000000.0,10,0.3125,1.5,6.89202028687462e-06,0.005783744618949622,11.657752367783626,6.89202028687462e-06,stochastic_proposal_reached,True
Peak,v913_paper_peak01_0242980_persistent_sites,735.9214951373579,10000000.0,10,0.3125,2.0,9.189360382499494e-06,0.007711659491932829,11.657752367783626,9.189360382499494e-06,stochastic_proposal_reached,True
Peak,v913_paper_peak01_0242980_persistent_sites,735.9214951373579,10000000.0,10,0.3125,2.5,1.1486700478124366e-05,0.010818482312434874,11.657752367783626,1.1486700478124366e-05,stochastic_proposal_reached,True
Peak,v913_paper_peak01_0242980_persistent_sites,735.9214951373579,10000000.0,10,0.3125,3.0,1.378404057374924e-05,0.010818482312434874,11.657752367783626,1.378404057374924e-05,stochastic_proposal_reached,True
Peak,v913_paper_peak01_0242980_persistent_sites,735.9214951373579,10000000.0,10,0.3125,3.5,1.6081380669374112e-05,0.010818482312434874,11.657752367783626,1.6081380669374112e-05,stochastic_proposal_reached,True
Peak,v913_paper_peak01_0242980_persistent_sites,735.9214951373579,10000000.0,10,0.3125,3.99,1.833277396308649e-05,0.010818482312434874,11.657752367783626,1.833277396308649e-05,stochastic_proposal_reached,True
Peak,v913_paper_peak01_0242980_persistent_sites,735.9214951373579,10000000.0,10,0.3125,4.0,1.8378720764998988e-05,0.010818482312434874,11.657752367783626,1.8378720764998988e-05,stochastic_proposal_reached,True
Peak,v913_paper_peak01_0242980_persistent_sites,735.9214951373579,10000000.0,10,0.3125,8.0,1.8378720764998988e-05,0.010818482312434874,11.657752367783626,1.8378720764998988e-05,stochastic_proposal_reached,True
Peak,v913_paper_peak01_0242980_persistent_sites,735.9214951373579,10000000.0,11,0.34375,0.1,2.2973400956248734e-06,0.004028574651713433,13.019103098353964,2.2973400956248734e-06,stochastic_proposal_reached,True
Peak,v913_paper_peak01_0242980_persistent_sites,735.9214951373579,10000000.0,11,0.34375,0.3,2.2973400956248734e-06,0.004028574651713433,13.019103098353964,2.2973400956248734e-06,stochastic_proposal_reached,True
Peak,v913_paper_peak01_0242980_persistent_sites,735.9214951373579,10000000.0,11,0.34375,0.49,2.2973400956248734e-06,0.004028574651713433,13.019103098353964,2.2973400956248734e-06,stochastic_proposal_reached,True
Peak,v913_paper_peak01_0242980_persistent_sites,735.9214951373579,10000000.0,11,0.34375,0.5,2.2973400956248734e-06,0.004028574651713433,13.019103098353964,2.2973400956248734e-06,stochastic_proposal_reached,True
Peak,v913_paper_peak01_0242980_persistent_sites,735.9214951373579,10000000.0,11,0.34375,0.6,2.7568081147498482e-06,0.004230003384299104,13.019103098353964,2.7568081147498482e-06,stochastic_proposal_reached,True
Peak,v913_paper_peak01_0242980_persistent_sites,735.9214951373579,10000000.0,11,0.34375,0.8,3.6757441529997978e-06,0.004028574651713433,13.019103098353964,3.6757441529997973e-06,stochastic_proposal_reached,True
Peak,v913_paper_peak01_0242980_persistent_sites,735.9214951373579,10000000.0,11,0.34375,1.0,4.594680191249747e-06,0.004028574651713433,13.019103098353964,4.594680191249747e-06,stochastic_proposal_reached,True
Peak,v913_paper_peak01_0242980_persistent_sites,735.9214951373579,10000000.0,11,0.34375,1.25,5.743350239062183e-06,0.0037767887359813437,13.019103098353964,5.743350239062183e-06,stochastic_proposal_reached,True
Peak,v913_paper_peak01_0242980_persistent_sites,735.9214951373579,10000000.0,11,0.34375,1.5,6.89202028687462e-06,0.003021430988785075,13.019103098353964,6.89202028687462e-06,stochastic_proposal_reached,True
Peak,v913_paper_peak01_0242980_persistent_sites,735.9214951373579,10000000.0,11,0.34375,2.0,9.189360382499494e-06,0.004028574651713433,13.019103098353964,9.189360382499494e-06,stochastic_proposal_reached,True
Peak,v913_paper_peak01_0242980_persistent_sites,735.9214951373579,10000000.0,11,0.34375,2.5,1.1486700478124366e-05,0.006351490155773298,13.019103098353964,1.1486700478124366e-05,stochastic_proposal_reached,True
Peak,v913_paper_peak01_0242980_persistent_sites,735.9214951373579,10000000.0,11,0.34375,3.0,1.378404057374924e-05,0.006351490155773298,13.019103098353964,1.378404057374924e-05,stochastic_proposal_reached,True
Peak,v913_paper_peak01_0242980_persistent_sites,735.9214951373579,10000000.0,11,0.34375,3.5,1.6081380669374112e-05,0.006351490155773298,13.019103098353964,1.6081380669374112e-05,stochastic_proposal_reached,True
Peak,v913_paper_peak01_0242980_persistent_sites,735.9214951373579,10000000.0,11,0.34375,3.99,1.833277396308649e-05,0.006351490155773298,13.019103098353964,1.833277396308649e-05,stochastic_proposal_reached,True
Peak,v913_paper_peak01_0242980_persistent_sites,735.9214951373579,10000000.0,11,0.34375,4.0,1.8378720764998988e-05,0.006351490155773298,13.019103098353964,1.8378720764998988e-05,stochastic_proposal_reached,True
Peak,v913_paper_peak01_0242980_persistent_sites,735.9214951373579,10000000.0,11,0.34375,8.0,1.8378720764998988e-05,0.006351490155773298,13.019103098353964,1.8378720764998988e-05,stochastic_proposal_reached,True
Peak,v913_paper_peak01_0242980_persistent_sites,735.9214951373579,10000000.0,12,0.375,0.1,2.2973400956248734e-06,0.0017751460076353867,14.223359671621404,2.2973400956248734e-06,stochastic_proposal_reached,True
Peak,v913_paper_peak01_0242980_persistent_sites,735.9214951373579,10000000.0,12,0.375,0.3,2.2973400956248734e-06,0.0017751460076353867,14.223359671621404,2.2973400956248734e-06,stochastic_proposal_reached,True
Peak,v913_paper_peak01_0242980_persistent_sites,735.9214951373579,10000000.0,12,0.375,0.49,2.2973400956248734e-06,0.0017751460076353867,14.223359671621404,2.2973400956248734e-06,stochastic_proposal_reached,True
Peak,v913_paper_peak01_0242980_persistent_sites,735.9214951373579,10000000.0,12,0.375,0.5,2.2973400956248734e-06,0.0017751460076353867,14.223359671621404,2.2973400956248734e-06,stochastic_proposal_reached,True
Peak,v913_paper_peak01_0242980_persistent_sites,735.9214951373579,10000000.0,12,0.375,0.6,2.7568081147498482e-06,0.001863903308017156,14.223359671621404,2.7568081147498482e-06,stochastic_proposal_reached,True
Peak,v913_paper_peak01_0242980_persistent_sites,735.9214951373579,10000000.0,12,0.375,0.8,3.6757441529997978e-06,0.0017751460076353867,14.223359671621404,3.6757441529997973e-06,stochastic_proposal_reached,True
Peak,v913_paper_peak01_0242980_persistent_sites,735.9214951373579,10000000.0,12,0.375,1.0,4.594680191249747e-06,0.0017751460076353867,14.223359671621404,4.594680191249747e-06,stochastic_proposal_reached,True
Peak,v913_paper_peak01_0242980_persistent_sites,735.9214951373579,10000000.0,12,0.375,1.25,5.743350239062183e-06,0.001664199382158175,14.223359671621404,5.743350239062183e-06,stochastic_proposal_reached,True
Peak,v913_paper_peak01_0242980_persistent_sites,735.9214951373579,10000000.0,12,0.375,1.5,6.89202028687462e-06,0.0013313595057265401,14.223359671621404,6.89202028687462e-06,stochastic_proposal_reached,True
Peak,v913_paper_peak01_0242980_persistent_sites,735.9214951373579,10000000.0,12,0.375,2.0,9.189360382499494e-06,0.0017751460076353867,14.223359671621404,9.189360382499494e-06,stochastic_proposal_reached,True
Peak,v913_paper_peak01_0242980_persistent_sites,735.9214951373579,10000000.0,12,0.375,2.5,1.1486700478124366e-05,0.003417755133495737,14.223359671621404,1.1486700478124366e-05,stochastic_proposal_reached,True
Peak,v913_paper_peak01_0242980_persistent_sites,735.9214951373579,10000000.0,12,0.375,3.0,1.378404057374924e-05,0.003417755133495737,14.223359671621404,1.378404057374924e-05,stochastic_proposal_reached,True
Peak,v913_paper_peak01_0242980_persistent_sites,735.9214951373579,10000000.0,12,0.375,3.5,1.6081380669374112e-05,0.003417755133495737,14.223359671621404,1.6081380669374112e-05,stochastic_proposal_reached,True
Peak,v913_paper_peak01_0242980_persistent_sites,735.9214951373579,10000000.0,12,0.375,3.99,1.833277396308649e-05,0.003417755133495737,14.223359671621404,1.833277396308649e-05,stochastic_proposal_reached,True
Peak,v913_paper_peak01_0242980_persistent_sites,735.9214951373579,10000000.0,12,0.375,4.0,1.8378720764998988e-05,0.003417755133495737,14.223359671621404,1.8378720764998988e-05,stochastic_proposal_reached,True
Peak,v913_paper_peak01_0242980_persistent_sites,735.9214951373579,10000000.0,12,0.375,8.0,1.8378720764998988e-05,0.003417755133495737,14.223359671621404,1.8378720764998988e-05,stochastic_proposal_reached,True
Peak,v913_paper_peak01_0242980_persistent_sites,735.9214951373579,10000000.0,13,0.40625,0.1,2.2973400956248734e-06,0.0006061625268787061,15.17272416758395,2.2973400956248734e-06,stochastic_proposal_reached,True
Peak,v913_paper_peak01_0242980_persistent_sites,735.9214951373579,10000000.0,13,0.40625,0.3,2.2973400956248734e-06,0.0006061625268787061,15.17272416758395,2.2973400956248734e-06,stochastic_proposal_reached,True
Peak,v913_paper_peak01_0242980_persistent_sites,735.9214951373579,10000000.0,13,0.40625,0.49,2.2973400956248734e-06,0.0006061625268787061,15.17272416758395,2.2973400956248734e-06,stochastic_proposal_reached,True
Peak,v913_paper_peak01_0242980_persistent_sites,735.9214951373579,10000000.0,13,0.40625,0.5,2.2973400956248734e-06,0.0006061625268787061,15.17272416758395,2.2973400956248734e-06,stochastic_proposal_reached,True
Peak,v913_paper_peak01_0242980_persistent_sites,735.9214951373579,10000000.0,13,0.40625,0.6,2.7568081147498482e-06,0.0006364706532226414,15.17272416758395,2.7568081147498482e-06,stochastic_proposal_reached,True
Peak,v913_paper_peak01_0242980_persistent_sites,735.9214951373579,10000000.0,13,0.40625,0.8,3.6757441529997978e-06,0.0006061625268787061,15.17272416758395,3.6757441529997973e-06,stochastic_proposal_reached,True
Peak,v913_paper_peak01_0242980_persistent_sites,735.9214951373579,10000000.0,13,0.40625,1.0,4.594680191249747e-06,0.0006061625268787061,15.17272416758395,4.594680191249747e-06,stochastic_proposal_reached,True
Peak,v913_paper_peak01_0242980_persistent_sites,735.9214951373579,10000000.0,13,0.40625,1.25,5.743350239062183e-06,0.0005682773689487871,15.17272416758395,5.743350239062183e-06,stochastic_proposal_reached,True
Peak,v913_paper_peak01_0242980_persistent_sites,735.9214951373579,10000000.0,13,0.40625,1.5,6.89202028687462e-06,0.0005414456363355136,15.17272416758395,6.89202028687462e-06,stochastic_proposal_reached,True
Peak,v913_paper_peak01_0242980_persistent_sites,735.9214951373579,10000000.0,13,0.40625,2.0,9.189360382499494e-06,0.0006061625268787061,15.17272416758395,9.189360382499494e-06,stochastic_proposal_reached,True
Peak,v913_paper_peak01_0242980_persistent_sites,735.9214951373579,10000000.0,13,0.40625,2.5,1.1486700478124366e-05,0.0016952004645537366,15.17272416758395,1.1486700478124366e-05,stochastic_proposal_reached,True
Peak,v913_paper_peak01_0242980_persistent_sites,735.9214951373579,10000000.0,13,0.40625,3.0,1.378404057374924e-05,0.0016952004645537366,15.17272416758395,1.378404057374924e-05,stochastic_proposal_reached,True
Peak,v913_paper_peak01_0242980_persistent_sites,735.9214951373579,10000000.0,13,0.40625,3.5,1.6081380669374112e-05,0.0016952004645537366,15.17272416758395,1.6081380669374112e-05,stochastic_proposal_reached,True
Peak,v913_paper_peak01_0242980_persistent_sites,735.9214951373579,10000000.0,13,0.40625,3.99,1.833277396308649e-05,0.0016952004645537366,15.17272416758395,1.833277396308649e-05,stochastic_proposal_reached,True
Peak,v913_paper_peak01_0242980_persistent_sites,735.9214951373579,10000000.0,13,0.40625,4.0,1.8378720764998988e-05,0.0016952004645537366,15.17272416758395,1.8378720764998988e-05,stochastic_proposal_reached,True
Peak,v913_paper_peak01_0242980_persistent_sites,735.9214951373579,10000000.0,13,0.40625,8.0,1.8378720764998988e-05,0.0016952004645537366,15.17272416758395,1.8378720764998988e-05,stochastic_proposal_reached,True
Peak,v913_paper_peak01_0242980_persistent_sites,735.9214951373579,10000000.0,14,0.4375,0.1,2.2973400956248734e-06,0.0002256384877528661,15.80812751117121,2.2973400956248734e-06,stochastic_proposal_reached,True
Peak,v913_paper_peak01_0242980_persistent_sites,735.9214951373579,10000000.0,14,0.4375,0.3,2.2973400956248734e-06,0.0002256384877528661,15.80812751117121,2.2973400956248734e-06,stochastic_proposal_reached,True
Peak,v913_paper_peak01_0242980_persistent_sites,735.9214951373579,10000000.0,14,0.4375,0.49,2.2973400956248734e-06,0.0002256384877528661,15.80812751117121,2.2973400956248734e-06,stochastic_proposal_reached,True
Peak,v913_paper_peak01_0242980_persistent_sites,735.9214951373579,10000000.0,14,0.4375,0.5,2.2973400956248734e-06,0.0002256384877528661,15.80812751117121,2.2973400956248734e-06,stochastic_proposal_reached,True
Peak,v913_paper_peak01_0242980_persistent_sites,735.9214951373579,10000000.0,14,0.4375,0.6,2.7568081147498482e-06,0.0002256384877528661,15.80812751117121,2.7568081147498482e-06,stochastic_proposal_reached,True
Peak,v913_paper_peak01_0242980_persistent_sites,735.9214951373579,10000000.0,14,0.4375,0.8,3.6757441529997978e-06,0.0002256384877528661,15.80812751117121,3.6757441529997973e-06,stochastic_proposal_reached,True
Peak,v913_paper_peak01_0242980_persistent_sites,735.9214951373579,10000000.0,14,0.4375,1.0,4.594680191249747e-06,0.0002256384877528661,15.80812751117121,4.594680191249747e-06,stochastic_proposal_reached,True
Peak,v913_paper_peak01_0242980_persistent_sites,735.9214951373579,10000000.0,14,0.4375,1.25,5.743350239062183e-06,0.0002256384877528661,15.80812751117121,5.743350239062183e-06,stochastic_proposal_reached,True
Peak,v913_paper_peak01_0242980_persistent_sites,735.9214951373579,10000000.0,14,0.4375,1.5,6.89202028687462e-06,0.0002256384877528661,15.80812751117121,6.89202028687462e-06,stochastic_proposal_reached,True
Peak,v913_paper_peak01_0242980_persistent_sites,735.9214951373579,10000000.0,14,0.4375,2.0,9.189360382499494e-06,0.0002256384877528661,15.80812751117121,9.189360382499494e-06,stochastic_proposal_reached,True
Peak,v913_paper_peak01_0242980_persistent_sites,735.9214951373579,10000000.0,14,0.4375,2.5,1.1486700478124366e-05,0.0008152043861552327,15.80812751117121,1.1486700478124366e-05,stochastic_proposal_reached,True
Peak,v913_paper_peak01_0242980_persistent_sites,735.9214951373579,10000000.0,14,0.4375,3.0,1.378404057374924e-05,0.0008152043861552327,15.80812751117121,1.378404057374924e-05,stochastic_proposal_reached,True
Peak,v913_paper_peak01_0242980_persistent_sites,735.9214951373579,10000000.0,14,0.4375,3.5,1.6081380669374112e-05,0.0008152043861552327,15.80812751117121,1.6081380669374112e-05,stochastic_proposal_reached,True
Peak,v913_paper_peak01_0242980_persistent_sites,735.9214951373579,10000000.0,14,0.4375,3.99,1.833277396308649e-05,0.0008152043861552327,15.80812751117121,1.833277396308649e-05,stochastic_proposal_reached,True
Peak,v913_paper_peak01_0242980_persistent_sites,735.9214951373579,10000000.0,14,0.4375,4.0,1.8378720764998988e-05,0.0008152043861552327,15.80812751117121,1.8378720764998988e-05,stochastic_proposal_reached,True
Peak,v913_paper_peak01_0242980_persistent_sites,735.9214951373579,10000000.0,14,0.4375,8.0,1.8378720764998988e-05,0.0008152043861552327,15.80812751117121,1.8378720764998988e-05,stochastic_proposal_reached,True
Peak,v913_paper_peak01_0242980_persistent_sites,735.9214951373579,10000000.0,15,0.46875,0.1,2.2973400956248734e-06,0.00010571172384366001,16.12966464470925,2.2973400956248734e-06,stochastic_proposal_reached,True
Peak,v913_paper_peak01_0242980_persistent_sites,735.9214951373579,10000000.0,15,0.46875,0.3,2.2973400956248734e-06,0.00010571172384366001,16.12966464470925,2.2973400956248734e-06,stochastic_proposal_reached,True
Peak,v913_paper_peak01_0242980_persistent_sites,735.9214951373579,10000000.0,15,0.46875,0.49,2.2973400956248734e-06,0.00010571172384366001,16.12966464470925,2.2973400956248734e-06,stochastic_proposal_reached,True
Peak,v913_paper_peak01_0242980_persistent_sites,735.9214951373579,10000000.0,15,0.46875,0.5,2.2973400956248734e-06,0.00010571172384366001,16.12966464470925,2.2973400956248734e-06,stochastic_proposal_reached,True
Peak,v913_paper_peak01_0242980_persistent_sites,735.9214951373579,10000000.0,15,0.46875,0.6,2.7568081147498482e-06,0.00010571172384366001,16.12966464470925,2.7568081147498482e-06,stochastic_proposal_reached,True
Peak,v913_paper_peak01_0242980_persistent_sites,735.9214951373579,10000000.0,15,0.46875,0.8,3.6757441529997978e-06,0.00010571172384366001,16.12966464470925,3.6757441529997973e-06,stochastic_proposal_reached,True
Peak,v913_paper_peak01_0242980_persistent_sites,735.9214951373579,10000000.0,15,0.46875,1.0,4.594680191249747e-06,0.00010571172384366001,16.12966464470925,4.594680191249747e-06,stochastic_proposal_reached,True
Peak,v913_paper_peak01_0242980_persistent_sites,735.9214951373579,10000000.0,15,0.46875,1.25,5.743350239062183e-06,0.00010571172384366001,16.12966464470925,5.743350239062183e-06,stochastic_proposal_reached,True
Peak,v913_paper_peak01_0242980_persistent_sites,735.9214951373579,10000000.0,15,0.46875,1.5,6.89202028687462e-06,0.00010571172384366001,16.12966464470925,6.553869967649958e-06,hazard_derived_energy_arrest,True
Peak,v913_paper_peak01_0242980_persistent_sites,735.9214951373579,10000000.0,15,0.46875,2.0,9.189360382499494e-06,0.00010571172384366001,16.12966464470925,6.5538699265703145e-06,hazard_derived_energy_arrest,True
Peak,v913_paper_peak01_0242980_persistent_sites,735.9214951373579,10000000.0,15,0.46875,2.5,1.1486700478124366e-05,0.00010571172384366001,16.12966464470925,6.553869926570315e-06,hazard_derived_energy_arrest,True
Peak,v913_paper_peak01_0242980_persistent_sites,735.9214951373579,10000000.0,15,0.46875,3.0,1.378404057374924e-05,0.00010571172384366001,16.12966464470925,6.553869926570316e-06,hazard_derived_energy_arrest,True
Peak,v913_paper_peak01_0242980_persistent_sites,735.9214951373579,10000000.0,15,0.46875,3.5,1.6081380669374112e-05,0.00010571172384366001,16.12966464470925,6.553869899183887e-06,hazard_derived_energy_arrest,True
Peak,v913_paper_peak01_0242980_persistent_sites,735.9214951373579,10000000.0,15,0.46875,3.99,1.833277396308649e-05,0.00010571172384366001,16.12966464470925,6.553869964363587e-06,hazard_derived_energy_arrest,True
Peak,v913_paper_peak01_0242980_persistent_sites,735.9214951373579,10000000.0,15,0.46875,4.0,1.8378720764998988e-05,0.00010571172384366001,16.12966464470925,6.55386987179746e-06,hazard_derived_energy_arrest,True
Peak,v913_paper_peak01_0242980_persistent_sites,735.9214951373579,10000000.0,15,0.46875,8.0,1.8378720764998988e-05,0.00010571172384366001,16.12966464470925,6.55386987179746e-06,hazard_derived_energy_arrest,True
Peak,v913_paper_peak01_0242980_persistent_sites,735.9214951373579,10000000.0,16,0.5,0.1,2.2973400956248734e-06,7.804958347440438e-05,16.2098624218886,2.2973400956248734e-06,stochastic_proposal_reached,True
Peak,v913_paper_peak01_0242980_persistent_sites,735.9214951373579,10000000.0,16,0.5,0.3,2.2973400956248734e-06,7.804958347440438e-05,16.2098624218886,2.2973400956248734e-06,stochastic_proposal_reached,True
Peak,v913_paper_peak01_0242980_persistent_sites,735.9214951373579,10000000.0,16,0.5,0.49,2.2973400956248734e-06,7.804958347440438e-05,16.2098624218886,2.2973400956248734e-06,stochastic_proposal_reached,True
Peak,v913_paper_peak01_0242980_persistent_sites,735.9214951373579,10000000.0,16,0.5,0.5,2.2973400956248734e-06,7.804958347440438e-05,16.2098624218886,2.2973400956248734e-06,stochastic_proposal_reached,True
Peak,v913_paper_peak01_0242980_persistent_sites,735.9214951373579,10000000.0,16,0.5,0.6,2.7568081147498482e-06,7.804958347440438e-05,16.2098624218886,2.7568081147498482e-06,stochastic_proposal_reached,True
Peak,v913_paper_peak01_0242980_persistent_sites,735.9214951373579,10000000.0,16,0.5,0.8,3.6757441529997978e-06,7.804958347440438e-05,16.2098624218886,3.6757441529997973e-06,stochastic_proposal_reached,True
Peak,v913_paper_peak01_0242980_persistent_sites,735.9214951373579,10000000.0,16,0.5,1.0,4.594680191249747e-06,7.804958347440438e-05,16.2098624218886,4.594680191249747e-06,stochastic_proposal_reached,True
Peak,v913_paper_peak01_0242980_persistent_sites,735.9214951373579,10000000.0,16,0.5,1.25,5.743350239062183e-06,7.804958347440438e-05,16.2098624218886,4.814944268391252e-06,hazard_derived_energy_arrest,True
Peak,v913_paper_peak01_0242980_persistent_sites,735.9214951373579,10000000.0,16,0.5,1.5,6.89202028687462e-06,7.804958347440438e-05,16.2098624218886,4.81494427523786e-06,hazard_derived_energy_arrest,True
Peak,v913_paper_peak01_0242980_persistent_sites,735.9214951373579,10000000.0,16,0.5,2.0,9.189360382499494e-06,7.804958347440438e-05,16.2098624218886,4.814944247851432e-06,hazard_derived_energy_arrest,True
Peak,v913_paper_peak01_0242980_persistent_sites,735.9214951373579,10000000.0,16,0.5,2.5,1.1486700478124366e-05,7.804958347440438e-05,16.2098624218886,4.814944234158216e-06,hazard_derived_energy_arrest,True
Peak,v913_paper_peak01_0242980_persistent_sites,735.9214951373579,10000000.0,16,0.5,3.0,1.378404057374924e-05,7.804958347440438e-05,16.2098624218886,4.81494427523786e-06,hazard_derived_energy_arrest,True
Peak,v913_paper_peak01_0242980_persistent_sites,735.9214951373579,10000000.0,16,0.5,3.5,1.6081380669374112e-05,7.804958347440438e-05,16.2098624218886,4.814944261544645e-06,hazard_derived_energy_arrest,True
Peak,v913_paper_peak01_0242980_persistent_sites,735.9214951373579,10000000.0,16,0.5,3.99,1.833277396308649e-05,7.804958347440438e-05,16.2098624218886,4.814944219369547e-06,hazard_derived_energy_arrest,True
Peak,v913_paper_peak01_0242980_persistent_sites,735.9214951373579,10000000.0,16,0.5,4.0,1.8378720764998988e-05,7.804958347440438e-05,16.2098624218886,4.814944193078576e-06,hazard_derived_energy_arrest,True
Peak,v913_paper_peak01_0242980_persistent_sites,735.9214951373579,10000000.0,16,0.5,8.0,1.8378720764998988e-05,7.804958347440438e-05,16.2098624218886,4.814944193078576e-06,hazard_derived_energy_arrest,True
Peak,v913_paper_peak01_0242980_persistent_sites,735.9214951373579,10000000.0,17,0.53125,0.1,2.2973400956248734e-06,0.00010571172384366001,16.12966464470925,2.2973400956248734e-06,stochastic_proposal_reached,True
Peak,v913_paper_peak01_0242980_persistent_sites,735.9214951373579,10000000.0,17,0.53125,0.3,2.2973400956248734e-06,0.00010571172384366001,16.12966464470925,2.2973400956248734e-06,stochastic_proposal_reached,True
Peak,v913_paper_peak01_0242980_persistent_sites,735.9214951373579,10000000.0,17,0.53125,0.49,2.2973400956248734e-06,0.00010571172384366001,16.12966464470925,2.2973400956248734e-06,stochastic_proposal_reached,True
Peak,v913_paper_peak01_0242980_persistent_sites,735.9214951373579,10000000.0,17,0.53125,0.5,2.2973400956248734e-06,0.00010571172384366001,16.12966464470925,2.2973400956248734e-06,stochastic_proposal_reached,True
Peak,v913_paper_peak01_0242980_persistent_sites,735.9214951373579,10000000.0,17,0.53125,0.6,2.7568081147498482e-06,0.00010571172384366001,16.12966464470925,2.7568081147498482e-06,stochastic_proposal_reached,True
Peak,v913_paper_peak01_0242980_persistent_sites,735.9214951373579,10000000.0,17,0.53125,0.8,3.6757441529997978e-06,0.00010571172384366001,16.12966464470925,3.6757441529997973e-06,stochastic_proposal_reached,True
Peak,v913_paper_peak01_0242980_persistent_sites,735.9214951373579,10000000.0,17,0.53125,1.0,4.594680191249747e-06,0.00010571172384366001,16.12966464470925,4.594680191249747e-06,stochastic_proposal_reached,True
Peak,v913_paper_peak01_0242980_persistent_sites,735.9214951373579,10000000.0,17,0.53125,1.25,5.743350239062183e-06,0.00010571172384366001,16.12966464470925,5.743350239062183e-06,stochastic_proposal_reached,True
Peak,v913_paper_peak01_0242980_persistent_sites,735.9214951373579,10000000.0,17,0.53125,1.5,6.89202028687462e-06,0.00010571172384366001,16.12966464470925,6.553869967649958e-06,hazard_derived_energy_arrest,True
Peak,v913_paper_peak01_0242980_persistent_sites,735.9214951373579,10000000.0,17,0.53125,2.0,9.189360382499494e-06,0.00010571172384366001,16.12966464470925,6.5538699265703145e-06,hazard_derived_energy_arrest,True
Peak,v913_paper_peak01_0242980_persistent_sites,735.9214951373579,10000000.0,17,0.53125,2.5,1.1486700478124366e-05,0.00010571172384366001,16.12966464470925,6.553869926570315e-06,hazard_derived_energy_arrest,True
Peak,v913_paper_peak01_0242980_persistent_sites,735.9214951373579,10000000.0,17,0.53125,3.0,1.378404057374924e-05,0.00010571172384366001,16.12966464470925,6.553869926570316e-06,hazard_derived_energy_arrest,True
Peak,v913_paper_peak01_0242980_persistent_sites,735.9214951373579,10000000.0,17,0.53125,3.5,1.6081380669374112e-05,0.00010571172384366001,16.12966464470925,6.553869899183887e-06,hazard_derived_energy_arrest,True
Peak,v913_paper_peak01_0242980_persistent_sites,735.9214951373579,10000000.0,17,0.53125,3.99,1.833277396308649e-05,0.00010571172384366001,16.12966464470925,6.553869964363587e-06,hazard_derived_energy_arrest,True
Peak,v913_paper_peak01_0242980_persistent_sites,735.9214951373579,10000000.0,17,0.53125,4.0,1.8378720764998988e-05,0.00010571172384366001,16.12966464470925,6.55386987179746e-06,hazard_derived_energy_arrest,True
Peak,v913_paper_peak01_0242980_persistent_sites,735.9214951373579,10000000.0,17,0.53125,8.0,1.8378720764998988e-05,0.00010571172384366001,16.12966464470925,6.55386987179746e-06,hazard_derived_energy_arrest,True
Peak,v913_paper_peak01_0242980_persistent_sites,735.9214951373579,10000000.0,18,0.5625,0.1,2.2973400956248734e-06,0.00022563848775308815,15.80812751117121,2.2973400956248734e-06,stochastic_proposal_reached,True
Peak,v913_paper_peak01_0242980_persistent_sites,735.9214951373579,10000000.0,18,0.5625,0.3,2.2973400956248734e-06,0.00022563848775308815,15.80812751117121,2.2973400956248734e-06,stochastic_proposal_reached,True
Peak,v913_paper_peak01_0242980_persistent_sites,735.9214951373579,10000000.0,18,0.5625,0.49,2.2973400956248734e-06,0.00022563848775308815,15.80812751117121,2.2973400956248734e-06,stochastic_proposal_reached,True
Peak,v913_paper_peak01_0242980_persistent_sites,735.9214951373579,10000000.0,18,0.5625,0.5,2.2973400956248734e-06,0.00022563848775308815,15.80812751117121,2.2973400956248734e-06,stochastic_proposal_reached,True
Peak,v913_paper_peak01_0242980_persistent_sites,735.9214951373579,10000000.0,18,0.5625,0.6,2.7568081147498482e-06,0.00022563848775308815,15.80812751117121,2.7568081147498482e-06,stochastic_proposal_reached,True
Peak,v913_paper_peak01_0242980_persistent_sites,735.9214951373579,10000000.0,18,0.5625,0.8,3.6757441529997978e-06,0.00022563848775308815,15.80812751117121,3.6757441529997973e-06,stochastic_proposal_reached,True
Peak,v913_paper_peak01_0242980_persistent_sites,735.9214951373579,10000000.0,18,0.5625,1.0,4.594680191249747e-06,0.00022563848775308815,15.80812751117121,4.594680191249747e-06,stochastic_proposal_reached,True
Peak,v913_paper_peak01_0242980_persistent_sites,735.9214951373579,10000000.0,18,0.5625,1.25,5.743350239062183e-06,0.00022563848775308815,15.80812751117121,5.743350239062183e-06,stochastic_proposal_reached,True
Peak,v913_paper_peak01_0242980_persistent_sites,735.9214951373579,10000000.0,18,0.5625,1.5,6.89202028687462e-06,0.00022563848775308815,15.80812751117121,6.89202028687462e-06,stochastic_proposal_reached,True
Peak,v913_paper_peak01_0242980_persistent_sites,735.9214951373579,10000000.0,18,0.5625,2.0,9.189360382499494e-06,0.00022563848775308815,15.80812751117121,9.189360382499494e-06,stochastic_proposal_reached,True
Peak,v913_paper_peak01_0242980_persistent_sites,735.9214951373579,10000000.0,18,0.5625,2.5,1.1486700478124366e-05,0.0008152043861553993,15.80812751117121,1.1486700478124366e-05,stochastic_proposal_reached,True
Peak,v913_paper_peak01_0242980_persistent_sites,735.9214951373579,10000000.0,18,0.5625,3.0,1.378404057374924e-05,0.0008152043861553993,15.80812751117121,1.378404057374924e-05,stochastic_proposal_reached,True
Peak,v913_paper_peak01_0242980_persistent_sites,735.9214951373579,10000000.0,18,0.5625,3.5,1.6081380669374112e-05,0.0008152043861553993,15.80812751117121,1.6081380669374112e-05,stochastic_proposal_reached,True
Peak,v913_paper_peak01_0242980_persistent_sites,735.9214951373579,10000000.0,18,0.5625,3.99,1.833277396308649e-05,0.0008152043861553993,15.80812751117121,1.833277396308649e-05,stochastic_proposal_reached,True
Peak,v913_paper_peak01_0242980_persistent_sites,735.9214951373579,10000000.0,18,0.5625,4.0,1.8378720764998988e-05,0.0008152043861553993,15.80812751117121,1.8378720764998988e-05,stochastic_proposal_reached,True
Peak,v913_paper_peak01_0242980_persistent_sites,735.9214951373579,10000000.0,18,0.5625,8.0,1.8378720764998988e-05,0.0008152043861553993,15.80812751117121,1.8378720764998988e-05,stochastic_proposal_reached,True
Peak,v913_paper_peak01_0242980_persistent_sites,735.9214951373579,10000000.0,19,0.59375,0.1,2.2973400956248734e-06,0.0006061625268787069,15.17272416758395,2.2973400956248734e-06,stochastic_proposal_reached,True
Peak,v913_paper_peak01_0242980_persistent_sites,735.9214951373579,10000000.0,19,0.59375,0.3,2.2973400956248734e-06,0.0006061625268787069,15.17272416758395,2.2973400956248734e-06,stochastic_proposal_reached,True
Peak,v913_paper_peak01_0242980_persistent_sites,735.9214951373579,10000000.0,19,0.59375,0.49,2.2973400956248734e-06,0.0006061625268787069,15.17272416758395,2.2973400956248734e-06,stochastic_proposal_reached,True
Peak,v913_paper_peak01_0242980_persistent_sites,735.9214951373579,10000000.0,19,0.59375,0.5,2.2973400956248734e-06,0.0006061625268787069,15.17272416758395,2.2973400956248734e-06,stochastic_proposal_reached,True
Peak,v913_paper_peak01_0242980_persistent_sites,735.9214951373579,10000000.0,19,0.59375,0.6,2.7568081147498482e-06,0.0006364706532226423,15.17272416758395,2.7568081147498482e-06,stochastic_proposal_reached,True
Peak,v913_paper_peak01_0242980_persistent_sites,735.9214951373579,10000000.0,19,0.59375,0.8,3.6757441529997978e-06,0.0006061625268787069,15.17272416758395,3.6757441529997973e-06,stochastic_proposal_reached,True
Peak,v913_paper_peak01_0242980_persistent_sites,735.9214951373579,10000000.0,19,0.59375,1.0,4.594680191249747e-06,0.0006061625268787069,15.17272416758395,4.594680191249747e-06,stochastic_proposal_reached,True
Peak,v913_paper_peak01_0242980_persistent_sites,735.9214951373579,10000000.0,19,0.59375,1.25,5.743350239062183e-06,0.0005682773689487878,15.17272416758395,5.743350239062183e-06,stochastic_proposal_reached,True
Peak,v913_paper_peak01_0242980_persistent_sites,735.9214951373579,10000000.0,19,0.59375,1.5,6.89202028687462e-06,0.0005414456363355136,15.17272416758395,6.89202028687462e-06,stochastic_proposal_reached,True
Peak,v913_paper_peak01_0242980_persistent_sites,735.9214951373579,10000000.0,19,0.59375,2.0,9.189360382499494e-06,0.0006061625268787069,15.17272416758395,9.189360382499494e-06,stochastic_proposal_reached,True
Peak,v913_paper_peak01_0242980_persistent_sites,735.9214951373579,10000000.0,19,0.59375,2.5,1.1486700478124366e-05,0.0016952004645538477,15.17272416758395,1.1486700478124366e-05,stochastic_proposal_reached,True
Peak,v913_paper_peak01_0242980_persistent_sites,735.9214951373579,10000000.0,19,0.59375,3.0,1.378404057374924e-05,0.0016952004645538477,15.17272416758395,1.378404057374924e-05,stochastic_proposal_reached,True
Peak,v913_paper_peak01_0242980_persistent_sites,735.9214951373579,10000000.0,19,0.59375,3.5,1.6081380669374112e-05,0.0016952004645538477,15.17272416758395,1.6081380669374112e-05,stochastic_proposal_reached,True
Peak,v913_paper_peak01_0242980_persistent_sites,735.9214951373579,10000000.0,19,0.59375,3.99,1.833277396308649e-05,0.0016952004645538477,15.17272416758395,1.833277396308649e-05,stochastic_proposal_reached,True
Peak,v913_paper_peak01_0242980_persistent_sites,735.9214951373579,10000000.0,19,0.59375,4.0,1.8378720764998988e-05,0.0016952004645538477,15.17272416758395,1.8378720764998988e-05,stochastic_proposal_reached,True
Peak,v913_paper_peak01_0242980_persistent_sites,735.9214951373579,10000000.0,19,0.59375,8.0,1.8378720764998988e-05,0.0016952004645538477,15.17272416758395,1.8378720764998988e-05,stochastic_proposal_reached,True
Peak,v913_paper_peak01_0242980_persistent_sites,735.9214951373579,10000000.0,20,0.625,0.1,2.2973400956248734e-06,0.0017751460076353834,14.223359671621404,2.2973400956248734e-06,stochastic_proposal_reached,True
Peak,v913_paper_peak01_0242980_persistent_sites,735.9214951373579,10000000.0,20,0.625,0.3,2.2973400956248734e-06,0.0017751460076353834,14.223359671621404,2.2973400956248734e-06,stochastic_proposal_reached,True
Peak,v913_paper_peak01_0242980_persistent_sites,735.9214951373579,10000000.0,20,0.625,0.49,2.2973400956248734e-06,0.0017751460076353834,14.223359671621404,2.2973400956248734e-06,stochastic_proposal_reached,True
Peak,v913_paper_peak01_0242980_persistent_sites,735.9214951373579,10000000.0,20,0.625,0.5,2.2973400956248734e-06,0.0017751460076353834,14.223359671621404,2.2973400956248734e-06,stochastic_proposal_reached,True
Peak,v913_paper_peak01_0242980_persistent_sites,735.9214951373579,10000000.0,20,0.625,0.6,2.7568081147498482e-06,0.0018639033080171527,14.223359671621404,2.7568081147498482e-06,stochastic_proposal_reached,True
Peak,v913_paper_peak01_0242980_persistent_sites,735.9214951373579,10000000.0,20,0.625,0.8,3.6757441529997978e-06,0.0017751460076353834,14.223359671621404,3.6757441529997973e-06,stochastic_proposal_reached,True
Peak,v913_paper_peak01_0242980_persistent_sites,735.9214951373579,10000000.0,20,0.625,1.0,4.594680191249747e-06,0.0017751460076353834,14.223359671621404,4.594680191249747e-06,stochastic_proposal_reached,True
Peak,v913_paper_peak01_0242980_persistent_sites,735.9214951373579,10000000.0,20,0.625,1.25,5.743350239062183e-06,0.0016641993821581722,14.223359671621404,5.743350239062183e-06,stochastic_proposal_reached,True
Peak,v913_paper_peak01_0242980_persistent_sites,735.9214951373579,10000000.0,20,0.625,1.5,6.89202028687462e-06,0.0013313595057265377,14.223359671621404,6.89202028687462e-06,stochastic_proposal_reached,True
Peak,v913_paper_peak01_0242980_persistent_sites,735.9214951373579,10000000.0,20,0.625,2.0,9.189360382499494e-06,0.0017751460076353834,14.223359671621404,9.189360382499494e-06,stochastic_proposal_reached,True
Peak,v913_paper_peak01_0242980_persistent_sites,735.9214951373579,10000000.0,20,0.625,2.5,1.1486700478124366e-05,0.003417755133496181,14.223359671621404,1.1486700478124366e-05,stochastic_proposal_reached,True
Peak,v913_paper_peak01_0242980_persistent_sites,735.9214951373579,10000000.0,20,0.625,3.0,1.378404057374924e-05,0.003417755133496181,14.223359671621404,1.378404057374924e-05,stochastic_proposal_reached,True
Peak,v913_paper_peak01_0242980_persistent_sites,735.9214951373579,10000000.0,20,0.625,3.5,1.6081380669374112e-05,0.003417755133496181,14.223359671621404,1.6081380669374112e-05,stochastic_proposal_reached,True
Peak,v913_paper_peak01_0242980_persistent_sites,735.9214951373579,10000000.0,20,0.625,3.99,1.833277396308649e-05,0.003417755133496181,14.223359671621404,1.833277396308649e-05,stochastic_proposal_reached,True
Peak,v913_paper_peak01_0242980_persistent_sites,735.9214951373579,10000000.0,20,0.625,4.0,1.8378720764998988e-05,0.003417755133496181,14.223359671621404,1.8378720764998988e-05,stochastic_proposal_reached,True
Peak,v913_paper_peak01_0242980_persistent_sites,735.9214951373579,10000000.0,20,0.625,8.0,1.8378720764998988e-05,0.003417755133496181,14.223359671621404,1.8378720764998988e-05,stochastic_proposal_reached,True
Peak,v913_paper_peak01_0242980_persistent_sites,735.9214951373579,10000000.0,21,0.65625,0.1,2.2973400956248734e-06,0.004028574651713427,13.019103098353966,2.2973400956248734e-06,stochastic_proposal_reached,True
Peak,v913_paper_peak01_0242980_persistent_sites,735.9214951373579,10000000.0,21,0.65625,0.3,2.2973400956248734e-06,0.004028574651713427,13.019103098353966,2.2973400956248734e-06,stochastic_proposal_reached,True
Peak,v913_paper_peak01_0242980_persistent_sites,735.9214951373579,10000000.0,21,0.65625,0.49,2.2973400956248734e-06,0.004028574651713427,13.019103098353966,2.2973400956248734e-06,stochastic_proposal_reached,True
Peak,v913_paper_peak01_0242980_persistent_sites,735.9214951373579,10000000.0,21,0.65625,0.5,2.2973400956248734e-06,0.004028574651713427,13.019103098353966,2.2973400956248734e-06,stochastic_proposal_reached,True
Peak,v913_paper_peak01_0242980_persistent_sites,735.9214951373579,10000000.0,21,0.65625,0.6,2.7568081147498482e-06,0.004230003384299098,13.019103098353966,2.7568081147498482e-06,stochastic_proposal_reached,True
Peak,v913_paper_peak01_0242980_persistent_sites,735.9214951373579,10000000.0,21,0.65625,0.8,3.6757441529997978e-06,0.004028574651713427,13.019103098353966,3.6757441529997973e-06,stochastic_proposal_reached,True
Peak,v913_paper_peak01_0242980_persistent_sites,735.9214951373579,10000000.0,21,0.65625,1.0,4.594680191249747e-06,0.004028574651713427,13.019103098353966,4.594680191249747e-06,stochastic_proposal_reached,True
Peak,v913_paper_peak01_0242980_persistent_sites,735.9214951373579,10000000.0,21,0.65625,1.25,5.743350239062183e-06,0.003776788735981338,13.019103098353966,5.743350239062183e-06,stochastic_proposal_reached,True
Peak,v913_paper_peak01_0242980_persistent_sites,735.9214951373579,10000000.0,21,0.65625,1.5,6.89202028687462e-06,0.0030214309887850706,13.019103098353966,6.89202028687462e-06,stochastic_proposal_reached,True
Peak,v913_paper_peak01_0242980_persistent_sites,735.9214951373579,10000000.0,21,0.65625,2.0,9.189360382499494e-06,0.004028574651713427,13.019103098353966,9.189360382499494e-06,stochastic_proposal_reached,True
Peak,v913_paper_peak01_0242980_persistent_sites,735.9214951373579,10000000.0,21,0.65625,2.5,1.1486700478124366e-05,0.006351490155773298,13.019103098353966,1.1486700478124366e-05,stochastic_proposal_reached,True
Peak,v913_paper_peak01_0242980_persistent_sites,735.9214951373579,10000000.0,21,0.65625,3.0,1.378404057374924e-05,0.006351490155773298,13.019103098353966,1.378404057374924e-05,stochastic_proposal_reached,True
Peak,v913_paper_peak01_0242980_persistent_sites,735.9214951373579,10000000.0,21,0.65625,3.5,1.6081380669374112e-05,0.006351490155773298,13.019103098353966,1.6081380669374112e-05,stochastic_proposal_reached,True
Peak,v913_paper_peak01_0242980_persistent_sites,735.9214951373579,10000000.0,21,0.65625,3.99,1.833277396308649e-05,0.006351490155773298,13.019103098353966,1.833277396308649e-05,stochastic_proposal_reached,True
Peak,v913_paper_peak01_0242980_persistent_sites,735.9214951373579,10000000.0,21,0.65625,4.0,1.8378720764998988e-05,0.006351490155773298,13.019103098353966,1.8378720764998988e-05,stochastic_proposal_reached,True
Peak,v913_paper_peak01_0242980_persistent_sites,735.9214951373579,10000000.0,21,0.65625,8.0,1.8378720764998988e-05,0.006351490155773298,13.019103098353966,1.8378720764998988e-05,stochastic_proposal_reached,True
Peak,v913_paper_peak01_0242980_persistent_sites,735.9214951373579,10000000.0,22,0.6875,0.1,2.2973400956248734e-06,0.007711659491932815,11.657752367783631,2.2973400956248734e-06,stochastic_proposal_reached,True
Peak,v913_paper_peak01_0242980_persistent_sites,735.9214951373579,10000000.0,22,0.6875,0.3,2.2973400956248734e-06,0.007711659491932815,11.657752367783631,2.2973400956248734e-06,stochastic_proposal_reached,True
Peak,v913_paper_peak01_0242980_persistent_sites,735.9214951373579,10000000.0,22,0.6875,0.49,2.2973400956248734e-06,0.007711659491932815,11.657752367783631,2.2973400956248734e-06,stochastic_proposal_reached,True
Peak,v913_paper_peak01_0242980_persistent_sites,735.9214951373579,10000000.0,22,0.6875,0.5,2.2973400956248734e-06,0.007711659491932815,11.657752367783631,2.2973400956248734e-06,stochastic_proposal_reached,True
Peak,v913_paper_peak01_0242980_persistent_sites,735.9214951373579,10000000.0,22,0.6875,0.6,2.7568081147498482e-06,0.008097242466529457,11.657752367783631,2.7568081147498482e-06,stochastic_proposal_reached,True
Peak,v913_paper_peak01_0242980_persistent_sites,735.9214951373579,10000000.0,22,0.6875,0.8,3.6757441529997978e-06,0.007711659491932815,11.657752367783631,3.6757441529997973e-06,stochastic_proposal_reached,True
Peak,v913_paper_peak01_0242980_persistent_sites,735.9214951373579,10000000.0,22,0.6875,1.0,4.594680191249747e-06,0.007711659491932815,11.657752367783631,4.594680191249747e-06,stochastic_proposal_reached,True
Peak,v913_paper_peak01_0242980_persistent_sites,735.9214951373579,10000000.0,22,0.6875,1.25,5.743350239062183e-06,0.007229680773687014,11.657752367783631,5.743350239062183e-06,stochastic_proposal_reached,True
Peak,v913_paper_peak01_0242980_persistent_sites,735.9214951373579,10000000.0,22,0.6875,1.5,6.89202028687462e-06,0.005783744618949612,11.657752367783631,6.89202028687462e-06,stochastic_proposal_reached,True
Peak,v913_paper_peak01_0242980_persistent_sites,735.9214951373579,10000000.0,22,0.6875,2.0,9.189360382499494e-06,0.007711659491932815,11.657752367783631,9.189360382499494e-06,stochastic_proposal_reached,True
Peak,v913_paper_peak01_0242980_persistent_sites,735.9214951373579,10000000.0,22,0.6875,2.5,1.1486700478124366e-05,0.01081848231243665,11.657752367783631,1.1486700478124366e-05,stochastic_proposal_reached,True
Peak,v913_paper_peak01_0242980_persistent_sites,735.9214951373579,10000000.0,22,0.6875,3.0,1.378404057374924e-05,0.01081848231243665,11.657752367783631,1.378404057374924e-05,stochastic_proposal_reached,True
Peak,v913_paper_peak01_0242980_persistent_sites,735.9214951373579,10000000.0,22,0.6875,3.5,1.6081380669374112e-05,0.01081848231243665,11.657752367783631,1.6081380669374112e-05,stochastic_proposal_reached,True
Peak,v913_paper_peak01_0242980_persistent_sites,735.9214951373579,10000000.0,22,0.6875,3.99,1.833277396308649e-05,0.01081848231243665,11.657752367783631,1.833277396308649e-05,stochastic_proposal_reached,True
Peak,v913_paper_peak01_0242980_persistent_sites,735.9214951373579,10000000.0,22,0.6875,4.0,1.8378720764998988e-05,0.01081848231243665,11.657752367783631,1.8378720764998988e-05,stochastic_proposal_reached,True
Peak,v913_paper_peak01_0242980_persistent_sites,735.9214951373579,10000000.0,22,0.6875,8.0,1.8378720764998988e-05,0.01081848231243665,11.657752367783631,1.8378720764998988e-05,stochastic_proposal_reached,True
Peak,v913_paper_peak01_0242980_persistent_sites,735.9214951373579,10000000.0,23,0.71875,0.1,2.2973400956248734e-06,0.013048931664511999,10.250196965522985,2.2973400956248734e-06,stochastic_proposal_reached,True
Peak,v913_paper_peak01_0242980_persistent_sites,735.9214951373579,10000000.0,23,0.71875,0.3,2.2973400956248734e-06,0.013048931664511999,10.250196965522985,2.2973400956248734e-06,stochastic_proposal_reached,True
Peak,v913_paper_peak01_0242980_persistent_sites,735.9214951373579,10000000.0,23,0.71875,0.49,2.2973400956248734e-06,0.013048931664511999,10.250196965522985,2.2973400956248734e-06,stochastic_proposal_reached,True
Peak,v913_paper_peak01_0242980_persistent_sites,735.9214951373579,10000000.0,23,0.71875,0.5,2.2973400956248734e-06,0.013048931664511999,10.250196965522985,2.2973400956248734e-06,stochastic_proposal_reached,True
Peak,v913_paper_peak01_0242980_persistent_sites,735.9214951373579,10000000.0,23,0.71875,0.6,2.7568081147498482e-06,0.013701378247737598,10.250196965522985,2.7568081147498482e-06,stochastic_proposal_reached,True
Peak,v913_paper_peak01_0242980_persistent_sites,735.9214951373579,10000000.0,23,0.71875,0.8,3.6757441529997978e-06,0.013048931664511999,10.250196965522985,3.6757441529997973e-06,stochastic_proposal_reached,True
Peak,v913_paper_peak01_0242980_persistent_sites,735.9214951373579,10000000.0,23,0.71875,1.0,4.594680191249747e-06,0.013048931664511999,10.250196965522985,4.594680191249747e-06,stochastic_proposal_reached,True
Peak,v913_paper_peak01_0242980_persistent_sites,735.9214951373579,10000000.0,23,0.71875,1.25,5.743350239062183e-06,0.01223337343548,10.250196965522985,5.743350239062183e-06,stochastic_proposal_reached,True
Peak,v913_paper_peak01_0242980_persistent_sites,735.9214951373579,10000000.0,23,0.71875,1.5,6.89202028687462e-06,0.009786698748383999,10.250196965522985,6.89202028687462e-06,stochastic_proposal_reached,True
Peak,v913_paper_peak01_0242980_persistent_sites,735.9214951373579,10000000.0,23,0.71875,2.0,9.189360382499494e-06,0.013048931664511999,10.250196965522985,9.189360382499494e-06,stochastic_proposal_reached,True
Peak,v913_paper_peak01_0242980_persistent_sites,735.9214951373579,10000000.0,23,0.71875,2.5,1.1486700478124366e-05,0.017015688986665722,10.250196965522985,1.1486700478124366e-05,stochastic_proposal_reached,True
Peak,v913_paper_peak01_0242980_persistent_sites,735.9214951373579,10000000.0,23,0.71875,3.0,1.378404057374924e-05,0.017015688986665722,10.250196965522985,1.378404057374924e-05,stochastic_proposal_reached,True
Peak,v913_paper_peak01_0242980_persistent_sites,735.9214951373579,10000000.0,23,0.71875,3.5,1.6081380669374112e-05,0.017015688986665722,10.250196965522985,1.6081380669374112e-05,stochastic_proposal_reached,True
Peak,v913_paper_peak01_0242980_persistent_sites,735.9214951373579,10000000.0,23,0.71875,3.99,1.833277396308649e-05,0.017015688986665722,10.250196965522985,1.833277396308649e-05,stochastic_proposal_reached,True
Peak,v913_paper_peak01_0242980_persistent_sites,735.9214951373579,10000000.0,23,0.71875,4.0,1.8378720764998988e-05,0.017015688986665722,10.250196965522985,1.8378720764998988e-05,stochastic_proposal_reached,True
Peak,v913_paper_peak01_0242980_persistent_sites,735.9214951373579,10000000.0,23,0.71875,8.0,1.8378720764998988e-05,0.017015688986665722,10.250196965522985,1.8378720764998988e-05,stochastic_proposal_reached,True
Peak,v913_paper_peak01_0242980_persistent_sites,735.9214951373579,10000000.0,24,0.75,0.1,2.2973400956248734e-06,0.02007988296113736,8.8968077530392,2.2973400956248734e-06,stochastic_proposal_reached,True
Peak,v913_paper_peak01_0242980_persistent_sites,735.9214951373579,10000000.0,24,0.75,0.3,2.2973400956248734e-06,0.02007988296113736,8.8968077530392,2.2973400956248734e-06,stochastic_proposal_reached,True
Peak,v913_paper_peak01_0242980_persistent_sites,735.9214951373579,10000000.0,24,0.75,0.49,2.2973400956248734e-06,0.02007988296113736,8.8968077530392,2.2973400956248734e-06,stochastic_proposal_reached,True
Peak,v913_paper_peak01_0242980_persistent_sites,735.9214951373579,10000000.0,24,0.75,0.5,2.2973400956248734e-06,0.02007988296113736,8.8968077530392,2.2973400956248734e-06,stochastic_proposal_reached,True
Peak,v913_paper_peak01_0242980_persistent_sites,735.9214951373579,10000000.0,24,0.75,0.6,2.7568081147498482e-06,0.021083877109194227,8.8968077530392,2.7568081147498482e-06,stochastic_proposal_reached,True
Peak,v913_paper_peak01_0242980_persistent_sites,735.9214951373579,10000000.0,24,0.75,0.8,3.6757441529997978e-06,0.02007988296113736,8.8968077530392,3.6757441529997973e-06,stochastic_proposal_reached,True
Peak,v913_paper_peak01_0242980_persistent_sites,735.9214951373579,10000000.0,24,0.75,1.0,4.594680191249747e-06,0.02007988296113736,8.8968077530392,4.594680191249747e-06,stochastic_proposal_reached,True
Peak,v913_paper_peak01_0242980_persistent_sites,735.9214951373579,10000000.0,24,0.75,1.25,5.743350239062183e-06,0.018824890276066278,8.8968077530392,5.743350239062183e-06,stochastic_proposal_reached,True
Peak,v913_paper_peak01_0242980_persistent_sites,735.9214951373579,10000000.0,24,0.75,1.5,6.89202028687462e-06,0.015059912220853022,8.8968077530392,6.89202028687462e-06,stochastic_proposal_reached,True
Peak,v913_paper_peak01_0242980_persistent_sites,735.9214951373579,10000000.0,24,0.75,2.0,9.189360382499494e-06,0.02007988296113736,8.8968077530392,9.189360382499494e-06,stochastic_proposal_reached,True
Peak,v913_paper_peak01_0242980_persistent_sites,735.9214951373579,10000000.0,24,0.75,2.5,1.1486700478124366e-05,0.024951259937443737,8.8968077530392,1.1486700478124366e-05,stochastic_proposal_reached,True
Peak,v913_paper_peak01_0242980_persistent_sites,735.9214951373579,10000000.0,24,0.75,3.0,1.378404057374924e-05,0.024951259937443737,8.8968077530392,1.378404057374924e-05,stochastic_proposal_reached,True
Peak,v913_paper_peak01_0242980_persistent_sites,735.9214951373579,10000000.0,24,0.75,3.5,1.6081380669374112e-05,0.024951259937443737,8.8968077530392,1.6081380669374112e-05,stochastic_proposal_reached,True
Peak,v913_paper_peak01_0242980_persistent_sites,735.9214951373579,10000000.0,24,0.75,3.99,1.833277396308649e-05,0.024951259937443737,8.8968077530392,1.833277396308649e-05,stochastic_proposal_reached,True
Peak,v913_paper_peak01_0242980_persistent_sites,735.9214951373579,10000000.0,24,0.75,4.0,1.8378720764998988e-05,0.024951259937443737,8.8968077530392,1.8378720764998988e-05,stochastic_proposal_reached,True
Peak,v913_paper_peak01_0242980_persistent_sites,735.9214951373579,10000000.0,24,0.75,8.0,1.8378720764998988e-05,0.024951259937443737,8.8968077530392,1.8378720764998988e-05,stochastic_proposal_reached,True
Peak,v913_paper_peak01_0242980_persistent_sites,735.9214951373579,10000000.0,25,0.78125,0.1,2.2973400956248734e-06,0.02862021002326864,7.672173186612792,2.2973400956248734e-06,stochastic_proposal_reached,True
Peak,v913_paper_peak01_0242980_persistent_sites,735.9214951373579,10000000.0,25,0.78125,0.3,2.2973400956248734e-06,0.02862021002326864,7.672173186612792,2.2973400956248734e-06,stochastic_proposal_reached,True
Peak,v913_paper_peak01_0242980_persistent_sites,735.9214951373579,10000000.0,25,0.78125,0.49,2.2973400956248734e-06,0.02862021002326864,7.672173186612792,2.2973400956248734e-06,stochastic_proposal_reached,True
Peak,v913_paper_peak01_0242980_persistent_sites,735.9214951373579,10000000.0,25,0.78125,0.5,2.2973400956248734e-06,0.02862021002326864,7.672173186612792,2.2973400956248734e-06,stochastic_proposal_reached,True
Peak,v913_paper_peak01_0242980_persistent_sites,735.9214951373579,10000000.0,25,0.78125,0.6,2.7568081147498482e-06,0.030051220524432074,7.672173186612792,2.7568081147498482e-06,stochastic_proposal_reached,True
Peak,v913_paper_peak01_0242980_persistent_sites,735.9214951373579,10000000.0,25,0.78125,0.8,3.6757441529997978e-06,0.02862021002326864,7.672173186612792,3.6757441529997973e-06,stochastic_proposal_reached,True
Peak,v913_paper_peak01_0242980_persistent_sites,735.9214951373579,10000000.0,25,0.78125,1.0,4.594680191249747e-06,0.02862021002326864,7.672173186612792,4.594680191249747e-06,stochastic_proposal_reached,True
Peak,v913_paper_peak01_0242980_persistent_sites,735.9214951373579,10000000.0,25,0.78125,1.25,5.743350239062183e-06,0.02683144689681435,7.672173186612792,5.743350239062183e-06,stochastic_proposal_reached,True
Peak,v913_paper_peak01_0242980_persistent_sites,735.9214951373579,10000000.0,25,0.78125,1.5,6.89202028687462e-06,0.021465157517451483,7.672173186612792,6.89202028687462e-06,stochastic_proposal_reached,True
Peak,v913_paper_peak01_0242980_persistent_sites,735.9214951373579,10000000.0,25,0.78125,2.0,9.189360382499494e-06,0.02862021002326864,7.672173186612792,9.189360382499494e-06,stochastic_proposal_reached,True
Peak,v913_paper_peak01_0242980_persistent_sites,735.9214951373579,10000000.0,25,0.78125,2.5,1.1486700478124366e-05,0.03440672641512599,7.672173186612792,1.1486700478124366e-05,stochastic_proposal_reached,True
Peak,v913_paper_peak01_0242980_persistent_sites,735.9214951373579,10000000.0,25,0.78125,3.0,1.378404057374924e-05,0.03440672641512599,7.672173186612792,1.378404057374924e-05,stochastic_proposal_reached,True
Peak,v913_paper_peak01_0242980_persistent_sites,735.9214951373579,10000000.0,25,0.78125,3.5,1.6081380669374112e-05,0.03440672641512599,7.672173186612792,1.6081380669374112e-05,stochastic_proposal_reached,True
Peak,v913_paper_peak01_0242980_persistent_sites,735.9214951373579,10000000.0,25,0.78125,3.99,1.833277396308649e-05,0.03440672641512599,7.672173186612792,1.833277396308649e-05,stochastic_proposal_reached,True
Peak,v913_paper_peak01_0242980_persistent_sites,735.9214951373579,10000000.0,25,0.78125,4.0,1.8378720764998988e-05,0.03440672641512599,7.672173186612792,1.8378720764998988e-05,stochastic_proposal_reached,True
Peak,v913_paper_peak01_0242980_persistent_sites,735.9214951373579,10000000.0,25,0.78125,8.0,1.8378720764998988e-05,0.03440672641512599,7.672173186612792,1.8378720764998988e-05,stochastic_proposal_reached,True
Peak,v913_paper_peak01_0242980_persistent_sites,735.9214951373579,10000000.0,26,0.8125,0.1,2.2973400956248734e-06,0.03825582071459261,6.6202422842946005,2.2973400956248734e-06,stochastic_proposal_reached,True
Peak,v913_paper_peak01_0242980_persistent_sites,735.9214951373579,10000000.0,26,0.8125,0.3,2.2973400956248734e-06,0.03825582071459261,6.6202422842946005,2.2973400956248734e-06,stochastic_proposal_reached,True
Peak,v913_paper_peak01_0242980_persistent_sites,735.9214951373579,10000000.0,26,0.8125,0.49,2.2973400956248734e-06,0.03825582071459261,6.6202422842946005,2.2973400956248734e-06,stochastic_proposal_reached,True
Peak,v913_paper_peak01_0242980_persistent_sites,735.9214951373579,10000000.0,26,0.8125,0.5,2.2973400956248734e-06,0.03825582071459261,6.6202422842946005,2.2973400956248734e-06,stochastic_proposal_reached,True
Peak,v913_paper_peak01_0242980_persistent_sites,735.9214951373579,10000000.0,26,0.8125,0.6,2.7568081147498482e-06,0.04016861175032224,6.6202422842946005,2.7568081147498482e-06,stochastic_proposal_reached,True
Peak,v913_paper_peak01_0242980_persistent_sites,735.9214951373579,10000000.0,26,0.8125,0.8,3.6757441529997978e-06,0.03825582071459261,6.6202422842946005,3.6757441529997973e-06,stochastic_proposal_reached,True
Peak,v913_paper_peak01_0242980_persistent_sites,735.9214951373579,10000000.0,26,0.8125,1.0,4.594680191249747e-06,0.03825582071459261,6.6202422842946005,4.594680191249747e-06,stochastic_proposal_reached,True
Peak,v913_paper_peak01_0242980_persistent_sites,735.9214951373579,10000000.0,26,0.8125,1.25,5.743350239062183e-06,0.03586483191993057,6.6202422842946005,5.743350239062183e-06,stochastic_proposal_reached,True
Peak,v913_paper_peak01_0242980_persistent_sites,735.9214951373579,10000000.0,26,0.8125,1.5,6.89202028687462e-06,0.02869186553594446,6.6202422842946005,6.89202028687462e-06,stochastic_proposal_reached,True
Peak,v913_paper_peak01_0242980_persistent_sites,735.9214951373579,10000000.0,26,0.8125,2.0,9.189360382499494e-06,0.03825582071459261,6.6202422842946005,9.189360382499494e-06,stochastic_proposal_reached,True
Peak,v913_paper_peak01_0242980_persistent_sites,735.9214951373579,10000000.0,26,0.8125,2.5,1.1486700478124366e-05,0.044932229353984,6.6202422842946005,1.1486700478124366e-05,stochastic_proposal_reached,True
Peak,v913_paper_peak01_0242980_persistent_sites,735.9214951373579,10000000.0,26,0.8125,3.0,1.378404057374924e-05,0.044932229353984,6.6202422842946005,1.378404057374924e-05,stochastic_proposal_reached,True
Peak,v913_paper_peak01_0242980_persistent_sites,735.9214951373579,10000000.0,26,0.8125,3.5,1.6081380669374112e-05,0.044932229353984,6.6202422842946005,1.6081380669374112e-05,stochastic_proposal_reached,True
Peak,v913_paper_peak01_0242980_persistent_sites,735.9214951373579,10000000.0,26,0.8125,3.99,1.833277396308649e-05,0.044932229353984,6.6202422842946005,1.833277396308649e-05,stochastic_proposal_reached,True
Peak,v913_paper_peak01_0242980_persistent_sites,735.9214951373579,10000000.0,26,0.8125,4.0,1.8378720764998988e-05,0.044932229353984,6.6202422842946005,1.8378720764998988e-05,stochastic_proposal_reached,True
Peak,v913_paper_peak01_0242980_persistent_sites,735.9214951373579,10000000.0,26,0.8125,8.0,1.8378720764998988e-05,0.044932229353984,6.6202422842946005,1.8378720764998988e-05,stochastic_proposal_reached,True
Peak,v913_paper_peak01_0242980_persistent_sites,735.9214951373579,10000000.0,27,0.84375,0.1,2.2973400956248734e-06,0.04837182375185239,5.757837614410923,2.2973400956248734e-06,stochastic_proposal_reached,True
Peak,v913_paper_peak01_0242980_persistent_sites,735.9214951373579,10000000.0,27,0.84375,0.3,2.2973400956248734e-06,0.04837182375185239,5.757837614410923,2.2973400956248734e-06,stochastic_proposal_reached,True
Peak,v913_paper_peak01_0242980_persistent_sites,735.9214951373579,10000000.0,27,0.84375,0.49,2.2973400956248734e-06,0.04837182375185239,5.757837614410923,2.2973400956248734e-06,stochastic_proposal_reached,True
Peak,v913_paper_peak01_0242980_persistent_sites,735.9214951373579,10000000.0,27,0.84375,0.5,2.2973400956248734e-06,0.04837182375185239,5.757837614410923,2.2973400956248734e-06,stochastic_proposal_reached,True
Peak,v913_paper_peak01_0242980_persistent_sites,735.9214951373579,10000000.0,27,0.84375,0.6,2.7568081147498482e-06,0.05079041493944501,5.757837614410923,2.7568081147498482e-06,stochastic_proposal_reached,True
Peak,v913_paper_peak01_0242980_persistent_sites,735.9214951373579,10000000.0,27,0.84375,0.8,3.6757441529997978e-06,0.04837182375185239,5.757837614410923,3.6757441529997973e-06,stochastic_proposal_reached,True
Peak,v913_paper_peak01_0242980_persistent_sites,735.9214951373579,10000000.0,27,0.84375,1.0,4.594680191249747e-06,0.04837182375185239,5.757837614410923,4.594680191249747e-06,stochastic_proposal_reached,True
Peak,v913_paper_peak01_0242980_persistent_sites,735.9214951373579,10000000.0,27,0.84375,1.25,5.743350239062183e-06,0.04534858476736161,5.757837614410923,5.743350239062183e-06,stochastic_proposal_reached,True
Peak,v913_paper_peak01_0242980_persistent_sites,735.9214951373579,10000000.0,27,0.84375,1.5,6.89202028687462e-06,0.03627886781388929,5.757837614410923,6.89202028687462e-06,stochastic_proposal_reached,True
Peak,v913_paper_peak01_0242980_persistent_sites,735.9214951373579,10000000.0,27,0.84375,2.0,9.189360382499494e-06,0.04837182375185239,5.757837614410923,9.189360382499494e-06,stochastic_proposal_reached,True
Peak,v913_paper_peak01_0242980_persistent_sites,735.9214951373579,10000000.0,27,0.84375,2.5,1.1486700478124366e-05,0.05587697464281405,5.757837614410923,1.1486700478124366e-05,stochastic_proposal_reached,True
Peak,v913_paper_peak01_0242980_persistent_sites,735.9214951373579,10000000.0,27,0.84375,3.0,1.378404057374924e-05,0.05587697464281405,5.757837614410923,1.378404057374924e-05,stochastic_proposal_reached,True
Peak,v913_paper_peak01_0242980_persistent_sites,735.9214951373579,10000000.0,27,0.84375,3.5,1.6081380669374112e-05,0.05587697464281405,5.757837614410923,1.6081380669374112e-05,stochastic_proposal_reached,True
Peak,v913_paper_peak01_0242980_persistent_sites,735.9214951373579,10000000.0,27,0.84375,3.99,1.833277396308649e-05,0.05587697464281405,5.757837614410923,1.833277396308649e-05,stochastic_proposal_reached,True
Peak,v913_paper_peak01_0242980_persistent_sites,735.9214951373579,10000000.0,27,0.84375,4.0,1.8378720764998988e-05,0.05587697464281405,5.757837614410923,1.8378720764998988e-05,stochastic_proposal_reached,True
Peak,v913_paper_peak01_0242980_persistent_sites,735.9214951373579,10000000.0,27,0.84375,8.0,1.8378720764998988e-05,0.05587697464281405,5.757837614410923,1.8378720764998988e-05,stochastic_proposal_reached,True
Peak,v913_paper_peak01_0242980_persistent_sites,735.9214951373579,10000000.0,28,0.875,0.1,2.2973400956248734e-06,0.05821339679031587,5.082579993280606,2.2973400956248734e-06,stochastic_proposal_reached,True
Peak,v913_paper_peak01_0242980_persistent_sites,735.9214951373579,10000000.0,28,0.875,0.3,2.2973400956248734e-06,0.05821339679031587,5.082579993280606,2.2973400956248734e-06,stochastic_proposal_reached,True
Peak,v913_paper_peak01_0242980_persistent_sites,735.9214951373579,10000000.0,28,0.875,0.49,2.2973400956248734e-06,0.05821339679031587,5.082579993280606,2.2973400956248734e-06,stochastic_proposal_reached,True
Peak,v913_paper_peak01_0242980_persistent_sites,735.9214951373579,10000000.0,28,0.875,0.5,2.2973400956248734e-06,0.05821339679031587,5.082579993280606,2.2973400956248734e-06,stochastic_proposal_reached,True
Peak,v913_paper_peak01_0242980_persistent_sites,735.9214951373579,10000000.0,28,0.875,0.6,2.7568081147498482e-06,0.061124066629831664,5.082579993280606,2.7568081147498482e-06,stochastic_proposal_reached,True
Peak,v913_paper_peak01_0242980_persistent_sites,735.9214951373579,10000000.0,28,0.875,0.8,3.6757441529997978e-06,0.05821339679031587,5.082579993280606,3.6757441529997973e-06,stochastic_proposal_reached,True
Peak,v913_paper_peak01_0242980_persistent_sites,735.9214951373579,10000000.0,28,0.875,1.0,4.594680191249747e-06,0.05821339679031587,5.082579993280606,4.594680191249747e-06,stochastic_proposal_reached,True
Peak,v913_paper_peak01_0242980_persistent_sites,735.9214951373579,10000000.0,28,0.875,1.25,5.743350239062183e-06,0.054575059490921125,5.082579993280606,5.743350239062183e-06,stochastic_proposal_reached,True
Peak,v913_paper_peak01_0242980_persistent_sites,735.9214951373579,10000000.0,28,0.875,1.5,6.89202028687462e-06,0.0436600475927369,5.082579993280606,6.89202028687462e-06,stochastic_proposal_reached,True
Peak,v913_paper_peak01_0242980_persistent_sites,735.9214951373579,10000000.0,28,0.875,2.0,9.189360382499494e-06,0.05821339679031587,5.082579993280606,9.189360382499494e-06,stochastic_proposal_reached,True
Peak,v913_paper_peak01_0242980_persistent_sites,735.9214951373579,10000000.0,28,0.875,2.5,1.1486700478124366e-05,0.06645174047141111,5.082579993280606,1.1486700478124366e-05,stochastic_proposal_reached,True
Peak,v913_paper_peak01_0242980_persistent_sites,735.9214951373579,10000000.0,28,0.875,3.0,1.378404057374924e-05,0.06645174047141111,5.082579993280606,1.378404057374924e-05,stochastic_proposal_reached,True
Peak,v913_paper_peak01_0242980_persistent_sites,735.9214951373579,10000000.0,28,0.875,3.5,1.6081380669374112e-05,0.06645174047141111,5.082579993280606,1.6081380669374112e-05,stochastic_proposal_reached,True
Peak,v913_paper_peak01_0242980_persistent_sites,735.9214951373579,10000000.0,28,0.875,3.99,1.833277396308649e-05,0.06645174047141111,5.082579993280606,1.833277396308649e-05,stochastic_proposal_reached,True
Peak,v913_paper_peak01_0242980_persistent_sites,735.9214951373579,10000000.0,28,0.875,4.0,1.8378720764998988e-05,0.06645174047141111,5.082579993280606,1.8378720764998988e-05,stochastic_proposal_reached,True
Peak,v913_paper_peak01_0242980_persistent_sites,735.9214951373579,10000000.0,28,0.875,8.0,1.8378720764998988e-05,0.06645174047141111,5.082579993280606,1.8378720764998988e-05,stochastic_proposal_reached,True
Peak,v913_paper_peak01_0242980_persistent_sites,735.9214951373579,10000000.0,29,0.90625,0.1,2.2973400956248734e-06,0.06697052466545803,4.58157270500924,2.2973400956248734e-06,stochastic_proposal_reached,True
Peak,v913_paper_peak01_0242980_persistent_sites,735.9214951373579,10000000.0,29,0.90625,0.3,2.2973400956248734e-06,0.06697052466545803,4.58157270500924,2.2973400956248734e-06,stochastic_proposal_reached,True
Peak,v913_paper_peak01_0242980_persistent_sites,735.9214951373579,10000000.0,29,0.90625,0.49,2.2973400956248734e-06,0.06697052466545803,4.58157270500924,2.2973400956248734e-06,stochastic_proposal_reached,True
Peak,v913_paper_peak01_0242980_persistent_sites,735.9214951373579,10000000.0,29,0.90625,0.5,2.2973400956248734e-06,0.06697052466545803,4.58157270500924,2.2973400956248734e-06,stochastic_proposal_reached,True
Peak,v913_paper_peak01_0242980_persistent_sites,735.9214951373579,10000000.0,29,0.90625,0.6,2.7568081147498482e-06,0.07031905089873093,4.58157270500924,2.7568081147498482e-06,stochastic_proposal_reached,True
Peak,v913_paper_peak01_0242980_persistent_sites,735.9214951373579,10000000.0,29,0.90625,0.8,3.6757441529997978e-06,0.06697052466545803,4.58157270500924,3.6757441529997973e-06,stochastic_proposal_reached,True
Peak,v913_paper_peak01_0242980_persistent_sites,735.9214951373579,10000000.0,29,0.90625,1.0,4.594680191249747e-06,0.06697052466545803,4.58157270500924,4.594680191249747e-06,stochastic_proposal_reached,True
Peak,v913_paper_peak01_0242980_persistent_sites,735.9214951373579,10000000.0,29,0.90625,1.25,5.743350239062183e-06,0.0627848668738669,4.58157270500924,5.743350239062183e-06,stochastic_proposal_reached,True
Peak,v913_paper_peak01_0242980_persistent_sites,735.9214951373579,10000000.0,29,0.90625,1.5,6.89202028687462e-06,0.050227893499093526,4.58157270500924,6.89202028687462e-06,stochastic_proposal_reached,True
Peak,v913_paper_peak01_0242980_persistent_sites,735.9214951373579,10000000.0,29,0.90625,2.0,9.189360382499494e-06,0.06697052466545803,4.58157270500924,9.189360382499494e-06,stochastic_proposal_reached,True
Peak,v913_paper_peak01_0242980_persistent_sites,735.9214951373579,10000000.0,29,0.90625,2.5,1.1486700478124366e-05,0.0758153259466603,4.58157270500924,1.1486700478124366e-05,stochastic_proposal_reached,True
Peak,v913_paper_peak01_0242980_persistent_sites,735.9214951373579,10000000.0,29,0.90625,3.0,1.378404057374924e-05,0.0758153259466603,4.58157270500924,1.378404057374924e-05,stochastic_proposal_reached,True
Peak,v913_paper_peak01_0242980_persistent_sites,735.9214951373579,10000000.0,29,0.90625,3.5,1.6081380669374112e-05,0.0758153259466603,4.58157270500924,1.6081380669374112e-05,stochastic_proposal_reached,True
Peak,v913_paper_peak01_0242980_persistent_sites,735.9214951373579,10000000.0,29,0.90625,3.99,1.833277396308649e-05,0.0758153259466603,4.58157270500924,1.833277396308649e-05,stochastic_proposal_reached,True
Peak,v913_paper_peak01_0242980_persistent_sites,735.9214951373579,10000000.0,29,0.90625,4.0,1.8378720764998988e-05,0.0758153259466603,4.58157270500924,1.8378720764998988e-05,stochastic_proposal_reached,True
Peak,v913_paper_peak01_0242980_persistent_sites,735.9214951373579,10000000.0,29,0.90625,8.0,1.8378720764998988e-05,0.0758153259466603,4.58157270500924,1.8378720764998988e-05,stochastic_proposal_reached,True
Peak,v913_paper_peak01_0242980_persistent_sites,735.9214951373579,10000000.0,30,0.9375,0.1,2.2973400956248734e-06,0.07387486683221631,4.238634956018024,2.2973400956248734e-06,stochastic_proposal_reached,True
Peak,v913_paper_peak01_0242980_persistent_sites,735.9214951373579,10000000.0,30,0.9375,0.3,2.2973400956248734e-06,0.07387486683221631,4.238634956018024,2.2973400956248734e-06,stochastic_proposal_reached,True
Peak,v913_paper_peak01_0242980_persistent_sites,735.9214951373579,10000000.0,30,0.9375,0.49,2.2973400956248734e-06,0.07387486683221631,4.238634956018024,2.2973400956248734e-06,stochastic_proposal_reached,True
Peak,v913_paper_peak01_0242980_persistent_sites,735.9214951373579,10000000.0,30,0.9375,0.5,2.2973400956248734e-06,0.07387486683221631,4.238634956018024,2.2973400956248734e-06,stochastic_proposal_reached,True
Peak,v913_paper_peak01_0242980_persistent_sites,735.9214951373579,10000000.0,30,0.9375,0.6,2.7568081147498482e-06,0.07756861017382712,4.238634956018024,2.7568081147498482e-06,stochastic_proposal_reached,True
Peak,v913_paper_peak01_0242980_persistent_sites,735.9214951373579,10000000.0,30,0.9375,0.8,3.6757441529997978e-06,0.07387486683221631,4.238634956018024,3.6757441529997973e-06,stochastic_proposal_reached,True
Peak,v913_paper_peak01_0242980_persistent_sites,735.9214951373579,10000000.0,30,0.9375,1.0,4.594680191249747e-06,0.07387486683221631,4.238634956018024,4.594680191249747e-06,stochastic_proposal_reached,True
Peak,v913_paper_peak01_0242980_persistent_sites,735.9214951373579,10000000.0,30,0.9375,1.25,5.743350239062183e-06,0.0692576876552028,4.238634956018024,5.743350239062183e-06,stochastic_proposal_reached,True
Peak,v913_paper_peak01_0242980_persistent_sites,735.9214951373579,10000000.0,30,0.9375,1.5,6.89202028687462e-06,0.05540615012416223,4.238634956018024,6.89202028687462e-06,stochastic_proposal_reached,True
Peak,v913_paper_peak01_0242980_persistent_sites,735.9214951373579,10000000.0,30,0.9375,2.0,9.189360382499494e-06,0.07387486683221631,4.238634956018024,9.189360382499494e-06,stochastic_proposal_reached,True
Peak,v913_paper_peak01_0242980_persistent_sites,735.9214951373579,10000000.0,30,0.9375,2.5,1.1486700478124366e-05,0.08317307515723016,4.238634956018024,1.1486700478124366e-05,stochastic_proposal_reached,True
Peak,v913_paper_peak01_0242980_persistent_sites,735.9214951373579,10000000.0,30,0.9375,3.0,1.378404057374924e-05,0.08317307515723016,4.238634956018024,1.378404057374924e-05,stochastic_proposal_reached,True
Peak,v913_paper_peak01_0242980_persistent_sites,735.9214951373579,10000000.0,30,0.9375,3.5,1.6081380669374112e-05,0.08317307515723016,4.238634956018024,1.6081380669374112e-05,stochastic_proposal_reached,True
Peak,v913_paper_peak01_0242980_persistent_sites,735.9214951373579,10000000.0,30,0.9375,3.99,1.833277396308649e-05,0.08317307515723016,4.238634956018024,1.833277396308649e-05,stochastic_proposal_reached,True
Peak,v913_paper_peak01_0242980_persistent_sites,735.9214951373579,10000000.0,30,0.9375,4.0,1.8378720764998988e-05,0.08317307515723016,4.238634956018024,1.8378720764998988e-05,stochastic_proposal_reached,True
Peak,v913_paper_peak01_0242980_persistent_sites,735.9214951373579,10000000.0,30,0.9375,8.0,1.8378720764998988e-05,0.08317307515723016,4.238634956018024,1.8378720764998988e-05,stochastic_proposal_reached,True
Peak,v913_paper_peak01_0242980_persistent_sites,735.9214951373579,10000000.0,31,0.96875,0.1,2.2973400956248734e-06,0.0782950232719918,4.0393390085669445,2.2973400956248734e-06,stochastic_proposal_reached,True
Peak,v913_paper_peak01_0242980_persistent_sites,735.9214951373579,10000000.0,31,0.96875,0.3,2.2973400956248734e-06,0.0782950232719918,4.0393390085669445,2.2973400956248734e-06,stochastic_proposal_reached,True
Peak,v913_paper_peak01_0242980_persistent_sites,735.9214951373579,10000000.0,31,0.96875,0.49,2.2973400956248734e-06,0.0782950232719918,4.0393390085669445,2.2973400956248734e-06,stochastic_proposal_reached,True
Peak,v913_paper_peak01_0242980_persistent_sites,735.9214951373579,10000000.0,31,0.96875,0.5,2.2973400956248734e-06,0.0782950232719918,4.0393390085669445,2.2973400956248734e-06,stochastic_proposal_reached,True
Peak,v913_paper_peak01_0242980_persistent_sites,735.9214951373579,10000000.0,31,0.96875,0.6,2.7568081147498482e-06,0.08220977443559138,4.0393390085669445,2.7568081147498482e-06,stochastic_proposal_reached,True
Peak,v913_paper_peak01_0242980_persistent_sites,735.9214951373579,10000000.0,31,0.96875,0.8,3.6757441529997978e-06,0.0782950232719918,4.0393390085669445,3.6757441529997973e-06,stochastic_proposal_reached,True
Peak,v913_paper_peak01_0242980_persistent_sites,735.9214951373579,10000000.0,31,0.96875,1.0,4.594680191249747e-06,0.0782950232719918,4.0393390085669445,4.594680191249747e-06,stochastic_proposal_reached,True
Peak,v913_paper_peak01_0242980_persistent_sites,735.9214951373579,10000000.0,31,0.96875,1.25,5.743350239062183e-06,0.07340158431749232,4.0393390085669445,5.743350239062183e-06,stochastic_proposal_reached,True
Peak,v913_paper_peak01_0242980_persistent_sites,735.9214951373579,10000000.0,31,0.96875,1.5,6.89202028687462e-06,0.05872126745399385,4.0393390085669445,6.89202028687462e-06,stochastic_proposal_reached,True
Peak,v913_paper_peak01_0242980_persistent_sites,735.9214951373579,10000000.0,31,0.96875,2.0,9.189360382499494e-06,0.0782950232719918,4.0393390085669445,9.189360382499494e-06,stochastic_proposal_reached,True
Peak,v913_paper_peak01_0242980_persistent_sites,735.9214951373579,10000000.0,31,0.96875,2.5,1.1486700478124366e-05,0.08787361254057302,4.0393390085669445,1.1486700478124366e-05,stochastic_proposal_reached,True
Peak,v913_paper_peak01_0242980_persistent_sites,735.9214951373579,10000000.0,31,0.96875,3.0,1.378404057374924e-05,0.08787361254057302,4.0393390085669445,1.378404057374924e-05,stochastic_proposal_reached,True
Peak,v913_paper_peak01_0242980_persistent_sites,735.9214951373579,10000000.0,31,0.96875,3.5,1.6081380669374112e-05,0.08787361254057302,4.0393390085669445,1.6081380669374112e-05,stochastic_proposal_reached,True
Peak,v913_paper_peak01_0242980_persistent_sites,735.9214951373579,10000000.0,31,0.96875,3.99,1.833277396308649e-05,0.08787361254057302,4.0393390085669445,1.833277396308649e-05,stochastic_proposal_reached,True
Peak,v913_paper_peak01_0242980_persistent_sites,735.9214951373579,10000000.0,31,0.96875,4.0,1.8378720764998988e-05,0.08787361254057302,4.0393390085669445,1.8378720764998988e-05,stochastic_proposal_reached,True
Peak,v913_paper_peak01_0242980_persistent_sites,735.9214951373579,10000000.0,31,0.96875,8.0,1.8378720764998988e-05,0.08787361254057302,4.0393390085669445,1.8378720764998988e-05,stochastic_proposal_reached,True
Peak,v913_paper_peak01_0242980_persistent_sites,735.9214951373579,100000000.0,0,0.0,0.1,2.2973400956248734e-06,0.04940087708757603,5.680614579480662,2.2973400956248734e-06,stochastic_proposal_reached,True
Peak,v913_paper_peak01_0242980_persistent_sites,735.9214951373579,100000000.0,0,0.0,0.3,2.2973400956248734e-06,0.04940087708757603,5.680614579480662,2.2973400956248734e-06,stochastic_proposal_reached,True
Peak,v913_paper_peak01_0242980_persistent_sites,735.9214951373579,100000000.0,0,0.0,0.49,2.2973400956248734e-06,0.04940087708757603,5.680614579480662,2.2973400956248734e-06,stochastic_proposal_reached,True
Peak,v913_paper_peak01_0242980_persistent_sites,735.9214951373579,100000000.0,0,0.0,0.5,2.2973400956248734e-06,0.04940087708757603,5.680614579480662,2.2973400956248734e-06,stochastic_proposal_reached,True
Peak,v913_paper_peak01_0242980_persistent_sites,735.9214951373579,100000000.0,0,0.0,0.6,2.7568081147498482e-06,0.051870920941954834,5.680614579480662,2.7568081147498482e-06,stochastic_proposal_reached,True
Peak,v913_paper_peak01_0242980_persistent_sites,735.9214951373579,100000000.0,0,0.0,0.8,3.6757441529997978e-06,0.04940087708757603,5.680614579480662,3.6757441529997973e-06,stochastic_proposal_reached,True
Peak,v913_paper_peak01_0242980_persistent_sites,735.9214951373579,100000000.0,0,0.0,1.0,4.594680191249747e-06,0.04940087708757603,5.680614579480662,4.594680191249747e-06,stochastic_proposal_reached,True
Peak,v913_paper_peak01_0242980_persistent_sites,735.9214951373579,100000000.0,0,0.0,1.25,5.743350239062183e-06,0.04631332226960253,5.680614579480662,5.743350239062183e-06,stochastic_proposal_reached,True
Peak,v913_paper_peak01_0242980_persistent_sites,735.9214951373579,100000000.0,0,0.0,1.5,6.89202028687462e-06,0.03705065781568203,5.680614579480662,6.89202028687462e-06,stochastic_proposal_reached,True
Peak,v913_paper_peak01_0242980_persistent_sites,735.9214951373579,100000000.0,0,0.0,2.0,9.189360382499494e-06,0.04940087708757603,5.680614579480662,9.189360382499494e-06,stochastic_proposal_reached,True
Peak,v913_paper_peak01_0242980_persistent_sites,735.9214951373579,100000000.0,0,0.0,2.5,1.1486700478124366e-05,0.06562863677849862,5.680614579480662,1.1486700478124366e-05,stochastic_proposal_reached,True
Peak,v913_paper_peak01_0242980_persistent_sites,735.9214951373579,100000000.0,0,0.0,3.0,1.378404057374924e-05,0.06562863677849862,5.680614579480662,1.378404057374924e-05,stochastic_proposal_reached,True
Peak,v913_paper_peak01_0242980_persistent_sites,735.9214951373579,100000000.0,0,0.0,3.5,1.6081380669374112e-05,0.06562863677849862,5.680614579480662,1.6081380669374112e-05,stochastic_proposal_reached,True
Peak,v913_paper_peak01_0242980_persistent_sites,735.9214951373579,100000000.0,0,0.0,3.99,1.833277396308649e-05,0.06562863677849862,5.680614579480662,1.833277396308649e-05,stochastic_proposal_reached,True
Peak,v913_paper_peak01_0242980_persistent_sites,735.9214951373579,100000000.0,0,0.0,4.0,1.8378720764998988e-05,0.06562863677849862,5.680614579480662,1.8378720764998988e-05,stochastic_proposal_reached,True
Peak,v913_paper_peak01_0242980_persistent_sites,735.9214951373579,100000000.0,0,0.0,8.0,1.8378720764998988e-05,0.06562863677849862,5.680614579480662,1.8378720764998988e-05,stochastic_proposal_reached,True
Peak,v913_paper_peak01_0242980_persistent_sites,735.9214951373579,100000000.0,1,0.03125,0.1,2.2973400956248734e-06,0.04820543697430345,5.7704851185692805,2.2973400956248734e-06,stochastic_proposal_reached,True
Peak,v913_paper_peak01_0242980_persistent_sites,735.9214951373579,100000000.0,1,0.03125,0.3,2.2973400956248734e-06,0.04820543697430345,5.7704851185692805,2.2973400956248734e-06,stochastic_proposal_reached,True
Peak,v913_paper_peak01_0242980_persistent_sites,735.9214951373579,100000000.0,1,0.03125,0.49,2.2973400956248734e-06,0.04820543697430345,5.7704851185692805,2.2973400956248734e-06,stochastic_proposal_reached,True
Peak,v913_paper_peak01_0242980_persistent_sites,735.9214951373579,100000000.0,1,0.03125,0.5,2.2973400956248734e-06,0.04820543697430345,5.7704851185692805,2.2973400956248734e-06,stochastic_proposal_reached,True
Peak,v913_paper_peak01_0242980_persistent_sites,735.9214951373579,100000000.0,1,0.03125,0.6,2.7568081147498482e-06,0.05061570882301862,5.7704851185692805,2.7568081147498482e-06,stochastic_proposal_reached,True
Peak,v913_paper_peak01_0242980_persistent_sites,735.9214951373579,100000000.0,1,0.03125,0.8,3.6757441529997978e-06,0.04820543697430345,5.7704851185692805,3.6757441529997973e-06,stochastic_proposal_reached,True
Peak,v913_paper_peak01_0242980_persistent_sites,735.9214951373579,100000000.0,1,0.03125,1.0,4.594680191249747e-06,0.04820543697430345,5.7704851185692805,4.594680191249747e-06,stochastic_proposal_reached,True
Peak,v913_paper_peak01_0242980_persistent_sites,735.9214951373579,100000000.0,1,0.03125,1.25,5.743350239062183e-06,0.04519259716340948,5.7704851185692805,5.743350239062183e-06,stochastic_proposal_reached,True
Peak,v913_paper_peak01_0242980_persistent_sites,735.9214951373579,100000000.0,1,0.03125,1.5,6.89202028687462e-06,0.03615407773072759,5.7704851185692805,6.89202028687462e-06,stochastic_proposal_reached,True
Peak,v913_paper_peak01_0242980_persistent_sites,735.9214951373579,100000000.0,1,0.03125,2.0,9.189360382499494e-06,0.04820543697430345,5.7704851185692805,9.189360382499494e-06,stochastic_proposal_reached,True
Peak,v913_paper_peak01_0242980_persistent_sites,735.9214951373579,100000000.0,1,0.03125,2.5,1.1486700478124366e-05,0.06424891400713051,5.7704851185692805,1.1486700478124366e-05,stochastic_proposal_reached,True
Peak,v913_paper_peak01_0242980_persistent_sites,735.9214951373579,100000000.0,1,0.03125,3.0,1.378404057374924e-05,0.06424891400713051,5.7704851185692805,1.378404057374924e-05,stochastic_proposal_reached,True
Peak,v913_paper_peak01_0242980_persistent_sites,735.9214951373579,100000000.0,1,0.03125,3.5,1.6081380669374112e-05,0.06424891400713051,5.7704851185692805,1.6081380669374112e-05,stochastic_proposal_reached,True
Peak,v913_paper_peak01_0242980_persistent_sites,735.9214951373579,100000000.0,1,0.03125,3.99,1.833277396308649e-05,0.06424891400713051,5.7704851185692805,1.833277396308649e-05,stochastic_proposal_reached,True
Peak,v913_paper_peak01_0242980_persistent_sites,735.9214951373579,100000000.0,1,0.03125,4.0,1.8378720764998988e-05,0.06424891400713051,5.7704851185692805,1.8378720764998988e-05,stochastic_proposal_reached,True
Peak,v913_paper_peak01_0242980_persistent_sites,735.9214951373579,100000000.0,1,0.03125,8.0,1.8378720764998988e-05,0.06424891400713051,5.7704851185692805,1.8378720764998988e-05,stochastic_proposal_reached,True
Peak,v913_paper_peak01_0242980_persistent_sites,735.9214951373579,100000000.0,2,0.0625,0.1,2.2973400956248734e-06,0.04475094888441368,6.043776576110045,2.2973400956248734e-06,stochastic_proposal_reached,True
Peak,v913_paper_peak01_0242980_persistent_sites,735.9214951373579,100000000.0,2,0.0625,0.3,2.2973400956248734e-06,0.04475094888441368,6.043776576110045,2.2973400956248734e-06,stochastic_proposal_reached,True
Peak,v913_paper_peak01_0242980_persistent_sites,735.9214951373579,100000000.0,2,0.0625,0.49,2.2973400956248734e-06,0.04475094888441368,6.043776576110045,2.2973400956248734e-06,stochastic_proposal_reached,True
Peak,v913_paper_peak01_0242980_persistent_sites,735.9214951373579,100000000.0,2,0.0625,0.5,2.2973400956248734e-06,0.04475094888441368,6.043776576110045,2.2973400956248734e-06,stochastic_proposal_reached,True
Peak,v913_paper_peak01_0242980_persistent_sites,735.9214951373579,100000000.0,2,0.0625,0.6,2.7568081147498482e-06,0.04698849632863436,6.043776576110045,2.7568081147498482e-06,stochastic_proposal_reached,True
Peak,v913_paper_peak01_0242980_persistent_sites,735.9214951373579,100000000.0,2,0.0625,0.8,3.6757441529997978e-06,0.04475094888441368,6.043776576110045,3.6757441529997973e-06,stochastic_proposal_reached,True
Peak,v913_paper_peak01_0242980_persistent_sites,735.9214951373579,100000000.0,2,0.0625,1.0,4.594680191249747e-06,0.04475094888441368,6.043776576110045,4.594680191249747e-06,stochastic_proposal_reached,True
Peak,v913_paper_peak01_0242980_persistent_sites,735.9214951373579,100000000.0,2,0.0625,1.25,5.743350239062183e-06,0.041954014579137826,6.043776576110045,5.743350239062183e-06,stochastic_proposal_reached,True
Peak,v913_paper_peak01_0242980_persistent_sites,735.9214951373579,100000000.0,2,0.0625,1.5,6.89202028687462e-06,0.03356321166331026,6.043776576110045,6.89202028687462e-06,stochastic_proposal_reached,True
Peak,v913_paper_peak01_0242980_persistent_sites,735.9214951373579,100000000.0,2,0.0625,2.0,9.189360382499494e-06,0.04475094888441368,6.043776576110045,9.189360382499494e-06,stochastic_proposal_reached,True
Peak,v913_paper_peak01_0242980_persistent_sites,735.9214951373579,100000000.0,2,0.0625,2.5,1.1486700478124366e-05,0.060249258457034216,6.043776576110045,1.1486700478124366e-05,stochastic_proposal_reached,True
Peak,v913_paper_peak01_0242980_persistent_sites,735.9214951373579,100000000.0,2,0.0625,3.0,1.378404057374924e-05,0.060249258457034216,6.043776576110045,1.378404057374924e-05,stochastic_proposal_reached,True
Peak,v913_paper_peak01_0242980_persistent_sites,735.9214951373579,100000000.0,2,0.0625,3.5,1.6081380669374112e-05,0.060249258457034216,6.043776576110045,1.6081380669374112e-05,stochastic_proposal_reached,True
Peak,v913_paper_peak01_0242980_persistent_sites,735.9214951373579,100000000.0,2,0.0625,3.99,1.833277396308649e-05,0.060249258457034216,6.043776576110045,1.833277396308649e-05,stochastic_proposal_reached,True
Peak,v913_paper_peak01_0242980_persistent_sites,735.9214951373579,100000000.0,2,0.0625,4.0,1.8378720764998988e-05,0.060249258457034216,6.043776576110045,1.8378720764998988e-05,stochastic_proposal_reached,True
Peak,v913_paper_peak01_0242980_persistent_sites,735.9214951373579,100000000.0,2,0.0625,8.0,1.8378720764998988e-05,0.060249258457034216,6.043776576110045,1.8378720764998988e-05,stochastic_proposal_reached,True
Peak,v913_paper_peak01_0242980_persistent_sites,735.9214951373579,100000000.0,3,0.09375,0.1,2.2973400956248734e-06,0.03941476702600391,6.510700950488033,2.2973400956248734e-06,stochastic_proposal_reached,True
Peak,v913_paper_peak01_0242980_persistent_sites,735.9214951373579,100000000.0,3,0.09375,0.3,2.2973400956248734e-06,0.03941476702600391,6.510700950488033,2.2973400956248734e-06,stochastic_proposal_reached,True
Peak,v913_paper_peak01_0242980_persistent_sites,735.9214951373579,100000000.0,3,0.09375,0.49,2.2973400956248734e-06,0.03941476702600391,6.510700950488033,2.2973400956248734e-06,stochastic_proposal_reached,True
Peak,v913_paper_peak01_0242980_persistent_sites,735.9214951373579,100000000.0,3,0.09375,0.5,2.2973400956248734e-06,0.03941476702600391,6.510700950488033,2.2973400956248734e-06,stochastic_proposal_reached,True
Peak,v913_paper_peak01_0242980_persistent_sites,735.9214951373579,100000000.0,3,0.09375,0.6,2.7568081147498482e-06,0.0413855053773041,6.510700950488033,2.7568081147498482e-06,stochastic_proposal_reached,True
Peak,v913_paper_peak01_0242980_persistent_sites,735.9214951373579,100000000.0,3,0.09375,0.8,3.6757441529997978e-06,0.03941476702600391,6.510700950488033,3.6757441529997973e-06,stochastic_proposal_reached,True
Peak,v913_paper_peak01_0242980_persistent_sites,735.9214951373579,100000000.0,3,0.09375,1.0,4.594680191249747e-06,0.03941476702600391,6.510700950488033,4.594680191249747e-06,stochastic_proposal_reached,True
Peak,v913_paper_peak01_0242980_persistent_sites,735.9214951373579,100000000.0,3,0.09375,1.25,5.743350239062183e-06,0.03695134408687867,6.510700950488033,5.743350239062183e-06,stochastic_proposal_reached,True
Peak,v913_paper_peak01_0242980_persistent_sites,735.9214951373579,100000000.0,3,0.09375,1.5,6.89202028687462e-06,0.029561075269502933,6.510700950488033,6.89202028687462e-06,stochastic_proposal_reached,True
Peak,v913_paper_peak01_0242980_persistent_sites,735.9214951373579,100000000.0,3,0.09375,2.0,9.189360382499494e-06,0.03941476702600391,6.510700950488033,9.189360382499494e-06,stochastic_proposal_reached,True
Peak,v913_paper_peak01_0242980_persistent_sites,735.9214951373579,100000000.0,3,0.09375,2.5,1.1486700478124366e-05,0.05402967958402982,6.510700950488033,1.1486700478124366e-05,stochastic_proposal_reached,True
Peak,v913_paper_peak01_0242980_persistent_sites,735.9214951373579,100000000.0,3,0.09375,3.0,1.378404057374924e-05,0.05402967958402982,6.510700950488033,1.378404057374924e-05,stochastic_proposal_reached,True
Peak,v913_paper_peak01_0242980_persistent_sites,735.9214951373579,100000000.0,3,0.09375,3.5,1.6081380669374112e-05,0.05402967958402982,6.510700950488033,1.6081380669374112e-05,stochastic_proposal_reached,True
Peak,v913_paper_peak01_0242980_persistent_sites,735.9214951373579,100000000.0,3,0.09375,3.99,1.833277396308649e-05,0.05402967958402982,6.510700950488033,1.833277396308649e-05,stochastic_proposal_reached,True
Peak,v913_paper_peak01_0242980_persistent_sites,735.9214951373579,100000000.0,3,0.09375,4.0,1.8378720764998988e-05,0.05402967958402982,6.510700950488033,1.8378720764998988e-05,stochastic_proposal_reached,True
Peak,v913_paper_peak01_0242980_persistent_sites,735.9214951373579,100000000.0,3,0.09375,8.0,1.8378720764998988e-05,0.05402967958402982,6.510700950488033,1.8378720764998988e-05,stochastic_proposal_reached,True
Peak,v913_paper_peak01_0242980_persistent_sites,735.9214951373579,100000000.0,4,0.125,0.1,2.2973400956248734e-06,0.03276802789645732,7.185307561191901,2.2973400956248734e-06,stochastic_proposal_reached,True
Peak,v913_paper_peak01_0242980_persistent_sites,735.9214951373579,100000000.0,4,0.125,0.3,2.2973400956248734e-06,0.03276802789645732,7.185307561191901,2.2973400956248734e-06,stochastic_proposal_reached,True
Peak,v913_paper_peak01_0242980_persistent_sites,735.9214951373579,100000000.0,4,0.125,0.49,2.2973400956248734e-06,0.03276802789645732,7.185307561191901,2.2973400956248734e-06,stochastic_proposal_reached,True
Peak,v913_paper_peak01_0242980_persistent_sites,735.9214951373579,100000000.0,4,0.125,0.5,2.2973400956248734e-06,0.03276802789645732,7.185307561191901,2.2973400956248734e-06,stochastic_proposal_reached,True
Peak,v913_paper_peak01_0242980_persistent_sites,735.9214951373579,100000000.0,4,0.125,0.6,2.7568081147498482e-06,0.03440642929128019,7.185307561191901,2.7568081147498482e-06,stochastic_proposal_reached,True
Peak,v913_paper_peak01_0242980_persistent_sites,735.9214951373579,100000000.0,4,0.125,0.8,3.6757441529997978e-06,0.03276802789645732,7.185307561191901,3.6757441529997973e-06,stochastic_proposal_reached,True
Peak,v913_paper_peak01_0242980_persistent_sites,735.9214951373579,100000000.0,4,0.125,1.0,4.594680191249747e-06,0.03276802789645732,7.185307561191901,4.594680191249747e-06,stochastic_proposal_reached,True
Peak,v913_paper_peak01_0242980_persistent_sites,735.9214951373579,100000000.0,4,0.125,1.25,5.743350239062183e-06,0.030720026152928744,7.185307561191901,5.743350239062183e-06,stochastic_proposal_reached,True
Peak,v913_paper_peak01_0242980_persistent_sites,735.9214951373579,100000000.0,4,0.125,1.5,6.89202028687462e-06,0.024576020922342994,7.185307561191901,6.89202028687462e-06,stochastic_proposal_reached,True
Peak,v913_paper_peak01_0242980_persistent_sites,735.9214951373579,100000000.0,4,0.125,2.0,9.189360382499494e-06,0.03276802789645732,7.185307561191901,9.189360382499494e-06,stochastic_proposal_reached,True
Peak,v913_paper_peak01_0242980_persistent_sites,735.9214951373579,100000000.0,4,0.125,2.5,1.1486700478124366e-05,0.046197813702850254,7.185307561191901,1.1486700478124366e-05,stochastic_proposal_reached,True
Peak,v913_paper_peak01_0242980_persistent_sites,735.9214951373579,100000000.0,4,0.125,3.0,1.378404057374924e-05,0.046197813702850254,7.185307561191901,1.378404057374924e-05,stochastic_proposal_reached,True
Peak,v913_paper_peak01_0242980_persistent_sites,735.9214951373579,100000000.0,4,0.125,3.5,1.6081380669374112e-05,0.046197813702850254,7.185307561191901,1.6081380669374112e-05,stochastic_proposal_reached,True
Peak,v913_paper_peak01_0242980_persistent_sites,735.9214951373579,100000000.0,4,0.125,3.99,1.833277396308649e-05,0.046197813702850254,7.185307561191901,1.833277396308649e-05,stochastic_proposal_reached,True
Peak,v913_paper_peak01_0242980_persistent_sites,735.9214951373579,100000000.0,4,0.125,4.0,1.8378720764998988e-05,0.046197813702850254,7.185307561191901,1.8378720764998988e-05,stochastic_proposal_reached,True
Peak,v913_paper_peak01_0242980_persistent_sites,735.9214951373579,100000000.0,4,0.125,8.0,1.8378720764998988e-05,0.046197813702850254,7.185307561191901,1.8378720764998988e-05,stochastic_proposal_reached,True
Peak,v913_paper_peak01_0242980_persistent_sites,735.9214951373579,100000000.0,5,0.15625,0.1,2.2973400956248734e-06,0.02549797098486219,8.080383401385077,2.2973400956248734e-06,stochastic_proposal_reached,True
Peak,v913_paper_peak01_0242980_persistent_sites,735.9214951373579,100000000.0,5,0.15625,0.3,2.2973400956248734e-06,0.02549797098486219,8.080383401385077,2.2973400956248734e-06,stochastic_proposal_reached,True
Peak,v913_paper_peak01_0242980_persistent_sites,735.9214951373579,100000000.0,5,0.15625,0.49,2.2973400956248734e-06,0.02549797098486219,8.080383401385077,2.2973400956248734e-06,stochastic_proposal_reached,True
Peak,v913_paper_peak01_0242980_persistent_sites,735.9214951373579,100000000.0,5,0.15625,0.5,2.2973400956248734e-06,0.02549797098486219,8.080383401385077,2.2973400956248734e-06,stochastic_proposal_reached,True
Peak,v913_paper_peak01_0242980_persistent_sites,735.9214951373579,100000000.0,5,0.15625,0.6,2.7568081147498482e-06,0.0267728695341053,8.080383401385077,2.7568081147498482e-06,stochastic_proposal_reached,True
Peak,v913_paper_peak01_0242980_persistent_sites,735.9214951373579,100000000.0,5,0.15625,0.8,3.6757441529997978e-06,0.02549797098486219,8.080383401385077,3.6757441529997973e-06,stochastic_proposal_reached,True
Peak,v913_paper_peak01_0242980_persistent_sites,735.9214951373579,100000000.0,5,0.15625,1.0,4.594680191249747e-06,0.02549797098486219,8.080383401385077,4.594680191249747e-06,stochastic_proposal_reached,True
Peak,v913_paper_peak01_0242980_persistent_sites,735.9214951373579,100000000.0,5,0.15625,1.25,5.743350239062183e-06,0.023904347798308304,8.080383401385077,5.743350239062183e-06,stochastic_proposal_reached,True
Peak,v913_paper_peak01_0242980_persistent_sites,735.9214951373579,100000000.0,5,0.15625,1.5,6.89202028687462e-06,0.019123478238646643,8.080383401385077,6.89202028687462e-06,stochastic_proposal_reached,True
Peak,v913_paper_peak01_0242980_persistent_sites,735.9214951373579,100000000.0,5,0.15625,2.0,9.189360382499494e-06,0.02549797098486219,8.080383401385077,9.189360382499494e-06,stochastic_proposal_reached,True
Peak,v913_paper_peak01_0242980_persistent_sites,735.9214951373579,100000000.0,5,0.15625,2.5,1.1486700478124366e-05,0.037489453599846456,8.080383401385077,1.1486700478124366e-05,stochastic_proposal_reached,True
Peak,v913_paper_peak01_0242980_persistent_sites,735.9214951373579,100000000.0,5,0.15625,3.0,1.378404057374924e-05,0.037489453599846456,8.080383401385077,1.378404057374924e-05,stochastic_proposal_reached,True
Peak,v913_paper_peak01_0242980_persistent_sites,735.9214951373579,100000000.0,5,0.15625,3.5,1.6081380669374112e-05,0.037489453599846456,8.080383401385077,1.6081380669374112e-05,stochastic_proposal_reached,True
Peak,v913_paper_peak01_0242980_persistent_sites,735.9214951373579,100000000.0,5,0.15625,3.99,1.833277396308649e-05,0.037489453599846456,8.080383401385077,1.833277396308649e-05,stochastic_proposal_reached,True
Peak,v913_paper_peak01_0242980_persistent_sites,735.9214951373579,100000000.0,5,0.15625,4.0,1.8378720764998988e-05,0.037489453599846456,8.080383401385077,1.8378720764998988e-05,stochastic_proposal_reached,True
Peak,v913_paper_peak01_0242980_persistent_sites,735.9214951373579,100000000.0,5,0.15625,8.0,1.8378720764998988e-05,0.037489453599846456,8.080383401385077,1.8378720764998988e-05,stochastic_proposal_reached,True
Peak,v913_paper_peak01_0242980_persistent_sites,735.9214951373579,100000000.0,6,0.1875,0.1,2.2973400956248734e-06,0.018315789533110163,9.199411947003039,2.2973400956248734e-06,stochastic_proposal_reached,True
Peak,v913_paper_peak01_0242980_persistent_sites,735.9214951373579,100000000.0,6,0.1875,0.3,2.2973400956248734e-06,0.018315789533110163,9.199411947003039,2.2973400956248734e-06,stochastic_proposal_reached,True
Peak,v913_paper_peak01_0242980_persistent_sites,735.9214951373579,100000000.0,6,0.1875,0.49,2.2973400956248734e-06,0.018315789533110163,9.199411947003039,2.2973400956248734e-06,stochastic_proposal_reached,True
Peak,v913_paper_peak01_0242980_persistent_sites,735.9214951373579,100000000.0,6,0.1875,0.5,2.2973400956248734e-06,0.018315789533110163,9.199411947003039,2.2973400956248734e-06,stochastic_proposal_reached,True
Peak,v913_paper_peak01_0242980_persistent_sites,735.9214951373579,100000000.0,6,0.1875,0.6,2.7568081147498482e-06,0.019231579009765673,9.199411947003039,2.7568081147498482e-06,stochastic_proposal_reached,True
Peak,v913_paper_peak01_0242980_persistent_sites,735.9214951373579,100000000.0,6,0.1875,0.8,3.6757441529997978e-06,0.018315789533110163,9.199411947003039,3.6757441529997973e-06,stochastic_proposal_reached,True
Peak,v913_paper_peak01_0242980_persistent_sites,735.9214951373579,100000000.0,6,0.1875,1.0,4.594680191249747e-06,0.018315789533110163,9.199411947003039,4.594680191249747e-06,stochastic_proposal_reached,True
Peak,v913_paper_peak01_0242980_persistent_sites,735.9214951373579,100000000.0,6,0.1875,1.25,5.743350239062183e-06,0.01717105268729078,9.199411947003039,5.743350239062183e-06,stochastic_proposal_reached,True
Peak,v913_paper_peak01_0242980_persistent_sites,735.9214951373579,100000000.0,6,0.1875,1.5,6.89202028687462e-06,0.013736842149832625,9.199411947003039,6.89202028687462e-06,stochastic_proposal_reached,True
Peak,v913_paper_peak01_0242980_persistent_sites,735.9214951373579,100000000.0,6,0.1875,2.0,9.189360382499494e-06,0.018315789533110163,9.199411947003039,9.189360382499494e-06,stochastic_proposal_reached,True
Peak,v913_paper_peak01_0242980_persistent_sites,735.9214951373579,100000000.0,6,0.1875,2.5,1.1486700478124366e-05,0.028674075242774322,9.199411947003039,1.1486700478124366e-05,stochastic_proposal_reached,True
Peak,v913_paper_peak01_0242980_persistent_sites,735.9214951373579,100000000.0,6,0.1875,3.0,1.378404057374924e-05,0.028674075242774322,9.199411947003039,1.378404057374924e-05,stochastic_proposal_reached,True
Peak,v913_paper_peak01_0242980_persistent_sites,735.9214951373579,100000000.0,6,0.1875,3.5,1.6081380669374112e-05,0.028674075242774322,9.199411947003039,1.6081380669374112e-05,stochastic_proposal_reached,True
Peak,v913_paper_peak01_0242980_persistent_sites,735.9214951373579,100000000.0,6,0.1875,3.99,1.833277396308649e-05,0.028674075242774322,9.199411947003039,1.833277396308649e-05,stochastic_proposal_reached,True
Peak,v913_paper_peak01_0242980_persistent_sites,735.9214951373579,100000000.0,6,0.1875,4.0,1.8378720764998988e-05,0.028674075242774322,9.199411947003039,1.8378720764998988e-05,stochastic_proposal_reached,True
Peak,v913_paper_peak01_0242980_persistent_sites,735.9214951373579,100000000.0,6,0.1875,8.0,1.8378720764998988e-05,0.028674075242774322,9.199411947003039,1.8378720764998988e-05,stochastic_proposal_reached,True
Peak,v913_paper_peak01_0242980_persistent_sites,735.9214951373579,100000000.0,7,0.21875,0.1,2.2973400956248734e-06,0.011863560767708307,10.525630600473793,2.2973400956248734e-06,stochastic_proposal_reached,True
Peak,v913_paper_peak01_0242980_persistent_sites,735.9214951373579,100000000.0,7,0.21875,0.3,2.2973400956248734e-06,0.011863560767708307,10.525630600473793,2.2973400956248734e-06,stochastic_proposal_reached,True
Peak,v913_paper_peak01_0242980_persistent_sites,735.9214951373579,100000000.0,7,0.21875,0.49,2.2973400956248734e-06,0.011863560767708307,10.525630600473793,2.2973400956248734e-06,stochastic_proposal_reached,True
Peak,v913_paper_peak01_0242980_persistent_sites,735.9214951373579,100000000.0,7,0.21875,0.5,2.2973400956248734e-06,0.011863560767708307,10.525630600473793,2.2973400956248734e-06,stochastic_proposal_reached,True
Peak,v913_paper_peak01_0242980_persistent_sites,735.9214951373579,100000000.0,7,0.21875,0.6,2.7568081147498482e-06,0.012456738806093723,10.525630600473793,2.7568081147498482e-06,stochastic_proposal_reached,True
Peak,v913_paper_peak01_0242980_persistent_sites,735.9214951373579,100000000.0,7,0.21875,0.8,3.6757441529997978e-06,0.011863560767708307,10.525630600473793,3.6757441529997973e-06,stochastic_proposal_reached,True
Peak,v913_paper_peak01_0242980_persistent_sites,735.9214951373579,100000000.0,7,0.21875,1.0,4.594680191249747e-06,0.011863560767708307,10.525630600473793,4.594680191249747e-06,stochastic_proposal_reached,True
Peak,v913_paper_peak01_0242980_persistent_sites,735.9214951373579,100000000.0,7,0.21875,1.25,5.743350239062183e-06,0.01112208821972654,10.525630600473793,5.743350239062183e-06,stochastic_proposal_reached,True
Peak,v913_paper_peak01_0242980_persistent_sites,735.9214951373579,100000000.0,7,0.21875,1.5,6.89202028687462e-06,0.008897670575781232,10.525630600473793,6.89202028687462e-06,stochastic_proposal_reached,True
Peak,v913_paper_peak01_0242980_persistent_sites,735.9214951373579,100000000.0,7,0.21875,2.0,9.189360382499494e-06,0.011863560767708307,10.525630600473793,9.189360382499494e-06,stochastic_proposal_reached,True
Peak,v913_paper_peak01_0242980_persistent_sites,735.9214951373579,100000000.0,7,0.21875,2.5,1.1486700478124366e-05,0.020459070064823948,10.525630600473793,1.1486700478124366e-05,stochastic_proposal_reached,True
Peak,v913_paper_peak01_0242980_persistent_sites,735.9214951373579,100000000.0,7,0.21875,3.0,1.378404057374924e-05,0.020459070064823948,10.525630600473793,1.378404057374924e-05,stochastic_proposal_reached,True
Peak,v913_paper_peak01_0242980_persistent_sites,735.9214951373579,100000000.0,7,0.21875,3.5,1.6081380669374112e-05,0.020459070064823948,10.525630600473793,1.6081380669374112e-05,stochastic_proposal_reached,True
Peak,v913_paper_peak01_0242980_persistent_sites,735.9214951373579,100000000.0,7,0.21875,3.99,1.833277396308649e-05,0.020459070064823948,10.525630600473793,1.833277396308649e-05,stochastic_proposal_reached,True
Peak,v913_paper_peak01_0242980_persistent_sites,735.9214951373579,100000000.0,7,0.21875,4.0,1.8378720764998988e-05,0.020459070064823948,10.525630600473793,1.8378720764998988e-05,stochastic_proposal_reached,True
Peak,v913_paper_peak01_0242980_persistent_sites,735.9214951373579,100000000.0,7,0.21875,8.0,1.8378720764998988e-05,0.020459070064823948,10.525630600473793,1.8378720764998988e-05,stochastic_proposal_reached,True
Peak,v913_paper_peak01_0242980_persistent_sites,735.9214951373579,100000000.0,8,0.25,0.1,2.2973400956248734e-06,0.006633840389760938,12.009458617995046,2.2973400956248734e-06,stochastic_proposal_reached,True
Peak,v913_paper_peak01_0242980_persistent_sites,735.9214951373579,100000000.0,8,0.25,0.3,2.2973400956248734e-06,0.006633840389760938,12.009458617995046,2.2973400956248734e-06,stochastic_proposal_reached,True
Peak,v913_paper_peak01_0242980_persistent_sites,735.9214951373579,100000000.0,8,0.25,0.49,2.2973400956248734e-06,0.006633840389760938,12.009458617995046,2.2973400956248734e-06,stochastic_proposal_reached,True
Peak,v913_paper_peak01_0242980_persistent_sites,735.9214951373579,100000000.0,8,0.25,0.5,2.2973400956248734e-06,0.006633840389760938,12.009458617995046,2.2973400956248734e-06,stochastic_proposal_reached,True
Peak,v913_paper_peak01_0242980_persistent_sites,735.9214951373579,100000000.0,8,0.25,0.6,2.7568081147498482e-06,0.0069655324092489845,12.009458617995046,2.7568081147498482e-06,stochastic_proposal_reached,True
Peak,v913_paper_peak01_0242980_persistent_sites,735.9214951373579,100000000.0,8,0.25,0.8,3.6757441529997978e-06,0.006633840389760938,12.009458617995046,3.6757441529997973e-06,stochastic_proposal_reached,True
Peak,v913_paper_peak01_0242980_persistent_sites,735.9214951373579,100000000.0,8,0.25,1.0,4.594680191249747e-06,0.006633840389760938,12.009458617995046,4.594680191249747e-06,stochastic_proposal_reached,True
Peak,v913_paper_peak01_0242980_persistent_sites,735.9214951373579,100000000.0,8,0.25,1.25,5.743350239062183e-06,0.00621922536540088,12.009458617995046,5.743350239062183e-06,stochastic_proposal_reached,True
Peak,v913_paper_peak01_0242980_persistent_sites,735.9214951373579,100000000.0,8,0.25,1.5,6.89202028687462e-06,0.004975380292320704,12.009458617995046,6.89202028687462e-06,stochastic_proposal_reached,True
Peak,v913_paper_peak01_0242980_persistent_sites,735.9214951373579,100000000.0,8,0.25,2.0,9.189360382499494e-06,0.006633840389760938,12.009458617995046,9.189360382499494e-06,stochastic_proposal_reached,True
Peak,v913_paper_peak01_0242980_persistent_sites,735.9214951373579,100000000.0,8,0.25,2.5,1.1486700478124366e-05,0.013406441043990469,12.009458617995046,1.1486700478124366e-05,stochastic_proposal_reached,True
Peak,v913_paper_peak01_0242980_persistent_sites,735.9214951373579,100000000.0,8,0.25,3.0,1.378404057374924e-05,0.013406441043990469,12.009458617995046,1.378404057374924e-05,stochastic_proposal_reached,True
Peak,v913_paper_peak01_0242980_persistent_sites,735.9214951373579,100000000.0,8,0.25,3.5,1.6081380669374112e-05,0.013406441043990469,12.009458617995046,1.6081380669374112e-05,stochastic_proposal_reached,True
Peak,v913_paper_peak01_0242980_persistent_sites,735.9214951373579,100000000.0,8,0.25,3.99,1.833277396308649e-05,0.013406441043990469,12.009458617995046,1.833277396308649e-05,stochastic_proposal_reached,True
Peak,v913_paper_peak01_0242980_persistent_sites,735.9214951373579,100000000.0,8,0.25,4.0,1.8378720764998988e-05,0.013406441043990469,12.009458617995046,1.8378720764998988e-05,stochastic_proposal_reached,True
Peak,v913_paper_peak01_0242980_persistent_sites,735.9214951373579,100000000.0,8,0.25,8.0,1.8378720764998988e-05,0.013406441043990469,12.009458617995046,1.8378720764998988e-05,stochastic_proposal_reached,True
Peak,v913_paper_peak01_0242980_persistent_sites,735.9214951373579,100000000.0,9,0.28125,0.1,2.2973400956248734e-06,0.00291349577731763,13.556794176316213,2.2973400956248734e-06,stochastic_proposal_reached,True
Peak,v913_paper_peak01_0242980_persistent_sites,735.9214951373579,100000000.0,9,0.28125,0.3,2.2973400956248734e-06,0.00291349577731763,13.556794176316213,2.2973400956248734e-06,stochastic_proposal_reached,True
Peak,v913_paper_peak01_0242980_persistent_sites,735.9214951373579,100000000.0,9,0.28125,0.49,2.2973400956248734e-06,0.00291349577731763,13.556794176316213,2.2973400956248734e-06,stochastic_proposal_reached,True
Peak,v913_paper_peak01_0242980_persistent_sites,735.9214951373579,100000000.0,9,0.28125,0.5,2.2973400956248734e-06,0.00291349577731763,13.556794176316213,2.2973400956248734e-06,stochastic_proposal_reached,True
Peak,v913_paper_peak01_0242980_persistent_sites,735.9214951373579,100000000.0,9,0.28125,0.6,2.7568081147498482e-06,0.003059170566183511,13.556794176316213,2.7568081147498482e-06,stochastic_proposal_reached,True
Peak,v913_paper_peak01_0242980_persistent_sites,735.9214951373579,100000000.0,9,0.28125,0.8,3.6757441529997978e-06,0.00291349577731763,13.556794176316213,3.6757441529997973e-06,stochastic_proposal_reached,True
Peak,v913_paper_peak01_0242980_persistent_sites,735.9214951373579,100000000.0,9,0.28125,1.0,4.594680191249747e-06,0.00291349577731763,13.556794176316213,4.594680191249747e-06,stochastic_proposal_reached,True
Peak,v913_paper_peak01_0242980_persistent_sites,735.9214951373579,100000000.0,9,0.28125,1.25,5.743350239062183e-06,0.002731402291235278,13.556794176316213,5.743350239062183e-06,stochastic_proposal_reached,True
Peak,v913_paper_peak01_0242980_persistent_sites,735.9214951373579,100000000.0,9,0.28125,1.5,6.89202028687462e-06,0.0023940256624293,13.556794176316213,6.89202028687462e-06,stochastic_proposal_reached,True
Peak,v913_paper_peak01_0242980_persistent_sites,735.9214951373579,100000000.0,9,0.28125,2.0,9.189360382499494e-06,0.00291349577731763,13.556794176316213,9.189360382499494e-06,stochastic_proposal_reached,True
Peak,v913_paper_peak01_0242980_persistent_sites,735.9214951373579,100000000.0,9,0.28125,2.5,1.1486700478124366e-05,0.007873707550062115,13.556794176316213,1.1486700478124366e-05,stochastic_proposal_reached,True
Peak,v913_paper_peak01_0242980_persistent_sites,735.9214951373579,100000000.0,9,0.28125,3.0,1.378404057374924e-05,0.007873707550062115,13.556794176316213,1.378404057374924e-05,stochastic_proposal_reached,True
Peak,v913_paper_peak01_0242980_persistent_sites,735.9214951373579,100000000.0,9,0.28125,3.5,1.6081380669374112e-05,0.007873707550062115,13.556794176316213,1.6081380669374112e-05,stochastic_proposal_reached,True
Peak,v913_paper_peak01_0242980_persistent_sites,735.9214951373579,100000000.0,9,0.28125,3.99,1.833277396308649e-05,0.007873707550062115,13.556794176316213,1.833277396308649e-05,stochastic_proposal_reached,True
Peak,v913_paper_peak01_0242980_persistent_sites,735.9214951373579,100000000.0,9,0.28125,4.0,1.8378720764998988e-05,0.007873707550062115,13.556794176316213,1.8378720764998988e-05,stochastic_proposal_reached,True
Peak,v913_paper_peak01_0242980_persistent_sites,735.9214951373579,100000000.0,9,0.28125,8.0,1.8378720764998988e-05,0.007873707550062115,13.556794176316213,1.8378720764998988e-05,stochastic_proposal_reached,True
Peak,v913_paper_peak01_0242980_persistent_sites,735.9214951373579,100000000.0,10,0.3125,0.1,2.2973400956248734e-06,0.001025679595053397,15.018528696585024,2.2973400956248734e-06,stochastic_proposal_reached,True
Peak,v913_paper_peak01_0242980_persistent_sites,735.9214951373579,100000000.0,10,0.3125,0.3,2.2973400956248734e-06,0.001025679595053397,15.018528696585024,2.2973400956248734e-06,stochastic_proposal_reached,True
Peak,v913_paper_peak01_0242980_persistent_sites,735.9214951373579,100000000.0,10,0.3125,0.49,2.2973400956248734e-06,0.001025679595053397,15.018528696585024,2.2973400956248734e-06,stochastic_proposal_reached,True
Peak,v913_paper_peak01_0242980_persistent_sites,735.9214951373579,100000000.0,10,0.3125,0.5,2.2973400956248734e-06,0.001025679595053397,15.018528696585024,2.2973400956248734e-06,stochastic_proposal_reached,True
Peak,v913_paper_peak01_0242980_persistent_sites,735.9214951373579,100000000.0,10,0.3125,0.6,2.7568081147498482e-06,0.001025679595053397,15.018528696585024,2.7568081147498482e-06,stochastic_proposal_reached,True
Peak,v913_paper_peak01_0242980_persistent_sites,735.9214951373579,100000000.0,10,0.3125,0.8,3.6757441529997978e-06,0.001025679595053397,15.018528696585024,3.6757441529997973e-06,stochastic_proposal_reached,True
Peak,v913_paper_peak01_0242980_persistent_sites,735.9214951373579,100000000.0,10,0.3125,1.0,4.594680191249747e-06,0.001025679595053397,15.018528696585024,4.594680191249747e-06,stochastic_proposal_reached,True
Peak,v913_paper_peak01_0242980_persistent_sites,735.9214951373579,100000000.0,10,0.3125,1.25,5.743350239062183e-06,0.001025679595053397,15.018528696585024,5.743350239062183e-06,stochastic_proposal_reached,True
Peak,v913_paper_peak01_0242980_persistent_sites,735.9214951373579,100000000.0,10,0.3125,1.5,6.89202028687462e-06,0.001025679595053397,15.018528696585024,6.89202028687462e-06,stochastic_proposal_reached,True
Peak,v913_paper_peak01_0242980_persistent_sites,735.9214951373579,100000000.0,10,0.3125,2.0,9.189360382499494e-06,0.001025679595053397,15.018528696585024,9.189360382499494e-06,stochastic_proposal_reached,True
Peak,v913_paper_peak01_0242980_persistent_sites,735.9214951373579,100000000.0,10,0.3125,2.5,1.1486700478124366e-05,0.003986998636737571,15.018528696585024,1.1486700478124366e-05,stochastic_proposal_reached,True
Peak,v913_paper_peak01_0242980_persistent_sites,735.9214951373579,100000000.0,10,0.3125,3.0,1.378404057374924e-05,0.003986998636737571,15.018528696585024,1.378404057374924e-05,stochastic_proposal_reached,True
Peak,v913_paper_peak01_0242980_persistent_sites,735.9214951373579,100000000.0,10,0.3125,3.5,1.6081380669374112e-05,0.003986998636737571,15.018528696585024,1.6081380669374112e-05,stochastic_proposal_reached,True
Peak,v913_paper_peak01_0242980_persistent_sites,735.9214951373579,100000000.0,10,0.3125,3.99,1.833277396308649e-05,0.003986998636737571,15.018528696585024,1.833277396308649e-05,stochastic_proposal_reached,True
Peak,v913_paper_peak01_0242980_persistent_sites,735.9214951373579,100000000.0,10,0.3125,4.0,1.8378720764998988e-05,0.003986998636737571,15.018528696585024,1.8378720764998988e-05,stochastic_proposal_reached,True
Peak,v913_paper_peak01_0242980_persistent_sites,735.9214951373579,100000000.0,10,0.3125,8.0,1.8378720764998988e-05,0.003986998636737571,15.018528696585024,1.8378720764998988e-05,stochastic_proposal_reached,True
Peak,v913_paper_peak01_0242980_persistent_sites,735.9214951373579,100000000.0,11,0.34375,0.1,2.2973400956248734e-06,0.0003113782968728884,16.142285930835364,2.2973400956248734e-06,stochastic_proposal_reached,True
Peak,v913_paper_peak01_0242980_persistent_sites,735.9214951373579,100000000.0,11,0.34375,0.3,2.2973400956248734e-06,0.0003113782968728884,16.142285930835364,2.2973400956248734e-06,stochastic_proposal_reached,True
Peak,v913_paper_peak01_0242980_persistent_sites,735.9214951373579,100000000.0,11,0.34375,0.49,2.2973400956248734e-06,0.0003113782968728884,16.142285930835364,2.2973400956248734e-06,stochastic_proposal_reached,True
Peak,v913_paper_peak01_0242980_persistent_sites,735.9214951373579,100000000.0,11,0.34375,0.5,2.2973400956248734e-06,0.0003113782968728884,16.142285930835364,2.2973400956248734e-06,stochastic_proposal_reached,True
Peak,v913_paper_peak01_0242980_persistent_sites,735.9214951373579,100000000.0,11,0.34375,0.6,2.7568081147498482e-06,0.0003113782968728884,16.142285930835364,2.7568081147498482e-06,stochastic_proposal_reached,True
Peak,v913_paper_peak01_0242980_persistent_sites,735.9214951373579,100000000.0,11,0.34375,0.8,3.6757441529997978e-06,0.0003113782968728884,16.142285930835364,3.6757441529997973e-06,stochastic_proposal_reached,True
Peak,v913_paper_peak01_0242980_persistent_sites,735.9214951373579,100000000.0,11,0.34375,1.0,4.594680191249747e-06,0.0003113782968728884,16.142285930835364,4.594680191249747e-06,stochastic_proposal_reached,True
Peak,v913_paper_peak01_0242980_persistent_sites,735.9214951373579,100000000.0,11,0.34375,1.25,5.743350239062183e-06,0.0003113782968728884,16.142285930835364,5.743350239062183e-06,stochastic_proposal_reached,True
Peak,v913_paper_peak01_0242980_persistent_sites,735.9214951373579,100000000.0,11,0.34375,1.5,6.89202028687462e-06,0.0003113782968728884,16.142285930835364,6.89202028687462e-06,stochastic_proposal_reached,True
Peak,v913_paper_peak01_0242980_persistent_sites,735.9214951373579,100000000.0,11,0.34375,2.0,9.189360382499494e-06,0.0003113782968728884,16.142285930835364,9.189360382499494e-06,stochastic_proposal_reached,True
Peak,v913_paper_peak01_0242980_persistent_sites,735.9214951373579,100000000.0,11,0.34375,2.5,1.1486700478124366e-05,0.001649373411829469,16.142285930835364,1.1486700478124366e-05,stochastic_proposal_reached,True
Peak,v913_paper_peak01_0242980_persistent_sites,735.9214951373579,100000000.0,11,0.34375,3.0,1.378404057374924e-05,0.001649373411829469,16.142285930835364,1.378404057374924e-05,stochastic_proposal_reached,True
Peak,v913_paper_peak01_0242980_persistent_sites,735.9214951373579,100000000.0,11,0.34375,3.5,1.6081380669374112e-05,0.001649373411829469,16.142285930835364,1.6081380669374112e-05,stochastic_proposal_reached,True
Peak,v913_paper_peak01_0242980_persistent_sites,735.9214951373579,100000000.0,11,0.34375,3.99,1.833277396308649e-05,0.001649373411829469,16.142285930835364,1.833277396308649e-05,stochastic_proposal_reached,True
Peak,v913_paper_peak01_0242980_persistent_sites,735.9214951373579,100000000.0,11,0.34375,4.0,1.8378720764998988e-05,0.001649373411829469,16.142285930835364,1.8378720764998988e-05,stochastic_proposal_reached,True
Peak,v913_paper_peak01_0242980_persistent_sites,735.9214951373579,100000000.0,11,0.34375,8.0,1.8378720764998988e-05,0.001649373411829469,16.142285930835364,1.8378720764998988e-05,stochastic_proposal_reached,True
Peak,v913_paper_peak01_0242980_persistent_sites,735.9214951373579,100000000.0,12,0.375,0.1,2.2973400956248734e-06,0.0001166025866383702,16.226685260645713,2.2973400956248734e-06,stochastic_proposal_reached,True
Peak,v913_paper_peak01_0242980_persistent_sites,735.9214951373579,100000000.0,12,0.375,0.3,2.2973400956248734e-06,0.0001166025866383702,16.226685260645713,2.2973400956248734e-06,stochastic_proposal_reached,True
Peak,v913_paper_peak01_0242980_persistent_sites,735.9214951373579,100000000.0,12,0.375,0.49,2.2973400956248734e-06,0.0001166025866383702,16.226685260645713,2.2973400956248734e-06,stochastic_proposal_reached,True
Peak,v913_paper_peak01_0242980_persistent_sites,735.9214951373579,100000000.0,12,0.375,0.5,2.2973400956248734e-06,0.0001166025866383702,16.226685260645713,2.2973400956248734e-06,stochastic_proposal_reached,True
Peak,v913_paper_peak01_0242980_persistent_sites,735.9214951373579,100000000.0,12,0.375,0.6,2.7568081147498482e-06,0.0001166025866383702,16.226685260645713,2.7568081147498482e-06,stochastic_proposal_reached,True
Peak,v913_paper_peak01_0242980_persistent_sites,735.9214951373579,100000000.0,12,0.375,0.8,3.6757441529997978e-06,0.0001166025866383702,16.226685260645713,3.6757441529997973e-06,stochastic_proposal_reached,True
Peak,v913_paper_peak01_0242980_persistent_sites,735.9214951373579,100000000.0,12,0.375,1.0,4.594680191249747e-06,0.0001166025866383702,16.226685260645713,4.594680191249747e-06,stochastic_proposal_reached,True
Peak,v913_paper_peak01_0242980_persistent_sites,735.9214951373579,100000000.0,12,0.375,1.25,5.743350239062183e-06,0.0001166025866383702,16.226685260645713,5.743350239062183e-06,stochastic_proposal_reached,True
Peak,v913_paper_peak01_0242980_persistent_sites,735.9214951373579,100000000.0,12,0.375,1.5,6.89202028687462e-06,0.0001166025866383702,16.226685260645713,6.89202028687462e-06,stochastic_proposal_reached,True
Peak,v913_paper_peak01_0242980_persistent_sites,735.9214951373579,100000000.0,12,0.375,2.0,9.189360382499494e-06,0.0001166025866383702,16.226685260645713,7.1858537649646076e-06,hazard_derived_energy_arrest,True
Peak,v913_paper_peak01_0242980_persistent_sites,735.9214951373579,100000000.0,12,0.375,2.5,1.1486700478124366e-05,0.0001166025866383702,16.226685260645713,7.185853723884966e-06,hazard_derived_energy_arrest,True
Peak,v913_paper_peak01_0242980_persistent_sites,735.9214951373579,100000000.0,12,0.375,3.0,1.378404057374924e-05,0.0001166025866383702,16.226685260645713,7.1858537649646076e-06,hazard_derived_energy_arrest,True
Peak,v913_paper_peak01_0242980_persistent_sites,735.9214951373579,100000000.0,12,0.375,3.5,1.6081380669374112e-05,0.0001166025866383702,16.226685260645713,7.185853696498538e-06,hazard_derived_energy_arrest,True
Peak,v913_paper_peak01_0242980_persistent_sites,735.9214951373579,100000000.0,12,0.375,3.99,1.833277396308649e-05,0.0001166025866383702,16.226685260645713,7.185853750175936e-06,hazard_derived_energy_arrest,True
Peak,v913_paper_peak01_0242980_persistent_sites,735.9214951373579,100000000.0,12,0.375,4.0,1.8378720764998988e-05,0.0001166025866383702,16.226685260645713,7.1858537649646076e-06,hazard_derived_energy_arrest,True
Peak,v913_paper_peak01_0242980_persistent_sites,735.9214951373579,100000000.0,12,0.375,8.0,1.8378720764998988e-05,0.0001166025866383702,16.226685260645713,7.1858537649646076e-06,hazard_derived_energy_arrest,True
Peak,v913_paper_peak01_0242980_persistent_sites,735.9214951373579,100000000.0,13,0.40625,0.1,2.2973400956248734e-06,0.00025778167575096766,16.226685260645713,2.2973400956248734e-06,stochastic_proposal_reached,True
Peak,v913_paper_peak01_0242980_persistent_sites,735.9214951373579,100000000.0,13,0.40625,0.3,2.2973400956248734e-06,0.00025778167575096766,16.226685260645713,2.2973400956248734e-06,stochastic_proposal_reached,True
Peak,v913_paper_peak01_0242980_persistent_sites,735.9214951373579,100000000.0,13,0.40625,0.49,2.2973400956248734e-06,0.00025778167575096766,16.226685260645713,2.2973400956248734e-06,stochastic_proposal_reached,True
Peak,v913_paper_peak01_0242980_persistent_sites,735.9214951373579,100000000.0,13,0.40625,0.5,2.2973400956248734e-06,0.00025778167575096766,16.226685260645713,2.2973400956248734e-06,stochastic_proposal_reached,True
Peak,v913_paper_peak01_0242980_persistent_sites,735.9214951373579,100000000.0,13,0.40625,0.6,2.7568081147498482e-06,0.00025778167575096766,16.226685260645713,2.7568081147498482e-06,stochastic_proposal_reached,True
Peak,v913_paper_peak01_0242980_persistent_sites,735.9214951373579,100000000.0,13,0.40625,0.8,3.6757441529997978e-06,0.00025778167575096766,16.226685260645713,3.6757441529997973e-06,stochastic_proposal_reached,True
Peak,v913_paper_peak01_0242980_persistent_sites,735.9214951373579,100000000.0,13,0.40625,1.0,4.594680191249747e-06,0.00025778167575096766,16.226685260645713,4.594680191249747e-06,stochastic_proposal_reached,True
Peak,v913_paper_peak01_0242980_persistent_sites,735.9214951373579,100000000.0,13,0.40625,1.25,5.743350239062183e-06,0.00025778167575096766,16.226685260645713,5.743350239062183e-06,stochastic_proposal_reached,True
Peak,v913_paper_peak01_0242980_persistent_sites,735.9214951373579,100000000.0,13,0.40625,1.5,6.89202028687462e-06,0.00025778167575096766,16.226685260645713,6.89202028687462e-06,stochastic_proposal_reached,True
Peak,v913_paper_peak01_0242980_persistent_sites,735.9214951373579,100000000.0,13,0.40625,2.0,9.189360382499494e-06,0.00025778167575096766,16.226685260645713,9.189360382499494e-06,stochastic_proposal_reached,True
Peak,v913_paper_peak01_0242980_persistent_sites,735.9214951373579,100000000.0,13,0.40625,2.5,1.1486700478124366e-05,0.00039120904025413683,16.226685260645713,1.1486700478124366e-05,stochastic_proposal_reached,True
Peak,v913_paper_peak01_0242980_persistent_sites,735.9214951373579,100000000.0,13,0.40625,3.0,1.378404057374924e-05,0.00039120904025413683,16.226685260645713,1.378404057374924e-05,stochastic_proposal_reached,True
Peak,v913_paper_peak01_0242980_persistent_sites,735.9214951373579,100000000.0,13,0.40625,3.5,1.6081380669374112e-05,0.00039120904025413683,16.226685260645713,1.6081380669374112e-05,stochastic_proposal_reached,True
Peak,v913_paper_peak01_0242980_persistent_sites,735.9214951373579,100000000.0,13,0.40625,3.99,1.833277396308649e-05,0.00039120904025413683,16.226685260645713,1.833277396308649e-05,stochastic_proposal_reached,True
Peak,v913_paper_peak01_0242980_persistent_sites,735.9214951373579,100000000.0,13,0.40625,4.0,1.8378720764998988e-05,0.00039120904025413683,16.226685260645713,1.8378720764998988e-05,stochastic_proposal_reached,True
Peak,v913_paper_peak01_0242980_persistent_sites,735.9214951373579,100000000.0,13,0.40625,8.0,1.8378720764998988e-05,0.00039120904025413683,16.226685260645713,1.8378720764998988e-05,stochastic_proposal_reached,True
Peak,v913_paper_peak01_0242980_persistent_sites,735.9214951373579,100000000.0,14,0.4375,0.1,2.2973400956248734e-06,0.0005384342210779658,16.226685260645713,2.2973400956248734e-06,stochastic_proposal_reached,True
Peak,v913_paper_peak01_0242980_persistent_sites,735.9214951373579,100000000.0,14,0.4375,0.3,2.2973400956248734e-06,0.0005384342210779658,16.226685260645713,2.2973400956248734e-06,stochastic_proposal_reached,True
Peak,v913_paper_peak01_0242980_persistent_sites,735.9214951373579,100000000.0,14,0.4375,0.49,2.2973400956248734e-06,0.0005384342210779658,16.226685260645713,2.2973400956248734e-06,stochastic_proposal_reached,True
Peak,v913_paper_peak01_0242980_persistent_sites,735.9214951373579,100000000.0,14,0.4375,0.5,2.2973400956248734e-06,0.0005384342210779658,16.226685260645713,2.2973400956248734e-06,stochastic_proposal_reached,True
Peak,v913_paper_peak01_0242980_persistent_sites,735.9214951373579,100000000.0,14,0.4375,0.6,2.7568081147498482e-06,0.0005384342210779658,16.226685260645713,2.7568081147498482e-06,stochastic_proposal_reached,True
Peak,v913_paper_peak01_0242980_persistent_sites,735.9214951373579,100000000.0,14,0.4375,0.8,3.6757441529997978e-06,0.0005384342210779658,16.226685260645713,3.6757441529997973e-06,stochastic_proposal_reached,True
Peak,v913_paper_peak01_0242980_persistent_sites,735.9214951373579,100000000.0,14,0.4375,1.0,4.594680191249747e-06,0.0005384342210779658,16.226685260645713,4.594680191249747e-06,stochastic_proposal_reached,True
Peak,v913_paper_peak01_0242980_persistent_sites,735.9214951373579,100000000.0,14,0.4375,1.25,5.743350239062183e-06,0.0005384342210779658,16.226685260645713,5.743350239062183e-06,stochastic_proposal_reached,True
Peak,v913_paper_peak01_0242980_persistent_sites,735.9214951373579,100000000.0,14,0.4375,1.5,6.89202028687462e-06,0.0005384342210779658,16.226685260645713,6.89202028687462e-06,stochastic_proposal_reached,True
Peak,v913_paper_peak01_0242980_persistent_sites,735.9214951373579,100000000.0,14,0.4375,2.0,9.189360382499494e-06,0.0005384342210779658,16.226685260645713,9.189360382499494e-06,stochastic_proposal_reached,True
Peak,v913_paper_peak01_0242980_persistent_sites,735.9214951373579,100000000.0,14,0.4375,2.5,1.1486700478124366e-05,0.0006493832994018955,16.226685260645713,1.1486700478124366e-05,stochastic_proposal_reached,True
Peak,v913_paper_peak01_0242980_persistent_sites,735.9214951373579,100000000.0,14,0.4375,3.0,1.378404057374924e-05,0.0006493832994018955,16.226685260645713,1.378404057374924e-05,stochastic_proposal_reached,True
Peak,v913_paper_peak01_0242980_persistent_sites,735.9214951373579,100000000.0,14,0.4375,3.5,1.6081380669374112e-05,0.0006493832994018955,16.226685260645713,1.6081380669374112e-05,stochastic_proposal_reached,True
Peak,v913_paper_peak01_0242980_persistent_sites,735.9214951373579,100000000.0,14,0.4375,3.99,1.833277396308649e-05,0.0006493832994018955,16.226685260645713,1.833277396308649e-05,stochastic_proposal_reached,True
Peak,v913_paper_peak01_0242980_persistent_sites,735.9214951373579,100000000.0,14,0.4375,4.0,1.8378720764998988e-05,0.0006493832994018955,16.226685260645713,1.8378720764998988e-05,stochastic_proposal_reached,True
Peak,v913_paper_peak01_0242980_persistent_sites,735.9214951373579,100000000.0,14,0.4375,8.0,1.8378720764998988e-05,0.0006493832994018955,16.226685260645713,1.8378720764998988e-05,stochastic_proposal_reached,True
Peak,v913_paper_peak01_0242980_persistent_sites,735.9214951373579,100000000.0,15,0.46875,0.1,2.2973400956248734e-06,0.0007858055231410033,16.226685260645713,2.2973400956248734e-06,stochastic_proposal_reached,True
Peak,v913_paper_peak01_0242980_persistent_sites,735.9214951373579,100000000.0,15,0.46875,0.3,2.2973400956248734e-06,0.0007858055231410033,16.226685260645713,2.2973400956248734e-06,stochastic_proposal_reached,True
Peak,v913_paper_peak01_0242980_persistent_sites,735.9214951373579,100000000.0,15,0.46875,0.49,2.2973400956248734e-06,0.0007858055231410033,16.226685260645713,2.2973400956248734e-06,stochastic_proposal_reached,True
Peak,v913_paper_peak01_0242980_persistent_sites,735.9214951373579,100000000.0,15,0.46875,0.5,2.2973400956248734e-06,0.0007858055231410033,16.226685260645713,2.2973400956248734e-06,stochastic_proposal_reached,True
Peak,v913_paper_peak01_0242980_persistent_sites,735.9214951373579,100000000.0,15,0.46875,0.6,2.7568081147498482e-06,0.0007858055231410033,16.226685260645713,2.7568081147498482e-06,stochastic_proposal_reached,True
Peak,v913_paper_peak01_0242980_persistent_sites,735.9214951373579,100000000.0,15,0.46875,0.8,3.6757441529997978e-06,0.0007858055231410033,16.226685260645713,3.6757441529997973e-06,stochastic_proposal_reached,True
Peak,v913_paper_peak01_0242980_persistent_sites,735.9214951373579,100000000.0,15,0.46875,1.0,4.594680191249747e-06,0.0007858055231410033,16.226685260645713,4.594680191249747e-06,stochastic_proposal_reached,True
Peak,v913_paper_peak01_0242980_persistent_sites,735.9214951373579,100000000.0,15,0.46875,1.25,5.743350239062183e-06,0.0007858055231410033,16.226685260645713,5.743350239062183e-06,stochastic_proposal_reached,True
Peak,v913_paper_peak01_0242980_persistent_sites,735.9214951373579,100000000.0,15,0.46875,1.5,6.89202028687462e-06,0.0007858055231410033,16.226685260645713,6.89202028687462e-06,stochastic_proposal_reached,True
Peak,v913_paper_peak01_0242980_persistent_sites,735.9214951373579,100000000.0,15,0.46875,2.0,9.189360382499494e-06,0.0007858055231410033,16.226685260645713,9.189360382499494e-06,stochastic_proposal_reached,True
Peak,v913_paper_peak01_0242980_persistent_sites,735.9214951373579,100000000.0,15,0.46875,2.5,1.1486700478124366e-05,0.0009780240139383722,16.226685260645713,1.1486700478124366e-05,stochastic_proposal_reached,True
Peak,v913_paper_peak01_0242980_persistent_sites,735.9214951373579,100000000.0,15,0.46875,3.0,1.378404057374924e-05,0.0009780240139383722,16.226685260645713,1.378404057374924e-05,stochastic_proposal_reached,True
Peak,v913_paper_peak01_0242980_persistent_sites,735.9214951373579,100000000.0,15,0.46875,3.5,1.6081380669374112e-05,0.0009780240139383722,16.226685260645713,1.6081380669374112e-05,stochastic_proposal_reached,True
Peak,v913_paper_peak01_0242980_persistent_sites,735.9214951373579,100000000.0,15,0.46875,3.99,1.833277396308649e-05,0.0009780240139383722,16.226685260645713,1.833277396308649e-05,stochastic_proposal_reached,True
Peak,v913_paper_peak01_0242980_persistent_sites,735.9214951373579,100000000.0,15,0.46875,4.0,1.8378720764998988e-05,0.0009780240139383722,16.226685260645713,1.8378720764998988e-05,stochastic_proposal_reached,True
Peak,v913_paper_peak01_0242980_persistent_sites,735.9214951373579,100000000.0,15,0.46875,8.0,1.8378720764998988e-05,0.0009780240139383722,16.226685260645713,1.8378720764998988e-05,stochastic_proposal_reached,True
Peak,v913_paper_peak01_0242980_persistent_sites,735.9214951373579,100000000.0,16,0.5,0.1,2.2973400956248734e-06,0.0008821647621145567,16.226685260645713,2.2973400956248734e-06,stochastic_proposal_reached,True
Peak,v913_paper_peak01_0242980_persistent_sites,735.9214951373579,100000000.0,16,0.5,0.3,2.2973400956248734e-06,0.0008821647621145567,16.226685260645713,2.2973400956248734e-06,stochastic_proposal_reached,True
Peak,v913_paper_peak01_0242980_persistent_sites,735.9214951373579,100000000.0,16,0.5,0.49,2.2973400956248734e-06,0.0008821647621145567,16.226685260645713,2.2973400956248734e-06,stochastic_proposal_reached,True
Peak,v913_paper_peak01_0242980_persistent_sites,735.9214951373579,100000000.0,16,0.5,0.5,2.2973400956248734e-06,0.0008821647621145567,16.226685260645713,2.2973400956248734e-06,stochastic_proposal_reached,True
Peak,v913_paper_peak01_0242980_persistent_sites,735.9214951373579,100000000.0,16,0.5,0.6,2.7568081147498482e-06,0.0008821647621145567,16.226685260645713,2.7568081147498482e-06,stochastic_proposal_reached,True
Peak,v913_paper_peak01_0242980_persistent_sites,735.9214951373579,100000000.0,16,0.5,0.8,3.6757441529997978e-06,0.0008821647621145567,16.226685260645713,3.6757441529997973e-06,stochastic_proposal_reached,True
Peak,v913_paper_peak01_0242980_persistent_sites,735.9214951373579,100000000.0,16,0.5,1.0,4.594680191249747e-06,0.0008821647621145567,16.226685260645713,4.594680191249747e-06,stochastic_proposal_reached,True
Peak,v913_paper_peak01_0242980_persistent_sites,735.9214951373579,100000000.0,16,0.5,1.25,5.743350239062183e-06,0.0008821647621145567,16.226685260645713,5.743350239062183e-06,stochastic_proposal_reached,True
Peak,v913_paper_peak01_0242980_persistent_sites,735.9214951373579,100000000.0,16,0.5,1.5,6.89202028687462e-06,0.0008821647621145567,16.226685260645713,6.89202028687462e-06,stochastic_proposal_reached,True
Peak,v913_paper_peak01_0242980_persistent_sites,735.9214951373579,100000000.0,16,0.5,2.0,9.189360382499494e-06,0.0008821647621145567,16.226685260645713,9.189360382499494e-06,stochastic_proposal_reached,True
Peak,v913_paper_peak01_0242980_persistent_sites,735.9214951373579,100000000.0,16,0.5,2.5,1.1486700478124366e-05,0.0011181967694709471,16.226685260645713,1.1486700478124366e-05,stochastic_proposal_reached,True
Peak,v913_paper_peak01_0242980_persistent_sites,735.9214951373579,100000000.0,16,0.5,3.0,1.378404057374924e-05,0.0011181967694709471,16.226685260645713,1.378404057374924e-05,stochastic_proposal_reached,True
Peak,v913_paper_peak01_0242980_persistent_sites,735.9214951373579,100000000.0,16,0.5,3.5,1.6081380669374112e-05,0.0011181967694709471,16.226685260645713,1.6081380669374112e-05,stochastic_proposal_reached,True
Peak,v913_paper_peak01_0242980_persistent_sites,735.9214951373579,100000000.0,16,0.5,3.99,1.833277396308649e-05,0.0011181967694709471,16.226685260645713,1.833277396308649e-05,stochastic_proposal_reached,True
Peak,v913_paper_peak01_0242980_persistent_sites,735.9214951373579,100000000.0,16,0.5,4.0,1.8378720764998988e-05,0.0011181967694709471,16.226685260645713,1.8378720764998988e-05,stochastic_proposal_reached,True
Peak,v913_paper_peak01_0242980_persistent_sites,735.9214951373579,100000000.0,16,0.5,8.0,1.8378720764998988e-05,0.0011181967694709471,16.226685260645713,1.8378720764998988e-05,stochastic_proposal_reached,True
Peak,v913_paper_peak01_0242980_persistent_sites,735.9214951373579,100000000.0,17,0.53125,0.1,2.2973400956248734e-06,0.0007858055231410033,16.226685260645713,2.2973400956248734e-06,stochastic_proposal_reached,True
Peak,v913_paper_peak01_0242980_persistent_sites,735.9214951373579,100000000.0,17,0.53125,0.3,2.2973400956248734e-06,0.0007858055231410033,16.226685260645713,2.2973400956248734e-06,stochastic_proposal_reached,True
Peak,v913_paper_peak01_0242980_persistent_sites,735.9214951373579,100000000.0,17,0.53125,0.49,2.2973400956248734e-06,0.0007858055231410033,16.226685260645713,2.2973400956248734e-06,stochastic_proposal_reached,True
Peak,v913_paper_peak01_0242980_persistent_sites,735.9214951373579,100000000.0,17,0.53125,0.5,2.2973400956248734e-06,0.0007858055231410033,16.226685260645713,2.2973400956248734e-06,stochastic_proposal_reached,True
Peak,v913_paper_peak01_0242980_persistent_sites,735.9214951373579,100000000.0,17,0.53125,0.6,2.7568081147498482e-06,0.0007858055231410033,16.226685260645713,2.7568081147498482e-06,stochastic_proposal_reached,True
Peak,v913_paper_peak01_0242980_persistent_sites,735.9214951373579,100000000.0,17,0.53125,0.8,3.6757441529997978e-06,0.0007858055231410033,16.226685260645713,3.6757441529997973e-06,stochastic_proposal_reached,True
Peak,v913_paper_peak01_0242980_persistent_sites,735.9214951373579,100000000.0,17,0.53125,1.0,4.594680191249747e-06,0.0007858055231410033,16.226685260645713,4.594680191249747e-06,stochastic_proposal_reached,True
Peak,v913_paper_peak01_0242980_persistent_sites,735.9214951373579,100000000.0,17,0.53125,1.25,5.743350239062183e-06,0.0007858055231410033,16.226685260645713,5.743350239062183e-06,stochastic_proposal_reached,True
Peak,v913_paper_peak01_0242980_persistent_sites,735.9214951373579,100000000.0,17,0.53125,1.5,6.89202028687462e-06,0.0007858055231410033,16.226685260645713,6.89202028687462e-06,stochastic_proposal_reached,True
Peak,v913_paper_peak01_0242980_persistent_sites,735.9214951373579,100000000.0,17,0.53125,2.0,9.189360382499494e-06,0.0007858055231410033,16.226685260645713,9.189360382499494e-06,stochastic_proposal_reached,True
Peak,v913_paper_peak01_0242980_persistent_sites,735.9214951373579,100000000.0,17,0.53125,2.5,1.1486700478124366e-05,0.0009780240139383722,16.226685260645713,1.1486700478124366e-05,stochastic_proposal_reached,True
Peak,v913_paper_peak01_0242980_persistent_sites,735.9214951373579,100000000.0,17,0.53125,3.0,1.378404057374924e-05,0.0009780240139383722,16.226685260645713,1.378404057374924e-05,stochastic_proposal_reached,True
Peak,v913_paper_peak01_0242980_persistent_sites,735.9214951373579,100000000.0,17,0.53125,3.5,1.6081380669374112e-05,0.0009780240139383722,16.226685260645713,1.6081380669374112e-05,stochastic_proposal_reached,True
Peak,v913_paper_peak01_0242980_persistent_sites,735.9214951373579,100000000.0,17,0.53125,3.99,1.833277396308649e-05,0.0009780240139383722,16.226685260645713,1.833277396308649e-05,stochastic_proposal_reached,True
Peak,v913_paper_peak01_0242980_persistent_sites,735.9214951373579,100000000.0,17,0.53125,4.0,1.8378720764998988e-05,0.0009780240139383722,16.226685260645713,1.8378720764998988e-05,stochastic_proposal_reached,True
Peak,v913_paper_peak01_0242980_persistent_sites,735.9214951373579,100000000.0,17,0.53125,8.0,1.8378720764998988e-05,0.0009780240139383722,16.226685260645713,1.8378720764998988e-05,stochastic_proposal_reached,True
Peak,v913_paper_peak01_0242980_persistent_sites,735.9214951373579,100000000.0,18,0.5625,0.1,2.2973400956248734e-06,0.0005384342210777437,16.226685260645713,2.2973400956248734e-06,stochastic_proposal_reached,True
Peak,v913_paper_peak01_0242980_persistent_sites,735.9214951373579,100000000.0,18,0.5625,0.3,2.2973400956248734e-06,0.0005384342210777437,16.226685260645713,2.2973400956248734e-06,stochastic_proposal_reached,True
Peak,v913_paper_peak01_0242980_persistent_sites,735.9214951373579,100000000.0,18,0.5625,0.49,2.2973400956248734e-06,0.0005384342210777437,16.226685260645713,2.2973400956248734e-06,stochastic_proposal_reached,True
Peak,v913_paper_peak01_0242980_persistent_sites,735.9214951373579,100000000.0,18,0.5625,0.5,2.2973400956248734e-06,0.0005384342210777437,16.226685260645713,2.2973400956248734e-06,stochastic_proposal_reached,True
Peak,v913_paper_peak01_0242980_persistent_sites,735.9214951373579,100000000.0,18,0.5625,0.6,2.7568081147498482e-06,0.0005384342210777437,16.226685260645713,2.7568081147498482e-06,stochastic_proposal_reached,True
Peak,v913_paper_peak01_0242980_persistent_sites,735.9214951373579,100000000.0,18,0.5625,0.8,3.6757441529997978e-06,0.0005384342210777437,16.226685260645713,3.6757441529997973e-06,stochastic_proposal_reached,True
Peak,v913_paper_peak01_0242980_persistent_sites,735.9214951373579,100000000.0,18,0.5625,1.0,4.594680191249747e-06,0.0005384342210777437,16.226685260645713,4.594680191249747e-06,stochastic_proposal_reached,True
Peak,v913_paper_peak01_0242980_persistent_sites,735.9214951373579,100000000.0,18,0.5625,1.25,5.743350239062183e-06,0.0005384342210777437,16.226685260645713,5.743350239062183e-06,stochastic_proposal_reached,True
Peak,v913_paper_peak01_0242980_persistent_sites,735.9214951373579,100000000.0,18,0.5625,1.5,6.89202028687462e-06,0.0005384342210777437,16.226685260645713,6.89202028687462e-06,stochastic_proposal_reached,True
Peak,v913_paper_peak01_0242980_persistent_sites,735.9214951373579,100000000.0,18,0.5625,2.0,9.189360382499494e-06,0.0005384342210777437,16.226685260645713,9.189360382499494e-06,stochastic_proposal_reached,True
Peak,v913_paper_peak01_0242980_persistent_sites,735.9214951373579,100000000.0,18,0.5625,2.5,1.1486700478124366e-05,0.000649383299401729,16.226685260645713,1.1486700478124366e-05,stochastic_proposal_reached,True
Peak,v913_paper_peak01_0242980_persistent_sites,735.9214951373579,100000000.0,18,0.5625,3.0,1.378404057374924e-05,0.000649383299401729,16.226685260645713,1.378404057374924e-05,stochastic_proposal_reached,True
Peak,v913_paper_peak01_0242980_persistent_sites,735.9214951373579,100000000.0,18,0.5625,3.5,1.6081380669374112e-05,0.000649383299401729,16.226685260645713,1.6081380669374112e-05,stochastic_proposal_reached,True
Peak,v913_paper_peak01_0242980_persistent_sites,735.9214951373579,100000000.0,18,0.5625,3.99,1.833277396308649e-05,0.000649383299401729,16.226685260645713,1.833277396308649e-05,stochastic_proposal_reached,True
Peak,v913_paper_peak01_0242980_persistent_sites,735.9214951373579,100000000.0,18,0.5625,4.0,1.8378720764998988e-05,0.000649383299401729,16.226685260645713,1.8378720764998988e-05,stochastic_proposal_reached,True
Peak,v913_paper_peak01_0242980_persistent_sites,735.9214951373579,100000000.0,18,0.5625,8.0,1.8378720764998988e-05,0.000649383299401729,16.226685260645713,1.8378720764998988e-05,stochastic_proposal_reached,True
Peak,v913_paper_peak01_0242980_persistent_sites,735.9214951373579,100000000.0,19,0.59375,0.1,2.2973400956248734e-06,0.0002577816757507456,16.226685260645713,2.2973400956248734e-06,stochastic_proposal_reached,True
Peak,v913_paper_peak01_0242980_persistent_sites,735.9214951373579,100000000.0,19,0.59375,0.3,2.2973400956248734e-06,0.0002577816757507456,16.226685260645713,2.2973400956248734e-06,stochastic_proposal_reached,True
Peak,v913_paper_peak01_0242980_persistent_sites,735.9214951373579,100000000.0,19,0.59375,0.49,2.2973400956248734e-06,0.0002577816757507456,16.226685260645713,2.2973400956248734e-06,stochastic_proposal_reached,True
Peak,v913_paper_peak01_0242980_persistent_sites,735.9214951373579,100000000.0,19,0.59375,0.5,2.2973400956248734e-06,0.0002577816757507456,16.226685260645713,2.2973400956248734e-06,stochastic_proposal_reached,True
Peak,v913_paper_peak01_0242980_persistent_sites,735.9214951373579,100000000.0,19,0.59375,0.6,2.7568081147498482e-06,0.0002577816757507456,16.226685260645713,2.7568081147498482e-06,stochastic_proposal_reached,True
Peak,v913_paper_peak01_0242980_persistent_sites,735.9214951373579,100000000.0,19,0.59375,0.8,3.6757441529997978e-06,0.0002577816757507456,16.226685260645713,3.6757441529997973e-06,stochastic_proposal_reached,True
Peak,v913_paper_peak01_0242980_persistent_sites,735.9214951373579,100000000.0,19,0.59375,1.0,4.594680191249747e-06,0.0002577816757507456,16.226685260645713,4.594680191249747e-06,stochastic_proposal_reached,True
Peak,v913_paper_peak01_0242980_persistent_sites,735.9214951373579,100000000.0,19,0.59375,1.25,5.743350239062183e-06,0.0002577816757507456,16.226685260645713,5.743350239062183e-06,stochastic_proposal_reached,True
Peak,v913_paper_peak01_0242980_persistent_sites,735.9214951373579,100000000.0,19,0.59375,1.5,6.89202028687462e-06,0.0002577816757507456,16.226685260645713,6.89202028687462e-06,stochastic_proposal_reached,True
Peak,v913_paper_peak01_0242980_persistent_sites,735.9214951373579,100000000.0,19,0.59375,2.0,9.189360382499494e-06,0.0002577816757507456,16.226685260645713,9.189360382499494e-06,stochastic_proposal_reached,True
Peak,v913_paper_peak01_0242980_persistent_sites,735.9214951373579,100000000.0,19,0.59375,2.5,1.1486700478124366e-05,0.00039120904025380376,16.226685260645713,1.1486700478124366e-05,stochastic_proposal_reached,True
Peak,v913_paper_peak01_0242980_persistent_sites,735.9214951373579,100000000.0,19,0.59375,3.0,1.378404057374924e-05,0.00039120904025380376,16.226685260645713,1.378404057374924e-05,stochastic_proposal_reached,True
Peak,v913_paper_peak01_0242980_persistent_sites,735.9214951373579,100000000.0,19,0.59375,3.5,1.6081380669374112e-05,0.00039120904025380376,16.226685260645713,1.6081380669374112e-05,stochastic_proposal_reached,True
Peak,v913_paper_peak01_0242980_persistent_sites,735.9214951373579,100000000.0,19,0.59375,3.99,1.833277396308649e-05,0.00039120904025380376,16.226685260645713,1.833277396308649e-05,stochastic_proposal_reached,True
Peak,v913_paper_peak01_0242980_persistent_sites,735.9214951373579,100000000.0,19,0.59375,4.0,1.8378720764998988e-05,0.00039120904025380376,16.226685260645713,1.8378720764998988e-05,stochastic_proposal_reached,True
Peak,v913_paper_peak01_0242980_persistent_sites,735.9214951373579,100000000.0,19,0.59375,8.0,1.8378720764998988e-05,0.00039120904025380376,16.226685260645713,1.8378720764998988e-05,stochastic_proposal_reached,True
Peak,v913_paper_peak01_0242980_persistent_sites,735.9214951373579,100000000.0,20,0.625,0.1,2.2973400956248734e-06,0.0001166025866383702,16.226685260645713,2.2973400956248734e-06,stochastic_proposal_reached,True
Peak,v913_paper_peak01_0242980_persistent_sites,735.9214951373579,100000000.0,20,0.625,0.3,2.2973400956248734e-06,0.0001166025866383702,16.226685260645713,2.2973400956248734e-06,stochastic_proposal_reached,True
Peak,v913_paper_peak01_0242980_persistent_sites,735.9214951373579,100000000.0,20,0.625,0.49,2.2973400956248734e-06,0.0001166025866383702,16.226685260645713,2.2973400956248734e-06,stochastic_proposal_reached,True
Peak,v913_paper_peak01_0242980_persistent_sites,735.9214951373579,100000000.0,20,0.625,0.5,2.2973400956248734e-06,0.0001166025866383702,16.226685260645713,2.2973400956248734e-06,stochastic_proposal_reached,True
Peak,v913_paper_peak01_0242980_persistent_sites,735.9214951373579,100000000.0,20,0.625,0.6,2.7568081147498482e-06,0.0001166025866383702,16.226685260645713,2.7568081147498482e-06,stochastic_proposal_reached,True
Peak,v913_paper_peak01_0242980_persistent_sites,735.9214951373579,100000000.0,20,0.625,0.8,3.6757441529997978e-06,0.0001166025866383702,16.226685260645713,3.6757441529997973e-06,stochastic_proposal_reached,True
Peak,v913_paper_peak01_0242980_persistent_sites,735.9214951373579,100000000.0,20,0.625,1.0,4.594680191249747e-06,0.0001166025866383702,16.226685260645713,4.594680191249747e-06,stochastic_proposal_reached,True
Peak,v913_paper_peak01_0242980_persistent_sites,735.9214951373579,100000000.0,20,0.625,1.25,5.743350239062183e-06,0.0001166025866383702,16.226685260645713,5.743350239062183e-06,stochastic_proposal_reached,True
Peak,v913_paper_peak01_0242980_persistent_sites,735.9214951373579,100000000.0,20,0.625,1.5,6.89202028687462e-06,0.0001166025866383702,16.226685260645713,6.89202028687462e-06,stochastic_proposal_reached,True
Peak,v913_paper_peak01_0242980_persistent_sites,735.9214951373579,100000000.0,20,0.625,2.0,9.189360382499494e-06,0.0001166025866383702,16.226685260645713,7.1858537649646076e-06,hazard_derived_energy_arrest,True
Peak,v913_paper_peak01_0242980_persistent_sites,735.9214951373579,100000000.0,20,0.625,2.5,1.1486700478124366e-05,0.0001166025866383702,16.226685260645713,7.185853723884966e-06,hazard_derived_energy_arrest,True
Peak,v913_paper_peak01_0242980_persistent_sites,735.9214951373579,100000000.0,20,0.625,3.0,1.378404057374924e-05,0.0001166025866383702,16.226685260645713,7.1858537649646076e-06,hazard_derived_energy_arrest,True
Peak,v913_paper_peak01_0242980_persistent_sites,735.9214951373579,100000000.0,20,0.625,3.5,1.6081380669374112e-05,0.0001166025866383702,16.226685260645713,7.185853696498538e-06,hazard_derived_energy_arrest,True
Peak,v913_paper_peak01_0242980_persistent_sites,735.9214951373579,100000000.0,20,0.625,3.99,1.833277396308649e-05,0.0001166025866383702,16.226685260645713,7.185853750175936e-06,hazard_derived_energy_arrest,True
Peak,v913_paper_peak01_0242980_persistent_sites,735.9214951373579,100000000.0,20,0.625,4.0,1.8378720764998988e-05,0.0001166025866383702,16.226685260645713,7.1858537649646076e-06,hazard_derived_energy_arrest,True
Peak,v913_paper_peak01_0242980_persistent_sites,735.9214951373579,100000000.0,20,0.625,8.0,1.8378720764998988e-05,0.0001166025866383702,16.226685260645713,7.1858537649646076e-06,hazard_derived_energy_arrest,True
Peak,v913_paper_peak01_0242980_persistent_sites,735.9214951373579,100000000.0,21,0.65625,0.1,2.2973400956248734e-06,0.0003113782968728884,16.142285930835364,2.2973400956248734e-06,stochastic_proposal_reached,True
Peak,v913_paper_peak01_0242980_persistent_sites,735.9214951373579,100000000.0,21,0.65625,0.3,2.2973400956248734e-06,0.0003113782968728884,16.142285930835364,2.2973400956248734e-06,stochastic_proposal_reached,True
Peak,v913_paper_peak01_0242980_persistent_sites,735.9214951373579,100000000.0,21,0.65625,0.49,2.2973400956248734e-06,0.0003113782968728884,16.142285930835364,2.2973400956248734e-06,stochastic_proposal_reached,True
Peak,v913_paper_peak01_0242980_persistent_sites,735.9214951373579,100000000.0,21,0.65625,0.5,2.2973400956248734e-06,0.0003113782968728884,16.142285930835364,2.2973400956248734e-06,stochastic_proposal_reached,True
Peak,v913_paper_peak01_0242980_persistent_sites,735.9214951373579,100000000.0,21,0.65625,0.6,2.7568081147498482e-06,0.0003113782968728884,16.142285930835364,2.7568081147498482e-06,stochastic_proposal_reached,True
Peak,v913_paper_peak01_0242980_persistent_sites,735.9214951373579,100000000.0,21,0.65625,0.8,3.6757441529997978e-06,0.0003113782968728884,16.142285930835364,3.6757441529997973e-06,stochastic_proposal_reached,True
Peak,v913_paper_peak01_0242980_persistent_sites,735.9214951373579,100000000.0,21,0.65625,1.0,4.594680191249747e-06,0.0003113782968728884,16.142285930835364,4.594680191249747e-06,stochastic_proposal_reached,True
Peak,v913_paper_peak01_0242980_persistent_sites,735.9214951373579,100000000.0,21,0.65625,1.25,5.743350239062183e-06,0.0003113782968728884,16.142285930835364,5.743350239062183e-06,stochastic_proposal_reached,True
Peak,v913_paper_peak01_0242980_persistent_sites,735.9214951373579,100000000.0,21,0.65625,1.5,6.89202028687462e-06,0.0003113782968728884,16.142285930835364,6.89202028687462e-06,stochastic_proposal_reached,True
Peak,v913_paper_peak01_0242980_persistent_sites,735.9214951373579,100000000.0,21,0.65625,2.0,9.189360382499494e-06,0.0003113782968728884,16.142285930835364,9.189360382499494e-06,stochastic_proposal_reached,True
Peak,v913_paper_peak01_0242980_persistent_sites,735.9214951373579,100000000.0,21,0.65625,2.5,1.1486700478124366e-05,0.001649373411829913,16.142285930835364,1.1486700478124366e-05,stochastic_proposal_reached,True
Peak,v913_paper_peak01_0242980_persistent_sites,735.9214951373579,100000000.0,21,0.65625,3.0,1.378404057374924e-05,0.001649373411829913,16.142285930835364,1.378404057374924e-05,stochastic_proposal_reached,True
Peak,v913_paper_peak01_0242980_persistent_sites,735.9214951373579,100000000.0,21,0.65625,3.5,1.6081380669374112e-05,0.001649373411829913,16.142285930835364,1.6081380669374112e-05,stochastic_proposal_reached,True
Peak,v913_paper_peak01_0242980_persistent_sites,735.9214951373579,100000000.0,21,0.65625,3.99,1.833277396308649e-05,0.001649373411829913,16.142285930835364,1.833277396308649e-05,stochastic_proposal_reached,True
Peak,v913_paper_peak01_0242980_persistent_sites,735.9214951373579,100000000.0,21,0.65625,4.0,1.8378720764998988e-05,0.001649373411829913,16.142285930835364,1.8378720764998988e-05,stochastic_proposal_reached,True
Peak,v913_paper_peak01_0242980_persistent_sites,735.9214951373579,100000000.0,21,0.65625,8.0,1.8378720764998988e-05,0.001649373411829913,16.142285930835364,1.8378720764998988e-05,stochastic_proposal_reached,True
Peak,v913_paper_peak01_0242980_persistent_sites,735.9214951373579,100000000.0,22,0.6875,0.1,2.2973400956248734e-06,0.0010256795950525088,15.018528696585031,2.2973400956248734e-06,stochastic_proposal_reached,True
Peak,v913_paper_peak01_0242980_persistent_sites,735.9214951373579,100000000.0,22,0.6875,0.3,2.2973400956248734e-06,0.0010256795950525088,15.018528696585031,2.2973400956248734e-06,stochastic_proposal_reached,True
Peak,v913_paper_peak01_0242980_persistent_sites,735.9214951373579,100000000.0,22,0.6875,0.49,2.2973400956248734e-06,0.0010256795950525088,15.018528696585031,2.2973400956248734e-06,stochastic_proposal_reached,True
Peak,v913_paper_peak01_0242980_persistent_sites,735.9214951373579,100000000.0,22,0.6875,0.5,2.2973400956248734e-06,0.0010256795950525088,15.018528696585031,2.2973400956248734e-06,stochastic_proposal_reached,True
Peak,v913_paper_peak01_0242980_persistent_sites,735.9214951373579,100000000.0,22,0.6875,0.6,2.7568081147498482e-06,0.0010256795950525088,15.018528696585031,2.7568081147498482e-06,stochastic_proposal_reached,True
Peak,v913_paper_peak01_0242980_persistent_sites,735.9214951373579,100000000.0,22,0.6875,0.8,3.6757441529997978e-06,0.0010256795950525088,15.018528696585031,3.6757441529997973e-06,stochastic_proposal_reached,True
Peak,v913_paper_peak01_0242980_persistent_sites,735.9214951373579,100000000.0,22,0.6875,1.0,4.594680191249747e-06,0.0010256795950525088,15.018528696585031,4.594680191249747e-06,stochastic_proposal_reached,True
Peak,v913_paper_peak01_0242980_persistent_sites,735.9214951373579,100000000.0,22,0.6875,1.25,5.743350239062183e-06,0.0010256795950525088,15.018528696585031,5.743350239062183e-06,stochastic_proposal_reached,True
Peak,v913_paper_peak01_0242980_persistent_sites,735.9214951373579,100000000.0,22,0.6875,1.5,6.89202028687462e-06,0.0010256795950525088,15.018528696585031,6.89202028687462e-06,stochastic_proposal_reached,True
Peak,v913_paper_peak01_0242980_persistent_sites,735.9214951373579,100000000.0,22,0.6875,2.0,9.189360382499494e-06,0.0010256795950525088,15.018528696585031,9.189360382499494e-06,stochastic_proposal_reached,True
Peak,v913_paper_peak01_0242980_persistent_sites,735.9214951373579,100000000.0,22,0.6875,2.5,1.1486700478124366e-05,0.003986998636737127,15.018528696585031,1.1486700478124366e-05,stochastic_proposal_reached,True
Peak,v913_paper_peak01_0242980_persistent_sites,735.9214951373579,100000000.0,22,0.6875,3.0,1.378404057374924e-05,0.003986998636737127,15.018528696585031,1.378404057374924e-05,stochastic_proposal_reached,True
Peak,v913_paper_peak01_0242980_persistent_sites,735.9214951373579,100000000.0,22,0.6875,3.5,1.6081380669374112e-05,0.003986998636737127,15.018528696585031,1.6081380669374112e-05,stochastic_proposal_reached,True
Peak,v913_paper_peak01_0242980_persistent_sites,735.9214951373579,100000000.0,22,0.6875,3.99,1.833277396308649e-05,0.003986998636737127,15.018528696585031,1.833277396308649e-05,stochastic_proposal_reached,True
Peak,v913_paper_peak01_0242980_persistent_sites,735.9214951373579,100000000.0,22,0.6875,4.0,1.8378720764998988e-05,0.003986998636737127,15.018528696585031,1.8378720764998988e-05,stochastic_proposal_reached,True
Peak,v913_paper_peak01_0242980_persistent_sites,735.9214951373579,100000000.0,22,0.6875,8.0,1.8378720764998988e-05,0.003986998636737127,15.018528696585031,1.8378720764998988e-05,stochastic_proposal_reached,True
Peak,v913_paper_peak01_0242980_persistent_sites,735.9214951373579,100000000.0,23,0.71875,0.1,2.2973400956248734e-06,0.0029134957773176203,13.556794176316219,2.2973400956248734e-06,stochastic_proposal_reached,True
Peak,v913_paper_peak01_0242980_persistent_sites,735.9214951373579,100000000.0,23,0.71875,0.3,2.2973400956248734e-06,0.0029134957773176203,13.556794176316219,2.2973400956248734e-06,stochastic_proposal_reached,True
Peak,v913_paper_peak01_0242980_persistent_sites,735.9214951373579,100000000.0,23,0.71875,0.49,2.2973400956248734e-06,0.0029134957773176203,13.556794176316219,2.2973400956248734e-06,stochastic_proposal_reached,True
Peak,v913_paper_peak01_0242980_persistent_sites,735.9214951373579,100000000.0,23,0.71875,0.5,2.2973400956248734e-06,0.0029134957773176203,13.556794176316219,2.2973400956248734e-06,stochastic_proposal_reached,True
Peak,v913_paper_peak01_0242980_persistent_sites,735.9214951373579,100000000.0,23,0.71875,0.6,2.7568081147498482e-06,0.0030591705661835015,13.556794176316219,2.7568081147498482e-06,stochastic_proposal_reached,True
Peak,v913_paper_peak01_0242980_persistent_sites,735.9214951373579,100000000.0,23,0.71875,0.8,3.6757441529997978e-06,0.0029134957773176203,13.556794176316219,3.6757441529997973e-06,stochastic_proposal_reached,True
Peak,v913_paper_peak01_0242980_persistent_sites,735.9214951373579,100000000.0,23,0.71875,1.0,4.594680191249747e-06,0.0029134957773176203,13.556794176316219,4.594680191249747e-06,stochastic_proposal_reached,True
Peak,v913_paper_peak01_0242980_persistent_sites,735.9214951373579,100000000.0,23,0.71875,1.25,5.743350239062183e-06,0.0027314022912352694,13.556794176316219,5.743350239062183e-06,stochastic_proposal_reached,True
Peak,v913_paper_peak01_0242980_persistent_sites,735.9214951373579,100000000.0,23,0.71875,1.5,6.89202028687462e-06,0.0023940256624284117,13.556794176316219,6.89202028687462e-06,stochastic_proposal_reached,True
Peak,v913_paper_peak01_0242980_persistent_sites,735.9214951373579,100000000.0,23,0.71875,2.0,9.189360382499494e-06,0.0029134957773176203,13.556794176316219,9.189360382499494e-06,stochastic_proposal_reached,True
Peak,v913_paper_peak01_0242980_persistent_sites,735.9214951373579,100000000.0,23,0.71875,2.5,1.1486700478124366e-05,0.007873707550061226,13.556794176316219,1.1486700478124366e-05,stochastic_proposal_reached,True
Peak,v913_paper_peak01_0242980_persistent_sites,735.9214951373579,100000000.0,23,0.71875,3.0,1.378404057374924e-05,0.007873707550061226,13.556794176316219,1.378404057374924e-05,stochastic_proposal_reached,True
Peak,v913_paper_peak01_0242980_persistent_sites,735.9214951373579,100000000.0,23,0.71875,3.5,1.6081380669374112e-05,0.007873707550061226,13.556794176316219,1.6081380669374112e-05,stochastic_proposal_reached,True
Peak,v913_paper_peak01_0242980_persistent_sites,735.9214951373579,100000000.0,23,0.71875,3.99,1.833277396308649e-05,0.007873707550061226,13.556794176316219,1.833277396308649e-05,stochastic_proposal_reached,True
Peak,v913_paper_peak01_0242980_persistent_sites,735.9214951373579,100000000.0,23,0.71875,4.0,1.8378720764998988e-05,0.007873707550061226,13.556794176316219,1.8378720764998988e-05,stochastic_proposal_reached,True
Peak,v913_paper_peak01_0242980_persistent_sites,735.9214951373579,100000000.0,23,0.71875,8.0,1.8378720764998988e-05,0.007873707550061226,13.556794176316219,1.8378720764998988e-05,stochastic_proposal_reached,True
Peak,v913_paper_peak01_0242980_persistent_sites,735.9214951373579,100000000.0,24,0.75,0.1,2.2973400956248734e-06,0.006633840389760934,12.009458617995046,2.2973400956248734e-06,stochastic_proposal_reached,True
Peak,v913_paper_peak01_0242980_persistent_sites,735.9214951373579,100000000.0,24,0.75,0.3,2.2973400956248734e-06,0.006633840389760934,12.009458617995046,2.2973400956248734e-06,stochastic_proposal_reached,True
Peak,v913_paper_peak01_0242980_persistent_sites,735.9214951373579,100000000.0,24,0.75,0.49,2.2973400956248734e-06,0.006633840389760934,12.009458617995046,2.2973400956248734e-06,stochastic_proposal_reached,True
Peak,v913_paper_peak01_0242980_persistent_sites,735.9214951373579,100000000.0,24,0.75,0.5,2.2973400956248734e-06,0.006633840389760934,12.009458617995046,2.2973400956248734e-06,stochastic_proposal_reached,True
Peak,v913_paper_peak01_0242980_persistent_sites,735.9214951373579,100000000.0,24,0.75,0.6,2.7568081147498482e-06,0.00696553240924898,12.009458617995046,2.7568081147498482e-06,stochastic_proposal_reached,True
Peak,v913_paper_peak01_0242980_persistent_sites,735.9214951373579,100000000.0,24,0.75,0.8,3.6757441529997978e-06,0.006633840389760934,12.009458617995046,3.6757441529997973e-06,stochastic_proposal_reached,True
Peak,v913_paper_peak01_0242980_persistent_sites,735.9214951373579,100000000.0,24,0.75,1.0,4.594680191249747e-06,0.006633840389760934,12.009458617995046,4.594680191249747e-06,stochastic_proposal_reached,True
Peak,v913_paper_peak01_0242980_persistent_sites,735.9214951373579,100000000.0,24,0.75,1.25,5.743350239062183e-06,0.0062192253654008755,12.009458617995046,5.743350239062183e-06,stochastic_proposal_reached,True
Peak,v913_paper_peak01_0242980_persistent_sites,735.9214951373579,100000000.0,24,0.75,1.5,6.89202028687462e-06,0.0049753802923207,12.009458617995046,6.89202028687462e-06,stochastic_proposal_reached,True
Peak,v913_paper_peak01_0242980_persistent_sites,735.9214951373579,100000000.0,24,0.75,2.0,9.189360382499494e-06,0.006633840389760934,12.009458617995046,9.189360382499494e-06,stochastic_proposal_reached,True
Peak,v913_paper_peak01_0242980_persistent_sites,735.9214951373579,100000000.0,24,0.75,2.5,1.1486700478124366e-05,0.013406441043992245,12.009458617995046,1.1486700478124366e-05,stochastic_proposal_reached,True
Peak,v913_paper_peak01_0242980_persistent_sites,735.9214951373579,100000000.0,24,0.75,3.0,1.378404057374924e-05,0.013406441043992245,12.009458617995046,1.378404057374924e-05,stochastic_proposal_reached,True
Peak,v913_paper_peak01_0242980_persistent_sites,735.9214951373579,100000000.0,24,0.75,3.5,1.6081380669374112e-05,0.013406441043992245,12.009458617995046,1.6081380669374112e-05,stochastic_proposal_reached,True
Peak,v913_paper_peak01_0242980_persistent_sites,735.9214951373579,100000000.0,24,0.75,3.99,1.833277396308649e-05,0.013406441043992245,12.009458617995046,1.833277396308649e-05,stochastic_proposal_reached,True
Peak,v913_paper_peak01_0242980_persistent_sites,735.9214951373579,100000000.0,24,0.75,4.0,1.8378720764998988e-05,0.013406441043992245,12.009458617995046,1.8378720764998988e-05,stochastic_proposal_reached,True
Peak,v913_paper_peak01_0242980_persistent_sites,735.9214951373579,100000000.0,24,0.75,8.0,1.8378720764998988e-05,0.013406441043992245,12.009458617995046,1.8378720764998988e-05,stochastic_proposal_reached,True
Peak,v913_paper_peak01_0242980_persistent_sites,735.9214951373579,100000000.0,25,0.78125,0.1,2.2973400956248734e-06,0.011863560767708307,10.525630600473793,2.2973400956248734e-06,stochastic_proposal_reached,True
Peak,v913_paper_peak01_0242980_persistent_sites,735.9214951373579,100000000.0,25,0.78125,0.3,2.2973400956248734e-06,0.011863560767708307,10.525630600473793,2.2973400956248734e-06,stochastic_proposal_reached,True
Peak,v913_paper_peak01_0242980_persistent_sites,735.9214951373579,100000000.0,25,0.78125,0.49,2.2973400956248734e-06,0.011863560767708307,10.525630600473793,2.2973400956248734e-06,stochastic_proposal_reached,True
Peak,v913_paper_peak01_0242980_persistent_sites,735.9214951373579,100000000.0,25,0.78125,0.5,2.2973400956248734e-06,0.011863560767708307,10.525630600473793,2.2973400956248734e-06,stochastic_proposal_reached,True
Peak,v913_paper_peak01_0242980_persistent_sites,735.9214951373579,100000000.0,25,0.78125,0.6,2.7568081147498482e-06,0.012456738806093723,10.525630600473793,2.7568081147498482e-06,stochastic_proposal_reached,True
Peak,v913_paper_peak01_0242980_persistent_sites,735.9214951373579,100000000.0,25,0.78125,0.8,3.6757441529997978e-06,0.011863560767708307,10.525630600473793,3.6757441529997973e-06,stochastic_proposal_reached,True
Peak,v913_paper_peak01_0242980_persistent_sites,735.9214951373579,100000000.0,25,0.78125,1.0,4.594680191249747e-06,0.011863560767708307,10.525630600473793,4.594680191249747e-06,stochastic_proposal_reached,True
Peak,v913_paper_peak01_0242980_persistent_sites,735.9214951373579,100000000.0,25,0.78125,1.25,5.743350239062183e-06,0.01112208821972654,10.525630600473793,5.743350239062183e-06,stochastic_proposal_reached,True
Peak,v913_paper_peak01_0242980_persistent_sites,735.9214951373579,100000000.0,25,0.78125,1.5,6.89202028687462e-06,0.008897670575781232,10.525630600473793,6.89202028687462e-06,stochastic_proposal_reached,True
Peak,v913_paper_peak01_0242980_persistent_sites,735.9214951373579,100000000.0,25,0.78125,2.0,9.189360382499494e-06,0.011863560767708307,10.525630600473793,9.189360382499494e-06,stochastic_proposal_reached,True
Peak,v913_paper_peak01_0242980_persistent_sites,735.9214951373579,100000000.0,25,0.78125,2.5,1.1486700478124366e-05,0.020459070064823948,10.525630600473793,1.1486700478124366e-05,stochastic_proposal_reached,True
Peak,v913_paper_peak01_0242980_persistent_sites,735.9214951373579,100000000.0,25,0.78125,3.0,1.378404057374924e-05,0.020459070064823948,10.525630600473793,1.378404057374924e-05,stochastic_proposal_reached,True
Peak,v913_paper_peak01_0242980_persistent_sites,735.9214951373579,100000000.0,25,0.78125,3.5,1.6081380669374112e-05,0.020459070064823948,10.525630600473793,1.6081380669374112e-05,stochastic_proposal_reached,True
Peak,v913_paper_peak01_0242980_persistent_sites,735.9214951373579,100000000.0,25,0.78125,3.99,1.833277396308649e-05,0.020459070064823948,10.525630600473793,1.833277396308649e-05,stochastic_proposal_reached,True
Peak,v913_paper_peak01_0242980_persistent_sites,735.9214951373579,100000000.0,25,0.78125,4.0,1.8378720764998988e-05,0.020459070064823948,10.525630600473793,1.8378720764998988e-05,stochastic_proposal_reached,True
Peak,v913_paper_peak01_0242980_persistent_sites,735.9214951373579,100000000.0,25,0.78125,8.0,1.8378720764998988e-05,0.020459070064823948,10.525630600473793,1.8378720764998988e-05,stochastic_proposal_reached,True
Peak,v913_paper_peak01_0242980_persistent_sites,735.9214951373579,100000000.0,26,0.8125,0.1,2.2973400956248734e-06,0.018315789533110208,9.199411947003032,2.2973400956248734e-06,stochastic_proposal_reached,True
Peak,v913_paper_peak01_0242980_persistent_sites,735.9214951373579,100000000.0,26,0.8125,0.3,2.2973400956248734e-06,0.018315789533110208,9.199411947003032,2.2973400956248734e-06,stochastic_proposal_reached,True
Peak,v913_paper_peak01_0242980_persistent_sites,735.9214951373579,100000000.0,26,0.8125,0.49,2.2973400956248734e-06,0.018315789533110208,9.199411947003032,2.2973400956248734e-06,stochastic_proposal_reached,True
Peak,v913_paper_peak01_0242980_persistent_sites,735.9214951373579,100000000.0,26,0.8125,0.5,2.2973400956248734e-06,0.018315789533110208,9.199411947003032,2.2973400956248734e-06,stochastic_proposal_reached,True
Peak,v913_paper_peak01_0242980_persistent_sites,735.9214951373579,100000000.0,26,0.8125,0.6,2.7568081147498482e-06,0.019231579009765718,9.199411947003032,2.7568081147498482e-06,stochastic_proposal_reached,True
Peak,v913_paper_peak01_0242980_persistent_sites,735.9214951373579,100000000.0,26,0.8125,0.8,3.6757441529997978e-06,0.018315789533110208,9.199411947003032,3.6757441529997973e-06,stochastic_proposal_reached,True
Peak,v913_paper_peak01_0242980_persistent_sites,735.9214951373579,100000000.0,26,0.8125,1.0,4.594680191249747e-06,0.018315789533110208,9.199411947003032,4.594680191249747e-06,stochastic_proposal_reached,True
Peak,v913_paper_peak01_0242980_persistent_sites,735.9214951373579,100000000.0,26,0.8125,1.25,5.743350239062183e-06,0.01717105268729082,9.199411947003032,5.743350239062183e-06,stochastic_proposal_reached,True
Peak,v913_paper_peak01_0242980_persistent_sites,735.9214951373579,100000000.0,26,0.8125,1.5,6.89202028687462e-06,0.013736842149832658,9.199411947003032,6.89202028687462e-06,stochastic_proposal_reached,True
Peak,v913_paper_peak01_0242980_persistent_sites,735.9214951373579,100000000.0,26,0.8125,2.0,9.189360382499494e-06,0.018315789533110208,9.199411947003032,9.189360382499494e-06,stochastic_proposal_reached,True
Peak,v913_paper_peak01_0242980_persistent_sites,735.9214951373579,100000000.0,26,0.8125,2.5,1.1486700478124366e-05,0.028674075242772545,9.199411947003032,1.1486700478124366e-05,stochastic_proposal_reached,True
Peak,v913_paper_peak01_0242980_persistent_sites,735.9214951373579,100000000.0,26,0.8125,3.0,1.378404057374924e-05,0.028674075242772545,9.199411947003032,1.378404057374924e-05,stochastic_proposal_reached,True
Peak,v913_paper_peak01_0242980_persistent_sites,735.9214951373579,100000000.0,26,0.8125,3.5,1.6081380669374112e-05,0.028674075242772545,9.199411947003032,1.6081380669374112e-05,stochastic_proposal_reached,True
Peak,v913_paper_peak01_0242980_persistent_sites,735.9214951373579,100000000.0,26,0.8125,3.99,1.833277396308649e-05,0.028674075242772545,9.199411947003032,1.833277396308649e-05,stochastic_proposal_reached,True
Peak,v913_paper_peak01_0242980_persistent_sites,735.9214951373579,100000000.0,26,0.8125,4.0,1.8378720764998988e-05,0.028674075242772545,9.199411947003032,1.8378720764998988e-05,stochastic_proposal_reached,True
Peak,v913_paper_peak01_0242980_persistent_sites,735.9214951373579,100000000.0,26,0.8125,8.0,1.8378720764998988e-05,0.028674075242772545,9.199411947003032,1.8378720764998988e-05,stochastic_proposal_reached,True
Peak,v913_paper_peak01_0242980_persistent_sites,735.9214951373579,100000000.0,27,0.84375,0.1,2.2973400956248734e-06,0.02549797098486217,8.080383401385081,2.2973400956248734e-06,stochastic_proposal_reached,True
Peak,v913_paper_peak01_0242980_persistent_sites,735.9214951373579,100000000.0,27,0.84375,0.3,2.2973400956248734e-06,0.02549797098486217,8.080383401385081,2.2973400956248734e-06,stochastic_proposal_reached,True
Peak,v913_paper_peak01_0242980_persistent_sites,735.9214951373579,100000000.0,27,0.84375,0.49,2.2973400956248734e-06,0.02549797098486217,8.080383401385081,2.2973400956248734e-06,stochastic_proposal_reached,True
Peak,v913_paper_peak01_0242980_persistent_sites,735.9214951373579,100000000.0,27,0.84375,0.5,2.2973400956248734e-06,0.02549797098486217,8.080383401385081,2.2973400956248734e-06,stochastic_proposal_reached,True
Peak,v913_paper_peak01_0242980_persistent_sites,735.9214951373579,100000000.0,27,0.84375,0.6,2.7568081147498482e-06,0.02677286953410528,8.080383401385081,2.7568081147498482e-06,stochastic_proposal_reached,True
Peak,v913_paper_peak01_0242980_persistent_sites,735.9214951373579,100000000.0,27,0.84375,0.8,3.6757441529997978e-06,0.02549797098486217,8.080383401385081,3.6757441529997973e-06,stochastic_proposal_reached,True
Peak,v913_paper_peak01_0242980_persistent_sites,735.9214951373579,100000000.0,27,0.84375,1.0,4.594680191249747e-06,0.02549797098486217,8.080383401385081,4.594680191249747e-06,stochastic_proposal_reached,True
Peak,v913_paper_peak01_0242980_persistent_sites,735.9214951373579,100000000.0,27,0.84375,1.25,5.743350239062183e-06,0.023904347798308283,8.080383401385081,5.743350239062183e-06,stochastic_proposal_reached,True
Peak,v913_paper_peak01_0242980_persistent_sites,735.9214951373579,100000000.0,27,0.84375,1.5,6.89202028687462e-06,0.01912347823864663,8.080383401385081,6.89202028687462e-06,stochastic_proposal_reached,True
Peak,v913_paper_peak01_0242980_persistent_sites,735.9214951373579,100000000.0,27,0.84375,2.0,9.189360382499494e-06,0.02549797098486217,8.080383401385081,9.189360382499494e-06,stochastic_proposal_reached,True
Peak,v913_paper_peak01_0242980_persistent_sites,735.9214951373579,100000000.0,27,0.84375,2.5,1.1486700478124366e-05,0.037489453599846456,8.080383401385081,1.1486700478124366e-05,stochastic_proposal_reached,True
Peak,v913_paper_peak01_0242980_persistent_sites,735.9214951373579,100000000.0,27,0.84375,3.0,1.378404057374924e-05,0.037489453599846456,8.080383401385081,1.378404057374924e-05,stochastic_proposal_reached,True
Peak,v913_paper_peak01_0242980_persistent_sites,735.9214951373579,100000000.0,27,0.84375,3.5,1.6081380669374112e-05,0.037489453599846456,8.080383401385081,1.6081380669374112e-05,stochastic_proposal_reached,True
Peak,v913_paper_peak01_0242980_persistent_sites,735.9214951373579,100000000.0,27,0.84375,3.99,1.833277396308649e-05,0.037489453599846456,8.080383401385081,1.833277396308649e-05,stochastic_proposal_reached,True
Peak,v913_paper_peak01_0242980_persistent_sites,735.9214951373579,100000000.0,27,0.84375,4.0,1.8378720764998988e-05,0.037489453599846456,8.080383401385081,1.8378720764998988e-05,stochastic_proposal_reached,True
Peak,v913_paper_peak01_0242980_persistent_sites,735.9214951373579,100000000.0,27,0.84375,8.0,1.8378720764998988e-05,0.037489453599846456,8.080383401385081,1.8378720764998988e-05,stochastic_proposal_reached,True
Peak,v913_paper_peak01_0242980_persistent_sites,735.9214951373579,100000000.0,28,0.875,0.1,2.2973400956248734e-06,0.03276802789645732,7.185307561191901,2.2973400956248734e-06,stochastic_proposal_reached,True
Peak,v913_paper_peak01_0242980_persistent_sites,735.9214951373579,100000000.0,28,0.875,0.3,2.2973400956248734e-06,0.03276802789645732,7.185307561191901,2.2973400956248734e-06,stochastic_proposal_reached,True
Peak,v913_paper_peak01_0242980_persistent_sites,735.9214951373579,100000000.0,28,0.875,0.49,2.2973400956248734e-06,0.03276802789645732,7.185307561191901,2.2973400956248734e-06,stochastic_proposal_reached,True
Peak,v913_paper_peak01_0242980_persistent_sites,735.9214951373579,100000000.0,28,0.875,0.5,2.2973400956248734e-06,0.03276802789645732,7.185307561191901,2.2973400956248734e-06,stochastic_proposal_reached,True
Peak,v913_paper_peak01_0242980_persistent_sites,735.9214951373579,100000000.0,28,0.875,0.6,2.7568081147498482e-06,0.03440642929128019,7.185307561191901,2.7568081147498482e-06,stochastic_proposal_reached,True
Peak,v913_paper_peak01_0242980_persistent_sites,735.9214951373579,100000000.0,28,0.875,0.8,3.6757441529997978e-06,0.03276802789645732,7.185307561191901,3.6757441529997973e-06,stochastic_proposal_reached,True
Peak,v913_paper_peak01_0242980_persistent_sites,735.9214951373579,100000000.0,28,0.875,1.0,4.594680191249747e-06,0.03276802789645732,7.185307561191901,4.594680191249747e-06,stochastic_proposal_reached,True
Peak,v913_paper_peak01_0242980_persistent_sites,735.9214951373579,100000000.0,28,0.875,1.25,5.743350239062183e-06,0.030720026152928744,7.185307561191901,5.743350239062183e-06,stochastic_proposal_reached,True
Peak,v913_paper_peak01_0242980_persistent_sites,735.9214951373579,100000000.0,28,0.875,1.5,6.89202028687462e-06,0.024576020922342994,7.185307561191901,6.89202028687462e-06,stochastic_proposal_reached,True
Peak,v913_paper_peak01_0242980_persistent_sites,735.9214951373579,100000000.0,28,0.875,2.0,9.189360382499494e-06,0.03276802789645732,7.185307561191901,9.189360382499494e-06,stochastic_proposal_reached,True
Peak,v913_paper_peak01_0242980_persistent_sites,735.9214951373579,100000000.0,28,0.875,2.5,1.1486700478124366e-05,0.046197813702850254,7.185307561191901,1.1486700478124366e-05,stochastic_proposal_reached,True
Peak,v913_paper_peak01_0242980_persistent_sites,735.9214951373579,100000000.0,28,0.875,3.0,1.378404057374924e-05,0.046197813702850254,7.185307561191901,1.378404057374924e-05,stochastic_proposal_reached,True
Peak,v913_paper_peak01_0242980_persistent_sites,735.9214951373579,100000000.0,28,0.875,3.5,1.6081380669374112e-05,0.046197813702850254,7.185307561191901,1.6081380669374112e-05,stochastic_proposal_reached,True
Peak,v913_paper_peak01_0242980_persistent_sites,735.9214951373579,100000000.0,28,0.875,3.99,1.833277396308649e-05,0.046197813702850254,7.185307561191901,1.833277396308649e-05,stochastic_proposal_reached,True
Peak,v913_paper_peak01_0242980_persistent_sites,735.9214951373579,100000000.0,28,0.875,4.0,1.8378720764998988e-05,0.046197813702850254,7.185307561191901,1.8378720764998988e-05,stochastic_proposal_reached,True
Peak,v913_paper_peak01_0242980_persistent_sites,735.9214951373579,100000000.0,28,0.875,8.0,1.8378720764998988e-05,0.046197813702850254,7.185307561191901,1.8378720764998988e-05,stochastic_proposal_reached,True
Peak,v913_paper_peak01_0242980_persistent_sites,735.9214951373579,100000000.0,29,0.90625,0.1,2.2973400956248734e-06,0.03941476702600391,6.510700950488033,2.2973400956248734e-06,stochastic_proposal_reached,True
Peak,v913_paper_peak01_0242980_persistent_sites,735.9214951373579,100000000.0,29,0.90625,0.3,2.2973400956248734e-06,0.03941476702600391,6.510700950488033,2.2973400956248734e-06,stochastic_proposal_reached,True
Peak,v913_paper_peak01_0242980_persistent_sites,735.9214951373579,100000000.0,29,0.90625,0.49,2.2973400956248734e-06,0.03941476702600391,6.510700950488033,2.2973400956248734e-06,stochastic_proposal_reached,True
Peak,v913_paper_peak01_0242980_persistent_sites,735.9214951373579,100000000.0,29,0.90625,0.5,2.2973400956248734e-06,0.03941476702600391,6.510700950488033,2.2973400956248734e-06,stochastic_proposal_reached,True
Peak,v913_paper_peak01_0242980_persistent_sites,735.9214951373579,100000000.0,29,0.90625,0.6,2.7568081147498482e-06,0.0413855053773041,6.510700950488033,2.7568081147498482e-06,stochastic_proposal_reached,True
Peak,v913_paper_peak01_0242980_persistent_sites,735.9214951373579,100000000.0,29,0.90625,0.8,3.6757441529997978e-06,0.03941476702600391,6.510700950488033,3.6757441529997973e-06,stochastic_proposal_reached,True
Peak,v913_paper_peak01_0242980_persistent_sites,735.9214951373579,100000000.0,29,0.90625,1.0,4.594680191249747e-06,0.03941476702600391,6.510700950488033,4.594680191249747e-06,stochastic_proposal_reached,True
Peak,v913_paper_peak01_0242980_persistent_sites,735.9214951373579,100000000.0,29,0.90625,1.25,5.743350239062183e-06,0.03695134408687867,6.510700950488033,5.743350239062183e-06,stochastic_proposal_reached,True
Peak,v913_paper_peak01_0242980_persistent_sites,735.9214951373579,100000000.0,29,0.90625,1.5,6.89202028687462e-06,0.029561075269502933,6.510700950488033,6.89202028687462e-06,stochastic_proposal_reached,True
Peak,v913_paper_peak01_0242980_persistent_sites,735.9214951373579,100000000.0,29,0.90625,2.0,9.189360382499494e-06,0.03941476702600391,6.510700950488033,9.189360382499494e-06,stochastic_proposal_reached,True
Peak,v913_paper_peak01_0242980_persistent_sites,735.9214951373579,100000000.0,29,0.90625,2.5,1.1486700478124366e-05,0.05402967958402982,6.510700950488033,1.1486700478124366e-05,stochastic_proposal_reached,True
Peak,v913_paper_peak01_0242980_persistent_sites,735.9214951373579,100000000.0,29,0.90625,3.0,1.378404057374924e-05,0.05402967958402982,6.510700950488033,1.378404057374924e-05,stochastic_proposal_reached,True
Peak,v913_paper_peak01_0242980_persistent_sites,735.9214951373579,100000000.0,29,0.90625,3.5,1.6081380669374112e-05,0.05402967958402982,6.510700950488033,1.6081380669374112e-05,stochastic_proposal_reached,True
Peak,v913_paper_peak01_0242980_persistent_sites,735.9214951373579,100000000.0,29,0.90625,3.99,1.833277396308649e-05,0.05402967958402982,6.510700950488033,1.833277396308649e-05,stochastic_proposal_reached,True
Peak,v913_paper_peak01_0242980_persistent_sites,735.9214951373579,100000000.0,29,0.90625,4.0,1.8378720764998988e-05,0.05402967958402982,6.510700950488033,1.8378720764998988e-05,stochastic_proposal_reached,True
Peak,v913_paper_peak01_0242980_persistent_sites,735.9214951373579,100000000.0,29,0.90625,8.0,1.8378720764998988e-05,0.05402967958402982,6.510700950488033,1.8378720764998988e-05,stochastic_proposal_reached,True
Peak,v913_paper_peak01_0242980_persistent_sites,735.9214951373579,100000000.0,30,0.9375,0.1,2.2973400956248734e-06,0.044750948884413694,6.0437765761100435,2.2973400956248734e-06,stochastic_proposal_reached,True
Peak,v913_paper_peak01_0242980_persistent_sites,735.9214951373579,100000000.0,30,0.9375,0.3,2.2973400956248734e-06,0.044750948884413694,6.0437765761100435,2.2973400956248734e-06,stochastic_proposal_reached,True
Peak,v913_paper_peak01_0242980_persistent_sites,735.9214951373579,100000000.0,30,0.9375,0.49,2.2973400956248734e-06,0.044750948884413694,6.0437765761100435,2.2973400956248734e-06,stochastic_proposal_reached,True
Peak,v913_paper_peak01_0242980_persistent_sites,735.9214951373579,100000000.0,30,0.9375,0.5,2.2973400956248734e-06,0.044750948884413694,6.0437765761100435,2.2973400956248734e-06,stochastic_proposal_reached,True
Peak,v913_paper_peak01_0242980_persistent_sites,735.9214951373579,100000000.0,30,0.9375,0.6,2.7568081147498482e-06,0.04698849632863438,6.0437765761100435,2.7568081147498482e-06,stochastic_proposal_reached,True
Peak,v913_paper_peak01_0242980_persistent_sites,735.9214951373579,100000000.0,30,0.9375,0.8,3.6757441529997978e-06,0.044750948884413694,6.0437765761100435,3.6757441529997973e-06,stochastic_proposal_reached,True
Peak,v913_paper_peak01_0242980_persistent_sites,735.9214951373579,100000000.0,30,0.9375,1.0,4.594680191249747e-06,0.044750948884413694,6.0437765761100435,4.594680191249747e-06,stochastic_proposal_reached,True
Peak,v913_paper_peak01_0242980_persistent_sites,735.9214951373579,100000000.0,30,0.9375,1.25,5.743350239062183e-06,0.04195401457913784,6.0437765761100435,5.743350239062183e-06,stochastic_proposal_reached,True
Peak,v913_paper_peak01_0242980_persistent_sites,735.9214951373579,100000000.0,30,0.9375,1.5,6.89202028687462e-06,0.03356321166331028,6.0437765761100435,6.89202028687462e-06,stochastic_proposal_reached,True
Peak,v913_paper_peak01_0242980_persistent_sites,735.9214951373579,100000000.0,30,0.9375,2.0,9.189360382499494e-06,0.044750948884413694,6.0437765761100435,9.189360382499494e-06,stochastic_proposal_reached,True
Peak,v913_paper_peak01_0242980_persistent_sites,735.9214951373579,100000000.0,30,0.9375,2.5,1.1486700478124366e-05,0.06024925845704132,6.0437765761100435,1.1486700478124366e-05,stochastic_proposal_reached,True
Peak,v913_paper_peak01_0242980_persistent_sites,735.9214951373579,100000000.0,30,0.9375,3.0,1.378404057374924e-05,0.06024925845704132,6.0437765761100435,1.378404057374924e-05,stochastic_proposal_reached,True
Peak,v913_paper_peak01_0242980_persistent_sites,735.9214951373579,100000000.0,30,0.9375,3.5,1.6081380669374112e-05,0.06024925845704132,6.0437765761100435,1.6081380669374112e-05,stochastic_proposal_reached,True
Peak,v913_paper_peak01_0242980_persistent_sites,735.9214951373579,100000000.0,30,0.9375,3.99,1.833277396308649e-05,0.06024925845704132,6.0437765761100435,1.833277396308649e-05,stochastic_proposal_reached,True
Peak,v913_paper_peak01_0242980_persistent_sites,735.9214951373579,100000000.0,30,0.9375,4.0,1.8378720764998988e-05,0.06024925845704132,6.0437765761100435,1.8378720764998988e-05,stochastic_proposal_reached,True
Peak,v913_paper_peak01_0242980_persistent_sites,735.9214951373579,100000000.0,30,0.9375,8.0,1.8378720764998988e-05,0.06024925845704132,6.0437765761100435,1.8378720764998988e-05,stochastic_proposal_reached,True
Peak,v913_paper_peak01_0242980_persistent_sites,735.9214951373579,100000000.0,31,0.96875,0.1,2.2973400956248734e-06,0.04820543697430345,5.7704851185692805,2.2973400956248734e-06,stochastic_proposal_reached,True
Peak,v913_paper_peak01_0242980_persistent_sites,735.9214951373579,100000000.0,31,0.96875,0.3,2.2973400956248734e-06,0.04820543697430345,5.7704851185692805,2.2973400956248734e-06,stochastic_proposal_reached,True
Peak,v913_paper_peak01_0242980_persistent_sites,735.9214951373579,100000000.0,31,0.96875,0.49,2.2973400956248734e-06,0.04820543697430345,5.7704851185692805,2.2973400956248734e-06,stochastic_proposal_reached,True
Peak,v913_paper_peak01_0242980_persistent_sites,735.9214951373579,100000000.0,31,0.96875,0.5,2.2973400956248734e-06,0.04820543697430345,5.7704851185692805,2.2973400956248734e-06,stochastic_proposal_reached,True
Peak,v913_paper_peak01_0242980_persistent_sites,735.9214951373579,100000000.0,31,0.96875,0.6,2.7568081147498482e-06,0.05061570882301862,5.7704851185692805,2.7568081147498482e-06,stochastic_proposal_reached,True
Peak,v913_paper_peak01_0242980_persistent_sites,735.9214951373579,100000000.0,31,0.96875,0.8,3.6757441529997978e-06,0.04820543697430345,5.7704851185692805,3.6757441529997973e-06,stochastic_proposal_reached,True
Peak,v913_paper_peak01_0242980_persistent_sites,735.9214951373579,100000000.0,31,0.96875,1.0,4.594680191249747e-06,0.04820543697430345,5.7704851185692805,4.594680191249747e-06,stochastic_proposal_reached,True
Peak,v913_paper_peak01_0242980_persistent_sites,735.9214951373579,100000000.0,31,0.96875,1.25,5.743350239062183e-06,0.04519259716340948,5.7704851185692805,5.743350239062183e-06,stochastic_proposal_reached,True
Peak,v913_paper_peak01_0242980_persistent_sites,735.9214951373579,100000000.0,31,0.96875,1.5,6.89202028687462e-06,0.03615407773072759,5.7704851185692805,6.89202028687462e-06,stochastic_proposal_reached,True
Peak,v913_paper_peak01_0242980_persistent_sites,735.9214951373579,100000000.0,31,0.96875,2.0,9.189360382499494e-06,0.04820543697430345,5.7704851185692805,9.189360382499494e-06,stochastic_proposal_reached,True
Peak,v913_paper_peak01_0242980_persistent_sites,735.9214951373579,100000000.0,31,0.96875,2.5,1.1486700478124366e-05,0.06424891400713051,5.7704851185692805,1.1486700478124366e-05,stochastic_proposal_reached,True
Peak,v913_paper_peak01_0242980_persistent_sites,735.9214951373579,100000000.0,31,0.96875,3.0,1.378404057374924e-05,0.06424891400713051,5.7704851185692805,1.378404057374924e-05,stochastic_proposal_reached,True
Peak,v913_paper_peak01_0242980_persistent_sites,735.9214951373579,100000000.0,31,0.96875,3.5,1.6081380669374112e-05,0.06424891400713051,5.7704851185692805,1.6081380669374112e-05,stochastic_proposal_reached,True
Peak,v913_paper_peak01_0242980_persistent_sites,735.9214951373579,100000000.0,31,0.96875,3.99,1.833277396308649e-05,0.06424891400713051,5.7704851185692805,1.833277396308649e-05,stochastic_proposal_reached,True
Peak,v913_paper_peak01_0242980_persistent_sites,735.9214951373579,100000000.0,31,0.96875,4.0,1.8378720764998988e-05,0.06424891400713051,5.7704851185692805,1.8378720764998988e-05,stochastic_proposal_reached,True
Peak,v913_paper_peak01_0242980_persistent_sites,735.9214951373579,100000000.0,31,0.96875,8.0,1.8378720764998988e-05,0.06424891400713051,5.7704851185692805,1.8378720764998988e-05,stochastic_proposal_reached,True
Peak,v913_paper_peak01_0242980_persistent_sites,735.9214951373579,101000000.0,0,0.0,0.1,2.2973400956248734e-06,0.049274343943083596,5.690018433845741,2.2973400956248734e-06,stochastic_proposal_reached,True
Peak,v913_paper_peak01_0242980_persistent_sites,735.9214951373579,101000000.0,0,0.0,0.3,2.2973400956248734e-06,0.049274343943083596,5.690018433845741,2.2973400956248734e-06,stochastic_proposal_reached,True
Peak,v913_paper_peak01_0242980_persistent_sites,735.9214951373579,101000000.0,0,0.0,0.49,2.2973400956248734e-06,0.049274343943083596,5.690018433845741,2.2973400956248734e-06,stochastic_proposal_reached,True
Peak,v913_paper_peak01_0242980_persistent_sites,735.9214951373579,101000000.0,0,0.0,0.5,2.2973400956248734e-06,0.049274343943083596,5.690018433845741,2.2973400956248734e-06,stochastic_proposal_reached,True
Peak,v913_paper_peak01_0242980_persistent_sites,735.9214951373579,101000000.0,0,0.0,0.6,2.7568081147498482e-06,0.051738061140237775,5.690018433845741,2.7568081147498482e-06,stochastic_proposal_reached,True
Peak,v913_paper_peak01_0242980_persistent_sites,735.9214951373579,101000000.0,0,0.0,0.8,3.6757441529997978e-06,0.049274343943083596,5.690018433845741,3.6757441529997973e-06,stochastic_proposal_reached,True
Peak,v913_paper_peak01_0242980_persistent_sites,735.9214951373579,101000000.0,0,0.0,1.0,4.594680191249747e-06,0.049274343943083596,5.690018433845741,4.594680191249747e-06,stochastic_proposal_reached,True
Peak,v913_paper_peak01_0242980_persistent_sites,735.9214951373579,101000000.0,0,0.0,1.25,5.743350239062183e-06,0.04619469744664087,5.690018433845741,5.743350239062183e-06,stochastic_proposal_reached,True
Peak,v913_paper_peak01_0242980_persistent_sites,735.9214951373579,101000000.0,0,0.0,1.5,6.89202028687462e-06,0.0369557579573127,5.690018433845741,6.89202028687462e-06,stochastic_proposal_reached,True
Peak,v913_paper_peak01_0242980_persistent_sites,735.9214951373579,101000000.0,0,0.0,2.0,9.189360382499494e-06,0.049274343943083596,5.690018433845741,9.189360382499494e-06,stochastic_proposal_reached,True
Peak,v913_paper_peak01_0242980_persistent_sites,735.9214951373579,101000000.0,0,0.0,2.5,1.1486700478124366e-05,0.06549516792472332,5.690018433845741,1.1486700478124366e-05,stochastic_proposal_reached,True
Peak,v913_paper_peak01_0242980_persistent_sites,735.9214951373579,101000000.0,0,0.0,3.0,1.378404057374924e-05,0.06549516792472332,5.690018433845741,1.378404057374924e-05,stochastic_proposal_reached,True
Peak,v913_paper_peak01_0242980_persistent_sites,735.9214951373579,101000000.0,0,0.0,3.5,1.6081380669374112e-05,0.06549516792472332,5.690018433845741,1.6081380669374112e-05,stochastic_proposal_reached,True
Peak,v913_paper_peak01_0242980_persistent_sites,735.9214951373579,101000000.0,0,0.0,3.99,1.833277396308649e-05,0.06549516792472332,5.690018433845741,1.833277396308649e-05,stochastic_proposal_reached,True
Peak,v913_paper_peak01_0242980_persistent_sites,735.9214951373579,101000000.0,0,0.0,4.0,1.8378720764998988e-05,0.06549516792472332,5.690018433845741,1.8378720764998988e-05,stochastic_proposal_reached,True
Peak,v913_paper_peak01_0242980_persistent_sites,735.9214951373579,101000000.0,0,0.0,8.0,1.8378720764998988e-05,0.06549516792472332,5.690018433845741,1.8378720764998988e-05,stochastic_proposal_reached,True
Peak,v913_paper_peak01_0242980_persistent_sites,735.9214951373579,101000000.0,1,0.03125,0.1,2.2973400956248734e-06,0.04808044516589914,5.780016070728065,2.2973400956248734e-06,stochastic_proposal_reached,True
Peak,v913_paper_peak01_0242980_persistent_sites,735.9214951373579,101000000.0,1,0.03125,0.3,2.2973400956248734e-06,0.04808044516589914,5.780016070728065,2.2973400956248734e-06,stochastic_proposal_reached,True
Peak,v913_paper_peak01_0242980_persistent_sites,735.9214951373579,101000000.0,1,0.03125,0.49,2.2973400956248734e-06,0.04808044516589914,5.780016070728065,2.2973400956248734e-06,stochastic_proposal_reached,True
Peak,v913_paper_peak01_0242980_persistent_sites,735.9214951373579,101000000.0,1,0.03125,0.5,2.2973400956248734e-06,0.04808044516589914,5.780016070728065,2.2973400956248734e-06,stochastic_proposal_reached,True
Peak,v913_paper_peak01_0242980_persistent_sites,735.9214951373579,101000000.0,1,0.03125,0.6,2.7568081147498482e-06,0.050484467424194095,5.780016070728065,2.7568081147498482e-06,stochastic_proposal_reached,True
Peak,v913_paper_peak01_0242980_persistent_sites,735.9214951373579,101000000.0,1,0.03125,0.8,3.6757441529997978e-06,0.04808044516589914,5.780016070728065,3.6757441529997973e-06,stochastic_proposal_reached,True
Peak,v913_paper_peak01_0242980_persistent_sites,735.9214951373579,101000000.0,1,0.03125,1.0,4.594680191249747e-06,0.04808044516589914,5.780016070728065,4.594680191249747e-06,stochastic_proposal_reached,True
Peak,v913_paper_peak01_0242980_persistent_sites,735.9214951373579,101000000.0,1,0.03125,1.25,5.743350239062183e-06,0.045075417343030444,5.780016070728065,5.743350239062183e-06,stochastic_proposal_reached,True
Peak,v913_paper_peak01_0242980_persistent_sites,735.9214951373579,101000000.0,1,0.03125,1.5,6.89202028687462e-06,0.03606033387442436,5.780016070728065,6.89202028687462e-06,stochastic_proposal_reached,True
Peak,v913_paper_peak01_0242980_persistent_sites,735.9214951373579,101000000.0,1,0.03125,2.0,9.189360382499494e-06,0.04808044516589914,5.780016070728065,9.189360382499494e-06,stochastic_proposal_reached,True
Peak,v913_paper_peak01_0242980_persistent_sites,735.9214951373579,101000000.0,1,0.03125,2.5,1.1486700478124366e-05,0.06411687238564312,5.780016070728065,1.1486700478124366e-05,stochastic_proposal_reached,True
Peak,v913_paper_peak01_0242980_persistent_sites,735.9214951373579,101000000.0,1,0.03125,3.0,1.378404057374924e-05,0.06411687238564312,5.780016070728065,1.378404057374924e-05,stochastic_proposal_reached,True
Peak,v913_paper_peak01_0242980_persistent_sites,735.9214951373579,101000000.0,1,0.03125,3.5,1.6081380669374112e-05,0.06411687238564312,5.780016070728065,1.6081380669374112e-05,stochastic_proposal_reached,True
Peak,v913_paper_peak01_0242980_persistent_sites,735.9214951373579,101000000.0,1,0.03125,3.99,1.833277396308649e-05,0.06411687238564312,5.780016070728065,1.833277396308649e-05,stochastic_proposal_reached,True
Peak,v913_paper_peak01_0242980_persistent_sites,735.9214951373579,101000000.0,1,0.03125,4.0,1.8378720764998988e-05,0.06411687238564312,5.780016070728065,1.8378720764998988e-05,stochastic_proposal_reached,True
Peak,v913_paper_peak01_0242980_persistent_sites,735.9214951373579,101000000.0,1,0.03125,8.0,1.8378720764998988e-05,0.06411687238564312,5.780016070728065,1.8378720764998988e-05,stochastic_proposal_reached,True
Peak,v913_paper_peak01_0242980_persistent_sites,735.9214951373579,101000000.0,2,0.0625,0.1,2.2973400956248734e-06,0.044630521851593455,6.053688751374726,2.2973400956248734e-06,stochastic_proposal_reached,True
Peak,v913_paper_peak01_0242980_persistent_sites,735.9214951373579,101000000.0,2,0.0625,0.3,2.2973400956248734e-06,0.044630521851593455,6.053688751374726,2.2973400956248734e-06,stochastic_proposal_reached,True
Peak,v913_paper_peak01_0242980_persistent_sites,735.9214951373579,101000000.0,2,0.0625,0.49,2.2973400956248734e-06,0.044630521851593455,6.053688751374726,2.2973400956248734e-06,stochastic_proposal_reached,True
Peak,v913_paper_peak01_0242980_persistent_sites,735.9214951373579,101000000.0,2,0.0625,0.5,2.2973400956248734e-06,0.044630521851593455,6.053688751374726,2.2973400956248734e-06,stochastic_proposal_reached,True
Peak,v913_paper_peak01_0242980_persistent_sites,735.9214951373579,101000000.0,2,0.0625,0.6,2.7568081147498482e-06,0.04686204794417313,6.053688751374726,2.7568081147498482e-06,stochastic_proposal_reached,True
Peak,v913_paper_peak01_0242980_persistent_sites,735.9214951373579,101000000.0,2,0.0625,0.8,3.6757441529997978e-06,0.044630521851593455,6.053688751374726,3.6757441529997973e-06,stochastic_proposal_reached,True
Peak,v913_paper_peak01_0242980_persistent_sites,735.9214951373579,101000000.0,2,0.0625,1.0,4.594680191249747e-06,0.044630521851593455,6.053688751374726,4.594680191249747e-06,stochastic_proposal_reached,True
Peak,v913_paper_peak01_0242980_persistent_sites,735.9214951373579,101000000.0,2,0.0625,1.25,5.743350239062183e-06,0.041841114235868865,6.053688751374726,5.743350239062183e-06,stochastic_proposal_reached,True
Peak,v913_paper_peak01_0242980_persistent_sites,735.9214951373579,101000000.0,2,0.0625,1.5,6.89202028687462e-06,0.033472891388695095,6.053688751374726,6.89202028687462e-06,stochastic_proposal_reached,True
Peak,v913_paper_peak01_0242980_persistent_sites,735.9214951373579,101000000.0,2,0.0625,2.0,9.189360382499494e-06,0.044630521851593455,6.053688751374726,9.189360382499494e-06,stochastic_proposal_reached,True
Peak,v913_paper_peak01_0242980_persistent_sites,735.9214951373579,101000000.0,2,0.0625,2.5,1.1486700478124366e-05,0.06012144368466821,6.053688751374726,1.1486700478124366e-05,stochastic_proposal_reached,True
Peak,v913_paper_peak01_0242980_persistent_sites,735.9214951373579,101000000.0,2,0.0625,3.0,1.378404057374924e-05,0.06012144368466821,6.053688751374726,1.378404057374924e-05,stochastic_proposal_reached,True
Peak,v913_paper_peak01_0242980_persistent_sites,735.9214951373579,101000000.0,2,0.0625,3.5,1.6081380669374112e-05,0.06012144368466821,6.053688751374726,1.6081380669374112e-05,stochastic_proposal_reached,True
Peak,v913_paper_peak01_0242980_persistent_sites,735.9214951373579,101000000.0,2,0.0625,3.99,1.833277396308649e-05,0.06012144368466821,6.053688751374726,1.833277396308649e-05,stochastic_proposal_reached,True
Peak,v913_paper_peak01_0242980_persistent_sites,735.9214951373579,101000000.0,2,0.0625,4.0,1.8378720764998988e-05,0.06012144368466821,6.053688751374726,1.8378720764998988e-05,stochastic_proposal_reached,True
Peak,v913_paper_peak01_0242980_persistent_sites,735.9214951373579,101000000.0,2,0.0625,8.0,1.8378720764998988e-05,0.06012144368466821,6.053688751374726,1.8378720764998988e-05,stochastic_proposal_reached,True
Peak,v913_paper_peak01_0242980_persistent_sites,735.9214951373579,101000000.0,3,0.09375,0.1,2.2973400956248734e-06,0.03930175278649924,6.521245906324689,2.2973400956248734e-06,stochastic_proposal_reached,True
Peak,v913_paper_peak01_0242980_persistent_sites,735.9214951373579,101000000.0,3,0.09375,0.3,2.2973400956248734e-06,0.03930175278649924,6.521245906324689,2.2973400956248734e-06,stochastic_proposal_reached,True
Peak,v913_paper_peak01_0242980_persistent_sites,735.9214951373579,101000000.0,3,0.09375,0.49,2.2973400956248734e-06,0.03930175278649924,6.521245906324689,2.2973400956248734e-06,stochastic_proposal_reached,True
Peak,v913_paper_peak01_0242980_persistent_sites,735.9214951373579,101000000.0,3,0.09375,0.5,2.2973400956248734e-06,0.03930175278649924,6.521245906324689,2.2973400956248734e-06,stochastic_proposal_reached,True
Peak,v913_paper_peak01_0242980_persistent_sites,735.9214951373579,101000000.0,3,0.09375,0.6,2.7568081147498482e-06,0.0412668404258242,6.521245906324689,2.7568081147498482e-06,stochastic_proposal_reached,True
Peak,v913_paper_peak01_0242980_persistent_sites,735.9214951373579,101000000.0,3,0.09375,0.8,3.6757441529997978e-06,0.03930175278649924,6.521245906324689,3.6757441529997973e-06,stochastic_proposal_reached,True
Peak,v913_paper_peak01_0242980_persistent_sites,735.9214951373579,101000000.0,3,0.09375,1.0,4.594680191249747e-06,0.03930175278649924,6.521245906324689,4.594680191249747e-06,stochastic_proposal_reached,True
Peak,v913_paper_peak01_0242980_persistent_sites,735.9214951373579,101000000.0,3,0.09375,1.25,5.743350239062183e-06,0.03684539323734304,6.521245906324689,5.743350239062183e-06,stochastic_proposal_reached,True
Peak,v913_paper_peak01_0242980_persistent_sites,735.9214951373579,101000000.0,3,0.09375,1.5,6.89202028687462e-06,0.029476314589874434,6.521245906324689,6.89202028687462e-06,stochastic_proposal_reached,True
Peak,v913_paper_peak01_0242980_persistent_sites,735.9214951373579,101000000.0,3,0.09375,2.0,9.189360382499494e-06,0.03930175278649924,6.521245906324689,9.189360382499494e-06,stochastic_proposal_reached,True
Peak,v913_paper_peak01_0242980_persistent_sites,735.9214951373579,101000000.0,3,0.09375,2.5,1.1486700478124366e-05,0.053908728842174014,6.521245906324689,1.1486700478124366e-05,stochastic_proposal_reached,True
Peak,v913_paper_peak01_0242980_persistent_sites,735.9214951373579,101000000.0,3,0.09375,3.0,1.378404057374924e-05,0.053908728842174014,6.521245906324689,1.378404057374924e-05,stochastic_proposal_reached,True
Peak,v913_paper_peak01_0242980_persistent_sites,735.9214951373579,101000000.0,3,0.09375,3.5,1.6081380669374112e-05,0.053908728842174014,6.521245906324689,1.6081380669374112e-05,stochastic_proposal_reached,True
Peak,v913_paper_peak01_0242980_persistent_sites,735.9214951373579,101000000.0,3,0.09375,3.99,1.833277396308649e-05,0.053908728842174014,6.521245906324689,1.833277396308649e-05,stochastic_proposal_reached,True
Peak,v913_paper_peak01_0242980_persistent_sites,735.9214951373579,101000000.0,3,0.09375,4.0,1.8378720764998988e-05,0.053908728842174014,6.521245906324689,1.8378720764998988e-05,stochastic_proposal_reached,True
Peak,v913_paper_peak01_0242980_persistent_sites,735.9214951373579,101000000.0,3,0.09375,8.0,1.8378720764998988e-05,0.053908728842174014,6.521245906324689,1.8378720764998988e-05,stochastic_proposal_reached,True
Peak,v913_paper_peak01_0242980_persistent_sites,735.9214951373579,101000000.0,4,0.125,0.1,2.2973400956248734e-06,0.03266498959851229,7.196724461444701,2.2973400956248734e-06,stochastic_proposal_reached,True
Peak,v913_paper_peak01_0242980_persistent_sites,735.9214951373579,101000000.0,4,0.125,0.3,2.2973400956248734e-06,0.03266498959851229,7.196724461444701,2.2973400956248734e-06,stochastic_proposal_reached,True
Peak,v913_paper_peak01_0242980_persistent_sites,735.9214951373579,101000000.0,4,0.125,0.49,2.2973400956248734e-06,0.03266498959851229,7.196724461444701,2.2973400956248734e-06,stochastic_proposal_reached,True
Peak,v913_paper_peak01_0242980_persistent_sites,735.9214951373579,101000000.0,4,0.125,0.5,2.2973400956248734e-06,0.03266498959851229,7.196724461444701,2.2973400956248734e-06,stochastic_proposal_reached,True
Peak,v913_paper_peak01_0242980_persistent_sites,735.9214951373579,101000000.0,4,0.125,0.6,2.7568081147498482e-06,0.0342982390784379,7.196724461444701,2.7568081147498482e-06,stochastic_proposal_reached,True
Peak,v913_paper_peak01_0242980_persistent_sites,735.9214951373579,101000000.0,4,0.125,0.8,3.6757441529997978e-06,0.03266498959851229,7.196724461444701,3.6757441529997973e-06,stochastic_proposal_reached,True
Peak,v913_paper_peak01_0242980_persistent_sites,735.9214951373579,101000000.0,4,0.125,1.0,4.594680191249747e-06,0.03266498959851229,7.196724461444701,4.594680191249747e-06,stochastic_proposal_reached,True
Peak,v913_paper_peak01_0242980_persistent_sites,735.9214951373579,101000000.0,4,0.125,1.25,5.743350239062183e-06,0.030623427748605273,7.196724461444701,5.743350239062183e-06,stochastic_proposal_reached,True
Peak,v913_paper_peak01_0242980_persistent_sites,735.9214951373579,101000000.0,4,0.125,1.5,6.89202028687462e-06,0.02449874219888422,7.196724461444701,6.89202028687462e-06,stochastic_proposal_reached,True
Peak,v913_paper_peak01_0242980_persistent_sites,735.9214951373579,101000000.0,4,0.125,2.0,9.189360382499494e-06,0.03266498959851229,7.196724461444701,9.189360382499494e-06,stochastic_proposal_reached,True
Peak,v913_paper_peak01_0242980_persistent_sites,735.9214951373579,101000000.0,4,0.125,2.5,1.1486700478124366e-05,0.046086100392056295,7.196724461444701,1.1486700478124366e-05,stochastic_proposal_reached,True
Peak,v913_paper_peak01_0242980_persistent_sites,735.9214951373579,101000000.0,4,0.125,3.0,1.378404057374924e-05,0.046086100392056295,7.196724461444701,1.378404057374924e-05,stochastic_proposal_reached,True
Peak,v913_paper_peak01_0242980_persistent_sites,735.9214951373579,101000000.0,4,0.125,3.5,1.6081380669374112e-05,0.046086100392056295,7.196724461444701,1.6081380669374112e-05,stochastic_proposal_reached,True
Peak,v913_paper_peak01_0242980_persistent_sites,735.9214951373579,101000000.0,4,0.125,3.99,1.833277396308649e-05,0.046086100392056295,7.196724461444701,1.833277396308649e-05,stochastic_proposal_reached,True
Peak,v913_paper_peak01_0242980_persistent_sites,735.9214951373579,101000000.0,4,0.125,4.0,1.8378720764998988e-05,0.046086100392056295,7.196724461444701,1.8378720764998988e-05,stochastic_proposal_reached,True
Peak,v913_paper_peak01_0242980_persistent_sites,735.9214951373579,101000000.0,4,0.125,8.0,1.8378720764998988e-05,0.046086100392056295,7.196724461444701,1.8378720764998988e-05,stochastic_proposal_reached,True
Peak,v913_paper_peak01_0242980_persistent_sites,735.9214951373579,101000000.0,5,0.15625,0.1,2.2973400956248734e-06,0.025407088406884628,8.092876328042019,2.2973400956248734e-06,stochastic_proposal_reached,True
Peak,v913_paper_peak01_0242980_persistent_sites,735.9214951373579,101000000.0,5,0.15625,0.3,2.2973400956248734e-06,0.025407088406884628,8.092876328042019,2.2973400956248734e-06,stochastic_proposal_reached,True
Peak,v913_paper_peak01_0242980_persistent_sites,735.9214951373579,101000000.0,5,0.15625,0.49,2.2973400956248734e-06,0.025407088406884628,8.092876328042019,2.2973400956248734e-06,stochastic_proposal_reached,True
Peak,v913_paper_peak01_0242980_persistent_sites,735.9214951373579,101000000.0,5,0.15625,0.5,2.2973400956248734e-06,0.025407088406884628,8.092876328042019,2.2973400956248734e-06,stochastic_proposal_reached,True
Peak,v913_paper_peak01_0242980_persistent_sites,735.9214951373579,101000000.0,5,0.15625,0.6,2.7568081147498482e-06,0.02667744282722886,8.092876328042019,2.7568081147498482e-06,stochastic_proposal_reached,True
Peak,v913_paper_peak01_0242980_persistent_sites,735.9214951373579,101000000.0,5,0.15625,0.8,3.6757441529997978e-06,0.025407088406884628,8.092876328042019,3.6757441529997973e-06,stochastic_proposal_reached,True
Peak,v913_paper_peak01_0242980_persistent_sites,735.9214951373579,101000000.0,5,0.15625,1.0,4.594680191249747e-06,0.025407088406884628,8.092876328042019,4.594680191249747e-06,stochastic_proposal_reached,True
Peak,v913_paper_peak01_0242980_persistent_sites,735.9214951373579,101000000.0,5,0.15625,1.25,5.743350239062183e-06,0.02381914538145434,8.092876328042019,5.743350239062183e-06,stochastic_proposal_reached,True
Peak,v913_paper_peak01_0242980_persistent_sites,735.9214951373579,101000000.0,5,0.15625,1.5,6.89202028687462e-06,0.019055316305163474,8.092876328042019,6.89202028687462e-06,stochastic_proposal_reached,True
Peak,v913_paper_peak01_0242980_persistent_sites,735.9214951373579,101000000.0,5,0.15625,2.0,9.189360382499494e-06,0.025407088406884628,8.092876328042019,9.189360382499494e-06,stochastic_proposal_reached,True
Peak,v913_paper_peak01_0242980_persistent_sites,735.9214951373579,101000000.0,5,0.15625,2.5,1.1486700478124366e-05,0.03738899613138358,8.092876328042019,1.1486700478124366e-05,stochastic_proposal_reached,True
Peak,v913_paper_peak01_0242980_persistent_sites,735.9214951373579,101000000.0,5,0.15625,3.0,1.378404057374924e-05,0.03738899613138358,8.092876328042019,1.378404057374924e-05,stochastic_proposal_reached,True
Peak,v913_paper_peak01_0242980_persistent_sites,735.9214951373579,101000000.0,5,0.15625,3.5,1.6081380669374112e-05,0.03738899613138358,8.092876328042019,1.6081380669374112e-05,stochastic_proposal_reached,True
Peak,v913_paper_peak01_0242980_persistent_sites,735.9214951373579,101000000.0,5,0.15625,3.99,1.833277396308649e-05,0.03738899613138358,8.092876328042019,1.833277396308649e-05,stochastic_proposal_reached,True
Peak,v913_paper_peak01_0242980_persistent_sites,735.9214951373579,101000000.0,5,0.15625,4.0,1.8378720764998988e-05,0.03738899613138358,8.092876328042019,1.8378720764998988e-05,stochastic_proposal_reached,True
Peak,v913_paper_peak01_0242980_persistent_sites,735.9214951373579,101000000.0,5,0.15625,8.0,1.8378720764998988e-05,0.03738899613138358,8.092876328042019,1.8378720764998988e-05,stochastic_proposal_reached,True
Peak,v913_paper_peak01_0242980_persistent_sites,735.9214951373579,101000000.0,6,0.1875,0.1,2.2973400956248734e-06,0.018238775316009377,9.21310849153878,2.2973400956248734e-06,stochastic_proposal_reached,True
Peak,v913_paper_peak01_0242980_persistent_sites,735.9214951373579,101000000.0,6,0.1875,0.3,2.2973400956248734e-06,0.018238775316009377,9.21310849153878,2.2973400956248734e-06,stochastic_proposal_reached,True
Peak,v913_paper_peak01_0242980_persistent_sites,735.9214951373579,101000000.0,6,0.1875,0.49,2.2973400956248734e-06,0.018238775316009377,9.21310849153878,2.2973400956248734e-06,stochastic_proposal_reached,True
Peak,v913_paper_peak01_0242980_persistent_sites,735.9214951373579,101000000.0,6,0.1875,0.5,2.2973400956248734e-06,0.018238775316009377,9.21310849153878,2.2973400956248734e-06,stochastic_proposal_reached,True
Peak,v913_paper_peak01_0242980_persistent_sites,735.9214951373579,101000000.0,6,0.1875,0.6,2.7568081147498482e-06,0.019150714081809846,9.21310849153878,2.7568081147498482e-06,stochastic_proposal_reached,True
Peak,v913_paper_peak01_0242980_persistent_sites,735.9214951373579,101000000.0,6,0.1875,0.8,3.6757441529997978e-06,0.018238775316009377,9.21310849153878,3.6757441529997973e-06,stochastic_proposal_reached,True
Peak,v913_paper_peak01_0242980_persistent_sites,735.9214951373579,101000000.0,6,0.1875,1.0,4.594680191249747e-06,0.018238775316009377,9.21310849153878,4.594680191249747e-06,stochastic_proposal_reached,True
Peak,v913_paper_peak01_0242980_persistent_sites,735.9214951373579,101000000.0,6,0.1875,1.25,5.743350239062183e-06,0.01709885185875879,9.21310849153878,5.743350239062183e-06,stochastic_proposal_reached,True
Peak,v913_paper_peak01_0242980_persistent_sites,735.9214951373579,101000000.0,6,0.1875,1.5,6.89202028687462e-06,0.013679081487007033,9.21310849153878,6.89202028687462e-06,stochastic_proposal_reached,True
Peak,v913_paper_peak01_0242980_persistent_sites,735.9214951373579,101000000.0,6,0.1875,2.0,9.189360382499494e-06,0.018238775316009377,9.21310849153878,9.189360382499494e-06,stochastic_proposal_reached,True
Peak,v913_paper_peak01_0242980_persistent_sites,735.9214951373579,101000000.0,6,0.1875,2.5,1.1486700478124366e-05,0.028586459472201398,9.21310849153878,1.1486700478124366e-05,stochastic_proposal_reached,True
Peak,v913_paper_peak01_0242980_persistent_sites,735.9214951373579,101000000.0,6,0.1875,3.0,1.378404057374924e-05,0.028586459472201398,9.21310849153878,1.378404057374924e-05,stochastic_proposal_reached,True
Peak,v913_paper_peak01_0242980_persistent_sites,735.9214951373579,101000000.0,6,0.1875,3.5,1.6081380669374112e-05,0.028586459472201398,9.21310849153878,1.6081380669374112e-05,stochastic_proposal_reached,True
Peak,v913_paper_peak01_0242980_persistent_sites,735.9214951373579,101000000.0,6,0.1875,3.99,1.833277396308649e-05,0.028586459472201398,9.21310849153878,1.833277396308649e-05,stochastic_proposal_reached,True
Peak,v913_paper_peak01_0242980_persistent_sites,735.9214951373579,101000000.0,6,0.1875,4.0,1.8378720764998988e-05,0.028586459472201398,9.21310849153878,1.8378720764998988e-05,stochastic_proposal_reached,True
Peak,v913_paper_peak01_0242980_persistent_sites,735.9214951373579,101000000.0,6,0.1875,8.0,1.8378720764998988e-05,0.028586459472201398,9.21310849153878,1.8378720764998988e-05,stochastic_proposal_reached,True
Peak,v913_paper_peak01_0242980_persistent_sites,735.9214951373579,101000000.0,7,0.21875,0.1,2.2973400956248734e-06,0.011801594599065223,10.540516182819902,2.2973400956248734e-06,stochastic_proposal_reached,True
Peak,v913_paper_peak01_0242980_persistent_sites,735.9214951373579,101000000.0,7,0.21875,0.3,2.2973400956248734e-06,0.011801594599065223,10.540516182819902,2.2973400956248734e-06,stochastic_proposal_reached,True
Peak,v913_paper_peak01_0242980_persistent_sites,735.9214951373579,101000000.0,7,0.21875,0.49,2.2973400956248734e-06,0.011801594599065223,10.540516182819902,2.2973400956248734e-06,stochastic_proposal_reached,True
Peak,v913_paper_peak01_0242980_persistent_sites,735.9214951373579,101000000.0,7,0.21875,0.5,2.2973400956248734e-06,0.011801594599065223,10.540516182819902,2.2973400956248734e-06,stochastic_proposal_reached,True
Peak,v913_paper_peak01_0242980_persistent_sites,735.9214951373579,101000000.0,7,0.21875,0.6,2.7568081147498482e-06,0.012391674329018484,10.540516182819902,2.7568081147498482e-06,stochastic_proposal_reached,True
Peak,v913_paper_peak01_0242980_persistent_sites,735.9214951373579,101000000.0,7,0.21875,0.8,3.6757441529997978e-06,0.011801594599065223,10.540516182819902,3.6757441529997973e-06,stochastic_proposal_reached,True
Peak,v913_paper_peak01_0242980_persistent_sites,735.9214951373579,101000000.0,7,0.21875,1.0,4.594680191249747e-06,0.011801594599065223,10.540516182819902,4.594680191249747e-06,stochastic_proposal_reached,True
Peak,v913_paper_peak01_0242980_persistent_sites,735.9214951373579,101000000.0,7,0.21875,1.25,5.743350239062183e-06,0.011063994936623647,10.540516182819902,5.743350239062183e-06,stochastic_proposal_reached,True
Peak,v913_paper_peak01_0242980_persistent_sites,735.9214951373579,101000000.0,7,0.21875,1.5,6.89202028687462e-06,0.008851195949298918,10.540516182819902,6.89202028687462e-06,stochastic_proposal_reached,True
Peak,v913_paper_peak01_0242980_persistent_sites,735.9214951373579,101000000.0,7,0.21875,2.0,9.189360382499494e-06,0.011801594599065223,10.540516182819902,9.189360382499494e-06,stochastic_proposal_reached,True
Peak,v913_paper_peak01_0242980_persistent_sites,735.9214951373579,101000000.0,7,0.21875,2.5,1.1486700478124366e-05,0.02038538834845305,10.540516182819902,1.1486700478124366e-05,stochastic_proposal_reached,True
Peak,v913_paper_peak01_0242980_persistent_sites,735.9214951373579,101000000.0,7,0.21875,3.0,1.378404057374924e-05,0.02038538834845305,10.540516182819902,1.378404057374924e-05,stochastic_proposal_reached,True
Peak,v913_paper_peak01_0242980_persistent_sites,735.9214951373579,101000000.0,7,0.21875,3.5,1.6081380669374112e-05,0.02038538834845305,10.540516182819902,1.6081380669374112e-05,stochastic_proposal_reached,True
Peak,v913_paper_peak01_0242980_persistent_sites,735.9214951373579,101000000.0,7,0.21875,3.99,1.833277396308649e-05,0.02038538834845305,10.540516182819902,1.833277396308649e-05,stochastic_proposal_reached,True
Peak,v913_paper_peak01_0242980_persistent_sites,735.9214951373579,101000000.0,7,0.21875,4.0,1.8378720764998988e-05,0.02038538834845305,10.540516182819902,1.8378720764998988e-05,stochastic_proposal_reached,True
Peak,v913_paper_peak01_0242980_persistent_sites,735.9214951373579,101000000.0,7,0.21875,8.0,1.8378720764998988e-05,0.02038538834845305,10.540516182819902,1.8378720764998988e-05,stochastic_proposal_reached,True
Peak,v913_paper_peak01_0242980_persistent_sites,735.9214951373579,101000000.0,8,0.25,0.1,2.2973400956248734e-06,0.006587523669094834,12.02528015326347,2.2973400956248734e-06,stochastic_proposal_reached,True
Peak,v913_paper_peak01_0242980_persistent_sites,735.9214951373579,101000000.0,8,0.25,0.3,2.2973400956248734e-06,0.006587523669094834,12.02528015326347,2.2973400956248734e-06,stochastic_proposal_reached,True
Peak,v913_paper_peak01_0242980_persistent_sites,735.9214951373579,101000000.0,8,0.25,0.49,2.2973400956248734e-06,0.006587523669094834,12.02528015326347,2.2973400956248734e-06,stochastic_proposal_reached,True
Peak,v913_paper_peak01_0242980_persistent_sites,735.9214951373579,101000000.0,8,0.25,0.5,2.2973400956248734e-06,0.006587523669094834,12.02528015326347,2.2973400956248734e-06,stochastic_proposal_reached,True
Peak,v913_paper_peak01_0242980_persistent_sites,735.9214951373579,101000000.0,8,0.25,0.6,2.7568081147498482e-06,0.006916899852549576,12.02528015326347,2.7568081147498482e-06,stochastic_proposal_reached,True
Peak,v913_paper_peak01_0242980_persistent_sites,735.9214951373579,101000000.0,8,0.25,0.8,3.6757441529997978e-06,0.006587523669094834,12.02528015326347,3.6757441529997973e-06,stochastic_proposal_reached,True
Peak,v913_paper_peak01_0242980_persistent_sites,735.9214951373579,101000000.0,8,0.25,1.0,4.594680191249747e-06,0.006587523669094834,12.02528015326347,4.594680191249747e-06,stochastic_proposal_reached,True
Peak,v913_paper_peak01_0242980_persistent_sites,735.9214951373579,101000000.0,8,0.25,1.25,5.743350239062183e-06,0.006175803439776408,12.02528015326347,5.743350239062183e-06,stochastic_proposal_reached,True
Peak,v913_paper_peak01_0242980_persistent_sites,735.9214951373579,101000000.0,8,0.25,1.5,6.89202028687462e-06,0.004940642751821126,12.02528015326347,6.89202028687462e-06,stochastic_proposal_reached,True
Peak,v913_paper_peak01_0242980_persistent_sites,735.9214951373579,101000000.0,8,0.25,2.0,9.189360382499494e-06,0.006587523669094834,12.02528015326347,9.189360382499494e-06,stochastic_proposal_reached,True
Peak,v913_paper_peak01_0242980_persistent_sites,735.9214951373579,101000000.0,8,0.25,2.5,1.1486700478124366e-05,0.013347250260237864,12.02528015326347,1.1486700478124366e-05,stochastic_proposal_reached,True
Peak,v913_paper_peak01_0242980_persistent_sites,735.9214951373579,101000000.0,8,0.25,3.0,1.378404057374924e-05,0.013347250260237864,12.02528015326347,1.378404057374924e-05,stochastic_proposal_reached,True
Peak,v913_paper_peak01_0242980_persistent_sites,735.9214951373579,101000000.0,8,0.25,3.5,1.6081380669374112e-05,0.013347250260237864,12.02528015326347,1.6081380669374112e-05,stochastic_proposal_reached,True
Peak,v913_paper_peak01_0242980_persistent_sites,735.9214951373579,101000000.0,8,0.25,3.99,1.833277396308649e-05,0.013347250260237864,12.02528015326347,1.833277396308649e-05,stochastic_proposal_reached,True
Peak,v913_paper_peak01_0242980_persistent_sites,735.9214951373579,101000000.0,8,0.25,4.0,1.8378720764998988e-05,0.013347250260237864,12.02528015326347,1.8378720764998988e-05,stochastic_proposal_reached,True
Peak,v913_paper_peak01_0242980_persistent_sites,735.9214951373579,101000000.0,8,0.25,8.0,1.8378720764998988e-05,0.013347250260237864,12.02528015326347,1.8378720764998988e-05,stochastic_proposal_reached,True
Peak,v913_paper_peak01_0242980_persistent_sites,735.9214951373579,101000000.0,9,0.28125,0.1,2.2973400956248734e-06,0.002882828504639085,13.572912254590566,2.2973400956248734e-06,stochastic_proposal_reached,True
Peak,v913_paper_peak01_0242980_persistent_sites,735.9214951373579,101000000.0,9,0.28125,0.3,2.2973400956248734e-06,0.002882828504639085,13.572912254590566,2.2973400956248734e-06,stochastic_proposal_reached,True
Peak,v913_paper_peak01_0242980_persistent_sites,735.9214951373579,101000000.0,9,0.28125,0.49,2.2973400956248734e-06,0.002882828504639085,13.572912254590566,2.2973400956248734e-06,stochastic_proposal_reached,True
Peak,v913_paper_peak01_0242980_persistent_sites,735.9214951373579,101000000.0,9,0.28125,0.5,2.2973400956248734e-06,0.002882828504639085,13.572912254590566,2.2973400956248734e-06,stochastic_proposal_reached,True
Peak,v913_paper_peak01_0242980_persistent_sites,735.9214951373579,101000000.0,9,0.28125,0.6,2.7568081147498482e-06,0.003026969929871039,13.572912254590566,2.7568081147498482e-06,stochastic_proposal_reached,True
Peak,v913_paper_peak01_0242980_persistent_sites,735.9214951373579,101000000.0,9,0.28125,0.8,3.6757441529997978e-06,0.002882828504639085,13.572912254590566,3.6757441529997973e-06,stochastic_proposal_reached,True
Peak,v913_paper_peak01_0242980_persistent_sites,735.9214951373579,101000000.0,9,0.28125,1.0,4.594680191249747e-06,0.002882828504639085,13.572912254590566,4.594680191249747e-06,stochastic_proposal_reached,True
Peak,v913_paper_peak01_0242980_persistent_sites,735.9214951373579,101000000.0,9,0.28125,1.25,5.743350239062183e-06,0.002702651723099142,13.572912254590566,5.743350239062183e-06,stochastic_proposal_reached,True
Peak,v913_paper_peak01_0242980_persistent_sites,735.9214951373579,101000000.0,9,0.28125,1.5,6.89202028687462e-06,0.0023765046604538043,13.572912254590566,6.89202028687462e-06,stochastic_proposal_reached,True
Peak,v913_paper_peak01_0242980_persistent_sites,735.9214951373579,101000000.0,9,0.28125,2.0,9.189360382499494e-06,0.002882828504639085,13.572912254590566,9.189360382499494e-06,stochastic_proposal_reached,True
Peak,v913_paper_peak01_0242980_persistent_sites,735.9214951373579,101000000.0,9,0.28125,2.5,1.1486700478124366e-05,0.00782900769893935,13.572912254590566,1.1486700478124366e-05,stochastic_proposal_reached,True
Peak,v913_paper_peak01_0242980_persistent_sites,735.9214951373579,101000000.0,9,0.28125,3.0,1.378404057374924e-05,0.00782900769893935,13.572912254590566,1.378404057374924e-05,stochastic_proposal_reached,True
Peak,v913_paper_peak01_0242980_persistent_sites,735.9214951373579,101000000.0,9,0.28125,3.5,1.6081380669374112e-05,0.00782900769893935,13.572912254590566,1.6081380669374112e-05,stochastic_proposal_reached,True
Peak,v913_paper_peak01_0242980_persistent_sites,735.9214951373579,101000000.0,9,0.28125,3.99,1.833277396308649e-05,0.00782900769893935,13.572912254590566,1.833277396308649e-05,stochastic_proposal_reached,True
Peak,v913_paper_peak01_0242980_persistent_sites,735.9214951373579,101000000.0,9,0.28125,4.0,1.8378720764998988e-05,0.00782900769893935,13.572912254590566,1.8378720764998988e-05,stochastic_proposal_reached,True
Peak,v913_paper_peak01_0242980_persistent_sites,735.9214951373579,101000000.0,9,0.28125,8.0,1.8378720764998988e-05,0.00782900769893935,13.572912254590566,1.8378720764998988e-05,stochastic_proposal_reached,True
Peak,v913_paper_peak01_0242980_persistent_sites,735.9214951373579,101000000.0,10,0.3125,0.1,2.2973400956248734e-06,0.0010146539112168007,15.033585760690181,2.2973400956248734e-06,stochastic_proposal_reached,True
Peak,v913_paper_peak01_0242980_persistent_sites,735.9214951373579,101000000.0,10,0.3125,0.3,2.2973400956248734e-06,0.0010146539112168007,15.033585760690181,2.2973400956248734e-06,stochastic_proposal_reached,True
Peak,v913_paper_peak01_0242980_persistent_sites,735.9214951373579,101000000.0,10,0.3125,0.49,2.2973400956248734e-06,0.0010146539112168007,15.033585760690181,2.2973400956248734e-06,stochastic_proposal_reached,True
Peak,v913_paper_peak01_0242980_persistent_sites,735.9214951373579,101000000.0,10,0.3125,0.5,2.2973400956248734e-06,0.0010146539112168007,15.033585760690181,2.2973400956248734e-06,stochastic_proposal_reached,True
Peak,v913_paper_peak01_0242980_persistent_sites,735.9214951373579,101000000.0,10,0.3125,0.6,2.7568081147498482e-06,0.0010146539112168007,15.033585760690181,2.7568081147498482e-06,stochastic_proposal_reached,True
Peak,v913_paper_peak01_0242980_persistent_sites,735.9214951373579,101000000.0,10,0.3125,0.8,3.6757441529997978e-06,0.0010146539112168007,15.033585760690181,3.6757441529997973e-06,stochastic_proposal_reached,True
Peak,v913_paper_peak01_0242980_persistent_sites,735.9214951373579,101000000.0,10,0.3125,1.0,4.594680191249747e-06,0.0010146539112168007,15.033585760690181,4.594680191249747e-06,stochastic_proposal_reached,True
Peak,v913_paper_peak01_0242980_persistent_sites,735.9214951373579,101000000.0,10,0.3125,1.25,5.743350239062183e-06,0.0010146539112168007,15.033585760690181,5.743350239062183e-06,stochastic_proposal_reached,True
Peak,v913_paper_peak01_0242980_persistent_sites,735.9214951373579,101000000.0,10,0.3125,1.5,6.89202028687462e-06,0.0010146539112168007,15.033585760690181,6.89202028687462e-06,stochastic_proposal_reached,True
Peak,v913_paper_peak01_0242980_persistent_sites,735.9214951373579,101000000.0,10,0.3125,2.0,9.189360382499494e-06,0.0010146539112168007,15.033585760690181,9.189360382499494e-06,stochastic_proposal_reached,True
Peak,v913_paper_peak01_0242980_persistent_sites,735.9214951373579,101000000.0,10,0.3125,2.5,1.1486700478124366e-05,0.0039562328398417,15.033585760690181,1.1486700478124366e-05,stochastic_proposal_reached,True
Peak,v913_paper_peak01_0242980_persistent_sites,735.9214951373579,101000000.0,10,0.3125,3.0,1.378404057374924e-05,0.0039562328398417,15.033585760690181,1.378404057374924e-05,stochastic_proposal_reached,True
Peak,v913_paper_peak01_0242980_persistent_sites,735.9214951373579,101000000.0,10,0.3125,3.5,1.6081380669374112e-05,0.0039562328398417,15.033585760690181,1.6081380669374112e-05,stochastic_proposal_reached,True
Peak,v913_paper_peak01_0242980_persistent_sites,735.9214951373579,101000000.0,10,0.3125,3.99,1.833277396308649e-05,0.0039562328398417,15.033585760690181,1.833277396308649e-05,stochastic_proposal_reached,True
Peak,v913_paper_peak01_0242980_persistent_sites,735.9214951373579,101000000.0,10,0.3125,4.0,1.8378720764998988e-05,0.0039562328398417,15.033585760690181,1.8378720764998988e-05,stochastic_proposal_reached,True
Peak,v913_paper_peak01_0242980_persistent_sites,735.9214951373579,101000000.0,10,0.3125,8.0,1.8378720764998988e-05,0.0039562328398417,15.033585760690181,1.8378720764998988e-05,stochastic_proposal_reached,True
Peak,v913_paper_peak01_0242980_persistent_sites,735.9214951373579,101000000.0,11,0.34375,0.1,2.2973400956248734e-06,0.0003063387325199507,16.151542486415508,2.2973400956248734e-06,stochastic_proposal_reached,True
Peak,v913_paper_peak01_0242980_persistent_sites,735.9214951373579,101000000.0,11,0.34375,0.3,2.2973400956248734e-06,0.0003063387325199507,16.151542486415508,2.2973400956248734e-06,stochastic_proposal_reached,True
Peak,v913_paper_peak01_0242980_persistent_sites,735.9214951373579,101000000.0,11,0.34375,0.49,2.2973400956248734e-06,0.0003063387325199507,16.151542486415508,2.2973400956248734e-06,stochastic_proposal_reached,True
Peak,v913_paper_peak01_0242980_persistent_sites,735.9214951373579,101000000.0,11,0.34375,0.5,2.2973400956248734e-06,0.0003063387325199507,16.151542486415508,2.2973400956248734e-06,stochastic_proposal_reached,True
Peak,v913_paper_peak01_0242980_persistent_sites,735.9214951373579,101000000.0,11,0.34375,0.6,2.7568081147498482e-06,0.0003063387325199507,16.151542486415508,2.7568081147498482e-06,stochastic_proposal_reached,True
Peak,v913_paper_peak01_0242980_persistent_sites,735.9214951373579,101000000.0,11,0.34375,0.8,3.6757441529997978e-06,0.0003063387325199507,16.151542486415508,3.6757441529997973e-06,stochastic_proposal_reached,True
Peak,v913_paper_peak01_0242980_persistent_sites,735.9214951373579,101000000.0,11,0.34375,1.0,4.594680191249747e-06,0.0003063387325199507,16.151542486415508,4.594680191249747e-06,stochastic_proposal_reached,True
Peak,v913_paper_peak01_0242980_persistent_sites,735.9214951373579,101000000.0,11,0.34375,1.25,5.743350239062183e-06,0.0003063387325199507,16.151542486415508,5.743350239062183e-06,stochastic_proposal_reached,True
Peak,v913_paper_peak01_0242980_persistent_sites,735.9214951373579,101000000.0,11,0.34375,1.5,6.89202028687462e-06,0.0003063387325199507,16.151542486415508,6.89202028687462e-06,stochastic_proposal_reached,True
Peak,v913_paper_peak01_0242980_persistent_sites,735.9214951373579,101000000.0,11,0.34375,2.0,9.189360382499494e-06,0.0003063387325199507,16.151542486415508,9.189360382499494e-06,stochastic_proposal_reached,True
Peak,v913_paper_peak01_0242980_persistent_sites,735.9214951373579,101000000.0,11,0.34375,2.5,1.1486700478124366e-05,0.0016314493128657404,16.151542486415508,1.1486700478124366e-05,stochastic_proposal_reached,True
Peak,v913_paper_peak01_0242980_persistent_sites,735.9214951373579,101000000.0,11,0.34375,3.0,1.378404057374924e-05,0.0016314493128657404,16.151542486415508,1.378404057374924e-05,stochastic_proposal_reached,True
Peak,v913_paper_peak01_0242980_persistent_sites,735.9214951373579,101000000.0,11,0.34375,3.5,1.6081380669374112e-05,0.0016314493128657404,16.151542486415508,1.6081380669374112e-05,stochastic_proposal_reached,True
Peak,v913_paper_peak01_0242980_persistent_sites,735.9214951373579,101000000.0,11,0.34375,3.99,1.833277396308649e-05,0.0016314493128657404,16.151542486415508,1.833277396308649e-05,stochastic_proposal_reached,True
Peak,v913_paper_peak01_0242980_persistent_sites,735.9214951373579,101000000.0,11,0.34375,4.0,1.8378720764998988e-05,0.0016314493128657404,16.151542486415508,1.8378720764998988e-05,stochastic_proposal_reached,True
Peak,v913_paper_peak01_0242980_persistent_sites,735.9214951373579,101000000.0,11,0.34375,8.0,1.8378720764998988e-05,0.0016314493128657404,16.151542486415508,1.8378720764998988e-05,stochastic_proposal_reached,True
Peak,v913_paper_peak01_0242980_persistent_sites,735.9214951373579,101000000.0,12,0.375,0.1,2.2973400956248734e-06,0.00011680989989759638,16.226685260645713,2.2973400956248734e-06,stochastic_proposal_reached,True
Peak,v913_paper_peak01_0242980_persistent_sites,735.9214951373579,101000000.0,12,0.375,0.3,2.2973400956248734e-06,0.00011680989989759638,16.226685260645713,2.2973400956248734e-06,stochastic_proposal_reached,True
Peak,v913_paper_peak01_0242980_persistent_sites,735.9214951373579,101000000.0,12,0.375,0.49,2.2973400956248734e-06,0.00011680989989759638,16.226685260645713,2.2973400956248734e-06,stochastic_proposal_reached,True
Peak,v913_paper_peak01_0242980_persistent_sites,735.9214951373579,101000000.0,12,0.375,0.5,2.2973400956248734e-06,0.00011680989989759638,16.226685260645713,2.2973400956248734e-06,stochastic_proposal_reached,True
Peak,v913_paper_peak01_0242980_persistent_sites,735.9214951373579,101000000.0,12,0.375,0.6,2.7568081147498482e-06,0.00011680989989759638,16.226685260645713,2.7568081147498482e-06,stochastic_proposal_reached,True
Peak,v913_paper_peak01_0242980_persistent_sites,735.9214951373579,101000000.0,12,0.375,0.8,3.6757441529997978e-06,0.00011680989989759638,16.226685260645713,3.6757441529997973e-06,stochastic_proposal_reached,True
Peak,v913_paper_peak01_0242980_persistent_sites,735.9214951373579,101000000.0,12,0.375,1.0,4.594680191249747e-06,0.00011680989989759638,16.226685260645713,4.594680191249747e-06,stochastic_proposal_reached,True
Peak,v913_paper_peak01_0242980_persistent_sites,735.9214951373579,101000000.0,12,0.375,1.25,5.743350239062183e-06,0.00011680989989759638,16.226685260645713,5.743350239062183e-06,stochastic_proposal_reached,True
Peak,v913_paper_peak01_0242980_persistent_sites,735.9214951373579,101000000.0,12,0.375,1.5,6.89202028687462e-06,0.00011680989989759638,16.226685260645713,6.89202028687462e-06,stochastic_proposal_reached,True
Peak,v913_paper_peak01_0242980_persistent_sites,735.9214951373579,101000000.0,12,0.375,2.0,9.189360382499494e-06,0.00011680989989759638,16.226685260645713,7.198629807521489e-06,hazard_derived_energy_arrest,True
Peak,v913_paper_peak01_0242980_persistent_sites,735.9214951373579,101000000.0,12,0.375,2.5,1.1486700478124366e-05,0.00011680989989759638,16.226685260645713,7.198629834907918e-06,hazard_derived_energy_arrest,True
Peak,v913_paper_peak01_0242980_persistent_sites,735.9214951373579,101000000.0,12,0.375,3.0,1.378404057374924e-05,0.00011680989989759638,16.226685260645713,7.198629780135063e-06,hazard_derived_energy_arrest,True
Peak,v913_paper_peak01_0242980_persistent_sites,735.9214951373579,101000000.0,12,0.375,3.5,1.6081380669374112e-05,0.00011680989989759638,16.226685260645713,7.198629780135061e-06,hazard_derived_energy_arrest,True
Peak,v913_paper_peak01_0242980_persistent_sites,735.9214951373579,101000000.0,12,0.375,3.99,1.833277396308649e-05,0.00011680989989759638,16.226685260645713,7.198629814641962e-06,hazard_derived_energy_arrest,True
Peak,v913_paper_peak01_0242980_persistent_sites,735.9214951373579,101000000.0,12,0.375,4.0,1.8378720764998988e-05,0.00011680989989759638,16.226685260645713,7.198629752748633e-06,hazard_derived_energy_arrest,True
Peak,v913_paper_peak01_0242980_persistent_sites,735.9214951373579,101000000.0,12,0.375,8.0,1.8378720764998988e-05,0.00011680989989759638,16.226685260645713,7.198629752748633e-06,hazard_derived_energy_arrest,True
Peak,v913_paper_peak01_0242980_persistent_sites,735.9214951373579,101000000.0,13,0.40625,0.1,2.2973400956248734e-06,0.0002622949901868177,16.226685260645713,2.2973400956248734e-06,stochastic_proposal_reached,True
Peak,v913_paper_peak01_0242980_persistent_sites,735.9214951373579,101000000.0,13,0.40625,0.3,2.2973400956248734e-06,0.0002622949901868177,16.226685260645713,2.2973400956248734e-06,stochastic_proposal_reached,True
Peak,v913_paper_peak01_0242980_persistent_sites,735.9214951373579,101000000.0,13,0.40625,0.49,2.2973400956248734e-06,0.0002622949901868177,16.226685260645713,2.2973400956248734e-06,stochastic_proposal_reached,True
Peak,v913_paper_peak01_0242980_persistent_sites,735.9214951373579,101000000.0,13,0.40625,0.5,2.2973400956248734e-06,0.0002622949901868177,16.226685260645713,2.2973400956248734e-06,stochastic_proposal_reached,True
Peak,v913_paper_peak01_0242980_persistent_sites,735.9214951373579,101000000.0,13,0.40625,0.6,2.7568081147498482e-06,0.0002622949901868177,16.226685260645713,2.7568081147498482e-06,stochastic_proposal_reached,True
Peak,v913_paper_peak01_0242980_persistent_sites,735.9214951373579,101000000.0,13,0.40625,0.8,3.6757441529997978e-06,0.0002622949901868177,16.226685260645713,3.6757441529997973e-06,stochastic_proposal_reached,True
Peak,v913_paper_peak01_0242980_persistent_sites,735.9214951373579,101000000.0,13,0.40625,1.0,4.594680191249747e-06,0.0002622949901868177,16.226685260645713,4.594680191249747e-06,stochastic_proposal_reached,True
Peak,v913_paper_peak01_0242980_persistent_sites,735.9214951373579,101000000.0,13,0.40625,1.25,5.743350239062183e-06,0.0002622949901868177,16.226685260645713,5.743350239062183e-06,stochastic_proposal_reached,True
Peak,v913_paper_peak01_0242980_persistent_sites,735.9214951373579,101000000.0,13,0.40625,1.5,6.89202028687462e-06,0.0002622949901868177,16.226685260645713,6.89202028687462e-06,stochastic_proposal_reached,True
Peak,v913_paper_peak01_0242980_persistent_sites,735.9214951373579,101000000.0,13,0.40625,2.0,9.189360382499494e-06,0.0002622949901868177,16.226685260645713,9.189360382499494e-06,stochastic_proposal_reached,True
Peak,v913_paper_peak01_0242980_persistent_sites,735.9214951373579,101000000.0,13,0.40625,2.5,1.1486700478124366e-05,0.0003937782147935831,16.226685260645713,1.1486700478124366e-05,stochastic_proposal_reached,True
Peak,v913_paper_peak01_0242980_persistent_sites,735.9214951373579,101000000.0,13,0.40625,3.0,1.378404057374924e-05,0.0003937782147935831,16.226685260645713,1.378404057374924e-05,stochastic_proposal_reached,True
Peak,v913_paper_peak01_0242980_persistent_sites,735.9214951373579,101000000.0,13,0.40625,3.5,1.6081380669374112e-05,0.0003937782147935831,16.226685260645713,1.6081380669374112e-05,stochastic_proposal_reached,True
Peak,v913_paper_peak01_0242980_persistent_sites,735.9214951373579,101000000.0,13,0.40625,3.99,1.833277396308649e-05,0.0003937782147935831,16.226685260645713,1.833277396308649e-05,stochastic_proposal_reached,True
Peak,v913_paper_peak01_0242980_persistent_sites,735.9214951373579,101000000.0,13,0.40625,4.0,1.8378720764998988e-05,0.0003937782147935831,16.226685260645713,1.8378720764998988e-05,stochastic_proposal_reached,True
Peak,v913_paper_peak01_0242980_persistent_sites,735.9214951373579,101000000.0,13,0.40625,8.0,1.8378720764998988e-05,0.0003937782147935831,16.226685260645713,1.8378720764998988e-05,stochastic_proposal_reached,True
Peak,v913_paper_peak01_0242980_persistent_sites,735.9214951373579,101000000.0,14,0.4375,0.1,2.2973400956248734e-06,0.000546147183043022,16.226685260645713,2.2973400956248734e-06,stochastic_proposal_reached,True
Peak,v913_paper_peak01_0242980_persistent_sites,735.9214951373579,101000000.0,14,0.4375,0.3,2.2973400956248734e-06,0.000546147183043022,16.226685260645713,2.2973400956248734e-06,stochastic_proposal_reached,True
Peak,v913_paper_peak01_0242980_persistent_sites,735.9214951373579,101000000.0,14,0.4375,0.49,2.2973400956248734e-06,0.000546147183043022,16.226685260645713,2.2973400956248734e-06,stochastic_proposal_reached,True
Peak,v913_paper_peak01_0242980_persistent_sites,735.9214951373579,101000000.0,14,0.4375,0.5,2.2973400956248734e-06,0.000546147183043022,16.226685260645713,2.2973400956248734e-06,stochastic_proposal_reached,True
Peak,v913_paper_peak01_0242980_persistent_sites,735.9214951373579,101000000.0,14,0.4375,0.6,2.7568081147498482e-06,0.000546147183043022,16.226685260645713,2.7568081147498482e-06,stochastic_proposal_reached,True
Peak,v913_paper_peak01_0242980_persistent_sites,735.9214951373579,101000000.0,14,0.4375,0.8,3.6757441529997978e-06,0.000546147183043022,16.226685260645713,3.6757441529997973e-06,stochastic_proposal_reached,True
Peak,v913_paper_peak01_0242980_persistent_sites,735.9214951373579,101000000.0,14,0.4375,1.0,4.594680191249747e-06,0.000546147183043022,16.226685260645713,4.594680191249747e-06,stochastic_proposal_reached,True
Peak,v913_paper_peak01_0242980_persistent_sites,735.9214951373579,101000000.0,14,0.4375,1.25,5.743350239062183e-06,0.000546147183043022,16.226685260645713,5.743350239062183e-06,stochastic_proposal_reached,True
Peak,v913_paper_peak01_0242980_persistent_sites,735.9214951373579,101000000.0,14,0.4375,1.5,6.89202028687462e-06,0.000546147183043022,16.226685260645713,6.89202028687462e-06,stochastic_proposal_reached,True
Peak,v913_paper_peak01_0242980_persistent_sites,735.9214951373579,101000000.0,14,0.4375,2.0,9.189360382499494e-06,0.000546147183043022,16.226685260645713,9.189360382499494e-06,stochastic_proposal_reached,True
Peak,v913_paper_peak01_0242980_persistent_sites,735.9214951373579,101000000.0,14,0.4375,2.5,1.1486700478124366e-05,0.000658816504500559,16.226685260645713,1.1486700478124366e-05,stochastic_proposal_reached,True
Peak,v913_paper_peak01_0242980_persistent_sites,735.9214951373579,101000000.0,14,0.4375,3.0,1.378404057374924e-05,0.000658816504500559,16.226685260645713,1.378404057374924e-05,stochastic_proposal_reached,True
Peak,v913_paper_peak01_0242980_persistent_sites,735.9214951373579,101000000.0,14,0.4375,3.5,1.6081380669374112e-05,0.000658816504500559,16.226685260645713,1.6081380669374112e-05,stochastic_proposal_reached,True
Peak,v913_paper_peak01_0242980_persistent_sites,735.9214951373579,101000000.0,14,0.4375,3.99,1.833277396308649e-05,0.000658816504500559,16.226685260645713,1.833277396308649e-05,stochastic_proposal_reached,True
Peak,v913_paper_peak01_0242980_persistent_sites,735.9214951373579,101000000.0,14,0.4375,4.0,1.8378720764998988e-05,0.000658816504500559,16.226685260645713,1.8378720764998988e-05,stochastic_proposal_reached,True
Peak,v913_paper_peak01_0242980_persistent_sites,735.9214951373579,101000000.0,14,0.4375,8.0,1.8378720764998988e-05,0.000658816504500559,16.226685260645713,1.8378720764998988e-05,stochastic_proposal_reached,True
Peak,v913_paper_peak01_0242980_persistent_sites,735.9214951373579,101000000.0,15,0.46875,0.1,2.2973400956248734e-06,0.0007954888183265285,16.226685260645713,2.2973400956248734e-06,stochastic_proposal_reached,True
Peak,v913_paper_peak01_0242980_persistent_sites,735.9214951373579,101000000.0,15,0.46875,0.3,2.2973400956248734e-06,0.0007954888183265285,16.226685260645713,2.2973400956248734e-06,stochastic_proposal_reached,True
Peak,v913_paper_peak01_0242980_persistent_sites,735.9214951373579,101000000.0,15,0.46875,0.49,2.2973400956248734e-06,0.0007954888183265285,16.226685260645713,2.2973400956248734e-06,stochastic_proposal_reached,True
Peak,v913_paper_peak01_0242980_persistent_sites,735.9214951373579,101000000.0,15,0.46875,0.5,2.2973400956248734e-06,0.0007954888183265285,16.226685260645713,2.2973400956248734e-06,stochastic_proposal_reached,True
Peak,v913_paper_peak01_0242980_persistent_sites,735.9214951373579,101000000.0,15,0.46875,0.6,2.7568081147498482e-06,0.0007954888183265285,16.226685260645713,2.7568081147498482e-06,stochastic_proposal_reached,True
Peak,v913_paper_peak01_0242980_persistent_sites,735.9214951373579,101000000.0,15,0.46875,0.8,3.6757441529997978e-06,0.0007954888183265285,16.226685260645713,3.6757441529997973e-06,stochastic_proposal_reached,True
Peak,v913_paper_peak01_0242980_persistent_sites,735.9214951373579,101000000.0,15,0.46875,1.0,4.594680191249747e-06,0.0007954888183265285,16.226685260645713,4.594680191249747e-06,stochastic_proposal_reached,True
Peak,v913_paper_peak01_0242980_persistent_sites,735.9214951373579,101000000.0,15,0.46875,1.25,5.743350239062183e-06,0.0007954888183265285,16.226685260645713,5.743350239062183e-06,stochastic_proposal_reached,True
Peak,v913_paper_peak01_0242980_persistent_sites,735.9214951373579,101000000.0,15,0.46875,1.5,6.89202028687462e-06,0.0007954888183265285,16.226685260645713,6.89202028687462e-06,stochastic_proposal_reached,True
Peak,v913_paper_peak01_0242980_persistent_sites,735.9214951373579,101000000.0,15,0.46875,2.0,9.189360382499494e-06,0.0007954888183265285,16.226685260645713,9.189360382499494e-06,stochastic_proposal_reached,True
Peak,v913_paper_peak01_0242980_persistent_sites,735.9214951373579,101000000.0,15,0.46875,2.5,1.1486700478124366e-05,0.0009916840681862826,16.226685260645713,1.1486700478124366e-05,stochastic_proposal_reached,True
Peak,v913_paper_peak01_0242980_persistent_sites,735.9214951373579,101000000.0,15,0.46875,3.0,1.378404057374924e-05,0.0009916840681862826,16.226685260645713,1.378404057374924e-05,stochastic_proposal_reached,True
Peak,v913_paper_peak01_0242980_persistent_sites,735.9214951373579,101000000.0,15,0.46875,3.5,1.6081380669374112e-05,0.0009916840681862826,16.226685260645713,1.6081380669374112e-05,stochastic_proposal_reached,True
Peak,v913_paper_peak01_0242980_persistent_sites,735.9214951373579,101000000.0,15,0.46875,3.99,1.833277396308649e-05,0.0009916840681862826,16.226685260645713,1.833277396308649e-05,stochastic_proposal_reached,True
Peak,v913_paper_peak01_0242980_persistent_sites,735.9214951373579,101000000.0,15,0.46875,4.0,1.8378720764998988e-05,0.0009916840681862826,16.226685260645713,1.8378720764998988e-05,stochastic_proposal_reached,True
Peak,v913_paper_peak01_0242980_persistent_sites,735.9214951373579,101000000.0,15,0.46875,8.0,1.8378720764998988e-05,0.0009916840681862826,16.226685260645713,1.8378720764998988e-05,stochastic_proposal_reached,True
Peak,v913_paper_peak01_0242980_persistent_sites,735.9214951373579,101000000.0,16,0.5,0.1,2.2973400956248734e-06,0.0008925133574103072,16.226685260645713,2.2973400956248734e-06,stochastic_proposal_reached,True
Peak,v913_paper_peak01_0242980_persistent_sites,735.9214951373579,101000000.0,16,0.5,0.3,2.2973400956248734e-06,0.0008925133574103072,16.226685260645713,2.2973400956248734e-06,stochastic_proposal_reached,True
Peak,v913_paper_peak01_0242980_persistent_sites,735.9214951373579,101000000.0,16,0.5,0.49,2.2973400956248734e-06,0.0008925133574103072,16.226685260645713,2.2973400956248734e-06,stochastic_proposal_reached,True
Peak,v913_paper_peak01_0242980_persistent_sites,735.9214951373579,101000000.0,16,0.5,0.5,2.2973400956248734e-06,0.0008925133574103072,16.226685260645713,2.2973400956248734e-06,stochastic_proposal_reached,True
Peak,v913_paper_peak01_0242980_persistent_sites,735.9214951373579,101000000.0,16,0.5,0.6,2.7568081147498482e-06,0.0008925133574103072,16.226685260645713,2.7568081147498482e-06,stochastic_proposal_reached,True
Peak,v913_paper_peak01_0242980_persistent_sites,735.9214951373579,101000000.0,16,0.5,0.8,3.6757441529997978e-06,0.0008925133574103072,16.226685260645713,3.6757441529997973e-06,stochastic_proposal_reached,True
Peak,v913_paper_peak01_0242980_persistent_sites,735.9214951373579,101000000.0,16,0.5,1.0,4.594680191249747e-06,0.0008925133574103072,16.226685260645713,4.594680191249747e-06,stochastic_proposal_reached,True
Peak,v913_paper_peak01_0242980_persistent_sites,735.9214951373579,101000000.0,16,0.5,1.25,5.743350239062183e-06,0.0008925133574103072,16.226685260645713,5.743350239062183e-06,stochastic_proposal_reached,True
Peak,v913_paper_peak01_0242980_persistent_sites,735.9214951373579,101000000.0,16,0.5,1.5,6.89202028687462e-06,0.0008925133574103072,16.226685260645713,6.89202028687462e-06,stochastic_proposal_reached,True
Peak,v913_paper_peak01_0242980_persistent_sites,735.9214951373579,101000000.0,16,0.5,2.0,9.189360382499494e-06,0.0008925133574103072,16.226685260645713,9.189360382499494e-06,stochastic_proposal_reached,True
Peak,v913_paper_peak01_0242980_persistent_sites,735.9214951373579,101000000.0,16,0.5,2.5,1.1486700478124366e-05,0.0011332840560144275,16.226685260645713,1.1486700478124366e-05,stochastic_proposal_reached,True
Peak,v913_paper_peak01_0242980_persistent_sites,735.9214951373579,101000000.0,16,0.5,3.0,1.378404057374924e-05,0.0011332840560144275,16.226685260645713,1.378404057374924e-05,stochastic_proposal_reached,True
Peak,v913_paper_peak01_0242980_persistent_sites,735.9214951373579,101000000.0,16,0.5,3.5,1.6081380669374112e-05,0.0011332840560144275,16.226685260645713,1.6081380669374112e-05,stochastic_proposal_reached,True
Peak,v913_paper_peak01_0242980_persistent_sites,735.9214951373579,101000000.0,16,0.5,3.99,1.833277396308649e-05,0.0011332840560144275,16.226685260645713,1.833277396308649e-05,stochastic_proposal_reached,True
Peak,v913_paper_peak01_0242980_persistent_sites,735.9214951373579,101000000.0,16,0.5,4.0,1.8378720764998988e-05,0.0011332840560144275,16.226685260645713,1.8378720764998988e-05,stochastic_proposal_reached,True
Peak,v913_paper_peak01_0242980_persistent_sites,735.9214951373579,101000000.0,16,0.5,8.0,1.8378720764998988e-05,0.0011332840560144275,16.226685260645713,1.8378720764998988e-05,stochastic_proposal_reached,True
Peak,v913_paper_peak01_0242980_persistent_sites,735.9214951373579,101000000.0,17,0.53125,0.1,2.2973400956248734e-06,0.0007954888183265285,16.226685260645713,2.2973400956248734e-06,stochastic_proposal_reached,True
Peak,v913_paper_peak01_0242980_persistent_sites,735.9214951373579,101000000.0,17,0.53125,0.3,2.2973400956248734e-06,0.0007954888183265285,16.226685260645713,2.2973400956248734e-06,stochastic_proposal_reached,True
Peak,v913_paper_peak01_0242980_persistent_sites,735.9214951373579,101000000.0,17,0.53125,0.49,2.2973400956248734e-06,0.0007954888183265285,16.226685260645713,2.2973400956248734e-06,stochastic_proposal_reached,True
Peak,v913_paper_peak01_0242980_persistent_sites,735.9214951373579,101000000.0,17,0.53125,0.5,2.2973400956248734e-06,0.0007954888183265285,16.226685260645713,2.2973400956248734e-06,stochastic_proposal_reached,True
Peak,v913_paper_peak01_0242980_persistent_sites,735.9214951373579,101000000.0,17,0.53125,0.6,2.7568081147498482e-06,0.0007954888183265285,16.226685260645713,2.7568081147498482e-06,stochastic_proposal_reached,True
Peak,v913_paper_peak01_0242980_persistent_sites,735.9214951373579,101000000.0,17,0.53125,0.8,3.6757441529997978e-06,0.0007954888183265285,16.226685260645713,3.6757441529997973e-06,stochastic_proposal_reached,True
Peak,v913_paper_peak01_0242980_persistent_sites,735.9214951373579,101000000.0,17,0.53125,1.0,4.594680191249747e-06,0.0007954888183265285,16.226685260645713,4.594680191249747e-06,stochastic_proposal_reached,True
Peak,v913_paper_peak01_0242980_persistent_sites,735.9214951373579,101000000.0,17,0.53125,1.25,5.743350239062183e-06,0.0007954888183265285,16.226685260645713,5.743350239062183e-06,stochastic_proposal_reached,True
Peak,v913_paper_peak01_0242980_persistent_sites,735.9214951373579,101000000.0,17,0.53125,1.5,6.89202028687462e-06,0.0007954888183265285,16.226685260645713,6.89202028687462e-06,stochastic_proposal_reached,True
Peak,v913_paper_peak01_0242980_persistent_sites,735.9214951373579,101000000.0,17,0.53125,2.0,9.189360382499494e-06,0.0007954888183265285,16.226685260645713,9.189360382499494e-06,stochastic_proposal_reached,True
Peak,v913_paper_peak01_0242980_persistent_sites,735.9214951373579,101000000.0,17,0.53125,2.5,1.1486700478124366e-05,0.0009916840681862826,16.226685260645713,1.1486700478124366e-05,stochastic_proposal_reached,True
Peak,v913_paper_peak01_0242980_persistent_sites,735.9214951373579,101000000.0,17,0.53125,3.0,1.378404057374924e-05,0.0009916840681862826,16.226685260645713,1.378404057374924e-05,stochastic_proposal_reached,True
Peak,v913_paper_peak01_0242980_persistent_sites,735.9214951373579,101000000.0,17,0.53125,3.5,1.6081380669374112e-05,0.0009916840681862826,16.226685260645713,1.6081380669374112e-05,stochastic_proposal_reached,True
Peak,v913_paper_peak01_0242980_persistent_sites,735.9214951373579,101000000.0,17,0.53125,3.99,1.833277396308649e-05,0.0009916840681862826,16.226685260645713,1.833277396308649e-05,stochastic_proposal_reached,True
Peak,v913_paper_peak01_0242980_persistent_sites,735.9214951373579,101000000.0,17,0.53125,4.0,1.8378720764998988e-05,0.0009916840681862826,16.226685260645713,1.8378720764998988e-05,stochastic_proposal_reached,True
Peak,v913_paper_peak01_0242980_persistent_sites,735.9214951373579,101000000.0,17,0.53125,8.0,1.8378720764998988e-05,0.0009916840681862826,16.226685260645713,1.8378720764998988e-05,stochastic_proposal_reached,True
Peak,v913_paper_peak01_0242980_persistent_sites,735.9214951373579,101000000.0,18,0.5625,0.1,2.2973400956248734e-06,0.0005461471830427445,16.226685260645713,2.2973400956248734e-06,stochastic_proposal_reached,True
Peak,v913_paper_peak01_0242980_persistent_sites,735.9214951373579,101000000.0,18,0.5625,0.3,2.2973400956248734e-06,0.0005461471830427445,16.226685260645713,2.2973400956248734e-06,stochastic_proposal_reached,True
Peak,v913_paper_peak01_0242980_persistent_sites,735.9214951373579,101000000.0,18,0.5625,0.49,2.2973400956248734e-06,0.0005461471830427445,16.226685260645713,2.2973400956248734e-06,stochastic_proposal_reached,True
Peak,v913_paper_peak01_0242980_persistent_sites,735.9214951373579,101000000.0,18,0.5625,0.5,2.2973400956248734e-06,0.0005461471830427445,16.226685260645713,2.2973400956248734e-06,stochastic_proposal_reached,True
Peak,v913_paper_peak01_0242980_persistent_sites,735.9214951373579,101000000.0,18,0.5625,0.6,2.7568081147498482e-06,0.0005461471830427445,16.226685260645713,2.7568081147498482e-06,stochastic_proposal_reached,True
Peak,v913_paper_peak01_0242980_persistent_sites,735.9214951373579,101000000.0,18,0.5625,0.8,3.6757441529997978e-06,0.0005461471830427445,16.226685260645713,3.6757441529997973e-06,stochastic_proposal_reached,True
Peak,v913_paper_peak01_0242980_persistent_sites,735.9214951373579,101000000.0,18,0.5625,1.0,4.594680191249747e-06,0.0005461471830427445,16.226685260645713,4.594680191249747e-06,stochastic_proposal_reached,True
Peak,v913_paper_peak01_0242980_persistent_sites,735.9214951373579,101000000.0,18,0.5625,1.25,5.743350239062183e-06,0.0005461471830427445,16.226685260645713,5.743350239062183e-06,stochastic_proposal_reached,True
Peak,v913_paper_peak01_0242980_persistent_sites,735.9214951373579,101000000.0,18,0.5625,1.5,6.89202028687462e-06,0.0005461471830427445,16.226685260645713,6.89202028687462e-06,stochastic_proposal_reached,True
Peak,v913_paper_peak01_0242980_persistent_sites,735.9214951373579,101000000.0,18,0.5625,2.0,9.189360382499494e-06,0.0005461471830427445,16.226685260645713,9.189360382499494e-06,stochastic_proposal_reached,True
Peak,v913_paper_peak01_0242980_persistent_sites,735.9214951373579,101000000.0,18,0.5625,2.5,1.1486700478124366e-05,0.0006588165045003924,16.226685260645713,1.1486700478124366e-05,stochastic_proposal_reached,True
Peak,v913_paper_peak01_0242980_persistent_sites,735.9214951373579,101000000.0,18,0.5625,3.0,1.378404057374924e-05,0.0006588165045003924,16.226685260645713,1.378404057374924e-05,stochastic_proposal_reached,True
Peak,v913_paper_peak01_0242980_persistent_sites,735.9214951373579,101000000.0,18,0.5625,3.5,1.6081380669374112e-05,0.0006588165045003924,16.226685260645713,1.6081380669374112e-05,stochastic_proposal_reached,True
Peak,v913_paper_peak01_0242980_persistent_sites,735.9214951373579,101000000.0,18,0.5625,3.99,1.833277396308649e-05,0.0006588165045003924,16.226685260645713,1.833277396308649e-05,stochastic_proposal_reached,True
Peak,v913_paper_peak01_0242980_persistent_sites,735.9214951373579,101000000.0,18,0.5625,4.0,1.8378720764998988e-05,0.0006588165045003924,16.226685260645713,1.8378720764998988e-05,stochastic_proposal_reached,True
Peak,v913_paper_peak01_0242980_persistent_sites,735.9214951373579,101000000.0,18,0.5625,8.0,1.8378720764998988e-05,0.0006588165045003924,16.226685260645713,1.8378720764998988e-05,stochastic_proposal_reached,True
Peak,v913_paper_peak01_0242980_persistent_sites,735.9214951373579,101000000.0,19,0.59375,0.1,2.2973400956248734e-06,0.0002622949901864846,16.226685260645713,2.2973400956248734e-06,stochastic_proposal_reached,True
Peak,v913_paper_peak01_0242980_persistent_sites,735.9214951373579,101000000.0,19,0.59375,0.3,2.2973400956248734e-06,0.0002622949901864846,16.226685260645713,2.2973400956248734e-06,stochastic_proposal_reached,True
Peak,v913_paper_peak01_0242980_persistent_sites,735.9214951373579,101000000.0,19,0.59375,0.49,2.2973400956248734e-06,0.0002622949901864846,16.226685260645713,2.2973400956248734e-06,stochastic_proposal_reached,True
Peak,v913_paper_peak01_0242980_persistent_sites,735.9214951373579,101000000.0,19,0.59375,0.5,2.2973400956248734e-06,0.0002622949901864846,16.226685260645713,2.2973400956248734e-06,stochastic_proposal_reached,True
Peak,v913_paper_peak01_0242980_persistent_sites,735.9214951373579,101000000.0,19,0.59375,0.6,2.7568081147498482e-06,0.0002622949901864846,16.226685260645713,2.7568081147498482e-06,stochastic_proposal_reached,True
Peak,v913_paper_peak01_0242980_persistent_sites,735.9214951373579,101000000.0,19,0.59375,0.8,3.6757441529997978e-06,0.0002622949901864846,16.226685260645713,3.6757441529997973e-06,stochastic_proposal_reached,True
Peak,v913_paper_peak01_0242980_persistent_sites,735.9214951373579,101000000.0,19,0.59375,1.0,4.594680191249747e-06,0.0002622949901864846,16.226685260645713,4.594680191249747e-06,stochastic_proposal_reached,True
Peak,v913_paper_peak01_0242980_persistent_sites,735.9214951373579,101000000.0,19,0.59375,1.25,5.743350239062183e-06,0.0002622949901864846,16.226685260645713,5.743350239062183e-06,stochastic_proposal_reached,True
Peak,v913_paper_peak01_0242980_persistent_sites,735.9214951373579,101000000.0,19,0.59375,1.5,6.89202028687462e-06,0.0002622949901864846,16.226685260645713,6.89202028687462e-06,stochastic_proposal_reached,True
Peak,v913_paper_peak01_0242980_persistent_sites,735.9214951373579,101000000.0,19,0.59375,2.0,9.189360382499494e-06,0.0002622949901864846,16.226685260645713,9.189360382499494e-06,stochastic_proposal_reached,True
Peak,v913_paper_peak01_0242980_persistent_sites,735.9214951373579,101000000.0,19,0.59375,2.5,1.1486700478124366e-05,0.00039377821479336106,16.226685260645713,1.1486700478124366e-05,stochastic_proposal_reached,True
Peak,v913_paper_peak01_0242980_persistent_sites,735.9214951373579,101000000.0,19,0.59375,3.0,1.378404057374924e-05,0.00039377821479336106,16.226685260645713,1.378404057374924e-05,stochastic_proposal_reached,True
Peak,v913_paper_peak01_0242980_persistent_sites,735.9214951373579,101000000.0,19,0.59375,3.5,1.6081380669374112e-05,0.00039377821479336106,16.226685260645713,1.6081380669374112e-05,stochastic_proposal_reached,True
Peak,v913_paper_peak01_0242980_persistent_sites,735.9214951373579,101000000.0,19,0.59375,3.99,1.833277396308649e-05,0.00039377821479336106,16.226685260645713,1.833277396308649e-05,stochastic_proposal_reached,True
Peak,v913_paper_peak01_0242980_persistent_sites,735.9214951373579,101000000.0,19,0.59375,4.0,1.8378720764998988e-05,0.00039377821479336106,16.226685260645713,1.8378720764998988e-05,stochastic_proposal_reached,True
Peak,v913_paper_peak01_0242980_persistent_sites,735.9214951373579,101000000.0,19,0.59375,8.0,1.8378720764998988e-05,0.00039377821479336106,16.226685260645713,1.8378720764998988e-05,stochastic_proposal_reached,True
Peak,v913_paper_peak01_0242980_persistent_sites,735.9214951373579,101000000.0,20,0.625,0.1,2.2973400956248734e-06,0.00011680989989759638,16.226685260645713,2.2973400956248734e-06,stochastic_proposal_reached,True
Peak,v913_paper_peak01_0242980_persistent_sites,735.9214951373579,101000000.0,20,0.625,0.3,2.2973400956248734e-06,0.00011680989989759638,16.226685260645713,2.2973400956248734e-06,stochastic_proposal_reached,True
Peak,v913_paper_peak01_0242980_persistent_sites,735.9214951373579,101000000.0,20,0.625,0.49,2.2973400956248734e-06,0.00011680989989759638,16.226685260645713,2.2973400956248734e-06,stochastic_proposal_reached,True
Peak,v913_paper_peak01_0242980_persistent_sites,735.9214951373579,101000000.0,20,0.625,0.5,2.2973400956248734e-06,0.00011680989989759638,16.226685260645713,2.2973400956248734e-06,stochastic_proposal_reached,True
Peak,v913_paper_peak01_0242980_persistent_sites,735.9214951373579,101000000.0,20,0.625,0.6,2.7568081147498482e-06,0.00011680989989759638,16.226685260645713,2.7568081147498482e-06,stochastic_proposal_reached,True
Peak,v913_paper_peak01_0242980_persistent_sites,735.9214951373579,101000000.0,20,0.625,0.8,3.6757441529997978e-06,0.00011680989989759638,16.226685260645713,3.6757441529997973e-06,stochastic_proposal_reached,True
Peak,v913_paper_peak01_0242980_persistent_sites,735.9214951373579,101000000.0,20,0.625,1.0,4.594680191249747e-06,0.00011680989989759638,16.226685260645713,4.594680191249747e-06,stochastic_proposal_reached,True
Peak,v913_paper_peak01_0242980_persistent_sites,735.9214951373579,101000000.0,20,0.625,1.25,5.743350239062183e-06,0.00011680989989759638,16.226685260645713,5.743350239062183e-06,stochastic_proposal_reached,True
Peak,v913_paper_peak01_0242980_persistent_sites,735.9214951373579,101000000.0,20,0.625,1.5,6.89202028687462e-06,0.00011680989989759638,16.226685260645713,6.89202028687462e-06,stochastic_proposal_reached,True
Peak,v913_paper_peak01_0242980_persistent_sites,735.9214951373579,101000000.0,20,0.625,2.0,9.189360382499494e-06,0.00011680989989759638,16.226685260645713,7.198629807521489e-06,hazard_derived_energy_arrest,True
Peak,v913_paper_peak01_0242980_persistent_sites,735.9214951373579,101000000.0,20,0.625,2.5,1.1486700478124366e-05,0.00011680989989759638,16.226685260645713,7.198629834907918e-06,hazard_derived_energy_arrest,True
Peak,v913_paper_peak01_0242980_persistent_sites,735.9214951373579,101000000.0,20,0.625,3.0,1.378404057374924e-05,0.00011680989989759638,16.226685260645713,7.198629780135063e-06,hazard_derived_energy_arrest,True
Peak,v913_paper_peak01_0242980_persistent_sites,735.9214951373579,101000000.0,20,0.625,3.5,1.6081380669374112e-05,0.00011680989989759638,16.226685260645713,7.198629780135061e-06,hazard_derived_energy_arrest,True
Peak,v913_paper_peak01_0242980_persistent_sites,735.9214951373579,101000000.0,20,0.625,3.99,1.833277396308649e-05,0.00011680989989759638,16.226685260645713,7.198629814641962e-06,hazard_derived_energy_arrest,True
Peak,v913_paper_peak01_0242980_persistent_sites,735.9214951373579,101000000.0,20,0.625,4.0,1.8378720764998988e-05,0.00011680989989759638,16.226685260645713,7.198629752748633e-06,hazard_derived_energy_arrest,True
Peak,v913_paper_peak01_0242980_persistent_sites,735.9214951373579,101000000.0,20,0.625,8.0,1.8378720764998988e-05,0.00011680989989759638,16.226685260645713,7.198629752748633e-06,hazard_derived_energy_arrest,True
Peak,v913_paper_peak01_0242980_persistent_sites,735.9214951373579,101000000.0,21,0.65625,0.1,2.2973400956248734e-06,0.0003063387325199507,16.151542486415504,2.2973400956248734e-06,stochastic_proposal_reached,True
Peak,v913_paper_peak01_0242980_persistent_sites,735.9214951373579,101000000.0,21,0.65625,0.3,2.2973400956248734e-06,0.0003063387325199507,16.151542486415504,2.2973400956248734e-06,stochastic_proposal_reached,True
Peak,v913_paper_peak01_0242980_persistent_sites,735.9214951373579,101000000.0,21,0.65625,0.49,2.2973400956248734e-06,0.0003063387325199507,16.151542486415504,2.2973400956248734e-06,stochastic_proposal_reached,True
Peak,v913_paper_peak01_0242980_persistent_sites,735.9214951373579,101000000.0,21,0.65625,0.5,2.2973400956248734e-06,0.0003063387325199507,16.151542486415504,2.2973400956248734e-06,stochastic_proposal_reached,True
Peak,v913_paper_peak01_0242980_persistent_sites,735.9214951373579,101000000.0,21,0.65625,0.6,2.7568081147498482e-06,0.0003063387325199507,16.151542486415504,2.7568081147498482e-06,stochastic_proposal_reached,True
Peak,v913_paper_peak01_0242980_persistent_sites,735.9214951373579,101000000.0,21,0.65625,0.8,3.6757441529997978e-06,0.0003063387325199507,16.151542486415504,3.6757441529997973e-06,stochastic_proposal_reached,True
Peak,v913_paper_peak01_0242980_persistent_sites,735.9214951373579,101000000.0,21,0.65625,1.0,4.594680191249747e-06,0.0003063387325199507,16.151542486415504,4.594680191249747e-06,stochastic_proposal_reached,True
Peak,v913_paper_peak01_0242980_persistent_sites,735.9214951373579,101000000.0,21,0.65625,1.25,5.743350239062183e-06,0.0003063387325199507,16.151542486415504,5.743350239062183e-06,stochastic_proposal_reached,True
Peak,v913_paper_peak01_0242980_persistent_sites,735.9214951373579,101000000.0,21,0.65625,1.5,6.89202028687462e-06,0.0003063387325199507,16.151542486415504,6.89202028687462e-06,stochastic_proposal_reached,True
Peak,v913_paper_peak01_0242980_persistent_sites,735.9214951373579,101000000.0,21,0.65625,2.0,9.189360382499494e-06,0.0003063387325199507,16.151542486415504,9.189360382499494e-06,stochastic_proposal_reached,True
Peak,v913_paper_peak01_0242980_persistent_sites,735.9214951373579,101000000.0,21,0.65625,2.5,1.1486700478124366e-05,0.0016314493128657404,16.151542486415504,1.1486700478124366e-05,stochastic_proposal_reached,True
Peak,v913_paper_peak01_0242980_persistent_sites,735.9214951373579,101000000.0,21,0.65625,3.0,1.378404057374924e-05,0.0016314493128657404,16.151542486415504,1.378404057374924e-05,stochastic_proposal_reached,True
Peak,v913_paper_peak01_0242980_persistent_sites,735.9214951373579,101000000.0,21,0.65625,3.5,1.6081380669374112e-05,0.0016314493128657404,16.151542486415504,1.6081380669374112e-05,stochastic_proposal_reached,True
Peak,v913_paper_peak01_0242980_persistent_sites,735.9214951373579,101000000.0,21,0.65625,3.99,1.833277396308649e-05,0.0016314493128657404,16.151542486415504,1.833277396308649e-05,stochastic_proposal_reached,True
Peak,v913_paper_peak01_0242980_persistent_sites,735.9214951373579,101000000.0,21,0.65625,4.0,1.8378720764998988e-05,0.0016314493128657404,16.151542486415504,1.8378720764998988e-05,stochastic_proposal_reached,True
Peak,v913_paper_peak01_0242980_persistent_sites,735.9214951373579,101000000.0,21,0.65625,8.0,1.8378720764998988e-05,0.0016314493128657404,16.151542486415504,1.8378720764998988e-05,stochastic_proposal_reached,True
Peak,v913_paper_peak01_0242980_persistent_sites,735.9214951373579,101000000.0,22,0.6875,0.1,2.2973400956248734e-06,0.0010146539112168007,15.033585760690181,2.2973400956248734e-06,stochastic_proposal_reached,True
Peak,v913_paper_peak01_0242980_persistent_sites,735.9214951373579,101000000.0,22,0.6875,0.3,2.2973400956248734e-06,0.0010146539112168007,15.033585760690181,2.2973400956248734e-06,stochastic_proposal_reached,True
Peak,v913_paper_peak01_0242980_persistent_sites,735.9214951373579,101000000.0,22,0.6875,0.49,2.2973400956248734e-06,0.0010146539112168007,15.033585760690181,2.2973400956248734e-06,stochastic_proposal_reached,True
Peak,v913_paper_peak01_0242980_persistent_sites,735.9214951373579,101000000.0,22,0.6875,0.5,2.2973400956248734e-06,0.0010146539112168007,15.033585760690181,2.2973400956248734e-06,stochastic_proposal_reached,True
Peak,v913_paper_peak01_0242980_persistent_sites,735.9214951373579,101000000.0,22,0.6875,0.6,2.7568081147498482e-06,0.0010146539112168007,15.033585760690181,2.7568081147498482e-06,stochastic_proposal_reached,True
Peak,v913_paper_peak01_0242980_persistent_sites,735.9214951373579,101000000.0,22,0.6875,0.8,3.6757441529997978e-06,0.0010146539112168007,15.033585760690181,3.6757441529997973e-06,stochastic_proposal_reached,True
Peak,v913_paper_peak01_0242980_persistent_sites,735.9214951373579,101000000.0,22,0.6875,1.0,4.594680191249747e-06,0.0010146539112168007,15.033585760690181,4.594680191249747e-06,stochastic_proposal_reached,True
Peak,v913_paper_peak01_0242980_persistent_sites,735.9214951373579,101000000.0,22,0.6875,1.25,5.743350239062183e-06,0.0010146539112168007,15.033585760690181,5.743350239062183e-06,stochastic_proposal_reached,True
Peak,v913_paper_peak01_0242980_persistent_sites,735.9214951373579,101000000.0,22,0.6875,1.5,6.89202028687462e-06,0.0010146539112168007,15.033585760690181,6.89202028687462e-06,stochastic_proposal_reached,True
Peak,v913_paper_peak01_0242980_persistent_sites,735.9214951373579,101000000.0,22,0.6875,2.0,9.189360382499494e-06,0.0010146539112168007,15.033585760690181,9.189360382499494e-06,stochastic_proposal_reached,True
Peak,v913_paper_peak01_0242980_persistent_sites,735.9214951373579,101000000.0,22,0.6875,2.5,1.1486700478124366e-05,0.0039562328398417,15.033585760690181,1.1486700478124366e-05,stochastic_proposal_reached,True
Peak,v913_paper_peak01_0242980_persistent_sites,735.9214951373579,101000000.0,22,0.6875,3.0,1.378404057374924e-05,0.0039562328398417,15.033585760690181,1.378404057374924e-05,stochastic_proposal_reached,True
Peak,v913_paper_peak01_0242980_persistent_sites,735.9214951373579,101000000.0,22,0.6875,3.5,1.6081380669374112e-05,0.0039562328398417,15.033585760690181,1.6081380669374112e-05,stochastic_proposal_reached,True
Peak,v913_paper_peak01_0242980_persistent_sites,735.9214951373579,101000000.0,22,0.6875,3.99,1.833277396308649e-05,0.0039562328398417,15.033585760690181,1.833277396308649e-05,stochastic_proposal_reached,True
Peak,v913_paper_peak01_0242980_persistent_sites,735.9214951373579,101000000.0,22,0.6875,4.0,1.8378720764998988e-05,0.0039562328398417,15.033585760690181,1.8378720764998988e-05,stochastic_proposal_reached,True
Peak,v913_paper_peak01_0242980_persistent_sites,735.9214951373579,101000000.0,22,0.6875,8.0,1.8378720764998988e-05,0.0039562328398417,15.033585760690181,1.8378720764998988e-05,stochastic_proposal_reached,True
Peak,v913_paper_peak01_0242980_persistent_sites,735.9214951373579,101000000.0,23,0.71875,0.1,2.2973400956248734e-06,0.0028828285046390754,13.57291225459057,2.2973400956248734e-06,stochastic_proposal_reached,True
Peak,v913_paper_peak01_0242980_persistent_sites,735.9214951373579,101000000.0,23,0.71875,0.3,2.2973400956248734e-06,0.0028828285046390754,13.57291225459057,2.2973400956248734e-06,stochastic_proposal_reached,True
Peak,v913_paper_peak01_0242980_persistent_sites,735.9214951373579,101000000.0,23,0.71875,0.49,2.2973400956248734e-06,0.0028828285046390754,13.57291225459057,2.2973400956248734e-06,stochastic_proposal_reached,True
Peak,v913_paper_peak01_0242980_persistent_sites,735.9214951373579,101000000.0,23,0.71875,0.5,2.2973400956248734e-06,0.0028828285046390754,13.57291225459057,2.2973400956248734e-06,stochastic_proposal_reached,True
Peak,v913_paper_peak01_0242980_persistent_sites,735.9214951373579,101000000.0,23,0.71875,0.6,2.7568081147498482e-06,0.003026969929871029,13.57291225459057,2.7568081147498482e-06,stochastic_proposal_reached,True
Peak,v913_paper_peak01_0242980_persistent_sites,735.9214951373579,101000000.0,23,0.71875,0.8,3.6757441529997978e-06,0.0028828285046390754,13.57291225459057,3.6757441529997973e-06,stochastic_proposal_reached,True
Peak,v913_paper_peak01_0242980_persistent_sites,735.9214951373579,101000000.0,23,0.71875,1.0,4.594680191249747e-06,0.0028828285046390754,13.57291225459057,4.594680191249747e-06,stochastic_proposal_reached,True
Peak,v913_paper_peak01_0242980_persistent_sites,735.9214951373579,101000000.0,23,0.71875,1.25,5.743350239062183e-06,0.0027026517230991334,13.57291225459057,5.743350239062183e-06,stochastic_proposal_reached,True
Peak,v913_paper_peak01_0242980_persistent_sites,735.9214951373579,101000000.0,23,0.71875,1.5,6.89202028687462e-06,0.0023765046604546924,13.57291225459057,6.89202028687462e-06,stochastic_proposal_reached,True
Peak,v913_paper_peak01_0242980_persistent_sites,735.9214951373579,101000000.0,23,0.71875,2.0,9.189360382499494e-06,0.0028828285046390754,13.57291225459057,9.189360382499494e-06,stochastic_proposal_reached,True
Peak,v913_paper_peak01_0242980_persistent_sites,735.9214951373579,101000000.0,23,0.71875,2.5,1.1486700478124366e-05,0.00782900769893935,13.57291225459057,1.1486700478124366e-05,stochastic_proposal_reached,True
Peak,v913_paper_peak01_0242980_persistent_sites,735.9214951373579,101000000.0,23,0.71875,3.0,1.378404057374924e-05,0.00782900769893935,13.57291225459057,1.378404057374924e-05,stochastic_proposal_reached,True
Peak,v913_paper_peak01_0242980_persistent_sites,735.9214951373579,101000000.0,23,0.71875,3.5,1.6081380669374112e-05,0.00782900769893935,13.57291225459057,1.6081380669374112e-05,stochastic_proposal_reached,True
Peak,v913_paper_peak01_0242980_persistent_sites,735.9214951373579,101000000.0,23,0.71875,3.99,1.833277396308649e-05,0.00782900769893935,13.57291225459057,1.833277396308649e-05,stochastic_proposal_reached,True
Peak,v913_paper_peak01_0242980_persistent_sites,735.9214951373579,101000000.0,23,0.71875,4.0,1.8378720764998988e-05,0.00782900769893935,13.57291225459057,1.8378720764998988e-05,stochastic_proposal_reached,True
Peak,v913_paper_peak01_0242980_persistent_sites,735.9214951373579,101000000.0,23,0.71875,8.0,1.8378720764998988e-05,0.00782900769893935,13.57291225459057,1.8378720764998988e-05,stochastic_proposal_reached,True
Peak,v913_paper_peak01_0242980_persistent_sites,735.9214951373579,101000000.0,24,0.75,0.1,2.2973400956248734e-06,0.006587523669094815,12.025280153263475,2.2973400956248734e-06,stochastic_proposal_reached,True
Peak,v913_paper_peak01_0242980_persistent_sites,735.9214951373579,101000000.0,24,0.75,0.3,2.2973400956248734e-06,0.006587523669094815,12.025280153263475,2.2973400956248734e-06,stochastic_proposal_reached,True
Peak,v913_paper_peak01_0242980_persistent_sites,735.9214951373579,101000000.0,24,0.75,0.49,2.2973400956248734e-06,0.006587523669094815,12.025280153263475,2.2973400956248734e-06,stochastic_proposal_reached,True
Peak,v913_paper_peak01_0242980_persistent_sites,735.9214951373579,101000000.0,24,0.75,0.5,2.2973400956248734e-06,0.006587523669094815,12.025280153263475,2.2973400956248734e-06,stochastic_proposal_reached,True
Peak,v913_paper_peak01_0242980_persistent_sites,735.9214951373579,101000000.0,24,0.75,0.6,2.7568081147498482e-06,0.006916899852549556,12.025280153263475,2.7568081147498482e-06,stochastic_proposal_reached,True
Peak,v913_paper_peak01_0242980_persistent_sites,735.9214951373579,101000000.0,24,0.75,0.8,3.6757441529997978e-06,0.006587523669094815,12.025280153263475,3.6757441529997973e-06,stochastic_proposal_reached,True
Peak,v913_paper_peak01_0242980_persistent_sites,735.9214951373579,101000000.0,24,0.75,1.0,4.594680191249747e-06,0.006587523669094815,12.025280153263475,4.594680191249747e-06,stochastic_proposal_reached,True
Peak,v913_paper_peak01_0242980_persistent_sites,735.9214951373579,101000000.0,24,0.75,1.25,5.743350239062183e-06,0.0061758034397763895,12.025280153263475,5.743350239062183e-06,stochastic_proposal_reached,True
Peak,v913_paper_peak01_0242980_persistent_sites,735.9214951373579,101000000.0,24,0.75,1.5,6.89202028687462e-06,0.004940642751821112,12.025280153263475,6.89202028687462e-06,stochastic_proposal_reached,True
Peak,v913_paper_peak01_0242980_persistent_sites,735.9214951373579,101000000.0,24,0.75,2.0,9.189360382499494e-06,0.006587523669094815,12.025280153263475,9.189360382499494e-06,stochastic_proposal_reached,True
Peak,v913_paper_peak01_0242980_persistent_sites,735.9214951373579,101000000.0,24,0.75,2.5,1.1486700478124366e-05,0.01334725026023964,12.025280153263475,1.1486700478124366e-05,stochastic_proposal_reached,True
Peak,v913_paper_peak01_0242980_persistent_sites,735.9214951373579,101000000.0,24,0.75,3.0,1.378404057374924e-05,0.01334725026023964,12.025280153263475,1.378404057374924e-05,stochastic_proposal_reached,True
Peak,v913_paper_peak01_0242980_persistent_sites,735.9214951373579,101000000.0,24,0.75,3.5,1.6081380669374112e-05,0.01334725026023964,12.025280153263475,1.6081380669374112e-05,stochastic_proposal_reached,True
Peak,v913_paper_peak01_0242980_persistent_sites,735.9214951373579,101000000.0,24,0.75,3.99,1.833277396308649e-05,0.01334725026023964,12.025280153263475,1.833277396308649e-05,stochastic_proposal_reached,True
Peak,v913_paper_peak01_0242980_persistent_sites,735.9214951373579,101000000.0,24,0.75,4.0,1.8378720764998988e-05,0.01334725026023964,12.025280153263475,1.8378720764998988e-05,stochastic_proposal_reached,True
Peak,v913_paper_peak01_0242980_persistent_sites,735.9214951373579,101000000.0,24,0.75,8.0,1.8378720764998988e-05,0.01334725026023964,12.025280153263475,1.8378720764998988e-05,stochastic_proposal_reached,True
Peak,v913_paper_peak01_0242980_persistent_sites,735.9214951373579,101000000.0,25,0.78125,0.1,2.2973400956248734e-06,0.011801594599065223,10.540516182819902,2.2973400956248734e-06,stochastic_proposal_reached,True
Peak,v913_paper_peak01_0242980_persistent_sites,735.9214951373579,101000000.0,25,0.78125,0.3,2.2973400956248734e-06,0.011801594599065223,10.540516182819902,2.2973400956248734e-06,stochastic_proposal_reached,True
Peak,v913_paper_peak01_0242980_persistent_sites,735.9214951373579,101000000.0,25,0.78125,0.49,2.2973400956248734e-06,0.011801594599065223,10.540516182819902,2.2973400956248734e-06,stochastic_proposal_reached,True
Peak,v913_paper_peak01_0242980_persistent_sites,735.9214951373579,101000000.0,25,0.78125,0.5,2.2973400956248734e-06,0.011801594599065223,10.540516182819902,2.2973400956248734e-06,stochastic_proposal_reached,True
Peak,v913_paper_peak01_0242980_persistent_sites,735.9214951373579,101000000.0,25,0.78125,0.6,2.7568081147498482e-06,0.012391674329018484,10.540516182819902,2.7568081147498482e-06,stochastic_proposal_reached,True
Peak,v913_paper_peak01_0242980_persistent_sites,735.9214951373579,101000000.0,25,0.78125,0.8,3.6757441529997978e-06,0.011801594599065223,10.540516182819902,3.6757441529997973e-06,stochastic_proposal_reached,True
Peak,v913_paper_peak01_0242980_persistent_sites,735.9214951373579,101000000.0,25,0.78125,1.0,4.594680191249747e-06,0.011801594599065223,10.540516182819902,4.594680191249747e-06,stochastic_proposal_reached,True
Peak,v913_paper_peak01_0242980_persistent_sites,735.9214951373579,101000000.0,25,0.78125,1.25,5.743350239062183e-06,0.011063994936623647,10.540516182819902,5.743350239062183e-06,stochastic_proposal_reached,True
Peak,v913_paper_peak01_0242980_persistent_sites,735.9214951373579,101000000.0,25,0.78125,1.5,6.89202028687462e-06,0.008851195949298918,10.540516182819902,6.89202028687462e-06,stochastic_proposal_reached,True
Peak,v913_paper_peak01_0242980_persistent_sites,735.9214951373579,101000000.0,25,0.78125,2.0,9.189360382499494e-06,0.011801594599065223,10.540516182819902,9.189360382499494e-06,stochastic_proposal_reached,True
Peak,v913_paper_peak01_0242980_persistent_sites,735.9214951373579,101000000.0,25,0.78125,2.5,1.1486700478124366e-05,0.02038538834845305,10.540516182819902,1.1486700478124366e-05,stochastic_proposal_reached,True
Peak,v913_paper_peak01_0242980_persistent_sites,735.9214951373579,101000000.0,25,0.78125,3.0,1.378404057374924e-05,0.02038538834845305,10.540516182819902,1.378404057374924e-05,stochastic_proposal_reached,True
Peak,v913_paper_peak01_0242980_persistent_sites,735.9214951373579,101000000.0,25,0.78125,3.5,1.6081380669374112e-05,0.02038538834845305,10.540516182819902,1.6081380669374112e-05,stochastic_proposal_reached,True
Peak,v913_paper_peak01_0242980_persistent_sites,735.9214951373579,101000000.0,25,0.78125,3.99,1.833277396308649e-05,0.02038538834845305,10.540516182819902,1.833277396308649e-05,stochastic_proposal_reached,True
Peak,v913_paper_peak01_0242980_persistent_sites,735.9214951373579,101000000.0,25,0.78125,4.0,1.8378720764998988e-05,0.02038538834845305,10.540516182819902,1.8378720764998988e-05,stochastic_proposal_reached,True
Peak,v913_paper_peak01_0242980_persistent_sites,735.9214951373579,101000000.0,25,0.78125,8.0,1.8378720764998988e-05,0.02038538834845305,10.540516182819902,1.8378720764998988e-05,stochastic_proposal_reached,True
Peak,v913_paper_peak01_0242980_persistent_sites,735.9214951373579,101000000.0,26,0.8125,0.1,2.2973400956248734e-06,0.018238775316009384,9.213108491538778,2.2973400956248734e-06,stochastic_proposal_reached,True
Peak,v913_paper_peak01_0242980_persistent_sites,735.9214951373579,101000000.0,26,0.8125,0.3,2.2973400956248734e-06,0.018238775316009384,9.213108491538778,2.2973400956248734e-06,stochastic_proposal_reached,True
Peak,v913_paper_peak01_0242980_persistent_sites,735.9214951373579,101000000.0,26,0.8125,0.49,2.2973400956248734e-06,0.018238775316009384,9.213108491538778,2.2973400956248734e-06,stochastic_proposal_reached,True
Peak,v913_paper_peak01_0242980_persistent_sites,735.9214951373579,101000000.0,26,0.8125,0.5,2.2973400956248734e-06,0.018238775316009384,9.213108491538778,2.2973400956248734e-06,stochastic_proposal_reached,True
Peak,v913_paper_peak01_0242980_persistent_sites,735.9214951373579,101000000.0,26,0.8125,0.6,2.7568081147498482e-06,0.019150714081809853,9.213108491538778,2.7568081147498482e-06,stochastic_proposal_reached,True
Peak,v913_paper_peak01_0242980_persistent_sites,735.9214951373579,101000000.0,26,0.8125,0.8,3.6757441529997978e-06,0.018238775316009384,9.213108491538778,3.6757441529997973e-06,stochastic_proposal_reached,True
Peak,v913_paper_peak01_0242980_persistent_sites,735.9214951373579,101000000.0,26,0.8125,1.0,4.594680191249747e-06,0.018238775316009384,9.213108491538778,4.594680191249747e-06,stochastic_proposal_reached,True
Peak,v913_paper_peak01_0242980_persistent_sites,735.9214951373579,101000000.0,26,0.8125,1.25,5.743350239062183e-06,0.0170988518587588,9.213108491538778,5.743350239062183e-06,stochastic_proposal_reached,True
Peak,v913_paper_peak01_0242980_persistent_sites,735.9214951373579,101000000.0,26,0.8125,1.5,6.89202028687462e-06,0.013679081487007038,9.213108491538778,6.89202028687462e-06,stochastic_proposal_reached,True
Peak,v913_paper_peak01_0242980_persistent_sites,735.9214951373579,101000000.0,26,0.8125,2.0,9.189360382499494e-06,0.018238775316009384,9.213108491538778,9.189360382499494e-06,stochastic_proposal_reached,True
Peak,v913_paper_peak01_0242980_persistent_sites,735.9214951373579,101000000.0,26,0.8125,2.5,1.1486700478124366e-05,0.028586459472203174,9.213108491538778,1.1486700478124366e-05,stochastic_proposal_reached,True
Peak,v913_paper_peak01_0242980_persistent_sites,735.9214951373579,101000000.0,26,0.8125,3.0,1.378404057374924e-05,0.028586459472203174,9.213108491538778,1.378404057374924e-05,stochastic_proposal_reached,True
Peak,v913_paper_peak01_0242980_persistent_sites,735.9214951373579,101000000.0,26,0.8125,3.5,1.6081380669374112e-05,0.028586459472203174,9.213108491538778,1.6081380669374112e-05,stochastic_proposal_reached,True
Peak,v913_paper_peak01_0242980_persistent_sites,735.9214951373579,101000000.0,26,0.8125,3.99,1.833277396308649e-05,0.028586459472203174,9.213108491538778,1.833277396308649e-05,stochastic_proposal_reached,True
Peak,v913_paper_peak01_0242980_persistent_sites,735.9214951373579,101000000.0,26,0.8125,4.0,1.8378720764998988e-05,0.028586459472203174,9.213108491538778,1.8378720764998988e-05,stochastic_proposal_reached,True
Peak,v913_paper_peak01_0242980_persistent_sites,735.9214951373579,101000000.0,26,0.8125,8.0,1.8378720764998988e-05,0.028586459472203174,9.213108491538778,1.8378720764998988e-05,stochastic_proposal_reached,True
Peak,v913_paper_peak01_0242980_persistent_sites,735.9214951373579,101000000.0,27,0.84375,0.1,2.2973400956248734e-06,0.02540708840688458,8.092876328042026,2.2973400956248734e-06,stochastic_proposal_reached,True
Peak,v913_paper_peak01_0242980_persistent_sites,735.9214951373579,101000000.0,27,0.84375,0.3,2.2973400956248734e-06,0.02540708840688458,8.092876328042026,2.2973400956248734e-06,stochastic_proposal_reached,True
Peak,v913_paper_peak01_0242980_persistent_sites,735.9214951373579,101000000.0,27,0.84375,0.49,2.2973400956248734e-06,0.02540708840688458,8.092876328042026,2.2973400956248734e-06,stochastic_proposal_reached,True
Peak,v913_paper_peak01_0242980_persistent_sites,735.9214951373579,101000000.0,27,0.84375,0.5,2.2973400956248734e-06,0.02540708840688458,8.092876328042026,2.2973400956248734e-06,stochastic_proposal_reached,True
Peak,v913_paper_peak01_0242980_persistent_sites,735.9214951373579,101000000.0,27,0.84375,0.6,2.7568081147498482e-06,0.026677442827228805,8.092876328042026,2.7568081147498482e-06,stochastic_proposal_reached,True
Peak,v913_paper_peak01_0242980_persistent_sites,735.9214951373579,101000000.0,27,0.84375,0.8,3.6757441529997978e-06,0.02540708840688458,8.092876328042026,3.6757441529997973e-06,stochastic_proposal_reached,True
Peak,v913_paper_peak01_0242980_persistent_sites,735.9214951373579,101000000.0,27,0.84375,1.0,4.594680191249747e-06,0.02540708840688458,8.092876328042026,4.594680191249747e-06,stochastic_proposal_reached,True
Peak,v913_paper_peak01_0242980_persistent_sites,735.9214951373579,101000000.0,27,0.84375,1.25,5.743350239062183e-06,0.02381914538145429,8.092876328042026,5.743350239062183e-06,stochastic_proposal_reached,True
Peak,v913_paper_peak01_0242980_persistent_sites,735.9214951373579,101000000.0,27,0.84375,1.5,6.89202028687462e-06,0.019055316305163435,8.092876328042026,6.89202028687462e-06,stochastic_proposal_reached,True
Peak,v913_paper_peak01_0242980_persistent_sites,735.9214951373579,101000000.0,27,0.84375,2.0,9.189360382499494e-06,0.02540708840688458,8.092876328042026,9.189360382499494e-06,stochastic_proposal_reached,True
Peak,v913_paper_peak01_0242980_persistent_sites,735.9214951373579,101000000.0,27,0.84375,2.5,1.1486700478124366e-05,0.03738899613138713,8.092876328042026,1.1486700478124366e-05,stochastic_proposal_reached,True
Peak,v913_paper_peak01_0242980_persistent_sites,735.9214951373579,101000000.0,27,0.84375,3.0,1.378404057374924e-05,0.03738899613138713,8.092876328042026,1.378404057374924e-05,stochastic_proposal_reached,True
Peak,v913_paper_peak01_0242980_persistent_sites,735.9214951373579,101000000.0,27,0.84375,3.5,1.6081380669374112e-05,0.03738899613138713,8.092876328042026,1.6081380669374112e-05,stochastic_proposal_reached,True
Peak,v913_paper_peak01_0242980_persistent_sites,735.9214951373579,101000000.0,27,0.84375,3.99,1.833277396308649e-05,0.03738899613138713,8.092876328042026,1.833277396308649e-05,stochastic_proposal_reached,True
Peak,v913_paper_peak01_0242980_persistent_sites,735.9214951373579,101000000.0,27,0.84375,4.0,1.8378720764998988e-05,0.03738899613138713,8.092876328042026,1.8378720764998988e-05,stochastic_proposal_reached,True
Peak,v913_paper_peak01_0242980_persistent_sites,735.9214951373579,101000000.0,27,0.84375,8.0,1.8378720764998988e-05,0.03738899613138713,8.092876328042026,1.8378720764998988e-05,stochastic_proposal_reached,True
Peak,v913_paper_peak01_0242980_persistent_sites,735.9214951373579,101000000.0,28,0.875,0.1,2.2973400956248734e-06,0.03266498959851229,7.196724461444701,2.2973400956248734e-06,stochastic_proposal_reached,True
Peak,v913_paper_peak01_0242980_persistent_sites,735.9214951373579,101000000.0,28,0.875,0.3,2.2973400956248734e-06,0.03266498959851229,7.196724461444701,2.2973400956248734e-06,stochastic_proposal_reached,True
Peak,v913_paper_peak01_0242980_persistent_sites,735.9214951373579,101000000.0,28,0.875,0.49,2.2973400956248734e-06,0.03266498959851229,7.196724461444701,2.2973400956248734e-06,stochastic_proposal_reached,True
Peak,v913_paper_peak01_0242980_persistent_sites,735.9214951373579,101000000.0,28,0.875,0.5,2.2973400956248734e-06,0.03266498959851229,7.196724461444701,2.2973400956248734e-06,stochastic_proposal_reached,True
Peak,v913_paper_peak01_0242980_persistent_sites,735.9214951373579,101000000.0,28,0.875,0.6,2.7568081147498482e-06,0.0342982390784379,7.196724461444701,2.7568081147498482e-06,stochastic_proposal_reached,True
Peak,v913_paper_peak01_0242980_persistent_sites,735.9214951373579,101000000.0,28,0.875,0.8,3.6757441529997978e-06,0.03266498959851229,7.196724461444701,3.6757441529997973e-06,stochastic_proposal_reached,True
Peak,v913_paper_peak01_0242980_persistent_sites,735.9214951373579,101000000.0,28,0.875,1.0,4.594680191249747e-06,0.03266498959851229,7.196724461444701,4.594680191249747e-06,stochastic_proposal_reached,True
Peak,v913_paper_peak01_0242980_persistent_sites,735.9214951373579,101000000.0,28,0.875,1.25,5.743350239062183e-06,0.030623427748605273,7.196724461444701,5.743350239062183e-06,stochastic_proposal_reached,True
Peak,v913_paper_peak01_0242980_persistent_sites,735.9214951373579,101000000.0,28,0.875,1.5,6.89202028687462e-06,0.02449874219888422,7.196724461444701,6.89202028687462e-06,stochastic_proposal_reached,True
Peak,v913_paper_peak01_0242980_persistent_sites,735.9214951373579,101000000.0,28,0.875,2.0,9.189360382499494e-06,0.03266498959851229,7.196724461444701,9.189360382499494e-06,stochastic_proposal_reached,True
Peak,v913_paper_peak01_0242980_persistent_sites,735.9214951373579,101000000.0,28,0.875,2.5,1.1486700478124366e-05,0.046086100392056295,7.196724461444701,1.1486700478124366e-05,stochastic_proposal_reached,True
Peak,v913_paper_peak01_0242980_persistent_sites,735.9214951373579,101000000.0,28,0.875,3.0,1.378404057374924e-05,0.046086100392056295,7.196724461444701,1.378404057374924e-05,stochastic_proposal_reached,True
Peak,v913_paper_peak01_0242980_persistent_sites,735.9214951373579,101000000.0,28,0.875,3.5,1.6081380669374112e-05,0.046086100392056295,7.196724461444701,1.6081380669374112e-05,stochastic_proposal_reached,True
Peak,v913_paper_peak01_0242980_persistent_sites,735.9214951373579,101000000.0,28,0.875,3.99,1.833277396308649e-05,0.046086100392056295,7.196724461444701,1.833277396308649e-05,stochastic_proposal_reached,True
Peak,v913_paper_peak01_0242980_persistent_sites,735.9214951373579,101000000.0,28,0.875,4.0,1.8378720764998988e-05,0.046086100392056295,7.196724461444701,1.8378720764998988e-05,stochastic_proposal_reached,True
Peak,v913_paper_peak01_0242980_persistent_sites,735.9214951373579,101000000.0,28,0.875,8.0,1.8378720764998988e-05,0.046086100392056295,7.196724461444701,1.8378720764998988e-05,stochastic_proposal_reached,True
Peak,v913_paper_peak01_0242980_persistent_sites,735.9214951373579,101000000.0,29,0.90625,0.1,2.2973400956248734e-06,0.03930175278649924,6.521245906324689,2.2973400956248734e-06,stochastic_proposal_reached,True
Peak,v913_paper_peak01_0242980_persistent_sites,735.9214951373579,101000000.0,29,0.90625,0.3,2.2973400956248734e-06,0.03930175278649924,6.521245906324689,2.2973400956248734e-06,stochastic_proposal_reached,True
Peak,v913_paper_peak01_0242980_persistent_sites,735.9214951373579,101000000.0,29,0.90625,0.49,2.2973400956248734e-06,0.03930175278649924,6.521245906324689,2.2973400956248734e-06,stochastic_proposal_reached,True
Peak,v913_paper_peak01_0242980_persistent_sites,735.9214951373579,101000000.0,29,0.90625,0.5,2.2973400956248734e-06,0.03930175278649924,6.521245906324689,2.2973400956248734e-06,stochastic_proposal_reached,True
Peak,v913_paper_peak01_0242980_persistent_sites,735.9214951373579,101000000.0,29,0.90625,0.6,2.7568081147498482e-06,0.0412668404258242,6.521245906324689,2.7568081147498482e-06,stochastic_proposal_reached,True
Peak,v913_paper_peak01_0242980_persistent_sites,735.9214951373579,101000000.0,29,0.90625,0.8,3.6757441529997978e-06,0.03930175278649924,6.521245906324689,3.6757441529997973e-06,stochastic_proposal_reached,True
Peak,v913_paper_peak01_0242980_persistent_sites,735.9214951373579,101000000.0,29,0.90625,1.0,4.594680191249747e-06,0.03930175278649924,6.521245906324689,4.594680191249747e-06,stochastic_proposal_reached,True
Peak,v913_paper_peak01_0242980_persistent_sites,735.9214951373579,101000000.0,29,0.90625,1.25,5.743350239062183e-06,0.03684539323734304,6.521245906324689,5.743350239062183e-06,stochastic_proposal_reached,True
Peak,v913_paper_peak01_0242980_persistent_sites,735.9214951373579,101000000.0,29,0.90625,1.5,6.89202028687462e-06,0.029476314589874434,6.521245906324689,6.89202028687462e-06,stochastic_proposal_reached,True
Peak,v913_paper_peak01_0242980_persistent_sites,735.9214951373579,101000000.0,29,0.90625,2.0,9.189360382499494e-06,0.03930175278649924,6.521245906324689,9.189360382499494e-06,stochastic_proposal_reached,True
Peak,v913_paper_peak01_0242980_persistent_sites,735.9214951373579,101000000.0,29,0.90625,2.5,1.1486700478124366e-05,0.053908728842174014,6.521245906324689,1.1486700478124366e-05,stochastic_proposal_reached,True
Peak,v913_paper_peak01_0242980_persistent_sites,735.9214951373579,101000000.0,29,0.90625,3.0,1.378404057374924e-05,0.053908728842174014,6.521245906324689,1.378404057374924e-05,stochastic_proposal_reached,True
Peak,v913_paper_peak01_0242980_persistent_sites,735.9214951373579,101000000.0,29,0.90625,3.5,1.6081380669374112e-05,0.053908728842174014,6.521245906324689,1.6081380669374112e-05,stochastic_proposal_reached,True
Peak,v913_paper_peak01_0242980_persistent_sites,735.9214951373579,101000000.0,29,0.90625,3.99,1.833277396308649e-05,0.053908728842174014,6.521245906324689,1.833277396308649e-05,stochastic_proposal_reached,True
Peak,v913_paper_peak01_0242980_persistent_sites,735.9214951373579,101000000.0,29,0.90625,4.0,1.8378720764998988e-05,0.053908728842174014,6.521245906324689,1.8378720764998988e-05,stochastic_proposal_reached,True
Peak,v913_paper_peak01_0242980_persistent_sites,735.9214951373579,101000000.0,29,0.90625,8.0,1.8378720764998988e-05,0.053908728842174014,6.521245906324689,1.8378720764998988e-05,stochastic_proposal_reached,True
Peak,v913_paper_peak01_0242980_persistent_sites,735.9214951373579,101000000.0,30,0.9375,0.1,2.2973400956248734e-06,0.044630521851593455,6.053688751374726,2.2973400956248734e-06,stochastic_proposal_reached,True
Peak,v913_paper_peak01_0242980_persistent_sites,735.9214951373579,101000000.0,30,0.9375,0.3,2.2973400956248734e-06,0.044630521851593455,6.053688751374726,2.2973400956248734e-06,stochastic_proposal_reached,True
Peak,v913_paper_peak01_0242980_persistent_sites,735.9214951373579,101000000.0,30,0.9375,0.49,2.2973400956248734e-06,0.044630521851593455,6.053688751374726,2.2973400956248734e-06,stochastic_proposal_reached,True
Peak,v913_paper_peak01_0242980_persistent_sites,735.9214951373579,101000000.0,30,0.9375,0.5,2.2973400956248734e-06,0.044630521851593455,6.053688751374726,2.2973400956248734e-06,stochastic_proposal_reached,True
Peak,v913_paper_peak01_0242980_persistent_sites,735.9214951373579,101000000.0,30,0.9375,0.6,2.7568081147498482e-06,0.04686204794417313,6.053688751374726,2.7568081147498482e-06,stochastic_proposal_reached,True
Peak,v913_paper_peak01_0242980_persistent_sites,735.9214951373579,101000000.0,30,0.9375,0.8,3.6757441529997978e-06,0.044630521851593455,6.053688751374726,3.6757441529997973e-06,stochastic_proposal_reached,True
Peak,v913_paper_peak01_0242980_persistent_sites,735.9214951373579,101000000.0,30,0.9375,1.0,4.594680191249747e-06,0.044630521851593455,6.053688751374726,4.594680191249747e-06,stochastic_proposal_reached,True
Peak,v913_paper_peak01_0242980_persistent_sites,735.9214951373579,101000000.0,30,0.9375,1.25,5.743350239062183e-06,0.041841114235868865,6.053688751374726,5.743350239062183e-06,stochastic_proposal_reached,True
Peak,v913_paper_peak01_0242980_persistent_sites,735.9214951373579,101000000.0,30,0.9375,1.5,6.89202028687462e-06,0.033472891388695095,6.053688751374726,6.89202028687462e-06,stochastic_proposal_reached,True
Peak,v913_paper_peak01_0242980_persistent_sites,735.9214951373579,101000000.0,30,0.9375,2.0,9.189360382499494e-06,0.044630521851593455,6.053688751374726,9.189360382499494e-06,stochastic_proposal_reached,True
Peak,v913_paper_peak01_0242980_persistent_sites,735.9214951373579,101000000.0,30,0.9375,2.5,1.1486700478124366e-05,0.06012144368466821,6.053688751374726,1.1486700478124366e-05,stochastic_proposal_reached,True
Peak,v913_paper_peak01_0242980_persistent_sites,735.9214951373579,101000000.0,30,0.9375,3.0,1.378404057374924e-05,0.06012144368466821,6.053688751374726,1.378404057374924e-05,stochastic_proposal_reached,True
Peak,v913_paper_peak01_0242980_persistent_sites,735.9214951373579,101000000.0,30,0.9375,3.5,1.6081380669374112e-05,0.06012144368466821,6.053688751374726,1.6081380669374112e-05,stochastic_proposal_reached,True
Peak,v913_paper_peak01_0242980_persistent_sites,735.9214951373579,101000000.0,30,0.9375,3.99,1.833277396308649e-05,0.06012144368466821,6.053688751374726,1.833277396308649e-05,stochastic_proposal_reached,True
Peak,v913_paper_peak01_0242980_persistent_sites,735.9214951373579,101000000.0,30,0.9375,4.0,1.8378720764998988e-05,0.06012144368466821,6.053688751374726,1.8378720764998988e-05,stochastic_proposal_reached,True
Peak,v913_paper_peak01_0242980_persistent_sites,735.9214951373579,101000000.0,30,0.9375,8.0,1.8378720764998988e-05,0.06012144368466821,6.053688751374726,1.8378720764998988e-05,stochastic_proposal_reached,True
Peak,v913_paper_peak01_0242980_persistent_sites,735.9214951373579,101000000.0,31,0.96875,0.1,2.2973400956248734e-06,0.04808044516589914,5.780016070728065,2.2973400956248734e-06,stochastic_proposal_reached,True
Peak,v913_paper_peak01_0242980_persistent_sites,735.9214951373579,101000000.0,31,0.96875,0.3,2.2973400956248734e-06,0.04808044516589914,5.780016070728065,2.2973400956248734e-06,stochastic_proposal_reached,True
Peak,v913_paper_peak01_0242980_persistent_sites,735.9214951373579,101000000.0,31,0.96875,0.49,2.2973400956248734e-06,0.04808044516589914,5.780016070728065,2.2973400956248734e-06,stochastic_proposal_reached,True
Peak,v913_paper_peak01_0242980_persistent_sites,735.9214951373579,101000000.0,31,0.96875,0.5,2.2973400956248734e-06,0.04808044516589914,5.780016070728065,2.2973400956248734e-06,stochastic_proposal_reached,True
Peak,v913_paper_peak01_0242980_persistent_sites,735.9214951373579,101000000.0,31,0.96875,0.6,2.7568081147498482e-06,0.050484467424194095,5.780016070728065,2.7568081147498482e-06,stochastic_proposal_reached,True
Peak,v913_paper_peak01_0242980_persistent_sites,735.9214951373579,101000000.0,31,0.96875,0.8,3.6757441529997978e-06,0.04808044516589914,5.780016070728065,3.6757441529997973e-06,stochastic_proposal_reached,True
Peak,v913_paper_peak01_0242980_persistent_sites,735.9214951373579,101000000.0,31,0.96875,1.0,4.594680191249747e-06,0.04808044516589914,5.780016070728065,4.594680191249747e-06,stochastic_proposal_reached,True
Peak,v913_paper_peak01_0242980_persistent_sites,735.9214951373579,101000000.0,31,0.96875,1.25,5.743350239062183e-06,0.045075417343030444,5.780016070728065,5.743350239062183e-06,stochastic_proposal_reached,True
Peak,v913_paper_peak01_0242980_persistent_sites,735.9214951373579,101000000.0,31,0.96875,1.5,6.89202028687462e-06,0.03606033387442436,5.780016070728065,6.89202028687462e-06,stochastic_proposal_reached,True
Peak,v913_paper_peak01_0242980_persistent_sites,735.9214951373579,101000000.0,31,0.96875,2.0,9.189360382499494e-06,0.04808044516589914,5.780016070728065,9.189360382499494e-06,stochastic_proposal_reached,True
Peak,v913_paper_peak01_0242980_persistent_sites,735.9214951373579,101000000.0,31,0.96875,2.5,1.1486700478124366e-05,0.06411687238564312,5.780016070728065,1.1486700478124366e-05,stochastic_proposal_reached,True
Peak,v913_paper_peak01_0242980_persistent_sites,735.9214951373579,101000000.0,31,0.96875,3.0,1.378404057374924e-05,0.06411687238564312,5.780016070728065,1.378404057374924e-05,stochastic_proposal_reached,True
Peak,v913_paper_peak01_0242980_persistent_sites,735.9214951373579,101000000.0,31,0.96875,3.5,1.6081380669374112e-05,0.06411687238564312,5.780016070728065,1.6081380669374112e-05,stochastic_proposal_reached,True
Peak,v913_paper_peak01_0242980_persistent_sites,735.9214951373579,101000000.0,31,0.96875,3.99,1.833277396308649e-05,0.06411687238564312,5.780016070728065,1.833277396308649e-05,stochastic_proposal_reached,True
Peak,v913_paper_peak01_0242980_persistent_sites,735.9214951373579,101000000.0,31,0.96875,4.0,1.8378720764998988e-05,0.06411687238564312,5.780016070728065,1.8378720764998988e-05,stochastic_proposal_reached,True
Peak,v913_paper_peak01_0242980_persistent_sites,735.9214951373579,101000000.0,31,0.96875,8.0,1.8378720764998988e-05,0.06411687238564312,5.780016070728065,1.8378720764998988e-05,stochastic_proposal_reached,True
Peak,v913_paper_peak01_0242980_persistent_sites,735.9214951373579,110000000.0,0,0.0,0.1,2.2973400956248734e-06,0.048199039516328764,5.770972315480115,2.2973400956248734e-06,stochastic_proposal_reached,True
Peak,v913_paper_peak01_0242980_persistent_sites,735.9214951373579,110000000.0,0,0.0,0.3,2.2973400956248734e-06,0.048199039516328764,5.770972315480115,2.2973400956248734e-06,stochastic_proposal_reached,True
Peak,v913_paper_peak01_0242980_persistent_sites,735.9214951373579,110000000.0,0,0.0,0.49,2.2973400956248734e-06,0.048199039516328764,5.770972315480115,2.2973400956248734e-06,stochastic_proposal_reached,True
Peak,v913_paper_peak01_0242980_persistent_sites,735.9214951373579,110000000.0,0,0.0,0.5,2.2973400956248734e-06,0.048199039516328764,5.770972315480115,2.2973400956248734e-06,stochastic_proposal_reached,True
Peak,v913_paper_peak01_0242980_persistent_sites,735.9214951373579,110000000.0,0,0.0,0.6,2.7568081147498482e-06,0.0506089914921452,5.770972315480115,2.7568081147498482e-06,stochastic_proposal_reached,True
Peak,v913_paper_peak01_0242980_persistent_sites,735.9214951373579,110000000.0,0,0.0,0.8,3.6757441529997978e-06,0.048199039516328764,5.770972315480115,3.6757441529997973e-06,stochastic_proposal_reached,True
Peak,v913_paper_peak01_0242980_persistent_sites,735.9214951373579,110000000.0,0,0.0,1.0,4.594680191249747e-06,0.048199039516328764,5.770972315480115,4.594680191249747e-06,stochastic_proposal_reached,True
Peak,v913_paper_peak01_0242980_persistent_sites,735.9214951373579,110000000.0,0,0.0,1.25,5.743350239062183e-06,0.045186599546558216,5.770972315480115,5.743350239062183e-06,stochastic_proposal_reached,True
Peak,v913_paper_peak01_0242980_persistent_sites,735.9214951373579,110000000.0,0,0.0,1.5,6.89202028687462e-06,0.036149279637246574,5.770972315480115,6.89202028687462e-06,stochastic_proposal_reached,True
Peak,v913_paper_peak01_0242980_persistent_sites,735.9214951373579,110000000.0,0,0.0,2.0,9.189360382499494e-06,0.048199039516328764,5.770972315480115,9.189360382499494e-06,stochastic_proposal_reached,True
Peak,v913_paper_peak01_0242980_persistent_sites,735.9214951373579,110000000.0,0,0.0,2.5,1.1486700478124366e-05,0.06434749783386451,5.770972315480115,1.1486700478124366e-05,stochastic_proposal_reached,True
Peak,v913_paper_peak01_0242980_persistent_sites,735.9214951373579,110000000.0,0,0.0,3.0,1.378404057374924e-05,0.06434749783386451,5.770972315480115,1.378404057374924e-05,stochastic_proposal_reached,True
Peak,v913_paper_peak01_0242980_persistent_sites,735.9214951373579,110000000.0,0,0.0,3.5,1.6081380669374112e-05,0.06434749783386451,5.770972315480115,1.6081380669374112e-05,stochastic_proposal_reached,True
Peak,v913_paper_peak01_0242980_persistent_sites,735.9214951373579,110000000.0,0,0.0,3.99,1.833277396308649e-05,0.06434749783386451,5.770972315480115,1.833277396308649e-05,stochastic_proposal_reached,True
Peak,v913_paper_peak01_0242980_persistent_sites,735.9214951373579,110000000.0,0,0.0,4.0,1.8378720764998988e-05,0.06434749783386451,5.770972315480115,1.8378720764998988e-05,stochastic_proposal_reached,True
Peak,v913_paper_peak01_0242980_persistent_sites,735.9214951373579,110000000.0,0,0.0,8.0,1.8378720764998988e-05,0.06434749783386451,5.770972315480115,1.8378720764998988e-05,stochastic_proposal_reached,True
Peak,v913_paper_peak01_0242980_persistent_sites,735.9214951373579,110000000.0,1,0.03125,0.1,2.2973400956248734e-06,0.04701832002967802,5.862060333066616,2.2973400956248734e-06,stochastic_proposal_reached,True
Peak,v913_paper_peak01_0242980_persistent_sites,735.9214951373579,110000000.0,1,0.03125,0.3,2.2973400956248734e-06,0.04701832002967802,5.862060333066616,2.2973400956248734e-06,stochastic_proposal_reached,True
Peak,v913_paper_peak01_0242980_persistent_sites,735.9214951373579,110000000.0,1,0.03125,0.49,2.2973400956248734e-06,0.04701832002967802,5.862060333066616,2.2973400956248734e-06,stochastic_proposal_reached,True
Peak,v913_paper_peak01_0242980_persistent_sites,735.9214951373579,110000000.0,1,0.03125,0.5,2.2973400956248734e-06,0.04701832002967802,5.862060333066616,2.2973400956248734e-06,stochastic_proposal_reached,True
Peak,v913_paper_peak01_0242980_persistent_sites,735.9214951373579,110000000.0,1,0.03125,0.6,2.7568081147498482e-06,0.04936923603116192,5.862060333066616,2.7568081147498482e-06,stochastic_proposal_reached,True
Peak,v913_paper_peak01_0242980_persistent_sites,735.9214951373579,110000000.0,1,0.03125,0.8,3.6757441529997978e-06,0.04701832002967802,5.862060333066616,3.6757441529997973e-06,stochastic_proposal_reached,True
Peak,v913_paper_peak01_0242980_persistent_sites,735.9214951373579,110000000.0,1,0.03125,1.0,4.594680191249747e-06,0.04701832002967802,5.862060333066616,4.594680191249747e-06,stochastic_proposal_reached,True
Peak,v913_paper_peak01_0242980_persistent_sites,735.9214951373579,110000000.0,1,0.03125,1.25,5.743350239062183e-06,0.044079675027823145,5.862060333066616,5.743350239062183e-06,stochastic_proposal_reached,True
Peak,v913_paper_peak01_0242980_persistent_sites,735.9214951373579,110000000.0,1,0.03125,1.5,6.89202028687462e-06,0.035263740022258516,5.862060333066616,6.89202028687462e-06,stochastic_proposal_reached,True
Peak,v913_paper_peak01_0242980_persistent_sites,735.9214951373579,110000000.0,1,0.03125,2.0,9.189360382499494e-06,0.04701832002967802,5.862060333066616,9.189360382499494e-06,stochastic_proposal_reached,True
Peak,v913_paper_peak01_0242980_persistent_sites,735.9214951373579,110000000.0,1,0.03125,2.5,1.1486700478124366e-05,0.0629815296766445,5.862060333066616,1.1486700478124366e-05,stochastic_proposal_reached,True
Peak,v913_paper_peak01_0242980_persistent_sites,735.9214951373579,110000000.0,1,0.03125,3.0,1.378404057374924e-05,0.0629815296766445,5.862060333066616,1.378404057374924e-05,stochastic_proposal_reached,True
Peak,v913_paper_peak01_0242980_persistent_sites,735.9214951373579,110000000.0,1,0.03125,3.5,1.6081380669374112e-05,0.0629815296766445,5.862060333066616,1.6081380669374112e-05,stochastic_proposal_reached,True
Peak,v913_paper_peak01_0242980_persistent_sites,735.9214951373579,110000000.0,1,0.03125,3.99,1.833277396308649e-05,0.0629815296766445,5.862060333066616,1.833277396308649e-05,stochastic_proposal_reached,True
Peak,v913_paper_peak01_0242980_persistent_sites,735.9214951373579,110000000.0,1,0.03125,4.0,1.8378720764998988e-05,0.0629815296766445,5.862060333066616,1.8378720764998988e-05,stochastic_proposal_reached,True
Peak,v913_paper_peak01_0242980_persistent_sites,735.9214951373579,110000000.0,1,0.03125,8.0,1.8378720764998988e-05,0.0629815296766445,5.862060333066616,1.8378720764998988e-05,stochastic_proposal_reached,True
Peak,v913_paper_peak01_0242980_persistent_sites,735.9214951373579,110000000.0,2,0.0625,0.1,2.2973400956248734e-06,0.04360742811422889,6.139002727811065,2.2973400956248734e-06,stochastic_proposal_reached,True
Peak,v913_paper_peak01_0242980_persistent_sites,735.9214951373579,110000000.0,2,0.0625,0.3,2.2973400956248734e-06,0.04360742811422889,6.139002727811065,2.2973400956248734e-06,stochastic_proposal_reached,True
Peak,v913_paper_peak01_0242980_persistent_sites,735.9214951373579,110000000.0,2,0.0625,0.49,2.2973400956248734e-06,0.04360742811422889,6.139002727811065,2.2973400956248734e-06,stochastic_proposal_reached,True
Peak,v913_paper_peak01_0242980_persistent_sites,735.9214951373579,110000000.0,2,0.0625,0.5,2.2973400956248734e-06,0.04360742811422889,6.139002727811065,2.2973400956248734e-06,stochastic_proposal_reached,True
Peak,v913_paper_peak01_0242980_persistent_sites,735.9214951373579,110000000.0,2,0.0625,0.6,2.7568081147498482e-06,0.04578779951994033,6.139002727811065,2.7568081147498482e-06,stochastic_proposal_reached,True
Peak,v913_paper_peak01_0242980_persistent_sites,735.9214951373579,110000000.0,2,0.0625,0.8,3.6757441529997978e-06,0.04360742811422889,6.139002727811065,3.6757441529997973e-06,stochastic_proposal_reached,True
Peak,v913_paper_peak01_0242980_persistent_sites,735.9214951373579,110000000.0,2,0.0625,1.0,4.594680191249747e-06,0.04360742811422889,6.139002727811065,4.594680191249747e-06,stochastic_proposal_reached,True
Peak,v913_paper_peak01_0242980_persistent_sites,735.9214951373579,110000000.0,2,0.0625,1.25,5.743350239062183e-06,0.04088196385708958,6.139002727811065,5.743350239062183e-06,stochastic_proposal_reached,True
Peak,v913_paper_peak01_0242980_persistent_sites,735.9214951373579,110000000.0,2,0.0625,1.5,6.89202028687462e-06,0.03270557108567167,6.139002727811065,6.89202028687462e-06,stochastic_proposal_reached,True
Peak,v913_paper_peak01_0242980_persistent_sites,735.9214951373579,110000000.0,2,0.0625,2.0,9.189360382499494e-06,0.04360742811422889,6.139002727811065,9.189360382499494e-06,stochastic_proposal_reached,True
Peak,v913_paper_peak01_0242980_persistent_sites,735.9214951373579,110000000.0,2,0.0625,2.5,1.1486700478124366e-05,0.05902260938688286,6.139002727811065,1.1486700478124366e-05,stochastic_proposal_reached,True
Peak,v913_paper_peak01_0242980_persistent_sites,735.9214951373579,110000000.0,2,0.0625,3.0,1.378404057374924e-05,0.05902260938688286,6.139002727811065,1.378404057374924e-05,stochastic_proposal_reached,True
Peak,v913_paper_peak01_0242980_persistent_sites,735.9214951373579,110000000.0,2,0.0625,3.5,1.6081380669374112e-05,0.05902260938688286,6.139002727811065,1.6081380669374112e-05,stochastic_proposal_reached,True
Peak,v913_paper_peak01_0242980_persistent_sites,735.9214951373579,110000000.0,2,0.0625,3.99,1.833277396308649e-05,0.05902260938688286,6.139002727811065,1.833277396308649e-05,stochastic_proposal_reached,True
Peak,v913_paper_peak01_0242980_persistent_sites,735.9214951373579,110000000.0,2,0.0625,4.0,1.8378720764998988e-05,0.05902260938688286,6.139002727811065,1.8378720764998988e-05,stochastic_proposal_reached,True
Peak,v913_paper_peak01_0242980_persistent_sites,735.9214951373579,110000000.0,2,0.0625,8.0,1.8378720764998988e-05,0.05902260938688286,6.139002727811065,1.8378720764998988e-05,stochastic_proposal_reached,True
Peak,v913_paper_peak01_0242980_persistent_sites,735.9214951373579,110000000.0,3,0.09375,0.1,2.2973400956248734e-06,0.038342042601544085,6.611984219165031,2.2973400956248734e-06,stochastic_proposal_reached,True
Peak,v913_paper_peak01_0242980_persistent_sites,735.9214951373579,110000000.0,3,0.09375,0.3,2.2973400956248734e-06,0.038342042601544085,6.611984219165031,2.2973400956248734e-06,stochastic_proposal_reached,True
Peak,v913_paper_peak01_0242980_persistent_sites,735.9214951373579,110000000.0,3,0.09375,0.49,2.2973400956248734e-06,0.038342042601544085,6.611984219165031,2.2973400956248734e-06,stochastic_proposal_reached,True
Peak,v913_paper_peak01_0242980_persistent_sites,735.9214951373579,110000000.0,3,0.09375,0.5,2.2973400956248734e-06,0.038342042601544085,6.611984219165031,2.2973400956248734e-06,stochastic_proposal_reached,True
Peak,v913_paper_peak01_0242980_persistent_sites,735.9214951373579,110000000.0,3,0.09375,0.6,2.7568081147498482e-06,0.04025914473162129,6.611984219165031,2.7568081147498482e-06,stochastic_proposal_reached,True
Peak,v913_paper_peak01_0242980_persistent_sites,735.9214951373579,110000000.0,3,0.09375,0.8,3.6757441529997978e-06,0.038342042601544085,6.611984219165031,3.6757441529997973e-06,stochastic_proposal_reached,True
Peak,v913_paper_peak01_0242980_persistent_sites,735.9214951373579,110000000.0,3,0.09375,1.0,4.594680191249747e-06,0.038342042601544085,6.611984219165031,4.594680191249747e-06,stochastic_proposal_reached,True
Peak,v913_paper_peak01_0242980_persistent_sites,735.9214951373579,110000000.0,3,0.09375,1.25,5.743350239062183e-06,0.03594566493894758,6.611984219165031,5.743350239062183e-06,stochastic_proposal_reached,True
Peak,v913_paper_peak01_0242980_persistent_sites,735.9214951373579,110000000.0,3,0.09375,1.5,6.89202028687462e-06,0.028756531951158067,6.611984219165031,6.89202028687462e-06,stochastic_proposal_reached,True
Peak,v913_paper_peak01_0242980_persistent_sites,735.9214951373579,110000000.0,3,0.09375,2.0,9.189360382499494e-06,0.038342042601544085,6.611984219165031,9.189360382499494e-06,stochastic_proposal_reached,True
Peak,v913_paper_peak01_0242980_persistent_sites,735.9214951373579,110000000.0,3,0.09375,2.5,1.1486700478124366e-05,0.05286918098716953,6.611984219165031,1.1486700478124366e-05,stochastic_proposal_reached,True
Peak,v913_paper_peak01_0242980_persistent_sites,735.9214951373579,110000000.0,3,0.09375,3.0,1.378404057374924e-05,0.05286918098716953,6.611984219165031,1.378404057374924e-05,stochastic_proposal_reached,True
Peak,v913_paper_peak01_0242980_persistent_sites,735.9214951373579,110000000.0,3,0.09375,3.5,1.6081380669374112e-05,0.05286918098716953,6.611984219165031,1.6081380669374112e-05,stochastic_proposal_reached,True
Peak,v913_paper_peak01_0242980_persistent_sites,735.9214951373579,110000000.0,3,0.09375,3.99,1.833277396308649e-05,0.05286918098716953,6.611984219165031,1.833277396308649e-05,stochastic_proposal_reached,True
Peak,v913_paper_peak01_0242980_persistent_sites,735.9214951373579,110000000.0,3,0.09375,4.0,1.8378720764998988e-05,0.05286918098716953,6.611984219165031,1.8378720764998988e-05,stochastic_proposal_reached,True
Peak,v913_paper_peak01_0242980_persistent_sites,735.9214951373579,110000000.0,3,0.09375,8.0,1.8378720764998988e-05,0.05286918098716953,6.611984219165031,1.8378720764998988e-05,stochastic_proposal_reached,True
Peak,v913_paper_peak01_0242980_persistent_sites,735.9214951373579,110000000.0,4,0.125,0.1,2.2973400956248734e-06,0.031790579325144355,7.2949302309831365,2.2973400956248734e-06,stochastic_proposal_reached,True
Peak,v913_paper_peak01_0242980_persistent_sites,735.9214951373579,110000000.0,4,0.125,0.3,2.2973400956248734e-06,0.031790579325144355,7.2949302309831365,2.2973400956248734e-06,stochastic_proposal_reached,True
Peak,v913_paper_peak01_0242980_persistent_sites,735.9214951373579,110000000.0,4,0.125,0.49,2.2973400956248734e-06,0.031790579325144355,7.2949302309831365,2.2973400956248734e-06,stochastic_proposal_reached,True
Peak,v913_paper_peak01_0242980_persistent_sites,735.9214951373579,110000000.0,4,0.125,0.5,2.2973400956248734e-06,0.031790579325144355,7.2949302309831365,2.2973400956248734e-06,stochastic_proposal_reached,True
Peak,v913_paper_peak01_0242980_persistent_sites,735.9214951373579,110000000.0,4,0.125,0.6,2.7568081147498482e-06,0.033380108291401575,7.2949302309831365,2.7568081147498482e-06,stochastic_proposal_reached,True
Peak,v913_paper_peak01_0242980_persistent_sites,735.9214951373579,110000000.0,4,0.125,0.8,3.6757441529997978e-06,0.031790579325144355,7.2949302309831365,3.6757441529997973e-06,stochastic_proposal_reached,True
Peak,v913_paper_peak01_0242980_persistent_sites,735.9214951373579,110000000.0,4,0.125,1.0,4.594680191249747e-06,0.031790579325144355,7.2949302309831365,4.594680191249747e-06,stochastic_proposal_reached,True
Peak,v913_paper_peak01_0242980_persistent_sites,735.9214951373579,110000000.0,4,0.125,1.25,5.743350239062183e-06,0.029803668117322834,7.2949302309831365,5.743350239062183e-06,stochastic_proposal_reached,True
Peak,v913_paper_peak01_0242980_persistent_sites,735.9214951373579,110000000.0,4,0.125,1.5,6.89202028687462e-06,0.02384293449385827,7.2949302309831365,6.89202028687462e-06,stochastic_proposal_reached,True
Peak,v913_paper_peak01_0242980_persistent_sites,735.9214951373579,110000000.0,4,0.125,2.0,9.189360382499494e-06,0.031790579325144355,7.2949302309831365,9.189360382499494e-06,stochastic_proposal_reached,True
Peak,v913_paper_peak01_0242980_persistent_sites,735.9214951373579,110000000.0,4,0.125,2.5,1.1486700478124366e-05,0.045126338666669596,7.2949302309831365,1.1486700478124366e-05,stochastic_proposal_reached,True
Peak,v913_paper_peak01_0242980_persistent_sites,735.9214951373579,110000000.0,4,0.125,3.0,1.378404057374924e-05,0.045126338666669596,7.2949302309831365,1.378404057374924e-05,stochastic_proposal_reached,True
Peak,v913_paper_peak01_0242980_persistent_sites,735.9214951373579,110000000.0,4,0.125,3.5,1.6081380669374112e-05,0.045126338666669596,7.2949302309831365,1.6081380669374112e-05,stochastic_proposal_reached,True
Peak,v913_paper_peak01_0242980_persistent_sites,735.9214951373579,110000000.0,4,0.125,3.99,1.833277396308649e-05,0.045126338666669596,7.2949302309831365,1.833277396308649e-05,stochastic_proposal_reached,True
Peak,v913_paper_peak01_0242980_persistent_sites,735.9214951373579,110000000.0,4,0.125,4.0,1.8378720764998988e-05,0.045126338666669596,7.2949302309831365,1.8378720764998988e-05,stochastic_proposal_reached,True
Peak,v913_paper_peak01_0242980_persistent_sites,735.9214951373579,110000000.0,4,0.125,8.0,1.8378720764998988e-05,0.045126338666669596,7.2949302309831365,1.8378720764998988e-05,stochastic_proposal_reached,True
Peak,v913_paper_peak01_0242980_persistent_sites,735.9214951373579,110000000.0,5,0.15625,0.1,2.2973400956248734e-06,0.024636616376513806,8.20028288266533,2.2973400956248734e-06,stochastic_proposal_reached,True
Peak,v913_paper_peak01_0242980_persistent_sites,735.9214951373579,110000000.0,5,0.15625,0.3,2.2973400956248734e-06,0.024636616376513806,8.20028288266533,2.2973400956248734e-06,stochastic_proposal_reached,True
Peak,v913_paper_peak01_0242980_persistent_sites,735.9214951373579,110000000.0,5,0.15625,0.49,2.2973400956248734e-06,0.024636616376513806,8.20028288266533,2.2973400956248734e-06,stochastic_proposal_reached,True
Peak,v913_paper_peak01_0242980_persistent_sites,735.9214951373579,110000000.0,5,0.15625,0.5,2.2973400956248734e-06,0.024636616376513806,8.20028288266533,2.2973400956248734e-06,stochastic_proposal_reached,True
Peak,v913_paper_peak01_0242980_persistent_sites,735.9214951373579,110000000.0,5,0.15625,0.6,2.7568081147498482e-06,0.025868447195339494,8.20028288266533,2.7568081147498482e-06,stochastic_proposal_reached,True
Peak,v913_paper_peak01_0242980_persistent_sites,735.9214951373579,110000000.0,5,0.15625,0.8,3.6757441529997978e-06,0.024636616376513806,8.20028288266533,3.6757441529997973e-06,stochastic_proposal_reached,True
Peak,v913_paper_peak01_0242980_persistent_sites,735.9214951373579,110000000.0,5,0.15625,1.0,4.594680191249747e-06,0.024636616376513806,8.20028288266533,4.594680191249747e-06,stochastic_proposal_reached,True
Peak,v913_paper_peak01_0242980_persistent_sites,735.9214951373579,110000000.0,5,0.15625,1.25,5.743350239062183e-06,0.023096827852981693,8.20028288266533,5.743350239062183e-06,stochastic_proposal_reached,True
Peak,v913_paper_peak01_0242980_persistent_sites,735.9214951373579,110000000.0,5,0.15625,1.5,6.89202028687462e-06,0.018477462282385355,8.20028288266533,6.89202028687462e-06,stochastic_proposal_reached,True
Peak,v913_paper_peak01_0242980_persistent_sites,735.9214951373579,110000000.0,5,0.15625,2.0,9.189360382499494e-06,0.024636616376513806,8.20028288266533,9.189360382499494e-06,stochastic_proposal_reached,True
Peak,v913_paper_peak01_0242980_persistent_sites,735.9214951373579,110000000.0,5,0.15625,2.5,1.1486700478124366e-05,0.03652645408622135,8.20028288266533,1.1486700478124366e-05,stochastic_proposal_reached,True
Peak,v913_paper_peak01_0242980_persistent_sites,735.9214951373579,110000000.0,5,0.15625,3.0,1.378404057374924e-05,0.03652645408622135,8.20028288266533,1.378404057374924e-05,stochastic_proposal_reached,True
Peak,v913_paper_peak01_0242980_persistent_sites,735.9214951373579,110000000.0,5,0.15625,3.5,1.6081380669374112e-05,0.03652645408622135,8.20028288266533,1.6081380669374112e-05,stochastic_proposal_reached,True
Peak,v913_paper_peak01_0242980_persistent_sites,735.9214951373579,110000000.0,5,0.15625,3.99,1.833277396308649e-05,0.03652645408622135,8.20028288266533,1.833277396308649e-05,stochastic_proposal_reached,True
Peak,v913_paper_peak01_0242980_persistent_sites,735.9214951373579,110000000.0,5,0.15625,4.0,1.8378720764998988e-05,0.03652645408622135,8.20028288266533,1.8378720764998988e-05,stochastic_proposal_reached,True
Peak,v913_paper_peak01_0242980_persistent_sites,735.9214951373579,110000000.0,5,0.15625,8.0,1.8378720764998988e-05,0.03652645408622135,8.20028288266533,1.8378720764998988e-05,stochastic_proposal_reached,True
Peak,v913_paper_peak01_0242980_persistent_sites,735.9214951373579,110000000.0,6,0.1875,0.1,2.2973400956248734e-06,0.01758688557165457,9.330778563840664,2.2973400956248734e-06,stochastic_proposal_reached,True
Peak,v913_paper_peak01_0242980_persistent_sites,735.9214951373579,110000000.0,6,0.1875,0.3,2.2973400956248734e-06,0.01758688557165457,9.330778563840664,2.2973400956248734e-06,stochastic_proposal_reached,True
Peak,v913_paper_peak01_0242980_persistent_sites,735.9214951373579,110000000.0,6,0.1875,0.49,2.2973400956248734e-06,0.01758688557165457,9.330778563840664,2.2973400956248734e-06,stochastic_proposal_reached,True
Peak,v913_paper_peak01_0242980_persistent_sites,735.9214951373579,110000000.0,6,0.1875,0.5,2.2973400956248734e-06,0.01758688557165457,9.330778563840664,2.2973400956248734e-06,stochastic_proposal_reached,True
Peak,v913_paper_peak01_0242980_persistent_sites,735.9214951373579,110000000.0,6,0.1875,0.6,2.7568081147498482e-06,0.018466229850237298,9.330778563840664,2.7568081147498482e-06,stochastic_proposal_reached,True
Peak,v913_paper_peak01_0242980_persistent_sites,735.9214951373579,110000000.0,6,0.1875,0.8,3.6757441529997978e-06,0.01758688557165457,9.330778563840664,3.6757441529997973e-06,stochastic_proposal_reached,True
Peak,v913_paper_peak01_0242980_persistent_sites,735.9214951373579,110000000.0,6,0.1875,1.0,4.594680191249747e-06,0.01758688557165457,9.330778563840664,4.594680191249747e-06,stochastic_proposal_reached,True
Peak,v913_paper_peak01_0242980_persistent_sites,735.9214951373579,110000000.0,6,0.1875,1.25,5.743350239062183e-06,0.01648770522342616,9.330778563840664,5.743350239062183e-06,stochastic_proposal_reached,True
Peak,v913_paper_peak01_0242980_persistent_sites,735.9214951373579,110000000.0,6,0.1875,1.5,6.89202028687462e-06,0.013190164178740929,9.330778563840664,6.89202028687462e-06,stochastic_proposal_reached,True
Peak,v913_paper_peak01_0242980_persistent_sites,735.9214951373579,110000000.0,6,0.1875,2.0,9.189360382499494e-06,0.01758688557165457,9.330778563840664,9.189360382499494e-06,stochastic_proposal_reached,True
Peak,v913_paper_peak01_0242980_persistent_sites,735.9214951373579,110000000.0,6,0.1875,2.5,1.1486700478124366e-05,0.027834834560078292,9.330778563840664,1.1486700478124366e-05,stochastic_proposal_reached,True
Peak,v913_paper_peak01_0242980_persistent_sites,735.9214951373579,110000000.0,6,0.1875,3.0,1.378404057374924e-05,0.027834834560078292,9.330778563840664,1.378404057374924e-05,stochastic_proposal_reached,True
Peak,v913_paper_peak01_0242980_persistent_sites,735.9214951373579,110000000.0,6,0.1875,3.5,1.6081380669374112e-05,0.027834834560078292,9.330778563840664,1.6081380669374112e-05,stochastic_proposal_reached,True
Peak,v913_paper_peak01_0242980_persistent_sites,735.9214951373579,110000000.0,6,0.1875,3.99,1.833277396308649e-05,0.027834834560078292,9.330778563840664,1.833277396308649e-05,stochastic_proposal_reached,True
Peak,v913_paper_peak01_0242980_persistent_sites,735.9214951373579,110000000.0,6,0.1875,4.0,1.8378720764998988e-05,0.027834834560078292,9.330778563840664,1.8378720764998988e-05,stochastic_proposal_reached,True
Peak,v913_paper_peak01_0242980_persistent_sites,735.9214951373579,110000000.0,6,0.1875,8.0,1.8378720764998988e-05,0.027834834560078292,9.330778563840664,1.8378720764998988e-05,stochastic_proposal_reached,True
Peak,v913_paper_peak01_0242980_persistent_sites,735.9214951373579,110000000.0,7,0.21875,0.1,2.2973400956248734e-06,0.011278374132993485,10.66826931222484,2.2973400956248734e-06,stochastic_proposal_reached,True
Peak,v913_paper_peak01_0242980_persistent_sites,735.9214951373579,110000000.0,7,0.21875,0.3,2.2973400956248734e-06,0.011278374132993485,10.66826931222484,2.2973400956248734e-06,stochastic_proposal_reached,True
Peak,v913_paper_peak01_0242980_persistent_sites,735.9214951373579,110000000.0,7,0.21875,0.49,2.2973400956248734e-06,0.011278374132993485,10.66826931222484,2.2973400956248734e-06,stochastic_proposal_reached,True
Peak,v913_paper_peak01_0242980_persistent_sites,735.9214951373579,110000000.0,7,0.21875,0.5,2.2973400956248734e-06,0.011278374132993485,10.66826931222484,2.2973400956248734e-06,stochastic_proposal_reached,True
Peak,v913_paper_peak01_0242980_persistent_sites,735.9214951373579,110000000.0,7,0.21875,0.6,2.7568081147498482e-06,0.01184229283964316,10.66826931222484,2.7568081147498482e-06,stochastic_proposal_reached,True
Peak,v913_paper_peak01_0242980_persistent_sites,735.9214951373579,110000000.0,7,0.21875,0.8,3.6757441529997978e-06,0.011278374132993485,10.66826931222484,3.6757441529997973e-06,stochastic_proposal_reached,True
Peak,v913_paper_peak01_0242980_persistent_sites,735.9214951373579,110000000.0,7,0.21875,1.0,4.594680191249747e-06,0.011278374132993485,10.66826931222484,4.594680191249747e-06,stochastic_proposal_reached,True
Peak,v913_paper_peak01_0242980_persistent_sites,735.9214951373579,110000000.0,7,0.21875,1.25,5.743350239062183e-06,0.010573475749681394,10.66826931222484,5.743350239062183e-06,stochastic_proposal_reached,True
Peak,v913_paper_peak01_0242980_persistent_sites,735.9214951373579,110000000.0,7,0.21875,1.5,6.89202028687462e-06,0.008458780599745115,10.66826931222484,6.89202028687462e-06,stochastic_proposal_reached,True
Peak,v913_paper_peak01_0242980_persistent_sites,735.9214951373579,110000000.0,7,0.21875,2.0,9.189360382499494e-06,0.011278374132993485,10.66826931222484,9.189360382499494e-06,stochastic_proposal_reached,True
Peak,v913_paper_peak01_0242980_persistent_sites,735.9214951373579,110000000.0,7,0.21875,2.5,1.1486700478124366e-05,0.019754115538964,10.66826931222484,1.1486700478124366e-05,stochastic_proposal_reached,True
Peak,v913_paper_peak01_0242980_persistent_sites,735.9214951373579,110000000.0,7,0.21875,3.0,1.378404057374924e-05,0.019754115538964,10.66826931222484,1.378404057374924e-05,stochastic_proposal_reached,True
Peak,v913_paper_peak01_0242980_persistent_sites,735.9214951373579,110000000.0,7,0.21875,3.5,1.6081380669374112e-05,0.019754115538964,10.66826931222484,1.6081380669374112e-05,stochastic_proposal_reached,True
Peak,v913_paper_peak01_0242980_persistent_sites,735.9214951373579,110000000.0,7,0.21875,3.99,1.833277396308649e-05,0.019754115538964,10.66826931222484,1.833277396308649e-05,stochastic_proposal_reached,True
Peak,v913_paper_peak01_0242980_persistent_sites,735.9214951373579,110000000.0,7,0.21875,4.0,1.8378720764998988e-05,0.019754115538964,10.66826931222484,1.8378720764998988e-05,stochastic_proposal_reached,True
Peak,v913_paper_peak01_0242980_persistent_sites,735.9214951373579,110000000.0,7,0.21875,8.0,1.8378720764998988e-05,0.019754115538964,10.66826931222484,1.8378720764998988e-05,stochastic_proposal_reached,True
Peak,v913_paper_peak01_0242980_persistent_sites,735.9214951373579,110000000.0,8,0.25,0.1,2.2973400956248734e-06,0.006198114785366362,12.160848297027544,2.2973400956248734e-06,stochastic_proposal_reached,True
Peak,v913_paper_peak01_0242980_persistent_sites,735.9214951373579,110000000.0,8,0.25,0.3,2.2973400956248734e-06,0.006198114785366362,12.160848297027544,2.2973400956248734e-06,stochastic_proposal_reached,True
Peak,v913_paper_peak01_0242980_persistent_sites,735.9214951373579,110000000.0,8,0.25,0.49,2.2973400956248734e-06,0.006198114785366362,12.160848297027544,2.2973400956248734e-06,stochastic_proposal_reached,True
Peak,v913_paper_peak01_0242980_persistent_sites,735.9214951373579,110000000.0,8,0.25,0.5,2.2973400956248734e-06,0.006198114785366362,12.160848297027544,2.2973400956248734e-06,stochastic_proposal_reached,True
Peak,v913_paper_peak01_0242980_persistent_sites,735.9214951373579,110000000.0,8,0.25,0.6,2.7568081147498482e-06,0.00650802052463468,12.160848297027544,2.7568081147498482e-06,stochastic_proposal_reached,True
Peak,v913_paper_peak01_0242980_persistent_sites,735.9214951373579,110000000.0,8,0.25,0.8,3.6757441529997978e-06,0.006198114785366362,12.160848297027544,3.6757441529997973e-06,stochastic_proposal_reached,True
Peak,v913_paper_peak01_0242980_persistent_sites,735.9214951373579,110000000.0,8,0.25,1.0,4.594680191249747e-06,0.006198114785366362,12.160848297027544,4.594680191249747e-06,stochastic_proposal_reached,True
Peak,v913_paper_peak01_0242980_persistent_sites,735.9214951373579,110000000.0,8,0.25,1.25,5.743350239062183e-06,0.005810732611280964,12.160848297027544,5.743350239062183e-06,stochastic_proposal_reached,True
Peak,v913_paper_peak01_0242980_persistent_sites,735.9214951373579,110000000.0,8,0.25,1.5,6.89202028687462e-06,0.004648586089024772,12.160848297027544,6.89202028687462e-06,stochastic_proposal_reached,True
Peak,v913_paper_peak01_0242980_persistent_sites,735.9214951373579,110000000.0,8,0.25,2.0,9.189360382499494e-06,0.006198114785366362,12.160848297027544,9.189360382499494e-06,stochastic_proposal_reached,True
Peak,v913_paper_peak01_0242980_persistent_sites,735.9214951373579,110000000.0,8,0.25,2.5,1.1486700478124366e-05,0.01284113945917209,12.160848297027544,1.1486700478124366e-05,stochastic_proposal_reached,True
Peak,v913_paper_peak01_0242980_persistent_sites,735.9214951373579,110000000.0,8,0.25,3.0,1.378404057374924e-05,0.01284113945917209,12.160848297027544,1.378404057374924e-05,stochastic_proposal_reached,True
Peak,v913_paper_peak01_0242980_persistent_sites,735.9214951373579,110000000.0,8,0.25,3.5,1.6081380669374112e-05,0.01284113945917209,12.160848297027544,1.6081380669374112e-05,stochastic_proposal_reached,True
Peak,v913_paper_peak01_0242980_persistent_sites,735.9214951373579,110000000.0,8,0.25,3.99,1.833277396308649e-05,0.01284113945917209,12.160848297027544,1.833277396308649e-05,stochastic_proposal_reached,True
Peak,v913_paper_peak01_0242980_persistent_sites,735.9214951373579,110000000.0,8,0.25,4.0,1.8378720764998988e-05,0.01284113945917209,12.160848297027544,1.8378720764998988e-05,stochastic_proposal_reached,True
Peak,v913_paper_peak01_0242980_persistent_sites,735.9214951373579,110000000.0,8,0.25,8.0,1.8378720764998988e-05,0.01284113945917209,12.160848297027544,1.8378720764998988e-05,stochastic_proposal_reached,True
Peak,v913_paper_peak01_0242980_persistent_sites,735.9214951373579,110000000.0,9,0.28125,0.1,2.2973400956248734e-06,0.002627231203246467,13.710622009926754,2.2973400956248734e-06,stochastic_proposal_reached,True
Peak,v913_paper_peak01_0242980_persistent_sites,735.9214951373579,110000000.0,9,0.28125,0.3,2.2973400956248734e-06,0.002627231203246467,13.710622009926754,2.2973400956248734e-06,stochastic_proposal_reached,True
Peak,v913_paper_peak01_0242980_persistent_sites,735.9214951373579,110000000.0,9,0.28125,0.49,2.2973400956248734e-06,0.002627231203246467,13.710622009926754,2.2973400956248734e-06,stochastic_proposal_reached,True
Peak,v913_paper_peak01_0242980_persistent_sites,735.9214951373579,110000000.0,9,0.28125,0.5,2.2973400956248734e-06,0.002627231203246467,13.710622009926754,2.2973400956248734e-06,stochastic_proposal_reached,True
Peak,v913_paper_peak01_0242980_persistent_sites,735.9214951373579,110000000.0,9,0.28125,0.6,2.7568081147498482e-06,0.0027585927634087904,13.710622009926754,2.7568081147498482e-06,stochastic_proposal_reached,True
Peak,v913_paper_peak01_0242980_persistent_sites,735.9214951373579,110000000.0,9,0.28125,0.8,3.6757441529997978e-06,0.002627231203246467,13.710622009926754,3.6757441529997973e-06,stochastic_proposal_reached,True
Peak,v913_paper_peak01_0242980_persistent_sites,735.9214951373579,110000000.0,9,0.28125,1.0,4.594680191249747e-06,0.002627231203246467,13.710622009926754,4.594680191249747e-06,stochastic_proposal_reached,True
Peak,v913_paper_peak01_0242980_persistent_sites,735.9214951373579,110000000.0,9,0.28125,1.25,5.743350239062183e-06,0.002463029253043563,13.710622009926754,5.743350239062183e-06,stochastic_proposal_reached,True
Peak,v913_paper_peak01_0242980_persistent_sites,735.9214951373579,110000000.0,9,0.28125,1.5,6.89202028687462e-06,0.0022286508868365473,13.710622009926754,6.89202028687462e-06,stochastic_proposal_reached,True
Peak,v913_paper_peak01_0242980_persistent_sites,735.9214951373579,110000000.0,9,0.28125,2.0,9.189360382499494e-06,0.002627231203246467,13.710622009926754,9.189360382499494e-06,stochastic_proposal_reached,True
Peak,v913_paper_peak01_0242980_persistent_sites,735.9214951373579,110000000.0,9,0.28125,2.5,1.1486700478124366e-05,0.007448058906288857,13.710622009926754,1.1486700478124366e-05,stochastic_proposal_reached,True
Peak,v913_paper_peak01_0242980_persistent_sites,735.9214951373579,110000000.0,9,0.28125,3.0,1.378404057374924e-05,0.007448058906288857,13.710622009926754,1.378404057374924e-05,stochastic_proposal_reached,True
Peak,v913_paper_peak01_0242980_persistent_sites,735.9214951373579,110000000.0,9,0.28125,3.5,1.6081380669374112e-05,0.007448058906288857,13.710622009926754,1.6081380669374112e-05,stochastic_proposal_reached,True
Peak,v913_paper_peak01_0242980_persistent_sites,735.9214951373579,110000000.0,9,0.28125,3.99,1.833277396308649e-05,0.007448058906288857,13.710622009926754,1.833277396308649e-05,stochastic_proposal_reached,True
Peak,v913_paper_peak01_0242980_persistent_sites,735.9214951373579,110000000.0,9,0.28125,4.0,1.8378720764998988e-05,0.007448058906288857,13.710622009926754,1.8378720764998988e-05,stochastic_proposal_reached,True
Peak,v913_paper_peak01_0242980_persistent_sites,735.9214951373579,110000000.0,9,0.28125,8.0,1.8378720764998988e-05,0.007448058906288857,13.710622009926754,1.8378720764998988e-05,stochastic_proposal_reached,True
Peak,v913_paper_peak01_0242980_persistent_sites,735.9214951373579,110000000.0,10,0.3125,0.1,2.2973400956248734e-06,0.0009225992706238806,15.161273702268058,2.2973400956248734e-06,stochastic_proposal_reached,True
Peak,v913_paper_peak01_0242980_persistent_sites,735.9214951373579,110000000.0,10,0.3125,0.3,2.2973400956248734e-06,0.0009225992706238806,15.161273702268058,2.2973400956248734e-06,stochastic_proposal_reached,True
Peak,v913_paper_peak01_0242980_persistent_sites,735.9214951373579,110000000.0,10,0.3125,0.49,2.2973400956248734e-06,0.0009225992706238806,15.161273702268058,2.2973400956248734e-06,stochastic_proposal_reached,True
Peak,v913_paper_peak01_0242980_persistent_sites,735.9214951373579,110000000.0,10,0.3125,0.5,2.2973400956248734e-06,0.0009225992706238806,15.161273702268058,2.2973400956248734e-06,stochastic_proposal_reached,True
Peak,v913_paper_peak01_0242980_persistent_sites,735.9214951373579,110000000.0,10,0.3125,0.6,2.7568081147498482e-06,0.0009225992706238806,15.161273702268058,2.7568081147498482e-06,stochastic_proposal_reached,True
Peak,v913_paper_peak01_0242980_persistent_sites,735.9214951373579,110000000.0,10,0.3125,0.8,3.6757441529997978e-06,0.0009225992706238806,15.161273702268058,3.6757441529997973e-06,stochastic_proposal_reached,True
Peak,v913_paper_peak01_0242980_persistent_sites,735.9214951373579,110000000.0,10,0.3125,1.0,4.594680191249747e-06,0.0009225992706238806,15.161273702268058,4.594680191249747e-06,stochastic_proposal_reached,True
Peak,v913_paper_peak01_0242980_persistent_sites,735.9214951373579,110000000.0,10,0.3125,1.25,5.743350239062183e-06,0.0009225992706238806,15.161273702268058,5.743350239062183e-06,stochastic_proposal_reached,True
Peak,v913_paper_peak01_0242980_persistent_sites,735.9214951373579,110000000.0,10,0.3125,1.5,6.89202028687462e-06,0.0009225992706238806,15.161273702268058,6.89202028687462e-06,stochastic_proposal_reached,True
Peak,v913_paper_peak01_0242980_persistent_sites,735.9214951373579,110000000.0,10,0.3125,2.0,9.189360382499494e-06,0.0009225992706238806,15.161273702268058,9.189360382499494e-06,stochastic_proposal_reached,True
Peak,v913_paper_peak01_0242980_persistent_sites,735.9214951373579,110000000.0,10,0.3125,2.5,1.1486700478124366e-05,0.003695636149807946,15.161273702268058,1.1486700478124366e-05,stochastic_proposal_reached,True
Peak,v913_paper_peak01_0242980_persistent_sites,735.9214951373579,110000000.0,10,0.3125,3.0,1.378404057374924e-05,0.003695636149807946,15.161273702268058,1.378404057374924e-05,stochastic_proposal_reached,True
Peak,v913_paper_peak01_0242980_persistent_sites,735.9214951373579,110000000.0,10,0.3125,3.5,1.6081380669374112e-05,0.003695636149807946,15.161273702268058,1.6081380669374112e-05,stochastic_proposal_reached,True
Peak,v913_paper_peak01_0242980_persistent_sites,735.9214951373579,110000000.0,10,0.3125,3.99,1.833277396308649e-05,0.003695636149807946,15.161273702268058,1.833277396308649e-05,stochastic_proposal_reached,True
Peak,v913_paper_peak01_0242980_persistent_sites,735.9214951373579,110000000.0,10,0.3125,4.0,1.8378720764998988e-05,0.003695636149807946,15.161273702268058,1.8378720764998988e-05,stochastic_proposal_reached,True
Peak,v913_paper_peak01_0242980_persistent_sites,735.9214951373579,110000000.0,10,0.3125,8.0,1.8378720764998988e-05,0.003695636149807946,15.161273702268058,1.8378720764998988e-05,stochastic_proposal_reached,True
Peak,v913_paper_peak01_0242980_persistent_sites,735.9214951373579,110000000.0,11,0.34375,0.1,2.2973400956248734e-06,0.00026570886744003985,16.218603445052743,2.2973400956248734e-06,stochastic_proposal_reached,True
Peak,v913_paper_peak01_0242980_persistent_sites,735.9214951373579,110000000.0,11,0.34375,0.3,2.2973400956248734e-06,0.00026570886744003985,16.218603445052743,2.2973400956248734e-06,stochastic_proposal_reached,True
Peak,v913_paper_peak01_0242980_persistent_sites,735.9214951373579,110000000.0,11,0.34375,0.49,2.2973400956248734e-06,0.00026570886744003985,16.218603445052743,2.2973400956248734e-06,stochastic_proposal_reached,True
Peak,v913_paper_peak01_0242980_persistent_sites,735.9214951373579,110000000.0,11,0.34375,0.5,2.2973400956248734e-06,0.00026570886744003985,16.218603445052743,2.2973400956248734e-06,stochastic_proposal_reached,True
Peak,v913_paper_peak01_0242980_persistent_sites,735.9214951373579,110000000.0,11,0.34375,0.6,2.7568081147498482e-06,0.00026570886744003985,16.218603445052743,2.7568081147498482e-06,stochastic_proposal_reached,True
Peak,v913_paper_peak01_0242980_persistent_sites,735.9214951373579,110000000.0,11,0.34375,0.8,3.6757441529997978e-06,0.00026570886744003985,16.218603445052743,3.6757441529997973e-06,stochastic_proposal_reached,True
Peak,v913_paper_peak01_0242980_persistent_sites,735.9214951373579,110000000.0,11,0.34375,1.0,4.594680191249747e-06,0.00026570886744003985,16.218603445052743,4.594680191249747e-06,stochastic_proposal_reached,True
Peak,v913_paper_peak01_0242980_persistent_sites,735.9214951373579,110000000.0,11,0.34375,1.25,5.743350239062183e-06,0.00026570886744003985,16.218603445052743,5.743350239062183e-06,stochastic_proposal_reached,True
Peak,v913_paper_peak01_0242980_persistent_sites,735.9214951373579,110000000.0,11,0.34375,1.5,6.89202028687462e-06,0.00026570886744003985,16.218603445052743,6.89202028687462e-06,stochastic_proposal_reached,True
Peak,v913_paper_peak01_0242980_persistent_sites,735.9214951373579,110000000.0,11,0.34375,2.0,9.189360382499494e-06,0.00026570886744003985,16.218603445052743,9.189360382499494e-06,stochastic_proposal_reached,True
Peak,v913_paper_peak01_0242980_persistent_sites,735.9214951373579,110000000.0,11,0.34375,2.5,1.1486700478124366e-05,0.0014817697558409115,16.218603445052743,1.1486700478124366e-05,stochastic_proposal_reached,True
Peak,v913_paper_peak01_0242980_persistent_sites,735.9214951373579,110000000.0,11,0.34375,3.0,1.378404057374924e-05,0.0014817697558409115,16.218603445052743,1.378404057374924e-05,stochastic_proposal_reached,True
Peak,v913_paper_peak01_0242980_persistent_sites,735.9214951373579,110000000.0,11,0.34375,3.5,1.6081380669374112e-05,0.0014817697558409115,16.218603445052743,1.6081380669374112e-05,stochastic_proposal_reached,True
Peak,v913_paper_peak01_0242980_persistent_sites,735.9214951373579,110000000.0,11,0.34375,3.99,1.833277396308649e-05,0.0014817697558409115,16.218603445052743,1.833277396308649e-05,stochastic_proposal_reached,True
Peak,v913_paper_peak01_0242980_persistent_sites,735.9214951373579,110000000.0,11,0.34375,4.0,1.8378720764998988e-05,0.0014817697558409115,16.218603445052743,1.8378720764998988e-05,stochastic_proposal_reached,True
Peak,v913_paper_peak01_0242980_persistent_sites,735.9214951373579,110000000.0,11,0.34375,8.0,1.8378720764998988e-05,0.0014817697558409115,16.218603445052743,1.8378720764998988e-05,stochastic_proposal_reached,True
Peak,v913_paper_peak01_0242980_persistent_sites,735.9214951373579,110000000.0,12,0.375,0.1,2.2973400956248734e-06,0.0001212542275363937,16.226685260645713,2.2973400956248734e-06,stochastic_proposal_reached,True
Peak,v913_paper_peak01_0242980_persistent_sites,735.9214951373579,110000000.0,12,0.375,0.3,2.2973400956248734e-06,0.0001212542275363937,16.226685260645713,2.2973400956248734e-06,stochastic_proposal_reached,True
Peak,v913_paper_peak01_0242980_persistent_sites,735.9214951373579,110000000.0,12,0.375,0.49,2.2973400956248734e-06,0.0001212542275363937,16.226685260645713,2.2973400956248734e-06,stochastic_proposal_reached,True
Peak,v913_paper_peak01_0242980_persistent_sites,735.9214951373579,110000000.0,12,0.375,0.5,2.2973400956248734e-06,0.0001212542275363937,16.226685260645713,2.2973400956248734e-06,stochastic_proposal_reached,True
Peak,v913_paper_peak01_0242980_persistent_sites,735.9214951373579,110000000.0,12,0.375,0.6,2.7568081147498482e-06,0.0001212542275363937,16.226685260645713,2.7568081147498482e-06,stochastic_proposal_reached,True
Peak,v913_paper_peak01_0242980_persistent_sites,735.9214951373579,110000000.0,12,0.375,0.8,3.6757441529997978e-06,0.0001212542275363937,16.226685260645713,3.6757441529997973e-06,stochastic_proposal_reached,True
Peak,v913_paper_peak01_0242980_persistent_sites,735.9214951373579,110000000.0,12,0.375,1.0,4.594680191249747e-06,0.0001212542275363937,16.226685260645713,4.594680191249747e-06,stochastic_proposal_reached,True
Peak,v913_paper_peak01_0242980_persistent_sites,735.9214951373579,110000000.0,12,0.375,1.25,5.743350239062183e-06,0.0001212542275363937,16.226685260645713,5.743350239062183e-06,stochastic_proposal_reached,True
Peak,v913_paper_peak01_0242980_persistent_sites,735.9214951373579,110000000.0,12,0.375,1.5,6.89202028687462e-06,0.0001212542275363937,16.226685260645713,6.89202028687462e-06,stochastic_proposal_reached,True
Peak,v913_paper_peak01_0242980_persistent_sites,735.9214951373579,110000000.0,12,0.375,2.0,9.189360382499494e-06,0.0001212542275363937,16.226685260645713,7.472519886192692e-06,hazard_derived_energy_arrest,True
Peak,v913_paper_peak01_0242980_persistent_sites,735.9214951373579,110000000.0,12,0.375,2.5,1.1486700478124366e-05,0.0001212542275363937,16.226685260645713,7.472519858806263e-06,hazard_derived_energy_arrest,True
Peak,v913_paper_peak01_0242980_persistent_sites,735.9214951373579,110000000.0,12,0.375,3.0,1.378404057374924e-05,0.0001212542275363937,16.226685260645713,7.47251991357912e-06,hazard_derived_energy_arrest,True
Peak,v913_paper_peak01_0242980_persistent_sites,735.9214951373579,110000000.0,12,0.375,3.5,1.6081380669374112e-05,0.0001212542275363937,16.226685260645713,7.472519858806262e-06,hazard_derived_energy_arrest,True
Peak,v913_paper_peak01_0242980_persistent_sites,735.9214951373579,110000000.0,12,0.375,3.99,1.833277396308649e-05,0.0001212542275363937,16.226685260645713,7.472519810880016e-06,hazard_derived_energy_arrest,True
Peak,v913_paper_peak01_0242980_persistent_sites,735.9214951373579,110000000.0,12,0.375,4.0,1.8378720764998988e-05,0.0001212542275363937,16.226685260645713,7.472519886192692e-06,hazard_derived_energy_arrest,True
Peak,v913_paper_peak01_0242980_persistent_sites,735.9214951373579,110000000.0,12,0.375,8.0,1.8378720764998988e-05,0.0001212542275363937,16.226685260645713,7.472519886192692e-06,hazard_derived_energy_arrest,True
Peak,v913_paper_peak01_0242980_persistent_sites,735.9214951373579,110000000.0,13,0.40625,0.1,2.2973400956248734e-06,0.00030373075180178954,16.226685260645713,2.2973400956248734e-06,stochastic_proposal_reached,True
Peak,v913_paper_peak01_0242980_persistent_sites,735.9214951373579,110000000.0,13,0.40625,0.3,2.2973400956248734e-06,0.00030373075180178954,16.226685260645713,2.2973400956248734e-06,stochastic_proposal_reached,True
Peak,v913_paper_peak01_0242980_persistent_sites,735.9214951373579,110000000.0,13,0.40625,0.49,2.2973400956248734e-06,0.00030373075180178954,16.226685260645713,2.2973400956248734e-06,stochastic_proposal_reached,True
Peak,v913_paper_peak01_0242980_persistent_sites,735.9214951373579,110000000.0,13,0.40625,0.5,2.2973400956248734e-06,0.00030373075180178954,16.226685260645713,2.2973400956248734e-06,stochastic_proposal_reached,True
Peak,v913_paper_peak01_0242980_persistent_sites,735.9214951373579,110000000.0,13,0.40625,0.6,2.7568081147498482e-06,0.00030373075180178954,16.226685260645713,2.7568081147498482e-06,stochastic_proposal_reached,True
Peak,v913_paper_peak01_0242980_persistent_sites,735.9214951373579,110000000.0,13,0.40625,0.8,3.6757441529997978e-06,0.00030373075180178954,16.226685260645713,3.6757441529997973e-06,stochastic_proposal_reached,True
Peak,v913_paper_peak01_0242980_persistent_sites,735.9214951373579,110000000.0,13,0.40625,1.0,4.594680191249747e-06,0.00030373075180178954,16.226685260645713,4.594680191249747e-06,stochastic_proposal_reached,True
Peak,v913_paper_peak01_0242980_persistent_sites,735.9214951373579,110000000.0,13,0.40625,1.25,5.743350239062183e-06,0.00030373075180178954,16.226685260645713,5.743350239062183e-06,stochastic_proposal_reached,True
Peak,v913_paper_peak01_0242980_persistent_sites,735.9214951373579,110000000.0,13,0.40625,1.5,6.89202028687462e-06,0.00030373075180178954,16.226685260645713,6.89202028687462e-06,stochastic_proposal_reached,True
Peak,v913_paper_peak01_0242980_persistent_sites,735.9214951373579,110000000.0,13,0.40625,2.0,9.189360382499494e-06,0.00030373075180178954,16.226685260645713,9.189360382499494e-06,stochastic_proposal_reached,True
Peak,v913_paper_peak01_0242980_persistent_sites,735.9214951373579,110000000.0,13,0.40625,2.5,1.1486700478124366e-05,0.0004211044675311859,16.226685260645713,1.1486700478124366e-05,stochastic_proposal_reached,True
Peak,v913_paper_peak01_0242980_persistent_sites,735.9214951373579,110000000.0,13,0.40625,3.0,1.378404057374924e-05,0.0004211044675311859,16.226685260645713,1.378404057374924e-05,stochastic_proposal_reached,True
Peak,v913_paper_peak01_0242980_persistent_sites,735.9214951373579,110000000.0,13,0.40625,3.5,1.6081380669374112e-05,0.0004211044675311859,16.226685260645713,1.6081380669374112e-05,stochastic_proposal_reached,True
Peak,v913_paper_peak01_0242980_persistent_sites,735.9214951373579,110000000.0,13,0.40625,3.99,1.833277396308649e-05,0.0004211044675311859,16.226685260645713,1.833277396308649e-05,stochastic_proposal_reached,True
Peak,v913_paper_peak01_0242980_persistent_sites,735.9214951373579,110000000.0,13,0.40625,4.0,1.8378720764998988e-05,0.0004211044675311859,16.226685260645713,1.8378720764998988e-05,stochastic_proposal_reached,True
Peak,v913_paper_peak01_0242980_persistent_sites,735.9214951373579,110000000.0,13,0.40625,8.0,1.8378720764998988e-05,0.0004211044675311859,16.226685260645713,1.8378720764998988e-05,stochastic_proposal_reached,True
Peak,v913_paper_peak01_0242980_persistent_sites,735.9214951373579,110000000.0,14,0.4375,0.1,2.2973400956248734e-06,0.0006150700598305803,16.226685260645713,2.2973400956248734e-06,stochastic_proposal_reached,True
Peak,v913_paper_peak01_0242980_persistent_sites,735.9214951373579,110000000.0,14,0.4375,0.3,2.2973400956248734e-06,0.0006150700598305803,16.226685260645713,2.2973400956248734e-06,stochastic_proposal_reached,True
Peak,v913_paper_peak01_0242980_persistent_sites,735.9214951373579,110000000.0,14,0.4375,0.49,2.2973400956248734e-06,0.0006150700598305803,16.226685260645713,2.2973400956248734e-06,stochastic_proposal_reached,True
Peak,v913_paper_peak01_0242980_persistent_sites,735.9214951373579,110000000.0,14,0.4375,0.5,2.2973400956248734e-06,0.0006150700598305803,16.226685260645713,2.2973400956248734e-06,stochastic_proposal_reached,True
Peak,v913_paper_peak01_0242980_persistent_sites,735.9214951373579,110000000.0,14,0.4375,0.6,2.7568081147498482e-06,0.0006150700598305803,16.226685260645713,2.7568081147498482e-06,stochastic_proposal_reached,True
Peak,v913_paper_peak01_0242980_persistent_sites,735.9214951373579,110000000.0,14,0.4375,0.8,3.6757441529997978e-06,0.0006150700598305803,16.226685260645713,3.6757441529997973e-06,stochastic_proposal_reached,True
Peak,v913_paper_peak01_0242980_persistent_sites,735.9214951373579,110000000.0,14,0.4375,1.0,4.594680191249747e-06,0.0006150700598305803,16.226685260645713,4.594680191249747e-06,stochastic_proposal_reached,True
Peak,v913_paper_peak01_0242980_persistent_sites,735.9214951373579,110000000.0,14,0.4375,1.25,5.743350239062183e-06,0.0006150700598305803,16.226685260645713,5.743350239062183e-06,stochastic_proposal_reached,True
Peak,v913_paper_peak01_0242980_persistent_sites,735.9214951373579,110000000.0,14,0.4375,1.5,6.89202028687462e-06,0.0006150700598305803,16.226685260645713,6.89202028687462e-06,stochastic_proposal_reached,True
Peak,v913_paper_peak01_0242980_persistent_sites,735.9214951373579,110000000.0,14,0.4375,2.0,9.189360382499494e-06,0.0006150700598305803,16.226685260645713,9.189360382499494e-06,stochastic_proposal_reached,True
Peak,v913_paper_peak01_0242980_persistent_sites,735.9214951373579,110000000.0,14,0.4375,2.5,1.1486700478124366e-05,0.0007454291999920426,16.226685260645713,1.1486700478124366e-05,stochastic_proposal_reached,True
Peak,v913_paper_peak01_0242980_persistent_sites,735.9214951373579,110000000.0,14,0.4375,3.0,1.378404057374924e-05,0.0007454291999920426,16.226685260645713,1.378404057374924e-05,stochastic_proposal_reached,True
Peak,v913_paper_peak01_0242980_persistent_sites,735.9214951373579,110000000.0,14,0.4375,3.5,1.6081380669374112e-05,0.0007454291999920426,16.226685260645713,1.6081380669374112e-05,stochastic_proposal_reached,True
Peak,v913_paper_peak01_0242980_persistent_sites,735.9214951373579,110000000.0,14,0.4375,3.99,1.833277396308649e-05,0.0007454291999920426,16.226685260645713,1.833277396308649e-05,stochastic_proposal_reached,True
Peak,v913_paper_peak01_0242980_persistent_sites,735.9214951373579,110000000.0,14,0.4375,4.0,1.8378720764998988e-05,0.0007454291999920426,16.226685260645713,1.8378720764998988e-05,stochastic_proposal_reached,True
Peak,v913_paper_peak01_0242980_persistent_sites,735.9214951373579,110000000.0,14,0.4375,8.0,1.8378720764998988e-05,0.0007454291999920426,16.226685260645713,1.8378720764998988e-05,stochastic_proposal_reached,True
Peak,v913_paper_peak01_0242980_persistent_sites,735.9214951373579,110000000.0,15,0.46875,0.1,2.2973400956248734e-06,0.000881338177062374,16.226685260645713,2.2973400956248734e-06,stochastic_proposal_reached,True
Peak,v913_paper_peak01_0242980_persistent_sites,735.9214951373579,110000000.0,15,0.46875,0.3,2.2973400956248734e-06,0.000881338177062374,16.226685260645713,2.2973400956248734e-06,stochastic_proposal_reached,True
Peak,v913_paper_peak01_0242980_persistent_sites,735.9214951373579,110000000.0,15,0.46875,0.49,2.2973400956248734e-06,0.000881338177062374,16.226685260645713,2.2973400956248734e-06,stochastic_proposal_reached,True
Peak,v913_paper_peak01_0242980_persistent_sites,735.9214951373579,110000000.0,15,0.46875,0.5,2.2973400956248734e-06,0.000881338177062374,16.226685260645713,2.2973400956248734e-06,stochastic_proposal_reached,True
Peak,v913_paper_peak01_0242980_persistent_sites,735.9214951373579,110000000.0,15,0.46875,0.6,2.7568081147498482e-06,0.000881338177062374,16.226685260645713,2.7568081147498482e-06,stochastic_proposal_reached,True
Peak,v913_paper_peak01_0242980_persistent_sites,735.9214951373579,110000000.0,15,0.46875,0.8,3.6757441529997978e-06,0.000881338177062374,16.226685260645713,3.6757441529997973e-06,stochastic_proposal_reached,True
Peak,v913_paper_peak01_0242980_persistent_sites,735.9214951373579,110000000.0,15,0.46875,1.0,4.594680191249747e-06,0.000881338177062374,16.226685260645713,4.594680191249747e-06,stochastic_proposal_reached,True
Peak,v913_paper_peak01_0242980_persistent_sites,735.9214951373579,110000000.0,15,0.46875,1.25,5.743350239062183e-06,0.000881338177062374,16.226685260645713,5.743350239062183e-06,stochastic_proposal_reached,True
Peak,v913_paper_peak01_0242980_persistent_sites,735.9214951373579,110000000.0,15,0.46875,1.5,6.89202028687462e-06,0.000881338177062374,16.226685260645713,6.89202028687462e-06,stochastic_proposal_reached,True
Peak,v913_paper_peak01_0242980_persistent_sites,735.9214951373579,110000000.0,15,0.46875,2.0,9.189360382499494e-06,0.000881338177062374,16.226685260645713,9.189360382499494e-06,stochastic_proposal_reached,True
Peak,v913_paper_peak01_0242980_persistent_sites,735.9214951373579,110000000.0,15,0.46875,2.5,1.1486700478124366e-05,0.0011148051748642862,16.226685260645713,1.1486700478124366e-05,stochastic_proposal_reached,True
Peak,v913_paper_peak01_0242980_persistent_sites,735.9214951373579,110000000.0,15,0.46875,3.0,1.378404057374924e-05,0.0011148051748642862,16.226685260645713,1.378404057374924e-05,stochastic_proposal_reached,True
Peak,v913_paper_peak01_0242980_persistent_sites,735.9214951373579,110000000.0,15,0.46875,3.5,1.6081380669374112e-05,0.0011148051748642862,16.226685260645713,1.6081380669374112e-05,stochastic_proposal_reached,True
Peak,v913_paper_peak01_0242980_persistent_sites,735.9214951373579,110000000.0,15,0.46875,3.99,1.833277396308649e-05,0.0011148051748642862,16.226685260645713,1.833277396308649e-05,stochastic_proposal_reached,True
Peak,v913_paper_peak01_0242980_persistent_sites,735.9214951373579,110000000.0,15,0.46875,4.0,1.8378720764998988e-05,0.0011148051748642862,16.226685260645713,1.8378720764998988e-05,stochastic_proposal_reached,True
Peak,v913_paper_peak01_0242980_persistent_sites,735.9214951373579,110000000.0,15,0.46875,8.0,1.8378720764998988e-05,0.0011148051748642862,16.226685260645713,1.8378720764998988e-05,stochastic_proposal_reached,True
Peak,v913_paper_peak01_0242980_persistent_sites,735.9214951373579,110000000.0,16,0.5,0.1,2.2973400956248734e-06,0.0009840780896617218,16.226685260645713,2.2973400956248734e-06,stochastic_proposal_reached,True
Peak,v913_paper_peak01_0242980_persistent_sites,735.9214951373579,110000000.0,16,0.5,0.3,2.2973400956248734e-06,0.0009840780896617218,16.226685260645713,2.2973400956248734e-06,stochastic_proposal_reached,True
Peak,v913_paper_peak01_0242980_persistent_sites,735.9214951373579,110000000.0,16,0.5,0.49,2.2973400956248734e-06,0.0009840780896617218,16.226685260645713,2.2973400956248734e-06,stochastic_proposal_reached,True
Peak,v913_paper_peak01_0242980_persistent_sites,735.9214951373579,110000000.0,16,0.5,0.5,2.2973400956248734e-06,0.0009840780896617218,16.226685260645713,2.2973400956248734e-06,stochastic_proposal_reached,True
Peak,v913_paper_peak01_0242980_persistent_sites,735.9214951373579,110000000.0,16,0.5,0.6,2.7568081147498482e-06,0.0009840780896617218,16.226685260645713,2.7568081147498482e-06,stochastic_proposal_reached,True
Peak,v913_paper_peak01_0242980_persistent_sites,735.9214951373579,110000000.0,16,0.5,0.8,3.6757441529997978e-06,0.0009840780896617218,16.226685260645713,3.6757441529997973e-06,stochastic_proposal_reached,True
Peak,v913_paper_peak01_0242980_persistent_sites,735.9214951373579,110000000.0,16,0.5,1.0,4.594680191249747e-06,0.0009840780896617218,16.226685260645713,4.594680191249747e-06,stochastic_proposal_reached,True
Peak,v913_paper_peak01_0242980_persistent_sites,735.9214951373579,110000000.0,16,0.5,1.25,5.743350239062183e-06,0.0009840780896617218,16.226685260645713,5.743350239062183e-06,stochastic_proposal_reached,True
Peak,v913_paper_peak01_0242980_persistent_sites,735.9214951373579,110000000.0,16,0.5,1.5,6.89202028687462e-06,0.0009840780896617218,16.226685260645713,6.89202028687462e-06,stochastic_proposal_reached,True
Peak,v913_paper_peak01_0242980_persistent_sites,735.9214951373579,110000000.0,16,0.5,2.0,9.189360382499494e-06,0.0009840780896617218,16.226685260645713,9.189360382499494e-06,stochastic_proposal_reached,True
Peak,v913_paper_peak01_0242980_persistent_sites,735.9214951373579,110000000.0,16,0.5,2.5,1.1486700478124366e-05,0.0012687325445447928,16.226685260645713,1.1486700478124366e-05,stochastic_proposal_reached,True
Peak,v913_paper_peak01_0242980_persistent_sites,735.9214951373579,110000000.0,16,0.5,3.0,1.378404057374924e-05,0.0012687325445447928,16.226685260645713,1.378404057374924e-05,stochastic_proposal_reached,True
Peak,v913_paper_peak01_0242980_persistent_sites,735.9214951373579,110000000.0,16,0.5,3.5,1.6081380669374112e-05,0.0012687325445447928,16.226685260645713,1.6081380669374112e-05,stochastic_proposal_reached,True
Peak,v913_paper_peak01_0242980_persistent_sites,735.9214951373579,110000000.0,16,0.5,3.99,1.833277396308649e-05,0.0012687325445447928,16.226685260645713,1.833277396308649e-05,stochastic_proposal_reached,True
Peak,v913_paper_peak01_0242980_persistent_sites,735.9214951373579,110000000.0,16,0.5,4.0,1.8378720764998988e-05,0.0012687325445447928,16.226685260645713,1.8378720764998988e-05,stochastic_proposal_reached,True
Peak,v913_paper_peak01_0242980_persistent_sites,735.9214951373579,110000000.0,16,0.5,8.0,1.8378720764998988e-05,0.0012687325445447928,16.226685260645713,1.8378720764998988e-05,stochastic_proposal_reached,True
Peak,v913_paper_peak01_0242980_persistent_sites,735.9214951373579,110000000.0,17,0.53125,0.1,2.2973400956248734e-06,0.000881338177062374,16.226685260645713,2.2973400956248734e-06,stochastic_proposal_reached,True
Peak,v913_paper_peak01_0242980_persistent_sites,735.9214951373579,110000000.0,17,0.53125,0.3,2.2973400956248734e-06,0.000881338177062374,16.226685260645713,2.2973400956248734e-06,stochastic_proposal_reached,True
Peak,v913_paper_peak01_0242980_persistent_sites,735.9214951373579,110000000.0,17,0.53125,0.49,2.2973400956248734e-06,0.000881338177062374,16.226685260645713,2.2973400956248734e-06,stochastic_proposal_reached,True
Peak,v913_paper_peak01_0242980_persistent_sites,735.9214951373579,110000000.0,17,0.53125,0.5,2.2973400956248734e-06,0.000881338177062374,16.226685260645713,2.2973400956248734e-06,stochastic_proposal_reached,True
Peak,v913_paper_peak01_0242980_persistent_sites,735.9214951373579,110000000.0,17,0.53125,0.6,2.7568081147498482e-06,0.000881338177062374,16.226685260645713,2.7568081147498482e-06,stochastic_proposal_reached,True
Peak,v913_paper_peak01_0242980_persistent_sites,735.9214951373579,110000000.0,17,0.53125,0.8,3.6757441529997978e-06,0.000881338177062374,16.226685260645713,3.6757441529997973e-06,stochastic_proposal_reached,True
Peak,v913_paper_peak01_0242980_persistent_sites,735.9214951373579,110000000.0,17,0.53125,1.0,4.594680191249747e-06,0.000881338177062374,16.226685260645713,4.594680191249747e-06,stochastic_proposal_reached,True
Peak,v913_paper_peak01_0242980_persistent_sites,735.9214951373579,110000000.0,17,0.53125,1.25,5.743350239062183e-06,0.000881338177062374,16.226685260645713,5.743350239062183e-06,stochastic_proposal_reached,True
Peak,v913_paper_peak01_0242980_persistent_sites,735.9214951373579,110000000.0,17,0.53125,1.5,6.89202028687462e-06,0.000881338177062374,16.226685260645713,6.89202028687462e-06,stochastic_proposal_reached,True
Peak,v913_paper_peak01_0242980_persistent_sites,735.9214951373579,110000000.0,17,0.53125,2.0,9.189360382499494e-06,0.000881338177062374,16.226685260645713,9.189360382499494e-06,stochastic_proposal_reached,True
Peak,v913_paper_peak01_0242980_persistent_sites,735.9214951373579,110000000.0,17,0.53125,2.5,1.1486700478124366e-05,0.0011148051748642862,16.226685260645713,1.1486700478124366e-05,stochastic_proposal_reached,True
Peak,v913_paper_peak01_0242980_persistent_sites,735.9214951373579,110000000.0,17,0.53125,3.0,1.378404057374924e-05,0.0011148051748642862,16.226685260645713,1.378404057374924e-05,stochastic_proposal_reached,True
Peak,v913_paper_peak01_0242980_persistent_sites,735.9214951373579,110000000.0,17,0.53125,3.5,1.6081380669374112e-05,0.0011148051748642862,16.226685260645713,1.6081380669374112e-05,stochastic_proposal_reached,True
Peak,v913_paper_peak01_0242980_persistent_sites,735.9214951373579,110000000.0,17,0.53125,3.99,1.833277396308649e-05,0.0011148051748642862,16.226685260645713,1.833277396308649e-05,stochastic_proposal_reached,True
Peak,v913_paper_peak01_0242980_persistent_sites,735.9214951373579,110000000.0,17,0.53125,4.0,1.8378720764998988e-05,0.0011148051748642862,16.226685260645713,1.8378720764998988e-05,stochastic_proposal_reached,True
Peak,v913_paper_peak01_0242980_persistent_sites,735.9214951373579,110000000.0,17,0.53125,8.0,1.8378720764998988e-05,0.0011148051748642862,16.226685260645713,1.8378720764998988e-05,stochastic_proposal_reached,True
Peak,v913_paper_peak01_0242980_persistent_sites,735.9214951373579,110000000.0,18,0.5625,0.1,2.2973400956248734e-06,0.0006150700598305803,16.226685260645713,2.2973400956248734e-06,stochastic_proposal_reached,True
Peak,v913_paper_peak01_0242980_persistent_sites,735.9214951373579,110000000.0,18,0.5625,0.3,2.2973400956248734e-06,0.0006150700598305803,16.226685260645713,2.2973400956248734e-06,stochastic_proposal_reached,True
Peak,v913_paper_peak01_0242980_persistent_sites,735.9214951373579,110000000.0,18,0.5625,0.49,2.2973400956248734e-06,0.0006150700598305803,16.226685260645713,2.2973400956248734e-06,stochastic_proposal_reached,True
Peak,v913_paper_peak01_0242980_persistent_sites,735.9214951373579,110000000.0,18,0.5625,0.5,2.2973400956248734e-06,0.0006150700598305803,16.226685260645713,2.2973400956248734e-06,stochastic_proposal_reached,True
Peak,v913_paper_peak01_0242980_persistent_sites,735.9214951373579,110000000.0,18,0.5625,0.6,2.7568081147498482e-06,0.0006150700598305803,16.226685260645713,2.7568081147498482e-06,stochastic_proposal_reached,True
Peak,v913_paper_peak01_0242980_persistent_sites,735.9214951373579,110000000.0,18,0.5625,0.8,3.6757441529997978e-06,0.0006150700598305803,16.226685260645713,3.6757441529997973e-06,stochastic_proposal_reached,True
Peak,v913_paper_peak01_0242980_persistent_sites,735.9214951373579,110000000.0,18,0.5625,1.0,4.594680191249747e-06,0.0006150700598305803,16.226685260645713,4.594680191249747e-06,stochastic_proposal_reached,True
Peak,v913_paper_peak01_0242980_persistent_sites,735.9214951373579,110000000.0,18,0.5625,1.25,5.743350239062183e-06,0.0006150700598305803,16.226685260645713,5.743350239062183e-06,stochastic_proposal_reached,True
Peak,v913_paper_peak01_0242980_persistent_sites,735.9214951373579,110000000.0,18,0.5625,1.5,6.89202028687462e-06,0.0006150700598305803,16.226685260645713,6.89202028687462e-06,stochastic_proposal_reached,True
Peak,v913_paper_peak01_0242980_persistent_sites,735.9214951373579,110000000.0,18,0.5625,2.0,9.189360382499494e-06,0.0006150700598305803,16.226685260645713,9.189360382499494e-06,stochastic_proposal_reached,True
Peak,v913_paper_peak01_0242980_persistent_sites,735.9214951373579,110000000.0,18,0.5625,2.5,1.1486700478124366e-05,0.0007454291999920426,16.226685260645713,1.1486700478124366e-05,stochastic_proposal_reached,True
Peak,v913_paper_peak01_0242980_persistent_sites,735.9214951373579,110000000.0,18,0.5625,3.0,1.378404057374924e-05,0.0007454291999920426,16.226685260645713,1.378404057374924e-05,stochastic_proposal_reached,True
Peak,v913_paper_peak01_0242980_persistent_sites,735.9214951373579,110000000.0,18,0.5625,3.5,1.6081380669374112e-05,0.0007454291999920426,16.226685260645713,1.6081380669374112e-05,stochastic_proposal_reached,True
Peak,v913_paper_peak01_0242980_persistent_sites,735.9214951373579,110000000.0,18,0.5625,3.99,1.833277396308649e-05,0.0007454291999920426,16.226685260645713,1.833277396308649e-05,stochastic_proposal_reached,True
Peak,v913_paper_peak01_0242980_persistent_sites,735.9214951373579,110000000.0,18,0.5625,4.0,1.8378720764998988e-05,0.0007454291999920426,16.226685260645713,1.8378720764998988e-05,stochastic_proposal_reached,True
Peak,v913_paper_peak01_0242980_persistent_sites,735.9214951373579,110000000.0,18,0.5625,8.0,1.8378720764998988e-05,0.0007454291999920426,16.226685260645713,1.8378720764998988e-05,stochastic_proposal_reached,True
Peak,v913_paper_peak01_0242980_persistent_sites,735.9214951373579,110000000.0,19,0.59375,0.1,2.2973400956248734e-06,0.0003037307518016785,16.226685260645713,2.2973400956248734e-06,stochastic_proposal_reached,True
Peak,v913_paper_peak01_0242980_persistent_sites,735.9214951373579,110000000.0,19,0.59375,0.3,2.2973400956248734e-06,0.0003037307518016785,16.226685260645713,2.2973400956248734e-06,stochastic_proposal_reached,True
Peak,v913_paper_peak01_0242980_persistent_sites,735.9214951373579,110000000.0,19,0.59375,0.49,2.2973400956248734e-06,0.0003037307518016785,16.226685260645713,2.2973400956248734e-06,stochastic_proposal_reached,True
Peak,v913_paper_peak01_0242980_persistent_sites,735.9214951373579,110000000.0,19,0.59375,0.5,2.2973400956248734e-06,0.0003037307518016785,16.226685260645713,2.2973400956248734e-06,stochastic_proposal_reached,True
Peak,v913_paper_peak01_0242980_persistent_sites,735.9214951373579,110000000.0,19,0.59375,0.6,2.7568081147498482e-06,0.0003037307518016785,16.226685260645713,2.7568081147498482e-06,stochastic_proposal_reached,True
Peak,v913_paper_peak01_0242980_persistent_sites,735.9214951373579,110000000.0,19,0.59375,0.8,3.6757441529997978e-06,0.0003037307518016785,16.226685260645713,3.6757441529997973e-06,stochastic_proposal_reached,True
Peak,v913_paper_peak01_0242980_persistent_sites,735.9214951373579,110000000.0,19,0.59375,1.0,4.594680191249747e-06,0.0003037307518016785,16.226685260645713,4.594680191249747e-06,stochastic_proposal_reached,True
Peak,v913_paper_peak01_0242980_persistent_sites,735.9214951373579,110000000.0,19,0.59375,1.25,5.743350239062183e-06,0.0003037307518016785,16.226685260645713,5.743350239062183e-06,stochastic_proposal_reached,True
Peak,v913_paper_peak01_0242980_persistent_sites,735.9214951373579,110000000.0,19,0.59375,1.5,6.89202028687462e-06,0.0003037307518016785,16.226685260645713,6.89202028687462e-06,stochastic_proposal_reached,True
Peak,v913_paper_peak01_0242980_persistent_sites,735.9214951373579,110000000.0,19,0.59375,2.0,9.189360382499494e-06,0.0003037307518016785,16.226685260645713,9.189360382499494e-06,stochastic_proposal_reached,True
Peak,v913_paper_peak01_0242980_persistent_sites,735.9214951373579,110000000.0,19,0.59375,2.5,1.1486700478124366e-05,0.0004211044675311859,16.226685260645713,1.1486700478124366e-05,stochastic_proposal_reached,True
Peak,v913_paper_peak01_0242980_persistent_sites,735.9214951373579,110000000.0,19,0.59375,3.0,1.378404057374924e-05,0.0004211044675311859,16.226685260645713,1.378404057374924e-05,stochastic_proposal_reached,True
Peak,v913_paper_peak01_0242980_persistent_sites,735.9214951373579,110000000.0,19,0.59375,3.5,1.6081380669374112e-05,0.0004211044675311859,16.226685260645713,1.6081380669374112e-05,stochastic_proposal_reached,True
Peak,v913_paper_peak01_0242980_persistent_sites,735.9214951373579,110000000.0,19,0.59375,3.99,1.833277396308649e-05,0.0004211044675311859,16.226685260645713,1.833277396308649e-05,stochastic_proposal_reached,True
Peak,v913_paper_peak01_0242980_persistent_sites,735.9214951373579,110000000.0,19,0.59375,4.0,1.8378720764998988e-05,0.0004211044675311859,16.226685260645713,1.8378720764998988e-05,stochastic_proposal_reached,True
Peak,v913_paper_peak01_0242980_persistent_sites,735.9214951373579,110000000.0,19,0.59375,8.0,1.8378720764998988e-05,0.0004211044675311859,16.226685260645713,1.8378720764998988e-05,stochastic_proposal_reached,True
Peak,v913_paper_peak01_0242980_persistent_sites,735.9214951373579,110000000.0,20,0.625,0.1,2.2973400956248734e-06,0.00012125422753617165,16.226685260645713,2.2973400956248734e-06,stochastic_proposal_reached,True
Peak,v913_paper_peak01_0242980_persistent_sites,735.9214951373579,110000000.0,20,0.625,0.3,2.2973400956248734e-06,0.00012125422753617165,16.226685260645713,2.2973400956248734e-06,stochastic_proposal_reached,True
Peak,v913_paper_peak01_0242980_persistent_sites,735.9214951373579,110000000.0,20,0.625,0.49,2.2973400956248734e-06,0.00012125422753617165,16.226685260645713,2.2973400956248734e-06,stochastic_proposal_reached,True
Peak,v913_paper_peak01_0242980_persistent_sites,735.9214951373579,110000000.0,20,0.625,0.5,2.2973400956248734e-06,0.00012125422753617165,16.226685260645713,2.2973400956248734e-06,stochastic_proposal_reached,True
Peak,v913_paper_peak01_0242980_persistent_sites,735.9214951373579,110000000.0,20,0.625,0.6,2.7568081147498482e-06,0.00012125422753617165,16.226685260645713,2.7568081147498482e-06,stochastic_proposal_reached,True
Peak,v913_paper_peak01_0242980_persistent_sites,735.9214951373579,110000000.0,20,0.625,0.8,3.6757441529997978e-06,0.00012125422753617165,16.226685260645713,3.6757441529997973e-06,stochastic_proposal_reached,True
Peak,v913_paper_peak01_0242980_persistent_sites,735.9214951373579,110000000.0,20,0.625,1.0,4.594680191249747e-06,0.00012125422753617165,16.226685260645713,4.594680191249747e-06,stochastic_proposal_reached,True
Peak,v913_paper_peak01_0242980_persistent_sites,735.9214951373579,110000000.0,20,0.625,1.25,5.743350239062183e-06,0.00012125422753617165,16.226685260645713,5.743350239062183e-06,stochastic_proposal_reached,True
Peak,v913_paper_peak01_0242980_persistent_sites,735.9214951373579,110000000.0,20,0.625,1.5,6.89202028687462e-06,0.00012125422753617165,16.226685260645713,6.89202028687462e-06,stochastic_proposal_reached,True
Peak,v913_paper_peak01_0242980_persistent_sites,735.9214951373579,110000000.0,20,0.625,2.0,9.189360382499494e-06,0.00012125422753617165,16.226685260645713,7.472519886192692e-06,hazard_derived_energy_arrest,True
Peak,v913_paper_peak01_0242980_persistent_sites,735.9214951373579,110000000.0,20,0.625,2.5,1.1486700478124366e-05,0.00012125422753617165,16.226685260645713,7.472519858806263e-06,hazard_derived_energy_arrest,True
Peak,v913_paper_peak01_0242980_persistent_sites,735.9214951373579,110000000.0,20,0.625,3.0,1.378404057374924e-05,0.00012125422753617165,16.226685260645713,7.47251991357912e-06,hazard_derived_energy_arrest,True
Peak,v913_paper_peak01_0242980_persistent_sites,735.9214951373579,110000000.0,20,0.625,3.5,1.6081380669374112e-05,0.00012125422753617165,16.226685260645713,7.472519858806262e-06,hazard_derived_energy_arrest,True
Peak,v913_paper_peak01_0242980_persistent_sites,735.9214951373579,110000000.0,20,0.625,3.99,1.833277396308649e-05,0.00012125422753617165,16.226685260645713,7.472519810880016e-06,hazard_derived_energy_arrest,True
Peak,v913_paper_peak01_0242980_persistent_sites,735.9214951373579,110000000.0,20,0.625,4.0,1.8378720764998988e-05,0.00012125422753617165,16.226685260645713,7.472519886192692e-06,hazard_derived_energy_arrest,True
Peak,v913_paper_peak01_0242980_persistent_sites,735.9214951373579,110000000.0,20,0.625,8.0,1.8378720764998988e-05,0.00012125422753617165,16.226685260645713,7.472519886192692e-06,hazard_derived_energy_arrest,True
Peak,v913_paper_peak01_0242980_persistent_sites,735.9214951373579,110000000.0,21,0.65625,0.1,2.2973400956248734e-06,0.00026570886744048394,16.218603445052743,2.2973400956248734e-06,stochastic_proposal_reached,True
Peak,v913_paper_peak01_0242980_persistent_sites,735.9214951373579,110000000.0,21,0.65625,0.3,2.2973400956248734e-06,0.00026570886744048394,16.218603445052743,2.2973400956248734e-06,stochastic_proposal_reached,True
Peak,v913_paper_peak01_0242980_persistent_sites,735.9214951373579,110000000.0,21,0.65625,0.49,2.2973400956248734e-06,0.00026570886744048394,16.218603445052743,2.2973400956248734e-06,stochastic_proposal_reached,True
Peak,v913_paper_peak01_0242980_persistent_sites,735.9214951373579,110000000.0,21,0.65625,0.5,2.2973400956248734e-06,0.00026570886744048394,16.218603445052743,2.2973400956248734e-06,stochastic_proposal_reached,True
Peak,v913_paper_peak01_0242980_persistent_sites,735.9214951373579,110000000.0,21,0.65625,0.6,2.7568081147498482e-06,0.00026570886744048394,16.218603445052743,2.7568081147498482e-06,stochastic_proposal_reached,True
Peak,v913_paper_peak01_0242980_persistent_sites,735.9214951373579,110000000.0,21,0.65625,0.8,3.6757441529997978e-06,0.00026570886744048394,16.218603445052743,3.6757441529997973e-06,stochastic_proposal_reached,True
Peak,v913_paper_peak01_0242980_persistent_sites,735.9214951373579,110000000.0,21,0.65625,1.0,4.594680191249747e-06,0.00026570886744048394,16.218603445052743,4.594680191249747e-06,stochastic_proposal_reached,True
Peak,v913_paper_peak01_0242980_persistent_sites,735.9214951373579,110000000.0,21,0.65625,1.25,5.743350239062183e-06,0.00026570886744048394,16.218603445052743,5.743350239062183e-06,stochastic_proposal_reached,True
Peak,v913_paper_peak01_0242980_persistent_sites,735.9214951373579,110000000.0,21,0.65625,1.5,6.89202028687462e-06,0.00026570886744048394,16.218603445052743,6.89202028687462e-06,stochastic_proposal_reached,True
Peak,v913_paper_peak01_0242980_persistent_sites,735.9214951373579,110000000.0,21,0.65625,2.0,9.189360382499494e-06,0.00026570886744048394,16.218603445052743,9.189360382499494e-06,stochastic_proposal_reached,True
Peak,v913_paper_peak01_0242980_persistent_sites,735.9214951373579,110000000.0,21,0.65625,2.5,1.1486700478124366e-05,0.0014817697558413556,16.218603445052743,1.1486700478124366e-05,stochastic_proposal_reached,True
Peak,v913_paper_peak01_0242980_persistent_sites,735.9214951373579,110000000.0,21,0.65625,3.0,1.378404057374924e-05,0.0014817697558413556,16.218603445052743,1.378404057374924e-05,stochastic_proposal_reached,True
Peak,v913_paper_peak01_0242980_persistent_sites,735.9214951373579,110000000.0,21,0.65625,3.5,1.6081380669374112e-05,0.0014817697558413556,16.218603445052743,1.6081380669374112e-05,stochastic_proposal_reached,True
Peak,v913_paper_peak01_0242980_persistent_sites,735.9214951373579,110000000.0,21,0.65625,3.99,1.833277396308649e-05,0.0014817697558413556,16.218603445052743,1.833277396308649e-05,stochastic_proposal_reached,True
Peak,v913_paper_peak01_0242980_persistent_sites,735.9214951373579,110000000.0,21,0.65625,4.0,1.8378720764998988e-05,0.0014817697558413556,16.218603445052743,1.8378720764998988e-05,stochastic_proposal_reached,True
Peak,v913_paper_peak01_0242980_persistent_sites,735.9214951373579,110000000.0,21,0.65625,8.0,1.8378720764998988e-05,0.0014817697558413556,16.218603445052743,1.8378720764998988e-05,stochastic_proposal_reached,True
Peak,v913_paper_peak01_0242980_persistent_sites,735.9214951373579,110000000.0,22,0.6875,0.1,2.2973400956248734e-06,0.0009225992706229924,15.161273702268058,2.2973400956248734e-06,stochastic_proposal_reached,True
Peak,v913_paper_peak01_0242980_persistent_sites,735.9214951373579,110000000.0,22,0.6875,0.3,2.2973400956248734e-06,0.0009225992706229924,15.161273702268058,2.2973400956248734e-06,stochastic_proposal_reached,True
Peak,v913_paper_peak01_0242980_persistent_sites,735.9214951373579,110000000.0,22,0.6875,0.49,2.2973400956248734e-06,0.0009225992706229924,15.161273702268058,2.2973400956248734e-06,stochastic_proposal_reached,True
Peak,v913_paper_peak01_0242980_persistent_sites,735.9214951373579,110000000.0,22,0.6875,0.5,2.2973400956248734e-06,0.0009225992706229924,15.161273702268058,2.2973400956248734e-06,stochastic_proposal_reached,True
Peak,v913_paper_peak01_0242980_persistent_sites,735.9214951373579,110000000.0,22,0.6875,0.6,2.7568081147498482e-06,0.0009225992706229924,15.161273702268058,2.7568081147498482e-06,stochastic_proposal_reached,True
Peak,v913_paper_peak01_0242980_persistent_sites,735.9214951373579,110000000.0,22,0.6875,0.8,3.6757441529997978e-06,0.0009225992706229924,15.161273702268058,3.6757441529997973e-06,stochastic_proposal_reached,True
Peak,v913_paper_peak01_0242980_persistent_sites,735.9214951373579,110000000.0,22,0.6875,1.0,4.594680191249747e-06,0.0009225992706229924,15.161273702268058,4.594680191249747e-06,stochastic_proposal_reached,True
Peak,v913_paper_peak01_0242980_persistent_sites,735.9214951373579,110000000.0,22,0.6875,1.25,5.743350239062183e-06,0.0009225992706229924,15.161273702268058,5.743350239062183e-06,stochastic_proposal_reached,True
Peak,v913_paper_peak01_0242980_persistent_sites,735.9214951373579,110000000.0,22,0.6875,1.5,6.89202028687462e-06,0.0009225992706229924,15.161273702268058,6.89202028687462e-06,stochastic_proposal_reached,True
Peak,v913_paper_peak01_0242980_persistent_sites,735.9214951373579,110000000.0,22,0.6875,2.0,9.189360382499494e-06,0.0009225992706229924,15.161273702268058,9.189360382499494e-06,stochastic_proposal_reached,True
Peak,v913_paper_peak01_0242980_persistent_sites,735.9214951373579,110000000.0,22,0.6875,2.5,1.1486700478124366e-05,0.003695636149807502,15.161273702268058,1.1486700478124366e-05,stochastic_proposal_reached,True
Peak,v913_paper_peak01_0242980_persistent_sites,735.9214951373579,110000000.0,22,0.6875,3.0,1.378404057374924e-05,0.003695636149807502,15.161273702268058,1.378404057374924e-05,stochastic_proposal_reached,True
Peak,v913_paper_peak01_0242980_persistent_sites,735.9214951373579,110000000.0,22,0.6875,3.5,1.6081380669374112e-05,0.003695636149807502,15.161273702268058,1.6081380669374112e-05,stochastic_proposal_reached,True
Peak,v913_paper_peak01_0242980_persistent_sites,735.9214951373579,110000000.0,22,0.6875,3.99,1.833277396308649e-05,0.003695636149807502,15.161273702268058,1.833277396308649e-05,stochastic_proposal_reached,True
Peak,v913_paper_peak01_0242980_persistent_sites,735.9214951373579,110000000.0,22,0.6875,4.0,1.8378720764998988e-05,0.003695636149807502,15.161273702268058,1.8378720764998988e-05,stochastic_proposal_reached,True
Peak,v913_paper_peak01_0242980_persistent_sites,735.9214951373579,110000000.0,22,0.6875,8.0,1.8378720764998988e-05,0.003695636149807502,15.161273702268058,1.8378720764998988e-05,stochastic_proposal_reached,True
Peak,v913_paper_peak01_0242980_persistent_sites,735.9214951373579,110000000.0,23,0.71875,0.1,2.2973400956248734e-06,0.002627231203246472,13.710622009926754,2.2973400956248734e-06,stochastic_proposal_reached,True
Peak,v913_paper_peak01_0242980_persistent_sites,735.9214951373579,110000000.0,23,0.71875,0.3,2.2973400956248734e-06,0.002627231203246472,13.710622009926754,2.2973400956248734e-06,stochastic_proposal_reached,True
Peak,v913_paper_peak01_0242980_persistent_sites,735.9214951373579,110000000.0,23,0.71875,0.49,2.2973400956248734e-06,0.002627231203246472,13.710622009926754,2.2973400956248734e-06,stochastic_proposal_reached,True
Peak,v913_paper_peak01_0242980_persistent_sites,735.9214951373579,110000000.0,23,0.71875,0.5,2.2973400956248734e-06,0.002627231203246472,13.710622009926754,2.2973400956248734e-06,stochastic_proposal_reached,True
Peak,v913_paper_peak01_0242980_persistent_sites,735.9214951373579,110000000.0,23,0.71875,0.6,2.7568081147498482e-06,0.0027585927634087956,13.710622009926754,2.7568081147498482e-06,stochastic_proposal_reached,True
Peak,v913_paper_peak01_0242980_persistent_sites,735.9214951373579,110000000.0,23,0.71875,0.8,3.6757441529997978e-06,0.002627231203246472,13.710622009926754,3.6757441529997973e-06,stochastic_proposal_reached,True
Peak,v913_paper_peak01_0242980_persistent_sites,735.9214951373579,110000000.0,23,0.71875,1.0,4.594680191249747e-06,0.002627231203246472,13.710622009926754,4.594680191249747e-06,stochastic_proposal_reached,True
Peak,v913_paper_peak01_0242980_persistent_sites,735.9214951373579,110000000.0,23,0.71875,1.25,5.743350239062183e-06,0.0024630292530435677,13.710622009926754,5.743350239062183e-06,stochastic_proposal_reached,True
Peak,v913_paper_peak01_0242980_persistent_sites,735.9214951373579,110000000.0,23,0.71875,1.5,6.89202028687462e-06,0.002228650886835659,13.710622009926754,6.89202028687462e-06,stochastic_proposal_reached,True
Peak,v913_paper_peak01_0242980_persistent_sites,735.9214951373579,110000000.0,23,0.71875,2.0,9.189360382499494e-06,0.002627231203246472,13.710622009926754,9.189360382499494e-06,stochastic_proposal_reached,True
Peak,v913_paper_peak01_0242980_persistent_sites,735.9214951373579,110000000.0,23,0.71875,2.5,1.1486700478124366e-05,0.007448058906287969,13.710622009926754,1.1486700478124366e-05,stochastic_proposal_reached,True
Peak,v913_paper_peak01_0242980_persistent_sites,735.9214951373579,110000000.0,23,0.71875,3.0,1.378404057374924e-05,0.007448058906287969,13.710622009926754,1.378404057374924e-05,stochastic_proposal_reached,True
Peak,v913_paper_peak01_0242980_persistent_sites,735.9214951373579,110000000.0,23,0.71875,3.5,1.6081380669374112e-05,0.007448058906287969,13.710622009926754,1.6081380669374112e-05,stochastic_proposal_reached,True
Peak,v913_paper_peak01_0242980_persistent_sites,735.9214951373579,110000000.0,23,0.71875,3.99,1.833277396308649e-05,0.007448058906287969,13.710622009926754,1.833277396308649e-05,stochastic_proposal_reached,True
Peak,v913_paper_peak01_0242980_persistent_sites,735.9214951373579,110000000.0,23,0.71875,4.0,1.8378720764998988e-05,0.007448058906287969,13.710622009926754,1.8378720764998988e-05,stochastic_proposal_reached,True
Peak,v913_paper_peak01_0242980_persistent_sites,735.9214951373579,110000000.0,23,0.71875,8.0,1.8378720764998988e-05,0.007448058906287969,13.710622009926754,1.8378720764998988e-05,stochastic_proposal_reached,True
Peak,v913_paper_peak01_0242980_persistent_sites,735.9214951373579,110000000.0,24,0.75,0.1,2.2973400956248734e-06,0.006198114785366359,12.160848297027544,2.2973400956248734e-06,stochastic_proposal_reached,True
Peak,v913_paper_peak01_0242980_persistent_sites,735.9214951373579,110000000.0,24,0.75,0.3,2.2973400956248734e-06,0.006198114785366359,12.160848297027544,2.2973400956248734e-06,stochastic_proposal_reached,True
Peak,v913_paper_peak01_0242980_persistent_sites,735.9214951373579,110000000.0,24,0.75,0.49,2.2973400956248734e-06,0.006198114785366359,12.160848297027544,2.2973400956248734e-06,stochastic_proposal_reached,True
Peak,v913_paper_peak01_0242980_persistent_sites,735.9214951373579,110000000.0,24,0.75,0.5,2.2973400956248734e-06,0.006198114785366359,12.160848297027544,2.2973400956248734e-06,stochastic_proposal_reached,True
Peak,v913_paper_peak01_0242980_persistent_sites,735.9214951373579,110000000.0,24,0.75,0.6,2.7568081147498482e-06,0.0065080205246346775,12.160848297027544,2.7568081147498482e-06,stochastic_proposal_reached,True
Peak,v913_paper_peak01_0242980_persistent_sites,735.9214951373579,110000000.0,24,0.75,0.8,3.6757441529997978e-06,0.006198114785366359,12.160848297027544,3.6757441529997973e-06,stochastic_proposal_reached,True
Peak,v913_paper_peak01_0242980_persistent_sites,735.9214951373579,110000000.0,24,0.75,1.0,4.594680191249747e-06,0.006198114785366359,12.160848297027544,4.594680191249747e-06,stochastic_proposal_reached,True
Peak,v913_paper_peak01_0242980_persistent_sites,735.9214951373579,110000000.0,24,0.75,1.25,5.743350239062183e-06,0.005810732611280962,12.160848297027544,5.743350239062183e-06,stochastic_proposal_reached,True
Peak,v913_paper_peak01_0242980_persistent_sites,735.9214951373579,110000000.0,24,0.75,1.5,6.89202028687462e-06,0.00464858608902477,12.160848297027544,6.89202028687462e-06,stochastic_proposal_reached,True
Peak,v913_paper_peak01_0242980_persistent_sites,735.9214951373579,110000000.0,24,0.75,2.0,9.189360382499494e-06,0.006198114785366359,12.160848297027544,9.189360382499494e-06,stochastic_proposal_reached,True
Peak,v913_paper_peak01_0242980_persistent_sites,735.9214951373579,110000000.0,24,0.75,2.5,1.1486700478124366e-05,0.01284113945917209,12.160848297027544,1.1486700478124366e-05,stochastic_proposal_reached,True
Peak,v913_paper_peak01_0242980_persistent_sites,735.9214951373579,110000000.0,24,0.75,3.0,1.378404057374924e-05,0.01284113945917209,12.160848297027544,1.378404057374924e-05,stochastic_proposal_reached,True
Peak,v913_paper_peak01_0242980_persistent_sites,735.9214951373579,110000000.0,24,0.75,3.5,1.6081380669374112e-05,0.01284113945917209,12.160848297027544,1.6081380669374112e-05,stochastic_proposal_reached,True
Peak,v913_paper_peak01_0242980_persistent_sites,735.9214951373579,110000000.0,24,0.75,3.99,1.833277396308649e-05,0.01284113945917209,12.160848297027544,1.833277396308649e-05,stochastic_proposal_reached,True
Peak,v913_paper_peak01_0242980_persistent_sites,735.9214951373579,110000000.0,24,0.75,4.0,1.8378720764998988e-05,0.01284113945917209,12.160848297027544,1.8378720764998988e-05,stochastic_proposal_reached,True
Peak,v913_paper_peak01_0242980_persistent_sites,735.9214951373579,110000000.0,24,0.75,8.0,1.8378720764998988e-05,0.01284113945917209,12.160848297027544,1.8378720764998988e-05,stochastic_proposal_reached,True
Peak,v913_paper_peak01_0242980_persistent_sites,735.9214951373579,110000000.0,25,0.78125,0.1,2.2973400956248734e-06,0.011278374132993485,10.66826931222484,2.2973400956248734e-06,stochastic_proposal_reached,True
Peak,v913_paper_peak01_0242980_persistent_sites,735.9214951373579,110000000.0,25,0.78125,0.3,2.2973400956248734e-06,0.011278374132993485,10.66826931222484,2.2973400956248734e-06,stochastic_proposal_reached,True
Peak,v913_paper_peak01_0242980_persistent_sites,735.9214951373579,110000000.0,25,0.78125,0.49,2.2973400956248734e-06,0.011278374132993485,10.66826931222484,2.2973400956248734e-06,stochastic_proposal_reached,True
Peak,v913_paper_peak01_0242980_persistent_sites,735.9214951373579,110000000.0,25,0.78125,0.5,2.2973400956248734e-06,0.011278374132993485,10.66826931222484,2.2973400956248734e-06,stochastic_proposal_reached,True
Peak,v913_paper_peak01_0242980_persistent_sites,735.9214951373579,110000000.0,25,0.78125,0.6,2.7568081147498482e-06,0.01184229283964316,10.66826931222484,2.7568081147498482e-06,stochastic_proposal_reached,True
Peak,v913_paper_peak01_0242980_persistent_sites,735.9214951373579,110000000.0,25,0.78125,0.8,3.6757441529997978e-06,0.011278374132993485,10.66826931222484,3.6757441529997973e-06,stochastic_proposal_reached,True
Peak,v913_paper_peak01_0242980_persistent_sites,735.9214951373579,110000000.0,25,0.78125,1.0,4.594680191249747e-06,0.011278374132993485,10.66826931222484,4.594680191249747e-06,stochastic_proposal_reached,True
Peak,v913_paper_peak01_0242980_persistent_sites,735.9214951373579,110000000.0,25,0.78125,1.25,5.743350239062183e-06,0.010573475749681394,10.66826931222484,5.743350239062183e-06,stochastic_proposal_reached,True
Peak,v913_paper_peak01_0242980_persistent_sites,735.9214951373579,110000000.0,25,0.78125,1.5,6.89202028687462e-06,0.008458780599745115,10.66826931222484,6.89202028687462e-06,stochastic_proposal_reached,True
Peak,v913_paper_peak01_0242980_persistent_sites,735.9214951373579,110000000.0,25,0.78125,2.0,9.189360382499494e-06,0.011278374132993485,10.66826931222484,9.189360382499494e-06,stochastic_proposal_reached,True
Peak,v913_paper_peak01_0242980_persistent_sites,735.9214951373579,110000000.0,25,0.78125,2.5,1.1486700478124366e-05,0.019754115538964,10.66826931222484,1.1486700478124366e-05,stochastic_proposal_reached,True
Peak,v913_paper_peak01_0242980_persistent_sites,735.9214951373579,110000000.0,25,0.78125,3.0,1.378404057374924e-05,0.019754115538964,10.66826931222484,1.378404057374924e-05,stochastic_proposal_reached,True
Peak,v913_paper_peak01_0242980_persistent_sites,735.9214951373579,110000000.0,25,0.78125,3.5,1.6081380669374112e-05,0.019754115538964,10.66826931222484,1.6081380669374112e-05,stochastic_proposal_reached,True
Peak,v913_paper_peak01_0242980_persistent_sites,735.9214951373579,110000000.0,25,0.78125,3.99,1.833277396308649e-05,0.019754115538964,10.66826931222484,1.833277396308649e-05,stochastic_proposal_reached,True
Peak,v913_paper_peak01_0242980_persistent_sites,735.9214951373579,110000000.0,25,0.78125,4.0,1.8378720764998988e-05,0.019754115538964,10.66826931222484,1.8378720764998988e-05,stochastic_proposal_reached,True
Peak,v913_paper_peak01_0242980_persistent_sites,735.9214951373579,110000000.0,25,0.78125,8.0,1.8378720764998988e-05,0.019754115538964,10.66826931222484,1.8378720764998988e-05,stochastic_proposal_reached,True
Peak,v913_paper_peak01_0242980_persistent_sites,735.9214951373579,110000000.0,26,0.8125,0.1,2.2973400956248734e-06,0.01758688557165461,9.330778563840656,2.2973400956248734e-06,stochastic_proposal_reached,True
Peak,v913_paper_peak01_0242980_persistent_sites,735.9214951373579,110000000.0,26,0.8125,0.3,2.2973400956248734e-06,0.01758688557165461,9.330778563840656,2.2973400956248734e-06,stochastic_proposal_reached,True
Peak,v913_paper_peak01_0242980_persistent_sites,735.9214951373579,110000000.0,26,0.8125,0.49,2.2973400956248734e-06,0.01758688557165461,9.330778563840656,2.2973400956248734e-06,stochastic_proposal_reached,True
Peak,v913_paper_peak01_0242980_persistent_sites,735.9214951373579,110000000.0,26,0.8125,0.5,2.2973400956248734e-06,0.01758688557165461,9.330778563840656,2.2973400956248734e-06,stochastic_proposal_reached,True
Peak,v913_paper_peak01_0242980_persistent_sites,735.9214951373579,110000000.0,26,0.8125,0.6,2.7568081147498482e-06,0.01846622985023734,9.330778563840656,2.7568081147498482e-06,stochastic_proposal_reached,True
Peak,v913_paper_peak01_0242980_persistent_sites,735.9214951373579,110000000.0,26,0.8125,0.8,3.6757441529997978e-06,0.01758688557165461,9.330778563840656,3.6757441529997973e-06,stochastic_proposal_reached,True
Peak,v913_paper_peak01_0242980_persistent_sites,735.9214951373579,110000000.0,26,0.8125,1.0,4.594680191249747e-06,0.01758688557165461,9.330778563840656,4.594680191249747e-06,stochastic_proposal_reached,True
Peak,v913_paper_peak01_0242980_persistent_sites,735.9214951373579,110000000.0,26,0.8125,1.25,5.743350239062183e-06,0.016487705223426196,9.330778563840656,5.743350239062183e-06,stochastic_proposal_reached,True
Peak,v913_paper_peak01_0242980_persistent_sites,735.9214951373579,110000000.0,26,0.8125,1.5,6.89202028687462e-06,0.013190164178740959,9.330778563840656,6.89202028687462e-06,stochastic_proposal_reached,True
Peak,v913_paper_peak01_0242980_persistent_sites,735.9214951373579,110000000.0,26,0.8125,2.0,9.189360382499494e-06,0.01758688557165461,9.330778563840656,9.189360382499494e-06,stochastic_proposal_reached,True
Peak,v913_paper_peak01_0242980_persistent_sites,735.9214951373579,110000000.0,26,0.8125,2.5,1.1486700478124366e-05,0.027834834560081845,9.330778563840656,1.1486700478124366e-05,stochastic_proposal_reached,True
Peak,v913_paper_peak01_0242980_persistent_sites,735.9214951373579,110000000.0,26,0.8125,3.0,1.378404057374924e-05,0.027834834560081845,9.330778563840656,1.378404057374924e-05,stochastic_proposal_reached,True
Peak,v913_paper_peak01_0242980_persistent_sites,735.9214951373579,110000000.0,26,0.8125,3.5,1.6081380669374112e-05,0.027834834560081845,9.330778563840656,1.6081380669374112e-05,stochastic_proposal_reached,True
Peak,v913_paper_peak01_0242980_persistent_sites,735.9214951373579,110000000.0,26,0.8125,3.99,1.833277396308649e-05,0.027834834560081845,9.330778563840656,1.833277396308649e-05,stochastic_proposal_reached,True
Peak,v913_paper_peak01_0242980_persistent_sites,735.9214951373579,110000000.0,26,0.8125,4.0,1.8378720764998988e-05,0.027834834560081845,9.330778563840656,1.8378720764998988e-05,stochastic_proposal_reached,True
Peak,v913_paper_peak01_0242980_persistent_sites,735.9214951373579,110000000.0,26,0.8125,8.0,1.8378720764998988e-05,0.027834834560081845,9.330778563840656,1.8378720764998988e-05,stochastic_proposal_reached,True
Peak,v913_paper_peak01_0242980_persistent_sites,735.9214951373579,110000000.0,27,0.84375,0.1,2.2973400956248734e-06,0.024636616376513768,8.200282882665334,2.2973400956248734e-06,stochastic_proposal_reached,True
Peak,v913_paper_peak01_0242980_persistent_sites,735.9214951373579,110000000.0,27,0.84375,0.3,2.2973400956248734e-06,0.024636616376513768,8.200282882665334,2.2973400956248734e-06,stochastic_proposal_reached,True
Peak,v913_paper_peak01_0242980_persistent_sites,735.9214951373579,110000000.0,27,0.84375,0.49,2.2973400956248734e-06,0.024636616376513768,8.200282882665334,2.2973400956248734e-06,stochastic_proposal_reached,True
Peak,v913_paper_peak01_0242980_persistent_sites,735.9214951373579,110000000.0,27,0.84375,0.5,2.2973400956248734e-06,0.024636616376513768,8.200282882665334,2.2973400956248734e-06,stochastic_proposal_reached,True
Peak,v913_paper_peak01_0242980_persistent_sites,735.9214951373579,110000000.0,27,0.84375,0.6,2.7568081147498482e-06,0.025868447195339456,8.200282882665334,2.7568081147498482e-06,stochastic_proposal_reached,True
Peak,v913_paper_peak01_0242980_persistent_sites,735.9214951373579,110000000.0,27,0.84375,0.8,3.6757441529997978e-06,0.024636616376513768,8.200282882665334,3.6757441529997973e-06,stochastic_proposal_reached,True
Peak,v913_paper_peak01_0242980_persistent_sites,735.9214951373579,110000000.0,27,0.84375,1.0,4.594680191249747e-06,0.024636616376513768,8.200282882665334,4.594680191249747e-06,stochastic_proposal_reached,True
Peak,v913_paper_peak01_0242980_persistent_sites,735.9214951373579,110000000.0,27,0.84375,1.25,5.743350239062183e-06,0.023096827852981658,8.200282882665334,5.743350239062183e-06,stochastic_proposal_reached,True
Peak,v913_paper_peak01_0242980_persistent_sites,735.9214951373579,110000000.0,27,0.84375,1.5,6.89202028687462e-06,0.018477462282385327,8.200282882665334,6.89202028687462e-06,stochastic_proposal_reached,True
Peak,v913_paper_peak01_0242980_persistent_sites,735.9214951373579,110000000.0,27,0.84375,2.0,9.189360382499494e-06,0.024636616376513768,8.200282882665334,9.189360382499494e-06,stochastic_proposal_reached,True
Peak,v913_paper_peak01_0242980_persistent_sites,735.9214951373579,110000000.0,27,0.84375,2.5,1.1486700478124366e-05,0.03652645408622135,8.200282882665334,1.1486700478124366e-05,stochastic_proposal_reached,True
Peak,v913_paper_peak01_0242980_persistent_sites,735.9214951373579,110000000.0,27,0.84375,3.0,1.378404057374924e-05,0.03652645408622135,8.200282882665334,1.378404057374924e-05,stochastic_proposal_reached,True
Peak,v913_paper_peak01_0242980_persistent_sites,735.9214951373579,110000000.0,27,0.84375,3.5,1.6081380669374112e-05,0.03652645408622135,8.200282882665334,1.6081380669374112e-05,stochastic_proposal_reached,True
Peak,v913_paper_peak01_0242980_persistent_sites,735.9214951373579,110000000.0,27,0.84375,3.99,1.833277396308649e-05,0.03652645408622135,8.200282882665334,1.833277396308649e-05,stochastic_proposal_reached,True
Peak,v913_paper_peak01_0242980_persistent_sites,735.9214951373579,110000000.0,27,0.84375,4.0,1.8378720764998988e-05,0.03652645408622135,8.200282882665334,1.8378720764998988e-05,stochastic_proposal_reached,True
Peak,v913_paper_peak01_0242980_persistent_sites,735.9214951373579,110000000.0,27,0.84375,8.0,1.8378720764998988e-05,0.03652645408622135,8.200282882665334,1.8378720764998988e-05,stochastic_proposal_reached,True
Peak,v913_paper_peak01_0242980_persistent_sites,735.9214951373579,110000000.0,28,0.875,0.1,2.2973400956248734e-06,0.031790579325144355,7.2949302309831365,2.2973400956248734e-06,stochastic_proposal_reached,True
Peak,v913_paper_peak01_0242980_persistent_sites,735.9214951373579,110000000.0,28,0.875,0.3,2.2973400956248734e-06,0.031790579325144355,7.2949302309831365,2.2973400956248734e-06,stochastic_proposal_reached,True
Peak,v913_paper_peak01_0242980_persistent_sites,735.9214951373579,110000000.0,28,0.875,0.49,2.2973400956248734e-06,0.031790579325144355,7.2949302309831365,2.2973400956248734e-06,stochastic_proposal_reached,True
Peak,v913_paper_peak01_0242980_persistent_sites,735.9214951373579,110000000.0,28,0.875,0.5,2.2973400956248734e-06,0.031790579325144355,7.2949302309831365,2.2973400956248734e-06,stochastic_proposal_reached,True
Peak,v913_paper_peak01_0242980_persistent_sites,735.9214951373579,110000000.0,28,0.875,0.6,2.7568081147498482e-06,0.033380108291401575,7.2949302309831365,2.7568081147498482e-06,stochastic_proposal_reached,True
Peak,v913_paper_peak01_0242980_persistent_sites,735.9214951373579,110000000.0,28,0.875,0.8,3.6757441529997978e-06,0.031790579325144355,7.2949302309831365,3.6757441529997973e-06,stochastic_proposal_reached,True
Peak,v913_paper_peak01_0242980_persistent_sites,735.9214951373579,110000000.0,28,0.875,1.0,4.594680191249747e-06,0.031790579325144355,7.2949302309831365,4.594680191249747e-06,stochastic_proposal_reached,True
Peak,v913_paper_peak01_0242980_persistent_sites,735.9214951373579,110000000.0,28,0.875,1.25,5.743350239062183e-06,0.029803668117322834,7.2949302309831365,5.743350239062183e-06,stochastic_proposal_reached,True
Peak,v913_paper_peak01_0242980_persistent_sites,735.9214951373579,110000000.0,28,0.875,1.5,6.89202028687462e-06,0.02384293449385827,7.2949302309831365,6.89202028687462e-06,stochastic_proposal_reached,True
Peak,v913_paper_peak01_0242980_persistent_sites,735.9214951373579,110000000.0,28,0.875,2.0,9.189360382499494e-06,0.031790579325144355,7.2949302309831365,9.189360382499494e-06,stochastic_proposal_reached,True
Peak,v913_paper_peak01_0242980_persistent_sites,735.9214951373579,110000000.0,28,0.875,2.5,1.1486700478124366e-05,0.045126338666669596,7.2949302309831365,1.1486700478124366e-05,stochastic_proposal_reached,True
Peak,v913_paper_peak01_0242980_persistent_sites,735.9214951373579,110000000.0,28,0.875,3.0,1.378404057374924e-05,0.045126338666669596,7.2949302309831365,1.378404057374924e-05,stochastic_proposal_reached,True
Peak,v913_paper_peak01_0242980_persistent_sites,735.9214951373579,110000000.0,28,0.875,3.5,1.6081380669374112e-05,0.045126338666669596,7.2949302309831365,1.6081380669374112e-05,stochastic_proposal_reached,True
Peak,v913_paper_peak01_0242980_persistent_sites,735.9214951373579,110000000.0,28,0.875,3.99,1.833277396308649e-05,0.045126338666669596,7.2949302309831365,1.833277396308649e-05,stochastic_proposal_reached,True
Peak,v913_paper_peak01_0242980_persistent_sites,735.9214951373579,110000000.0,28,0.875,4.0,1.8378720764998988e-05,0.045126338666669596,7.2949302309831365,1.8378720764998988e-05,stochastic_proposal_reached,True
Peak,v913_paper_peak01_0242980_persistent_sites,735.9214951373579,110000000.0,28,0.875,8.0,1.8378720764998988e-05,0.045126338666669596,7.2949302309831365,1.8378720764998988e-05,stochastic_proposal_reached,True
Peak,v913_paper_peak01_0242980_persistent_sites,735.9214951373579,110000000.0,29,0.90625,0.1,2.2973400956248734e-06,0.038342042601544085,6.611984219165031,2.2973400956248734e-06,stochastic_proposal_reached,True
Peak,v913_paper_peak01_0242980_persistent_sites,735.9214951373579,110000000.0,29,0.90625,0.3,2.2973400956248734e-06,0.038342042601544085,6.611984219165031,2.2973400956248734e-06,stochastic_proposal_reached,True
Peak,v913_paper_peak01_0242980_persistent_sites,735.9214951373579,110000000.0,29,0.90625,0.49,2.2973400956248734e-06,0.038342042601544085,6.611984219165031,2.2973400956248734e-06,stochastic_proposal_reached,True
Peak,v913_paper_peak01_0242980_persistent_sites,735.9214951373579,110000000.0,29,0.90625,0.5,2.2973400956248734e-06,0.038342042601544085,6.611984219165031,2.2973400956248734e-06,stochastic_proposal_reached,True
Peak,v913_paper_peak01_0242980_persistent_sites,735.9214951373579,110000000.0,29,0.90625,0.6,2.7568081147498482e-06,0.04025914473162129,6.611984219165031,2.7568081147498482e-06,stochastic_proposal_reached,True
Peak,v913_paper_peak01_0242980_persistent_sites,735.9214951373579,110000000.0,29,0.90625,0.8,3.6757441529997978e-06,0.038342042601544085,6.611984219165031,3.6757441529997973e-06,stochastic_proposal_reached,True
Peak,v913_paper_peak01_0242980_persistent_sites,735.9214951373579,110000000.0,29,0.90625,1.0,4.594680191249747e-06,0.038342042601544085,6.611984219165031,4.594680191249747e-06,stochastic_proposal_reached,True
Peak,v913_paper_peak01_0242980_persistent_sites,735.9214951373579,110000000.0,29,0.90625,1.25,5.743350239062183e-06,0.03594566493894758,6.611984219165031,5.743350239062183e-06,stochastic_proposal_reached,True
Peak,v913_paper_peak01_0242980_persistent_sites,735.9214951373579,110000000.0,29,0.90625,1.5,6.89202028687462e-06,0.028756531951158067,6.611984219165031,6.89202028687462e-06,stochastic_proposal_reached,True
Peak,v913_paper_peak01_0242980_persistent_sites,735.9214951373579,110000000.0,29,0.90625,2.0,9.189360382499494e-06,0.038342042601544085,6.611984219165031,9.189360382499494e-06,stochastic_proposal_reached,True
Peak,v913_paper_peak01_0242980_persistent_sites,735.9214951373579,110000000.0,29,0.90625,2.5,1.1486700478124366e-05,0.05286918098716953,6.611984219165031,1.1486700478124366e-05,stochastic_proposal_reached,True
Peak,v913_paper_peak01_0242980_persistent_sites,735.9214951373579,110000000.0,29,0.90625,3.0,1.378404057374924e-05,0.05286918098716953,6.611984219165031,1.378404057374924e-05,stochastic_proposal_reached,True
Peak,v913_paper_peak01_0242980_persistent_sites,735.9214951373579,110000000.0,29,0.90625,3.5,1.6081380669374112e-05,0.05286918098716953,6.611984219165031,1.6081380669374112e-05,stochastic_proposal_reached,True
Peak,v913_paper_peak01_0242980_persistent_sites,735.9214951373579,110000000.0,29,0.90625,3.99,1.833277396308649e-05,0.05286918098716953,6.611984219165031,1.833277396308649e-05,stochastic_proposal_reached,True
Peak,v913_paper_peak01_0242980_persistent_sites,735.9214951373579,110000000.0,29,0.90625,4.0,1.8378720764998988e-05,0.05286918098716953,6.611984219165031,1.8378720764998988e-05,stochastic_proposal_reached,True
Peak,v913_paper_peak01_0242980_persistent_sites,735.9214951373579,110000000.0,29,0.90625,8.0,1.8378720764998988e-05,0.05286918098716953,6.611984219165031,1.8378720764998988e-05,stochastic_proposal_reached,True
Peak,v913_paper_peak01_0242980_persistent_sites,735.9214951373579,110000000.0,30,0.9375,0.1,2.2973400956248734e-06,0.04360742811422889,6.139002727811065,2.2973400956248734e-06,stochastic_proposal_reached,True
Peak,v913_paper_peak01_0242980_persistent_sites,735.9214951373579,110000000.0,30,0.9375,0.3,2.2973400956248734e-06,0.04360742811422889,6.139002727811065,2.2973400956248734e-06,stochastic_proposal_reached,True
Peak,v913_paper_peak01_0242980_persistent_sites,735.9214951373579,110000000.0,30,0.9375,0.49,2.2973400956248734e-06,0.04360742811422889,6.139002727811065,2.2973400956248734e-06,stochastic_proposal_reached,True
Peak,v913_paper_peak01_0242980_persistent_sites,735.9214951373579,110000000.0,30,0.9375,0.5,2.2973400956248734e-06,0.04360742811422889,6.139002727811065,2.2973400956248734e-06,stochastic_proposal_reached,True
Peak,v913_paper_peak01_0242980_persistent_sites,735.9214951373579,110000000.0,30,0.9375,0.6,2.7568081147498482e-06,0.04578779951994033,6.139002727811065,2.7568081147498482e-06,stochastic_proposal_reached,True
Peak,v913_paper_peak01_0242980_persistent_sites,735.9214951373579,110000000.0,30,0.9375,0.8,3.6757441529997978e-06,0.04360742811422889,6.139002727811065,3.6757441529997973e-06,stochastic_proposal_reached,True
Peak,v913_paper_peak01_0242980_persistent_sites,735.9214951373579,110000000.0,30,0.9375,1.0,4.594680191249747e-06,0.04360742811422889,6.139002727811065,4.594680191249747e-06,stochastic_proposal_reached,True
Peak,v913_paper_peak01_0242980_persistent_sites,735.9214951373579,110000000.0,30,0.9375,1.25,5.743350239062183e-06,0.04088196385708958,6.139002727811065,5.743350239062183e-06,stochastic_proposal_reached,True
Peak,v913_paper_peak01_0242980_persistent_sites,735.9214951373579,110000000.0,30,0.9375,1.5,6.89202028687462e-06,0.03270557108567167,6.139002727811065,6.89202028687462e-06,stochastic_proposal_reached,True
Peak,v913_paper_peak01_0242980_persistent_sites,735.9214951373579,110000000.0,30,0.9375,2.0,9.189360382499494e-06,0.04360742811422889,6.139002727811065,9.189360382499494e-06,stochastic_proposal_reached,True
Peak,v913_paper_peak01_0242980_persistent_sites,735.9214951373579,110000000.0,30,0.9375,2.5,1.1486700478124366e-05,0.05902260938688286,6.139002727811065,1.1486700478124366e-05,stochastic_proposal_reached,True
Peak,v913_paper_peak01_0242980_persistent_sites,735.9214951373579,110000000.0,30,0.9375,3.0,1.378404057374924e-05,0.05902260938688286,6.139002727811065,1.378404057374924e-05,stochastic_proposal_reached,True
Peak,v913_paper_peak01_0242980_persistent_sites,735.9214951373579,110000000.0,30,0.9375,3.5,1.6081380669374112e-05,0.05902260938688286,6.139002727811065,1.6081380669374112e-05,stochastic_proposal_reached,True
Peak,v913_paper_peak01_0242980_persistent_sites,735.9214951373579,110000000.0,30,0.9375,3.99,1.833277396308649e-05,0.05902260938688286,6.139002727811065,1.833277396308649e-05,stochastic_proposal_reached,True
Peak,v913_paper_peak01_0242980_persistent_sites,735.9214951373579,110000000.0,30,0.9375,4.0,1.8378720764998988e-05,0.05902260938688286,6.139002727811065,1.8378720764998988e-05,stochastic_proposal_reached,True
Peak,v913_paper_peak01_0242980_persistent_sites,735.9214951373579,110000000.0,30,0.9375,8.0,1.8378720764998988e-05,0.05902260938688286,6.139002727811065,1.8378720764998988e-05,stochastic_proposal_reached,True
Peak,v913_paper_peak01_0242980_persistent_sites,735.9214951373579,110000000.0,31,0.96875,0.1,2.2973400956248734e-06,0.04701832002967802,5.862060333066616,2.2973400956248734e-06,stochastic_proposal_reached,True
Peak,v913_paper_peak01_0242980_persistent_sites,735.9214951373579,110000000.0,31,0.96875,0.3,2.2973400956248734e-06,0.04701832002967802,5.862060333066616,2.2973400956248734e-06,stochastic_proposal_reached,True
Peak,v913_paper_peak01_0242980_persistent_sites,735.9214951373579,110000000.0,31,0.96875,0.49,2.2973400956248734e-06,0.04701832002967802,5.862060333066616,2.2973400956248734e-06,stochastic_proposal_reached,True
Peak,v913_paper_peak01_0242980_persistent_sites,735.9214951373579,110000000.0,31,0.96875,0.5,2.2973400956248734e-06,0.04701832002967802,5.862060333066616,2.2973400956248734e-06,stochastic_proposal_reached,True
Peak,v913_paper_peak01_0242980_persistent_sites,735.9214951373579,110000000.0,31,0.96875,0.6,2.7568081147498482e-06,0.04936923603116192,5.862060333066616,2.7568081147498482e-06,stochastic_proposal_reached,True
Peak,v913_paper_peak01_0242980_persistent_sites,735.9214951373579,110000000.0,31,0.96875,0.8,3.6757441529997978e-06,0.04701832002967802,5.862060333066616,3.6757441529997973e-06,stochastic_proposal_reached,True
Peak,v913_paper_peak01_0242980_persistent_sites,735.9214951373579,110000000.0,31,0.96875,1.0,4.594680191249747e-06,0.04701832002967802,5.862060333066616,4.594680191249747e-06,stochastic_proposal_reached,True
Peak,v913_paper_peak01_0242980_persistent_sites,735.9214951373579,110000000.0,31,0.96875,1.25,5.743350239062183e-06,0.044079675027823145,5.862060333066616,5.743350239062183e-06,stochastic_proposal_reached,True
Peak,v913_paper_peak01_0242980_persistent_sites,735.9214951373579,110000000.0,31,0.96875,1.5,6.89202028687462e-06,0.035263740022258516,5.862060333066616,6.89202028687462e-06,stochastic_proposal_reached,True
Peak,v913_paper_peak01_0242980_persistent_sites,735.9214951373579,110000000.0,31,0.96875,2.0,9.189360382499494e-06,0.04701832002967802,5.862060333066616,9.189360382499494e-06,stochastic_proposal_reached,True
Peak,v913_paper_peak01_0242980_persistent_sites,735.9214951373579,110000000.0,31,0.96875,2.5,1.1486700478124366e-05,0.0629815296766445,5.862060333066616,1.1486700478124366e-05,stochastic_proposal_reached,True
Peak,v913_paper_peak01_0242980_persistent_sites,735.9214951373579,110000000.0,31,0.96875,3.0,1.378404057374924e-05,0.0629815296766445,5.862060333066616,1.378404057374924e-05,stochastic_proposal_reached,True
Peak,v913_paper_peak01_0242980_persistent_sites,735.9214951373579,110000000.0,31,0.96875,3.5,1.6081380669374112e-05,0.0629815296766445,5.862060333066616,1.6081380669374112e-05,stochastic_proposal_reached,True
Peak,v913_paper_peak01_0242980_persistent_sites,735.9214951373579,110000000.0,31,0.96875,3.99,1.833277396308649e-05,0.0629815296766445,5.862060333066616,1.833277396308649e-05,stochastic_proposal_reached,True
Peak,v913_paper_peak01_0242980_persistent_sites,735.9214951373579,110000000.0,31,0.96875,4.0,1.8378720764998988e-05,0.0629815296766445,5.862060333066616,1.8378720764998988e-05,stochastic_proposal_reached,True
Peak,v913_paper_peak01_0242980_persistent_sites,735.9214951373579,110000000.0,31,0.96875,8.0,1.8378720764998988e-05,0.0629815296766445,5.862060333066616,1.8378720764998988e-05,stochastic_proposal_reached,True
