site_id,pd_node_id,site_threshold,node_cumulative_action,remaining_threshold_action,site_status
2925,311,0.000424716203662,1.3917620038740118e-27,0.000424716203662,0
304,47,0.0004990457190917104,3.2653298563260655e-24,0.0004990457190917104,0
2393,285,0.0007467264064276312,1.7971464052924428e-29,0.0007467264064276312,0
2583,293,0.000806600523193177,2.2904022022242663e-25,0.000806600523193177,0
1694,252,0.0009818333029248062,3.680203867121252e-24,0.0009818333029248062,0
532,85,0.0013632315386613832,1.0042175829288735e-24,0.0013632315386613832,0
3240,445,0.001703558116857605,1.8479717796752564e-28,0.001703558116857605,0
3595,481,0.0017971187492930316,8.455631988510236e-28,0.0017971187492930316,0
1168,188,0.0022121515924584337,3.369087753803011e-25,0.0022121515924584337,0
735,113,0.0024509414993986304,6.522364782853238e-27,0.0024509414993986304,0
3012,314,0.002574295918987775,1.8188522307993302e-29,0.002574295918987775,0
2746,304,0.0026397941373587806,1.3430007815748096e-23,0.0026397941373587806,0
149,30,0.002797061107666486,4.960652443641312e-25,0.002797061107666486,0
3426,462,0.002948850583484583,7.0960596185736065e-28,0.002948850583484583,0
1751,254,0.0036081352710593414,4.444272633072384e-25,0.0036081352710593414,0
2953,312,0.0042600280068949975,7.060426745125837e-28,0.0042600280068949975,0
2608,295,0.004371041026462114,3.601852263090341e-23,0.004371041026462114,0
3402,461,0.004715271293452257,4.1238349233958415e-25,0.004715271293452257,0
1417,229,0.004724529492637021,1.2323188017867336e-25,0.004724529492637021,0
2709,301,0.00478823465927818,2.711902352452219e-29,0.00478823465927818,0
14,5,0.004801264627448138,2.13853008760558e-32,0.004801264627448138,0
2295,279,0.004902812122360056,4.720321602639091e-29,0.004902812122360056,0
307,47,0.005428441443209028,3.2653298563260655e-24,0.005428441443209028,0
514,80,0.005599865859887011,2.9127952039737127e-29,0.005599865859887011,0
3137,320,0.005622360647082825,4.0925210459649844e-29,0.005622360647082825,0
2415,286,0.005865344382755625,3.7282029548774426e-28,0.005865344382755625,0
17,6,0.005924229531480505,1.22103787351875e-27,0.005924229531480505,0
1223,196,0.006235332127857344,1.4034072219554553e-28,0.006235332127857344,0
3431,462,0.006309708968009912,7.0960596185736065e-28,0.006309708968009912,0
2534,291,0.007595047673392628,7.556088463223721e-29,0.007595047673392628,0
1014,158,0.007844150272717062,3.2671154367787785e-29,0.007844150272717062,0
638,99,0.007891097354024173,4.4956070198971693e-29,0.007891097354024173,0
3412,461,0.008018301311655795,4.1238349233958415e-25,0.008018301311655795,0
2522,290,0.008111408400304658,2.4717911348676296e-29,0.008111408400304658,0
1189,191,0.008138956850505629,1.7571561589824764e-26,0.008138956850505629,0
3521,463,0.008201377798370475,2.3839198970416273e-30,0.008201377798370475,0
237,38,0.008433441909971251,6.681718510836014e-29,0.008433441909971251,0
3105,318,0.008824244470736115,6.637070448747963e-29,0.008824244470736115,0
2545,292,0.008873227945427524,7.997209463249716e-29,0.008873227945427524,0
2567,293,0.009344974853573074,2.2904022022242663e-25,0.009344974853573074,0
3762,489,0.009426340450124256,4.7018978326794854e-30,0.009426340450124256,0
3253,452,0.010005820430790114,5.941349408358543e-24,0.010005820430790114,0
3154,443,0.010300471492926398,1.9721031459475644e-32,0.010300471492926398,0
2966,312,0.010775094094084479,7.060426745125837e-28,0.010775094094084479,0
2730,303,0.010879819550939609,2.4138211685067403e-22,0.010879819550939609,0
3189,444,0.011076300871990725,3.2308369680466237e-28,0.011076300871990725,0
1112,176,0.011323159619083412,1.056206019351643e-28,0.011323159619083412,0
1589,246,0.011517954378084297,1.5976570676742676e-24,0.011517954378084297,0
366,55,0.011543416116524955,1.381146375873703e-27,0.011543416116524955,0
3118,319,0.011584029885307975,1.5230842608637033e-29,0.011584029885307975,0
1231,197,0.011997843366272472,6.572664010847163e-29,0.011997843366272472,0
2399,285,0.01202560987106608,1.7971464052924428e-29,0.01202560987106608,0
525,85,0.012279921241440768,1.0042175829288735e-24,0.012279921241440768,0
1989,265,0.012604323573102842,1.4071389461247375e-21,0.012604323573102842,0
2002,266,0.013167852755771394,1.3929564889003732e-27,0.013167852755771394,0
3512,463,0.014389013940343929,2.3839198970416273e-30,0.014389013940343929,0
1841,259,0.015158105250378626,2.7057471472795516e-26,0.015158105250378626,0
502,78,0.01535565226622199,1.3043272196985426e-28,0.01535565226622199,0
3714,487,0.015368380995739828,2.9883249935968477e-24,0.015368380995739828,0
1179,189,0.015475078253614317,1.1490887600382912e-25,0.015475078253614317,0
3293,453,0.015581121490384526,5.656385692464863e-26,0.015581121490384526,0
2098,270,0.015742899461322363,5.680891685164823e-24,0.015742899461322363,0
2466,288,0.015817065915781477,1.93493969726597e-27,0.015817065915781477,0
330,50,0.01629016808399668,2.0912112070604913e-25,0.01629016808399668,0
942,148,0.01650164110233989,2.1454217678611788e-25,0.01650164110233989,0
1706,253,0.016510068525792194,1.4637357022017424e-24,0.016510068525792194,0
2262,276,0.016854623037721086,1.8526917135139477e-26,0.016854623037721086,0
2290,278,0.018081666810008286,1.862495501842197e-27,0.018081666810008286,0
2215,274,0.01856041955329117,2.4989340008632977e-26,0.01856041955329117,0
3603,481,0.018715661785467942,8.455631988510236e-28,0.018715661785467942,0
3176,444,0.018808616196201174,3.2308369680466237e-28,0.018808616196201174,0
1073,170,0.01890307783610336,2.6084578974784926e-26,0.01890307783610336,0
2527,290,0.019385305769286716,2.4717911348676296e-29,0.019385305769286716,0
3506,463,0.019487335896951594,2.3839198970416273e-30,0.019487335896951594,0
3336,454,0.019546754895287656,4.348567572686123e-30,0.019546754895287656,0
2761,305,0.01975303628593591,7.150180119874699e-25,0.01975303628593591,0
775,119,0.01980720152952787,3.1819736534466136e-29,0.01980720152952787,0
2620,297,0.01985968664023396,2.8967584601099325e-20,0.01985968664023396,0
1797,257,0.02069073615697215,1.6759273083987564e-26,0.02069073615697215,0
2705,301,0.020806322998022257,2.711902352452219e-29,0.020806322998022257,0
1265,204,0.02090825340825755,3.902466855730662e-24,0.02090825340825755,0
3620,481,0.02111328515919211,8.455631988510236e-28,0.02111328515919211,0
1615,247,0.021157613924889004,6.590791384412802e-24,0.021157613924889004,0
2814,306,0.021269249054871542,2.1132916639841704e-26,0.021269249054871542,0
3183,444,0.021594882160294974,3.2308369680466237e-28,0.021594882160294974,0
3019,314,0.021612562906430394,1.8188522307993302e-29,0.021612562906430394,0
1376,224,0.022076678609046708,2.46131712388156e-24,0.022076678609046708,0
3772,489,0.02220978833887285,4.7018978326794854e-30,0.02220978833887285,0
570,90,0.02271212828871808,1.6816710561776673e-25,0.02271212828871808,0
1548,245,0.02297859979355345,4.4503102314880855e-25,0.02297859979355345,0
2469,288,0.023283670350952676,1.93493969726597e-27,0.023283670350952676,0
577,91,0.023835033825394744,6.430096136261102e-26,0.023835033825394744,0
622,97,0.02511707047912959,2.394092635032564e-28,0.02511707047912959,0
1749,254,0.025502751780462976,4.444272633072384e-25,0.025502751780462976,0
2927,311,0.02610320807068895,1.3917620038740118e-27,0.02610320807068895,0
1829,258,0.02613759001323909,1.1144489704144987e-26,0.02613759001323909,0
83,18,0.02620360962414814,3.940083183919697e-34,0.02620360962414814,0
959,150,0.02666859196425258,3.841562158646549e-26,0.02666859196425258,0
2499,290,0.026904096991828493,2.4717911348676296e-29,0.026904096991828493,0
1858,259,0.026925839060825192,2.7057471472795516e-26,0.026925839060825192,0
3148,443,0.027264345750735833,1.9721031459475644e-32,0.027264345750735833,0
2876,309,0.027285174048591796,1.2246685840617077e-29,0.027285174048591796,0
877,135,0.027828504940112683,6.726795241245832e-28,0.027828504940112683,0
2584,294,0.02819575627790384,2.8640894165112103e-25,0.02819575627790384,0
3342,454,0.028391930867473505,4.348567572686123e-30,0.028391930867473505,0
116,27,0.028566546999927903,2.790083688388882e-24,0.028566546999927903,0
1647,248,0.028621236482222086,2.3688774486805515e-24,0.028621236482222086,0
810,125,0.028841092474244934,2.100549707762467e-24,0.028841092474244934,0
2866,309,0.029123849577985934,1.2246685840617077e-29,0.029123849577985934,0
2270,277,0.02929027541599189,7.70724031847695e-27,0.02929027541599189,0
3575,480,0.029429967196441614,1.0939454433960173e-25,0.029429967196441614,0
1946,263,0.029493509599560284,1.7038964594948676e-23,0.029493509599560284,0
1125,178,0.029610122765316566,2.1751882596312074e-29,0.029610122765316566,0
1696,252,0.02988921161525086,3.680203867121252e-24,0.02988921161525086,0
679,107,0.02993353588573626,1.125986908220385e-24,0.02993353588573626,0
1213,194,0.03010054451988927,9.764407436187463e-28,0.03010054451988927,0
3361,454,0.03040328735367345,4.348567572686123e-30,0.03040328735367345,0
3057,315,0.030469675365313028,1.02523651693438e-29,0.030469675365313028,0
3716,487,0.030808234192577173,2.9883249935968477e-24,0.030808234192577173,0
566,90,0.030830836934779893,1.6816710561776673e-25,0.030830836934779893,0
3556,480,0.030851014597747774,1.0939454433960173e-25,0.030851014597747774,0
2778,305,0.031053650732517715,7.150180119874699e-25,0.031053650732517715,0
3652,482,0.031127010123471403,2.40942947817167e-30,0.031127010123471403,0
225,37,0.03158678861347768,1.2393209547689106e-28,0.03158678861347768,0
992,155,0.03197242380167166,4.212554510348425e-28,0.03197242380167166,0
2624,298,0.03207892406090952,1.0142871568733388e-30,0.03207892406090952,0
3375,454,0.032357762864124014,4.348567572686123e-30,0.032357762864124014,0
782,120,0.032641384428012975,1.4506260391424674e-29,0.032641384428012975,0
2143,273,0.03268143878900199,6.846821228054287e-26,0.03268143878900199,0
1881,260,0.033219174057783546,6.96954218181326e-26,0.033219174057783546,0
3102,318,0.03386292777465616,6.637070448747963e-29,0.03386292777465616,0
1106,175,0.033944726724750234,2.496479868138413e-28,0.033944726724750234,0
2980,312,0.03430742378866497,7.060426745125837e-28,0.03430742378866497,0
3441,462,0.034313674720759094,7.0960596185736065e-28,0.034313674720759094,0
2018,267,0.03486587046078233,3.342515927077984e-27,0.03486587046078233,0
2513,290,0.03521091856058718,2.4717911348676296e-29,0.03521091856058718,0
772,119,0.03523023255368198,3.1819736534466136e-29,0.03523023255368198,0
2787,305,0.0358325818498071,7.150180119874699e-25,0.0358325818498071,0
3604,481,0.03726030104386207,8.455631988510236e-28,0.03726030104386207,0
3232,445,0.037273282521488586,1.8479717796752564e-28,0.037273282521488586,0
1950,263,0.03732684584748796,1.7038964594948676e-23,0.03732684584748796,0
257,41,0.03734258847197908,8.061278130251574e-30,0.03734258847197908,0
990,155,0.03760396766220579,4.212554510348425e-28,0.03760396766220579,0
452,72,0.03846065078225942,4.1531917821118835e-26,0.03846065078225942,0
2511,290,0.03847770874231655,2.4717911348676296e-29,0.03847770874231655,0
2117,271,0.039060532944587154,1.827221969249202e-24,0.039060532944587154,0
324,49,0.040225872756257296,6.500386250137094e-25,0.040225872756257296,0
2795,305,0.04091695123872038,7.150180119874699e-25,0.04091695123872038,0
3746,488,0.040953729358925335,6.268646962691018e-26,0.040953729358925335,0
3060,315,0.04115045482666642,1.02523651693438e-29,0.04115045482666642,0
3609,481,0.041688953500667994,8.455631988510236e-28,0.041688953500667994,0
2192,273,0.0418138844337058,6.846821228054287e-26,0.0418138844337058,0
1180,189,0.04225029236802044,1.1490887600382912e-25,0.04225029236802044,0
2401,285,0.04227451480058037,1.7971464052924428e-29,0.04227451480058037,0
2774,305,0.04254117144868121,7.150180119874699e-25,0.04254117144868121,0
729,113,0.042556413917304595,6.522364782853238e-27,0.042556413917304595,0
1515,238,0.04269843013330706,3.4787281063815913e-29,0.04269843013330706,0
1968,263,0.04278053193205829,1.7038964594948676e-23,0.04278053193205829,0
1493,235,0.043204775061304115,1.5020241650070723e-28,0.043204775061304115,0
2505,290,0.04321830990792517,2.4717911348676296e-29,0.04321830990792517,0
1473,234,0.04417056512994456,3.806190658616629e-28,0.04417056512994456,0
1290,207,0.04432224151936135,6.553762922326039e-25,0.04432224151936135,0
7,5,0.04437819725435605,2.13853008760558e-32,0.04437819725435605,0
312,48,0.04448379073694985,1.551783134015898e-24,0.04448379073694985,0
3753,488,0.04448748870660824,6.268646962691018e-26,0.04448748870660824,0
1020,159,0.04476071934208007,1.4824123429938491e-29,0.04476071934208007,0
3070,317,0.045151613206212034,1.6424145040209993e-28,0.045151613206212034,0
1081,171,0.04566546427258283,1.0789651253395371e-26,0.04566546427258283,0
549,88,0.045700182316675206,1.2398616733378169e-24,0.045700182316675206,0
1666,249,0.045729419814867826,1.163477174492006e-24,0.045729419814867826,0
1634,248,0.04580292080596839,2.3688774486805515e-24,0.04580292080596839,0
3405,461,0.046956205888387066,4.1238349233958415e-25,0.046956205888387066,0
1160,187,0.047183487226174464,9.554209226484225e-25,0.047183487226174464,0
1996,266,0.047304004831982986,1.3929564889003732e-27,0.047304004831982986,0
3397,461,0.047448407897611136,4.1238349233958415e-25,0.047448407897611136,0
417,66,0.047895815368476855,5.2125087116141194e-24,0.047895815368476855,0
1641,248,0.048161674647374954,2.3688774486805515e-24,0.048161674647374954,0
3093,317,0.04822798232366375,1.6424145040209993e-28,0.04822798232366375,0
533,85,0.04838225993818228,1.0042175829288735e-24,0.04838225993818228,0
2530,291,0.048589275150043625,7.556088463223721e-29,0.048589275150043625,0
1203,192,0.048644642447306756,7.298145784438759e-27,0.048644642447306756,0
900,139,0.04893369129118852,2.1886718129005456e-29,0.04893369129118852,0
2432,286,0.04893851739291073,3.7282029548774426e-28,0.04893851739291073,0
3765,489,0.049543844284013615,4.7018978326794854e-30,0.049543844284013615,0
2021,267,0.04956439149381765,3.342515927077984e-27,0.04956439149381765,0
1932,262,0.04978828792852556,8.69839004759892e-25,0.04978828792852556,0
369,55,0.05023139582655745,1.381146375873703e-27,0.05023139582655745,0
3393,461,0.0504137487435843,4.1238349233958415e-25,0.0504137487435843,0
1327,213,0.05064015288718572,1.470386282121271e-27,0.05064015288718572,0
347,52,0.05097650768443648,2.667822414165198e-26,0.05097650768443648,0
2039,268,0.050993303749113816,1.328006199384098e-21,0.050993303749113816,0
2600,294,0.051210259376397706,2.8640894165112103e-25,0.051210259376397706,0
2553,293,0.05126241365918083,2.2904022022242663e-25,0.05126241365918083,0
819,126,0.05135746548958763,9.750965169062085e-25,0.05135746548958763,0
578,91,0.05154581162611907,6.430096136261102e-26,0.05154581162611907,0
1940,262,0.05155111881427615,8.69839004759892e-25,0.05155111881427615,0
820,126,0.05183313883483785,9.750965169062085e-25,0.05183313883483785,0
2950,312,0.05266787366614553,7.060426745125837e-28,0.05266787366614553,0
2614,296,0.052733615845649104,4.2115493424662025e-22,0.052733615845649104,0
246,40,0.05296347267337493,3.1948726159944493e-29,0.05296347267337493,0
2684,301,0.05355927783471382,2.711902352452219e-29,0.05355927783471382,0
2023,267,0.05403255023111477,3.342515927077984e-27,0.05403255023111477,0
1627,247,0.054829943096653386,6.590791384412802e-24,0.054829943096653386,0
1431,231,0.055414147067852595,2.0294965234377386e-26,0.055414147067852595,0
1270,204,0.0555566716352114,3.902466855730662e-24,0.0555566716352114,0
1278,206,0.05560704372304306,1.5697266606356678e-24,0.05560704372304306,0
3784,489,0.056042802209557596,4.7018978326794854e-30,0.056042802209557596,0
1811,258,0.05628477526149024,1.1144489704144987e-26,0.05628477526149024,0
2237,275,0.0565397100567197,1.1005624669508466e-26,0.0565397100567197,0
2967,312,0.057076930040600625,7.060426745125837e-28,0.057076930040600625,0
2278,277,0.057104771026570404,7.70724031847695e-27,0.057104771026570404,0
3750,488,0.057426268752464225,6.268646962691018e-26,0.057426268752464225,0
792,121,0.05752998192900161,6.665398982664785e-30,0.05752998192900161,0
3460,462,0.057540466995894844,7.0960596185736065e-28,0.057540466995894844,0
639,99,0.05763120304809167,4.4956070198971693e-29,0.05763120304809167,0
3472,462,0.058160814263860945,7.0960596185736065e-28,0.058160814263860945,0
3376,454,0.058546279361795954,4.348567572686123e-30,0.058546279361795954,0
1156,186,0.058638892770230905,2.612762779458561e-24,0.058638892770230905,0
386,57,0.058772979061672545,1.543778336565259e-28,0.058772979061672545,0
1341,215,0.05928063295675282,1.7017153456724429e-28,0.05928063295675282,0
3689,487,0.05938356809238233,2.9883249935968477e-24,0.05938356809238233,0
2014,267,0.05944831309272628,3.342515927077984e-27,0.05944831309272628,0
227,37,0.059485202407504066,1.2393209547689106e-28,0.059485202407504066,0
3702,487,0.05955978980213085,2.9883249935968477e-24,0.05955978980213085,0
2639,298,0.0597014431247378,1.0142871568733388e-30,0.0597014431247378,0
2846,308,0.06136173162951493,2.552969471959978e-29,0.06136173162951493,0
2628,298,0.061586577447700734,1.0142871568733388e-30,0.061586577447700734,0
930,146,0.0624807761798536,1.1221900241602137e-24,0.0624807761798536,0
1338,215,0.06284616994886816,1.7017153456724429e-28,0.06284616994886816,0
3318,453,0.06313045199809936,5.656385692464863e-26,0.06313045199809936,0
1066,170,0.063413097035978,2.6084578974784926e-26,0.063413097035978,0
531,85,0.06347520469626813,1.0042175829288735e-24,0.06347520469626813,0
2671,300,0.0636483919211054,3.2576137516329277e-41,0.0636483919211054,0
1830,258,0.06371068406118546,1.1144489704144987e-26,0.06371068406118546,0
2869,309,0.06426787530168418,1.2246685840617077e-29,0.06426787530168418,0
3690,487,0.06466027845872292,2.9883249935968477e-24,0.06466027845872292,0
1557,245,0.0648956053362963,4.4503102314880855e-25,0.0648956053362963,0
3339,454,0.0655316860377224,4.348567572686123e-30,0.0655316860377224,0
1129,179,0.06560500083981322,9.894748957632274e-30,0.06560500083981322,0
299,47,0.065745302567047,3.2653298563260655e-24,0.065745302567047,0
1071,170,0.06620457289042159,2.6084578974784926e-26,0.06620457289042159,0
3063,316,0.0663537721810245,7.29440699277306e-29,0.0663537721810245,0
928,145,0.06653176904708619,3.132686947315511e-24,0.06653176904708619,0
196,35,0.06686775794191865,9.245200704131146e-28,0.06686775794191865,0
1407,228,0.06695441993076404,5.018942519673886e-25,0.06695441993076404,0
3524,463,0.06714910705951702,2.3839198970416273e-30,0.06714910705951702,0
28,7,0.06762343192200032,1.3968615128679976e-28,0.06762343192200032,0
508,80,0.06773570465608104,2.9127952039737127e-29,0.06773570465608104,0
794,121,0.06779327225228196,6.665398982664785e-30,0.06779327225228196,0
2361,284,0.06797934272714529,8.690851390067876e-30,0.06797934272714529,0
3696,487,0.06810789930833609,2.9883249935968477e-24,0.06810789930833609,0
745,114,0.06828287939925126,2.641973918939006e-27,0.06828287939925126,0
2996,313,0.06841553664744329,6.538299196927555e-29,0.06841553664744329,0
1596,246,0.06856484577179,1.5976570676742676e-24,0.06856484577179,0
1544,244,0.0685954061645094,7.25043255573421e-29,0.0685954061645094,0
1576,245,0.06861675009510015,4.4503102314880855e-25,0.06861675009510015,0
1825,258,0.06908364743712174,1.1144489704144987e-26,0.06908364743712174,0
475,74,0.06917567063682833,6.841446507141857e-27,0.06917567063682833,0
425,67,0.06964218093731352,6.952758262718881e-24,0.06964218093731352,0
3446,462,0.07030445434444897,7.0960596185736065e-28,0.07030445434444897,0
433,69,0.07034613961868694,9.495501537511425e-25,0.07034613961868694,0
1141,183,0.07096026135952575,1.5731039681545641e-24,0.07096026135952575,0
251,41,0.07140947505065515,8.061278130251574e-30,0.07140947505065515,0
882,136,0.07193550167230546,2.710166873975015e-28,0.07193550167230546,0
176,32,0.07259791557960897,4.0507377925248253e-26,0.07259791557960897,0
3463,462,0.07261513430715796,7.0960596185736065e-28,0.07261513430715796,0
846,130,0.07278624576711969,5.664514665718794e-26,0.07278624576711969,0
3250,452,0.0732661825484654,5.941349408358543e-24,0.0732661825484654,0
3179,444,0.07341692319969614,3.2308369680466237e-28,0.07341692319969614,0
171,32,0.07399847198259125,4.0507377925248253e-26,0.07399847198259125,0
1898,260,0.07422526035771929,6.96954218181326e-26,0.07422526035771929,0
3461,462,0.07490608990432,7.0960596185736065e-28,0.07490608990432,0
2547,292,0.0751159755679513,7.997209463249716e-29,0.0751159755679513,0
2085,270,0.0753424629103365,5.680891685164823e-24,0.0753424629103365,0
295,46,0.07534835127907336,4.2530202314216874e-24,0.07534835127907336,0
1728,254,0.07536382410678548,4.444272633072384e-25,0.07536382410678548,0
3304,453,0.0763944275787736,5.656385692464863e-26,0.0763944275787736,0
414,66,0.07679335739621973,5.2125087116141194e-24,0.07679335739621973,0
2153,273,0.07704432873809051,6.846821228054287e-26,0.07704432873809051,0
3049,315,0.0773175214337967,1.02523651693438e-29,0.0773175214337967,0
3008,314,0.07791188067370411,1.8188522307993302e-29,0.07791188067370411,0
613,95,0.07803563156074245,1.631736772643244e-27,0.07803563156074245,0
670,106,0.07804205131220711,3.1874881173121603e-24,0.07804205131220711,0
3360,454,0.07813311234632232,4.348567572686123e-30,0.07813311234632232,0
3744,488,0.07876578517544823,6.268646962691018e-26,0.07876578517544823,0
136,29,0.07894227973796496,1.017095435499152e-24,0.07894227973796496,0
3562,480,0.07931329416307135,1.0939454433960173e-25,0.07931329416307135,0
1803,258,0.07936827764563494,1.1144489704144987e-26,0.07936827764563494,0
128,28,0.079645931607707,1.869008878488473e-24,0.079645931607707,0
668,106,0.07977955957926648,3.1874881173121603e-24,0.07977955957926648,0
2380,284,0.07979715636105159,8.690851390067876e-30,0.07979715636105159,0
614,96,0.07993840904517514,6.160282345475885e-28,0.07993840904517514,0
2821,306,0.07999673184858305,2.1132916639841704e-26,0.07999673184858305,0
2593,294,0.08084455815471725,2.8640894165112103e-25,0.08084455815471725,0
1656,249,0.08097720745381669,1.163477174492006e-24,0.08097720745381669,0
3503,463,0.0813285673950578,2.3839198970416273e-30,0.0813285673950578,0
3233,445,0.08139376805806811,1.8479717796752564e-28,0.08139376805806811,0
2752,305,0.08176504770967222,7.150180119874699e-25,0.08176504770967222,0
991,155,0.08183253800495859,4.212554510348425e-28,0.08183253800495859,0
2983,312,0.08191805574529583,7.060426745125837e-28,0.08191805574529583,0
1732,254,0.08241624555761644,4.444272633072384e-25,0.08241624555761644,0
3214,444,0.0824678887765592,3.2308369680466237e-28,0.0824678887765592,0
1272,205,0.0825136862816742,3.320057320057209e-24,0.0825136862816742,0
422,67,0.08272048101519132,6.952758262718881e-24,0.08272048101519132,0
3039,315,0.08297869079627784,1.02523651693438e-29,0.08297869079627784,0
2163,273,0.08344973851494554,6.846821228054287e-26,0.08344973851494554,0
3458,462,0.08349940797261537,7.0960596185736065e-28,0.08349940797261537,0
1714,253,0.08364425873069094,1.4637357022017424e-24,0.08364425873069094,0
726,112,0.08389615320994616,1.5805457156921786e-26,0.08389615320994616,0
1583,245,0.08419594342072886,4.4503102314880855e-25,0.08419594342072886,0
3364,454,0.0846378873610793,4.348567572686123e-30,0.0846378873610793,0
1619,247,0.0851744820590786,6.590791384412802e-24,0.0851744820590786,0
117,27,0.08562328580518902,2.790083688388882e-24,0.08562328580518902,0
2167,273,0.08578928280126838,6.846821228054287e-26,0.08578928280126838,0
824,126,0.0860323661801199,9.750965169062085e-25,0.0860323661801199,0
3076,317,0.08730678948058825,1.6424145040209993e-28,0.08730678948058825,0
1624,247,0.08755273280117876,6.590791384412802e-24,0.08755273280117876,0
611,95,0.08767391175917107,1.631736772643244e-27,0.08767391175917107,0
2183,273,0.08794688733956459,6.846821228054287e-26,0.08794688733956459,0
1,3,0.08794876298242199,2.958748368805489e-35,0.08794876298242199,0
2073,270,0.08801228066389487,5.680891685164823e-24,0.08801228066389487,0
2834,307,0.08818046335603617,3.448863125291685e-29,0.08818046335603617,0
354,53,0.08980350766587,1.1564462378685326e-26,0.08980350766587,0
2251,275,0.08990511400663433,1.1005624669508466e-26,0.08990511400663433,0
102,26,0.09053844116080963,3.434509175098565e-24,0.09053844116080963,0
2737,304,0.09127106371742681,1.3430007815748096e-23,0.09127106371742681,0
761,117,0.09134095097380478,1.6783207165471738e-28,0.09134095097380478,0
1378,224,0.09155096178045705,2.46131712388156e-24,0.09155096178045705,0
1847,259,0.09211610044905884,2.7057471472795516e-26,0.09211610044905884,0
1704,252,0.09246808567933142,3.680203867121252e-24,0.09246808567933142,0
2940,311,0.09357212912314647,1.3917620038740118e-27,0.09357212912314647,0
2622,297,0.09361424229405227,2.8967584601099325e-20,0.09361424229405227,0
1531,239,0.09361479220696134,8.193117360888574e-30,0.09361479220696134,0
1824,258,0.09397283118362947,1.1144489704144987e-26,0.09397283118362947,0
2465,288,0.09423832759987116,1.93493969726597e-27,0.09423832759987116,0
1805,258,0.09438775480989256,1.1144489704144987e-26,0.09438775480989256,0
3786,489,0.0947282402346089,4.7018978326794854e-30,0.0947282402346089,0
3185,444,0.09561178965792495,3.2308369680466237e-28,0.09561178965792495,0
1927,261,0.09589660882315686,5.3624751969882235e-25,0.09589660882315686,0
504,79,0.09591413836219674,6.054852193262741e-29,0.09591413836219674,0
1552,245,0.09615360845256193,4.4503102314880855e-25,0.09615360845256193,0
3734,488,0.09621781919238466,6.268646962691018e-26,0.09621781919238466,0
3018,314,0.09656661360234968,1.8188522307993302e-29,0.09656661360234968,0
152,31,0.09670349244289428,1.151048346431841e-25,0.09670349244289428,0
2488,289,0.09706294598195003,4.7304259428668575e-27,0.09706294598195003,0
2485,289,0.09721596391833608,4.7304259428668575e-27,0.09721596391833608,0
1920,261,0.09742892402969704,5.3624751969882235e-25,0.09742892402969704,0
842,129,0.09743081140249427,1.2828554249259361e-25,0.09743081140249427,0
955,149,0.09839316427633062,9.15925207038861e-26,0.09839316427633062,0
2560,293,0.09850655738561287,2.2904022022242663e-25,0.09850655738561287,0
838,129,0.09851677463144276,1.2828554249259361e-25,0.09851677463144276,0
1234,197,0.09857279966181492,6.572664010847163e-29,0.09857279966181492,0
673,106,0.09862794224500691,3.1874881173121603e-24,0.09862794224500691,0
1564,245,0.09872140711377952,4.4503102314880855e-25,0.09872140711377952,0
1277,206,0.09924698572797896,1.5697266606356678e-24,0.09924698572797896,0
9,5,0.09949261647268251,2.13853008760558e-32,0.09949261647268251,0
863,132,0.0999584442608796,1.0129948045156376e-26,0.0999584442608796,0
1098,174,0.10149016850381865,6.397959385459314e-28,0.10149016850381865,0
3611,481,0.1016473479610597,8.455631988510236e-28,0.1016473479610597,0
465,74,0.1020361756690081,6.841446507141857e-27,0.1020361756690081,0
1076,170,0.10204708211805649,2.6084578974784926e-26,0.10204708211805649,0
341,51,0.10369599745588488,6.611570480671493e-26,0.10369599745588488,0
2826,306,0.10440401232264587,2.1132916639841704e-26,0.10440401232264587,0
3169,444,0.10440683977917653,3.2308369680466237e-28,0.10440683977917653,0
2873,309,0.10452400738124294,1.2246685840617077e-29,0.10452400738124294,0
1736,254,0.10471989264271578,4.444272633072384e-25,0.10471989264271578,0
3368,454,0.10546801451579817,4.348567572686123e-30,0.10546801451579817,0
2776,305,0.10590054284227336,7.150180119874699e-25,0.10590054284227336,0
1724,253,0.10613599833230306,1.4637357022017424e-24,0.10613599833230306,0
3429,462,0.10632306952558584,7.0960596185736065e-28,0.10632306952558584,0
1214,194,0.10693345852939806,9.764407436187463e-28,0.10693345852939806,0
1949,263,0.10734242747851343,1.7038964594948676e-23,0.10734242747851343,0
409,65,0.10786590886070678,1.9811919104811584e-24,0.10786590886070678,0
1555,245,0.10792231339961023,4.4503102314880855e-25,0.10792231339961023,0
2670,300,0.1079758210502197,3.2576137516329277e-41,0.1079758210502197,0
3568,480,0.10843646254759333,1.0939454433960173e-25,0.10843646254759333,0
2084,270,0.1084807052856876,5.680891685164823e-24,0.1084807052856876,0
3045,315,0.10854620722306371,1.02523651693438e-29,0.10854620722306371,0
2915,310,0.10864891324581337,5.841796292696324e-27,0.10864891324581337,0
3236,445,0.10873099153933127,1.8479717796752564e-28,0.10873099153933127,0
3110,318,0.10918901499084387,6.637070448747963e-29,0.10918901499084387,0
2325,281,0.10921569964128863,8.784914535657316e-29,0.10921569964128863,0
858,132,0.11004061190195699,1.0129948045156376e-26,0.11004061190195699,0
2288,278,0.11014256223430934,1.862495501842197e-27,0.11014256223430934,0
1177,189,0.1101774454543504,1.1490887600382912e-25,0.1101774454543504,0
3363,454,0.11030237490164277,4.348567572686123e-30,0.11030237490164277,0
873,134,0.11095736108136785,1.6870286023134237e-27,0.11095736108136785,0
1609,247,0.11107992341006842,6.590791384412802e-24,0.11107992341006842,0
3251,452,0.11112287432692289,5.941349408358543e-24,0.11112287432692289,0
1514,238,0.11112347228470856,3.4787281063815913e-29,0.11112347228470856,0
1878,260,0.11151005567795005,6.96954218181326e-26,0.11151005567795005,0
1387,225,0.11160251018952606,3.1754299703047337e-24,0.11160251018952606,0
201,36,0.11190357492572586,3.3315275612497254e-28,0.11190357492572586,0
2328,281,0.11264285175389097,8.784914535657316e-29,0.11264285175389097,0
2660,299,0.11281007717162743,6.365457717198363e-46,0.11281007717162743,0
536,86,0.11299879971394548,1.9349380767961056e-23,0.11299879971394548,0
428,68,0.11349492314551005,2.6105407066561004e-24,0.11349492314551005,0
84,19,0.11373223526532103,1.8503640056219645e-41,0.11373223526532103,0
385,57,0.11397932080686152,1.543778336565259e-28,0.11397932080686152,0
1344,215,0.11407880633820898,1.7017153456724429e-28,0.11407880633820898,0
910,140,0.11408554335504932,9.982446935332422e-30,0.11408554335504932,0
3666,487,0.11431855526125918,2.9883249935968477e-24,0.11431855526125918,0
3699,487,0.11455275253473274,2.9883249935968477e-24,0.11455275253473274,0
393,58,0.11517136837344288,7.293597466531461e-29,0.11517136837344288,0
1672,250,0.11519051084967608,3.547705508407119e-24,0.11519051084967608,0
945,148,0.11554849251642141,2.1454217678611788e-25,0.11554849251642141,0
265,41,0.1163943714950875,8.061278130251574e-30,0.1163943714950875,0
2159,273,0.11643271421659128,6.846821228054287e-26,0.11643271421659128,0
3622,481,0.11646236352825473,8.455631988510236e-28,0.11646236352825473,0
200,36,0.1174006415602411,3.3315275612497254e-28,0.1174006415602411,0
291,45,0.11752056608432687,2.8666121829566602e-24,0.11752056608432687,0
1757,254,0.11808125779804235,4.444272633072384e-25,0.11808125779804235,0
3256,452,0.11817423228341654,5.941349408358543e-24,0.11817423228341654,0
2572,293,0.1183613521424603,2.2904022022242663e-25,0.1183613521424603,0
1676,250,0.11845141135709059,3.547705508407119e-24,0.11845141135709059,0
2877,309,0.11915210550254529,1.2246685840617077e-29,0.11915210550254529,0
130,28,0.11971678998174554,1.869008878488473e-24,0.11971678998174554,0
500,78,0.12001492729157583,1.3043272196985426e-28,0.12001492729157583,0
1708,253,0.1204624640750916,1.4637357022017424e-24,0.1204624640750916,0
2766,305,0.12091929191921463,7.150180119874699e-25,0.12091929191921463,0
480,75,0.12109848890711093,2.5968702005436032e-27,0.12109848890711093,0
125,28,0.1216963272952231,1.869008878488473e-24,0.1216963272952231,0
3260,452,0.1222977580759891,5.941349408358543e-24,0.1222977580759891,0
1958,263,0.12318322615428176,1.7038964594948676e-23,0.12318322615428176,0
3570,480,0.12372202901091402,1.0939454433960173e-25,0.12372202901091402,0
1313,211,0.12378753675662138,1.2460459650610107e-26,0.12378753675662138,0
1403,228,0.12383688980312867,5.018942519673886e-25,0.12383688980312867,0
145,30,0.12387412823479695,4.960652443641312e-25,0.12387412823479695,0
3613,481,0.1247475415759251,8.455631988510236e-28,0.1247475415759251,0
2471,288,0.1247492487973892,1.93493969726597e-27,0.1247492487973892,0
3259,452,0.12512725268313485,5.941349408358543e-24,0.12512725268313485,0
1466,234,0.1251809426870367,3.806190658616629e-28,0.1251809426870367,0
751,115,0.12559763934209403,1.0452387530471865e-27,0.12559763934209403,0
1062,169,0.12638898580379263,6.501614187769038e-26,0.12638898580379263,0
733,113,0.1271111866041045,6.522364782853238e-27,0.1271111866041045,0
64,16,0.12727683343676524,4.0269764087132746e-29,0.12727683343676524,0
3344,454,0.12783596507194495,4.348567572686123e-30,0.12783596507194495,0
454,72,0.1290236281774031,4.1531917821118835e-26,0.1290236281774031,0
3679,487,0.12943897363682172,2.9883249935968477e-24,0.12943897363682172,0
2056,269,0.12950537834160195,1.5639571397838467e-21,0.12950537834160195,0
2279,278,0.1300525468673874,1.862495501842197e-27,0.1300525468673874,0
752,115,0.13067887629137462,1.0452387530471865e-27,0.13067887629137462,0
1176,189,0.13094746121972403,1.1490887600382912e-25,0.13094746121972403,0
678,107,0.13164256376155517,1.125986908220385e-24,0.13164256376155517,0
1577,245,0.1326919774213766,4.4503102314880855e-25,0.1326919774213766,0
2214,274,0.13295337859137465,2.4989340008632977e-26,0.13295337859137465,0
1849,259,0.1338673819860305,2.7057471472795516e-26,0.1338673819860305,0
2389,285,0.13391962092745852,1.7971464052924428e-29,0.13391962092745852,0
665,106,0.1342918109473215,3.1874881173121603e-24,0.1342918109473215,0
3538,463,0.13477962522457124,2.3839198970416273e-30,0.13477962522457124,0
2898,310,0.1351041152782122,5.841796292696324e-27,0.1351041152782122,0
3121,319,0.13518357794043726,1.5230842608637033e-29,0.13518357794043726,0
2549,292,0.135547976644074,7.997209463249716e-29,0.135547976644074,0
1978,264,0.13570531452558063,1.6143718647223145e-21,0.13570531452558063,0
2921,310,0.1357561462063887,5.841796292696324e-27,0.1357561462063887,0
956,150,0.13580710278699584,3.841562158646549e-26,0.13580710278699584,0
278,42,0.13630049766286384,2.7724024748023268e-30,0.13630049766286384,0
2268,277,0.13633362035266794,7.70724031847695e-27,0.13633362035266794,0
140,29,0.13706405389379722,1.017095435499152e-24,0.13706405389379722,0
3578,481,0.1371427456711882,8.455631988510236e-28,0.1371427456711882,0
3718,487,0.13717894276426365,2.9883249935968477e-24,0.13717894276426365,0
1598,246,0.1372142805886099,1.5976570676742676e-24,0.1372142805886099,0
2413,286,0.1373028235463738,3.7282029548774426e-28,0.1373028235463738,0
3488,463,0.13773664201557906,2.3839198970416273e-30,0.13773664201557906,0
2216,274,0.1379136844035126,2.4989340008632977e-26,0.1379136844035126,0
1535,240,0.1379464729935745,7.199229699629983e-30,0.1379464729935745,0
379,57,0.13827829330768684,1.543778336565259e-28,0.13827829330768684,0
22,6,0.1383319170726348,1.22103787351875e-27,0.1383319170726348,0
2914,310,0.13851024976569978,5.841796292696324e-27,0.13851024976569978,0
2933,311,0.13868230266594908,1.3917620038740118e-27,0.13868230266594908,0
3305,453,0.13876228873096805,5.656385692464863e-26,0.13876228873096805,0
189,35,0.13891423787270513,9.245200704131146e-28,0.13891423787270513,0
2867,309,0.13915498419130692,1.2246685840617077e-29,0.13915498419130692,0
2473,288,0.13922528439554138,1.93493969726597e-27,0.13922528439554138,0
2845,308,0.13954387642708965,2.552969471959978e-29,0.13954387642708965,0
439,70,0.13969515801410362,3.349143510606433e-25,0.13969515801410362,0
328,49,0.13974732871305492,6.500386250137094e-25,0.13974732871305492,0
3082,317,0.14003734635717618,1.6424145040209993e-28,0.14003734635717618,0
2916,310,0.14077160795401086,5.841796292696324e-27,0.14077160795401086,0
2613,296,0.14107925041457378,4.2115493424662025e-22,0.14107925041457378,0
1575,245,0.1411116057760564,4.4503102314880855e-25,0.1411116057760564,0
3471,462,0.14115456572866958,7.0960596185736065e-28,0.14115456572866958,0
3735,488,0.14126376645104488,6.268646962691018e-26,0.14126376645104488,0
1150,185,0.14127040217652798,6.631892322011052e-24,0.14127040217652798,0
3660,487,0.14141157060600215,2.9883249935968477e-24,0.14141157060600215,0
698,109,0.14188174332696402,2.138951210765953e-25,0.14188174332696402,0
2063,270,0.14248875231729272,5.680891685164823e-24,0.14248875231729272,0
3202,444,0.14273705601469547,3.2308369680466237e-28,0.14273705601469547,0
3583,481,0.14293378306755658,8.455631988510236e-28,0.14293378306755658,0
1518,239,0.14306617891103776,8.193117360888574e-30,0.14306617891103776,0
1533,240,0.14390726235496085,7.199229699629983e-30,0.14390726235496085,0
2191,273,0.14419499870582372,6.846821228054287e-26,0.14419499870582372,0
1488,234,0.14476540040201633,3.806190658616629e-28,0.14476540040201633,0
1887,260,0.14490719881628153,6.96954218181326e-26,0.14490719881628153,0
2694,301,0.1449724002348959,2.711902352452219e-29,0.1449724002348959,0
182,34,0.14503505882713585,8.515450199322579e-27,0.14503505882713585,0
996,156,0.14526411797325692,1.7181078690332215e-28,0.14526411797325692,0
3633,482,0.14536383280296394,2.40942947817167e-30,0.14536383280296394,0
1226,196,0.14563754515453914,1.4034072219554553e-28,0.14563754515453914,0
2792,305,0.1457745037510384,7.150180119874699e-25,0.1457745037510384,0
3389,454,0.14591502538595902,4.348567572686123e-30,0.14591502538595902,0
3159,443,0.14610159200928724,1.9721031459475644e-32,0.14610159200928724,0
3528,463,0.1464870547353391,2.3839198970416273e-30,0.1464870547353391,0
3235,445,0.14656305426979327,1.8479717796752564e-28,0.14656305426979327,0
498,78,0.14686069772272708,1.3043272196985426e-28,0.14686069772272708,0
565,90,0.14774609708692818,1.6816710561776673e-25,0.14774609708692818,0
1295,208,0.1481853451473387,2.1218461822302216e-25,0.1481853451473387,0
3407,461,0.14848388748606015,4.1238349233958415e-25,0.14848388748606015,0
38,8,0.14878735506422205,1.2191603627406985e-23,0.14878735506422205,0
844,130,0.1493611927797144,5.664514665718794e-26,0.1493611927797144,0
264,41,0.1493656785067107,8.061278130251574e-30,0.1493656785067107,0
694,109,0.14954245871076488,2.138951210765953e-25,0.14954245871076488,0
2187,273,0.14966025778772135,6.846821228054287e-26,0.14966025778772135,0
619,97,0.14989276729473136,2.394092635032564e-28,0.14989276729473136,0
127,28,0.14998137978381074,1.869008878488473e-24,0.14998137978381074,0
2015,267,0.15052886473106114,3.342515927077984e-27,0.15052886473106114,0
2854,309,0.15094455240881,1.2246685840617077e-29,0.15094455240881,0
3,4,0.15104622387909145,5.8392971073550274e-37,0.15104622387909145,0
3651,482,0.151755119765939,2.40942947817167e-30,0.151755119765939,0
1354,217,0.1521838499240974,4.453493579025681e-29,0.1521838499240974,0
1377,224,0.15237301632628875,2.46131712388156e-24,0.15237301632628875,0
2602,294,0.1531408580877141,2.8640894165112103e-25,0.1531408580877141,0
2125,272,0.15407814679038195,5.720281144305475e-25,0.15407814679038195,0
1807,258,0.15430246097796832,1.1144489704144987e-26,0.15430246097796832,0
3273,452,0.15437861481397133,5.941349408358543e-24,0.15437861481397133,0
1938,262,0.15444382827805508,8.69839004759892e-25,0.15444382827805508,0
2543,292,0.15454203676335188,7.997209463249716e-29,0.15454203676335188,0
1140,183,0.15460196828715306,1.5731039681545641e-24,0.15460196828715306,0
3115,318,0.15473753584149463,6.637070448747963e-29,0.15473753584149463,0
1521,239,0.15509912062067796,8.193117360888574e-30,0.15509912062067796,0
3782,489,0.15542803506398528,4.7018978326794854e-30,0.15542803506398528,0
790,121,0.15661986132832104,6.665398982664785e-30,0.15661986132832104,0
3452,462,0.15672557720530667,7.0960596185736065e-28,0.15672557720530667,0
3190,444,0.156917773553518,3.2308369680466237e-28,0.156917773553518,0
2524,290,0.15694899069875132,2.4717911348676296e-29,0.15694899069875132,0
2180,273,0.15719519442653962,6.846821228054287e-26,0.15719519442653962,0
3373,454,0.1573044581368496,4.348567572686123e-30,0.1573044581368496,0
1559,245,0.15754537728440662,4.4503102314880855e-25,0.15754537728440662,0
3553,480,0.15756636555023285,1.0939454433960173e-25,0.15756636555023285,0
1283,207,0.15778225376092772,6.553762922326039e-25,0.15778225376092772,0
1458,233,0.15806562181284928,8.935279372039365e-28,0.15806562181284928,0
473,74,0.1581557844543769,6.841446507141857e-27,0.1581557844543769,0
3356,454,0.1586727459293967,4.348567572686123e-30,0.1586727459293967,0
1678,251,0.15912946124402097,5.641995891267915e-24,0.15912946124402097,0
1091,173,0.1593668877739568,1.7032385914674885e-27,0.1593668877739568,0
1383,225,0.15987634303053855,3.1754299703047337e-24,0.15987634303053855,0
1322,212,0.160128699012688,4.740023069640509e-27,0.160128699012688,0
49,12,0.16020821605311925,1.6892265704665233e-23,0.16020821605311925,0
676,107,0.16039936590216167,1.125986908220385e-24,0.16039936590216167,0
2666,300,0.16050112611332695,3.2576137516329277e-41,0.16050112611332695,0
524,85,0.161398527371707,1.0042175829288735e-24,0.161398527371707,0
1844,259,0.16151452037431707,2.7057471472795516e-26,0.16151452037431707,0
2179,273,0.1616848327472452,6.846821228054287e-26,0.1616848327472452,0
969,151,0.1627167150675599,1.6046080125001814e-26,0.1627167150675599,0
115,27,0.16276102106244994,2.790083688388882e-24,0.16276102106244994,0
2462,287,0.16286161305026003,9.771942072742383e-28,0.16286161305026003,0
2566,293,0.16317599679047584,2.2904022022242663e-25,0.16317599679047584,0
217,36,0.16318132136702618,3.3315275612497254e-28,0.16318132136702618,0
2275,277,0.16339051969983023,7.70724031847695e-27,0.16339051969983023,0
340,51,0.16354587523095465,6.611570480671493e-26,0.16354587523095465,0
853,131,0.16379600633918576,2.4165389839157217e-26,0.16379600633918576,0
1782,256,0.16406355902454037,6.915397280774362e-27,0.16406355902454037,0
3278,452,0.16447161351326256,5.941349408358543e-24,0.16447161351326256,0
1998,266,0.16505499113982935,1.3929564889003732e-27,0.16505499113982935,0
3423,462,0.16559525982460088,7.0960596185736065e-28,0.16559525982460088,0
3516,463,0.16572290844654575,2.3839198970416273e-30,0.16572290844654575,0
2024,267,0.1661048482955353,3.342515927077984e-27,0.1661048482955353,0
1228,196,0.16626981876869834,1.4034072219554553e-28,0.16626981876869834,0
1597,246,0.1672182146368414,1.5976570676742676e-24,0.1672182146368414,0
1222,196,0.1672319870254414,1.4034072219554553e-28,0.1672319870254414,0
2669,300,0.16950686205111004,3.2576137516329277e-41,0.16950686205111004,0
3224,445,0.17013428313625353,1.8479717796752564e-28,0.17013428313625353,0
2502,290,0.170164205686185,2.4717911348676296e-29,0.170164205686185,0
3234,445,0.17030003694761786,1.8479717796752564e-28,0.17030003694761786,0
513,80,0.1707121589188639,2.9127952039737127e-29,0.1707121589188639,0
2972,312,0.17077517236000261,7.060426745125837e-28,0.17077517236000261,0
139,29,0.17086844504088913,1.017095435499152e-24,0.17086844504088913,0
1079,171,0.17097055946428008,1.0789651253395371e-26,0.17097055946428008,0
1677,251,0.17142286668001327,5.641995891267915e-24,0.17142286668001327,0
1405,228,0.17161098859075424,5.018942519673886e-25,0.17161098859075424,0
997,156,0.17161345518018098,1.7181078690332215e-28,0.17161345518018098,0
376,56,0.17203609589046584,4.454126582392267e-28,0.17203609589046584,0
1123,177,0.17222762770422237,4.747098781450552e-29,0.17222762770422237,0
2958,312,0.17268305054133895,7.060426745125837e-28,0.17268305054133895,0
642,100,0.17302491180292479,2.0731152394051775e-29,0.17302491180292479,0
1855,259,0.17310892684565146,2.7057471472795516e-26,0.17310892684565146,0
535,86,0.17390300816694687,1.9349380767961056e-23,0.17390300816694687,0
27,7,0.1747981101212038,1.3968615128679976e-28,0.1747981101212038,0
3398,461,0.17646749574413087,4.1238349233958415e-25,0.17646749574413087,0
3268,452,0.17713751053084753,5.941349408358543e-24,0.17713751053084753,0
2353,283,0.177348255289461,8.445953877778205e-29,0.177348255289461,0
623,97,0.17752464957545677,2.394092635032564e-28,0.17752464957545677,0
564,90,0.17757798489265875,1.6816710561776673e-25,0.17757798489265875,0
453,72,0.17764093880314116,4.1531917821118835e-26,0.17764093880314116,0
1860,259,0.17786960614458613,2.7057471472795516e-26,0.17786960614458613,0
1310,211,0.17812388293749437,1.2460459650610107e-26,0.17812388293749437,0
2739,304,0.17845075860515833,1.3430007815748096e-23,0.17845075860515833,0
3171,444,0.17870972036627805,3.2308369680466237e-28,0.17870972036627805,0
1009,157,0.17883089183416187,7.345495162224027e-29,0.17883089183416187,0
1810,258,0.1796342482533914,1.1144489704144987e-26,0.1796342482533914,0
3729,488,0.17969378636814087,6.268646962691018e-26,0.17969378636814087,0
3439,462,0.17978059364667479,7.0960596185736065e-28,0.17978059364667479,0
3005,314,0.18029258985402932,1.8188522307993302e-29,0.18029258985402932,0
1618,247,0.1803111171390828,6.590791384412802e-24,0.1803111171390828,0
3147,443,0.18031434154507742,1.9721031459475644e-32,0.18031434154507742,0
352,52,0.18065800430185555,2.667822414165198e-26,0.18065800430185555,0
2104,270,0.1811471433963933,5.680891685164823e-24,0.1811471433963933,0
494,77,0.18116655867550238,3.2827144320089552e-28,0.18116655867550238,0
2798,305,0.18148693225529558,7.150180119874699e-25,0.18148693225529558,0
3419,462,0.1815898254843077,7.0960596185736065e-28,0.1815898254843077,0
519,82,0.18216130931861615,6.2182050658978285e-30,0.18216130931861615,0
1752,254,0.18226171592088364,4.444272633072384e-25,0.18226171592088364,0
2486,289,0.1826647404123968,4.7304259428668575e-27,0.1826647404123968,0
2755,305,0.1832366374778706,7.150180119874699e-25,0.1832366374778706,0
228,37,0.18393164607050497,1.2393209547689106e-28,0.18393164607050497,0
814,125,0.18469519470084034,2.100549707762467e-24,0.18469519470084034,0
3624,481,0.18487989616530537,8.455631988510236e-28,0.18487989616530537,0
1764,255,0.18489333722092902,1.7581895029642372e-27,0.18489333722092902,0
370,56,0.18539324520110084,4.454126582392267e-28,0.18539324520110084,0
415,66,0.1855140150020793,5.2125087116141194e-24,0.1855140150020793,0
1897,260,0.1856903678890678,6.96954218181326e-26,0.1856903678890678,0
2234,275,0.18629754506168733,1.1005624669508466e-26,0.18629754506168733,0
2110,271,0.18798640763206195,1.827221969249202e-24,0.18798640763206195,0
1722,253,0.18841883374979854,1.4637357022017424e-24,0.18841883374979854,0
1105,175,0.18906869514626573,2.496479868138413e-28,0.18906869514626573,0
3601,481,0.18921950002403679,8.455631988510236e-28,0.18921950002403679,0
3634,482,0.1897224633634085,2.40942947817167e-30,0.1897224633634085,0
2516,290,0.18975691171442247,2.4717911348676296e-29,0.18975691171442247,0
935,147,0.19004213152360266,4.892097839792291e-25,0.19004213152360266,0
3646,482,0.190490539799546,2.40942947817167e-30,0.190490539799546,0
1266,204,0.1910152229877945,3.902466855730662e-24,0.1910152229877945,0
3531,463,0.19120490055879505,2.3839198970416273e-30,0.19120490055879505,0
3284,452,0.19123235074397907,5.941349408358543e-24,0.19123235074397907,0
3517,463,0.1912688447668495,2.3839198970416273e-30,0.1912688447668495,0
3590,481,0.1913383456375585,8.455631988510236e-28,0.1913383456375585,0
1139,183,0.19173499681947193,1.5731039681545641e-24,0.19173499681947193,0
3378,454,0.19184909232298838,4.348567572686123e-30,0.19184909232298838,0
2712,301,0.19197009644767582,2.711902352452219e-29,0.19197009644767582,0
2631,298,0.1920104229892898,1.0142871568733388e-30,0.1920104229892898,0
3682,487,0.1920731495471218,2.9883249935968477e-24,0.1920731495471218,0
2577,293,0.1921404928706893,2.2904022022242663e-25,0.1921404928706893,0
2747,304,0.19229827265345809,1.3430007815748096e-23,0.19229827265345809,0
2864,309,0.19257935615407734,1.2246685840617077e-29,0.19257935615407734,0
447,71,0.1937362995501592,1.137598788283934e-25,0.1937362995501592,0
2688,301,0.19391242386990865,2.711902352452219e-29,0.19391242386990865,0
1765,255,0.1939219673371995,1.7581895029642372e-27,0.1939219673371995,0
1929,262,0.19411409641623664,8.69839004759892e-25,0.19411409641623664,0
0,3,0.19424904322751302,2.958748368805489e-35,0.19424904322751302,0
474,74,0.19433034495097307,6.841446507141857e-27,0.19433034495097307,0
3333,454,0.19435104448374443,4.348567572686123e-30,0.19435104448374443,0
1526,239,0.1945377016027139,8.193117360888574e-30,0.1945377016027139,0
105,26,0.19629593373732293,3.434509175098565e-24,0.19629593373732293,0
436,69,0.1964029541513543,9.495501537511425e-25,0.1964029541513543,0
836,128,0.19652221519510116,2.7312855592215584e-25,0.19652221519510116,0
2803,306,0.19661661845775819,2.1132916639841704e-26,0.19661661845775819,0
889,137,0.1974822989014452,1.1275743471070136e-28,0.1974822989014452,0
419,66,0.1975898541864802,5.2125087116141194e-24,0.1975898541864802,0
606,94,0.19768134676379376,4.197759342700393e-27,0.19768134676379376,0
801,124,0.19773041784555984,1.1295631448857556e-21,0.19773041784555984,0
1379,224,0.19821251477488944,2.46131712388156e-24,0.19821251477488944,0
1050,167,0.19829494936676015,4.496968542076425e-25,0.19829494936676015,0
883,136,0.1984119627139685,2.710166873975015e-28,0.1984119627139685,0
2618,296,0.19874001509687234,4.2115493424662025e-22,0.19874001509687234,0
1297,208,0.19890388657854363,2.1218461822302216e-25,0.19890388657854363,0
1142,183,0.19930684152634176,1.5731039681545641e-24,0.19930684152634176,0
101,26,0.19982278576685103,3.434509175098565e-24,0.19982278576685103,0
1758,254,0.2000902016622878,4.444272633072384e-25,0.2000902016622878,0
1346,216,0.20046445548956024,8.134709146550861e-29,0.20046445548956024,0
416,66,0.20151369522996584,5.2125087116141194e-24,0.20151369522996584,0
3086,317,0.20172334629889002,1.6424145040209993e-28,0.20172334629889002,0
3798,497,0.20345382112365235,5.610949952447188e-28,0.20345382112365235,0
593,92,0.2038903749682145,2.548819257616288e-26,0.2038903749682145,0
1979,264,0.2039105968950522,1.6143718647223145e-21,0.2039105968950522,0
2802,306,0.20410344658787508,2.1132916639841704e-26,0.20410344658787508,0
248,40,0.20443318062132815,3.1948726159944493e-29,0.20443318062132815,0
2142,272,0.20516989921896528,5.720281144305475e-25,0.20516989921896528,0
106,26,0.20538882044842552,3.434509175098565e-24,0.20538882044842552,0
3204,444,0.20566930151571786,3.2308369680466237e-28,0.20566930151571786,0
1973,263,0.20593308505693297,1.7038964594948676e-23,0.20593308505693297,0
2213,274,0.2066012686671512,2.4989340008632977e-26,0.2066012686671512,0
1795,257,0.20685091527220134,1.6759273083987564e-26,0.20685091527220134,0
2699,301,0.20696625494340337,2.711902352452219e-29,0.20696625494340337,0
2663,300,0.20711541086692875,3.2576137516329277e-41,0.20711541086692875,0
902,139,0.20713638386217675,2.1886718129005456e-29,0.20713638386217675,0
2437,286,0.20715239322084103,3.7282029548774426e-28,0.20715239322084103,0
807,125,0.2078453660228284,2.100549707762467e-24,0.2078453660228284,0
2574,293,0.2087987142294452,2.2904022022242663e-25,0.2087987142294452,0
108,27,0.20905336918651585,2.790083688388882e-24,0.20905336918651585,0
3474,462,0.20910173445609212,7.0960596185736065e-28,0.20910173445609212,0
3007,314,0.20993099153427333,1.8188522307993302e-29,0.20993099153427333,0
2356,283,0.20994364728269638,8.445953877778205e-29,0.20994364728269638,0
3365,454,0.20995585844788148,4.348567572686123e-30,0.20995585844788148,0
1873,260,0.21040037410424528,6.96954218181326e-26,0.21040037410424528,0
3009,314,0.21132320293199708,1.8188522307993302e-29,0.21132320293199708,0
1158,187,0.211772743373962,9.554209226484225e-25,0.211772743373962,0
3785,489,0.2118989038692067,4.7018978326794854e-30,0.2118989038692067,0
2155,273,0.21226613029248045,6.846821228054287e-26,0.21226613029248045,0
600,94,0.21254374382316063,4.197759342700393e-27,0.21254374382316063,0
2384,284,0.21269766955671784,8.690851390067876e-30,0.21269766955671784,0
170,32,0.21330427758688283,4.0507377925248253e-26,0.21330427758688283,0
1394,227,0.21353200574779224,1.0144412898028679e-24,0.21353200574779224,0
716,111,0.214066177321984,3.808193158573831e-26,0.214066177321984,0
2254,275,0.2155464157378937,1.1005624669508466e-26,0.2155464157378937,0
1420,229,0.21645677630872096,1.2323188017867336e-25,0.21645677630872096,0
308,47,0.21677600178432468,3.2653298563260655e-24,0.21677600178432468,0
1475,234,0.21688064678498178,3.806190658616629e-28,0.21688064678498178,0
3254,452,0.21710708262849748,5.941349408358543e-24,0.21710708262849748,0
2701,301,0.2173672948276352,2.711902352452219e-29,0.2173672948276352,0
1827,258,0.21778338934535058,1.1144489704144987e-26,0.21778338934535058,0
2131,272,0.2178905854402478,5.720281144305475e-25,0.2178905854402478,0
1928,262,0.21791809740437518,8.69839004759892e-25,0.21791809740437518,0
2992,313,0.21792268372224152,6.538299196927555e-29,0.21792268372224152,0
2169,273,0.2182507088358661,6.846821228054287e-26,0.2182507088358661,0
1574,245,0.21840540573009037,4.4503102314880855e-25,0.21840540573009037,0
2655,298,0.21844627056640378,1.0142871568733388e-30,0.21844627056640378,0
2829,307,0.2189043027424834,3.448863125291685e-29,0.2189043027424834,0
2936,311,0.21904631927800527,1.3917620038740118e-27,0.21904631927800527,0
32,8,0.21907794504941128,1.2191603627406985e-23,0.21907794504941128,0
1365,223,0.21943551978580222,1.2352978815231965e-24,0.21943551978580222,0
3311,453,0.21960024226411448,5.656385692464863e-26,0.21960024226411448,0
672,106,0.21977907658057044,3.1874881173121603e-24,0.21977907658057044,0
1569,245,0.21982152806956703,4.4503102314880855e-25,0.21982152806956703,0
3513,463,0.21994157143295445,2.3839198970416273e-30,0.21994157143295445,0
717,111,0.2200682709794485,3.808193158573831e-26,0.2200682709794485,0
252,41,0.22011487391802717,8.061278130251574e-30,0.22011487391802717,0
2993,313,0.22027615016050298,6.538299196927555e-29,0.22027615016050298,0
2885,309,0.22090092588424357,1.2246685840617077e-29,0.22090092588424357,0
1984,264,0.22095465778961984,1.6143718647223145e-21,0.22095465778961984,0
1121,177,0.221307552628706,4.747098781450552e-29,0.221307552628706,0
3010,314,0.2217980771856892,1.8188522307993302e-29,0.2217980771856892,0
3548,463,0.22203161320080578,2.3839198970416273e-30,0.22203161320080578,0
1022,159,0.22282230892189978,1.4824123429938491e-29,0.22282230892189978,0
70,17,0.22324032390342685,4.258078492220581e-28,0.22324032390342685,0
1697,252,0.22340988048355168,3.680203867121252e-24,0.22340988048355168,0
399,59,0.22362926653729334,4.0323765631840256e-29,0.22362926653729334,0
827,126,0.22466894227649895,9.750965169062085e-25,0.22466894227649895,0
760,116,0.22474978007656532,4.126739883289571e-28,0.22474978007656532,0
1430,230,0.22487576651740201,4.272233531977154e-26,0.22487576651740201,0
3433,462,0.22494872748761702,7.0960596185736065e-28,0.22494872748761702,0
3077,317,0.22644797746626524,1.6424145040209993e-28,0.22644797746626524,0
1705,252,0.22661330569884555,3.680203867121252e-24,0.22661330569884555,0
1434,231,0.22730746402768115,2.0294965234377386e-26,0.22730746402768115,0
1864,259,0.22731616706195873,2.7057471472795516e-26,0.22731616706195873,0
3565,480,0.22739967416543605,1.0939454433960173e-25,0.22739967416543605,0
537,86,0.22769140378732822,1.9349380767961056e-23,0.22769140378732822,0
1699,252,0.22783374368131623,3.680203867121252e-24,0.22783374368131623,0
91,26,0.22784884822710832,3.434509175098565e-24,0.22784884822710832,0
3493,463,0.22800845380099877,2.3839198970416273e-30,0.22800845380099877,0
199,36,0.22860101796071422,3.3315275612497254e-28,0.22860101796071422,0
2404,285,0.22905986670416875,1.7971464052924428e-29,0.22905986670416875,0
2589,294,0.22919692320505775,2.8640894165112103e-25,0.22919692320505775,0
2849,309,0.22992402194048028,1.2246685840617077e-29,0.22992402194048028,0
3545,463,0.23014786380739233,2.3839198970416273e-30,0.23014786380739233,0
2134,272,0.2303707295303269,5.720281144305475e-25,0.2303707295303269,0
2092,270,0.23037998374469162,5.680891685164823e-24,0.23037998374469162,0
563,89,0.23050295001755286,4.477668575855958e-25,0.23050295001755286,0
3585,481,0.23071521523195646,8.455631988510236e-28,0.23071521523195646,0
1321,212,0.23089162891336035,4.740023069640509e-27,0.23089162891336035,0
2702,301,0.23106753897709426,2.711902352452219e-29,0.23106753897709426,0
3515,463,0.2311606157276991,2.3839198970416273e-30,0.2311606157276991,0
1207,193,0.23148897215900216,2.778763704124638e-27,0.23148897215900216,0
3755,488,0.23162647169905973,6.268646962691018e-26,0.23162647169905973,0
2348,282,0.23189398195765382,2.0130041089721442e-28,0.23189398195765382,0
187,35,0.23202842823599645,9.245200704131146e-28,0.23202842823599645,0
336,51,0.23272162459093018,6.611570480671493e-26,0.23272162459093018,0
887,136,0.23274410668386397,2.710166873975015e-28,0.23274410668386397,0
2904,310,0.23367522109077582,5.841796292696324e-27,0.23367522109077582,0
1914,261,0.23374564404549722,5.3624751969882235e-25,0.23374564404549722,0
172,32,0.2337877532583778,4.0507377925248253e-26,0.2337877532583778,0
3589,481,0.23429896487670138,8.455631988510236e-28,0.23429896487670138,0
259,41,0.23499348481915425,8.061278130251574e-30,0.23499348481915425,0
3032,315,0.23617524125708048,1.02523651693438e-29,0.23617524125708048,0
3673,487,0.23715054147567402,2.9883249935968477e-24,0.23715054147567402,0
1770,255,0.23749484134457394,1.7581895029642372e-27,0.23749484134457394,0
640,100,0.23791722198075277,2.0731152394051775e-29,0.23791722198075277,0
926,145,0.2379924970555136,3.132686947315511e-24,0.2379924970555136,0
3362,454,0.2380944915537182,4.348567572686123e-30,0.2380944915537182,0
2573,293,0.23823228770339103,2.2904022022242663e-25,0.23823228770339103,0
73,17,0.23901377843673685,4.258078492220581e-28,0.23901377843673685,0
2617,296,0.2393062109733635,4.2115493424662025e-22,0.2393062109733635,0
3444,462,0.23937304561020417,7.0960596185736065e-28,0.23937304561020417,0
2377,284,0.23960973932069288,8.690851390067876e-30,0.23960973932069288,0
1808,258,0.23969906759741236,1.1144489704144987e-26,0.23969906759741236,0
132,29,0.24046842805706817,1.017095435499152e-24,0.24046842805706817,0
1087,172,0.24129459593220529,4.389150276373688e-27,0.24129459593220529,0
720,111,0.24130865174105315,3.808193158573831e-26,0.24130865174105315,0
1545,244,0.24186059849602587,7.25043255573421e-29,0.24186059849602587,0
375,56,0.24220991392653599,4.454126582392267e-28,0.24220991392653599,0
412,65,0.2422951924534608,1.9811919104811584e-24,0.2422951924534608,0
1899,260,0.24240852083780573,6.96954218181326e-26,0.24240852083780573,0
2769,305,0.24249756317339996,7.150180119874699e-25,0.24249756317339996,0
913,141,0.24308087855646324,4.611089377276514e-30,0.24308087855646324,0
2541,292,0.24318568182680844,7.997209463249716e-29,0.24318568182680844,0
2040,268,0.2433104582791809,1.328006199384098e-21,0.2433104582791809,0
3410,461,0.2438940917020176,4.1238349233958415e-25,0.2438940917020176,0
1637,248,0.24454369849501256,2.3688774486805515e-24,0.24454369849501256,0
3083,317,0.24479440085071436,1.6424145040209993e-28,0.24479440085071436,0
2497,290,0.24492398004572216,2.4717911348676296e-29,0.24492398004572216,0
2244,275,0.24534563780234503,1.1005624669508466e-26,0.24534563780234503,0
2419,286,0.2454710973429542,3.7282029548774426e-28,0.2454710973429542,0
26,7,0.24570198440190924,1.3968615128679976e-28,0.24570198440190924,0
1908,261,0.24588458495128598,5.3624751969882235e-25,0.24588458495128598,0
1871,260,0.24632665755793096,6.96954218181326e-26,0.24632665755793096,0
2496,290,0.24668144503195583,2.4717911348676296e-29,0.24668144503195583,0
1435,231,0.24670593433284846,2.0294965234377386e-26,0.24670593433284846,0
567,90,0.24698912246777371,1.6816710561776673e-25,0.24698912246777371,0
1661,249,0.24700630715714614,1.163477174492006e-24,0.24700630715714614,0
1711,253,0.24723671968462982,1.4637357022017424e-24,0.24723671968462982,0
1246,199,0.24726966143758147,1.4334132939386645e-29,0.24726966143758147,0
755,116,0.24734443580216378,4.126739883289571e-28,0.24734443580216378,0
1182,190,0.2475475362575127,4.2534868967559524e-26,0.2475475362575127,0
389,58,0.24758325295275166,7.293597466531461e-29,0.24758325295275166,0
3033,315,0.24796025641566227,1.02523651693438e-29,0.24796025641566227,0
1943,262,0.2485433473110302,8.69839004759892e-25,0.2485433473110302,0
2121,272,0.2502554006820343,5.720281144305475e-25,0.2502554006820343,0
3248,445,0.2502736162059687,1.8479717796752564e-28,0.2502736162059687,0
1791,257,0.25101276693057445,1.6759273083987564e-26,0.25101276693057445,0
3496,463,0.2511160745834698,2.3839198970416273e-30,0.2511160745834698,0
3126,319,0.25113593869544093,1.5230842608637033e-29,0.25113593869544093,0
3101,318,0.25117232208729234,6.637070448747963e-29,0.25117232208729234,0
1963,263,0.2515396036670632,1.7038964594948676e-23,0.2515396036670632,0
3055,315,0.25164252258351794,1.02523651693438e-29,0.25164252258351794,0
3467,462,0.25170358914233404,7.0960596185736065e-28,0.25170358914233404,0
785,120,0.2518582561709914,1.4506260391424674e-29,0.2518582561709914,0
275,42,0.25226721051927337,2.7724024748023268e-30,0.25226721051927337,0
2307,280,0.2530568918884935,1.7713524530467065e-29,0.2530568918884935,0
3499,463,0.2532530456972993,2.3839198970416273e-30,0.2532530456972993,0
2472,288,0.253645300485945,1.93493969726597e-27,0.253645300485945,0
916,144,0.25372094037000475,1.0501681444282721e-23,0.25372094037000475,0
3677,487,0.25432251940623574,2.9883249935968477e-24,0.25432251940623574,0
444,70,0.2554072637453508,3.349143510606433e-25,0.2554072637453508,0
3161,443,0.2558056192350978,1.9721031459475644e-32,0.2558056192350978,0
344,51,0.25613966252611153,6.611570480671493e-26,0.25613966252611153,0
1202,192,0.25633164230522704,7.298145784438759e-27,0.25633164230522704,0
2285,278,0.2564977894639662,1.862495501842197e-27,0.2564977894639662,0
1335,214,0.25706145512912565,4.723750617674512e-28,0.25706145512912565,0
870,134,0.2573695727969537,1.6870286023134237e-27,0.2573695727969537,0
572,90,0.25809601806871546,1.6816710561776673e-25,0.25809601806871546,0
3507,463,0.2584970785325553,2.3839198970416273e-30,0.2584970785325553,0
3075,317,0.2586443051008861,1.6424145040209993e-28,0.2586443051008861,0
1030,160,0.2590282437627069,6.784747056255832e-30,0.2590282437627069,0
2160,273,0.2593256555742069,6.846821228054287e-26,0.2593256555742069,0
1478,234,0.2596634963516284,3.806190658616629e-28,0.2596634963516284,0
2995,313,0.25974955462426363,6.538299196927555e-29,0.25974955462426363,0
1064,169,0.2598025522596282,6.501614187769038e-26,0.2598025522596282,0
2653,298,0.2598479969882756,1.0142871568733388e-30,0.2598479969882756,0
1148,184,0.26030794737156904,4.4945881893187175e-24,0.26030794737156904,0
3212,444,0.26048107110590774,3.2308369680466237e-28,0.26048107110590774,0
52,12,0.26145353221238865,1.6892265704665233e-23,0.26145353221238865,0
2245,275,0.26153518617625976,1.1005624669508466e-26,0.26153518617625976,0
548,88,0.2617876397483906,1.2398616733378169e-24,0.2617876397483906,0
2640,298,0.2623807110232637,1.0142871568733388e-30,0.2623807110232637,0
1769,255,0.26248567353929025,1.7581895029642372e-27,0.26248567353929025,0
1058,168,0.2626220029903116,1.6903950303777449e-25,0.2626220029903116,0
993,155,0.26276121985220513,4.212554510348425e-28,0.26276121985220513,0
1485,234,0.2630707296153533,3.806190658616629e-28,0.2630707296153533,0
326,49,0.26321922260807046,6.500386250137094e-25,0.26321922260807046,0
2603,295,0.26339894018707727,3.601852263090341e-23,0.26339894018707727,0
1907,260,0.2639716278437219,6.96954218181326e-26,0.2639716278437219,0
2461,287,0.2645591417744687,9.771942072742383e-28,0.2645591417744687,0
175,32,0.2645645049617033,4.0507377925248253e-26,0.2645645049617033,0
1460,233,0.2645783846773394,8.935279372039365e-28,0.2645783846773394,0
2542,292,0.2645851711950479,7.997209463249716e-29,0.2645851711950479,0
3768,489,0.2645903201702106,4.7018978326794854e-30,0.2645903201702106,0
571,90,0.2647974091836462,1.6816710561776673e-25,0.2647974091836462,0
1746,254,0.26482161229217127,4.444272633072384e-25,0.26482161229217127,0
723,112,0.26516737089831616,1.5805457156921786e-26,0.26516737089831616,0
1398,227,0.2656798974193285,1.0144412898028679e-24,0.2656798974193285,0
3230,445,0.26639753963449175,1.8479717796752564e-28,0.26639753963449175,0
397,59,0.26756599361936356,4.0323765631840256e-29,0.26756599361936356,0
3003,314,0.2676503346362281,1.8188522307993302e-29,0.2676503346362281,0
3442,462,0.2681220369620494,7.0960596185736065e-28,0.2681220369620494,0
972,151,0.26814963331442365,1.6046080125001814e-26,0.26814963331442365,0
2889,309,0.2683345300788238,1.2246685840617077e-29,0.2683345300788238,0
131,28,0.26867106273029495,1.869008878488473e-24,0.26867106273029495,0
342,51,0.2688645362406308,6.611570480671493e-26,0.2688645362406308,0
2433,286,0.2691021907033966,3.7282029548774426e-28,0.2691021907033966,0
2632,298,0.26927599351572473,1.0142871568733388e-30,0.26927599351572473,0
2068,270,0.26931062784187176,5.680891685164823e-24,0.26931062784187176,0
2788,305,0.2694192497539405,7.150180119874699e-25,0.2694192497539405,0
2240,275,0.27018691092720976,1.1005624669508466e-26,0.27018691092720976,0
2897,310,0.2702533326569984,5.841796292696324e-27,0.2702533326569984,0
618,97,0.27151619194414944,2.394092635032564e-28,0.27151619194414944,0
943,148,0.27173120765495373,2.1454217678611788e-25,0.27173120765495373,0
3572,480,0.2717994835250897,1.0939454433960173e-25,0.2717994835250897,0
266,41,0.2718269343372041,8.061278130251574e-30,0.2718269343372041,0
1840,259,0.2722720449342137,2.7057471472795516e-26,0.2722720449342137,0
534,85,0.27227439886427374,1.0042175829288735e-24,0.27227439886427374,0
2492,290,0.2723479800922437,2.4717911348676296e-29,0.2723479800922437,0
3320,453,0.27270450978922534,5.656385692464863e-26,0.27270450978922534,0
305,47,0.27271299450175995,3.2653298563260655e-24,0.27271299450175995,0
383,57,0.2728746746985628,1.543778336565259e-28,0.2728746746985628,0
3598,481,0.2729507881457418,8.455631988510236e-28,0.2729507881457418,0
3643,482,0.27336577214238544,2.40942947817167e-30,0.27336577214238544,0
825,126,0.2733717599441251,9.750965169062085e-25,0.2733717599441251,0
220,37,0.2734117362796829,1.2393209547689106e-28,0.2734117362796829,0
2924,311,0.2735017209534848,1.3917620038740118e-27,0.2735017209534848,0
421,66,0.27405403166236436,5.2125087116141194e-24,0.27405403166236436,0
1474,234,0.2748611662520293,3.806190658616629e-28,0.2748611662520293,0
2750,305,0.27511212006878893,7.150180119874699e-25,0.27511212006878893,0
112,27,0.27540387724130394,2.790083688388882e-24,0.27540387724130394,0
1057,168,0.275796368391327,1.6903950303777449e-25,0.275796368391327,0
2578,293,0.27632394481660355,2.2904022022242663e-25,0.27632394481660355,0
133,29,0.2768068922450496,1.017095435499152e-24,0.2768068922450496,0
2482,289,0.2773429903807878,4.7304259428668575e-27,0.2773429903807878,0
3047,315,0.27867928986140766,1.02523651693438e-29,0.27867928986140766,0
2391,285,0.2789505454477983,1.7971464052924428e-29,0.2789505454477983,0
1110,176,0.27909462462727824,1.056206019351643e-28,0.27909462462727824,0
1459,233,0.27950452961830663,8.935279372039365e-28,0.27950452961830663,0
592,92,0.2795556478108289,2.548819257616288e-26,0.2795556478108289,0
2171,273,0.27965430642390415,6.846821228054287e-26,0.27965430642390415,0
893,138,0.2798159676283849,4.8862176866169435e-29,0.2798159676283849,0
952,149,0.27985674005098393,9.15925207038861e-26,0.27985674005098393,0
204,36,0.2801467886072038,3.3315275612497254e-28,0.2801467886072038,0
2424,286,0.28027404780132914,3.7282029548774426e-28,0.28027404780132914,0
1912,261,0.2806760828362252,5.3624751969882235e-25,0.2806760828362252,0
260,41,0.2807484025052567,8.061278130251574e-30,0.2807484025052567,0
1902,260,0.2807965757644476,6.96954218181326e-26,0.2807965757644476,0
1550,245,0.2808257255565731,4.4503102314880855e-25,0.2808257255565731,0
3374,454,0.28117378719408315,4.348567572686123e-30,0.28117378719408315,0
1513,238,0.28153441674328084,3.4787281063815913e-29,0.28153441674328084,0
2211,274,0.28179445308997714,2.4989340008632977e-26,0.28179445308997714,0
2718,302,0.28218378787534854,2.8645236639957e-20,0.28218378787534854,0
1099,174,0.2821897257474119,6.397959385459314e-28,0.2821897257474119,0
173,32,0.2827460164599917,4.0507377925248253e-26,0.2827460164599917,0
443,70,0.2828506177207714,3.349143510606433e-25,0.2828506177207714,0
1865,259,0.28305441333107645,2.7057471472795516e-26,0.28305441333107645,0
126,28,0.2839697024577705,1.869008878488473e-24,0.2839697024577705,0
3219,444,0.28413507847830544,3.2308369680466237e-28,0.28413507847830544,0
6,4,0.28450060481756356,5.8392971073550274e-37,0.28450060481756356,0
1199,191,0.2850103549976394,1.7571561589824764e-26,0.2850103549976394,0
781,120,0.28505789612879473,1.4506260391424674e-29,0.28505789612879473,0
860,132,0.28540790846711045,1.0129948045156376e-26,0.28540790846711045,0
3160,443,0.2855018108631113,1.9721031459475644e-32,0.2855018108631113,0
491,76,0.28564679431588424,9.267913989665761e-28,0.28564679431588424,0
1316,211,0.28580922096135536,1.2460459650610107e-26,0.28580922096135536,0
499,78,0.2868757171439532,1.3043272196985426e-28,0.2868757171439532,0
3413,461,0.28696839260932555,4.1238349233958415e-25,0.28696839260932555,0
2417,286,0.2873311773718964,3.7282029548774426e-28,0.2873311773718964,0
3631,481,0.28756800242374503,8.455631988510236e-28,0.28756800242374503,0
168,32,0.2876670596552693,4.0507377925248253e-26,0.2876670596552693,0
1812,258,0.28788964813072726,1.1144489704144987e-26,0.28788964813072726,0
3661,487,0.2881115419943704,2.9883249935968477e-24,0.2881115419943704,0
651,101,0.28822737569220447,9.554138935813822e-30,0.28822737569220447,0
2763,305,0.2882523402140393,7.150180119874699e-25,0.2882523402140393,0
2443,287,0.28831565162277445,9.771942072742383e-28,0.28831565162277445,0
163,31,0.28854403816958585,1.151048346431841e-25,0.28854403816958585,0
1995,266,0.28862137817282635,1.3929564889003732e-27,0.28862137817282635,0
2689,301,0.28963793282203365,2.711902352452219e-29,0.28963793282203365,0
3327,453,0.2896782243066068,5.656385692464863e-26,0.2896782243066068,0
1671,250,0.29002395415648025,3.547705508407119e-24,0.29002395415648025,0
3097,317,0.2900925470026674,1.6424145040209993e-28,0.2900925470026674,0
2601,294,0.29012290114121175,2.8640894165112103e-25,0.29012290114121175,0
194,35,0.2903127207442936,9.245200704131146e-28,0.2903127207442936,0
67,16,0.2903241626230237,4.0269764087132746e-29,0.2903241626230237,0
3146,443,0.2925115883963878,1.9721031459475644e-32,0.2925115883963878,0
506,79,0.29271254723137063,6.054852193262741e-29,0.29271254723137063,0
61,16,0.2928023176724735,4.0269764087132746e-29,0.2928023176724735,0
2619,296,0.2933533576908521,4.2115493424662025e-22,0.2933533576908521,0
2292,278,0.2936764036480787,1.862495501842197e-27,0.2936764036480787,0
1319,212,0.29385771148283163,4.740023069640509e-27,0.29385771148283163,0
783,120,0.2942922111380997,1.4506260391424674e-29,0.2942922111380997,0
191,35,0.29481895071613556,9.245200704131146e-28,0.29481895071613556,0
2272,277,0.29579245242661506,7.70724031847695e-27,0.29579245242661506,0
3237,445,0.29640262097512327,1.8479717796752564e-28,0.29640262097512327,0
3308,453,0.29653255355171,5.656385692464863e-26,0.29653255355171,0
3173,444,0.2967599508617711,3.2308369680466237e-28,0.2967599508617711,0
434,69,0.29716037565541964,9.495501537511425e-25,0.29716037565541964,0
1642,248,0.29720113389046515,2.3688774486805515e-24,0.29720113389046515,0
1777,255,0.29754310540099516,1.7581895029642372e-27,0.29754310540099516,0
762,117,0.297583547318126,1.6783207165471738e-28,0.297583547318126,0
3639,482,0.2979516564506045,2.40942947817167e-30,0.2979516564506045,0
2961,312,0.2980286591519972,7.060426745125837e-28,0.2980286591519972,0
932,146,0.2981944571525646,1.1221900241602137e-24,0.2981944571525646,0
2654,298,0.2986823885716605,1.0142871568733388e-30,0.2986823885716605,0
1104,174,0.29872253626000006,6.397959385459314e-28,0.29872253626000006,0
273,42,0.2991247670130972,2.7724024748023268e-30,0.2991247670130972,0
2546,292,0.30049294443517316,7.997209463249716e-29,0.30049294443517316,0
1236,197,0.30073979636954185,6.572664010847163e-29,0.30073979636954185,0
3152,443,0.30095254356016066,1.9721031459475644e-32,0.30095254356016066,0
530,85,0.3009839574314831,1.0042175829288735e-24,0.3009839574314831,0
721,111,0.30154865557141236,3.808193158573831e-26,0.30154865557141236,0
2651,298,0.30186462649934037,1.0142871568733388e-30,0.30186462649934037,0
809,125,0.30205904549813983,2.100549707762467e-24,0.30205904549813983,0
119,28,0.3021286507472977,1.869008878488473e-24,0.3021286507472977,0
3114,318,0.30214115001665426,6.637070448747963e-29,0.30214115001665426,0
321,49,0.30225664869937174,6.500386250137094e-25,0.30225664869937174,0
431,69,0.30284432263499783,9.495501537511425e-25,0.30284432263499783,0
3292,453,0.3029355252622051,5.656385692464863e-26,0.3029355252622051,0
1047,167,0.3032639893217279,4.496968542076425e-25,0.3032639893217279,0
1171,189,0.30378399457150707,1.1490887600382912e-25,0.30378399457150707,0
849,130,0.30396849770978907,5.664514665718794e-26,0.30396849770978907,0
2742,304,0.3041906414986883,1.3430007815748096e-23,0.3041906414986883,0
3215,444,0.30487218885818806,3.2308369680466237e-28,0.30487218885818806,0
866,133,0.30536236001162687,4.178242604096822e-27,0.30536236001162687,0
1088,173,0.3054518479345844,1.7032385914674885e-27,0.3054518479345844,0
3580,481,0.3055930069513145,8.455631988510236e-28,0.3055930069513145,0
2319,280,0.3062503517844476,1.7713524530467065e-29,0.3062503517844476,0
635,99,0.30660456807620223,4.4956070198971693e-29,0.30660456807620223,0
3510,463,0.30717410216143937,2.3839198970416273e-30,0.30717410216143937,0
1738,254,0.30721101838391607,4.444272633072384e-25,0.30721101838391607,0
603,94,0.3074538493525261,4.197759342700393e-27,0.3074538493525261,0
1836,258,0.3076667867103515,1.1144489704144987e-26,0.3076667867103515,0
2872,309,0.30849192900439765,1.2246685840617077e-29,0.30849192900439765,0
3630,481,0.3088705815412927,8.455631988510236e-28,0.3088705815412927,0
1496,235,0.3092220060032475,1.5020241650070723e-28,0.3092220060032475,0
1257,201,0.3094236150735792,2.928508452354982e-30,0.3094236150735792,0
2321,281,0.3102854791127535,8.784914535657316e-29,0.3102854791127535,0
2075,270,0.3112805303769507,5.680891685164823e-24,0.3112805303769507,0
2652,298,0.3113833439948665,1.0142871568733388e-30,0.3113833439948665,0
1629,247,0.3123065984786506,6.590791384412802e-24,0.3123065984786506,0
462,73,0.3128667989779893,1.679355830683488e-26,0.3128667989779893,0
2412,286,0.31296747275360703,3.7282029548774426e-28,0.31296747275360703,0
3511,463,0.3130449787790269,2.3839198970416273e-30,0.3130449787790269,0
830,127,0.3137402902778252,5.325874746636758e-25,0.3137402902778252,0
1281,207,0.3147332526194861,6.553762922326039e-25,0.3147332526194861,0
512,80,0.31535988840506196,2.9127952039737127e-29,0.31535988840506196,0
1632,247,0.3155098460154571,6.590791384412802e-24,0.3155098460154571,0
1041,165,0.31593685198474597,3.9064273808574105e-24,0.31593685198474597,0
1037,164,0.31603929317249196,1.8137271960548868e-23,0.31603929317249196,0
282,42,0.31653972534665026,2.7724024748023268e-30,0.31653972534665026,0
3072,317,0.3166216122750517,1.6424145040209993e-28,0.3166216122750517,0
3281,452,0.316771720277931,5.941349408358543e-24,0.316771720277931,0
3029,314,0.3167783477097974,1.8188522307993302e-29,0.3167783477097974,0
2556,293,0.31685800818539755,2.2904022022242663e-25,0.31685800818539755,0
1799,257,0.3169812320195085,1.6759273083987564e-26,0.3169812320195085,0
2341,282,0.31698546477378203,2.0130041089721442e-28,0.31698546477378203,0
457,72,0.3170872880464284,4.1531917821118835e-26,0.3170872880464284,0
97,26,0.31722374030748873,3.434509175098565e-24,0.31722374030748873,0
2791,305,0.31727040908477844,7.150180119874699e-25,0.31727040908477844,0
2146,273,0.31745023445890647,6.846821228054287e-26,0.31745023445890647,0
1519,239,0.31840754595761417,8.193117360888574e-30,0.31840754595761417,0
3665,487,0.31842870035484655,2.9883249935968477e-24,0.31842870035484655,0
2429,286,0.3198858652886301,3.7282029548774426e-28,0.3198858652886301,0
1848,259,0.3200249643131459,2.7057471472795516e-26,0.3200249643131459,0
2901,310,0.32102124505271445,5.841796292696324e-27,0.32102124505271445,0
3774,489,0.32108700000039847,4.7018978326794854e-30,0.32108700000039847,0
1442,232,0.32112574900907714,9.418268411727729e-27,0.32112574900907714,0
3220,444,0.3211851059659251,3.2308369680466237e-28,0.3211851059659251,0
2182,273,0.32122545842984074,6.846821228054287e-26,0.32122545842984074,0
3561,480,0.3219485402787575,1.0939454433960173e-25,0.3219485402787575,0
1307,210,0.32200159761115943,2.7950651799215533e-26,0.32200159761115943,0
2208,274,0.32212900180351495,2.4989340008632977e-26,0.32212900180351495,0
2570,293,0.3228381586682968,2.2904022022242663e-25,0.3228381586682968,0
198,36,0.3230291018759888,3.3315275612497254e-28,0.3230291018759888,0
2810,306,0.3232535559523325,2.1132916639841704e-26,0.3232535559523325,0
1188,191,0.32425596750579516,1.7571561589824764e-26,0.32425596750579516,0
1828,258,0.3257088563012965,1.1144489704144987e-26,0.3257088563012965,0
1227,196,0.32640544688840206,1.4034072219554553e-28,0.32640544688840206,0
1814,258,0.32654150899302575,1.1144489704144987e-26,0.32654150899302575,0
2019,267,0.3265977779530538,3.342515927077984e-27,0.3265977779530538,0
620,97,0.3272155340029538,2.394092635032564e-28,0.3272155340029538,0
1415,229,0.32786219909403486,1.2323188017867336e-25,0.32786219909403486,0
1643,248,0.3284408653600241,2.3688774486805515e-24,0.3284408653600241,0
2165,273,0.32946419209812816,6.846821228054287e-26,0.32946419209812816,0
486,76,0.32947035294133764,9.267913989665761e-28,0.32947035294133764,0
3596,481,0.32981522460655205,8.455631988510236e-28,0.32981522460655205,0
1494,235,0.3299187129715858,1.5020241650070723e-28,0.3299187129715858,0
2638,298,0.3299223054788146,1.0142871568733388e-30,0.3299223054788146,0
1781,256,0.3303480036787688,6.915397280774362e-27,0.3303480036787688,0
2879,309,0.3305924036336422,1.2246685840617077e-29,0.3305924036336422,0
2568,293,0.33083756873683423,2.2904022022242663e-25,0.33083756873683423,0
1762,255,0.3314293931178147,1.7581895029642372e-27,0.3314293931178147,0
722,111,0.3318925670128459,3.808193158573831e-26,0.3318925670128459,0
3415,462,0.33269669559843845,7.0960596185736065e-28,0.33269669559843845,0
748,115,0.33353030881888496,1.0452387530471865e-27,0.33353030881888496,0
2626,298,0.3336179816232641,1.0142871568733388e-30,0.3336179816232641,0
1870,260,0.3336325646584676,6.96954218181326e-26,0.3336325646584676,0
3071,317,0.33396550129390196,1.6424145040209993e-28,0.33396550129390196,0
1111,176,0.33456453214546134,1.056206019351643e-28,0.33456453214546134,0
920,144,0.3347345156659365,1.0501681444282721e-23,0.3347345156659365,0
270,42,0.3352200086596655,2.7724024748023268e-30,0.3352200086596655,0
2862,309,0.3359180797991231,1.2246685840617077e-29,0.3359180797991231,0
2822,306,0.3364608931076647,2.1132916639841704e-26,0.3364608931076647,0
1723,253,0.3366988515847006,1.4637357022017424e-24,0.3366988515847006,0
3739,488,0.3393317721761561,6.268646962691018e-26,0.3393317721761561,0
3434,462,0.33936326858464294,7.0960596185736065e-28,0.33936326858464294,0
815,125,0.3398507247011447,2.100549707762467e-24,0.3398507247011447,0
2847,308,0.34078608606375993,2.552969471959978e-29,0.34078608606375993,0
2364,284,0.3413996327381521,8.690851390067876e-30,0.3413996327381521,0
875,135,0.3419429859313521,6.726795241245832e-28,0.3419429859313521,0
2591,294,0.34263721305990746,2.8640894165112103e-25,0.34263721305990746,0
3380,454,0.3426727301017448,4.348567572686123e-30,0.3426727301017448,0
2263,276,0.34308146740689127,1.8526917135139477e-26,0.34308146740689127,0
1549,245,0.343322791728206,4.4503102314880855e-25,0.343322791728206,0
758,116,0.344017124084446,4.126739883289571e-28,0.344017124084446,0
2409,285,0.3446478208155753,1.7971464052924428e-29,0.3446478208155753,0
2797,305,0.3454629898889406,7.150180119874699e-25,0.3454629898889406,0
1859,259,0.34601043310780283,2.7057471472795516e-26,0.34601043310780283,0
2369,284,0.34622993936849117,8.690851390067876e-30,0.34622993936849117,0
387,57,0.3472274477117956,1.543778336565259e-28,0.3472274477117956,0
2247,275,0.3473234035100972,1.1005624669508466e-26,0.3473234035100972,0
3155,443,0.3475951399851702,1.9721031459475644e-32,0.3475951399851702,0
1390,225,0.3479866139893015,3.1754299703047337e-24,0.3479866139893015,0
3300,453,0.3482258802570177,5.656385692464863e-26,0.3482258802570177,0
2835,307,0.34847435446624847,3.448863125291685e-29,0.34847435446624847,0
3657,487,0.348603309026029,2.9883249935968477e-24,0.348603309026029,0
471,74,0.3492924710071508,6.841446507141857e-27,0.3492924710071508,0
906,139,0.34948315451603773,2.1886718129005456e-29,0.34948315451603773,0
594,92,0.349653247743621,2.548819257616288e-26,0.349653247743621,0
1391,225,0.3496667541579221,3.1754299703047337e-24,0.3496667541579221,0
2055,269,0.34973660544540713,1.5639571397838467e-21,0.34973660544540713,0
1756,254,0.3497601941322955,4.444272633072384e-25,0.3497601941322955,0
3338,454,0.35029451325247446,4.348567572686123e-30,0.35029451325247446,0
1367,223,0.3514836322758143,1.2352978815231965e-24,0.3514836322758143,0
244,39,0.3521763270640272,4.997355662782886e-29,0.3521763270640272,0
3675,487,0.3523491499690825,2.9883249935968477e-24,0.3523491499690825,0
2194,274,0.3526353755506328,2.4989340008632977e-26,0.3526353755506328,0
2515,290,0.3530108665996343,2.4717911348676296e-29,0.3530108665996343,0
180,34,0.3537432597024894,8.515450199322579e-27,0.3537432597024894,0
1837,258,0.35385339576707087,1.1144489704144987e-26,0.35385339576707087,0
216,36,0.3540170458277872,3.3315275612497254e-28,0.3540170458277872,0
1433,231,0.3549105545865915,2.0294965234377386e-26,0.3549105545865915,0
1002,156,0.35512155511071014,1.7181078690332215e-28,0.35512155511071014,0
505,79,0.3552310545002992,6.054852193262741e-29,0.3552310545002992,0
1450,233,0.3553812526552721,8.935279372039365e-28,0.3553812526552721,0
470,74,0.3557060500383935,6.841446507141857e-27,0.3557060500383935,0
3390,454,0.35593580927829727,4.348567572686123e-30,0.35593580927829727,0
3170,444,0.35682390621867544,3.2308369680466237e-28,0.35682390621867544,0
3600,481,0.3570548570351332,8.455631988510236e-28,0.3570548570351332,0
1085,172,0.3576127544841432,4.389150276373688e-27,0.3576127544841432,0
1882,260,0.35796717065117944,6.96954218181326e-26,0.35796717065117944,0
854,131,0.35854420690006694,2.4165389839157217e-26,0.35854420690006694,0
492,76,0.35906037861326734,9.267913989665761e-28,0.35906037861326734,0
2170,273,0.35923310778720213,6.846821228054287e-26,0.35923310778720213,0
648,100,0.35925622619718495,2.0731152394051775e-29,0.35925622619718495,0
1070,170,0.3604224033372333,2.6084578974784926e-26,0.3604224033372333,0
951,149,0.36071020108548035,9.15925207038861e-26,0.36071020108548035,0
3594,481,0.3608117397291061,8.455631988510236e-28,0.3608117397291061,0
3034,315,0.3609112065061631,1.02523651693438e-29,0.3609112065061631,0
757,116,0.3618756845770893,4.126739883289571e-28,0.3618756845770893,0
2020,267,0.3619508392347563,3.342515927077984e-27,0.3619508392347563,0
78,18,0.36239983519660596,3.940083183919697e-34,0.36239983519660596,0
281,42,0.36390582333292165,2.7724024748023268e-30,0.36390582333292165,0
3037,315,0.3641659292378867,1.02523651693438e-29,0.3641659292378867,0
231,37,0.3641863664284344,1.2393209547689106e-28,0.3641863664284344,0
2533,291,0.3645046544861257,7.556088463223721e-29,0.3645046544861257,0
3195,444,0.36504296497230226,3.2308369680466237e-28,0.36504296497230226,0
2438,286,0.36542656526474965,3.7282029548774426e-28,0.36542656526474965,0
3731,488,0.3659149076872715,6.268646962691018e-26,0.3659149076872715,0
1726,254,0.36720421274374837,4.444272633072384e-25,0.36720421274374837,0
2487,289,0.36741142347142386,4.7304259428668575e-27,0.36741142347142386,0
296,46,0.36783779573388653,4.2530202314216874e-24,0.36783779573388653,0
1358,218,0.3686290094694278,2.051683196669729e-29,0.3686290094694278,0
3551,480,0.3689492078590938,1.0939454433960173e-25,0.3689492078590938,0
437,69,0.3699852946048807,9.495501537511425e-25,0.3699852946048807,0
998,156,0.37001187174508154,1.7181078690332215e-28,0.37001187174508154,0
579,91,0.37037414442504085,6.430096136261102e-26,0.37037414442504085,0
1591,246,0.3708838510676683,1.5976570676742676e-24,0.3708838510676683,0
1198,191,0.37179621821534775,1.7571561589824764e-26,0.37179621821534775,0
966,151,0.3718978856365266,1.6046080125001814e-26,0.3718978856365266,0
3013,314,0.37202369997782847,1.8188522307993302e-29,0.37202369997782847,0
2775,305,0.37208411282107157,7.150180119874699e-25,0.37208411282107157,0
1969,263,0.3722786721363081,1.7038964594948676e-23,0.3722786721363081,0
2054,269,0.37297570908792915,1.5639571397838467e-21,0.37297570908792915,0
3579,481,0.37312147870242834,8.455631988510236e-28,0.37312147870242834,0
732,113,0.3733628334569834,6.522364782853238e-27,0.3733628334569834,0
2738,304,0.37346310345939354,1.3430007815748096e-23,0.37346310345939354,0
3692,487,0.37640004114264086,2.9883249935968477e-24,0.37640004114264086,0
3310,453,0.3773514450411488,5.656385692464863e-26,0.3773514450411488,0
3676,487,0.3780288739028511,2.9883249935968477e-24,0.3780288739028511,0
2447,287,0.37810481050714795,9.771942072742383e-28,0.37810481050714795,0
1080,171,0.37887633303545837,1.0789651253395371e-26,0.37887633303545837,0
1336,214,0.3794135728046105,4.723750617674512e-28,0.3794135728046105,0
343,51,0.3797459009414453,6.611570480671493e-26,0.3797459009414453,0
1556,245,0.38086702220628504,4.4503102314880855e-25,0.38086702220628504,0
1261,203,0.3810342340252308,2.1284000530485597e-24,0.3810342340252308,0
3701,487,0.38125502893371976,2.9883249935968477e-24,0.38125502893371976,0
2984,312,0.38159511623575487,7.060426745125837e-28,0.38159511623575487,0
1861,259,0.38260665636140573,2.7057471472795516e-26,0.38260665636140573,0
2128,272,0.3828187851389228,5.720281144305475e-25,0.3828187851389228,0
2242,275,0.383190582728303,1.1005624669508466e-26,0.383190582728303,0
1044,166,0.3835431285282127,1.2409558305177269e-24,0.3835431285282127,0
186,35,0.3835622136174407,9.245200704131146e-28,0.3835622136174407,0
1038,164,0.3836360587550662,1.8137271960548868e-23,0.3836360587550662,0
3313,453,0.38416840615994874,5.656385692464863e-26,0.38416840615994874,0
285,42,0.38417707126043393,2.7724024748023268e-30,0.38417707126043393,0
1633,247,0.3842787570674134,6.590791384412802e-24,0.3842787570674134,0
3625,481,0.3845344748075398,8.455631988510236e-28,0.3845344748075398,0
703,110,0.38500657078738565,9.119426388820319e-26,0.38500657078738565,0
2156,273,0.38535806148880486,6.846821228054287e-26,0.38535806148880486,0
2723,302,0.38570631156999513,2.8645236639957e-20,0.38570631156999513,0
741,114,0.38589712171203927,2.641973918939006e-27,0.38589712171203927,0
2704,301,0.3864432756529334,2.711902352452219e-29,0.3864432756529334,0
3285,452,0.38687441285740326,5.941349408358543e-24,0.38687441285740326,0
1646,248,0.3876828925125231,2.3688774486805515e-24,0.3876828925125231,0
2378,284,0.3881615719362009,8.690851390067876e-30,0.3881615719362009,0
1449,233,0.388354170289495,8.935279372039365e-28,0.388354170289495,0
1822,258,0.3885551864023722,1.1144489704144987e-26,0.3885551864023722,0
2725,303,0.3886136942328882,2.4138211685067403e-22,0.3886136942328882,0
1620,247,0.3891848223478578,6.590791384412802e-24,0.3891848223478578,0
2078,270,0.38950300008103284,5.680891685164823e-24,0.38950300008103284,0
1980,264,0.3900699049019421,1.6143718647223145e-21,0.3900699049019421,0
586,92,0.3901361344849088,2.548819257616288e-26,0.3901361344849088,0
41,11,0.39066644355221736,1.7574627201916346e-23,0.39066644355221736,0
1372,224,0.3912873447402103,2.46131712388156e-24,0.3912873447402103,0
466,74,0.39130961144997084,6.841446507141857e-27,0.39130961144997084,0
3522,463,0.39151221248936346,2.3839198970416273e-30,0.39151221248936346,0
3636,482,0.3921815842689133,2.40942947817167e-30,0.3921815842689133,0
482,75,0.3922269655608363,2.5968702005436032e-27,0.3922269655608363,0
3532,463,0.39281861714864275,2.3839198970416273e-30,0.39281861714864275,0
309,47,0.3929463101050022,3.2653298563260655e-24,0.3929463101050022,0
1413,229,0.39312308457344236,1.2323188017867336e-25,0.39312308457344236,0
1258,203,0.3942405447840674,2.1284000530485597e-24,0.3942405447840674,0
743,114,0.3944406663602228,2.641973918939006e-27,0.3944406663602228,0
1917,261,0.39457993403434105,5.3624751969882235e-25,0.39457993403434105,0
3142,320,0.39469845702228495,4.0925210459649844e-29,0.39469845702228495,0
2494,290,0.39489467791088034,2.4717911348676296e-29,0.39489467791088034,0
2881,309,0.3956755346678466,1.2246685840617077e-29,0.3956755346678466,0
3542,463,0.39582696615411045,2.3839198970416273e-30,0.39582696615411045,0
1818,258,0.395848152373667,1.1144489704144987e-26,0.395848152373667,0
1373,224,0.3960097101112383,2.46131712388156e-24,0.3960097101112383,0
2692,301,0.39686399901692976,2.711902352452219e-29,0.39686399901692976,0
3125,319,0.39757813695940347,1.5230842608637033e-29,0.39757813695940347,0
1698,252,0.39761830614266763,3.680203867121252e-24,0.39761830614266763,0
3229,445,0.39913695921659875,1.8479717796752564e-28,0.39913695921659875,0
3498,463,0.3993561585558789,2.3839198970416273e-30,0.3993561585558789,0
3002,314,0.39941718990063924,1.8188522307993302e-29,0.39941718990063924,0
3430,462,0.39950951778666144,7.0960596185736065e-28,0.39950951778666144,0
1421,229,0.3997878667286546,1.2323188017867336e-25,0.3997878667286546,0
2007,266,0.4004366622628253,1.3929564889003732e-27,0.4004366622628253,0
1375,224,0.4025133436326118,2.46131712388156e-24,0.4025133436326118,0
659,105,0.4026202322779926,1.0989909935396408e-23,0.4026202322779926,0
1617,247,0.4034940169844768,6.590791384412802e-24,0.4034940169844768,0
1120,177,0.40432840139357723,4.747098781450552e-29,0.40432840139357723,0
3547,463,0.4047459390764246,2.3839198970416273e-30,0.4047459390764246,0
1530,239,0.40490597222088304,8.193117360888574e-30,0.40490597222088304,0
1626,247,0.4050850238270314,6.590791384412802e-24,0.4050850238270314,0
1683,251,0.40527525812433185,5.641995891267915e-24,0.40527525812433185,0
3443,462,0.4053147596840819,7.0960596185736065e-28,0.4053147596840819,0
3266,452,0.40574583730521246,5.941349408358543e-24,0.40574583730521246,0
1659,249,0.40576742024589874,1.163477174492006e-24,0.40576742024589874,0
2710,301,0.40610121164712015,2.711902352452219e-29,0.40610121164712015,0
674,107,0.4064122110598098,1.125986908220385e-24,0.4064122110598098,0
1852,259,0.4068199216581351,2.7057471472795516e-26,0.4068199216581351,0
3156,443,0.4069361918212232,1.9721031459475644e-32,0.4069361918212232,0
3087,317,0.40703510838930296,1.6424145040209993e-28,0.40703510838930296,0
286,43,0.40721927368349264,7.318896060890725e-31,0.40721927368349264,0
1428,230,0.407332981980873,4.272233531977154e-26,0.407332981980873,0
1218,195,0.4078464962438966,3.462060555518425e-28,0.4078464962438966,0
1527,239,0.40797556318131584,8.193117360888574e-30,0.40797556318131584,0
2314,280,0.4094208873322316,1.7713524530467065e-29,0.4094208873322316,0
3475,462,0.40960015480061834,7.0960596185736065e-28,0.40960015480061834,0
2100,270,0.41042056966228246,5.680891685164823e-24,0.41042056966228246,0
3778,489,0.411934373842543,4.7018978326794854e-30,0.411934373842543,0
1165,187,0.41202677148464123,9.554209226484225e-25,0.41202677148464123,0
3602,481,0.41205874269043696,8.455631988510236e-28,0.41205874269043696,0
174,32,0.4121415307100216,4.0507377925248253e-26,0.4121415307100216,0
2202,274,0.41249164970390284,2.4989340008632977e-26,0.41249164970390284,0
2804,306,0.4126354866559468,2.1132916639841704e-26,0.4126354866559468,0
12,5,0.41271053544085173,2.13853008760558e-32,0.41271053544085173,0
2531,291,0.41289177881296973,7.556088463223721e-29,0.41289177881296973,0
256,41,0.41296582476660865,8.061278130251574e-30,0.41296582476660865,0
2271,277,0.41323370393757297,7.70724031847695e-27,0.41323370393757297,0
2277,277,0.4141708001876391,7.70724031847695e-27,0.4141708001876391,0
2708,301,0.4142471190855747,2.711902352452219e-29,0.4142471190855747,0
2071,270,0.415082804407168,5.680891685164823e-24,0.415082804407168,0
1461,233,0.4152446410348472,8.935279372039365e-28,0.4152446410348472,0
1131,179,0.41578363507504096,9.894748957632274e-30,0.41578363507504096,0
1924,261,0.4162535459990383,5.3624751969882235e-25,0.4162535459990383,0
1149,185,0.4171573524176515,6.631892322011052e-24,0.4171573524176515,0
2224,275,0.41767125177218967,1.1005624669508466e-26,0.41767125177218967,0
263,41,0.4178859536586242,8.061278130251574e-30,0.4178859536586242,0
1318,211,0.41826038971255786,1.2460459650610107e-26,0.41826038971255786,0
3382,454,0.4188653787476114,4.348567572686123e-30,0.4188653787476114,0
3647,482,0.42011748303748775,2.40942947817167e-30,0.42011748303748775,0
1294,208,0.42049525893623996,2.1218461822302216e-25,0.42049525893623996,0
2414,286,0.4207459334483808,3.7282029548774426e-28,0.4207459334483808,0
950,149,0.4214069346734743,9.15925207038861e-26,0.4214069346734743,0
2450,287,0.4219538220565138,9.771942072742383e-28,0.4219538220565138,0
1717,253,0.421971325573694,1.4637357022017424e-24,0.421971325573694,0
3748,488,0.42257250491418724,6.268646962691018e-26,0.42257250491418724,0
2662,299,0.42273724225549386,6.365457717198363e-46,0.42273724225549386,0
427,68,0.42278871882694935,2.6105407066561004e-24,0.42278871882694935,0
438,69,0.4231205375620488,9.495501537511425e-25,0.4231205375620488,0
625,98,0.423366778832566,1.0029595201287881e-28,0.423366778832566,0
3720,487,0.4245794010954334,2.9883249935968477e-24,0.4245794010954334,0
3658,487,0.42461163071785685,2.9883249935968477e-24,0.42461163071785685,0
3708,487,0.42495512275210473,2.9883249935968477e-24,0.42495512275210473,0
629,99,0.4253013692857167,4.4956070198971693e-29,0.4253013692857167,0
2008,266,0.42577030774917596,1.3929564889003732e-27,0.42577030774917596,0
2770,305,0.4261182725083064,7.150180119874699e-25,0.4261182725083064,0
3703,487,0.4264297604167484,2.9883249935968477e-24,0.4264297604167484,0
3352,454,0.42676675379406753,4.348567572686123e-30,0.42676675379406753,0
981,153,0.427067765004967,2.7011544412473964e-27,0.427067765004967,0
881,136,0.42803029602449844,2.710166873975015e-28,0.42803029602449844,0
71,17,0.4293864741591147,4.258078492220581e-28,0.4293864741591147,0
3321,453,0.4294208561269362,5.656385692464863e-26,0.4294208561269362,0
3138,320,0.4295765142377123,4.0925210459649844e-29,0.4295765142377123,0
3717,487,0.42973766595822305,2.9883249935968477e-24,0.42973766595822305,0
1590,246,0.430211962312488,1.5976570676742676e-24,0.430211962312488,0
1524,239,0.43041460431274714,8.193117360888574e-30,0.43041460431274714,0
3264,452,0.43081721304890697,5.941349408358543e-24,0.43081721304890697,0
700,110,0.43191822024126447,9.119426388820319e-26,0.43191822024126447,0
2585,294,0.43204574116716726,2.8640894165112103e-25,0.43204574116716726,0
1193,191,0.4327418736293958,1.7571561589824764e-26,0.4327418736293958,0
47,12,0.4339697943193031,1.6892265704665233e-23,0.4339697943193031,0
1175,189,0.43405241284222296,1.1490887600382912e-25,0.43405241284222296,0
442,70,0.43452272580056495,3.349143510606433e-25,0.43452272580056495,0
3769,489,0.4350009313185198,4.7018978326794854e-30,0.4350009313185198,0
2398,285,0.43566022058898984,1.7971464052924428e-29,0.43566022058898984,0
362,54,0.43617248269129855,4.3270289724004855e-27,0.43617248269129855,0
3081,317,0.4364149492762205,1.6424145040209993e-28,0.4364149492762205,0
3332,454,0.436448237174767,4.348567572686123e-30,0.436448237174767,0
384,57,0.4366668951403666,1.543778336565259e-28,0.4366668951403666,0
1563,245,0.43716221860598253,4.4503102314880855e-25,0.43716221860598253,0
3210,444,0.4371824430566733,3.2308369680466237e-28,0.4371824430566733,0
2679,301,0.4375242661975638,2.711902352452219e-29,0.4375242661975638,0
2677,300,0.43794868134382836,3.2576137516329277e-41,0.43794868134382836,0
1432,231,0.438678577769501,2.0294965234377386e-26,0.438678577769501,0
1854,259,0.43885756817884997,2.7057471472795516e-26,0.43885756817884997,0
3345,454,0.43891626235197845,4.348567572686123e-30,0.43891626235197845,0
3406,461,0.4392633727326309,4.1238349233958415e-25,0.4392633727326309,0
3144,443,0.439598156188173,1.9721031459475644e-32,0.439598156188173,0
1036,163,0.44037626817192327,8.831456170418108e-25,0.44037626817192327,0
3205,444,0.4408314636255089,3.2308369680466237e-28,0.4408314636255089,0
1252,200,0.44173671996604824,6.44586352796057e-30,0.44173671996604824,0
628,98,0.4418789247488269,1.0029595201287881e-28,0.4418789247488269,0
2495,290,0.44271423922666103,2.4717911348676296e-29,0.44271423922666103,0
1128,178,0.4431445325881676,2.1751882596312074e-29,0.4431445325881676,0
255,41,0.44335184549492623,8.061278130251574e-30,0.44335184549492623,0
988,154,0.44336056876925833,1.0675400449546731e-27,0.44336056876925833,0
488,76,0.44372656120563986,9.267913989665761e-28,0.44372656120563986,0
2470,288,0.4453993036788454,1.93493969726597e-27,0.4453993036788454,0
3168,444,0.4457664203810768,3.2308369680466237e-28,0.4457664203810768,0
2289,278,0.44587231283976886,1.862495501842197e-27,0.44587231283976886,0
3401,461,0.44598952597019775,4.1238349233958415e-25,0.44598952597019775,0
957,150,0.4466753709154759,3.841562158646549e-26,0.4466753709154759,0
894,138,0.4468165584376752,4.8862176866169435e-29,0.4468165584376752,0
1833,258,0.44689043137499507,1.1144489704144987e-26,0.44689043137499507,0
213,36,0.4469083462559058,3.3315275612497254e-28,0.4469083462559058,0
3265,452,0.4493880593468527,5.941349408358543e-24,0.4493880593468527,0
3759,489,0.4494200326831459,4.7018978326794854e-30,0.4494200326831459,0
869,134,0.44972716404590357,1.6870286023134237e-27,0.44972716404590357,0
332,50,0.45009937233108466,2.0912112070604913e-25,0.45009937233108466,0
684,108,0.4501306613711449,4.880097450743139e-25,0.4501306613711449,0
1823,258,0.45082904645322597,1.1144489704144987e-26,0.45082904645322597,0
773,119,0.45083629431523276,3.1819736534466136e-29,0.45083629431523276,0
2219,274,0.45085901145715107,2.4989340008632977e-26,0.45085901145715107,0
3662,487,0.45139680312627883,2.9883249935968477e-24,0.45139680312627883,0
3349,454,0.4517112668984162,4.348567572686123e-30,0.4517112668984162,0
796,122,0.4518048105721515,3.097357941633308e-30,0.4518048105721515,0
1072,170,0.4523997534805749,2.6084578974784926e-26,0.4523997534805749,0
2034,267,0.4527588205550926,3.342515927077984e-27,0.4527588205550926,0
3089,317,0.4537809327696013,1.6424145040209993e-28,0.4537809327696013,0
1083,172,0.45453408415104674,4.389150276373688e-27,0.45453408415104674,0
3650,482,0.4551278141211702,2.40942947817167e-30,0.4551278141211702,0
2507,290,0.4556354302689856,2.4717911348676296e-29,0.4556354302689856,0
1495,235,0.45670686009124756,1.5020241650070723e-28,0.45670686009124756,0
2312,280,0.45693614035364283,1.7713524530467065e-29,0.45693614035364283,0
95,26,0.45712582246331473,3.434509175098565e-24,0.45712582246331473,0
1573,245,0.45741675329152975,4.4503102314880855e-25,0.45741675329152975,0
3404,461,0.45751171008204955,4.1238349233958415e-25,0.45751171008204955,0
1853,259,0.4576998176494042,2.7057471472795516e-26,0.4576998176494042,0
303,47,0.4579238934644525,3.2653298563260655e-24,0.4579238934644525,0
2941,311,0.45855243711126464,1.3917620038740118e-27,0.45855243711126464,0
2758,305,0.4585600157144205,7.150180119874699e-25,0.4585600157144205,0
1616,247,0.46000620614001597,6.590791384412802e-24,0.46000620614001597,0
349,52,0.460330969751922,2.667822414165198e-26,0.460330969751922,0
890,137,0.4617608064667748,1.1275743471070136e-28,0.4617608064667748,0
2082,270,0.46197164718072714,5.680891685164823e-24,0.46197164718072714,0
2086,270,0.4620097631594517,5.680891685164823e-24,0.4620097631594517,0
3724,487,0.4622401099919354,2.9883249935968477e-24,0.4622401099919354,0
1163,187,0.46371477674460576,9.554209226484225e-25,0.46371477674460576,0
2148,273,0.4642212309279634,6.846821228054287e-26,0.4642212309279634,0
983,153,0.46443189159347503,2.7011544412473964e-27,0.46443189159347503,0
987,154,0.46496101440398296,1.0675400449546731e-27,0.46496101440398296,0
2359,284,0.46509805855680453,8.690851390067876e-30,0.46509805855680453,0
2615,296,0.4651592159072858,4.2115493424662025e-22,0.4651592159072858,0
558,89,0.46528179595951435,4.477668575855958e-25,0.46528179595951435,0
3466,462,0.46657268560802445,7.0960596185736065e-28,0.46657268560802445,0
1727,254,0.467562598347018,4.444272633072384e-25,0.467562598347018,0
2106,271,0.46796726506981745,1.827221969249202e-24,0.46796726506981745,0
1028,160,0.4679780675053107,6.784747056255832e-30,0.4679780675053107,0
2659,299,0.468715470730505,6.365457717198363e-46,0.468715470730505,0
1719,253,0.46895145850401665,1.4637357022017424e-24,0.46895145850401665,0
3335,454,0.4690667414349818,4.348567572686123e-30,0.4690667414349818,0
3543,463,0.4693063694779537,2.3839198970416273e-30,0.4693063694779537,0
2267,277,0.46937274153190073,7.70724031847695e-27,0.46937274153190073,0
3635,482,0.4693764315008793,2.40942947817167e-30,0.4693764315008793,0
2201,274,0.4699331626523749,2.4989340008632977e-26,0.4699331626523749,0
1952,263,0.4700077922332939,1.7038964594948676e-23,0.4700077922332939,0
1834,258,0.47054804506427206,1.1144489704144987e-26,0.47054804506427206,0
2360,284,0.47184377700607416,8.690851390067876e-30,0.47184377700607416,0
3307,453,0.4735736155954538,5.656385692464863e-26,0.4735736155954538,0
2475,289,0.47359972321428484,4.7304259428668575e-27,0.47359972321428484,0
2096,270,0.47363987057213186,5.680891685164823e-24,0.47363987057213186,0
1628,247,0.4746539885528824,6.590791384412802e-24,0.4746539885528824,0
831,127,0.474761360068736,5.325874746636758e-25,0.474761360068736,0
3559,480,0.4752033562138166,1.0939454433960173e-25,0.4752033562138166,0
1360,219,0.47536493861505225,9.087584910223158e-30,0.47536493861505225,0
94,26,0.47578989920064246,3.434509175098565e-24,0.47578989920064246,0
1509,237,0.47636813715617415,5.7106235911848e-29,0.47636813715617415,0
30,7,0.4765907607657323,1.3968615128679976e-28,0.4765907607657323,0
1124,178,0.4774528975582771,2.1751882596312074e-29,0.4774528975582771,0
1540,243,0.4785727679278519,6.385505771004079e-29,0.4785727679278519,0
3186,444,0.47890150733861786,3.2308369680466237e-28,0.47890150733861786,0
1503,236,0.4793517894751808,7.745544653856944e-29,0.4793517894751808,0
3078,317,0.4795665760065826,1.6424145040209993e-28,0.4795665760065826,0
2239,275,0.4796965383051095,1.1005624669508466e-26,0.4796965383051095,0
56,13,0.48012576197637535,1.3418405923928862e-28,0.48012576197637535,0
954,149,0.4805632773505723,9.15925207038861e-26,0.4805632773505723,0
769,118,0.4807263912137503,7.151086083211925e-29,0.4807263912137503,0
2001,266,0.48075587712145584,1.3929564889003732e-27,0.48075587712145584,0
3544,463,0.48088893468988797,2.3839198970416273e-30,0.48088893468988797,0
2458,287,0.4812892832128861,9.771942072742383e-28,0.4812892832128861,0
1194,191,0.48154128823727377,1.7571561589824764e-26,0.48154128823727377,0
2112,271,0.4815646202093204,1.827221969249202e-24,0.4815646202093204,0
3291,452,0.4817083711505246,5.941349408358543e-24,0.4817083711505246,0
2,3,0.482337932025899,2.958748368805489e-35,0.482337932025899,0
111,27,0.4824295463986517,2.790083688388882e-24,0.4824295463986517,0
658,105,0.4825828546943077,1.0989909935396408e-23,0.4825828546943077,0
2252,275,0.4831497123905546,1.1005624669508466e-26,0.4831497123905546,0
1740,254,0.48334723538398244,4.444272633072384e-25,0.48334723538398244,0
1687,251,0.4839753015770428,5.641995891267915e-24,0.4839753015770428,0
90,26,0.48400960351700656,3.434509175098565e-24,0.48400960351700656,0
685,108,0.4841600975452783,4.880097450743139e-25,0.4841600975452783,0
2575,293,0.48419521234809293,2.2904022022242663e-25,0.48419521234809293,0
1311,211,0.48451069838555305,1.2460459650610107e-26,0.48451069838555305,0
192,35,0.48514441246520507,9.245200704131146e-28,0.48514441246520507,0
1999,266,0.48523413174504626,1.3929564889003732e-27,0.48523413174504626,0
2225,275,0.488004522629428,1.1005624669508466e-26,0.488004522629428,0
2375,284,0.488171309038367,8.690851390067876e-30,0.488171309038367,0
99,26,0.4886312842383967,3.434509175098565e-24,0.4886312842383967,0
1173,189,0.4895280851718637,1.1490887600382912e-25,0.4895280851718637,0
1340,215,0.48989196086267217,1.7017153456724429e-28,0.48989196086267217,0
962,150,0.49088423944164794,3.841562158646549e-26,0.49088423944164794,0
3733,488,0.49110828357429975,6.268646962691018e-26,0.49110828357429975,0
3062,316,0.49134129476122723,7.29440699277306e-29,0.49134129476122723,0
363,54,0.49183949532312343,4.3270289724004855e-27,0.49183949532312343,0
472,74,0.4925313167195351,6.841446507141857e-27,0.4925313167195351,0
2991,313,0.4925713450877811,6.538299196927555e-29,0.4925713450877811,0
1918,261,0.4926089117187335,5.3624751969882235e-25,0.4926089117187335,0
574,91,0.49322688799147346,6.430096136261102e-26,0.49322688799147346,0
941,148,0.49346660011984966,2.1454217678611788e-25,0.49346660011984966,0
1208,193,0.49420952333679025,2.778763704124638e-27,0.49420952333679025,0
2870,309,0.494513664899019,1.2246685840617077e-29,0.494513664899019,0
2329,281,0.49509041780646884,8.784914535657316e-29,0.49509041780646884,0
1065,169,0.49562876350739876,6.501614187769038e-26,0.49562876350739876,0
2943,312,0.4960655953186099,7.060426745125837e-28,0.4960655953186099,0
2625,298,0.4973712331575382,1.0142871568733388e-30,0.4973712331575382,0
737,113,0.49740752651087367,6.522364782853238e-27,0.49740752651087367,0
1138,183,0.49802969550518456,1.5731039681545641e-24,0.49802969550518456,0
20,6,0.4988328299264314,1.22103787351875e-27,0.4988328299264314,0
2027,267,0.4997659353997799,3.342515927077984e-27,0.4997659353997799,0
3261,452,0.49999973629411715,5.941349408358543e-24,0.49999973629411715,0
212,36,0.5003092346505496,3.3315275612497254e-28,0.5003092346505496,0
160,31,0.5004796930688952,1.151048346431841e-25,0.5004796930688952,0
2355,283,0.5011577064300058,8.445953877778205e-29,0.5011577064300058,0
2094,270,0.5012076362974841,5.680891685164823e-24,0.5012076362974841,0
1547,244,0.5021220516850362,7.25043255573421e-29,0.5021220516850362,0
1279,206,0.5027552117458147,1.5697266606356678e-24,0.5027552117458147,0
595,93,0.5028366814045083,1.0399976766631336e-26,0.5028366814045083,0
298,46,0.5029045491451487,4.2530202314216874e-24,0.5029045491451487,0
1329,213,0.5029616452303219,1.470386282121271e-27,0.5029616452303219,0
2176,273,0.5029746161481734,6.846821228054287e-26,0.5029746161481734,0
2257,276,0.503613206807089,1.8526917135139477e-26,0.503613206807089,0
864,133,0.5043443702855352,4.178242604096822e-27,0.5043443702855352,0
2337,282,0.504408933769529,2.0130041089721442e-28,0.504408933769529,0
2477,289,0.5045084930873935,4.7304259428668575e-27,0.5045084930873935,0
398,59,0.5055306484070422,4.0323765631840256e-29,0.5055306484070422,0
3610,481,0.5055502601588217,8.455631988510236e-28,0.5055502601588217,0
1048,167,0.5056336600192778,4.496968542076425e-25,0.5056336600192778,0
3198,444,0.5059924162438462,3.2308369680466237e-28,0.5059924162438462,0
1359,218,0.5062899187932481,2.051683196669729e-29,0.5062899187932481,0
2858,309,0.5062936702366746,1.2246685840617077e-29,0.5062936702366746,0
663,105,0.5063373879244188,1.0989909935396408e-23,0.5063373879244188,0
3577,481,0.5064828524130506,8.455631988510236e-28,0.5064828524130506,0
279,42,0.5065883593448053,2.7724024748023268e-30,0.5065883593448053,0
560,89,0.5066236805202535,4.477668575855958e-25,0.5066236805202535,0
2451,287,0.5066656192024823,9.771942072742383e-28,0.5066656192024823,0
2204,274,0.5071134389599511,2.4989340008632977e-26,0.5071134389599511,0
1053,167,0.5075379553375053,4.496968542076425e-25,0.5075379553375053,0
1893,260,0.5081959769494026,6.96954218181326e-26,0.5081959769494026,0
3073,317,0.5087355161027349,1.6424145040209993e-28,0.5087355161027349,0
2892,309,0.509378724896294,1.2246685840617077e-29,0.509378724896294,0
1468,234,0.510197911380345,3.806190658616629e-28,0.510197911380345,0
3725,487,0.5105074256922264,2.9883249935968477e-24,0.5105074256922264,0
3727,487,0.5109832330256526,2.9883249935968477e-24,0.5109832330256526,0
2093,270,0.5110453264835755,5.680891685164823e-24,0.5110453264835755,0
1572,245,0.511455410058668,4.4503102314880855e-25,0.511455410058668,0
958,150,0.5115836753468332,3.841562158646549e-26,0.5115836753468332,0
1835,258,0.5120645400752799,1.1144489704144987e-26,0.5120645400752799,0
3788,489,0.5127166914099048,4.7018978326794854e-30,0.5127166914099048,0
92,26,0.5133182735301602,3.434509175098565e-24,0.5133182735301602,0
903,139,0.5135371620096357,2.1886718129005456e-29,0.5135371620096357,0
2942,311,0.5139821306678132,1.3917620038740118e-27,0.5139821306678132,0
3623,481,0.5142910109077513,8.455631988510236e-28,0.5142910109077513,0
2678,301,0.5143789985613867,2.711902352452219e-29,0.5143789985613867,0
2235,275,0.51454165395032,1.1005624669508466e-26,0.51454165395032,0
714,111,0.5151430142311885,3.808193158573831e-26,0.5151430142311885,0
573,90,0.5161385472820618,1.6816710561776673e-25,0.5161385472820618,0
1539,243,0.5165843174738308,6.385505771004079e-29,0.5165843174738308,0
898,138,0.5179948431230652,4.8862176866169435e-29,0.5179948431230652,0
21,6,0.5182322494826711,1.22103787351875e-27,0.5182322494826711,0
2175,273,0.5183590035068916,6.846821228054287e-26,0.5183590035068916,0
3064,316,0.5186734067342931,7.29440699277306e-29,0.5186734067342931,0
2883,309,0.5192091414908524,1.2246685840617077e-29,0.5192091414908524,0
3113,318,0.5200439871023439,6.637070448747963e-29,0.5200439871023439,0
1388,225,0.5203351591252668,3.1754299703047337e-24,0.5203351591252668,0
2947,312,0.5205181908949632,7.060426745125837e-28,0.5205181908949632,0
597,93,0.5209165718254701,1.0399976766631336e-26,0.5209165718254701,0
555,89,0.5213131723092735,4.477668575855958e-25,0.5213131723092735,0
2102,270,0.522100746769462,5.680891685164823e-24,0.522100746769462,0
2848,309,0.5238528354857996,1.2246685840617077e-29,0.5238528354857996,0
1411,229,0.5255387894563043,1.2323188017867336e-25,0.5255387894563043,0
2903,310,0.5255457543255546,5.841796292696324e-27,0.5255457543255546,0
554,88,0.5263444010013547,1.2398616733378169e-24,0.5263444010013547,0
2844,308,0.5264885228772889,2.552969471959978e-29,0.5264885228772889,0
1196,191,0.5292546831548731,1.7571561589824764e-26,0.5292546831548731,0
1122,177,0.5292812249817387,4.747098781450552e-29,0.5292812249817387,0
907,139,0.5298318266136647,2.1886718129005456e-29,0.5298318266136647,0
538,86,0.5303677164573615,1.9349380767961056e-23,0.5303677164573615,0
1023,159,0.5305712750237372,1.4824123429938491e-29,0.5305712750237372,0
2431,286,0.5309296536054021,3.7282029548774426e-28,0.5309296536054021,0
3409,461,0.5310406644946997,4.1238349233958415e-25,0.5310406644946997,0
1512,238,0.5311537111124631,3.4787281063815913e-29,0.5311537111124631,0
559,89,0.5314987440643963,4.477668575855958e-25,0.5314987440643963,0
1776,255,0.5336959875869217,1.7581895029642372e-27,0.5336959875869217,0
247,40,0.5344737508654543,3.1948726159944493e-29,0.5344737508654543,0
190,35,0.5345528822996304,9.245200704131146e-28,0.5345528822996304,0
3044,315,0.5346316178754903,1.02523651693438e-29,0.5346316178754903,0
3139,320,0.5355125656583137,4.0925210459649844e-29,0.5355125656583137,0
42,11,0.5358876121840235,1.7574627201916346e-23,0.5358876121840235,0
1200,192,0.5359629435382605,7.298145784438759e-27,0.5359629435382605,0
1075,170,0.5361731295799235,2.6084578974784926e-26,0.5361731295799235,0
249,41,0.5362343292467353,8.061278130251574e-30,0.5362343292467353,0
1251,200,0.5367534696379554,6.44586352796057e-30,0.5367534696379554,0
449,71,0.5384852856429021,1.137598788283934e-25,0.5384852856429021,0
1926,261,0.538650102597106,5.3624751969882235e-25,0.538650102597106,0
3325,453,0.5389306475984597,5.656385692464863e-26,0.5389306475984597,0
1635,248,0.5389795683767925,2.3688774486805515e-24,0.5389795683767925,0
1178,189,0.5393808990816855,1.1490887600382912e-25,0.5393808990816855,0
1491,235,0.5396339859589313,1.5020241650070723e-28,0.5396339859589313,0
607,94,0.5397504491483851,4.197759342700393e-27,0.5397504491483851,0
1737,254,0.5404795691800189,4.444272633072384e-25,0.5404795691800189,0
2490,290,0.5406011908047484,2.4717911348676296e-29,0.5406011908047484,0
1884,260,0.5417580820951984,6.96954218181326e-26,0.5417580820951984,0
2690,301,0.5419070903032744,2.711902352452219e-29,0.5419070903032744,0
3377,454,0.542386209942494,4.348567572686123e-30,0.542386209942494,0
2303,280,0.5442416160055437,1.7713524530467065e-29,0.5442416160055437,0
2937,311,0.5444079602362866,1.3917620038740118e-27,0.5444079602362866,0
2611,295,0.5451674180599437,3.601852263090341e-23,0.5451674180599437,0
3779,489,0.5453844841450302,4.7018978326794854e-30,0.5453844841450302,0
2421,286,0.545952547508901,3.7282029548774426e-28,0.545952547508901,0
2188,273,0.547678255485927,6.846821228054287e-26,0.547678255485927,0
2322,281,0.5481581358918844,8.784914535657316e-29,0.5481581358918844,0
2033,267,0.5481618496088813,3.342515927077984e-27,0.5481618496088813,0
1490,234,0.5484757820466015,3.806190658616629e-28,0.5484757820466015,0
885,136,0.5489171468246946,2.710166873975015e-28,0.5489171468246946,0
2957,312,0.5491150114557474,7.060426745125837e-28,0.5491150114557474,0
2036,268,0.549628370995798,1.328006199384098e-21,0.549628370995798,0
2676,300,0.5499514378202965,3.2576137516329277e-41,0.5499514378202965,0
109,27,0.5500860993445494,2.790083688388882e-24,0.5500860993445494,0
2133,272,0.5509904899043537,5.720281144305475e-25,0.5509904899043537,0
949,149,0.5512213301323557,9.15925207038861e-26,0.5512213301323557,0
3670,487,0.5520557401419148,2.9883249935968477e-24,0.5520557401419148,0
539,86,0.5534985715231162,1.9349380767961056e-23,0.5534985715231162,0
693,109,0.5545318092801248,2.138951210765953e-25,0.5545318092801248,0
2894,309,0.5565398359176175,1.2246685840617077e-29,0.5565398359176175,0
3776,489,0.5565557674961371,4.7018978326794854e-30,0.5565557674961371,0
2911,310,0.5579602165951886,5.841796292696324e-27,0.5579602165951886,0
3331,454,0.5582542683766064,4.348567572686123e-30,0.5582542683766064,0
2532,291,0.5584484080210931,7.556088463223721e-29,0.5584484080210931,0
1700,252,0.5594127140682922,3.680203867121252e-24,0.5594127140682922,0
3687,487,0.5596973169152544,2.9883249935968477e-24,0.5596973169152544,0
2501,290,0.5603649121219406,2.4717911348676296e-29,0.5603649121219406,0
963,150,0.5606938928081149,3.841562158646549e-26,0.5606938928081149,0
3684,487,0.5613349258106161,2.9883249935968477e-24,0.5613349258106161,0
835,128,0.5614735386330508,2.7312855592215584e-25,0.5614735386330508,0
2079,270,0.5615034956774407,5.680891685164823e-24,0.5615034956774407,0
3357,454,0.5623444748575454,4.348567572686123e-30,0.5623444748575454,0
2090,270,0.5633900776962757,5.680891685164823e-24,0.5633900776962757,0
207,36,0.5635000330764472,3.3315275612497254e-28,0.5635000330764472,0
527,85,0.5638806489170687,1.0042175829288735e-24,0.5638806489170687,0
3655,482,0.564000712615399,2.40942947817167e-30,0.564000712615399,0
2557,293,0.5640091283876119,2.2904022022242663e-25,0.5640091283876119,0
2227,275,0.5648435895590491,1.1005624669508466e-26,0.5648435895590491,0
1874,260,0.5654459063783935,6.96954218181326e-26,0.5654459063783935,0
2246,275,0.5660026141208385,1.1005624669508466e-26,0.5660026141208385,0
2680,301,0.5680503179961454,2.711902352452219e-29,0.5680503179961454,0
1347,216,0.5685390364595038,8.134709146550861e-29,0.5685390364595038,0
1086,172,0.5685450419239338,4.389150276373688e-27,0.5685450419239338,0
2971,312,0.5695360747652247,7.060426745125837e-28,0.5695360747652247,0
1426,230,0.569549331119421,4.272233531977154e-26,0.569549331119421,0
756,116,0.570220340053737,4.126739883289571e-28,0.570220340053737,0
1239,198,0.5702707183349865,3.136414358543788e-29,0.5702707183349865,0
1804,258,0.5704362667088773,1.1144489704144987e-26,0.5704362667088773,0
3065,316,0.5705587325830447,7.29440699277306e-29,0.5705587325830447,0
2057,269,0.5720042575687192,1.5639571397838467e-21,0.5720042575687192,0
3674,487,0.5720615577052015,2.9883249935968477e-24,0.5720615577052015,0
3379,454,0.5721995846597087,4.348567572686123e-30,0.5721995846597087,0
602,94,0.5725510478215096,4.197759342700393e-27,0.5725510478215096,0
692,109,0.5728924971541984,2.138951210765953e-25,0.5728924971541984,0
3350,454,0.5730916587690801,4.348567572686123e-30,0.5730916587690801,0
2832,307,0.5731154484956471,3.448863125291685e-29,0.5731154484956471,0
79,18,0.5731401191938906,3.940083183919697e-34,0.5731401191938906,0
3741,488,0.5733399791915111,6.268646962691018e-26,0.5733399791915111,0
2595,294,0.5739656523121834,2.8640894165112103e-25,0.5739656523121834,0
2946,312,0.5741818182111245,7.060426745125837e-28,0.5741818182111245,0
1734,254,0.5752093577652426,4.444272633072384e-25,0.5752093577652426,0
2423,286,0.5754396518631655,3.7282029548774426e-28,0.5754396518631655,0
2453,287,0.5757012078808235,9.771942072742383e-28,0.5757012078808235,0
2745,304,0.5760382510200213,1.3430007815748096e-23,0.5760382510200213,0
2306,280,0.5760882938265124,1.7713524530467065e-29,0.5760882938265124,0
985,153,0.5764879843716767,2.7011544412473964e-27,0.5764879843716767,0
687,108,0.5771820611359064,4.880097450743139e-25,0.5771820611359064,0
2088,270,0.5775655927256719,5.680891685164823e-24,0.5775655927256719,0
3030,314,0.5777131535736949,1.8188522307993302e-29,0.5777131535736949,0
1954,263,0.5787800971593327,1.7038964594948676e-23,0.5787800971593327,0
2032,267,0.5790380038683045,3.342515927077984e-27,0.5790380038683045,0
1838,258,0.5792471497132125,1.1144489704144987e-26,0.5792471497132125,0
1561,245,0.579267838082612,4.4503102314880855e-25,0.579267838082612,0
1703,252,0.5797000159474238,3.680203867121252e-24,0.5797000159474238,0
1331,213,0.5798697448296157,1.470386282121271e-27,0.5798697448296157,0
518,82,0.5821069700697523,6.2182050658978285e-30,0.5821069700697523,0
313,48,0.5826048389800039,1.551783134015898e-24,0.5826048389800039,0
2173,273,0.5832561291680934,6.846821228054287e-26,0.5832561291680934,0
933,146,0.5840800627053099,1.1221900241602137e-24,0.5840800627053099,0
153,31,0.5853652549693859,1.151048346431841e-25,0.5853652549693859,0
3050,315,0.5857562057279863,1.02523651693438e-29,0.5857562057279863,0
2673,300,0.5860140047030464,3.2576137516329277e-41,0.5860140047030464,0
876,135,0.5861522319401472,6.726795241245832e-28,0.5861522319401472,0
3255,452,0.5861905217479959,5.941349408358543e-24,0.5861905217479959,0
2223,275,0.5862257617126455,1.1005624669508466e-26,0.5862257617126455,0
3048,315,0.5864353505598575,1.02523651693438e-29,0.5864353505598575,0
3216,444,0.5867033138695122,3.2308369680466237e-28,0.5867033138695122,0
2273,277,0.5870705457018823,7.70724031847695e-27,0.5870705457018823,0
2114,271,0.587428531809307,1.827221969249202e-24,0.587428531809307,0
591,92,0.5878930954111146,2.548819257616288e-26,0.5878930954111146,0
3028,314,0.5882720992081342,1.8188522307993302e-29,0.5882720992081342,0
3262,452,0.5890708416859182,5.941349408358543e-24,0.5890708416859182,0
1875,260,0.5902986846897962,6.96954218181326e-26,0.5902986846897962,0
1003,157,0.5907573232131391,7.345495162224027e-29,0.5907573232131391,0
250,41,0.5907697232773913,8.061278130251574e-30,0.5907697232773913,0
2430,286,0.5908024172834814,3.7282029548774426e-28,0.5908024172834814,0
3096,317,0.591136102589753,1.6424145040209993e-28,0.591136102589753,0
3399,461,0.5919894960632641,4.1238349233958415e-25,0.5919894960632641,0
87,25,0.5922791425491681,2.0067128058301513e-24,0.5922791425491681,0
1069,170,0.592443408548905,2.6084578974784926e-26,0.592443408548905,0
2422,286,0.5925896510233921,3.7282029548774426e-28,0.5925896510233921,0
1130,179,0.592650533673545,9.894748957632274e-30,0.592650533673545,0
420,66,0.5932581945603683,5.2125087116141194e-24,0.5932581945603683,0
3165,444,0.5935547468374692,3.2308369680466237e-28,0.5935547468374692,0
1352,217,0.5936511607541245,4.453493579025681e-29,0.5936511607541245,0
1161,187,0.5947325627377478,9.554209226484225e-25,0.5947325627377478,0
804,125,0.5949371520422506,2.100549707762467e-24,0.5949371520422506,0
3301,453,0.5956768644050767,5.656385692464863e-26,0.5956768644050767,0
1621,247,0.5962635668049395,6.590791384412802e-24,0.5962635668049395,0
2779,305,0.5964685340113323,7.150180119874699e-25,0.5964685340113323,0
267,42,0.5971113238609272,2.7724024748023268e-30,0.5971113238609272,0
3486,463,0.5975549885196962,2.3839198970416273e-30,0.5975549885196962,0
372,56,0.5978789808391364,4.454126582392267e-28,0.5978789808391364,0
2668,300,0.599821145976915,3.2576137516329277e-41,0.599821145976915,0
1843,259,0.6000739668344208,2.7057471472795516e-26,0.6000739668344208,0
11,5,0.6009662358059119,2.13853008760558e-32,0.6009662358059119,0
3697,487,0.6014965229620186,2.9883249935968477e-24,0.6014965229620186,0
346,52,0.6026715222154265,2.667822414165198e-26,0.6026715222154265,0
3477,463,0.6041436432365191,2.3839198970416273e-30,0.6041436432365191,0
3395,461,0.6043401858032944,4.1238349233958415e-25,0.6043401858032944,0
2918,310,0.6068032704757557,5.841796292696324e-27,0.6068032704757557,0
2806,306,0.6068722669320473,2.1132916639841704e-26,0.6068722669320473,0
1151,185,0.6069476353192099,6.631892322011052e-24,0.6069476353192099,0
3296,453,0.6071679111750385,5.656385692464863e-26,0.6071679111750385,0
1516,238,0.6074702520870099,3.4787281063815913e-29,0.6074702520870099,0
3781,489,0.6079170547266844,4.7018978326794854e-30,0.6079170547266844,0
1183,190,0.6088138856592606,4.2534868967559524e-26,0.6088138856592606,0
2332,281,0.6088859526917898,8.784914535657316e-29,0.6088859526917898,0
2031,267,0.6090210399188071,3.342515927077984e-27,0.6090210399188071,0
2231,275,0.609774228147144,1.1005624669508466e-26,0.609774228147144,0
3366,454,0.6100527633973416,4.348567572686123e-30,0.6100527633973416,0
3489,463,0.6103532795872394,2.3839198970416273e-30,0.6103532795872394,0
3178,444,0.611061316905158,3.2308369680466237e-28,0.611061316905158,0
1192,191,0.6114481414848136,1.7571561589824764e-26,0.6114481414848136,0
2756,305,0.6118300637910394,7.150180119874699e-25,0.6118300637910394,0
3795,489,0.6132801942633678,4.7018978326794854e-30,0.6132801942633678,0
2635,298,0.6134287565845243,1.0142871568733388e-30,0.6134287565845243,0
1945,263,0.6146885899912127,1.7038964594948676e-23,0.6146885899912127,0
947,149,0.6148194928634756,9.15925207038861e-26,0.6148194928634756,0
986,154,0.6155932242164875,1.0675400449546731e-27,0.6155932242164875,0
1049,167,0.6156093155706704,4.496968542076425e-25,0.6156093155706704,0
2930,311,0.6159712885502246,1.3917620038740118e-27,0.6159712885502246,0
1955,263,0.6162240272595573,1.7038964594948676e-23,0.6162240272595573,0
3286,452,0.6163294005183747,5.941349408358543e-24,0.6163294005183747,0
3227,445,0.6163806881409949,1.8479717796752564e-28,0.6163806881409949,0
1212,194,0.6171774928356707,9.764407436187463e-28,0.6171774928356707,0
1492,235,0.6181634482570231,1.5020241650070723e-28,0.6181634482570231,0
823,126,0.6181664427110997,9.750965169062085e-25,0.6181664427110997,0
3799,497,0.618340166579106,5.610949952447188e-28,0.618340166579106,0
3523,463,0.6188961653067846,2.3839198970416273e-30,0.6188961653067846,0
822,126,0.61917476003724,9.750965169062085e-25,0.61917476003724,0
2323,281,0.6196367458567945,8.784914535657316e-29,0.6196367458567945,0
705,110,0.6197559367710126,9.119426388820319e-26,0.6197559367710126,0
596,93,0.619798825249711,1.0399976766631336e-26,0.619798825249711,0
1767,255,0.6198396091833122,1.7581895029642372e-27,0.6198396091833122,0
3480,463,0.6200728606516435,2.3839198970416273e-30,0.6200728606516435,0
86,25,0.6204394896656742,2.0067128058301513e-24,0.6204394896656742,0
274,42,0.6205745381301212,2.7724024748023268e-30,0.6205745381301212,0
3175,444,0.6207013622644514,3.2308369680466237e-28,0.6207013622644514,0
695,109,0.6211867538270319,2.138951210765953e-25,0.6211867538270319,0
3736,488,0.6219969916370887,6.268646962691018e-26,0.6219969916370887,0
2072,270,0.6220409718657566,5.680891685164823e-24,0.6220409718657566,0
2909,310,0.6228166546362673,5.841796292696324e-27,0.6228166546362673,0
2287,278,0.6235134213789568,1.862495501842197e-27,0.6235134213789568,0
3122,319,0.624438697050517,1.5230842608637033e-29,0.624438697050517,0
2938,311,0.6246465010944525,1.3917620038740118e-27,0.6246465010944525,0
2823,306,0.6247875578842722,2.1132916639841704e-26,0.6247875578842722,0
3099,318,0.6252115185059478,6.637070448747963e-29,0.6252115185059478,0
1761,255,0.6254113666245301,1.7581895029642372e-27,0.6254113666245301,0
2920,310,0.6270393089768009,5.841796292696324e-27,0.6270393089768009,0
2107,271,0.6271321882748264,1.827221969249202e-24,0.6271321882748264,0
1903,260,0.6271523473013971,6.96954218181326e-26,0.6271523473013971,0
2740,304,0.6273371973789611,1.3430007815748096e-23,0.6273371973789611,0
2248,275,0.6274828339552795,1.1005624669508466e-26,0.6274828339552795,0
1296,208,0.6275481647612371,2.1218461822302216e-25,0.6275481647612371,0
970,151,0.6277055971533817,1.6046080125001814e-26,0.6277055971533817,0
3351,454,0.6285899152148097,4.348567572686123e-30,0.6285899152148097,0
1877,260,0.6286803655563309,6.96954218181326e-26,0.6286803655563309,0
1883,260,0.6287378472636067,6.96954218181326e-26,0.6287378472636067,0
1715,253,0.6290809142140775,1.4637357022017424e-24,0.6290809142140775,0
1601,246,0.6293800129313225,1.5976570676742676e-24,0.6293800129313225,0
3131,319,0.6295421009720696,1.5230842608637033e-29,0.6295421009720696,0
699,109,0.6298049855720441,2.138951210765953e-25,0.6298049855720441,0
871,134,0.6301653089672589,1.6870286023134237e-27,0.6301653089672589,0
3414,461,0.6303399584763957,4.1238349233958415e-25,0.6303399584763957,0
3279,452,0.6308031514480534,5.941349408358543e-24,0.6308031514480534,0
1412,229,0.631894478452266,1.2323188017867336e-25,0.631894478452266,0
1857,259,0.6322900640170115,2.7057471472795516e-26,0.6322900640170115,0
3192,444,0.6325855415687994,3.2308369680466237e-28,0.6325855415687994,0
3537,463,0.6325994754281795,2.3839198970416273e-30,0.6325994754281795,0
144,29,0.6328862047291364,1.017095435499152e-24,0.6328862047291364,0
338,51,0.6331524475577249,6.611570480671493e-26,0.6331524475577249,0
2945,312,0.63354025904827,7.060426745125837e-28,0.63354025904827,0
2634,298,0.6338381463272376,1.0142871568733388e-30,0.6338381463272376,0
3535,463,0.6341630245613703,2.3839198970416273e-30,0.6341630245613703,0
2309,280,0.634991351806434,1.7713524530467065e-29,0.634991351806434,0
2842,308,0.6361063026059138,2.552969471959978e-29,0.6361063026059138,0
1976,264,0.6368086964395325,1.6143718647223145e-21,0.6368086964395325,0
1603,247,0.637071299616358,6.590791384412802e-24,0.637071299616358,0
791,121,0.6380517891325128,6.665398982664785e-30,0.6380517891325128,0
3462,462,0.6380807681339686,7.0960596185736065e-28,0.6380807681339686,0
1275,205,0.6386357604409834,3.320057320057209e-24,0.6386357604409834,0
2808,306,0.6394274838266993,2.1132916639841704e-26,0.6394274838266993,0
1032,161,0.6401773794922077,3.163031972049429e-30,0.6401773794922077,0
895,138,0.6419948771181206,4.8862176866169435e-29,0.6419948771181206,0
2517,290,0.6426618317732703,2.4717911348676296e-29,0.6426618317732703,0
1578,245,0.6428351277532923,4.4503102314880855e-25,0.6428351277532923,0
1712,253,0.643087735491633,1.4637357022017424e-24,0.643087735491633,0
1640,248,0.6434148501873065,2.3688774486805515e-24,0.6434148501873065,0
515,80,0.6434821331014348,2.9127952039737127e-29,0.6434821331014348,0
3617,481,0.6441346348145647,8.455631988510236e-28,0.6441346348145647,0
908,140,0.6444271017141752,9.982446935332422e-30,0.6444271017141752,0
2500,290,0.6448366882034,2.4717911348676296e-29,0.6448366882034,0
1755,254,0.6458184565847415,4.444272633072384e-25,0.6458184565847415,0
1916,261,0.6459424961748864,5.3624751969882235e-25,0.6459424961748864,0
195,35,0.6459761850901676,9.245200704131146e-28,0.6459761850901676,0
3295,453,0.6459943980796301,5.656385692464863e-26,0.6459943980796301,0
1562,245,0.646400621362859,4.4503102314880855e-25,0.646400621362859,0
2508,290,0.6464663607653517,2.4717911348676296e-29,0.6464663607653517,0
3035,315,0.6467616383276964,1.02523651693438e-29,0.6467616383276964,0
2910,310,0.6468967305723281,5.841796292696324e-27,0.6468967305723281,0
3188,444,0.6470025602492862,3.2308369680466237e-28,0.6470025602492862,0
3440,462,0.6470503393587719,7.0960596185736065e-28,0.6470503393587719,0
1650,248,0.6473469127286786,2.3688774486805515e-24,0.6473469127286786,0
2647,298,0.6473952425580238,1.0142871568733388e-30,0.6473952425580238,0
2397,285,0.6476203596460622,1.7971464052924428e-29,0.6476203596460622,0
1096,174,0.6477073114399647,6.397959385459314e-28,0.6477073114399647,0
1942,262,0.6479034143499991,8.69839004759892e-25,0.6479034143499991,0
3719,487,0.6485433371842474,2.9883249935968477e-24,0.6485433371842474,0
391,58,0.6491461776439902,7.293597466531461e-29,0.6491461776439902,0
627,98,0.6495355990937741,1.0029595201287881e-28,0.6495355990937741,0
1610,247,0.6496648056284468,6.590791384412802e-24,0.6496648056284468,0
3737,488,0.6499634686908295,6.268646962691018e-26,0.6499634686908295,0
2523,290,0.6503612624234639,2.4717911348676296e-29,0.6503612624234639,0
3066,316,0.6504903841955698,7.29440699277306e-29,0.6504903841955698,0
1602,246,0.6506593813039053,1.5976570676742676e-24,0.6506593813039053,0
2365,284,0.6512803835003101,8.690851390067876e-30,0.6512803835003101,0
1669,250,0.6530489745158867,3.547705508407119e-24,0.6530489745158867,0
3802,497,0.6541866141782302,5.610949952447188e-28,0.6541866141782302,0
74,17,0.6544630470854056,4.258078492220581e-28,0.6544630470854056,0
2416,286,0.6550773225683753,3.7282029548774426e-28,0.6550773225683753,0
924,144,0.6552121101420302,1.0501681444282721e-23,0.6552121101420302,0
1653,249,0.657233060989573,1.163477174492006e-24,0.657233060989573,0
1716,253,0.6572434858916242,1.4637357022017424e-24,0.6572434858916242,0
2396,285,0.6577773110131414,1.7971464052924428e-29,0.6577773110131414,0
3587,481,0.6583302787372337,8.455631988510236e-28,0.6583302787372337,0
122,28,0.6598793195498424,1.869008878488473e-24,0.6598793195498424,0
1343,215,0.6609318238850698,1.7017153456724429e-28,0.6609318238850698,0
1580,245,0.6610694111575914,4.4503102314880855e-25,0.6610694111575914,0
3036,315,0.6616618806919854,1.02523651693438e-29,0.6616618806919854,0
209,36,0.6620544273892541,3.3315275612497254e-28,0.6620544273892541,0
235,38,0.662441059113604,6.681718510836014e-29,0.662441059113604,0
2760,305,0.6624619491329212,7.150180119874699e-25,0.6624619491329212,0
1961,263,0.6635144080248842,1.7038964594948676e-23,0.6635144080248842,0
1133,180,0.6636655675824663,4.510419552401776e-30,0.6636655675824663,0
2794,305,0.6638370785002231,7.150180119874699e-25,0.6638370785002231,0
2954,312,0.6641489258585925,7.060426745125837e-28,0.6641489258585925,0
3422,462,0.664327309436945,7.0960596185736065e-28,0.664327309436945,0
1967,263,0.6645417765753275,1.7038964594948676e-23,0.6645417765753275,0
2390,285,0.6658219591067366,1.7971464052924428e-29,0.6658219591067366,0
3094,317,0.6661493518626886,1.6424145040209993e-28,0.6661493518626886,0
2630,298,0.6668094089060438,1.0142871568733388e-30,0.6668094089060438,0
2296,279,0.6669976987396525,4.720321602639091e-29,0.6669976987396525,0
2525,290,0.6675170467134633,2.4717911348676296e-29,0.6675170467134633,0
3000,314,0.6678213813453042,1.8188522307993302e-29,0.6678213813453042,0
1800,258,0.6679005739175243,1.1144489704144987e-26,0.6679005739175243,0
3664,487,0.6683658817905976,2.9883249935968477e-24,0.6683658817905976,0
1586,246,0.6684299185958916,1.5976570676742676e-24,0.6684299185958916,0
3411,461,0.668576492875501,4.1238349233958415e-25,0.668576492875501,0
410,65,0.6699059909008356,1.9811919104811584e-24,0.6699059909008356,0
811,125,0.671113662790138,2.100549707762467e-24,0.671113662790138,0
3174,444,0.6712873668056564,3.2308369680466237e-28,0.6712873668056564,0
2565,293,0.6714456414501804,2.2904022022242663e-25,0.6714456414501804,0
2720,302,0.6719295782975417,2.8645236639957e-20,0.6719295782975417,0
3487,463,0.6726698240087664,2.3839198970416273e-30,0.6726698240087664,0
3465,462,0.6728563664105105,7.0960596185736065e-28,0.6728563664105105,0
964,151,0.6736642671641396,1.6046080125001814e-26,0.6736642671641396,0
2330,281,0.6739025380492414,8.784914535657316e-29,0.6739025380492414,0
1187,190,0.6741572514942796,4.2534868967559524e-26,0.6741572514942796,0
2150,273,0.6756077834435363,6.846821228054287e-26,0.6756077834435363,0
680,108,0.675621284807226,4.880097450743139e-25,0.675621284807226,0
2158,273,0.6757678990829032,6.846821228054287e-26,0.6757678990829032,0
2888,309,0.6762092288792056,1.2246685840617077e-29,0.6762092288792056,0
552,88,0.6763415325280765,1.2398616733378169e-24,0.6763415325280765,0
2162,273,0.6768066674596362,6.846821228054287e-26,0.6768066674596362,0
3685,487,0.6785946774517155,2.9883249935968477e-24,0.6785946774517155,0
1059,168,0.6791210547836243,1.6903950303777449e-25,0.6791210547836243,0
2138,272,0.6792293512588161,5.720281144305475e-25,0.6792293512588161,0
2050,269,0.6798462402538458,1.5639571397838467e-21,0.6798462402538458,0
697,109,0.6815924107642378,2.138951210765953e-25,0.6815924107642378,0
2609,295,0.6816243559352992,3.601852263090341e-23,0.6816243559352992,0
459,73,0.6817603995371834,1.679355830683488e-26,0.6817603995371834,0
232,37,0.6818421494988076,1.2393209547689106e-28,0.6818421494988076,0
2011,266,0.682375105409961,1.3929564889003732e-27,0.682375105409961,0
1911,261,0.6825632864982121,5.3624751969882235e-25,0.6825632864982121,0
803,124,0.6826094593988354,1.1295631448857556e-21,0.6826094593988354,0
29,7,0.683478253448757,1.3968615128679976e-28,0.683478253448757,0
3299,453,0.6838582551842933,5.656385692464863e-26,0.6838582551842933,0
2855,309,0.6839484326400697,1.2246685840617077e-29,0.6839484326400697,0
768,118,0.6842936737464775,7.151086083211925e-29,0.6842936737464775,0
258,41,0.6845604460255139,8.061278130251574e-30,0.6845604460255139,0
2383,284,0.6850308590159845,8.690851390067876e-30,0.6850308590159845,0
147,30,0.6851440481724844,4.960652443641312e-25,0.6851440481724844,0
3586,481,0.685814297070082,8.455631988510236e-28,0.685814297070082,0
1707,253,0.685894658485202,1.4637357022017424e-24,0.685894658485202,0
2448,287,0.6863196619203924,9.771942072742383e-28,0.6863196619203924,0
2599,294,0.6865357006587418,2.8640894165112103e-25,0.6865357006587418,0
3534,463,0.6872836808546502,2.3839198970416273e-30,0.6872836808546502,0
481,75,0.6878630150306692,2.5968702005436032e-27,0.6878630150306692,0
1276,206,0.688331393472519,1.5697266606356678e-24,0.688331393472519,0
2038,268,0.6885636697677325,1.328006199384098e-21,0.6885636697677325,0
2241,275,0.6887964098860663,1.1005624669508466e-26,0.6887964098860663,0
2067,270,0.6888751976005054,5.680891685164823e-24,0.6888751976005054,0
468,74,0.6889510825391699,6.841446507141857e-27,0.6889510825391699,0
2392,285,0.6891874031043591,1.7971464052924428e-29,0.6891874031043591,0
2902,310,0.6897383165966706,5.841796292696324e-27,0.6897383165966706,0
1100,174,0.69003927127056,6.397959385459314e-28,0.69003927127056,0
2975,312,0.6902334181566514,7.060426745125837e-28,0.6902334181566514,0
575,91,0.6907498138798531,6.430096136261102e-26,0.6907498138798531,0
205,36,0.6910953585340612,3.3315275612497254e-28,0.6910953585340612,0
897,138,0.6917394430196911,4.8862176866169435e-29,0.6917394430196911,0
2118,271,0.6928665239688532,1.827221969249202e-24,0.6928665239688532,0
3408,461,0.6939721638749662,4.1238349233958415e-25,0.6939721638749662,0
2796,305,0.6942036451292377,7.150180119874699e-25,0.6942036451292377,0
3038,315,0.6966295029206463,1.02523651693438e-29,0.6966295029206463,0
3068,316,0.6975504864048402,7.29440699277306e-29,0.6975504864048402,0
146,30,0.6984112558410728,4.960652443641312e-25,0.6984112558410728,0
3249,445,0.69854580043785,1.8479717796752564e-28,0.69854580043785,0
828,127,0.6988553248133816,5.325874746636758e-25,0.6988553248133816,0
2978,312,0.6989184439077474,7.060426745125837e-28,0.6989184439077474,0
55,13,0.7001718464737893,1.3418405923928862e-28,0.7001718464737893,0
2590,294,0.7002288784030403,2.8640894165112103e-25,0.7002288784030403,0
736,113,0.7014597929903786,6.522364782853238e-27,0.7014597929903786,0
896,138,0.7021774581270855,4.8862176866169435e-29,0.7021774581270855,0
3796,496,0.7025628719884107,2.1079587381289665e-33,0.7025628719884107,0
2069,270,0.7029211944786798,5.680891685164823e-24,0.7029211944786798,0
654,101,0.7032513476946285,9.554138935813822e-30,0.7032513476946285,0
2661,299,0.7040487365972536,6.365457717198363e-46,0.7040487365972536,0
767,118,0.704916398119733,7.151086083211925e-29,0.704916398119733,0
2439,286,0.7056831677437287,3.7282029548774426e-28,0.7056831677437287,0
2456,287,0.7058775279749521,9.771942072742383e-28,0.7058775279749521,0
3615,481,0.7067733644643713,8.455631988510236e-28,0.7067733644643713,0
522,82,0.7075514105502854,6.2182050658978285e-30,0.7075514105502854,0
2168,273,0.7093876982662802,6.846821228054287e-26,0.7093876982662802,0
2998,313,0.7104093135838137,6.538299196927555e-29,0.7104093135838137,0
784,120,0.7104640731901432,1.4506260391424674e-29,0.7104640731901432,0
3632,482,0.7108932030997919,2.40942947817167e-30,0.7108932030997919,0
1244,199,0.7115381555161696,1.4334132939386645e-29,0.7115381555161696,0
2786,305,0.711776407151831,7.150180119874699e-25,0.711776407151831,0
1033,163,0.7118395876871224,8.831456170418108e-25,0.7118395876871224,0
1614,247,0.7124449416778403,6.590791384412802e-24,0.7124449416778403,0
214,36,0.7128787681348081,3.3315275612497254e-28,0.7128787681348081,0
2960,312,0.7130509570551725,7.060426745125837e-28,0.7130509570551725,0
3752,488,0.715231534816913,6.268646962691018e-26,0.715231534816913,0
3527,463,0.7153998395628891,2.3839198970416273e-30,0.7153998395628891,0
1102,174,0.7154415451291299,6.397959385459314e-28,0.7154415451291299,0
1500,235,0.7158538568237844,1.5020241650070723e-28,0.7158538568237844,0
3546,463,0.7160064709927727,2.3839198970416273e-30,0.7160064709927727,0
3787,489,0.7188687639359546,4.7018978326794854e-30,0.7188687639359546,0
3145,443,0.719452483489395,1.9721031459475644e-32,0.719452483489395,0
1153,186,0.719601097777844,2.612762779458561e-24,0.719601097777844,0
3638,482,0.7197344553088887,2.40942947817167e-30,0.7197344553088887,0
2468,288,0.7207698739471903,1.93493969726597e-27,0.7207698739471903,0
77,18,0.7218152804390812,3.940083183919697e-34,0.7218152804390812,0
2410,285,0.7227462099689751,1.7971464052924428e-29,0.7227462099689751,0
702,110,0.7234282795659546,9.119426388820319e-26,0.7234282795659546,0
1195,191,0.7247185181093025,1.7571561589824764e-26,0.7247185181093025,0
891,137,0.7252138733089682,1.1275743471070136e-28,0.7252138733089682,0
2334,282,0.7259547348534247,2.0130041089721442e-28,0.7259547348534247,0
800,124,0.7262883832325167,1.1295631448857556e-21,0.7262883832325167,0
1668,250,0.7264181676524858,3.547705508407119e-24,0.7264181676524858,0
1382,225,0.7268801635989854,3.1754299703047337e-24,0.7268801635989854,0
1554,245,0.7272812969233449,4.4503102314880855e-25,0.7272812969233449,0
3738,488,0.7273620043806885,6.268646962691018e-26,0.7273620043806885,0
2667,300,0.7278592010463882,3.2576137516329277e-41,0.7278592010463882,0
3592,481,0.7280651134089761,8.455631988510236e-28,0.7280651134089761,0
2785,305,0.7291857502440863,7.150180119874699e-25,0.7291857502440863,0
1469,234,0.7296041198633539,3.806190658616629e-28,0.7296041198633539,0
744,114,0.7306046446075128,2.641973918939006e-27,0.7306046446075128,0
1663,249,0.7307681205598661,1.163477174492006e-24,0.7307681205598661,0
3663,487,0.7308716869053432,2.9883249935968477e-24,0.7308716869053432,0
2606,295,0.7309387801782699,3.601852263090341e-23,0.7309387801782699,0
2274,277,0.7314385885942184,7.70724031847695e-27,0.7314385885942184,0
1255,200,0.731881573681243,6.44586352796057e-30,0.731881573681243,0
568,90,0.7320750454314251,1.6816710561776673e-25,0.7320750454314251,0
3588,481,0.7335677844756389,8.455631988510236e-28,0.7335677844756389,0
2059,270,0.7337812258117635,5.680891685164823e-24,0.7337812258117635,0
3541,463,0.734435246322652,2.3839198970416273e-30,0.734435246322652,0
2956,312,0.7347150839219801,7.060426745125837e-28,0.7347150839219801,0
2598,294,0.735109029854143,2.8640894165112103e-25,0.735109029854143,0
1146,184,0.7351976450758787,4.4945881893187175e-24,0.7351976450758787,0
1371,224,0.7362174599767296,2.46131712388156e-24,0.7362174599767296,0
1692,252,0.7369250463471536,3.680203867121252e-24,0.7369250463471536,0
545,87,0.7371666408032873,3.9874202258376874e-24,0.7371666408032873,0
2597,294,0.7373462986078179,2.8640894165112103e-25,0.7373462986078179,0
2132,272,0.7385820173826395,5.720281144305475e-25,0.7385820173826395,0
1309,210,0.7387719247986289,2.7950651799215533e-26,0.7387719247986289,0
2616,296,0.7392064574306144,4.2115493424662025e-22,0.7392064574306144,0
2186,273,0.7394299018947119,6.846821228054287e-26,0.7394299018947119,0
2238,275,0.7394375481371497,1.1005624669508466e-26,0.7394375481371497,0
3340,454,0.7395597281970111,4.348567572686123e-30,0.7395597281970111,0
2366,284,0.7396491975404342,8.690851390067876e-30,0.7396491975404342,0
230,37,0.7401346558035095,1.2393209547689106e-28,0.7401346558035095,0
521,82,0.7408099621855861,6.2182050658978285e-30,0.7408099621855861,0
3563,480,0.7408839627868804,1.0939454433960173e-25,0.7408839627868804,0
3794,489,0.741681503430348,4.7018978326794854e-30,0.741681503430348,0
1220,195,0.742940828460104,3.462060555518425e-28,0.742940828460104,0
3197,444,0.74305923024871,3.2308369680466237e-28,0.74305923024871,0
1206,192,0.7431434863506564,7.298145784438759e-27,0.7431434863506564,0
1886,260,0.7433553277016011,6.96954218181326e-26,0.7433553277016011,0
463,73,0.7452148320330776,1.679355830683488e-26,0.7452148320330776,0
2408,285,0.7457619032429076,1.7971464052924428e-29,0.7457619032429076,0
1793,257,0.7467872721667624,1.6759273083987564e-26,0.7467872721667624,0
576,91,0.748294566390721,6.430096136261102e-26,0.748294566390721,0
290,45,0.7486841952428059,2.8666121829566602e-24,0.7486841952428059,0
3760,489,0.7496385465526368,4.7018978326794854e-30,0.7496385465526368,0
3309,453,0.7503091246361208,5.656385692464863e-26,0.7503091246361208,0
2913,310,0.7504783676373487,5.841796292696324e-27,0.7504783676373487,0
1445,233,0.7520956673455403,8.935279372039365e-28,0.7520956673455403,0
843,129,0.7528395846576776,1.2828554249259361e-25,0.7528395846576776,0
3481,463,0.7529157945139219,2.3839198970416273e-30,0.7529157945139219,0
1174,189,0.7532122992923108,1.1490887600382912e-25,0.7532122992923108,0
1127,178,0.754826351855849,2.1751882596312074e-29,0.754826351855849,0
2886,309,0.7552308330730153,1.2246685840617077e-29,0.7552308330730153,0
3671,487,0.755346195362214,2.9883249935968477e-24,0.755346195362214,0
2282,278,0.7555768054582279,1.862495501842197e-27,0.7555768054582279,0
1143,184,0.7557166147426972,4.4945881893187175e-24,0.7557166147426972,0
1400,227,0.7564524756180752,1.0144412898028679e-24,0.7564524756180752,0
2550,293,0.7570429546354491,2.2904022022242663e-25,0.7570429546354491,0
3564,480,0.7582977860474464,1.0939454433960173e-25,0.7582977860474464,0
2302,280,0.7583336876017672,1.7713524530467065e-29,0.7583336876017672,0
1332,213,0.7587621343270237,1.470386282121271e-27,0.7587621343270237,0
675,107,0.7588952579422193,1.125986908220385e-24,0.7588952579422193,0
2637,298,0.7597584326263553,1.0142871568733388e-30,0.7597584326263553,0
2200,274,0.7610434712551656,2.4989340008632977e-26,0.7610434712551656,0
3605,481,0.7612257769585011,8.455631988510236e-28,0.7612257769585011,0
1401,228,0.7622330817138226,5.018942519673886e-25,0.7622330817138226,0
2441,287,0.7624837265010589,9.771942072742383e-28,0.7624837265010589,0
2161,273,0.7626437572768935,6.846821228054287e-26,0.7626437572768935,0
1872,260,0.762845989637037,6.96954218181326e-26,0.762845989637037,0
3672,487,0.7632426169136206,2.9883249935968477e-24,0.7632426169136206,0
1284,207,0.7637945623502291,6.553762922326039e-25,0.7637945623502291,0
1039,164,0.7638005696725692,1.8137271960548868e-23,0.7638005696725692,0
2825,306,0.7642432752862017,2.1132916639841704e-26,0.7642432752862017,0
3756,488,0.7650543346665621,6.268646962691018e-26,0.7650543346665621,0
918,144,0.7651762960751507,1.0501681444282721e-23,0.7651762960751507,0
2195,274,0.7655469592044265,2.4989340008632977e-26,0.7655469592044265,0
1406,228,0.765697139383495,5.018942519673886e-25,0.765697139383495,0
3277,452,0.7660615115411077,5.941349408358543e-24,0.7660615115411077,0
3526,463,0.7666563634484013,2.3839198970416273e-30,0.7666563634484013,0
3455,462,0.7668633620779813,7.0960596185736065e-28,0.7668633620779813,0
143,29,0.767734089652012,1.017095435499152e-24,0.767734089652012,0
2113,271,0.7680061114957573,1.827221969249202e-24,0.7680061114957573,0
1333,213,0.7682320481788318,1.470386282121271e-27,0.7682320481788318,0
2035,267,0.7683500616304055,3.342515927077984e-27,0.7683500616304055,0
2333,282,0.7684804102605562,2.0130041089721442e-28,0.7684804102605562,0
3358,454,0.7685881798131088,4.348567572686123e-30,0.7685881798131088,0
62,16,0.7712326846506994,4.0269764087132746e-29,0.7712326846506994,0
3141,320,0.7715540571969168,4.0925210459649844e-29,0.7715540571969168,0
656,102,0.771927807073229,4.355859895268739e-30,0.771927807073229,0
939,147,0.7722492303452346,4.892097839792291e-25,0.7722492303452346,0
5,4,0.7722689295958878,5.8392971073550274e-37,0.7722689295958878,0
2381,284,0.772417029918747,8.690851390067876e-30,0.772417029918747,0
1885,260,0.7731571392694775,6.96954218181326e-26,0.7731571392694775,0
630,99,0.7734628909926567,4.4956070198971693e-29,0.7734628909926567,0
98,26,0.7736510766443145,3.434509175098565e-24,0.7736510766443145,0
813,125,0.7745853097451512,2.100549707762467e-24,0.7745853097451512,0
3518,463,0.7748702134215083,2.3839198970416273e-30,0.7748702134215083,0
360,54,0.7753092837395501,4.3270289724004855e-27,0.7753092837395501,0
2868,309,0.7762486751657652,1.2246685840617077e-29,0.7762486751657652,0
319,48,0.7765654423668824,1.551783134015898e-24,0.7765654423668824,0
373,56,0.7767759255714292,4.454126582392267e-28,0.7767759255714292,0
1447,233,0.7775533766779223,8.935279372039365e-28,0.7775533766779223,0
2280,278,0.7778567403150427,1.862495501842197e-27,0.7778567403150427,0
2164,273,0.7792137350994103,6.846821228054287e-26,0.7792137350994103,0
3274,452,0.7795569614314938,5.941349408358543e-24,0.7795569614314938,0
241,39,0.7797501182251486,4.997355662782886e-29,0.7797501182251486,0
1655,249,0.7797555524683911,1.163477174492006e-24,0.7797555524683911,0
142,29,0.7809784333470667,1.017095435499152e-24,0.7809784333470667,0
1019,159,0.7811748380786806,1.4824123429938491e-29,0.7811748380786806,0
3555,480,0.7812997470510606,1.0939454433960173e-25,0.7812997470510606,0
2529,290,0.7816676178575146,2.4717911348676296e-29,0.7816676178575146,0
3130,319,0.7818229873668565,1.5230842608637033e-29,0.7818229873668565,0
3200,444,0.7824517479404131,3.2308369680466237e-28,0.7824517479404131,0
3614,481,0.7826121573450647,8.455631988510236e-28,0.7826121573450647,0
1282,207,0.7833853153797236,6.553762922326039e-25,0.7833853153797236,0
435,69,0.7837766226830937,9.495501537511425e-25,0.7837766226830937,0
2819,306,0.7840920160722841,2.1132916639841704e-26,0.7840920160722841,0
183,34,0.785201838431966,8.515450199322579e-27,0.785201838431966,0
3754,488,0.7853341776271294,6.268646962691018e-26,0.7853341776271294,0
806,125,0.7853671739648943,2.100549707762467e-24,0.7853671739648943,0
840,129,0.7859230448263063,1.2828554249259361e-25,0.7859230448263063,0
2111,271,0.7859819632494635,1.827221969249202e-24,0.7859819632494635,0
1689,252,0.7877834346924666,3.680203867121252e-24,0.7877834346924666,0
3164,444,0.7880016594214462,3.2308369680466237e-28,0.7880016594214462,0
3533,463,0.7881983171536794,2.3839198970416273e-30,0.7881983171536794,0
3566,480,0.7886015977532076,1.0939454433960173e-25,0.7886015977532076,0
1948,263,0.7903101661062663,1.7038964594948676e-23,0.7903101661062663,0
3485,463,0.7904101358699283,2.3839198970416273e-30,0.7904101358699283,0
2539,292,0.790636721637076,7.997209463249716e-29,0.790636721637076,0
1315,211,0.7909922405800441,1.2460459650610107e-26,0.7909922405800441,0
2989,312,0.7910378166287404,7.060426745125837e-28,0.7910378166287404,0
1983,264,0.79127017457657,1.6143718647223145e-21,0.79127017457657,0
2610,295,0.7914104048075197,3.601852263090341e-23,0.7914104048075197,0
2127,272,0.791720464837157,5.720281144305475e-25,0.791720464837157,0
331,50,0.7920264541704142,2.0912112070604913e-25,0.7920264541704142,0
1729,254,0.7921887695962829,4.444272633072384e-25,0.7921887695962829,0
1921,261,0.79250996684383,5.3624751969882235e-25,0.79250996684383,0
1159,187,0.7936263302783693,9.554209226484225e-25,0.7936263302783693,0
3608,481,0.7953728875124512,8.455631988510236e-28,0.7953728875124512,0
19,6,0.7958317173044628,1.22103787351875e-27,0.7958317173044628,0
779,120,0.7966730276560607,1.4506260391424674e-29,0.7966730276560607,0
3158,443,0.7969750357174958,1.9721031459475644e-32,0.7969750357174958,0
2294,279,0.7971253282669283,4.720321602639091e-29,0.7971253282669283,0
1345,216,0.7974647847426353,8.134709146550861e-29,0.7974647847426353,0
3119,319,0.7985688092020532,1.5230842608637033e-29,0.7985688092020532,0
2345,282,0.798888703936332,2.0130041089721442e-28,0.798888703936332,0
2184,273,0.7999807929091166,6.846821228054287e-26,0.7999807929091166,0
3201,444,0.8008016171465506,3.2308369680466237e-28,0.8008016171465506,0
979,152,0.800915337773527,6.6568382395405e-27,0.800915337773527,0
3767,489,0.8015965230145171,4.7018978326794854e-30,0.8015965230145171,0
234,38,0.8031819012371164,6.681718510836014e-29,0.8031819012371164,0
978,152,0.8042505353951255,6.6568382395405e-27,0.8042505353951255,0
1839,258,0.8046132239662936,1.1144489704144987e-26,0.8046132239662936,0
2759,305,0.8066245791125033,7.150180119874699e-25,0.8066245791125033,0
323,49,0.8073320595311455,6.500386250137094e-25,0.8073320595311455,0
2722,302,0.8080583388378455,2.8645236639957e-20,0.8080583388378455,0
2912,310,0.8083615153897197,5.841796292696324e-27,0.8083615153897197,0
1987,265,0.8088957754174916,1.4071389461247375e-21,0.8088957754174916,0
1172,189,0.8100401870149542,1.1490887600382912e-25,0.8100401870149542,0
1754,254,0.8101628633975935,4.444272633072384e-25,0.8101628633975935,0
3558,480,0.8102702968254122,1.0939454433960173e-25,0.8102702968254122,0
1363,220,0.8117956169079464,4.2909060714623264e-30,0.8117956169079464,0
2884,309,0.8119380203588881,1.2246685840617077e-29,0.8119380203588881,0
350,52,0.812080532660392,2.667822414165198e-26,0.812080532660392,0
2686,301,0.8132149679716509,2.711902352452219e-29,0.8132149679716509,0
277,42,0.8135858722014392,2.7724024748023268e-30,0.8135858722014392,0
3789,489,0.8143617108649289,4.7018978326794854e-30,0.8143617108649289,0
446,71,0.8152111712838312,1.137598788283934e-25,0.8152111712838312,0
2744,304,0.8156698744236066,1.3430007815748096e-23,0.8156698744236066,0
3108,318,0.8157501852098699,6.637070448747963e-29,0.8157501852098699,0
311,48,0.8160501453236644,1.551783134015898e-24,0.8160501453236644,0
3079,317,0.8161586664247013,1.6424145040209993e-28,0.8161586664247013,0
859,132,0.8163358582997238,1.0129948045156376e-26,0.8163358582997238,0
1245,199,0.8166782260500453,1.4334132939386645e-29,0.8166782260500453,0
2683,301,0.8183104162186886,2.711902352452219e-29,0.8183104162186886,0
517,82,0.8188244010561454,6.2182050658978285e-30,0.8188244010561454,0
2041,268,0.8191439984361228,1.328006199384098e-21,0.8191439984361228,0
543,87,0.8208558009710822,3.9874202258376874e-24,0.8208558009710822,0
1055,168,0.8209649698138168,1.6903950303777449e-25,0.8209649698138168,0
2857,309,0.8209668187856098,1.2246685840617077e-29,0.8209668187856098,0
3091,317,0.8216506955089772,1.6424145040209993e-28,0.8216506955089772,0
2308,280,0.8228049014660629,1.7713524530467065e-29,0.8228049014660629,0
3288,452,0.8228598522707744,5.941349408358543e-24,0.8228598522707744,0
2973,312,0.8233014258115413,7.060426745125837e-28,0.8233014258115413,0
2139,272,0.824016029302146,5.720281144305475e-25,0.824016029302146,0
2298,279,0.8245356685285793,4.720321602639091e-29,0.8245356685285793,0
3501,463,0.8248363688925623,2.3839198970416273e-30,0.8248363688925623,0
2623,298,0.8253401458339554,1.0142871568733388e-30,0.8253401458339554,0
367,55,0.825678819039093,1.381146375873703e-27,0.825678819039093,0
2860,309,0.8262546998238953,1.2246685840617077e-29,0.8262546998238953,0
2109,271,0.8265603473197061,1.827221969249202e-24,0.8265603473197061,0
1625,247,0.8269114737706933,6.590791384412802e-24,0.8269114737706933,0
2233,275,0.8272175308664325,1.1005624669508466e-26,0.8272175308664325,0
1326,213,0.827993423158251,1.470386282121271e-27,0.827993423158251,0
1599,246,0.8284723103240916,1.5976570676742676e-24,0.8284723103240916,0
789,121,0.8285467088840176,6.665398982664785e-30,0.8285467088840176,0
2394,285,0.8290458535832981,1.7971464052924428e-29,0.8290458535832981,0
2362,284,0.8297187412087822,8.690851390067876e-30,0.8297187412087822,0
3238,445,0.8301420791519635,1.8479717796752564e-28,0.8301420791519635,0
2232,275,0.8312674594364712,1.1005624669508466e-26,0.8312674594364712,0
497,78,0.8315148292166727,1.3043272196985426e-28,0.8315148292166727,0
2123,272,0.835045436883177,5.720281144305475e-25,0.835045436883177,0
3626,481,0.8354076603219038,8.455631988510236e-28,0.8354076603219038,0
553,88,0.8359080041744819,1.2398616733378169e-24,0.8359080041744819,0
1894,260,0.8359517369368695,6.96954218181326e-26,0.8359517369368695,0
1915,261,0.8365775832129086,5.3624751969882235e-25,0.8365775832129086,0
2576,293,0.8367962246167749,2.2904022022242663e-25,0.8367962246167749,0
3749,488,0.8368411064006648,6.268646962691018e-26,0.8368411064006648,0
460,73,0.8377352156520418,1.679355830683488e-26,0.8377352156520418,0
3042,315,0.8378006818359222,1.02523651693438e-29,0.8378006818359222,0
381,57,0.8388280243841517,1.543778336565259e-28,0.8388280243841517,0
583,91,0.8400510214230109,6.430096136261102e-26,0.8400510214230109,0
2838,307,0.8414022454017619,3.448863125291685e-29,0.8414022454017619,0
847,130,0.8415846389792634,5.664514665718794e-26,0.8415846389792634,0
3539,463,0.8437743956172326,2.3839198970416273e-30,0.8437743956172326,0
484,75,0.8441311510433683,2.5968702005436032e-27,0.8441311510433683,0
3022,314,0.8450486114470601,1.8188522307993302e-29,0.8450486114470601,0
2053,269,0.8452494834211493,1.5639571397838467e-21,0.8452494834211493,0
1528,239,0.8453188579122675,8.193117360888574e-30,0.8453188579122675,0
2643,298,0.8454149620637837,1.0142871568733388e-30,0.8454149620637837,0
31,7,0.8458406335167111,1.3968615128679976e-28,0.8458406335167111,0
911,140,0.8458741635721856,9.982446935332422e-30,0.8458741635721856,0
239,38,0.8461126504199626,6.681718510836014e-29,0.8461126504199626,0
2581,293,0.8463291238054338,2.2904022022242663e-25,0.8463291238054338,0
3780,489,0.848681724194089,4.7018978326794854e-30,0.848681724194089,0
3355,454,0.8489186305790727,4.348567572686123e-30,0.8489186305790727,0
448,71,0.8490156767141053,1.137598788283934e-25,0.8490156767141053,0
862,132,0.849284425099732,1.0129948045156376e-26,0.849284425099732,0
683,108,0.8496137681353185,4.880097450743139e-25,0.8496137681353185,0
3323,453,0.8503293761306528,5.656385692464863e-26,0.8503293761306528,0
2979,312,0.8515798893469434,7.060426745125837e-28,0.8515798893469434,0
3792,489,0.8527548505015196,4.7018978326794854e-30,0.8527548505015196,0
1454,233,0.8533914410988078,8.935279372039365e-28,0.8533914410988078,0
1710,253,0.8542557049093816,1.4637357022017424e-24,0.8542557049093816,0
1306,210,0.8548331606189508,2.7950651799215533e-26,0.8548331606189508,0
3196,444,0.8554169899258779,3.2308369680466237e-28,0.8554169899258779,0
2830,307,0.8566206335502362,3.448863125291685e-29,0.8566206335502362,0
3381,454,0.857572072727651,4.348567572686123e-30,0.857572072727651,0
1237,198,0.8579037263800744,3.136414358543788e-29,0.8579037263800744,0
2955,312,0.858661369743693,7.060426745125837e-28,0.858661369743693,0
662,105,0.8586936287674235,1.0989909935396408e-23,0.8586936287674235,0
3026,314,0.8603343562905378,1.8188522307993302e-29,0.8603343562905378,0
2324,281,0.8605093486283747,8.784914535657316e-29,0.8605093486283747,0
1043,166,0.8610680278003667,1.2409558305177269e-24,0.8610680278003667,0
1977,264,0.8645960815904784,1.6143718647223145e-21,0.8645960815904784,0
2261,276,0.8652006212424361,1.8526917135139477e-26,0.8652006212424361,0
240,38,0.8662143139488311,6.681718510836014e-29,0.8662143139488311,0
616,97,0.8664308508198649,2.394092635032564e-28,0.8664308508198649,0
1780,256,0.8669235929884285,6.915397280774362e-27,0.8669235929884285,0
181,34,0.8671042020584107,8.515450199322579e-27,0.8671042020584107,0
3052,315,0.8673403611076971,1.02523651693438e-29,0.8673403611076971,0
222,37,0.8682743674264674,1.2393209547689106e-28,0.8682743674264674,0
2395,285,0.86908758092908,1.7971464052924428e-29,0.86908758092908,0
3571,480,0.8731091722773904,1.0939454433960173e-25,0.8731091722773904,0
2052,269,0.8732843321912798,1.5639571397838467e-21,0.8732843321912798,0
3706,487,0.8738973431011,2.9883249935968477e-24,0.8738973431011,0
226,37,0.8742648329674614,1.2393209547689106e-28,0.8742648329674614,0
1410,228,0.8756621473422126,5.018942519673886e-25,0.8756621473422126,0
1702,252,0.8763601113260105,3.680203867121252e-24,0.8763601113260105,0
3705,487,0.8763882708990121,2.9883249935968477e-24,0.8763882708990121,0
2000,266,0.8765420727284792,1.3929564889003732e-27,0.8765420727284792,0
1895,260,0.8767826755690837,6.96954218181326e-26,0.8767826755690837,0
3051,315,0.8771580289484288,1.02523651693438e-29,0.8771580289484288,0
909,140,0.8774605969706193,9.982446935332422e-30,0.8774605969706193,0
1846,259,0.8776958604656621,2.7057471472795516e-26,0.8776958604656621,0
2970,312,0.8791068529987734,7.060426745125837e-28,0.8791068529987734,0
150,30,0.879626481509464,4.960652443641312e-25,0.879626481509464,0
2357,283,0.8796547567068633,8.445953877778205e-29,0.8796547567068633,0
2521,290,0.8805217734630565,2.4717911348676296e-29,0.8805217734630565,0
3337,454,0.8815333135489889,4.348567572686123e-30,0.8815333135489889,0
1260,203,0.8822047985749095,2.1284000530485597e-24,0.8822047985749095,0
2974,312,0.8824046196605693,7.060426745125837e-28,0.8824046196605693,0
3080,317,0.8847045347919185,1.6424145040209993e-28,0.8847045347919185,0
1568,245,0.8852156245626337,4.4503102314880855e-25,0.8852156245626337,0
35,8,0.8854976714601807,1.2191603627406985e-23,0.8854976714601807,0
1581,245,0.8860499056306693,4.4503102314880855e-25,0.8860499056306693,0
3770,489,0.8867253190533966,4.7018978326794854e-30,0.8867253190533966,0
162,31,0.8878997396926807,1.151048346431841e-25,0.8878997396926807,0
3106,318,0.8879288672857307,6.637070448747963e-29,0.8879288672857307,0
280,42,0.8883446798269601,2.7724024748023268e-30,0.8883446798269601,0
2997,313,0.8913138515365093,6.538299196927555e-29,0.8913138515365093,0
2493,290,0.8919112696678507,2.4717911348676296e-29,0.8919112696678507,0
2510,290,0.8935344079901543,2.4717911348676296e-29,0.8935344079901543,0
787,121,0.8936809763478468,6.665398982664785e-30,0.8936809763478468,0
899,139,0.8961224519002352,2.1886718129005456e-29,0.8961224519002352,0
719,111,0.896274350105431,3.808193158573831e-26,0.896274350105431,0
1029,160,0.8964172454923953,6.784747056255832e-30,0.8964172454923953,0
1436,231,0.8964301562478492,2.0294965234377386e-26,0.8964301562478492,0
3213,444,0.8973024728831123,3.2308369680466237e-28,0.8973024728831123,0
3520,463,0.8973986242053843,2.3839198970416273e-30,0.8973986242053843,0
2479,289,0.8980615431748993,4.7304259428668575e-27,0.8980615431748993,0
1286,207,0.8989316154361852,6.553762922326039e-25,0.8989316154361852,0
2772,305,0.899911975724596,7.150180119874699e-25,0.899911975724596,0
1622,247,0.9001329870989154,6.590791384412802e-24,0.9001329870989154,0
3417,462,0.9003521092549207,7.0960596185736065e-28,0.9003521092549207,0
2706,301,0.9005131131748877,2.711902352452219e-29,0.9005131131748877,0
374,56,0.9008890838982283,4.454126582392267e-28,0.9008890838982283,0
2612,295,0.9010841085446983,3.601852263090341e-23,0.9010841085446983,0
3505,463,0.9019978287404772,2.3839198970416273e-30,0.9019978287404772,0
1092,173,0.9021972836133186,1.7032385914674885e-27,0.9021972836133186,0
476,74,0.9024188139044725,6.841446507141857e-27,0.9024188139044725,0
2715,301,0.9031129467239913,2.711902352452219e-29,0.9031129467239913,0
929,146,0.9032433330345481,1.1221900241602137e-24,0.9032433330345481,0
2735,303,0.9033304650333316,2.4138211685067403e-22,0.9033304650333316,0
348,52,0.9049692968062306,2.667822414165198e-26,0.9049692968062306,0
1001,156,0.905065272964642,1.7181078690332215e-28,0.905065272964642,0
921,144,0.9054961999080454,1.0501681444282721e-23,0.9054961999080454,0
1796,257,0.9059923645253933,1.6759273083987564e-26,0.9059923645253933,0
2310,280,0.9061810289247899,1.7713524530467065e-29,0.9061810289247899,0
2418,286,0.906379828884378,3.7282029548774426e-28,0.906379828884378,0
1015,158,0.9075585985847519,3.2671154367787785e-29,0.9075585985847519,0
2850,309,0.9078567975933688,1.2246685840617077e-29,0.9078567975933688,0
3124,319,0.9080783620920609,1.5230842608637033e-29,0.9080783620920609,0
1455,233,0.9084108248556645,8.935279372039365e-28,0.9084108248556645,0
1936,262,0.9086295208304562,8.69839004759892e-25,0.9086295208304562,0
1600,246,0.9100338805988867,1.5976570676742676e-24,0.9100338805988867,0
2828,306,0.9105416080588593,2.1132916639841704e-26,0.9105416080588593,0
2754,305,0.9118656949363796,7.150180119874699e-25,0.9118656949363796,0
3203,444,0.9142683491009839,3.2308369680466237e-28,0.9142683491009839,0
657,105,0.9147379297284253,1.0989909935396408e-23,0.9147379297284253,0
2672,300,0.9149900048525585,3.2576137516329277e-41,0.9149900048525585,0
3773,489,0.9150100122687602,4.7018978326794854e-30,0.9150100122687602,0
179,33,0.9157582470966928,1.894827670968983e-26,0.9157582470966928,0
547,88,0.9157694450691681,1.2398616733378169e-24,0.9157694450691681,0
1368,223,0.9162012039733344,1.2352978815231965e-24,0.9162012039733344,0
1256,200,0.9166120655084838,6.44586352796057e-30,0.9166120655084838,0
2342,282,0.9170948475158729,2.0130041089721442e-28,0.9170948475158729,0
2218,274,0.9188911215299823,2.4989340008632977e-26,0.9188911215299823,0
2440,287,0.9190554366028313,9.771942072742383e-28,0.9190554366028313,0
3771,489,0.9205572087856757,4.7018978326794854e-30,0.9205572087856757,0
1905,260,0.9210122536751015,6.96954218181326e-26,0.9210122536751015,0
2579,293,0.9223548820751202,2.2904022022242663e-25,0.9223548820751202,0
739,114,0.9231476224998708,2.641973918939006e-27,0.9231476224998708,0
2685,301,0.923248485965383,2.711902352452219e-29,0.923248485965383,0
394,58,0.9247139015687427,7.293597466531461e-29,0.9247139015687427,0
2141,272,0.9254808559636977,5.720281144305475e-25,0.9254808559636977,0
788,121,0.9254991495155128,6.665398982664785e-30,0.9254991495155128,0
3582,481,0.9259874777081373,8.455631988510236e-28,0.9259874777081373,0
2230,275,0.9260533301624172,1.1005624669508466e-26,0.9260533301624172,0
857,132,0.9265070476053542,1.0129948045156376e-26,0.9265070476053542,0
1772,255,0.9269853429164668,1.7581895029642372e-27,0.9269853429164668,0
1304,209,0.9270247474921464,6.783391651593969e-26,0.9270247474921464,0
3514,463,0.9271494473985811,2.3839198970416273e-30,0.9271494473985811,0
272,42,0.9287437922830747,2.7724024748023268e-30,0.9287437922830747,0
289,45,0.9309601641752623,2.8666121829566602e-24,0.9309601641752623,0
2354,283,0.9309627182989998,8.445953877778205e-29,0.9309627182989998,0
1721,253,0.930978204074914,1.4637357022017424e-24,0.930978204074914,0
276,42,0.933005565110852,2.7724024748023268e-30,0.933005565110852,0
262,41,0.9331934752334086,8.061278130251574e-30,0.9331934752334086,0
584,91,0.9335206354181251,6.430096136261102e-26,0.9335206354181251,0
3641,482,0.9335704040788031,2.40942947817167e-30,0.9335704040788031,0
1330,213,0.9350641964565408,1.470386282121271e-27,0.9350641964565408,0
2265,276,0.9351861800847406,1.8526917135139477e-26,0.9351861800847406,0
1935,262,0.9400324380852412,8.69839004759892e-25,0.9400324380852412,0
1520,239,0.9410653408551193,8.193117360888574e-30,0.9410653408551193,0
329,50,0.9411638596694532,2.0912112070604913e-25,0.9411638596694532,0
2526,290,0.9432658967119868,2.4717911348676296e-29,0.9432658967119868,0
989,154,0.9436457674038512,1.0675400449546731e-27,0.9436457674038512,0
1005,157,0.9436747357696222,7.345495162224027e-29,0.9436747357696222,0
429,68,0.9448648135673953,2.6105407066561004e-24,0.9448648135673953,0
3645,482,0.9449442249736725,2.40942947817167e-30,0.9449442249736725,0
2379,284,0.9452868687005248,8.690851390067876e-30,0.9452868687005248,0
2463,288,0.9452993937105205,1.93493969726597e-27,0.9452993937105205,0
3745,488,0.9478730475500178,6.268646962691018e-26,0.9478730475500178,0
93,26,0.9507282189583873,3.434509175098565e-24,0.9507282189583873,0
3112,318,0.9508715768752208,6.637070448747963e-29,0.9508715768752208,0
1502,236,0.9512968411407381,7.745544653856944e-29,0.9512968411407381,0
3783,489,0.9514306662906541,4.7018978326794854e-30,0.9514306662906541,0
2907,310,0.9521337598031382,5.841796292696324e-27,0.9521337598031382,0
1842,259,0.9533388505290744,2.7057471472795516e-26,0.9533388505290744,0
2986,312,0.9536856337925282,7.060426745125837e-28,0.9536856337925282,0
1293,208,0.9554649767301118,2.1218461822302216e-25,0.9554649767301118,0
3061,316,0.9558584497409187,7.29440699277306e-29,0.9558584497409187,0
253,41,0.956119805607202,8.061278130251574e-30,0.956119805607202,0
1393,227,0.957508241915451,1.0144412898028679e-24,0.957508241915451,0
451,71,0.9591754594044201,1.137598788283934e-25,0.9591754594044201,0
886,136,0.9605528945901934,2.710166873975015e-28,0.9605528945901934,0
585,91,0.9605587714336256,6.430096136261102e-26,0.9605587714336256,0
3437,462,0.960994498549775,7.0960596185736065e-28,0.960994498549775,0
1686,251,0.9620126149328336,5.641995891267915e-24,0.9620126149328336,0
3470,462,0.9625427770797953,7.0960596185736065e-28,0.9625427770797953,0
1429,230,0.9628219138927377,4.272233531977154e-26,0.9628219138927377,0
3387,454,0.9628238768991055,4.348567572686123e-30,0.9628238768991055,0
3015,314,0.9636107425078871,1.8188522307993302e-29,0.9636107425078871,0
2478,289,0.9643448967137659,4.7304259428668575e-27,0.9643448967137659,0
1665,249,0.9666204736525004,1.163477174492006e-24,0.9666204736525004,0
2116,271,0.9678488384483552,1.827221969249202e-24,0.9678488384483552,0
3726,487,0.967874567664798,2.9883249935968477e-24,0.967874567664798,0
2388,285,0.9691917786433996,1.7971464052924428e-29,0.9691917786433996,0
1470,234,0.9692809702262063,3.806190658616629e-28,0.9692809702262063,0
1248,199,0.9693285987772657,1.4334132939386645e-29,0.9693285987772657,0
1534,240,0.9694181907671073,7.199229699629983e-30,0.9694181907671073,0
3713,487,0.9694279804160926,2.9883249935968477e-24,0.9694279804160926,0
3228,445,0.97121090392458,1.8479717796752564e-28,0.97121090392458,0
730,113,0.971249620881819,6.522364782853238e-27,0.971249620881819,0
1966,263,0.9713325877937189,1.7038964594948676e-23,0.9713325877937189,0
624,97,0.97182419962567,2.394092635032564e-28,0.97182419962567,0
392,58,0.9735022794070499,7.293597466531461e-29,0.9735022794070499,0
1735,254,0.9742743428637328,4.444272633072384e-25,0.9742743428637328,0
2372,284,0.9744957784899854,8.690851390067876e-30,0.9744957784899854,0
134,29,0.975137444356647,1.017095435499152e-24,0.975137444356647,0
2428,286,0.9756297026952581,3.7282029548774426e-28,0.9756297026952581,0
390,58,0.9759724476423906,7.293597466531461e-29,0.9759724476423906,0
1953,263,0.9763383834545258,1.7038964594948676e-23,0.9763383834545258,0
353,53,0.9767741192610714,1.1564462378685326e-26,0.9767741192610714,0
2964,312,0.9768567498540588,7.060426745125837e-28,0.9768567498540588,0
2564,293,0.9775081175659627,2.2904022022242663e-25,0.9775081175659627,0
3143,320,0.9776027874322735,4.0925210459649844e-29,0.9776027874322735,0
1209,193,0.9784478081146621,2.778763704124638e-27,0.9784478081146621,0
1463,234,0.9789943383690667,3.806190658616629e-28,0.9789943383690667,0
110,27,0.9792677695900407,2.790083688388882e-24,0.9792677695900407,0
1546,244,0.9816086934388741,7.25043255573421e-29,0.9816086934388741,0
3181,444,0.9820975390562137,3.2308369680466237e-28,0.9820975390562137,0
2076,270,0.984326119009005,5.680891685164823e-24,0.984326119009005,0
2260,276,0.985882296215978,1.8526917135139477e-26,0.985882296215978,0
3041,315,0.9861355861855211,1.02523651693438e-29,0.9861355861855211,0
776,119,0.9870922047657389,3.1819736534466136e-29,0.9870922047657389,0
1567,245,0.9882251834204429,4.4503102314880855e-25,0.9882251834204429,0
2047,269,0.9885566780081595,1.5639571397838467e-21,0.9885566780081595,0
2900,310,0.9889903989489285,5.841796292696324e-27,0.9889903989489285,0
1107,175,0.9894994931128095,2.496479868138413e-28,0.9894994931128095,0
2851,309,0.9895379986548074,1.2246685840617077e-29,0.9895379986548074,0
33,8,0.9912817144469753,1.2191603627406985e-23,0.9912817144469753,0
3653,482,0.9928221457334833,2.40942947817167e-30,0.9928221457334833,0
2411,285,0.9939639530536551,1.7971464052924428e-29,0.9939639530536551,0
2926,311,0.9941351600388072,1.3917620038740118e-27,0.9941351600388072,0
335,50,0.9941882706150044,2.0912112070604913e-25,0.9941882706150044,0
358,54,0.9945622541538844,4.3270289724004855e-27,0.9945622541538844,0
766,117,0.9953374917683687,1.6783207165471738e-28,0.9953374917683687,0
746,115,0.9983154525059779,1.0452387530471865e-27,0.9983154525059779,0
598,94,0.9983374341769131,4.197759342700393e-27,0.9983374341769131,0
2741,304,0.9983793411274693,1.3430007815748096e-23,0.9983793411274693,0
754,115,0.9985243021870073,1.0452387530471865e-27,0.9985243021870073,0
1068,170,0.998741787215375,2.6084578974784926e-26,0.998741787215375,0
2657,299,0.9990361361477883,6.365457717198363e-46,0.9990361361477883,0
771,118,0.9998953039491486,7.151086083211925e-29,0.9998953039491486,0
1664,249,1.0005688254571328,1.163477174492006e-24,1.0005688254571328,0
254,41,1.0011118354177646,8.061278130251574e-30,1.0011118354177646,0
738,114,1.0013686900760022,2.641973918939006e-27,1.0013686900760022,0
2719,302,1.0015126335995028,2.8645236639957e-20,1.0015126335995028,0
1701,252,1.001564909376706,3.680203867121252e-24,1.001564909376706,0
3128,319,1.0016547604885986,1.5230842608637033e-29,1.0016547604885986,0
3497,463,1.0023344866767818,2.3839198970416273e-30,1.0023344866767818,0
154,31,1.003444116443625,1.151048346431841e-25,1.003444116443625,0
633,99,1.003988819379622,4.4956070198971693e-29,1.003988819379622,0
15,6,1.0059651755332888,1.22103787351875e-27,1.0059651755332888,0
661,105,1.0062031033525847,1.0989909935396408e-23,1.0062031033525847,0
2934,311,1.0065847590164265,1.3917620038740118e-27,1.0065847590164265,0
184,35,1.0067802045342675,9.245200704131146e-28,1.0067802045342675,0
3282,452,1.0081311162991728,5.941349408358543e-24,1.0081311162991728,0
1243,198,1.008282542712263,3.136414358543788e-29,1.008282542712263,0
423,67,1.0087210122262427,6.952758262718881e-24,1.0087210122262427,0
3629,481,1.0095568234496322,8.455631988510236e-28,1.0095568234496322,0
2949,312,1.0102763558431738,7.060426745125837e-28,1.0102763558431738,0
3668,487,1.0113560412996525,2.9883249935968477e-24,1.0113560412996525,0
238,38,1.011842445209295,6.681718510836014e-29,1.011842445209295,0
34,8,1.0120997954160584,1.2191603627406985e-23,1.0120997954160584,0
3394,461,1.0123264396951432,4.1238349233958415e-25,1.0123264396951432,0
23,7,1.012785943746612,1.3968615128679976e-28,1.012785943746612,0
1010,157,1.0128549297280172,7.345495162224027e-29,1.0128549297280172,0
3367,454,1.0145978331552434,4.348567572686123e-30,1.0145978331552434,0
458,73,1.0150240807195756,1.679355830683488e-26,1.0150240807195756,0
2058,269,1.0154058258142054,1.5639571397838467e-21,1.0154058258142054,0
1285,207,1.0155476158315575,6.553762922326039e-25,1.0155476158315575,0
2151,273,1.0158158059795444,6.846821228054287e-26,1.0158158059795444,0
1536,240,1.015860844324863,7.199229699629983e-30,1.015860844324863,0
2137,272,1.0161162777029642,5.720281144305475e-25,1.0161162777029642,0
2373,284,1.0164070061809474,8.690851390067876e-30,1.0164070061809474,0
206,36,1.0169962278544686,3.3315275612497254e-28,1.0169962278544686,0
489,76,1.0180275168047044,9.267913989665761e-28,1.0180275168047044,0
1437,232,1.019012214161794,9.418268411727729e-27,1.019012214161794,0
812,125,1.0192197959883236,2.100549707762467e-24,1.0192197959883236,0
2629,298,1.019384190326386,1.0142871568733388e-30,1.019384190326386,0
1636,248,1.0196575441179059,2.3688774486805515e-24,1.0196575441179059,0
1486,234,1.0199297062393669,3.806190658616629e-28,1.0199297062393669,0
60,16,1.0225621713853863,4.0269764087132746e-29,1.0225621713853863,0
3088,317,1.0228522228565209,1.6424145040209993e-28,1.0228522228565209,0
418,66,1.0233843928625186,5.2125087116141194e-24,1.0233843928625186,0
1605,247,1.0235200427390119,6.590791384412802e-24,1.0235200427390119,0
3129,319,1.024457042864731,1.5230842608637033e-29,1.024457042864731,0
292,45,1.0272170400687417,2.8666121829566602e-24,1.0272170400687417,0
1221,195,1.0281559341486648,3.462060555518425e-28,1.0281559341486648,0
3491,463,1.028272065422095,2.3839198970416273e-30,1.028272065422095,0
861,132,1.0296487786913346,1.0129948045156376e-26,1.0296487786913346,0
1919,261,1.0300723245185677,5.3624751969882235e-25,1.0300723245185677,0
3504,463,1.0307179741992827,2.3839198970416273e-30,1.0307179741992827,0
3326,453,1.0311337562180474,5.656385692464863e-26,1.0311337562180474,0
1588,246,1.0344522873514712,1.5976570676742676e-24,1.0344522873514712,0
2402,285,1.0346525262620752,1.7971464052924428e-29,1.0346525262620752,0
797,122,1.0359421759971497,3.097357941633308e-30,1.0359421759971497,0
1667,249,1.0360680778903761,1.163477174492006e-24,1.0360680778903761,0
1145,184,1.0363876416750424,4.4945881893187175e-24,1.0363876416750424,0
688,108,1.0365586010654366,4.880097450743139e-25,1.0365586010654366,0
3104,318,1.0369484167569556,6.637070448747963e-29,1.0369484167569556,0
1439,232,1.0377672658646755,9.418268411727729e-27,1.0377672658646755,0
1229,196,1.0382801301206532,1.4034072219554553e-28,1.0382801301206532,0
1018,159,1.0387098636998215,1.4824123429938491e-29,1.0387098636998215,0
3597,481,1.0403609583613818,8.455631988510236e-28,1.0403609583613818,0
3764,489,1.0411514867279597,4.7018978326794854e-30,1.0411514867279597,0
1815,258,1.0428493334478526,1.1144489704144987e-26,1.0428493334478526,0
975,152,1.042902123051366,6.6568382395405e-27,1.042902123051366,0
2120,271,1.0431264112647165,1.827221969249202e-24,1.0431264112647165,0
973,151,1.043649810496038,1.6046080125001814e-26,1.043649810496038,0
2209,274,1.0443175723522218,2.4989340008632977e-26,1.0443175723522218,0
1380,224,1.0445321238484373,2.46131712388156e-24,1.0445321238484373,0
3100,318,1.0454344525647905,6.637070448747963e-29,1.0454344525647905,0
2594,294,1.0460091370022009,2.8640894165112103e-25,1.0460091370022009,0
645,100,1.0464386805346004,2.0731152394051775e-29,1.0464386805346004,0
2212,274,1.0491814415312768,2.4989340008632977e-26,1.0491814415312768,0
3763,489,1.049404324090678,4.7018978326794854e-30,1.049404324090678,0
937,147,1.0505240033502417,4.892097839792291e-25,1.0505240033502417,0
461,73,1.0510646728881325,1.679355830683488e-26,1.0510646728881325,0
1993,265,1.0511973223581932,1.4071389461247375e-21,1.0511973223581932,0
3226,445,1.0513166727937102,1.8479717796752564e-28,1.0513166727937102,0
306,47,1.0519159428167772,3.2653298563260655e-24,1.0519159428167772,0
1742,254,1.0523990153912275,4.444272633072384e-25,1.0523990153912275,0
677,107,1.0533387381567854,1.125986908220385e-24,1.0533387381567854,0
3328,453,1.053564580995834,5.656385692464863e-26,1.053564580995834,0
3046,315,1.0541581054876463,1.02523651693438e-29,1.0541581054876463,0
2300,280,1.0556286723975665,1.7713524530467065e-29,1.0556286723975665,0
2346,282,1.055742965123134,2.0130041089721442e-28,1.055742965123134,0
562,89,1.056459132521506,4.477668575855958e-25,1.056459132521506,0
1216,195,1.057180478485152,3.462060555518425e-28,1.057180478485152,0
3252,452,1.057474718285179,5.941349408358543e-24,1.057474718285179,0
2558,293,1.0578906014043647,2.2904022022242663e-25,1.0578906014043647,0
2311,280,1.0580093436451303,1.7713524530467065e-29,1.0580093436451303,0
2559,293,1.058330361234244,2.2904022022242663e-25,1.058330361234244,0
3479,463,1.0584024749765233,2.3839198970416273e-30,1.0584024749765233,0
3456,462,1.0584026680517102,7.0960596185736065e-28,1.0584026680517102,0
2103,270,1.060560667161448,5.680891685164823e-24,1.060560667161448,0
2343,282,1.0608727312512811,2.0130041089721442e-28,1.0608727312512811,0
1063,169,1.0616102619895256,6.501614187769038e-26,1.0616102619895256,0
1396,227,1.0633060853271168,1.0144412898028679e-24,1.0633060853271168,0
3683,487,1.0679710135871283,2.9883249935968477e-24,1.0679710135871283,0
834,128,1.0688200484349133,2.7312855592215584e-25,1.0688200484349133,0
1673,250,1.0703185985667578,3.547705508407119e-24,1.0703185985667578,0
2561,293,1.0704556499852174,2.2904022022242663e-25,1.0704556499852174,0
671,106,1.0709564107962866,3.1874881173121603e-24,1.0709564107962866,0
759,116,1.071063156918362,4.126739883289571e-28,1.071063156918362,0
3276,452,1.071596988648698,5.941349408358543e-24,1.071596988648698,0
1904,260,1.0731115520629024,6.96954218181326e-26,1.0731115520629024,0
1317,211,1.0741022188420628,1.2460459650610107e-26,1.0741022188420628,0
1186,190,1.0754491446153434,4.2534868967559524e-26,1.0754491446153434,0
3525,463,1.0757078381990952,2.3839198970416273e-30,1.0757078381990952,0
1169,188,1.0762778082668651,3.369087753803011e-25,1.0762778082668651,0
980,152,1.07727165590605,6.6568382395405e-27,1.07727165590605,0
359,54,1.0775067915713288,4.3270289724004855e-27,1.0775067915713288,0
3490,463,1.078271364579856,2.3839198970416273e-30,1.078271364579856,0
3721,487,1.0803976557823791,2.9883249935968477e-24,1.0803976557823791,0
2512,290,1.0819243965332725,2.4717911348676296e-29,1.0819243965332725,0
1489,234,1.0822425638113216,3.806190658616629e-28,1.0822425638113216,0
3303,453,1.0822624071677487,5.656385692464863e-26,1.0822624071677487,0
1675,250,1.0825130898295787,3.547705508407119e-24,1.0825130898295787,0
2498,290,1.085885369252126,2.4717911348676296e-29,1.085885369252126,0
3791,489,1.0860446436133684,4.7018978326794854e-30,1.0860446436133684,0
1298,208,1.0862313593762543,2.1218461822302216e-25,1.0862313593762543,0
1004,157,1.0868916968293285,7.345495162224027e-29,1.0868916968293285,0
1970,263,1.0879336100691261,1.7038964594948676e-23,1.0879336100691261,0
1185,190,1.088120552832802,4.2534868967559524e-26,1.088120552832802,0
2716,302,1.0895203752338891,2.8645236639957e-20,1.0895203752338891,0
2554,293,1.0911323114204123,2.2904022022242663e-25,1.0911323114204123,0
2648,298,1.0918319134712893,1.0142871568733388e-30,1.0918319134712893,0
799,124,1.0934812223585815,1.1295631448857556e-21,1.0934812223585815,0
2013,267,1.0938642491587185,3.342515927077984e-27,1.0938642491587185,0
3184,444,1.094257879107833,3.2308369680466237e-28,1.094257879107833,0
2484,289,1.0945566511207616,4.7304259428668575e-27,1.0945566511207616,0
2833,307,1.0955075914108265,3.448863125291685e-29,1.0955075914108265,0
2258,276,1.0972621844356867,1.8526917135139477e-26,1.0972621844356867,0
3715,487,1.097701268663503,2.9883249935968477e-24,1.097701268663503,0
3120,319,1.0986372686214814,1.5230842608637033e-29,1.0986372686214814,0
1312,211,1.0987013573537472,1.2460459650610107e-26,1.0987013573537472,0
1850,259,1.1017394267690257,2.7057471472795516e-26,1.1017394267690257,0
1739,254,1.1017410611440648,4.444272633072384e-25,1.1017410611440648,0
636,99,1.1036042695918018,4.4956070198971693e-29,1.1036042695918018,0
1000,156,1.1037702340794,1.7181078690332215e-28,1.1037702340794,0
333,50,1.1046480666083573,2.0912112070604913e-25,1.1046480666083573,0
1414,229,1.1052694149371058,1.2323188017867336e-25,1.1052694149371058,0
3567,480,1.1070740038313804,1.0939454433960173e-25,1.1070740038313804,0
1498,235,1.1075756552941813,1.5020241650070723e-28,1.1075756552941813,0
3530,463,1.1085396876498637,2.3839198970416273e-30,1.1085396876498637,0
268,42,1.1085873035483362,2.7724024748023268e-30,1.1085873035483362,0
1900,260,1.1095583960436746,6.96954218181326e-26,1.1095583960436746,0
2645,298,1.1104110183552545,1.0142871568733388e-30,1.1104110183552545,0
2476,289,1.1115269583092398,4.7304259428668575e-27,1.1115269583092398,0
3707,487,1.112577930352274,2.9883249935968477e-24,1.112577930352274,0
2122,272,1.1129057351932998,5.720281144305475e-25,1.1129057351932998,0
731,113,1.1143284027597207,6.522364782853238e-27,1.1143284027597207,0
2259,276,1.1154592378730348,1.8526917135139477e-26,1.1154592378730348,0
1553,245,1.1168455018767052,4.4503102314880855e-25,1.1168455018767052,0
2217,274,1.116983102959013,2.4989340008632977e-26,1.116983102959013,0
2641,298,1.1175428032602104,1.0142871568733388e-30,1.1175428032602104,0
3581,481,1.1175792971663512,8.455631988510236e-28,1.1175792971663512,0
1045,166,1.1177369404930815,1.2409558305177269e-24,1.1177369404930815,0
120,28,1.1183033417505195,1.869008878488473e-24,1.1183033417505195,0
3098,318,1.119150013654642,6.637070448747963e-29,1.119150013654642,0
940,148,1.1208655651738326,2.1454217678611788e-25,1.1208655651738326,0
1923,261,1.1212675310797229,5.3624751969882235e-25,1.1212675310797229,0
1964,263,1.1221681199447298,1.7038964594948676e-23,1.1221681199447298,0
1507,237,1.1222082272434255,5.7106235911848e-29,1.1222082272434255,0
734,113,1.1229374369356417,6.522364782853238e-27,1.1229374369356417,0
3464,462,1.1232543461245774,7.0960596185736065e-28,1.1232543461245774,0
2703,301,1.124799128123543,2.711902352452219e-29,1.124799128123543,0
3694,487,1.1253138329436467,2.9883249935968477e-24,1.1253138329436467,0
647,100,1.126612542798497,2.0731152394051775e-29,1.126612542798497,0
1744,254,1.1294570211920103,4.444272633072384e-25,1.1294570211920103,0
2891,309,1.1307625572292577,1.2246685840617077e-29,1.1307625572292577,0
1215,194,1.1309101725524453,9.764407436187463e-28,1.1309101725524453,0
2815,306,1.1319940827741108,2.1132916639841704e-26,1.1319940827741108,0
851,131,1.132689896013111,2.4165389839157217e-26,1.132689896013111,0
53,12,1.1340192027626794,1.6892265704665233e-23,1.1340192027626794,0
2405,285,1.1357911367704623,1.7971464052924428e-29,1.1357911367704623,0
2172,273,1.1359473409633762,6.846821228054287e-26,1.1359473409633762,0
901,139,1.1359926990817149,2.1886718129005456e-29,1.1359926990817149,0
1587,246,1.1377397908185962,1.5976570676742676e-24,1.1377397908185962,0
169,32,1.1386288230034398,4.0507377925248253e-26,1.1386288230034398,0
1933,262,1.1407004426721317,8.69839004759892e-25,1.1407004426721317,0
2253,275,1.1409544285114552,1.1005624669508466e-26,1.1409544285114552,0
3314,453,1.1413123746123688,5.656385692464863e-26,1.1413123746123688,0
2633,298,1.1433552623704157,1.0142871568733388e-30,1.1433552623704157,0
833,128,1.1456121391646663,2.7312855592215584e-25,1.1456121391646663,0
2444,287,1.1461023755221558,9.771942072742383e-28,1.1461023755221558,0
976,152,1.1463034054921186,6.6568382395405e-27,1.1463034054921186,0
1816,258,1.1478379162065218,1.1144489704144987e-26,1.1478379162065218,0
780,120,1.1487119072259557,1.4506260391424674e-29,1.1487119072259557,0
1639,248,1.1495889533015635,2.3688774486805515e-24,1.1495889533015635,0
3642,482,1.1497240436916536,2.40942947817167e-30,1.1497240436916536,0
3329,454,1.150455236735367,4.348567572686123e-30,1.150455236735367,0
1465,234,1.1514752735497735,3.806190658616629e-28,1.1514752735497735,0
3317,453,1.1522937262047466,5.656385692464863e-26,1.1522937262047466,0
1137,183,1.1522970941356165,1.5731039681545641e-24,1.1522970941356165,0
3742,488,1.1537516200423108,6.268646962691018e-26,1.1537516200423108,0
2874,309,1.1550185768325527,1.2246685840617077e-29,1.1550185768325527,0
3710,487,1.1552287528132692,2.9883249935968477e-24,1.1552287528132692,0
300,47,1.1555551586142643,3.2653298563260655e-24,1.1555551586142643,0
2115,271,1.155778245226754,1.827221969249202e-24,1.155778245226754,0
2952,312,1.1565354645351786,7.060426745125837e-28,1.1565354645351786,0
2340,282,1.156939904630673,2.0130041089721442e-28,1.156939904630673,0
1224,196,1.1574367135526054,1.4034072219554553e-28,1.1574367135526054,0
2316,280,1.1585518751979764,1.7713524530467065e-29,1.1585518751979764,0
546,87,1.159863009327332,3.9874202258376874e-24,1.159863009327332,0
3500,463,1.1602714736275,2.3839198970416273e-30,1.1602714736275,0
1093,173,1.1609406922250103,1.7032385914674885e-27,1.1609406922250103,0
284,42,1.1613777449842109,2.7724024748023268e-30,1.1613777449842109,0
1154,186,1.161916792644806,2.612762779458561e-24,1.161916792644806,0
641,100,1.162422551354754,2.0731152394051775e-29,1.162422551354754,0
54,13,1.162461874403879,1.3418405923928862e-28,1.162461874403879,0
3732,488,1.1639996477513013,6.268646962691018e-26,1.1639996477513013,0
1250,200,1.1650439114806235,6.44586352796057e-30,1.1650439114806235,0
3223,445,1.1664926571519565,1.8479717796752564e-28,1.1664926571519565,0
1456,233,1.1665084348660262,8.935279372039365e-28,1.1665084348660262,0
1351,217,1.1707811297594228,4.453493579025681e-29,1.1707811297594228,0
1355,217,1.1722906271979803,4.453493579025681e-29,1.1722906271979803,0
148,30,1.1727150267790145,4.960652443641312e-25,1.1727150267790145,0
1357,218,1.1731259942049923,2.051683196669729e-29,1.1731259942049923,0
1962,263,1.1761499303367695,1.7038964594948676e-23,1.1761499303367695,0
287,45,1.1781498918477546,2.8666121829566602e-24,1.1781498918477546,0
3420,462,1.1823816428357583,7.0960596185736065e-28,1.1823816428357583,0
1082,171,1.1826341528008486,1.0789651253395371e-26,1.1826341528008486,0
1288,207,1.183305347625994,6.553762922326039e-25,1.183305347625994,0
96,26,1.1837110131060815,3.434509175098565e-24,1.1837110131060815,0
2650,298,1.1840883313306008,1.0142871568733388e-30,1.1840883313306008,0
1012,158,1.1843954270818384,3.2671154367787785e-29,1.1843954270818384,0
1748,254,1.1855576381725317,4.444272633072384e-25,1.1855576381725317,0
2931,311,1.1857932032033134,1.3917620038740118e-27,1.1857932032033134,0
1971,263,1.185934990078025,1.7038964594948676e-23,1.185934990078025,0
495,77,1.1894894164489018,3.2827144320089552e-28,1.1894894164489018,0
208,36,1.1912689437217847,3.3315275612497254e-28,1.1912689437217847,0
1593,246,1.1921153467113759,1.5976570676742676e-24,1.1921153467113759,0
1109,175,1.1931496389953986,2.496479868138413e-28,1.1931496389953986,0
3761,489,1.193953784814339,4.7018978326794854e-30,1.193953784814339,0
3001,314,1.1940063230701867,1.8188522307993302e-29,1.1940063230701867,0
3117,319,1.1941019741292223,1.5230842608637033e-29,1.1941019741292223,0
2108,271,1.1951214167250828,1.827221969249202e-24,1.1951214167250828,0
322,49,1.196453228625778,6.500386250137094e-25,1.196453228625778,0
3453,462,1.1969370093610077,7.0960596185736065e-28,1.1969370093610077,0
1684,251,1.1972802058267449,5.641995891267915e-24,1.1972802058267449,0
2790,305,1.1973268118853435,7.150180119874699e-25,1.1973268118853435,0
3193,444,1.1985274851752958,3.2308369680466237e-28,1.1985274851752958,0
3593,481,1.199110251374067,8.455631988510236e-28,1.199110251374067,0
3059,315,1.2005095469943958,1.02523651693438e-29,1.2005095469943958,0
631,99,1.2010827360180711,4.4956070198971693e-29,1.2010827360180711,0
2537,292,1.2030369973785557,7.997209463249716e-29,1.2030369973785557,0
2455,287,1.203504806796119,9.771942072742383e-28,1.203504806796119,0
3218,444,1.2035682379257713,3.2308369680466237e-28,1.2035682379257713,0
1074,170,1.205130190647086,2.6084578974784926e-26,1.205130190647086,0
3686,487,1.2054336097504765,2.9883249935968477e-24,1.2054336097504765,0
3370,454,1.2054545971281023,4.348567572686123e-30,1.2054545971281023,0
85,19,1.2066068343106733,1.8503640056219645e-41,1.2066068343106733,0
430,68,1.2080834781141656,2.6105407066561004e-24,1.2080834781141656,0
2406,285,1.2088016488722613,1.7971464052924428e-29,1.2088016488722613,0
48,12,1.2096675209379415,1.6892265704665233e-23,1.2096675209379415,0
608,94,1.2100434817217116,4.197759342700393e-27,1.2100434817217116,0
1418,229,1.210710865012118,1.2323188017867336e-25,1.210710865012118,0
3432,462,1.211072093708537,7.0960596185736065e-28,1.211072093708537,0
3396,461,1.2111507447730792,4.1238349233958415e-25,1.2111507447730792,0
1268,204,1.2113215946666598,3.902466855730662e-24,1.2113215946666598,0
1135,181,1.2114650103706037,2.1323111813026017e-30,1.2114650103706037,0
2255,275,1.2121122058483085,1.1005624669508466e-26,1.2121122058483085,0
2145,273,1.2123939127005599,6.846821228054287e-26,1.2123939127005599,0
3341,454,1.2128032849927795,4.348567572686123e-30,1.2128032849927795,0
3385,454,1.2134387843035601,4.348567572686123e-30,1.2134387843035601,0
848,130,1.2140239431885758,5.664514665718794e-26,1.2140239431885758,0
587,92,1.2148200642093674,2.548819257616288e-26,1.2148200642093674,0
1263,203,1.2148531173722763,2.1284000530485597e-24,1.2148531173722763,0
2665,300,1.2155824814620495,3.2576137516329277e-41,1.2155824814620495,0
2805,306,1.2156630637094874,2.1132916639841704e-26,1.2156630637094874,0
245,40,1.2171361849206543,3.1948726159944493e-29,1.2171361849206543,0
2065,270,1.2189041691568367,5.680891685164823e-24,1.2189041691568367,0
2264,276,1.218966838886082,1.8526917135139477e-26,1.218966838886082,0
1910,261,1.219958420040195,5.3624751969882235e-25,1.219958420040195,0
3607,481,1.2206714914415693,8.455631988510236e-28,1.2206714914415693,0
2544,292,1.2227334032792083,7.997209463249716e-29,1.2227334032792083,0
581,91,1.2232898368215162,6.430096136261102e-26,1.2232898368215162,0
3416,462,1.2237389945555424,7.0960596185736065e-28,1.2237389945555424,0
936,147,1.223851271229912,4.892097839792291e-25,1.223851271229912,0
632,99,1.2238836734136098,4.4956070198971693e-29,1.2238836734136098,0
104,26,1.2251501570542547,3.434509175098565e-24,1.2251501570542547,0
712,110,1.227016437170237,9.119426388820319e-26,1.227016437170237,0
2046,268,1.227802932961107,1.328006199384098e-21,1.227802932961107,0
1775,255,1.2282742900230228,1.7581895029642372e-27,1.2282742900230228,0
2990,313,1.2294213082736285,6.538299196927555e-29,1.2294213082736285,0
406,62,1.2309073316551526,3.6928754313906336e-30,1.2309073316551526,0
1389,225,1.231143600605166,3.1754299703047337e-24,1.231143600605166,0
1731,254,1.2332959494703466,4.444272633072384e-25,1.2332959494703466,0
1745,254,1.2334550051171969,4.444272633072384e-25,1.2334550051171969,0
599,94,1.2339368443023497,4.197759342700393e-27,1.2339368443023497,0
1741,254,1.2342782066780265,4.444272633072384e-25,1.2342782066780265,0
1017,158,1.2344122195837028,3.2671154367787785e-29,1.2344122195837028,0
3348,454,1.2348581333236506,4.348567572686123e-30,1.2348581333236506,0
1560,245,1.235602068153859,4.4503102314880855e-25,1.235602068153859,0
1794,257,1.2375848261271025,1.6759273083987564e-26,1.2375848261271025,0
2446,287,1.2377826510466332,9.771942072742383e-28,1.2377826510466332,0
3315,453,1.2385846771045346,5.656385692464863e-26,1.2385846771045346,0
40,9,1.2388167814242905,2.1620007902849304e-24,1.2388167814242905,0
215,36,1.2390040222404834,3.3315275612497254e-28,1.2390040222404834,0
977,152,1.2393871588674625,6.6568382395405e-27,1.2393871588674625,0
965,151,1.2407423295849218,1.6046080125001814e-26,1.2407423295849218,0
605,94,1.2419973744661423,4.197759342700393e-27,1.2419973744661423,0
2228,275,1.2427407899240424,1.1005624669508466e-26,1.2427407899240424,0
242,39,1.2429229386654193,4.997355662782886e-29,1.2429229386654193,0
1443,233,1.244268665785888,8.935279372039365e-28,1.244268665785888,0
224,37,1.2457038082752958,1.2393209547689106e-28,1.2457038082752958,0
1314,211,1.2466767992126755,1.2460459650610107e-26,1.2466767992126755,0
550,88,1.2477899361336369,1.2398616733378169e-24,1.2477899361336369,0
3017,314,1.248289475019408,1.8188522307993302e-29,1.248289475019408,0
3424,462,1.2484264911179077,7.0960596185736065e-28,1.2484264911179077,0
1337,214,1.2496344736854124,4.723750617674512e-28,1.2496344736854124,0
1960,263,1.2500208746961956,1.7038964594948676e-23,1.2500208746961956,0
682,108,1.2507902362780394,4.880097450743139e-25,1.2507902362780394,0
2824,306,1.2508631091389097,2.1132916639841704e-26,1.2508631091389097,0
2538,292,1.2523482986091872,7.997209463249716e-29,1.2523482986091872,0
1595,246,1.2529270668112595,1.5976570676742676e-24,1.2529270668112595,0
874,134,1.2529332765091081,1.6870286023134237e-27,1.2529332765091081,0
3722,487,1.2534754690010106,2.9883249935968477e-24,1.2534754690010106,0
2736,304,1.2538099921194192,1.3430007815748096e-23,1.2538099921194192,0
1462,233,1.2539723196167147,8.935279372039365e-28,1.2539723196167147,0
1947,263,1.2551685638578378,1.7038964594948676e-23,1.2551685638578378,0
666,106,1.2558803401810312,3.1874881173121603e-24,1.2558803401810312,0
3648,482,1.2578821561744806,2.40942947817167e-30,1.2578821561744806,0
944,148,1.258122916259521,2.1454217678611788e-25,1.258122916259521,0
1909,261,1.2583073086302536,5.3624751969882235e-25,1.2583073086302536,0
1077,171,1.2586413093598277,1.0789651253395371e-26,1.2586413093598277,0
1308,210,1.2591705769270747,2.7950651799215533e-26,1.2591705769270747,0
728,113,1.26131635696216,6.522364782853238e-27,1.26131635696216,0
982,153,1.2614856620288328,2.7011544412473964e-27,1.2614856620288328,0
2178,273,1.2621283043119504,6.846821228054287e-26,1.2621283043119504,0
1750,254,1.2623491291988327,4.444272633072384e-25,1.2623491291988327,0
1944,262,1.2628156131131534,8.69839004759892e-25,1.2628156131131534,0
1506,237,1.263573646823093,5.7106235911848e-29,1.263573646823093,0
1779,256,1.263627683591688,6.915397280774362e-27,1.263627683591688,0
1353,217,1.2642885883722372,4.453493579025681e-29,1.2642885883722372,0
2434,286,1.2653509902398714,3.7282029548774426e-28,1.2653509902398714,0
2481,289,1.265351217085639,4.7304259428668575e-27,1.265351217085639,0
2711,301,1.2658526981988676,2.711902352452219e-29,1.2658526981988676,0
1108,175,1.2668492455991247,2.496479868138413e-28,1.2668492455991247,0
3245,445,1.2669055591587879,1.8479717796752564e-28,1.2669055591587879,0
617,97,1.2679671245697455,2.394092635032564e-28,1.2679671245697455,0
2119,271,1.2680546367402201,1.827221969249202e-24,1.2680546367402201,0
2695,301,1.268621991845965,2.711902352452219e-29,1.268621991845965,0
2044,268,1.2718746489706716,1.328006199384098e-21,1.2718746489706716,0
1302,209,1.272155145638796,6.783391651593969e-26,1.272155145638796,0
2197,274,1.2744429829034216,2.4989340008632977e-26,1.2744429829034216,0
1201,192,1.2745518242903129,7.298145784438759e-27,1.2745518242903129,0
82,18,1.2747733795799234,3.940083183919697e-34,1.2747733795799234,0
2089,270,1.2759064899727588,5.680891685164823e-24,1.2759064899727588,0
1197,191,1.2767393968670633,1.7571561589824764e-26,1.2767393968670633,0
1606,247,1.2786546487242376,6.590791384412802e-24,1.2786546487242376,0
1566,245,1.2800098234230917,4.4503102314880855e-25,1.2800098234230917,0
2185,273,1.2811076154627836,6.846821228054287e-26,1.2811076154627836,0
786,120,1.2820883400116436,1.4506260391424674e-29,1.2820883400116436,0
1957,263,1.2833816326249676,1.7038964594948676e-23,1.2833816326249676,0
3628,481,1.285964334965671,8.455631988510236e-28,1.285964334965671,0
3206,444,1.2896630845961916,3.2308369680466237e-28,1.2896630845961916,0
2592,294,1.2926936504452329,2.8640894165112103e-25,1.2926936504452329,0
3554,480,1.2935091494278883,1.0939454433960173e-25,1.2935091494278883,0
2861,309,1.2947809252414206,1.2246685840617077e-29,1.2947809252414206,0
1416,229,1.2952791075655894,1.2323188017867336e-25,1.2952791075655894,0
3016,314,1.296144286653701,1.8188522307993302e-29,1.296144286653701,0
2906,310,1.296742581958894,5.841796292696324e-27,1.296742581958894,0
1471,234,1.297027208046756,3.806190658616629e-28,1.297027208046756,0
2243,275,1.299122617977664,1.1005624669508466e-26,1.299122617977664,0
218,36,1.3009279738612884,3.3315275612497254e-28,1.3009279738612884,0
765,117,1.3010647368929948,1.6783207165471738e-28,1.3010647368929948,0
1441,232,1.3011387639161285,9.418268411727729e-27,1.3011387639161285,0
1990,265,1.3025352518486764,1.4071389461247375e-21,1.3025352518486764,0
1482,234,1.3029646205613408,3.806190658616629e-28,1.3029646205613408,0
526,85,1.3033764687509517,1.0042175829288735e-24,1.3033764687509517,0
1747,254,1.3034294913110203,4.444272633072384e-25,1.3034294913110203,0
1264,204,1.3037864379735264,3.902466855730662e-24,1.3037864379735264,0
1523,239,1.3041144635937405,8.193117360888574e-30,1.3041144635937405,0
2097,270,1.305184138625437,5.680891685164823e-24,1.305184138625437,0
3438,462,1.3055892974825964,7.0960596185736065e-28,1.3055892974825964,0
2698,301,1.3065346568328926,2.711902352452219e-29,1.3065346568328926,0
1856,259,1.3075565687160737,2.7057471472795516e-26,1.3075565687160737,0
905,139,1.3085330637094885,2.1886718129005456e-29,1.3085330637094885,0
582,91,1.308584933622285,6.430096136261102e-26,1.308584933622285,0
1013,158,1.3093544836542148,3.2671154367787785e-29,1.3093544836542148,0
2166,273,1.3100365098835567,6.846821228054287e-26,1.3100365098835567,0
3127,319,1.310398220808162,1.5230842608637033e-29,1.310398220808162,0
1452,233,1.3138128236735065,8.935279372039365e-28,1.3138128236735065,0
3211,444,1.3149420502905378,3.2308369680466237e-28,1.3149420502905378,0
1166,188,1.3157941208319557,3.369087753803011e-25,1.3157941208319557,0
490,76,1.3161280095093741,9.267913989665761e-28,1.3161280095093741,0
1364,220,1.3165235987847144,4.2909060714623264e-30,1.3165235987847144,0
1287,207,1.3187347110017311,6.553762922326039e-25,1.3187347110017311,0
1845,259,1.3195924334739135,2.7057471472795516e-26,1.3195924334739135,0
604,94,1.3200042669596475,4.197759342700393e-27,1.3200042669596475,0
3149,443,1.3200610869473168,1.9721031459475644e-32,1.3200610869473168,0
856,132,1.3202926951902805,1.0129948045156376e-26,1.3202926951902805,0
3267,452,1.3219045348931957,5.941349408358543e-24,1.3219045348931957,0
2101,270,1.323002489079837,5.680891685164823e-24,1.323002489079837,0
740,114,1.3238708306041727,2.641973918939006e-27,1.3238708306041727,0
3606,481,1.3244413686822383,8.455631988510236e-28,1.3244413686822383,0
2049,269,1.3283016674750485,1.5639571397838467e-21,1.3283016674750485,0
2777,305,1.3284388246989076,7.150180119874699e-25,1.3284388246989076,0
984,153,1.329363565516005,2.7011544412473964e-27,1.329363565516005,0
2427,286,1.3311600602267946,3.7282029548774426e-28,1.3311600602267946,0
1007,157,1.334139224802408,7.345495162224027e-29,1.334139224802408,0
203,36,1.3350235853235615,3.3315275612497254e-28,1.3350235853235615,0
2781,305,1.3358489808381033,7.150180119874699e-25,1.3358489808381033,0
1094,174,1.3368790463280849,6.397959385459314e-28,1.3368790463280849,0
197,35,1.3375311242044996,9.245200704131146e-28,1.3375311242044996,0
817,125,1.3386942990114374,2.100549707762467e-24,1.3386942990114374,0
1542,243,1.3392073827835271,6.385505771004079e-29,1.3392073827835271,0
1291,207,1.3392554754937536,6.553762922326039e-25,1.3392554754937536,0
2988,312,1.3394836869547482,7.060426745125837e-28,1.3394836869547482,0
3557,480,1.3399505248411214,1.0939454433960173e-25,1.3399505248411214,0
2317,280,1.3401873523708958,1.7713524530467065e-29,1.3401873523708958,0
2697,301,1.3421932269073973,2.711902352452219e-29,1.3421932269073973,0
3680,487,1.3434309389952934,2.9883249935968477e-24,1.3434309389952934,0
141,29,1.3437016037914122,1.017095435499152e-24,1.3437016037914122,0
2587,294,1.3440082446862527,2.8640894165112103e-25,1.3440082446862527,0
914,141,1.345633175825302,4.611089377276514e-30,1.345633175825302,0
2210,274,1.3465391401410478,2.4989340008632977e-26,1.3465391401410478,0
511,80,1.3468458608850171,2.9127952039737127e-29,1.3468458608850171,0
2636,298,1.3476603158869134,1.0142871568733388e-30,1.3476603158869134,0
356,53,1.3480642154477513,1.1564462378685326e-26,1.3480642154477513,0
1305,210,1.3516656659203377,2.7950651799215533e-26,1.3516656659203377,0
2732,303,1.3531716773698652,2.4138211685067403e-22,1.3531716773698652,0
3056,315,1.3542659251853455,1.02523651693438e-29,1.3542659251853455,0
3616,481,1.3550414975340832,8.455631988510236e-28,1.3550414975340832,0
1879,260,1.355285565116447,6.96954218181326e-26,1.355285565116447,0
3109,318,1.3563547796060007,6.637070448747963e-29,1.3563547796060007,0
878,135,1.3587582069190574,6.726795241245832e-28,1.3587582069190574,0
3272,452,1.3591800977758355,5.941349408358543e-24,1.3591800977758355,0
3574,480,1.359655611141088,1.0939454433960173e-25,1.359655611141088,0
1798,257,1.361837489527297,1.6759273083987564e-26,1.361837489527297,0
2841,308,1.361988310072229,2.552969471959978e-29,1.361988310072229,0
1078,171,1.3629838865105721,1.0789651253395371e-26,1.3629838865105721,0
3194,444,1.3630795554126356,3.2308369680466237e-28,1.3630795554126356,0
1880,260,1.3644048817967989,6.96954218181326e-26,1.3644048817967989,0
2025,267,1.3664792988223682,3.342515927077984e-27,1.3664792988223682,0
2010,266,1.3672524256433398,1.3929564889003732e-27,1.3672524256433398,0
1117,177,1.3672675421546114,4.747098781450552e-29,1.3672675421546114,0
118,28,1.368242670822397,1.869008878488473e-24,1.368242670822397,0
2764,305,1.368305079386511,7.150180119874699e-25,1.368305079386511,0
123,28,1.3685302489294244,1.869008878488473e-24,1.3685302489294244,0
3247,445,1.3686455607067263,1.8479717796752564e-28,1.3686455607067263,0
2596,294,1.3699700399849661,2.8640894165112103e-25,1.3699700399849661,0
3483,463,1.3708437143974195,2.3839198970416273e-30,1.3708437143974195,0
2782,305,1.3710596335024534,7.150180119874699e-25,1.3710596335024534,0
747,115,1.3754867375929403,1.0452387530471865e-27,1.3754867375929403,0
2371,284,1.3758130485932685,8.690851390067876e-30,1.3758130485932685,0
3167,444,1.3759721651564611,3.2308369680466237e-28,1.3759721651564611,0
2249,275,1.3766707188644214,1.1005624669508466e-26,1.3766707188644214,0
1056,168,1.376843604971098,1.6903950303777449e-25,1.376843604971098,0
2297,279,1.3770502061753913,4.720321602639091e-29,1.3770502061753913,0
818,126,1.377405198595653,9.750965169062085e-25,1.377405198595653,0
2853,309,1.378030995276869,1.2246685840617077e-29,1.378030995276869,0
3004,314,1.379745191096532,1.8188522307993302e-29,1.379745191096532,0
2407,285,1.379921570407097,1.7971464052924428e-29,1.379921570407097,0
2491,290,1.3801787989807752,2.4717911348676296e-29,1.3801787989807752,0
3090,317,1.380500945941507,1.6424145040209993e-28,1.380500945941507,0
1027,160,1.3805846560954391,6.784747056255832e-30,1.3805846560954391,0
3103,318,1.3815923137077835,6.637070448747963e-29,1.3815923137077835,0
155,31,1.3832401225265438,1.151048346431841e-25,1.3832401225265438,0
2621,297,1.3846891967657617,2.8967584601099325e-20,1.3846891967657617,0
138,29,1.385954100715069,1.017095435499152e-24,1.385954100715069,0
2017,267,1.3860326534735574,3.342515927077984e-27,1.3860326534735574,0
485,76,1.3860937155722866,9.267913989665761e-28,1.3860937155722866,0
1820,258,1.3877255546332508,1.1144489704144987e-26,1.3877255546332508,0
2149,273,1.3877666900104453,6.846821228054287e-26,1.3877666900104453,0
707,110,1.3898782911798848,9.119426388820319e-26,1.3898782911798848,0
1320,212,1.3904428614807798,4.740023069640509e-27,1.3904428614807798,0
36,8,1.3928844968839762,1.2191603627406985e-23,1.3928844968839762,0
750,115,1.393955336537314,1.0452387530471865e-27,1.393955336537314,0
2951,312,1.3941209554464067,7.060426745125837e-28,1.3941209554464067,0
2304,280,1.395108682471404,1.7713524530467065e-29,1.395108682471404,0
2503,290,1.396414563259653,2.4717911348676296e-29,1.396414563259653,0
1994,265,1.3989019320529252,1.4071389461247375e-21,1.3989019320529252,0
3324,453,1.4001306281899237,5.656385692464863e-26,1.4001306281899237,0
114,27,1.400930089221153,2.790083688388882e-24,1.400930089221153,0
3454,462,1.4011514841572639,7.0960596185736065e-28,1.4011514841572639,0
3790,489,1.4017956813080235,4.7018978326794854e-30,1.4017956813080235,0
1594,246,1.402060792255038,1.5976570676742676e-24,1.402060792255038,0
2174,273,1.4032721127496748,6.846821228054287e-26,1.4032721127496748,0
1892,260,1.404290001775353,6.96954218181326e-26,1.404290001775353,0
655,101,1.4060256073695496,9.554138935813822e-30,1.4060256073695496,0
404,61,1.4064080931767038,9.042288290139416e-30,1.4064080931767038,0
63,16,1.408418293507239,4.0269764087132746e-29,1.408418293507239,0
1649,248,1.4086577757301297,2.3688774486805515e-24,1.4086577757301297,0
961,150,1.4092599740998502,3.841562158646549e-26,1.4092599740998502,0
2809,306,1.4097578331052414,2.1132916639841704e-26,1.4097578331052414,0
3712,487,1.412478505025096,2.9883249935968477e-24,1.412478505025096,0
1532,239,1.412765979924586,8.193117360888574e-30,1.412765979924586,0
3740,488,1.4133467550515888,6.268646962691018e-26,1.4133467550515888,0
3709,487,1.4150740663297587,2.9883249935968477e-24,1.4150740663297587,0
1497,235,1.4151238058968185,1.5020241650070723e-28,1.4151238058968185,0
646,100,1.4202346807734534,2.0731152394051775e-29,1.4202346807734534,0
802,124,1.420576838467824,1.1295631448857556e-21,1.420576838467824,0
1386,225,1.4213204936312334,3.1754299703047337e-24,1.4213204936312334,0
3177,444,1.421363762078465,3.2308369680466237e-28,1.421363762078465,0
177,33,1.4217922927797684,1.894827670968983e-26,1.4217922927797684,0
3509,463,1.4222358629614105,2.3839198970416273e-30,1.4222358629614105,0
3270,452,1.4231750713882945,5.941349408358543e-24,1.4231750713882945,0
917,144,1.423671113980559,1.0501681444282721e-23,1.423671113980559,0
2831,307,1.4236883409383827,3.448863125291685e-29,1.4236883409383827,0
1851,259,1.4239370307349752,2.7057471472795516e-26,1.4239370307349752,0
1384,225,1.4249678482354935,3.1754299703047337e-24,1.4249678482354935,0
318,48,1.425458122988815,1.551783134015898e-24,1.425458122988815,0
3191,444,1.4259901525582228,3.2308369680466237e-28,1.4259901525582228,0
884,136,1.4262746318609916,2.710166873975015e-28,1.4262746318609916,0
1558,245,1.4265871407732043,4.4503102314880855e-25,1.4265871407732043,0
3403,461,1.4299657838690254,4.1238349233958415e-25,1.4299657838690254,0
1813,258,1.4307485770573494,1.1144489704144987e-26,1.4307485770573494,0
103,26,1.4314302853038243,3.434509175098565e-24,1.4314302853038243,0
76,17,1.4315742707332235,4.258078492220581e-28,1.4315742707332235,0
3450,462,1.4341148411031122,7.0960596185736065e-28,1.4341148411031122,0
934,146,1.4344925250935086,1.1221900241602137e-24,1.4344925250935086,0
609,95,1.4355265501230376,1.631736772643244e-27,1.4355265501230376,0
402,60,1.4361963638913957,1.958085022139744e-29,1.4361963638913957,0
2198,274,1.4367772360611606,2.4989340008632977e-26,1.4367772360611606,0
2045,268,1.4370156380786259,1.328006199384098e-21,1.4370156380786259,0
261,41,1.4370611716210044,8.061278130251574e-30,1.4370611716210044,0
1134,180,1.4394125117297452,4.510419552401776e-30,1.4394125117297452,0
2977,312,1.4405898599478222,7.060426745125837e-28,1.4405898599478222,0
3669,487,1.441073152387737,2.9883249935968477e-24,1.441073152387737,0
946,149,1.4422141039781915,9.15925207038861e-26,1.4422141039781915,0
479,74,1.444189165499775,6.841446507141857e-27,1.444189165499775,0
1688,251,1.4447678080918696,5.641995891267915e-24,1.4447678080918696,0
377,56,1.4449402487063865,4.454126582392267e-28,1.4449402487063865,0
580,91,1.446206809401602,6.430096136261102e-26,1.446206809401602,0
1831,258,1.4467403235947962,1.1144489704144987e-26,1.4467403235947962,0
3777,489,1.4474210080093828,4.7018978326794854e-30,1.4474210080093828,0
2124,272,1.4486752486330885,5.720281144305475e-25,1.4486752486330885,0
1773,255,1.4488257280068275,1.7581895029642372e-27,1.4488257280068275,0
1959,263,1.4490236306645004,1.7038964594948676e-23,1.4490236306645004,0
2135,272,1.4491386711421927,5.720281144305475e-25,1.4491386711421927,0
931,146,1.4496080017526867,1.1221900241602137e-24,1.4496080017526867,0
2748,304,1.451729651092985,1.3430007815748096e-23,1.451729651092985,0
1662,249,1.4528642929410411,1.163477174492006e-24,1.4528642929410411,0
1604,247,1.4531742479440106,6.590791384412802e-24,1.4531742479440106,0
1051,167,1.4534936353946883,4.496968542076425e-25,1.4534936353946883,0
2130,272,1.453709115986391,5.720281144305475e-25,1.453709115986391,0
1356,218,1.4565462524774724,2.051683196669729e-29,1.4565462524774724,0
880,135,1.457821377005963,6.726795241245832e-28,1.457821377005963,0
3418,462,1.458337271154632,7.0960596185736065e-28,1.458337271154632,0
1817,258,1.4585422587664545,1.1144489704144987e-26,1.4585422587664545,0
3222,444,1.4590899544690203,3.2308369680466237e-28,1.4590899544690203,0
3302,453,1.4602996318651065,5.656385692464863e-26,1.4602996318651065,0
1607,247,1.4605159031110253,6.590791384412802e-24,1.4605159031110253,0
2693,301,1.4606341169422794,2.711902352452219e-29,1.4606341169422794,0
3388,454,1.46096147721033,4.348567572686123e-30,1.46096147721033,0
915,144,1.462933636077082,1.0501681444282721e-23,1.462933636077082,0
365,55,1.4633739537544457,1.381146375873703e-27,1.4633739537544457,0
43,11,1.4646293040938352,1.7574627201916346e-23,1.4646293040938352,0
2840,308,1.4648758287482022,2.552969471959978e-29,1.4648758287482022,0
3369,454,1.4671188790053054,4.348567572686123e-30,1.4671188790053054,0
2839,308,1.4696159984876787,2.552969471959978e-29,1.4696159984876787,0
1095,174,1.4710853795202496,6.397959385459314e-28,1.4710853795202496,0
2713,301,1.4718704069079878,2.711902352452219e-29,1.4718704069079878,0
345,52,1.4719260255461768,2.667822414165198e-26,1.4719260255461768,0
999,156,1.472938448872396,1.7181078690332215e-28,1.472938448872396,0
46,12,1.4729501858680814,1.6892265704665233e-23,1.4729501858680814,0
1789,256,1.4738029569802562,6.915397280774362e-27,1.4738029569802562,0
380,57,1.4767623252091586,1.543778336565259e-28,1.4767623252091586,0
1464,234,1.477098198366102,3.806190658616629e-28,1.477098198366102,0
3478,463,1.4779769863091368,2.3839198970416273e-30,1.4779769863091368,0
2028,267,1.4787015694495973,3.342515927077984e-27,1.4787015694495973,0
1730,254,1.4790083891515688,4.444272633072384e-25,1.4790083891515688,0
1097,174,1.4809371861539415,6.397959385459314e-28,1.4809371861539415,0
3020,314,1.4818147077716826,1.8188522307993302e-29,1.4818147077716826,0
2551,293,1.4831731512726951,2.2904022022242663e-25,1.4831731512726951,0
1191,191,1.488150824338904,1.7571561589824764e-26,1.488150824338904,0
337,51,1.4887005795670292,6.611570480671493e-26,1.4887005795670292,0
1232,197,1.489130874099308,6.572664010847163e-29,1.489130874099308,0
1511,237,1.4902432731498598,5.7106235911848e-29,1.4902432731498598,0
1725,254,1.4907841243596855,4.444272633072384e-25,1.4907841243596855,0
2780,305,1.490912290902417,7.150180119874699e-25,1.490912290902417,0
2875,309,1.4910005508770157,1.2246685840617077e-29,1.4910005508770157,0
50,12,1.4917510786177162,1.6892265704665233e-23,1.4917510786177162,0
3492,463,1.4917641770657748,2.3839198970416273e-30,1.4917641770657748,0
3150,443,1.4922702911645909,1.9721031459475644e-32,1.4922702911645909,0
2923,311,1.4952478051662486,1.3917620038740118e-27,1.4952478051662486,0
1997,266,1.4960480016001325,1.3929564889003732e-27,1.4960480016001325,0
1446,233,1.496933895129079,8.935279372039365e-28,1.496933895129079,0
2338,282,1.4971870812307568,2.0130041089721442e-28,1.4971870812307568,0
3217,444,1.4974128054108453,3.2308369680466237e-28,1.4974128054108453,0
2882,309,1.4978670622128776,1.2246685840617077e-29,1.4978670622128776,0
528,85,1.4982586584527073,1.0042175829288735e-24,1.4982586584527073,0
626,98,1.5006270130025479,1.0029595201287881e-28,1.5006270130025479,0
2006,266,1.5045478820328024,1.3929564889003732e-27,1.5045478820328024,0
1819,258,1.5046609692673594,1.1144489704144987e-26,1.5046609692673594,0
2919,310,1.5047374857913938,5.841796292696324e-27,1.5047374857913938,0
3649,482,1.5065057973562908,2.40942947817167e-30,1.5065057973562908,0
1238,198,1.5107058657511983,3.136414358543788e-29,1.5107058657511983,0
1362,219,1.51289166369159,9.087584910223158e-30,1.51289166369159,0
2193,274,1.5151172385958853,2.4989340008632977e-26,1.5151172385958853,0
283,42,1.5166053726323439,2.7724024748023268e-30,1.5166053726323439,0
327,49,1.5168309679380696,6.500386250137094e-25,1.5168309679380696,0
1991,265,1.5183242658814766,1.4071389461247375e-21,1.5183242658814766,0
2863,309,1.5193843959710005,1.2246685840617077e-29,1.5193843959710005,0
8,5,1.520120651902048,2.13853008760558e-32,1.520120651902048,0
3153,443,1.5206978907901327,1.9721031459475644e-32,1.5206978907901327,0
557,89,1.521872906195376,4.477668575855958e-25,1.521872906195376,0
3123,319,1.5222645204534284,1.5230842608637033e-29,1.5222645204534284,0
2728,303,1.522640860350278,2.4138211685067403e-22,1.522640860350278,0
3334,454,1.523285147588924,4.348567572686123e-30,1.523285147588924,0
441,70,1.523319504004488,3.349143510606433e-25,1.523319504004488,0
507,79,1.523445395167592,6.054852193262741e-29,1.523445395167592,0
2315,280,1.5248425952637872,1.7713524530467065e-29,1.5248425952637872,0
3347,454,1.525961943201843,4.348567572686123e-30,1.525961943201843,0
2985,312,1.5281142882122711,7.060426745125837e-28,1.5281142882122711,0
2483,289,1.528427930559731,4.7304259428668575e-27,1.528427930559731,0
320,49,1.5290138461484015,6.500386250137094e-25,1.5290138461484015,0
778,120,1.5303471672922668,1.4506260391424674e-29,1.5303471672922668,0
1862,259,1.5303567411422379,2.7057471472795516e-26,1.5303567411422379,0
1240,198,1.5310827613186686,3.136414358543788e-29,1.5310827613186686,0
3435,462,1.5314767575449488,7.0960596185736065e-28,1.5314767575449488,0
3025,314,1.532117518288117,1.8188522307993302e-29,1.532117518288117,0
3163,444,1.5325149772208435,3.2308369680466237e-28,1.5325149772208435,0
2642,298,1.5329015377849746,1.0142871568733388e-30,1.5329015377849746,0
1992,265,1.533089290265195,1.4071389461247375e-21,1.533089290265195,0
368,55,1.5358652323442965,1.381146375873703e-27,1.5358652323442965,0
2816,306,1.5358662880730394,2.1132916639841704e-26,1.5358662880730394,0
469,74,1.536209515527818,6.841446507141857e-27,1.536209515527818,0
1786,256,1.5364498700750995,6.915397280774362e-27,1.5364498700750995,0
3242,445,1.5366931390131275,1.8479717796752564e-28,1.5366931390131275,0
2540,292,1.5429708979137702,7.997209463249716e-29,1.5429708979137702,0
293,46,1.543691650408508,4.2530202314216874e-24,1.543691650408508,0
3627,481,1.5438773151104728,8.455631988510236e-28,1.5438773151104728,0
960,150,1.5458397533453923,3.841562158646549e-26,1.5458397533453923,0
3058,315,1.5464425485587683,1.02523651693438e-29,1.5464425485587683,0
3111,318,1.5477720343247678,6.637070448747963e-29,1.5477720343247678,0
2374,284,1.5485176742518996,8.690851390067876e-30,1.5485176742518996,0
839,129,1.548970376366118,1.2828554249259361e-25,1.548970376366118,0
1680,251,1.5504370397870577,5.641995891267915e-24,1.5504370397870577,0
18,6,1.5521687803597297,1.22103787351875e-27,1.5521687803597297,0
185,35,1.5530036542759897,9.245200704131146e-28,1.5530036542759897,0
2944,312,1.555116903787444,7.060426745125837e-28,1.555116903787444,0
1348,216,1.557068391818763,8.134709146550861e-29,1.557068391818763,0
3162,443,1.5574777117024776,1.9721031459475644e-32,1.5574777117024776,0
1369,223,1.5578869042416696,1.2352978815231965e-24,1.5578869042416696,0
3688,487,1.5585450392988713,2.9883249935968477e-24,1.5585450392988713,0
1026,159,1.5592170484548484,1.4824123429938491e-29,1.5592170484548484,0
2965,312,1.560534315705017,7.060426745125837e-28,1.560534315705017,0
649,101,1.5633043354053295,9.554138935813822e-30,1.5633043354053295,0
2489,289,1.5638162587568962,4.7304259428668575e-27,1.5638162587568962,0
2347,282,1.5647037835001485,2.0130041089721442e-28,1.5647037835001485,0
3084,317,1.5652038913445485,1.6424145040209993e-28,1.5652038913445485,0
2350,282,1.5654470532985696,2.0130041089721442e-28,1.5654470532985696,0
1537,240,1.567443621715867,7.199229699629983e-30,1.567443621715867,0
2229,275,1.567970231527384,1.1005624669508466e-26,1.567970231527384,0
634,99,1.5681193967095222,4.4956070198971693e-29,1.5681193967095222,0
1771,255,1.571110494910015,1.7581895029642372e-27,1.571110494910015,0
3246,445,1.5717974773524905,1.8479717796752564e-28,1.5717974773524905,0
88,25,1.5726220265388182,2.0067128058301513e-24,1.5726220265388182,0
3801,497,1.5732372442923994,5.610949952447188e-28,1.5732372442923994,0
2871,309,1.5732412544451018,1.2246685840617077e-29,1.5732412544451018,0
69,17,1.5735427126635149,4.258078492220581e-28,1.5735427126635149,0
3134,319,1.5737225546203155,1.5230842608637033e-29,1.5737225546203155,0
2836,307,1.5747145215811766,3.448863125291685e-29,1.5747145215811766,0
2081,270,1.5758402044364008,5.680891685164823e-24,1.5758402044364008,0
2074,270,1.5773918724757168,5.680891685164823e-24,1.5773918724757168,0
2425,286,1.578995492425358,3.7282029548774426e-28,1.578995492425358,0
3187,444,1.5806079951979974,3.2308369680466237e-28,1.5806079951979974,0
403,60,1.5813023889039595,1.958085022139744e-29,1.5813023889039595,0
1274,205,1.5824078967151745,3.320057320057209e-24,1.5824078967151745,0
664,105,1.583018113009271,1.0989909935396408e-23,1.583018113009271,0
2932,311,1.5832957202256364,1.3917620038740118e-27,1.5832957202256364,0
855,131,1.5836909746795242,2.4165389839157217e-26,1.5836909746795242,0
1648,248,1.584153506358954,2.3688774486805515e-24,1.584153506358954,0
2800,306,1.5843971473042529,2.1132916639841704e-26,1.5843971473042529,0
1901,260,1.5865571004624281,6.96954218181326e-26,1.5865571004624281,0
2605,295,1.5874761580545227,3.601852263090341e-23,1.5874761580545227,0
1481,234,1.587484274033311,3.806190658616629e-28,1.587484274033311,0
1718,253,1.5878799860016706,1.4637357022017424e-24,1.5878799860016706,0
3283,452,1.5896635170568738,5.941349408358543e-24,1.5896635170568738,0
455,72,1.59311823720766,4.1531917821118835e-26,1.59311823720766,0
1538,241,1.5931501928713003,2.000317156462021e-30,1.5931501928713003,0
157,31,1.5950680383906783,1.151048346431841e-25,1.5950680383906783,0
2284,278,1.595225848728197,1.862495501842197e-27,1.595225848728197,0
1366,223,1.596291385834619,1.2352978815231965e-24,1.596291385834619,0
1144,184,1.5968494339145693,4.4945881893187175e-24,1.5968494339145693,0
2548,292,1.5979415790440317,7.997209463249716e-29,1.5979415790440317,0
1801,258,1.6010218184806733,1.1144489704144987e-26,1.6010218184806733,0
2077,270,1.6021351148951974,5.680891685164823e-24,1.6021351148951974,0
2528,290,1.6021846653921554,2.4717911348676296e-29,1.6021846653921554,0
837,129,1.60316092769612,1.2828554249259361e-25,1.60316092769612,0
2518,290,1.6042601937116865,2.4717911348676296e-29,1.6042601937116865,0
2887,309,1.6090013306073667,1.2246685840617077e-29,1.6090013306073667,0
2582,293,1.609211525835285,2.2904022022242663e-25,1.609211525835285,0
3136,320,1.6125415163854417,4.0925210459649844e-29,1.6125415163854417,0
1863,259,1.614206355720448,2.7057471472795516e-26,1.614206355720448,0
202,36,1.6159531118971946,3.3315275612497254e-28,1.6159531118971946,0
3322,453,1.6164721021963617,5.656385692464863e-26,1.6164721021963617,0
1913,261,1.6182275861686661,5.3624751969882235e-25,1.6182275861686661,0
708,110,1.619557774558229,9.119426388820319e-26,1.619557774558229,0
650,101,1.6195679991592216,9.554138935813822e-30,1.6195679991592216,0
3667,487,1.6204399212524863,2.9883249935968477e-24,1.6204399212524863,0
477,74,1.62061464704839,6.841446507141857e-27,1.62061464704839,0
2535,291,1.6211249099608822,7.556088463223721e-29,1.6211249099608822,0
653,101,1.6219111060253655,9.554138935813822e-30,1.6219111060253655,0
3014,314,1.622537554452914,1.8188522307993302e-29,1.622537554452914,0
3476,463,1.6240517030365194,2.3839198970416273e-30,1.6240517030365194,0
1821,258,1.6303373653980924,1.1144489704144987e-26,1.6303373653980924,0
3319,453,1.6333850499074987,5.656385692464863e-26,1.6333850499074987,0
569,90,1.635161924890265,1.6816710561776673e-25,1.635161924890265,0
3172,444,1.6372566029050717,3.2308369680466237e-28,1.6372566029050717,0
2420,286,1.6392184271100856,3.7282029548774426e-28,1.6392184271100856,0
2181,273,1.6399705089349226,6.846821228054287e-26,1.6399705089349226,0
1155,186,1.6441734391015594,2.612762779458561e-24,1.6441734391015594,0
2236,275,1.6462251494943645,1.1005624669508466e-26,1.6462251494943645,0
3287,452,1.647714333880298,5.941349408358543e-24,1.647714333880298,0
1152,185,1.6477794223904516,6.631892322011052e-24,1.6477794223904516,0
1300,209,1.6480917954812775,6.783391651593969e-26,1.6480917954812775,0
1631,247,1.6516182234616454,6.590791384412802e-24,1.6516182234616454,0
2189,273,1.6525212466032821,6.846821228054287e-26,1.6525212466032821,0
3346,454,1.6561968631867476,4.348567572686123e-30,1.6561968631867476,0
1374,224,1.6581330907437777,2.46131712388156e-24,1.6581330907437777,0
3599,481,1.6590469459083588,8.455631988510236e-28,1.6590469459083588,0
1608,247,1.660352299135824,6.590791384412802e-24,1.660352299135824,0
3116,318,1.6637042653659726,6.637070448747963e-29,1.6637042653659726,0
1974,263,1.6682738005985294,1.7038964594948676e-23,1.6682738005985294,0
1654,249,1.6683676014131144,1.163477174492006e-24,1.6683676014131144,0
3343,454,1.6695946116364238,4.348567572686123e-30,1.6695946116364238,0
456,72,1.6703632294232271,4.1531917821118835e-26,1.6703632294232271,0
923,144,1.6704367939636466,1.0501681444282721e-23,1.6704367939636466,0
400,59,1.670877154530965,4.0323765631840256e-29,1.670877154530965,0
808,125,1.6710840854071671,2.100549707762467e-24,1.6710840854071671,0
2890,309,1.6726661607406628,1.2246685840617077e-29,1.6726661607406628,0
445,71,1.6728928426590939,1.137598788283934e-25,1.6728928426590939,0
3316,453,1.6730832958510502,5.656385692464863e-26,1.6730832958510502,0
2733,303,1.6731924800291085,2.4138211685067403e-22,1.6731924800291085,0
681,108,1.6734177597273636,4.880097450743139e-25,1.6734177597273636,0
3391,461,1.673472889206461,4.1238349233958415e-25,1.673472889206461,0
2762,305,1.675641022417843,7.150180119874699e-25,1.675641022417843,0
1060,168,1.6758934665229195,1.6903950303777449e-25,1.6758934665229195,0
2562,293,1.680399342167159,2.2904022022242663e-25,1.680399342167159,0
2327,281,1.6813084231439213,8.784914535657316e-29,1.6813084231439213,0
2905,310,1.681588427944336,5.841796292696324e-27,1.681588427944336,0
3289,452,1.68196684820419,5.941349408358543e-24,1.68196684820419,0
2363,284,1.6862019156853323,8.690851390067876e-30,1.6862019156853323,0
2064,270,1.6865282391461087,5.680891685164823e-24,1.6865282391461087,0
2801,306,1.6879965334041709,2.1132916639841704e-26,1.6879965334041709,0
3021,314,1.6880210649658773,1.8188522307993302e-29,1.6880210649658773,0
1906,260,1.6882786297624013,6.96954218181326e-26,1.6882786297624013,0
3691,487,1.689084547708502,2.9883249935968477e-24,1.689084547708502,0
382,57,1.6902283592892584,1.543778336565259e-28,1.6902283592892584,0
3619,481,1.6929018679434205,8.455631988510236e-28,1.6929018679434205,0
44,12,1.6946438671588904,1.6892265704665233e-23,1.6946438671588904,0
3006,314,1.6947499422977141,1.8188522307993302e-29,1.6947499422977141,0
2051,269,1.6957130722002183,1.5639571397838467e-21,1.6957130722002183,0
2724,303,1.6997508687309735,2.4138211685067403e-22,1.6997508687309735,0
1301,209,1.7005614225498864,6.783391651593969e-26,1.7005614225498864,0
2893,309,1.7007031671075987,1.2246685840617077e-29,1.7007031671075987,0
867,133,1.7011663901633753,4.178242604096822e-27,1.7011663901633753,0
701,110,1.7023929658880423,9.119426388820319e-26,1.7023929658880423,0
971,151,1.708245341165035,1.6046080125001814e-26,1.708245341165035,0
1733,254,1.7087481179354376,4.444272633072384e-25,1.7087481179354376,0
1889,260,1.7087987367471396,6.96954218181326e-26,1.7087987367471396,0
3654,482,1.7093749206268782,2.40942947817167e-30,1.7093749206268782,0
974,152,1.7094993254157542,6.6568382395405e-27,1.7094993254157542,0
845,130,1.7097745228510965,5.664514665718794e-26,1.7097745228510965,0
1204,192,1.7122264511168983,7.298145784438759e-27,1.7122264511168983,0
2376,284,1.7138717303536475,8.690851390067876e-30,1.7138717303536475,0
178,33,1.7147182123614095,1.894827670968983e-26,1.7147182123614095,0
1395,227,1.7181666377020481,1.0144412898028679e-24,1.7181666377020481,0
1585,246,1.7187783088318627,1.5976570676742676e-24,1.7187783088318627,0
1118,177,1.7222463535446701,4.747098781450552e-29,1.7222463535446701,0
3508,463,1.7241054654938264,2.3839198970416273e-30,1.7241054654938264,0
2266,276,1.7262787652375178,1.8526917135139477e-26,1.7262787652375178,0
3573,480,1.7275732071090146,1.0939454433960173e-25,1.7275732071090146,0
710,110,1.7296815553273752,9.119426388820319e-26,1.7296815553273752,0
229,37,1.731256503068552,1.2393209547689106e-28,1.731256503068552,0
2908,310,1.733162827906074,5.841796292696324e-27,1.733162827906074,0
621,97,1.7357368149495176,2.394092635032564e-28,1.7357368149495176,0
3180,444,1.7360212378729403,3.2308369680466237e-28,1.7360212378729403,0
3428,462,1.7369207869652985,7.0960596185736065e-28,1.7369207869652985,0
243,39,1.7372808827332413,4.997355662782886e-29,1.7372808827332413,0
2205,274,1.7380196764236275,2.4989340008632977e-26,1.7380196764236275,0
1467,234,1.7396291864372353,3.806190658616629e-28,1.7396291864372353,0
2714,301,1.742095640045456,2.711902352452219e-29,1.742095640045456,0
3468,462,1.742820693960245,7.0960596185736065e-28,1.742820693960245,0
100,26,1.7448574303976876,3.434509175098565e-24,1.7448574303976876,0
2717,302,1.7482881800838308,2.8645236639957e-20,1.7482881800838308,0
3031,314,1.749393902763169,1.8188522307993302e-29,1.749393902763169,0
58,15,1.7508564116276266,6.500098027582429e-24,1.7508564116276266,0
841,129,1.7510154549081336,1.2828554249259361e-25,1.7510154549081336,0
1613,247,1.751456188231636,6.590791384412802e-24,1.751456188231636,0
2994,313,1.7526305891714673,6.538299196927555e-29,1.7526305891714673,0
2445,287,1.7551322914263756,9.771942072742383e-28,1.7551322914263756,0
1385,225,1.7560285506456672,3.1754299703047337e-24,1.7560285506456672,0
1444,233,1.7571342451306053,8.935279372039365e-28,1.7571342451306053,0
3591,481,1.757139672114719,8.455631988510236e-28,1.757139672114719,0
3257,452,1.75857457211287,5.941349408358543e-24,1.75857457211287,0
496,77,1.7586996373314885,3.2827144320089552e-28,1.7586996373314885,0
1785,256,1.7593140196896129,6.915397280774362e-27,1.7593140196896129,0
3681,487,1.7600208076920554,2.9883249935968477e-24,1.7600208076920554,0
2449,287,1.7605051137328598,9.771942072742383e-28,1.7605051137328598,0
3644,482,1.7605601860788396,2.40942947817167e-30,1.7605601860788396,0
2026,267,1.7621036816951596,3.342515927077984e-27,1.7621036816951596,0
1985,264,1.764541262299995,1.6143718647223145e-21,1.764541262299995,0
3529,463,1.7650652054580798,2.3839198970416273e-30,1.7650652054580798,0
1303,209,1.7657132726415772,6.783391651593969e-26,1.7657132726415772,0
1674,250,1.7658338439248016,3.547705508407119e-24,1.7658338439248016,0
1247,199,1.7674171802605174,1.4334132939386645e-29,1.7674171802605174,0
2426,286,1.7701062614709602,3.7282029548774426e-28,1.7701062614709602,0
2060,270,1.7707044265824918,5.680891685164823e-24,1.7707044265824918,0
2807,306,1.7708383467189315,2.1132916639841704e-26,1.7708383467189315,0
2222,275,1.7710108879179687,1.1005624669508466e-26,1.7710108879179687,0
3207,444,1.7711892557132323,3.2308369680466237e-28,1.7711892557132323,0
1242,198,1.772802018512751,3.136414358543788e-29,1.772802018512751,0
2976,312,1.7796116979770784,7.060426745125837e-28,1.7796116979770784,0
1517,239,1.7797457528079443,8.193117360888574e-30,1.7797457528079443,0
3330,454,1.7813175484427195,4.348567572686123e-30,1.7813175484427195,0
2751,305,1.7867955411998087,7.150180119874699e-25,1.7867955411998087,0
1582,245,1.7881773591816603,4.4503102314880855e-25,1.7881773591816603,0
2768,305,1.7889010428297603,7.150180119874699e-25,1.7889010428297603,0
2784,305,1.7913655385801384,7.150180119874699e-25,1.7913655385801384,0
1409,228,1.7915943618996477,5.018942519673886e-25,1.7915943618996477,0
2105,271,1.7916156633360345,1.827221969249202e-24,1.7916156633360345,0
852,131,1.79683304337921,2.4165389839157217e-26,1.79683304337921,0
1790,257,1.7969704654804945,1.6759273083987564e-26,1.7969704654804945,0
3711,487,1.7996089317937438,2.9883249935968477e-24,1.7996089317937438,0
3494,463,1.8011947976283853,2.3839198970416273e-30,1.8011947976283853,0
89,26,1.805503833748698,3.434509175098565e-24,1.805503833748698,0
652,101,1.8068723794873662,9.554138935813822e-30,1.8068723794873662,0
3743,488,1.8083706095213559,6.268646962691018e-26,1.8083706095213559,0
968,151,1.8084546487810733,1.6046080125001814e-26,1.8084546487810733,0
2358,283,1.8086095720835922,8.445953877778205e-29,1.8086095720835922,0
1529,239,1.8100260864639115,8.193117360888574e-30,1.8100260864639115,0
405,61,1.8119060391935224,9.042288290139416e-30,1.8119060391935224,0
432,69,1.8138380611642095,9.495501537511425e-25,1.8138380611642095,0
3359,454,1.8157846914619944,4.348567572686123e-30,1.8157846914619944,0
872,134,1.8165923427195962,1.6870286023134237e-27,1.8165923427195962,0
3569,480,1.8179080551168934,1.0939454433960173e-25,1.8179080551168934,0
1806,258,1.8182290169549453,1.1144489704144987e-26,1.8182290169549453,0
59,15,1.81856042667527,6.500098027582429e-24,1.81856042667527,0
3656,482,1.818824162882676,2.40942947817167e-30,1.818824162882676,0
371,56,1.8195346915775603,4.454126582392267e-28,1.8195346915775603,0
1693,252,1.8252010785560941,3.680203867121252e-24,1.8252010785560941,0
3353,454,1.8292963391286015,4.348567572686123e-30,1.8292963391286015,0
2091,270,1.8312238330516237,5.680891685164823e-24,1.8312238330516237,0
2005,266,1.8317050604881726,1.3929564889003732e-27,1.8317050604881726,0
395,58,1.8342196199225065,7.293597466531461e-29,1.8342196199225065,0
3797,496,1.8346484404725807,2.1079587381289665e-33,1.8346484404725807,0
310,47,1.8354772869100426,3.2653298563260655e-24,1.8354772869100426,0
1404,228,1.836802986869486,5.018942519673886e-25,1.836802986869486,0
2467,288,1.8379874424989526,1.93493969726597e-27,1.8379874424989526,0
1136,183,1.8382684249919343,1.5731039681545641e-24,1.8382684249919343,0
3271,452,1.8384879610082892,5.941349408358543e-24,1.8384879610082892,0
3069,316,1.8389417611105883,7.29440699277306e-29,1.8389417611105883,0
411,65,1.8393534864021033,1.9811919104811584e-24,1.8393534864021033,0
2852,309,1.8439987208351656,1.2246685840617077e-29,1.8439987208351656,0
704,110,1.8443607327565612,9.119426388820319e-26,1.8443607327565612,0
3258,452,1.8453258012787803,5.941349408358543e-24,1.8453258012787803,0
503,78,1.8465612542747616,1.3043272196985426e-28,1.8465612542747616,0
3280,452,1.852461282305753,5.941349408358543e-24,1.852461282305753,0
2126,272,1.8537123958409067,5.720281144305475e-25,1.8537123958409067,0
1476,234,1.8544167098466902,3.806190658616629e-28,1.8544167098466902,0
3383,454,1.85635648664094,4.348567572686123e-30,1.85635648664094,0
3803,497,1.857992988335225,5.610949952447188e-28,1.857992988335225,0
1891,260,1.8593725240798678,6.96954218181326e-26,1.8593725240798678,0
4,4,1.8594224834482993,5.8392971073550274e-37,1.8594224834482993,0
1241,198,1.8598121125129365,3.136414358543788e-29,1.8598121125129365,0
1658,249,1.8604273319600544,1.163477174492006e-24,1.8604273319600544,0
1792,257,1.860964807542556,1.6759273083987564e-26,1.860964807542556,0
3074,317,1.861016341095923,1.6424145040209993e-28,1.861016341095923,0
2799,305,1.8619499810518543,7.150180119874699e-25,1.8619499810518543,0
121,28,1.8645885047625028,1.869008878488473e-24,1.8645885047625028,0
1025,159,1.8647579234883997,1.4824123429938491e-29,1.8647579234883997,0
2734,303,1.86527607075514,2.4138211685067403e-22,1.86527607075514,0
725,112,1.8666768083204508,1.5805457156921786e-26,1.8666768083204508,0
357,53,1.8674290438524077,1.1564462378685326e-26,1.8674290438524077,0
1543,243,1.8677830801026494,6.385505771004079e-29,1.8677830801026494,0
3540,463,1.8689106521969048,2.3839198970416273e-30,1.8689106521969048,0
3208,444,1.8694299996534762,3.2308369680466237e-28,1.8694299996534762,0
1052,167,1.8697963522804728,4.496968542076425e-25,1.8697963522804728,0
1760,255,1.8729004399580227,1.7581895029642372e-27,1.8729004399580227,0
3107,318,1.8740003393922249,6.637070448747963e-29,1.8740003393922249,0
805,125,1.8767557371657535,2.100549707762467e-24,1.8767557371657535,0
1660,249,1.8782779518861292,1.163477174492006e-24,1.8782779518861292,0
1339,215,1.8784264288638282,1.7017153456724429e-28,1.8784264288638282,0
1323,212,1.8849257180382921,4.740023069640509e-27,1.8849257180382921,0
294,46,1.8867452785820835,4.2530202314216874e-24,1.8867452785820835,0
2896,310,1.8871715295810927,5.841796292696324e-27,1.8871715295810927,0
2351,282,1.891531575506782,2.0130041089721442e-28,1.891531575506782,0
967,151,1.897580099332603,1.6046080125001814e-26,1.897580099332603,0
1896,260,1.8987938583996546,6.96954218181326e-26,1.8987938583996546,0
1167,188,1.9036788727934153,3.369087753803011e-25,1.9036788727934153,0
1042,166,1.9053708829485854,1.2409558305177269e-24,1.9053708829485854,0
2681,301,1.909995575517629,2.711902352452219e-29,1.909995575517629,0
1184,190,1.911324310906987,4.2534868967559524e-26,1.911324310906987,0
156,31,1.9153882117544454,1.151048346431841e-25,1.9153882117544454,0
2318,280,1.9154313660628839,1.7713524530467065e-29,1.9154313660628839,0
541,87,1.9178777263247624,3.9874202258376874e-24,1.9178777263247624,0
1713,253,1.9179031557629245,1.4637357022017424e-24,1.9179031557629245,0
158,31,1.9219634090942328,1.151048346431841e-25,1.9219634090942328,0
2022,267,1.9226218147950391,3.342515927077984e-27,1.9226218147950391,0
1399,227,1.9232020983128622,1.0144412898028679e-24,1.9232020983128622,0
3384,454,1.9259285358230638,4.348567572686123e-30,1.9259285358230638,0
615,96,1.9268581008412071,6.160282345475885e-28,1.9268581008412071,0
3427,462,1.930911776136767,7.0960596185736065e-28,1.930911776136767,0
1743,254,1.932444271542081,4.444272633072384e-25,1.932444271542081,0
3225,445,1.9380136644367114,1.8479717796752564e-28,1.9380136644367114,0
660,105,1.9388049565732823,1.0989909935396408e-23,1.9388049565732823,0
3239,445,1.9443045130898158,1.8479717796752564e-28,1.9443045130898158,0
1508,237,1.9445744028830665,5.7106235911848e-29,1.9445744028830665,0
3536,463,1.945354433796416,2.3839198970416273e-30,1.945354433796416,0
798,124,1.947278589407177,1.1295631448857556e-21,1.947278589407177,0
166,31,1.947791361857554,1.151048346431841e-25,1.947791361857554,0
2320,280,1.9498753692907094,1.7713524530467065e-29,1.9498753692907094,0
1499,235,1.9499100964970868,1.5020241650070723e-28,1.9499100964970868,0
2335,282,1.9500030794385081,2.0130041089721442e-28,1.9500030794385081,0
1784,256,1.951610217555408,6.915397280774362e-27,1.951610217555408,0
1350,216,1.9529455765470791,8.134709146550861e-29,1.9529455765470791,0
1126,178,1.957161409475061,2.1751882596312074e-29,1.957161409475061,0
588,92,1.9597847831187776,2.548819257616288e-26,1.9597847831187776,0
2935,311,1.96137923023519,1.3917620038740118e-27,1.96137923023519,0
3371,454,1.963460446325611,4.348567572686123e-30,1.963460446325611,0
2664,300,1.9674713663708734,3.2576137516329277e-41,1.9674713663708734,0
317,48,1.974308195223481,1.551783134015898e-24,1.974308195223481,0
1483,234,1.976470464148033,3.806190658616629e-28,1.976470464148033,0
523,82,1.9768279944912328,6.2182050658978285e-30,1.9768279944912328,0
706,110,1.9776401157002688,9.119426388820319e-26,1.9776401157002688,0
1054,168,1.9828208046570537,1.6903950303777449e-25,1.9828208046570537,0
2687,301,1.9835024715229914,2.711902352452219e-29,1.9835024715229914,0
689,108,1.9837699752688847,4.880097450743139e-25,1.9837699752688847,0
1422,229,1.9902349058527362,1.2323188017867336e-25,1.9902349058527362,0
2700,301,1.9902572345228668,2.711902352452219e-29,1.9902572345228668,0
413,66,1.9960976359438447,5.2125087116141194e-24,1.9960976359438447,0
2029,267,2.002136085720796,3.342515927077984e-27,2.002136085720796,0
1225,196,2.004148934907831,1.4034072219554553e-28,2.004148934907831,0
2922,311,2.007970128248795,1.3917620038740118e-27,2.007970128248795,0
2095,270,2.008279124994693,5.680891685164823e-24,2.008279124994693,0
3436,462,2.0086306032288728,7.0960596185736065e-28,2.0086306032288728,0
696,109,2.0087082569945496,2.138951210765953e-25,2.0087082569945496,0
1510,237,2.0101213886252642,5.7106235911848e-29,2.0101213886252642,0
316,48,2.0114812239366033,1.551783134015898e-24,2.0114812239366033,0
1438,232,2.0118950384081313,9.418268411727729e-27,2.0118950384081313,0
1292,208,2.0131751378159555,2.1218461822302216e-25,2.0131751378159555,0
302,47,2.014233264593542,3.2653298563260655e-24,2.014233264593542,0
2917,310,2.015413824211313,5.841796292696324e-27,2.015413824211313,0
493,77,2.019922595759418,3.2827144320089552e-28,2.019922595759418,0
2504,290,2.021415062847007,2.4717911348676296e-29,2.021415062847007,0
1170,188,2.0214527558712096,3.369087753803011e-25,2.0214527558712096,0
2928,311,2.026115715598774,1.3917620038740118e-27,2.026115715598774,0
467,74,2.029525180115966,6.841446507141857e-27,2.029525180115966,0
2880,309,2.0315509092015676,1.2246685840617077e-29,2.0315509092015676,0
3166,444,2.032922160214124,3.2308369680466237e-28,2.032922160214124,0
1190,191,2.035186572968606,1.7571561589824764e-26,2.035186572968606,0
1690,252,2.0354820704006,3.680203867121252e-24,2.0354820704006,0
3723,487,2.0394130799101133,2.9883249935968477e-24,2.0394130799101133,0
1262,203,2.0436095429799885,2.1284000530485597e-24,2.0436095429799885,0
2789,305,2.0486644671572467,7.150180119874699e-25,2.0486644671572467,0
361,54,2.0491316684165857,4.3270289724004855e-27,2.0491316684165857,0
1768,255,2.0496709589476825,1.7581895029642372e-27,2.0496709589476825,0
904,139,2.049930890036545,2.1886718129005456e-29,2.049930890036545,0
1040,164,2.0508290868500483,1.8137271960548868e-23,2.0508290868500483,0
1937,262,2.0516337707380683,8.69839004759892e-25,2.0516337707380683,0
2305,280,2.0545924605044465,1.7713524530467065e-29,2.0545924605044465,0
2865,309,2.0551867823999483,1.2246685840617077e-29,2.0551867823999483,0
556,89,2.056217210591293,4.477668575855958e-25,2.056217210591293,0
2147,273,2.0575785783442866,6.846821228054287e-26,2.0575785783442866,0
3027,314,2.0581505571244647,1.8188522307993302e-29,2.0581505571244647,0
1324,212,2.0614417386936177,4.740023069640509e-27,2.0614417386936177,0
529,85,2.064844306151093,1.0042175829288735e-24,2.064844306151093,0
2506,290,2.0671020675234515,2.4717911348676296e-29,2.0671020675234515,0
610,95,2.071939562797586,1.631736772643244e-27,2.071939562797586,0
426,68,2.0764304396857636,2.6105407066561004e-24,2.0764304396857636,0
1453,233,2.076535306696956,8.935279372039365e-28,2.076535306696956,0
2731,303,2.0777918911249107,2.4138211685067403e-22,2.0777918911249107,0
2152,273,2.079478393039337,6.846821228054287e-26,2.079478393039337,0
1205,192,2.0798761237522845,7.298145784438759e-27,2.0798761237522845,0
2563,293,2.080988974878422,2.2904022022242663e-25,2.080988974878422,0
424,67,2.081605566911095,6.952758262718881e-24,2.081605566911095,0
2837,307,2.0859847888769814,3.448863125291685e-29,2.0859847888769814,0
3243,445,2.086659571482913,1.8479717796752564e-28,2.086659571482913,0
3451,462,2.087896795718246,7.0960596185736065e-28,2.087896795718246,0
2580,293,2.08798760480657,2.2904022022242663e-25,2.08798760480657,0
1695,252,2.0909174081220065,3.680203867121252e-24,2.0909174081220065,0
1975,264,2.0917440315002644,1.6143718647223145e-21,2.0917440315002644,0
1217,195,2.0935137824609824,3.462060555518425e-28,2.0935137824609824,0
753,115,2.0936962945933053,1.0452387530471865e-27,2.0936962945933053,0
774,119,2.095014248239312,3.1819736534466136e-29,2.095014248239312,0
80,18,2.095256524721985,3.940083183919697e-34,2.095256524721985,0
221,37,2.100947000013657,1.2393209547689106e-28,2.100947000013657,0
2386,285,2.1037253578749504,1.7971464052924428e-29,2.1037253578749504,0
2856,309,2.1107446177468976,1.2246685840617077e-29,2.1107446177468976,0
2403,285,2.1120277419916844,1.7971464052924428e-29,2.1120277419916844,0
2726,303,2.1168621219981234,2.4138211685067403e-22,2.1168621219981234,0
314,48,2.1169618395870193,1.551783134015898e-24,2.1169618395870193,0
3445,462,2.1202995475586572,7.0960596185736065e-28,2.1202995475586572,0
1016,158,2.121533469726166,3.2671154367787785e-29,2.121533469726166,0
1939,262,2.1219044871533654,8.69839004759892e-25,2.1219044871533654,0
1440,232,2.1227838932297014,9.418268411727729e-27,2.1227838932297014,0
161,31,2.1253458069989364,1.151048346431841e-25,2.1253458069989364,0
2083,270,2.1273485534781043,5.680891685164823e-24,2.1273485534781043,0
2157,273,2.1363193063607993,6.846821228054287e-26,2.1363193063607993,0
912,141,2.1434386327261725,4.611089377276514e-30,2.1434386327261725,0
2813,306,2.1450352214593185,2.1132916639841704e-26,2.1450352214593185,0
3637,482,2.146154558344327,2.40942947817167e-30,2.146154558344327,0
1766,255,2.1469280552444174,1.7581895029642372e-27,2.1469280552444174,0
2385,284,2.1479223774153917,8.690851390067876e-30,2.1479223774153917,0
1501,235,2.15020523689174,1.5020241650070723e-28,2.15020523689174,0
821,126,2.151500929479867,9.750965169062085e-25,2.151500929479867,0
1868,260,2.153315181931214,6.96954218181326e-26,2.153315181931214,0
1273,205,2.156915938966084,3.320057320057209e-24,2.156915938966084,0
1925,261,2.1594862378064956,5.3624751969882235e-25,2.1594862378064956,0
2968,312,2.159525387771337,7.060426745125837e-28,2.159525387771337,0
1259,203,2.159610073654424,2.1284000530485597e-24,2.159610073654424,0
1457,233,2.1607244424987266,8.935279372039365e-28,2.1607244424987266,0
1267,204,2.16134048150501,3.902466855730662e-24,2.16134048150501,0
1162,187,2.1631291279978773,9.554209226484225e-25,2.1631291279978773,0
826,126,2.166371483749759,9.750965169062085e-25,2.166371483749759,0
1832,258,2.1677568415007213,1.1144489704144987e-26,2.1677568415007213,0
2070,270,2.168551837399525,5.680891685164823e-24,2.168551837399525,0
718,111,2.1736576533950456,3.808193158573831e-26,2.1736576533950456,0
1472,234,2.1800799397651796,3.806190658616629e-28,2.1800799397651796,0
3054,315,2.1824859747294503,1.02523651693438e-29,2.1824859747294503,0
1570,245,2.183166357654901,4.4503102314880855e-25,2.183166357654901,0
561,89,2.1839554874495564,4.477668575855958e-25,2.1839554874495564,0
2729,303,2.190734076447269,2.4138211685067403e-22,2.190734076447269,0
2066,270,2.193904300552805,5.680891685164823e-24,2.193904300552805,0
727,113,2.198563507211346,6.522364782853238e-27,2.198563507211346,0
1986,264,2.2017773983223257,1.6143718647223145e-21,2.2017773983223257,0
749,115,2.2033140678985146,1.0452387530471865e-27,2.2033140678985146,0
3092,317,2.2064722931882543,1.6424145040209993e-28,2.2064722931882543,0
520,82,2.211109773827922,6.2182050658978285e-30,2.211109773827922,0
2588,294,2.212265690927205,2.8640894165112103e-25,2.212265690927205,0
2286,278,2.2126753043881373,1.862495501842197e-27,2.2126753043881373,0
1299,208,2.2132982828099297,2.1218461822302216e-25,2.2132982828099297,0
269,42,2.2149781584549664,2.7724024748023268e-30,2.2149781584549664,0
2820,306,2.218236244069424,2.1132916639841704e-26,2.218236244069424,0
2154,273,2.222870854203346,6.846821228054287e-26,2.222870854203346,0
2767,305,2.233225190272336,7.150180119874699e-25,2.233225190272336,0
1211,193,2.2414429236670688,2.778763704124638e-27,2.2414429236670688,0
3241,445,2.2454894527079716,1.8479717796752564e-28,2.2454894527079716,0
3751,488,2.2491576744209945,6.268646962691018e-26,2.2491576744209945,0
1652,248,2.2515241312236274,2.3688774486805515e-24,2.2515241312236274,0
2773,305,2.2588873375869123,7.150180119874699e-25,2.2588873375869123,0
3386,454,2.2596093385450615,4.348567572686123e-30,2.2596093385450615,0
1934,262,2.271677430783517,8.69839004759892e-25,2.271677430783517,0
2783,305,2.2729270338839687,7.150180119874699e-25,2.2729270338839687,0
1021,159,2.2732904465565253,1.4824123429938491e-29,2.2732904465565253,0
2452,287,2.2764484136786103,9.771942072742383e-28,2.2764484136786103,0
1269,204,2.289485217799631,3.902466855730662e-24,2.289485217799631,0
1103,174,2.300455751685794,6.397959385459314e-28,2.300455751685794,0
3618,481,2.3039359904973544,8.455631988510236e-28,2.3039359904973544,0
223,37,2.308629712360581,1.2393209547689106e-28,2.308629712360581,0
2080,270,2.3110352077577545,5.680891685164823e-24,2.3110352077577545,0
3758,488,2.3149973472166825,6.268646962691018e-26,2.3149973472166825,0
2313,280,2.317029188196145,1.7713524530467065e-29,2.317029188196145,0
2009,266,2.3185425503800445,1.3929564889003732e-27,2.3185425503800445,0
378,56,2.318784273489447,4.454126582392267e-28,2.318784273489447,0
2793,305,2.3228902991034936,7.150180119874699e-25,2.3228902991034936,0
1965,263,2.3244042673938683,1.7038964594948676e-23,2.3244042673938683,0
188,35,2.325486695801253,9.245200704131146e-28,2.325486695801253,0
3659,487,2.3307108783705854,2.9883249935968477e-24,2.3307108783705854,0
925,145,2.3427321518151674,3.132686947315511e-24,2.3427321518151674,0
124,28,2.3456388931057743,1.869008878488473e-24,2.3456388931057743,0
713,111,2.346235665730596,3.808193158573831e-26,2.346235665730596,0
1419,229,2.34856814952748,1.2323188017867336e-25,2.34856814952748,0
612,95,2.3534252691908324,1.631736772643244e-27,2.3534252691908324,0
2959,312,2.3539855230170024,7.060426745125837e-28,2.3539855230170024,0
2037,268,2.3549588643935193,1.328006199384098e-21,2.3549588643935193,0
3800,497,2.3553248360078434,5.610949952447188e-28,2.3553248360078434,0
3693,487,2.3561869903079677,2.9883249935968477e-24,2.3561869903079677,0
2586,294,2.358348328377081,2.8640894165112103e-25,2.358348328377081,0
2480,289,2.3612099791546637,4.7304259428668575e-27,2.3612099791546637,0
501,78,2.3633592541581687,1.3043272196985426e-28,2.3633592541581687,0
2644,298,2.371166909218424,1.0142871568733388e-30,2.371166909218424,0
3459,462,2.3748297714805657,7.0960596185736065e-28,2.3748297714805657,0
3067,316,2.376063719694127,7.29440699277306e-29,2.376063719694127,0
37,8,2.376858357088883,1.2191603627406985e-23,2.376858357088883,0
65,16,2.3880671835179577,4.0269764087132746e-29,2.3880671835179577,0
3421,462,2.392086701548956,7.0960596185736065e-28,2.392086701548956,0
3560,480,2.392735182751456,1.0939454433960173e-25,2.392735182751456,0
10,5,2.394081188294245,2.13853008760558e-32,2.394081188294245,0
2281,278,2.398828904285033,1.862495501842197e-27,2.398828904285033,0
2352,283,2.403490092792362,8.445953877778205e-29,2.403490092792362,0
2062,270,2.4089735101783516,5.680891685164823e-24,2.4089735101783516,0
3576,480,2.4132573356029225,1.0939454433960173e-25,2.4132573356029225,0
3221,444,2.413279886454218,3.2308369680466237e-28,2.413279886454218,0
711,110,2.4167581019475124,9.119426388820319e-26,2.4167581019475124,0
2199,274,2.4255604863281515,2.4989340008632977e-26,2.4255604863281515,0
2607,295,2.4264215145478563,3.601852263090341e-23,2.4264215145478563,0
57,15,2.4268304198815915,6.500098027582429e-24,2.4268304198815915,0
2256,275,2.4290972424276864,1.1005624669508466e-26,2.4290972424276864,0
2519,290,2.432041053488841,2.4717911348676296e-29,2.432041053488841,0
724,112,2.438102468937242,1.5805457156921786e-26,2.438102468937242,0
795,121,2.4395037405010176,6.665398982664785e-30,2.4395037405010176,0
715,111,2.441449177685829,3.808193158573831e-26,2.441449177685829,0
3263,452,2.4419370497348534,5.941349408358543e-24,2.4419370497348534,0
1253,200,2.4468937873844614,6.44586352796057e-30,2.4468937873844614,0
542,87,2.45435592857524,3.9874202258376874e-24,2.45435592857524,0
1249,199,2.457429977217049,1.4334132939386645e-29,2.457429977217049,0
2442,287,2.4580369680062457,9.771942072742383e-28,2.4580369680062457,0
1809,258,2.4584883433017852,1.1144489704144987e-26,2.4584883433017852,0
1448,233,2.4615423607442155,8.935279372039365e-28,2.4615423607442155,0
1325,212,2.4647118279469113,4.740023069640509e-27,2.4647118279469113,0
2331,281,2.4647729972199595,8.784914535657316e-29,2.4647729972199595,0
1670,250,2.464835867411394,3.547705508407119e-24,2.464835867411394,0
2727,303,2.4671008695535646,2.4138211685067403e-22,2.4671008695535646,0
1644,248,2.470128362497249,2.3688774486805515e-24,2.470128362497249,0
1565,245,2.4773359494273923,4.4503102314880855e-25,2.4773359494273923,0
3297,453,2.478828899779602,5.656385692464863e-26,2.478828899779602,0
793,121,2.482397216864362,6.665398982664785e-30,2.482397216864362,0
3011,314,2.493496334450298,1.8188522307993302e-29,2.493496334450298,0
3449,462,2.4947044681846244,7.0960596185736065e-28,2.4947044681846244,0
2190,273,2.4952951175830336,6.846821228054287e-26,2.4952951175830336,0
1424,229,2.4955596386856542,1.2323188017867336e-25,2.4955596386856542,0
135,29,2.4956137541468664,1.017095435499152e-24,2.4956137541468664,0
637,99,2.49663868924449,4.4956070198971693e-29,2.49663868924449,0
334,50,2.501211199790063,2.0912112070604913e-25,2.501211199790063,0
2765,305,2.501831894040558,7.150180119874699e-25,2.501831894040558,0
165,31,2.508240055723033,1.151048346431841e-25,2.508240055723033,0
1235,197,2.508362813112157,6.572664010847163e-29,2.508362813112157,0
742,114,2.5154648737606613,2.641973918939006e-27,2.5154648737606613,0
3157,443,2.517138836776105,1.9721031459475644e-32,2.517138836776105,0
3730,488,2.518003337549322,6.268646962691018e-26,2.518003337549322,0
2299,280,2.5196046601070656,1.7713524530467065e-29,2.5196046601070656,0
829,127,2.529214804809352,5.325874746636758e-25,2.529214804809352,0
3231,445,2.531294962113566,1.8479717796752564e-28,2.531294962113566,0
590,92,2.5343622117000977,2.548819257616288e-26,2.5343622117000977,0
948,149,2.5351502743786805,9.15925207038861e-26,2.5351502743786805,0
325,49,2.538965679652298,6.500386250137094e-25,2.538965679652298,0
16,6,2.5400364894505603,1.22103787351875e-27,2.5400364894505603,0
1425,229,2.5424306709269597,1.2323188017867336e-25,2.5424306709269597,0
3290,452,2.5444222132012975,5.941349408358543e-24,2.5444222132012975,0
1342,215,2.558013471023815,1.7017153456724429e-28,2.558013471023815,0
1210,193,2.562543067312633,2.778763704124638e-27,2.562543067312633,0
2042,268,2.565726149507199,1.328006199384098e-21,2.565726149507199,0
1763,255,2.570329405767092,1.7581895029642372e-27,2.570329405767092,0
351,52,2.571860279417704,2.667822414165198e-26,2.571860279417704,0
2003,266,2.5755584665995883,1.3929564889003732e-27,2.5755584665995883,0
1113,176,2.582761477237861,1.056206019351643e-28,2.582761477237861,0
339,51,2.5852104894315935,6.611570480671493e-26,2.5852104894315935,0
2827,306,2.5861777719686767,2.1132916639841704e-26,2.5861777719686767,0
271,42,2.587946897732048,2.7724024748023268e-30,2.587946897732048,0
2061,270,2.5920259115899986,5.680891685164823e-24,2.5920259115899986,0
2721,302,2.599109623736567,2.8645236639957e-20,2.599109623736567,0
1334,214,2.60060304539663,4.723750617674512e-28,2.60060304539663,0
1132,179,2.6010573205111345,9.894748957632274e-30,2.6010573205111345,0
2520,290,2.6020831638691684,2.4717911348676296e-29,2.6020831638691684,0
355,53,2.603806587988736,1.1564462378685326e-26,2.603806587988736,0
2771,305,2.605269769613865,7.150180119874699e-25,2.605269769613865,0
407,62,2.6085628297505448,3.6928754313906336e-30,2.6085628297505448,0
2948,312,2.621927519273584,7.060426745125837e-28,2.621927519273584,0
2646,298,2.63535266281425,1.0142871568733388e-30,2.63535266281425,0
301,47,2.636545900711282,3.2653298563260655e-24,2.636545900711282,0
1289,207,2.6433330982684042,6.553762922326039e-25,2.6433330982684042,0
922,144,2.6437019542561626,1.0501681444282721e-23,2.6437019542561626,0
2895,310,2.64607612264594,5.841796292696324e-27,2.64607612264594,0
2336,282,2.6467265394129473,2.0130041089721442e-28,2.6467265394129473,0
1681,251,2.649765565417938,5.641995891267915e-24,2.649765565417938,0
2843,308,2.6547314731216467,2.552969471959978e-29,2.6547314731216467,0
2177,273,2.65536935697333,6.846821228054287e-26,2.65536935697333,0
1783,256,2.6589578215374114,6.915397280774362e-27,2.6589578215374114,0
1116,176,2.6635463657384006,1.056206019351643e-28,2.6635463657384006,0
2459,287,2.6793479125299706,9.771942072742383e-28,2.6793479125299706,0
3473,462,2.6815168648402037,7.0960596185736065e-28,2.6815168648402037,0
450,71,2.685014712971462,1.137598788283934e-25,2.685014712971462,0
2436,286,2.6932790398514834,3.7282029548774426e-28,2.6932790398514834,0
2276,277,2.693796603656972,7.70724031847695e-27,2.693796603656972,0
3457,462,2.6949160283867264,7.0960596185736065e-28,2.6949160283867264,0
1504,236,2.6952759001067434,7.745544653856944e-29,2.6952759001067434,0
1006,157,2.6986579655629375,7.345495162224027e-29,2.6986579655629375,0
1230,196,2.6995805760482554,1.4034072219554553e-28,2.6995805760482554,0
2382,284,2.699977070523724,8.690851390067876e-30,2.699977070523724,0
1972,263,2.7011922601916813,1.7038964594948676e-23,2.7011922601916813,0
3209,444,2.7023825638177525,3.2308369680466237e-28,2.7023825638177525,0
1089,173,2.704829965926499,1.7032385914674885e-27,2.704829965926499,0
1034,163,2.705921993625411,8.831456170418108e-25,2.705921993625411,0
2536,291,2.717563943037248,7.556088463223721e-29,2.717563943037248,0
233,38,2.717965234443852,6.681718510836014e-29,2.717965234443852,0
3766,489,2.7196650819593193,4.7018978326794854e-30,2.7196650819593193,0
2370,284,2.7268714787713617,8.690851390067876e-30,2.7268714787713617,0
1611,247,2.730174014931441,6.590791384412802e-24,2.730174014931441,0
509,80,2.7302676852548977,2.9127952039737127e-29,2.7302676852548977,0
3448,462,2.732223230568925,7.0960596185736065e-28,2.732223230568925,0
888,137,2.733043102441978,1.1275743471070136e-28,2.733043102441978,0
2368,284,2.7340594247791605,8.690851390067876e-30,2.7340594247791605,0
1774,255,2.734142905793522,1.7581895029642372e-27,2.734142905793522,0
850,130,2.7349564640080444,5.664514665718794e-26,2.7349564640080444,0
816,125,2.7469420335620867,2.100549707762467e-24,2.7469420335620867,0
2749,305,2.7478177355980735,7.150180119874699e-25,2.7478177355980735,0
1551,245,2.7516360397735546,4.4503102314880855e-25,2.7516360397735546,0
1720,253,2.7581394522117937,1.4637357022017424e-24,2.7581394522117937,0
3584,481,2.7649995030607064,8.455631988510236e-28,2.7649995030607064,0
2460,287,2.766321867522481,9.771942072742383e-28,2.766321867522481,0
1956,263,2.7678609188869228,1.7038964594948676e-23,2.7678609188869228,0
1682,251,2.78008532236927,5.641995891267915e-24,2.78008532236927,0
3550,480,2.7859539026655913,1.0939454433960173e-25,2.7859539026655913,0
2339,282,2.788777462004064,2.0130041089721442e-28,2.788777462004064,0
1011,157,2.795466500169452,7.345495162224027e-29,2.795466500169452,0
2707,301,2.7968520361838087,2.711902352452219e-29,2.7968520361838087,0
2387,285,2.797220612854602,1.7971464052924428e-29,2.797220612854602,0
1691,252,2.8045110354366583,3.680203867121252e-24,2.8045110354366583,0
2196,274,2.8051408304707284,2.4989340008632977e-26,2.8051408304707284,0
2878,309,2.813715305847511,1.2246685840617077e-29,2.813715305847511,0
589,92,2.823837470181829,2.548819257616288e-26,2.823837470181829,0
1164,187,2.828184432151844,9.554209226484225e-25,2.828184432151844,0
3312,453,2.8340569352559877,5.656385692464863e-26,2.8340569352559877,0
2226,275,2.839178708920329,1.1005624669508466e-26,2.839178708920329,0
3695,487,2.8403213337790287,2.9883249935968477e-24,2.8403213337790287,0
3425,462,2.847958478091919,7.0960596185736065e-28,2.847958478091919,0
691,109,2.8534599085670247,2.138951210765953e-25,2.8534599085670247,0
1788,256,2.855109509430886,6.915397280774362e-27,2.855109509430886,0
2283,278,2.8555082666599865,1.862495501842197e-27,2.8555082666599865,0
1922,261,2.8637942394364413,5.3624751969882235e-25,2.8637942394364413,0
3698,487,2.8644013856637143,2.9883249935968477e-24,2.8644013856637143,0
396,59,2.868017477902535,4.0323765631840256e-29,2.868017477902535,0
3502,463,2.8723491899403943,2.3839198970416273e-30,2.8723491899403943,0
669,106,2.877487923037057,3.1874881173121603e-24,2.877487923037057,0
1579,245,2.879107046753205,4.4503102314880855e-25,2.879107046753205,0
1930,262,2.880139946948769,8.69839004759892e-25,2.880139946948769,0
211,36,2.8820101249619507,3.3315275612497254e-28,2.8820101249619507,0
1541,243,2.8830030483069313,6.385505771004079e-29,2.8830030483069313,0
1181,190,2.891600689772955,4.2534868967559524e-26,2.891600689772955,0
1090,173,2.9001313628451526,1.7032385914674885e-27,2.9001313628451526,0
1008,157,2.9044536700490227,7.345495162224027e-29,2.9044536700490227,0
2144,273,2.9090908644123368,6.846821228054287e-26,2.9090908644123368,0
1525,239,2.9221910141689937,8.193117360888574e-30,2.9221910141689937,0
2454,287,2.9246675465397316,9.771942072742383e-28,2.9246675465397316,0
2136,272,2.9348113086690257,5.720281144305475e-25,2.9348113086690257,0
388,58,2.937542325387041,7.293597466531461e-29,2.937542325387041,0
2818,306,2.9383196639729667,2.1132916639841704e-26,2.9383196639729667,0
3306,453,2.94873475480292,5.656385692464863e-26,2.94873475480292,0
1951,263,2.9515676401035855,1.7038964594948676e-23,2.9515676401035855,0
210,36,2.951599007730663,3.3315275612497254e-28,2.951599007730663,0
2811,306,2.953469437907898,2.1132916639841704e-26,2.953469437907898,0
1826,258,2.9536770550349556,1.1144489704144987e-26,2.9536770550349556,0
1679,251,2.9666751865717713,5.641995891267915e-24,2.9666751865717713,0
2981,312,2.969691498970726,7.060426745125837e-28,2.969691498970726,0
3133,319,2.977642045816955,1.5230842608637033e-29,2.977642045816955,0
151,30,2.9786819822780557,4.960652443641312e-25,2.9786819822780557,0
2812,306,2.9789565591145224,2.1132916639841704e-26,2.9789565591145224,0
1685,251,2.985312322078443,5.641995891267915e-24,2.985312322078443,0
1787,256,2.9854025542690374,6.915397280774362e-27,2.9854025542690374,0
1941,262,2.9859859764006256,8.69839004759892e-25,2.9859859764006256,0
3244,445,2.986075047413666,1.8479717796752564e-28,2.986075047413666,0
440,70,2.9911118314244876,3.349143510606433e-25,2.9911118314244876,0
164,31,2.9917491264942373,1.151048346431841e-25,2.9917491264942373,0
601,94,2.9947643813739355,4.197759342700393e-27,2.9947643813739355,0
1480,234,3.004053429844776,3.806190658616629e-28,3.004053429844776,0
45,12,3.0088076437517275,1.6892265704665233e-23,3.0088076437517275,0
3024,314,3.0142596197115656,1.8188522307993302e-29,3.0142596197115656,0
3132,319,3.019338168529473,1.5230842608637033e-29,3.019338168529473,0
3621,481,3.025563953507809,8.455631988510236e-28,3.025563953507809,0
3085,317,3.042662185089074,1.6424145040209993e-28,3.042662185089074,0
1067,170,3.050576510833663,2.6084578974784926e-26,3.050576510833663,0
764,117,3.0630905953237866,1.6783207165471738e-28,3.0630905953237866,0
401,60,3.0636882739113496,1.958085022139744e-29,3.0636882739113496,0
1402,228,3.0649999145095808,5.018942519673886e-25,3.0649999145095808,0
551,88,3.0685660324230613,1.2398616733378169e-24,3.0685660324230613,0
2899,310,3.092854837692315,5.841796292696324e-27,3.092854837692315,0
2555,293,3.094889181071286,2.2904022022242663e-25,3.094889181071286,0
2604,295,3.0953411963639894,3.601852263090341e-23,3.0953411963639894,0
3775,489,3.0988999876802352,4.7018978326794854e-30,3.0988999876802352,0
865,133,3.1054380497776863,4.178242604096822e-27,3.1054380497776863,0
1867,259,3.1081927989243887,2.7057471472795516e-26,3.1081927989243887,0
1759,254,3.109932156723768,4.444272633072384e-25,3.109932156723768,0
2514,290,3.1144365240494425,2.4717911348676296e-29,3.1144365240494425,0
3354,454,3.118258718529427,4.348567572686123e-30,3.118258718529427,0
3447,462,3.118770540824722,7.0960596185736065e-28,3.118770540824722,0
66,16,3.1217776305596927,4.0269764087132746e-29,3.1217776305596927,0
3372,454,3.1220214089441694,4.348567572686123e-30,3.1220214089441694,0
1119,177,3.1233065386029866,4.747098781450552e-29,3.1233065386029866,0
487,76,3.1234381745703317,9.267913989665761e-28,3.1234381745703317,0
1392,226,3.1297601203450016,1.929195503414017e-24,3.1297601203450016,0
51,12,3.1303003900346256,1.6892265704665233e-23,3.1303003900346256,0
644,100,3.1315510518670107,2.0731152394051775e-29,3.1315510518670107,0
129,28,3.1336965203653224,1.869008878488473e-24,3.1336965203653224,0
1778,256,3.141536648958987,6.915397280774362e-27,3.141536648958987,0
315,48,3.142022829347224,1.551783134015898e-24,3.142022829347224,0
2691,301,3.142801676150689,2.711902352452219e-29,3.142801676150689,0
13,5,3.145347770743388,2.13853008760558e-32,3.145347770743388,0
3095,317,3.1523862115225874,1.6424145040209993e-28,3.1523862115225874,0
1233,197,3.177120381412264,6.572664010847163e-29,3.177120381412264,0
2367,284,3.185350244828239,8.690851390067876e-30,3.185350244828239,0
2269,277,3.1860724594384724,7.70724031847695e-27,3.1860724594384724,0
938,147,3.1868637110323372,4.892097839792291e-25,3.1868637110323372,0
544,87,3.191095482298611,3.9874202258376874e-24,3.191095482298611,0
2464,288,3.19364119917063,1.93493969726597e-27,3.19364119917063,0
643,100,3.1987440447779165,2.0731152394051775e-29,3.1987440447779165,0
1657,249,3.198930131572794,1.163477174492006e-24,3.198930131572794,0
3700,487,3.2154527476726753,2.9883249935968477e-24,3.2154527476726753,0
3140,320,3.217231177617486,4.0925210459649844e-29,3.217231177617486,0
3043,315,3.225248596382047,1.02523651693438e-29,3.225248596382047,0
2087,270,3.22928528781422,5.680891685164823e-24,3.22928528781422,0
2658,299,3.229750208573495,6.365457717198363e-46,3.229750208573495,0
2221,274,3.231763741053133,2.4989340008632977e-26,3.231763741053133,0
2129,272,3.2359287085259503,5.720281144305475e-25,3.2359287085259503,0
483,75,3.2405853621200875,2.5968702005436032e-27,3.2405853621200875,0
1592,246,3.2640792627663378,1.5976570676742676e-24,3.2640792627663378,0
2012,266,3.274824161478849,1.3929564889003732e-27,3.274824161478849,0
1931,262,3.277978894306096,8.69839004759892e-25,3.277978894306096,0
2929,311,3.284662507434116,1.3917620038740118e-27,3.284662507434116,0
3495,463,3.2993957639471505,2.3839198970416273e-30,3.2993957639471505,0
2939,311,3.2995135478591977,1.3917620038740118e-27,3.2995135478591977,0
709,110,3.301504891373369,9.119426388820319e-26,3.301504891373369,0
1988,265,3.303755188900563,1.4071389461247375e-21,3.303755188900563,0
297,46,3.3076583341511356,4.2530202314216874e-24,3.3076583341511356,0
1046,166,3.31457957004405,1.2409558305177269e-24,3.31457957004405,0
1709,253,3.315948327758504,1.4637357022017424e-24,3.315948327758504,0
2987,312,3.3186668083823565,7.060426745125837e-28,3.3186668083823565,0
1888,260,3.337912351682407,6.96954218181326e-26,3.337912351682407,0
1505,236,3.3411882930930537,7.745544653856944e-29,3.3411882930930537,0
1084,172,3.352148699554917,4.389150276373688e-27,3.352148699554917,0
3612,481,3.3563678835790802,8.455631988510236e-28,3.3563678835790802,0
777,119,3.3653760983025762,3.1819736534466136e-29,3.3653760983025762,0
2743,304,3.3657892118269026,1.3430007815748096e-23,3.3657892118269026,0
686,108,3.3891507597492905,4.880097450743139e-25,3.3891507597492905,0
1427,230,3.390294321887981,4.272233531977154e-26,3.390294321887981,0
1869,260,3.3920779843998634,6.96954218181326e-26,3.3920779843998634,0
927,145,3.396607735309937,3.132686947315511e-24,3.396607735309937,0
2291,278,3.40040347971477,1.862495501842197e-27,3.40040347971477,0
879,135,3.40112587429176,6.726795241245832e-28,3.40112587429176,0
2203,274,3.4026709861589395,2.4989340008632977e-26,3.4026709861589395,0
770,118,3.4037681264205517,7.151086083211925e-29,3.4037681264205517,0
2682,301,3.412343522237206,2.711902352452219e-29,3.412343522237206,0
1031,161,3.428674575174166,3.163031972049429e-30,3.428674575174166,0
2457,287,3.4292496677642212,9.771942072742383e-28,3.4292496677642212,0
3793,489,3.4300252636249495,4.7018978326794854e-30,3.4300252636249495,0
1361,219,3.4346481499913897,9.087584910223158e-30,3.4346481499913897,0
1423,229,3.4401419066587158,1.2323188017867336e-25,3.4401419066587158,0
540,86,3.463106275447364,1.9349380767961056e-23,3.463106275447364,0
3392,461,3.464561356137404,4.1238349233958415e-25,3.464561356137404,0
1024,159,3.4685953101272076,1.4824123429938491e-29,3.4685953101272076,0
2004,266,3.474131825098116,1.3929564889003732e-27,3.474131825098116,0
68,17,3.480812901320211,4.258078492220581e-28,3.480812901320211,0
516,81,3.4914104518637923,1.359717303685213e-29,3.4914104518637923,0
1982,264,3.4917809292190687,1.6143718647223145e-21,3.4917809292190687,0
2099,270,3.4972654507295426,5.680891685164823e-24,3.4972654507295426,0
2569,293,3.508695683229774,2.2904022022242663e-25,3.508695683229774,0
2757,305,3.512680662234559,7.150180119874699e-25,3.512680662234559,0
25,7,3.530631309917166,1.3968615128679976e-28,3.530631309917166,0
408,62,3.538635368904434,3.6928754313906336e-30,3.538635368904434,0
2649,298,3.5391613149781267,1.0142871568733388e-30,3.5391613149781267,0
1638,248,3.5472512878846016,2.3688774486805515e-24,3.5472512878846016,0
3482,463,3.552181319230804,2.3839198970416273e-30,3.552181319230804,0
2048,269,3.555536825135072,1.5639571397838467e-21,3.555536825135072,0
2250,275,3.5578656531278883,1.1005624669508466e-26,3.5578656531278883,0
3023,314,3.566438468017867,1.8188522307993302e-29,3.566438468017867,0
2552,293,3.57288250461674,2.2904022022242663e-25,3.57288250461674,0
2435,286,3.57357936889254,3.7282029548774426e-28,3.57357936889254,0
1612,247,3.573886366780912,6.590791384412802e-24,3.573886366780912,0
1115,176,3.5748529022879287,1.056206019351643e-28,3.5748529022879287,0
2474,289,3.574966269234551,4.7304259428668575e-27,3.574966269234551,0
2571,293,3.5791341752481243,2.2904022022242663e-25,3.5791341752481243,0
1349,216,3.58703769818612,8.134709146550861e-29,3.58703769818612,0
193,35,3.5906247488621665,9.245200704131146e-28,3.5906247488621665,0
2016,267,3.5945144423848086,3.342515927077984e-27,3.5945144423848086,0
2509,290,3.600848103756825,2.4717911348676296e-29,3.600848103756825,0
1101,174,3.627570225308355,6.397959385459314e-28,3.627570225308355,0
75,17,3.6358033364131113,4.258078492220581e-28,3.6358033364131113,0
832,128,3.655080804969105,2.7312855592215584e-25,3.655080804969105,0
1981,264,3.673577672047475,1.6143718647223145e-21,3.673577672047475,0
1477,234,3.674549172532127,3.806190658616629e-28,3.674549172532127,0
1280,206,3.6825977071207086,1.5697266606356678e-24,3.6825977071207086,0
3519,463,3.693921427250728,2.3839198970416273e-30,3.693921427250728,0
1271,205,3.7034429865227048,3.320057320057209e-24,3.7034429865227048,0
1487,234,3.7142104789715957,3.806190658616629e-28,3.7142104789715957,0
364,55,3.7314720618116746,1.381146375873703e-27,3.7314720618116746,0
1328,213,3.7339927877824763,1.470386282121271e-27,3.7339927877824763,0
2656,298,3.7619606683859583,1.0142871568733388e-30,3.7619606683859583,0
2969,312,3.7862302874169886,7.060426745125837e-28,3.7862302874169886,0
1370,224,3.7878733382202388,2.46131712388156e-24,3.7878733382202388,0
2344,282,3.7898240859787564,2.0130041089721442e-28,3.7898240859787564,0
219,37,3.7927442295810834,1.2393209547689106e-28,3.7927442295810834,0
3640,482,3.793608467158373,2.40942947817167e-30,3.793608467158373,0
3678,487,3.7981026176806356,2.9883249935968477e-24,3.7981026176806356,0
72,17,3.798824945601989,4.258078492220581e-28,3.798824945601989,0
763,117,3.8093895324664753,1.6783207165471738e-28,3.8093895324664753,0
81,18,3.845895808078012,3.940083183919697e-34,3.845895808078012,0
3469,462,3.8567097089970477,7.0960596185736065e-28,3.8567097089970477,0
1114,176,3.8630008930539175,1.056206019351643e-28,3.8630008930539175,0
1890,260,3.8661932602563045,6.96954218181326e-26,3.8661932602563045,0
2696,301,3.8663550136894673,2.711902352452219e-29,3.8663550136894673,0
2963,312,3.8695050396768647,7.060426745125837e-28,3.8695050396768647,0
1061,169,3.8818167599188143,6.501614187769038e-26,3.8818167599188143,0
3135,319,3.8832879351025724,1.5230842608637033e-29,3.8832879351025724,0
953,149,3.8873342005359066,9.15925207038861e-26,3.8873342005359066,0
3747,488,3.892020067483198,6.268646962691018e-26,3.892020067483198,0
3757,488,3.8938843767077556,6.268646962691018e-26,3.8938843767077556,0
1397,227,3.898427905579844,1.0144412898028679e-24,3.898427905579844,0
1876,260,3.9196835816207587,6.96954218181326e-26,3.9196835816207587,0
1802,258,3.9443960700543963,1.1144489704144987e-26,3.9443960700543963,0
667,106,3.985263454818718,3.1874881173121603e-24,3.985263454818718,0
1157,187,3.9861994837174635,9.554209226484225e-25,3.9861994837174635,0
1571,245,3.994607417911329,4.4503102314880855e-25,3.994607417911329,0
1381,224,4.001719997321791,2.46131712388156e-24,4.001719997321791,0
919,144,4.025823712244075,1.0501681444282721e-23,4.025823712244075,0
2400,285,4.02895370966182,1.7971464052924428e-29,4.02895370966182,0
3549,463,4.035541664368121,2.3839198970416273e-30,4.035541664368121,0
2674,300,4.057429747170138,3.2576137516329277e-41,4.057429747170138,0
2301,280,4.0644438234174025,1.7713524530467065e-29,4.0644438234174025,0
1484,234,4.090208284128633,3.806190658616629e-28,4.090208284128633,0
2206,274,4.095014466830304,2.4989340008632977e-26,4.095014466830304,0
892,138,4.117825565230854,4.8862176866169435e-29,4.117825565230854,0
2140,272,4.135666188622396,5.720281144305475e-25,4.135666188622396,0
1408,228,4.136487721105961,5.018942519673886e-25,4.136487721105961,0
2043,268,4.143239860252905,1.328006199384098e-21,4.143239860252905,0
288,45,4.1610685544849,2.8666121829566602e-24,4.1610685544849,0
3552,480,4.1884770792574075,1.0939454433960173e-25,4.1884770792574075,0
107,27,4.199288118079752,2.790083688388882e-24,4.199288118079752,0
1623,247,4.267633903252883,6.590791384412802e-24,4.267633903252883,0
2999,314,4.272278708835003,1.8188522307993302e-29,4.272278708835003,0
236,38,4.282374914205813,6.681718510836014e-29,4.282374914205813,0
2627,298,4.288746347186709,1.0142871568733388e-30,4.288746347186709,0
1584,245,4.35248641804921,4.4503102314880855e-25,4.35248641804921,0
3182,444,4.366140840403986,3.2308369680466237e-28,4.366140840403986,0
510,80,4.398241005689304,2.9127952039737127e-29,4.398241005689304,0
1035,163,4.406866149079276,8.831456170418108e-25,4.406866149079276,0
690,108,4.414873944576636,4.880097450743139e-25,4.414873944576636,0
3704,487,4.451574568007134,2.9883249935968477e-24,4.451574568007134,0
3040,315,4.480446943817922,1.02523651693438e-29,4.480446943817922,0
24,7,4.503818037594302,1.3968615128679976e-28,4.503818037594302,0
1753,254,4.55370090736467,4.444272633072384e-25,4.55370090736467,0
137,29,4.570767647748856,1.017095435499152e-24,4.570767647748856,0
3053,315,4.595713667343982,1.02523651693438e-29,4.595713667343982,0
1866,259,4.59896322657938,2.7057471472795516e-26,4.59896322657938,0
3484,463,4.627065477382475,2.3839198970416273e-30,4.627065477382475,0
2207,274,4.6675032977399,2.4989340008632977e-26,4.6675032977399,0
3151,443,4.687458680793461,1.9721031459475644e-32,4.687458680793461,0
478,74,4.771507498603254,6.841446507141857e-27,4.771507498603254,0
2859,309,4.803852116019539,1.2246685840617077e-29,4.803852116019539,0
159,31,4.804177664278816,1.151048346431841e-25,4.804177664278816,0
2962,312,4.903028013597291,7.060426745125837e-28,4.903028013597291,0
1147,184,4.9692559142927735,4.4945881893187175e-24,4.9692559142927735,0
2982,312,4.981624103291728,7.060426745125837e-28,4.981624103291728,0
39,9,4.988023219300018,2.1620007902849304e-24,4.988023219300018,0
994,155,5.003091116958636,4.212554510348425e-28,5.003091116958636,0
1522,239,5.123515468597033,8.193117360888574e-30,5.123515468597033,0
464,73,5.15742831332722,1.679355830683488e-26,5.15742831332722,0
2220,274,5.2438804405402495,2.4989340008632977e-26,5.2438804405402495,0
1254,200,5.275416527837229,6.44586352796057e-30,5.275416527837229,0
2326,281,5.3420579499232534,8.784914535657316e-29,5.3420579499232534,0
2030,267,5.391327158190595,3.342515927077984e-27,5.391327158190595,0
3728,488,5.407642815369043,6.268646962691018e-26,5.407642815369043,0
1630,247,5.4295156822952855,6.590791384412802e-24,5.4295156822952855,0
3298,453,5.470505904611445,5.656385692464863e-26,5.470505904611445,0
1479,234,5.471251845848659,3.806190658616629e-28,5.471251845848659,0
1645,248,5.519253385242975,2.3688774486805515e-24,5.519253385242975,0
1451,233,5.625558121370189,8.935279372039365e-28,5.625558121370189,0
2817,306,5.636047573348139,2.1132916639841704e-26,5.636047573348139,0
3269,452,5.927714579037359,5.941349408358543e-24,5.927714579037359,0
2675,300,6.086563743975989,3.2576137516329277e-41,6.086563743975989,0
3400,461,6.08799015081888,4.1238349233958415e-25,6.08799015081888,0
2293,278,6.238946769284668,1.862495501842197e-27,6.238946769284668,0
113,27,6.303276033823161,2.790083688388882e-24,6.303276033823161,0
1219,195,6.595730988573031,3.462060555518425e-28,6.595730988573031,0
1651,248,6.613888595569794,2.3688774486805515e-24,6.613888595569794,0
2349,282,6.889869360655169,2.0130041089721442e-28,6.889869360655169,0
167,31,7.0191268498705925,1.151048346431841e-25,7.0191268498705925,0
2753,305,7.046313266011107,7.150180119874699e-25,7.046313266011107,0
3294,453,7.103621732610566,5.656385692464863e-26,7.103621732610566,0
3275,452,7.183198690208841,5.941349408358543e-24,7.183198690208841,0
868,133,7.197785683445248,4.178242604096822e-27,7.197785683445248,0
3199,444,7.436059513859441,3.2308369680466237e-28,7.436059513859441,0
995,156,7.7712707639901595,1.7181078690332215e-28,7.7712707639901595,0
