Dloc_max,F0_residual_N_per_m,H_attempt,P_max,S_no_attempt,Umax_m,Umin_m,ale_accept_scale,ale_geometry_active,block,block_limited_by_birth_clock,case,cleavage_clock_model,cycles_connected,cycles_diffuse_abort,cycles_first_embryo,cycles_first_expected_embryo,cycles_first_expected_stable,cycles_first_softening,cycles_first_stable,cycles_front_capture,cycles_front_stalled,cycles_root_connected,cycles_target,cycles_total,cycles_two_horizon_crack,dN,delivery_hit_count,delivery_memory_s,delivery_scale,delivery_source,delivery_source_multiplicity,dep_eq_block_max,dep_eq_cycle_max,effective_scratch_Kt_max,epsp_acc_max,fatigue_model,fatigue_model_preset_applied,fem_scratch_Kt_max,geometry_invalid_reason,geometry_limit_mode,geometry_saturated,geometry_saturation_cycles,geometry_taper_factor,global_action_increment,global_action_increment_per_cycle,global_action_ledger_closure_error,global_attempt_count,global_clock_policy_state,global_threshold_action,marked_attempt_pd_node_id,marked_attempt_probability,marked_attempt_site_id,max_blocks_requested,minimum_element_area_over_initial,next_birth_wait_cycles_pre,pd_active_front,pd_active_front_bonds,pd_active_front_length_m,pd_amplification_max,pd_birth_rate_max_per_cycle,pd_bond_damage_max,pd_broken_bonds,pd_completion_max,pd_connected_bonds,pd_connected_extent_m,pd_crack_axial_coverage,pd_crack_boundary_clearance_m,pd_crack_centerline_length_m,pd_crack_local_upper_K_MPam05,pd_crack_max_axial_gap_m,pd_crack_orientation_coherence,pd_crack_orientation_deg,pd_crack_remote_KII_MPam05,pd_crack_remote_KI_MPam05,pd_crack_remote_K_MPam05,pd_crack_slenderness,pd_crack_surface_gap_m,pd_crack_tip_radius_eff_m,pd_crack_tip_width_m,pd_crack_width_m,pd_crack_width_ratio,pd_delivery_events_cycle_max,pd_delivery_memory_max,pd_delivery_rate_max_s,pd_diffuse_abort,pd_effective_stress_max_Pa,pd_embryo_max,pd_expected_births_cumulative,pd_expected_candidate_sites,pd_expected_embryos,pd_expected_stable,pd_front_backbone_bonds,pd_front_candidate_mode,pd_front_eligible_fallback,pd_front_eligible_preferred,pd_front_max_link_rate_per_cycle,pd_front_process_bonds,pd_front_stall_updates,pd_front_stalled,pd_front_wake_bonds,pd_growth_max,pd_handoff_K_pass,pd_handoff_boundary_pass,pd_handoff_competition_pass,pd_handoff_coverage_pass,pd_handoff_front_pass,pd_handoff_length_pass,pd_handoff_orientation_pass,pd_handoff_pass,pd_handoff_slenderness_pass,pd_handoff_surface_pass,pd_handoff_tip_pass,pd_max_rate_per_cycle,pd_nucleation_hazard_cycle_max,pd_nucleation_rate_max_s,pd_off_front_broken_bonds,pd_off_front_broken_fraction,pd_precapture_stalled,pd_primary_seed_node,pd_primary_seed_reselections,pd_primary_seed_stall_updates,pd_realized_births_cumulative,pd_realized_candidate_sites,pd_realized_embryos,pd_realized_stable,pd_stable_max,pd_temporal_transient_cycles,plastic_work_J_per_m,remote_sigma_max_Pa,residual_sigma1_max_Pa,rho_max_m2,rho_mean_m2,root_radius_m,root_radius_over_initial,root_radius_over_spacing,root_x_m,root_y_m,sigma1_cycle_max_Pa,sigma_a_MPa,surface_move_max_m,surface_shear_gamma_nt_max,v9_fem_embedded_error,v9_fem_error_ep_gp,v9_fem_error_epsp_acc_gp,v9_fem_error_rho_gp,v9_fem_rejections
0.0,-3.174155177877851e-16,2.299433466005337,0.0,0.10031565985865486,2.0636829512802702e-05,2.063682951280271e-06,0.0,False,8,False,shielded,v9_four_class_stateful_PD_shared_root_m1_marked_embryo_v1,nan,nan,nan,nan,nan,nan,nan,nan,nan,nan,100000000000000.0,68788.6103515625,nan,0.6103515625,2.0,0.001,1.0,emission,13098.721493975596,8.596370275511932e-28,1.4084293059369344e-27,2.018051068029334,9.688389473072878e-23,custom,False,2.0336912292843157,,terminate,False,nan,1.0,2.0402546322818536e-05,3.342753189530589e-05,0.0,0,active,2.302585092994046,nan,nan,nan,1000000,1.0,inf,False,0,0.0,1.0,0.0,0.0,0,6.568718665434749e-37,0,0.0,0.0,0.0,0.0,0.0,inf,0.0,0.0,0.0,0.0,0.0,0.0,inf,inf,0.0,0.0,inf,8.60195257001124e-19,1.1461866048279179e-18,4.13973150614297e-15,False,9072260690.274094,0.0,0.0,3741.9095810948684,0.0,0.0,0,0,0,0,0.0,0,0,False,0,0.0,False,False,False,False,False,False,False,False,False,False,False,0.0,0.15907029548772386,1867.446096365472,0,0.0,False,-1,0,0,0,3804,0,0,0.0,20,1.1408326016737566e-20,4495555555.555555,3.1137307625604524e-12,1000000000000.0,1000000000000.0,0.0005987445183220907,1.0,49.89537652684091,0.00014991623455953818,-1.0024493102302374e-05,9142571904.093712,2023.0,0.0,0.0,0.0,0.0,0.0,0.0,0
0.0,-3.1741771467609446e-16,2.2994538685516606,0.0,0.10031361318463637,2.0636829512802702e-05,2.063682951280271e-06,0.0,False,9,False,shielded,v9_four_class_stateful_PD_shared_root_m1_marked_embryo_v1,nan,nan,nan,nan,nan,nan,nan,nan,nan,nan,100000000000000.0,68789.220703125,nan,0.6103515625,2.0,0.001,1.0,emission,13098.721493975596,8.596370275629481e-28,1.4084293059565006e-27,2.018051068031,9.688475436775634e-23,custom,False,2.0336912292843157,,terminate,False,nan,1.0,2.040254632355081e-05,3.3427531896505644e-05,0.0,0,active,2.302585092994046,nan,nan,nan,1000000,1.0,inf,False,0,0.0,1.0,0.0,0.0,0,6.568718665824567e-37,0,0.0,0.0,0.0,0.0,0.0,inf,0.0,0.0,0.0,0.0,0.0,0.0,inf,inf,0.0,0.0,inf,8.601952570068813e-19,1.1461866048619279e-18,4.139731506171385e-15,False,9072260690.281586,0.0,0.0,3741.9095810948684,0.0,0.0,0,0,0,0,0.0,0,0,False,0,0.0,False,False,False,False,False,False,False,False,False,False,False,0.0,0.15907029549410637,1867.4460964405084,0,0.0,False,-1,0,0,0,3804,0,0,0.0,21,1.1408427241192815e-20,4495555555.555555,3.1137595069380553e-12,1000000000000.0,1000000000000.0,0.0005987445183220907,1.0,49.89537652684091,0.00014991623455953818,-1.0024493102302374e-05,9142571904.093712,2023.0,0.0,0.0,0.0,0.0,0.0,0.0,0
0.0,-3.1742076141493504e-16,2.299474271097984,0.0,0.10031156655237482,2.0636829512802702e-05,2.063682951280271e-06,0.0,False,10,False,shielded,v9_four_class_stateful_PD_shared_root_m1_marked_embryo_v1,nan,nan,nan,nan,nan,nan,nan,nan,nan,nan,100000000000000.0,68789.8310546875,nan,0.6103515625,2.0,0.001,1.0,emission,13098.721493975596,8.596370275629481e-28,1.4084293059565006e-27,2.018051068031,9.688561400478391e-23,custom,False,2.0336912292843157,,terminate,False,nan,1.0,2.040254632355081e-05,3.3427531896505644e-05,0.0,0,active,2.302585092994046,nan,nan,nan,1000000,1.0,inf,False,0,0.0,1.0,0.0,0.0,0,6.115085184439423e-37,0,0.0,0.0,0.0,0.0,0.0,inf,0.0,0.0,0.0,0.0,0.0,0.0,inf,inf,0.0,0.0,inf,8.601952570068813e-19,1.1059010068210828e-18,4.139731506171385e-15,False,9072260690.281586,0.0,0.0,3741.9095810948684,0.0,0.0,0,0,0,0,0.0,0,0,False,0,0.0,False,False,False,False,False,False,False,False,False,False,False,0.0,0.15907029549410637,1867.4460964405084,0,0.0,False,-1,0,0,0,3804,0,0,0.0,20,1.1408528465648063e-20,4495555555.555555,3.1137871265041465e-12,1000000000000.0,1000000000000.0,0.0005987445183220907,1.0,49.89537652684091,0.00014991623455953818,-1.0024493102302374e-05,9142571904.093712,2023.0,0.0,0.0,0.0,0.0,0.0,0.0,0
0.0,-3.1742349467817285e-16,2.299494673644308,0.0,0.1003095199618693,2.0636829512802702e-05,2.063682951280271e-06,0.0,False,11,False,shielded,v9_four_class_stateful_PD_shared_root_m1_marked_embryo_v1,nan,nan,nan,nan,nan,nan,nan,nan,nan,nan,100000000000000.0,68790.44140625,nan,0.6103515625,2.0,0.001,1.0,emission,13098.721493975596,8.596370275629481e-28,1.4084293059565006e-27,2.018051068031,9.688647364181147e-23,custom,False,2.0336912292843157,,terminate,False,nan,1.0,2.040254632355081e-05,3.3427531896505644e-05,4.440892098500626e-16,0,active,2.302585092994046,nan,nan,nan,1000000,1.0,inf,False,0,0.0,1.0,0.0,0.0,0,6.568718665969255e-37,0,0.0,0.0,0.0,0.0,0.0,inf,0.0,0.0,0.0,0.0,0.0,0.0,inf,inf,0.0,0.0,inf,8.601952570068813e-19,1.1461866048745514e-18,4.139731506171385e-15,False,9072260690.281586,0.0,0.0,3741.9095810948684,0.0,0.0,0,0,0,0,0.0,0,0,False,0,0.0,False,False,False,False,False,False,False,False,False,False,False,0.0,0.15907029549410637,1867.4460964405084,0,0.0,False,-1,0,0,0,3804,0,0,0.0,21,1.1408629690103311e-20,4495555555.555555,3.1138147265550195e-12,1000000000000.0,1000000000000.0,0.0005987445183220907,1.0,49.89537652684091,0.00014991623455953818,-1.0024493102302374e-05,9142571904.093712,2023.0,0.0,0.0,0.0,0.0,0.0,0.0,0
0.0,-3.1742625102491964e-16,2.2995150761906316,0.0,0.10030747341311906,2.0636829512802702e-05,2.063682951280271e-06,0.0,False,12,False,shielded,v9_four_class_stateful_PD_shared_root_m1_marked_embryo_v1,nan,nan,nan,nan,nan,nan,nan,nan,nan,nan,100000000000000.0,68791.0517578125,nan,0.6103515625,2.0,0.001,1.0,emission,13098.721493975596,8.596370275629481e-28,1.4084293059565006e-27,2.018051068031,9.688733327883903e-23,custom,False,2.0336912292843157,,terminate,False,nan,1.0,2.040254632355081e-05,3.3427531896505644e-05,0.0,0,active,2.302585092994046,nan,nan,nan,1000000,1.0,inf,False,0,0.0,1.0,0.0,0.0,0,5.142253071711664e-37,0,0.0,0.0,0.0,0.0,0.0,inf,0.0,0.0,0.0,0.0,0.0,0.0,inf,inf,0.0,0.0,inf,8.601952570068813e-19,1.0141255417069096e-18,4.139731506171385e-15,False,9072260690.281586,0.0,0.0,3741.9095810948684,0.0,0.0,0,0,0,0,0.0,0,0,False,0,0.0,False,False,False,False,False,False,False,False,False,False,False,0.0,0.15907029549410637,1867.4460964405084,0,0.0,False,-1,0,0,0,3804,0,0,0.0,20,1.1408730914558559e-20,4495555555.555555,3.1138421791593586e-12,1000000000000.0,1000000000000.0,0.0005987445183220907,1.0,49.89537652684091,0.00014991623455953818,-1.0024493102302374e-05,9142571904.093712,2023.0,0.0,0.0,0.0,0.0,0.0,0.0,0
0.0,-3.1742917810691474e-16,2.2995354787369546,0.0,0.10030542690612325,2.0636829512802702e-05,2.063682951280271e-06,0.0,False,13,False,shielded,v9_four_class_stateful_PD_shared_root_m1_marked_embryo_v1,nan,nan,nan,nan,nan,nan,nan,nan,nan,nan,100000000000000.0,68791.662109375,nan,0.6103515625,2.0,0.001,1.0,emission,13098.721493975596,8.596370275629481e-28,1.4084293059565006e-27,2.018051068031,9.68881929158666e-23,custom,False,2.0336912292843157,,terminate,False,nan,1.0,2.040254632355081e-05,3.3427531896505644e-05,4.440892098500626e-16,0,active,2.302585092994046,nan,nan,nan,1000000,1.0,inf,False,0,0.0,1.0,0.0,0.0,0,6.568718666022276e-37,0,0.0,0.0,0.0,0.0,0.0,inf,0.0,0.0,0.0,0.0,0.0,0.0,inf,inf,0.0,0.0,inf,8.601952570068813e-19,1.1461866048791773e-18,4.139731506171385e-15,False,9072260690.281586,0.0,0.0,3741.9095810948684,0.0,0.0,0,0,0,0,0.0,0,0,False,0,0.0,False,False,False,False,False,False,False,False,False,False,False,0.0,0.15907029549410637,1867.4460964405084,0,0.0,False,-1,0,0,0,3804,0,0,0.0,21,1.1408832139013807e-20,4495555555.555555,3.1138694349510074e-12,1000000000000.0,1000000000000.0,0.0005987445183220907,1.0,49.89537652684091,0.00014991623455953818,-1.0024493102302374e-05,9142571904.093712,2023.0,0.0,0.0,0.0,0.0,0.0,0.0,0
0.0,-3.1743184082715594e-16,2.2995558812832786,0.0,0.10030338044088087,2.0636829512802702e-05,2.063682951280271e-06,0.0,False,14,False,shielded,v9_four_class_stateful_PD_shared_root_m1_marked_embryo_v1,nan,nan,nan,nan,nan,nan,nan,nan,nan,nan,100000000000000.0,68792.2724609375,nan,0.6103515625,2.0,0.001,1.0,emission,13098.721493975596,8.596370275629481e-28,1.4084293059565006e-27,2.018051068031,9.688905255289416e-23,custom,False,2.0336912292843157,,terminate,False,nan,1.0,2.040254632355081e-05,3.3427531896505644e-05,4.440892098500626e-16,0,active,2.302585092994046,nan,nan,nan,1000000,1.0,inf,False,0,0.0,1.0,0.0,0.0,0,6.568718666041972e-37,0,0.0,0.0,0.0,0.0,0.0,inf,0.0,0.0,0.0,0.0,0.0,0.0,inf,inf,0.0,0.0,inf,8.601952570068813e-19,1.1461866048808956e-18,4.139731506171385e-15,False,9072260690.281586,0.0,0.0,3741.9095810948684,0.0,0.0,0,0,0,0,0.0,0,0,False,0,0.0,False,False,False,False,False,False,False,False,False,False,False,0.0,0.15907029549410637,1867.4460964405084,0,0.0,False,-1,0,0,0,3804,0,0,0.0,20,1.1408933363469056e-20,4495555555.555555,3.1138976708124343e-12,1000000000000.0,1000000000000.0,0.0005987445183220907,1.0,49.89537652684091,0.00014991623455953818,-1.0024493102302374e-05,9142571904.093712,2023.0,0.0,0.0,0.0,0.0,0.0,0.0,0
0.0,-3.174348599071448e-16,2.299576283829602,0.0,0.10030133401739122,2.0636829512802702e-05,2.063682951280271e-06,0.0,False,15,False,shielded,v9_four_class_stateful_PD_shared_root_m1_marked_embryo_v1,nan,nan,nan,nan,nan,nan,nan,nan,nan,nan,100000000000000.0,68792.8828125,nan,0.6103515625,2.0,0.001,1.0,emission,13098.721493975596,8.596370275629481e-28,1.4084293059565006e-27,2.018051068031,9.688991218992172e-23,custom,False,2.0336912292843157,,terminate,False,nan,1.0,2.040254632355081e-05,3.3427531896505644e-05,0.0,0,active,2.302585092994046,nan,nan,nan,1000000,1.0,inf,False,0,0.0,1.0,0.0,0.0,0,5.565826208620526e-37,0,0.0,0.0,0.0,0.0,0.0,inf,0.0,0.0,0.0,0.0,0.0,0.0,inf,inf,0.0,0.0,inf,8.601952570068813e-19,1.055066463178555e-18,4.139731506171385e-15,False,9072260690.281586,0.0,0.0,3741.9095810948684,0.0,0.0,0,0,0,0,0.0,0,0,False,0,0.0,False,False,False,False,False,False,False,False,False,False,False,0.0,0.15907029549410637,1867.4460964405084,0,0.0,False,-1,0,0,0,3804,0,0,0.0,21,1.1409034587924304e-20,4495555555.555555,3.1139254206834275e-12,1000000000000.0,1000000000000.0,0.0005987445183220907,1.0,49.89537652684091,0.00014991623455953818,-1.0024493102302374e-05,9142571904.093712,2023.0,0.0,0.0,0.0,0.0,0.0,0.0,0
0.0,-3.1743773859907405e-16,2.2995966863759256,0.0,0.10029928763565339,2.0636829512802702e-05,2.063682951280271e-06,0.0,False,16,False,shielded,v9_four_class_stateful_PD_shared_root_m1_marked_embryo_v1,nan,nan,nan,nan,nan,nan,nan,nan,nan,nan,100000000000000.0,68793.4931640625,nan,0.6103515625,2.0,0.001,1.0,emission,13098.721493975596,8.596370275629481e-28,1.4084293059565006e-27,2.018051068031,9.689077182694929e-23,custom,False,2.0336912292843157,,terminate,False,nan,1.0,2.040254632355081e-05,3.3427531896505644e-05,0.0,0,active,2.302585092994046,nan,nan,nan,1000000,1.0,inf,False,0,0.0,1.0,0.0,0.0,0,6.56871866604916e-37,0,0.0,0.0,0.0,0.0,0.0,inf,0.0,0.0,0.0,0.0,0.0,0.0,inf,inf,0.0,0.0,inf,8.601952570068813e-19,1.1461866048815227e-18,4.139731506171385e-15,False,9072260690.281586,0.0,0.0,3741.9095810948684,0.0,0.0,0,0,0,0,0.0,0,0,False,0,0.0,False,False,False,False,False,False,False,False,False,False,False,0.0,0.15907029549410637,1867.4460964405084,0,0.0,False,-1,0,0,0,3804,0,0,0.0,20,1.1409135812379552e-20,4495555555.555555,3.1139523306401268e-12,1000000000000.0,1000000000000.0,0.0005987445183220907,1.0,49.89537652684091,0.00014991623455953818,-1.0024493102302374e-05,9142571904.093712,2023.0,0.0,0.0,7.174648137343063e-35,7.174648137343063e-35,0.0,0.0,0
0.0,-3.1744040395595345e-16,2.2996170889222487,0.0,0.10029724129566658,2.0636829512802702e-05,2.063682951280271e-06,0.0,False,17,False,shielded,v9_four_class_stateful_PD_shared_root_m1_marked_embryo_v1,nan,nan,nan,nan,nan,nan,nan,nan,nan,nan,100000000000000.0,68794.103515625,nan,0.6103515625,2.0,0.001,1.0,emission,13098.721493975596,8.596370275629481e-28,1.4084293059565006e-27,2.018051068031,9.689163146397685e-23,custom,False,2.0336912292843157,,terminate,False,nan,1.0,2.040254632355081e-05,3.3427531896505644e-05,4.440892098500626e-16,0,active,2.302585092994046,nan,nan,nan,1000000,1.0,inf,False,0,0.0,1.0,0.0,0.0,0,6.251899932651631e-37,0,0.0,0.0,0.0,0.0,0.0,inf,0.0,0.0,0.0,0.0,0.0,0.0,inf,inf,0.0,0.0,inf,8.601952570068813e-19,1.118203910979713e-18,4.139731506171385e-15,False,9072260690.281586,0.0,0.0,3741.9095810948684,0.0,0.0,0,0,0,0,0.0,0,0,False,0,0.0,False,False,False,False,False,False,False,False,False,False,False,0.0,0.15907029549410637,1867.4460964405084,0,0.0,False,-1,0,0,0,3804,0,0,0.0,21,1.14092370368348e-20,4495555555.555555,3.113980167819133e-12,1000000000000.0,1000000000000.0,0.0005987445183220907,1.0,49.89537652684091,0.00014991623455953818,-1.0024493102302374e-05,9142571904.093712,2023.0,0.0,0.0,0.0,0.0,0.0,0.0,0
0.0,-3.174431905464914e-16,2.299637491468572,0.0,0.10029519499742984,2.0636829512802702e-05,2.063682951280271e-06,0.0,False,18,False,shielded,v9_four_class_stateful_PD_shared_root_m1_marked_embryo_v1,nan,nan,nan,nan,nan,nan,nan,nan,nan,nan,100000000000000.0,68794.7138671875,nan,0.6103515625,2.0,0.001,1.0,emission,13098.721493975596,8.596370275629481e-28,1.4084293059565006e-27,2.018051068031,9.689249110100441e-23,custom,False,2.0336912292843157,,terminate,False,nan,1.0,2.040254632355081e-05,3.3427531896505644e-05,0.0,0,active,2.302585092994046,nan,nan,nan,1000000,1.0,inf,False,0,0.0,1.0,0.0,0.0,0,6.568718666051773e-37,0,0.0,0.0,0.0,0.0,0.0,inf,0.0,0.0,0.0,0.0,0.0,0.0,inf,inf,0.0,0.0,inf,8.601952570068813e-19,1.1461866048817507e-18,4.139731506171385e-15,False,9072260690.281586,0.0,0.0,3741.9095810948684,0.0,0.0,0,0,0,0,0.0,0,0,False,0,0.0,False,False,False,False,False,False,False,False,False,False,False,0.0,0.15907029549410637,1867.4460964405084,0,0.0,False,-1,0,0,0,3804,0,0,0.0,20,1.1409338261290049e-20,4495555555.555555,3.1140082182884437e-12,1000000000000.0,1000000000000.0,0.0005987445183220907,1.0,49.89537652684091,0.00014991623455953818,-1.0024493102302374e-05,9142571904.093712,2023.0,0.0,0.0,0.0,0.0,0.0,0.0,0
0.0,-3.1744588865455317e-16,2.2996578940148957,0.0,0.10029314874094238,2.0636829512802702e-05,2.063682951280271e-06,0.0,False,19,False,shielded,v9_four_class_stateful_PD_shared_root_m1_marked_embryo_v1,nan,nan,nan,nan,nan,nan,nan,nan,nan,nan,100000000000000.0,68795.32421875,nan,0.6103515625,2.0,0.001,1.0,emission,13098.721493975596,8.596370275629481e-28,1.4084293059565006e-27,2.018051068031,9.689335073803197e-23,custom,False,2.0336912292843157,,terminate,False,nan,1.0,2.040254632355081e-05,3.3427531896505644e-05,0.0,0,active,2.302585092994046,nan,nan,nan,1000000,1.0,inf,False,0,0.0,1.0,0.0,0.0,0,6.568718666052801e-37,0,0.0,0.0,0.0,0.0,0.0,inf,0.0,0.0,0.0,0.0,0.0,0.0,inf,inf,0.0,0.0,inf,8.601952570068813e-19,1.1461866048818403e-18,4.139731506171385e-15,False,9072260690.281586,0.0,0.0,3741.9095810948684,0.0,0.0,0,0,0,0,0.0,0,0,False,0,0.0,False,False,False,False,False,False,False,False,False,False,False,0.0,0.15907029549410637,1867.4460964405084,0,0.0,False,-1,0,0,0,3804,0,0,0.0,21,1.1409439485745297e-20,4495555555.555555,3.114035318942435e-12,1000000000000.0,1000000000000.0,0.0005987445183220907,1.0,49.89537652684091,0.00014991623455953818,-1.0024493102302374e-05,9142571904.093712,2023.0,0.0,0.0,1.1479437019748901e-33,1.1479437019748901e-33,0.0,0.0,0
0.0,-3.1744876021204964e-16,2.2996782965612192,0.0,0.10029110252620332,2.0636829512802702e-05,2.063682951280271e-06,0.0,False,20,False,shielded,v9_four_class_stateful_PD_shared_root_m1_marked_embryo_v1,nan,nan,nan,nan,nan,nan,nan,nan,nan,nan,100000000000000.0,68795.9345703125,nan,0.6103515625,2.0,0.001,1.0,emission,13098.721493975596,8.596370275629481e-28,1.4084293059565006e-27,2.018051068031,9.689421037505954e-23,custom,False,2.0336912292843157,,terminate,False,nan,1.0,2.040254632355081e-05,3.3427531896505644e-05,0.0,0,active,2.302585092994046,nan,nan,nan,1000000,1.0,inf,False,0,0.0,1.0,0.0,0.0,0,5.02848178258184e-37,0,0.0,0.0,0.0,0.0,0.0,inf,0.0,0.0,0.0,0.0,0.0,0.0,inf,inf,0.0,0.0,inf,8.601952570068813e-19,1.002844133709904e-18,4.139731506171385e-15,False,9072260690.281586,0.0,0.0,3741.9095810948684,0.0,0.0,0,0,0,0,0.0,0,0,False,0,0.0,False,False,False,False,False,False,False,False,False,False,False,0.0,0.15907029549410637,1867.4460964405084,0,0.0,False,-1,0,0,0,3804,0,0,0.0,20,1.1409540710200545e-20,4495555555.555555,3.1140632132170036e-12,1000000000000.0,1000000000000.0,0.0005987445183220907,1.0,49.89537652684091,0.00014991623455953818,-1.0024493102302374e-05,9142571904.093712,2023.0,0.0,0.0,0.0,0.0,0.0,0.0,0
0.0,-3.174516913523996e-16,2.2996986991075428,0.0,0.10028905635321184,2.0636829512802702e-05,2.063682951280271e-06,0.0,False,21,False,shielded,v9_four_class_stateful_PD_shared_root_m1_marked_embryo_v1,nan,nan,nan,nan,nan,nan,nan,nan,nan,nan,100000000000000.0,68796.544921875,nan,0.6103515625,2.0,0.001,1.0,emission,13098.721493975596,8.596370275629481e-28,1.4084293059565006e-27,2.018051068031,9.68950700120871e-23,custom,False,2.0336912292843157,,terminate,False,nan,1.0,2.040254632355081e-05,3.3427531896505644e-05,0.0,0,active,2.302585092994046,nan,nan,nan,1000000,1.0,inf,False,0,0.0,1.0,0.0,0.0,0,6.5687186660530805e-37,0,0.0,0.0,0.0,0.0,0.0,inf,0.0,0.0,0.0,0.0,0.0,0.0,inf,inf,0.0,0.0,inf,8.601952570068813e-19,1.1461866048818647e-18,4.139731506171385e-15,False,9072260690.281586,0.0,0.0,3741.9095810948684,0.0,0.0,0,0,0,0,0.0,0,0,False,0,0.0,False,False,False,False,False,False,False,False,False,False,False,0.0,0.15907029549410637,1867.4460964405084,0,0.0,False,-1,0,0,0,3804,0,0,0.0,21,1.1409641934655793e-20,4495555555.555555,3.114090686116125e-12,1000000000000.0,1000000000000.0,0.0005987445183220907,1.0,49.89537652684091,0.00014991623455953818,-1.0024493102302374e-05,9142571904.093712,2023.0,0.0,0.0,0.0,0.0,0.0,0.0,0
0.0,-3.1745451377019783e-16,2.2997191016538663,0.0,0.10028701022196707,2.0636829512802702e-05,2.063682951280271e-06,0.0,False,22,False,shielded,v9_four_class_stateful_PD_shared_root_m1_marked_embryo_v1,nan,nan,nan,nan,nan,nan,nan,nan,nan,nan,100000000000000.0,68797.1552734375,nan,0.6103515625,2.0,0.001,1.0,emission,13098.721493975596,8.596370275629481e-28,1.4084293059565006e-27,2.018051068031,9.689592964911466e-23,custom,False,2.0336912292843157,,terminate,False,nan,1.0,2.040254632355081e-05,3.3427531896505644e-05,0.0,0,active,2.302585092994046,nan,nan,nan,1000000,1.0,inf,False,0,0.0,1.0,0.0,0.0,0,6.566750566298792e-37,0,0.0,0.0,0.0,0.0,0.0,inf,0.0,0.0,0.0,0.0,0.0,0.0,inf,inf,0.0,0.0,inf,8.601952570068813e-19,1.1460148835245372e-18,4.139731506171385e-15,False,9072260690.281586,0.0,0.0,3741.9095810948684,0.0,0.0,0,0,0,0,0.0,0,0,False,0,0.0,False,False,False,False,False,False,False,False,False,False,False,0.0,0.15907029549410637,1867.4460964405084,0,0.0,False,-1,0,0,0,3804,0,0,0.0,20,1.1409743159111041e-20,4495555555.555555,3.114118844137221e-12,1000000000000.0,1000000000000.0,0.0005987445183220907,1.0,49.89537652684091,0.00014991623455953818,-1.0024493102302374e-05,9142571904.093712,2023.0,0.0,0.0,0.0,0.0,0.0,0.0,0
0.0,-3.174573583667762e-16,2.29973950420019,0.0,0.10028496413246815,2.0636829512802702e-05,2.063682951280271e-06,0.0,False,23,False,shielded,v9_four_class_stateful_PD_shared_root_m1_marked_embryo_v1,nan,nan,nan,nan,nan,nan,nan,nan,nan,nan,100000000000000.0,68797.765625,nan,0.6103515625,2.0,0.001,1.0,emission,13098.721493975596,8.596370275629481e-28,1.4084293059565006e-27,2.018051068031,9.689678928614223e-23,custom,False,2.0336912292843157,,terminate,False,nan,1.0,2.040254632355081e-05,3.3427531896505644e-05,0.0,0,active,2.302585092994046,nan,nan,nan,1000000,1.0,inf,False,0,0.0,1.0,0.0,0.0,0,6.568718666053267e-37,0,0.0,0.0,0.0,0.0,0.0,inf,0.0,0.0,0.0,0.0,0.0,0.0,inf,inf,0.0,0.0,inf,8.601952570068813e-19,1.1461866048818811e-18,4.139731506171385e-15,False,9072260690.281586,0.0,0.0,3741.9095810948684,0.0,0.0,0,0,0,0,0.0,0,0,False,0,0.0,False,False,False,False,False,False,False,False,False,False,False,0.0,0.15907029549410637,1867.4460964405084,0,0.0,False,-1,0,0,0,3804,0,0,0.0,21,1.140984438356629e-20,4495555555.555555,3.1141455484067313e-12,1000000000000.0,1000000000000.0,0.0005987445183220907,1.0,49.89537652684091,0.00014991623455953818,-1.0024493102302374e-05,9142571904.093712,2023.0,0.0,0.0,0.0,0.0,0.0,0.0,0
0.0,-3.174601765969726e-16,2.2997599067465138,0.0,0.1002829180847142,2.0636829512802702e-05,2.063682951280271e-06,0.0,False,24,False,shielded,v9_four_class_stateful_PD_shared_root_m1_marked_embryo_v1,nan,nan,nan,nan,nan,nan,nan,nan,nan,nan,100000000000000.0,68798.3759765625,nan,0.6103515625,2.0,0.001,1.0,emission,13098.721493975596,8.596370275629481e-28,1.4084293059565006e-27,2.018051068031,9.689764892316979e-23,custom,False,2.0336912292843157,,terminate,False,nan,1.0,2.040254632355081e-05,3.3427531896505644e-05,4.440892098500626e-16,0,active,2.302585092994046,nan,nan,nan,1000000,1.0,inf,False,0,0.0,1.0,0.0,0.0,0,6.568718666053174e-37,0,0.0,0.0,0.0,0.0,0.0,inf,0.0,0.0,0.0,0.0,0.0,0.0,inf,inf,0.0,0.0,inf,8.601952570068813e-19,1.146186604881873e-18,4.139731506171385e-15,False,9072260690.281586,0.0,0.0,3741.9095810948684,0.0,0.0,0,0,0,0,0.0,0,0,False,0,0.0,False,False,False,False,False,False,False,False,False,False,False,0.0,0.15907029549410637,1867.4460964405084,0,0.0,False,-1,0,0,0,3804,0,0,0.0,21,1.1409945608021538e-20,4495555555.555555,3.1141740928724284e-12,1000000000000.0,1000000000000.0,0.0005987445183220907,1.0,49.89537652684091,0.00014991623455953818,-1.0024493102302374e-05,9142571904.093712,2023.0,0.0,0.0,0.0,0.0,0.0,0.0,0
0.0,-3.1746297373406333e-16,2.2997803092928373,0.0,0.10028087207870445,2.0636829512802702e-05,2.063682951280271e-06,0.0,False,25,False,shielded,v9_four_class_stateful_PD_shared_root_m1_marked_embryo_v1,nan,nan,nan,nan,nan,nan,nan,nan,nan,nan,100000000000000.0,68798.986328125,nan,0.6103515625,2.0,0.001,1.0,emission,13098.721493975596,8.596370275629481e-28,1.4084293059565006e-27,2.018051068031,9.689850856019735e-23,custom,False,2.0336912292843157,,terminate,False,nan,1.0,2.040254632355081e-05,3.3427531896505644e-05,0.0,0,active,2.302585092994046,nan,nan,nan,1000000,1.0,inf,False,0,0.0,1.0,0.0,0.0,0,4.5353939709744076e-37,0,0.0,0.0,0.0,0.0,0.0,inf,0.0,0.0,0.0,0.0,0.0,0.0,inf,inf,0.0,0.0,inf,8.601952570068813e-19,9.524068427908745e-19,4.139731506171385e-15,False,9072260690.281586,0.0,0.0,3741.9095810948684,0.0,0.0,0,0,0,0,0.0,0,0,False,0,0.0,False,False,False,False,False,False,False,False,False,False,False,0.0,0.15907029549410637,1867.4460964405084,0,0.0,False,-1,0,0,0,3804,0,0,0.0,20,1.1410046832476786e-20,4495555555.555555,3.114201715364902e-12,1000000000000.0,1000000000000.0,0.0005987445183220907,1.0,49.89537652684091,0.00014991623455953818,-1.0024493102302374e-05,9142571904.093712,2023.0,0.0,0.0,0.0,0.0,0.0,0.0,0
0.0,-3.1746572852984646e-16,2.299800711839161,0.0,0.10027882611443802,2.0636829512802702e-05,2.063682951280271e-06,0.0,False,26,False,shielded,v9_four_class_stateful_PD_shared_root_m1_marked_embryo_v1,nan,nan,nan,nan,nan,nan,nan,nan,nan,nan,100000000000000.0,68799.5966796875,nan,0.6103515625,2.0,0.001,1.0,emission,13098.721493975596,8.596370275629481e-28,1.4084293059565006e-27,2.018051068031,9.689936819722492e-23,custom,False,2.0336912292843157,,terminate,False,nan,1.0,2.040254632355081e-05,3.3427531896505644e-05,0.0,0,active,2.302585092994046,nan,nan,nan,1000000,1.0,inf,False,0,0.0,1.0,0.0,0.0,0,6.568718666053174e-37,0,0.0,0.0,0.0,0.0,0.0,inf,0.0,0.0,0.0,0.0,0.0,0.0,inf,inf,0.0,0.0,inf,8.601952570068813e-19,1.146186604881873e-18,4.139731506171385e-15,False,9072260690.281586,0.0,0.0,3741.9095810948684,0.0,0.0,0,0,0,0,0.0,0,0,False,0,0.0,False,False,False,False,False,False,False,False,False,False,False,0.0,0.15907029549410637,1867.4460964405084,0,0.0,False,-1,0,0,0,3804,0,0,0.0,21,1.1410148056932034e-20,4495555555.555555,3.1142290552313657e-12,1000000000000.0,1000000000000.0,0.0005987445183220907,1.0,49.89537652684091,0.00014991623455953818,-1.0024493102302374e-05,9142571904.093712,2023.0,0.0,0.0,0.0,0.0,0.0,0.0,0
0.0,-3.174685129748847e-16,2.2998211143854843,0.0,0.10027678019191404,2.0636829512802702e-05,2.063682951280271e-06,0.0,False,27,False,shielded,v9_four_class_stateful_PD_shared_root_m1_marked_embryo_v1,nan,nan,nan,nan,nan,nan,nan,nan,nan,nan,100000000000000.0,68800.20703125,nan,0.6103515625,2.0,0.001,1.0,emission,13098.721493975596,8.596370275629481e-28,1.4084293059565006e-27,2.018051068031,9.690022783425248e-23,custom,False,2.0336912292843157,,terminate,False,nan,1.0,2.040254632355081e-05,3.3427531896505644e-05,0.0,0,active,2.302585092994046,nan,nan,nan,1000000,1.0,inf,False,0,0.0,1.0,0.0,0.0,0,6.568718666053174e-37,0,0.0,0.0,0.0,0.0,0.0,inf,0.0,0.0,0.0,0.0,0.0,0.0,inf,inf,0.0,0.0,inf,8.601952570068813e-19,1.146186604881873e-18,4.139731506171385e-15,False,9072260690.281586,0.0,0.0,3741.9095810948684,0.0,0.0,0,0,0,0,0.0,0,0,False,0,0.0,False,False,False,False,False,False,False,False,False,False,False,0.0,0.15907029549410637,1867.4460964405084,0,0.0,False,-1,0,0,0,3804,0,0,0.0,20,1.1410249281387282e-20,4495555555.555555,3.114256433767288e-12,1000000000000.0,1000000000000.0,0.0005987445183220907,1.0,49.89537652684091,0.00014991623455953818,-1.0024493102302374e-05,9142571904.093712,2023.0,0.0,0.0,2.8698592549372254e-34,2.8698592549372254e-34,0.0,0.0,0
0.0,-3.174712775158894e-16,2.299841516931808,0.0,0.10027473431113167,2.0636829512802702e-05,2.063682951280271e-06,0.0,False,28,False,shielded,v9_four_class_stateful_PD_shared_root_m1_marked_embryo_v1,nan,nan,nan,nan,nan,nan,nan,nan,nan,nan,100000000000000.0,68800.8173828125,nan,0.6103515625,2.0,0.001,1.0,emission,13098.721493975596,8.596370275629481e-28,1.4084293059565006e-27,2.018051068031,9.690108747128004e-23,custom,False,2.0336912292843157,,terminate,False,nan,1.0,2.040254632355081e-05,3.3427531896505644e-05,0.0,0,active,2.302585092994046,nan,nan,nan,1000000,1.0,inf,False,0,0.0,1.0,0.0,0.0,0,6.238299755591826e-37,0,0.0,0.0,0.0,0.0,0.0,inf,0.0,0.0,0.0,0.0,0.0,0.0,inf,inf,0.0,0.0,inf,8.601952570068813e-19,1.1169869968439047e-18,4.139731506171385e-15,False,9072260690.281586,0.0,0.0,3741.9095810948684,0.0,0.0,0,0,0,0,0.0,0,0,False,0,0.0,False,False,False,False,False,False,False,False,False,False,False,0.0,0.15907029549410637,1867.4460964405084,0,0.0,False,-1,0,0,0,3804,0,0,0.0,21,1.141035050584253e-20,4495555555.555555,3.1142842588250162e-12,1000000000000.0,1000000000000.0,0.0005987445183220907,1.0,49.89537652684091,0.00014991623455953818,-1.0024493102302374e-05,9142571904.093712,2023.0,0.0,0.0,0.0,0.0,0.0,0.0,0
0.0,-3.1747399519194256e-16,2.2998619194781313,0.0,0.10027268847209003,2.0636829512802702e-05,2.063682951280271e-06,0.0,False,29,False,shielded,v9_four_class_stateful_PD_shared_root_m1_marked_embryo_v1,nan,nan,nan,nan,nan,nan,nan,nan,nan,nan,100000000000000.0,68801.427734375,nan,0.6103515625,2.0,0.001,1.0,emission,13098.721493975596,8.596370275629481e-28,1.4084293059565006e-27,2.018051068031,9.69019471083076e-23,custom,False,2.0336912292843157,,terminate,False,nan,1.0,2.040254632355081e-05,3.3427531896505644e-05,0.0,0,active,2.302585092994046,nan,nan,nan,1000000,1.0,inf,False,0,0.0,1.0,0.0,0.0,0,6.568718666053174e-37,0,0.0,0.0,0.0,0.0,0.0,inf,0.0,0.0,0.0,0.0,0.0,0.0,inf,inf,0.0,0.0,inf,8.601952570068813e-19,1.146186604881873e-18,4.139731506171385e-15,False,9072260690.281586,0.0,0.0,3741.9095810948684,0.0,0.0,0,0,0,0,0.0,0,0,False,0,0.0,False,False,False,False,False,False,False,False,False,False,False,0.0,0.15907029549410637,1867.4460964405084,0,0.0,False,-1,0,0,0,3804,0,0,0.0,20,1.1410451730297779e-20,4495555555.555555,3.1143120750270327e-12,1000000000000.0,1000000000000.0,0.0005987445183220907,1.0,49.89537652684091,0.00014991623455953818,-1.0024493102302374e-05,9142571904.093712,2023.0,0.0,0.0,0.0,0.0,0.0,0.0,0
0.0,-3.1747694225551933e-16,2.2998823220244553,0.0,0.10027064267478826,2.0636829512802702e-05,2.063682951280271e-06,0.0,False,30,False,shielded,v9_four_class_stateful_PD_shared_root_m1_marked_embryo_v1,nan,nan,nan,nan,nan,nan,nan,nan,nan,nan,100000000000000.0,68802.0380859375,nan,0.6103515625,2.0,0.001,1.0,emission,13098.721493975596,8.596370275629481e-28,1.4084293059565006e-27,2.018051068031,9.690280674533517e-23,custom,False,2.0336912292843157,,terminate,False,nan,1.0,2.040254632355081e-05,3.3427531896505644e-05,4.440892098500626e-16,0,active,2.302585092994046,nan,nan,nan,1000000,1.0,inf,False,0,0.0,1.0,0.0,0.0,0,4.753686361378502e-37,0,0.0,0.0,0.0,0.0,0.0,inf,0.0,0.0,0.0,0.0,0.0,0.0,inf,inf,0.0,0.0,inf,8.601952570068813e-19,9.750575738261309e-19,4.139731506171385e-15,False,9072260690.281586,0.0,0.0,3741.9095810948684,0.0,0.0,0,0,0,0,0.0,0,0,False,0,0.0,False,False,False,False,False,False,False,False,False,False,False,0.0,0.15907029549410637,1867.4460964405084,0,0.0,False,-1,0,0,0,3804,0,0,0.0,21,1.1410552954753027e-20,4495555555.555555,3.1143395722790273e-12,1000000000000.0,1000000000000.0,0.0005987445183220907,1.0,49.89537652684091,0.00014991623455953818,-1.0024493102302374e-05,9142571904.093712,2023.0,0.0,0.0,0.0,0.0,0.0,0.0,0
0.0,-3.1747981236544973e-16,2.299902724570779,0.0,0.10026859691922559,2.0636829512802702e-05,2.063682951280271e-06,0.0,False,31,False,shielded,v9_four_class_stateful_PD_shared_root_m1_marked_embryo_v1,nan,nan,nan,nan,nan,nan,nan,nan,nan,nan,100000000000000.0,68802.6484375,nan,0.6103515625,2.0,0.001,1.0,emission,13098.721493975596,8.596370275629481e-28,1.4084293059565006e-27,2.018051068031,9.690366638236273e-23,custom,False,2.0336912292843157,,terminate,False,nan,1.0,2.040254632355081e-05,3.3427531896505644e-05,0.0,0,active,2.302585092994046,nan,nan,nan,1000000,1.0,inf,False,0,0.0,1.0,0.0,0.0,0,6.568718666053174e-37,0,0.0,0.0,0.0,0.0,0.0,inf,0.0,0.0,0.0,0.0,0.0,0.0,inf,inf,0.0,0.0,inf,8.601952570068813e-19,1.146186604881873e-18,4.139731506171385e-15,False,9072260690.281586,0.0,0.0,3741.9095810948684,0.0,0.0,0,0,0,0,0.0,0,0,False,0,0.0,False,False,False,False,False,False,False,False,False,False,False,0.0,0.15907029549410637,1867.4460964405084,0,0.0,False,-1,0,0,0,3804,0,0,0.0,20,1.1410654179208275e-20,4495555555.555555,3.1143672612925633e-12,1000000000000.0,1000000000000.0,0.0005987445183220907,1.0,49.89537652684091,0.00014991623455953818,-1.0024493102302374e-05,9142571904.093712,2023.0,0.0,0.0,0.0,0.0,0.0,0.0,0
0.0,-3.174826509649687e-16,2.2999231271171023,0.0,0.1002665512054011,2.0636829512802702e-05,2.063682951280271e-06,0.0,False,32,False,shielded,v9_four_class_stateful_PD_shared_root_m1_marked_embryo_v1,nan,nan,nan,nan,nan,nan,nan,nan,nan,nan,100000000000000.0,68803.2587890625,nan,0.6103515625,2.0,0.001,1.0,emission,13098.721493975596,8.596370275629481e-28,1.4084293059565006e-27,2.018051068031,9.690452601939029e-23,custom,False,2.0336912292843157,,terminate,False,nan,1.0,2.040254632355081e-05,3.3427531896505644e-05,0.0,0,active,2.302585092994046,nan,nan,nan,1000000,1.0,inf,False,0,0.0,1.0,0.0,0.0,0,6.568718666053174e-37,0,0.0,0.0,0.0,0.0,0.0,inf,0.0,0.0,0.0,0.0,0.0,0.0,inf,inf,0.0,0.0,inf,8.601952570068813e-19,1.146186604881873e-18,4.139731506171385e-15,False,9072260690.281586,0.0,0.0,3741.9095810948684,0.0,0.0,0,0,0,0,0.0,0,0,False,0,0.0,False,False,False,False,False,False,False,False,False,False,False,0.0,0.15907029549410637,1867.4460964405084,0,0.0,False,-1,0,0,0,3804,0,0,0.0,21,1.1410755403663523e-20,4495555555.555555,3.1143944772970565e-12,1000000000000.0,1000000000000.0,0.0005987445183220907,1.0,49.89537652684091,0.00014991623455953818,-1.0024493102302374e-05,9142571904.093712,2023.0,0.0,0.0,2.2958874039497803e-33,2.2958874039497803e-33,0.0,0.0,0
0.0,-3.1748561736389226e-16,2.299943529663426,0.0,0.10026450553331397,2.0636829512802702e-05,2.063682951280271e-06,0.0,False,33,False,shielded,v9_four_class_stateful_PD_shared_root_m1_marked_embryo_v1,nan,nan,nan,nan,nan,nan,nan,nan,nan,nan,100000000000000.0,68803.869140625,nan,0.6103515625,2.0,0.001,1.0,emission,13098.721493975596,8.596370275629481e-28,1.4084293059565006e-27,2.018051068031,9.690538565641786e-23,custom,False,2.0336912292843157,,terminate,False,nan,1.0,2.040254632355081e-05,3.3427531896505644e-05,0.0,0,active,2.302585092994046,nan,nan,nan,1000000,1.0,inf,False,0,0.0,1.0,0.0,0.0,0,5.7127199581150515e-37,0,0.0,0.0,0.0,0.0,0.0,inf,0.0,0.0,0.0,0.0,0.0,0.0,inf,inf,0.0,0.0,inf,8.601952570068813e-19,1.0688984945367872e-18,4.139731506171385e-15,False,9072260690.281586,0.0,0.0,3741.9095810948684,0.0,0.0,0,0,0,0,0.0,0,0,False,0,0.0,False,False,False,False,False,False,False,False,False,False,False,0.0,0.15907029549410637,1867.4460964405084,0,0.0,False,-1,0,0,0,3804,0,0,0.0,20,1.1410856628118772e-20,4495555555.555555,3.1144222568762022e-12,1000000000000.0,1000000000000.0,0.0005987445183220907,1.0,49.89537652684091,0.00014991623455953818,-1.0024493102302374e-05,9142571904.093712,2023.0,0.0,0.0,2.2958874039497803e-33,2.2958874039497803e-33,0.0,0.0,0
0.0,-3.1748831847048377e-16,2.2999639322097494,0.0,0.10026245990296331,2.0636829512802702e-05,2.063682951280271e-06,0.0,False,34,False,shielded,v9_four_class_stateful_PD_shared_root_m1_marked_embryo_v1,nan,nan,nan,nan,nan,nan,nan,nan,nan,nan,100000000000000.0,68804.4794921875,nan,0.6103515625,2.0,0.001,1.0,emission,13098.721493975596,8.596370275629481e-28,1.4084293059565006e-27,2.018051068031,9.690624529344542e-23,custom,False,2.0336912292843157,,terminate,False,nan,1.0,2.040254632355081e-05,3.3427531896505644e-05,0.0,0,active,2.302585092994046,nan,nan,nan,1000000,1.0,inf,False,0,0.0,1.0,0.0,0.0,0,6.568718666053174e-37,0,0.0,0.0,0.0,0.0,0.0,inf,0.0,0.0,0.0,0.0,0.0,0.0,inf,inf,0.0,0.0,inf,8.601952570068813e-19,1.146186604881873e-18,4.139731506171385e-15,False,9072260690.281586,0.0,0.0,3741.9095810948684,0.0,0.0,0,0,0,0,0.0,0,0,False,0,0.0,False,False,False,False,False,False,False,False,False,False,False,0.0,0.15907029549410637,1867.4460964405084,0,0.0,False,-1,0,0,0,3804,0,0,0.0,21,1.141095785257402e-20,4495555555.555555,3.1144500198680797e-12,1000000000000.0,1000000000000.0,0.0005987445183220907,1.0,49.89537652684091,0.00014991623455953818,-1.0024493102302374e-05,9142571904.093712,2023.0,0.0,0.0,4.5917748078995606e-33,4.5917748078995606e-33,0.0,0.0,0
0.0,-3.1749110221758834e-16,2.299984334756073,0.0,0.10026041431434832,2.0636829512802702e-05,2.063682951280271e-06,0.0,False,35,False,shielded,v9_four_class_stateful_PD_shared_root_m1_marked_embryo_v1,nan,nan,nan,nan,nan,nan,nan,nan,nan,nan,100000000000000.0,68805.08984375,nan,0.6103515625,2.0,0.001,1.0,emission,13098.721493975596,8.596370275629481e-28,1.4084293059565006e-27,2.018051068031,9.690710493047298e-23,custom,False,2.0336912292843157,,terminate,False,nan,1.0,2.040254632355081e-05,3.3427531896505644e-05,0.0,0,active,2.302585092994046,nan,nan,nan,1000000,1.0,inf,False,0,0.0,1.0,0.0,0.0,0,6.050460159934845e-37,0,0.0,0.0,0.0,0.0,0.0,inf,0.0,0.0,0.0,0.0,0.0,0.0,inf,inf,0.0,0.0,inf,8.601952570068813e-19,1.1000418319259357e-18,4.139731506171385e-15,False,9072260690.281586,0.0,0.0,3741.9095810948684,0.0,0.0,0,0,0,0,0.0,0,0,False,0,0.0,False,False,False,False,False,False,False,False,False,False,False,0.0,0.15907029549410637,1867.4460964405084,0,0.0,False,-1,0,0,0,3804,0,0,0.0,20,1.1411059077029268e-20,4495555555.555555,3.11447740997735e-12,1000000000000.0,1000000000000.0,0.0005987445183220907,1.0,49.89537652684091,0.00014991623455953818,-1.0024493102302374e-05,9142571904.093712,2023.0,0.0,0.0,0.0,0.0,0.0,0.0,0
0.0,-3.1749385008573385e-16,2.3000047373023964,0.0,0.1002583687674681,2.0636829512802702e-05,2.063682951280271e-06,0.0,False,36,False,shielded,v9_four_class_stateful_PD_shared_root_m1_marked_embryo_v1,nan,nan,nan,nan,nan,nan,nan,nan,nan,nan,100000000000000.0,68805.7001953125,nan,0.6103515625,2.0,0.001,1.0,emission,13098.721493975596,8.596370275629481e-28,1.4084293059565006e-27,2.018051068031,9.690796456750054e-23,custom,False,2.0336912292843157,,terminate,False,nan,1.0,2.040254632355081e-05,3.3427531896505644e-05,0.0,0,active,2.302585092994046,nan,nan,nan,1000000,1.0,inf,False,0,0.0,1.0,0.0,0.0,0,6.568718666053174e-37,0,0.0,0.0,0.0,0.0,0.0,inf,0.0,0.0,0.0,0.0,0.0,0.0,inf,inf,0.0,0.0,inf,8.601952570068813e-19,1.146186604881873e-18,4.139731506171385e-15,False,9072260690.281586,0.0,0.0,3741.9095810948684,0.0,0.0,0,0,0,0,0.0,0,0,False,0,0.0,False,False,False,False,False,False,False,False,False,False,False,0.0,0.15907029549410637,1867.4460964405084,0,0.0,False,-1,0,0,0,3804,0,0,0.0,21,1.1411160301484516e-20,4495555555.555555,3.11450535266532e-12,1000000000000.0,1000000000000.0,0.0005987445183220907,1.0,49.89537652684091,0.00014991623455953818,-1.0024493102302374e-05,9142571904.093712,2023.0,0.0,0.0,0.0,0.0,0.0,0.0,0
0.0,-3.174967384711859e-16,2.30002513984872,0.0,0.10025632326232184,2.0636829512802702e-05,2.063682951280271e-06,0.0,False,37,False,shielded,v9_four_class_stateful_PD_shared_root_m1_marked_embryo_v1,nan,nan,nan,nan,nan,nan,nan,nan,nan,nan,100000000000000.0,68806.310546875,nan,0.6103515625,2.0,0.001,1.0,emission,13098.721493975596,8.596370275629481e-28,1.4084293059565006e-27,2.018051068031,9.690882420452811e-23,custom,False,2.0336912292843157,,terminate,False,nan,1.0,2.040254632355081e-05,3.3427531896505644e-05,0.0,0,active,2.302585092994046,nan,nan,nan,1000000,1.0,inf,False,0,0.0,1.0,0.0,0.0,0,6.568718666053174e-37,0,0.0,0.0,0.0,0.0,0.0,inf,0.0,0.0,0.0,0.0,0.0,0.0,inf,inf,0.0,0.0,inf,8.601952570068813e-19,1.146186604881873e-18,4.139731506171385e-15,False,9072260690.281586,0.0,0.0,3741.9095810948684,0.0,0.0,0,0,0,0,0.0,0,0,False,0,0.0,False,False,False,False,False,False,False,False,False,False,False,0.0,0.15907029549410637,1867.4460964405084,0,0.0,False,-1,0,0,0,3804,0,0,0.0,20,1.1411261525939765e-20,4495555555.555555,3.1145332047461203e-12,1000000000000.0,1000000000000.0,0.0005987445183220907,1.0,49.89537652684091,0.00014991623455953818,-1.0024493102302374e-05,9142571904.093712,2023.0,0.0,0.0,0.0,0.0,0.0,0.0,0
0.0,-3.17499630268758e-16,2.3000455423950434,0.0,0.10025427779890865,2.0636829512802702e-05,2.063682951280271e-06,0.0,False,38,False,shielded,v9_four_class_stateful_PD_shared_root_m1_marked_embryo_v1,nan,nan,nan,nan,nan,nan,nan,nan,nan,nan,100000000000000.0,68806.9208984375,nan,0.6103515625,2.0,0.001,1.0,emission,13098.721493975596,8.596370275629481e-28,1.4084293059565006e-27,2.018051068031,9.690968384155567e-23,custom,False,2.0336912292843157,,terminate,False,nan,1.0,2.040254632355081e-05,3.3427531896505644e-05,0.0,0,active,2.302585092994046,nan,nan,nan,1000000,1.0,inf,False,0,0.0,1.0,0.0,0.0,0,5.166907931707996e-37,0,0.0,0.0,0.0,0.0,0.0,inf,0.0,0.0,0.0,0.0,0.0,0.0,inf,inf,0.0,0.0,inf,8.601952570068813e-19,1.0165537793651643e-18,4.139731506171385e-15,False,9072260690.281586,0.0,0.0,3741.9095810948684,0.0,0.0,0,0,0,0,0.0,0,0,False,0,0.0,False,False,False,False,False,False,False,False,False,False,False,0.0,0.15907029549410637,1867.4460964405084,0,0.0,False,-1,0,0,0,3804,0,0,0.0,21,1.1411362750395013e-20,4495555555.555555,3.1145606176160236e-12,1000000000000.0,1000000000000.0,0.0005987445183220907,1.0,49.89537652684091,0.00014991623455953818,-1.0024493102302374e-05,9142571904.093712,2023.0,0.0,0.0,0.0,0.0,0.0,0.0,0
0.0,-3.1750239465466637e-16,2.300065944941367,0.0,0.1002522323772277,2.0636829512802702e-05,2.063682951280271e-06,0.0,False,39,False,shielded,v9_four_class_stateful_PD_shared_root_m1_marked_embryo_v1,nan,nan,nan,nan,nan,nan,nan,nan,nan,nan,100000000000000.0,68807.53125,nan,0.6103515625,2.0,0.001,1.0,emission,13098.721493975596,8.596370275629481e-28,1.4084293059565006e-27,2.018051068031,9.691054347858323e-23,custom,False,2.0336912292843157,,terminate,False,nan,1.0,2.040254632355081e-05,3.3427531896505644e-05,0.0,0,active,2.302585092994046,nan,nan,nan,1000000,1.0,inf,False,0,0.0,1.0,0.0,0.0,0,6.568718666053174e-37,0,0.0,0.0,0.0,0.0,0.0,inf,0.0,0.0,0.0,0.0,0.0,0.0,inf,inf,0.0,0.0,inf,8.601952570068813e-19,1.146186604881873e-18,4.139731506171385e-15,False,9072260690.281586,0.0,0.0,3741.9095810948684,0.0,0.0,0,0,0,0,0.0,0,0,False,0,0.0,False,False,False,False,False,False,False,False,False,False,False,0.0,0.15907029549410637,1867.4460964405084,0,0.0,False,-1,0,0,0,3804,0,0,0.0,20,1.1411463974850261e-20,4495555555.555555,3.1145881147983683e-12,1000000000000.0,1000000000000.0,0.0005987445183220907,1.0,49.89537652684091,0.00014991623455953818,-1.0024493102302374e-05,9142571904.093712,2023.0,0.0,0.0,0.0,0.0,0.0,0.0,0
0.0,-3.175050770979953e-16,2.3000863474876905,0.0,0.10025018699727814,2.0636829512802702e-05,2.063682951280271e-06,0.0,False,40,False,shielded,v9_four_class_stateful_PD_shared_root_m1_marked_embryo_v1,nan,nan,nan,nan,nan,nan,nan,nan,nan,nan,100000000000000.0,68808.1416015625,nan,0.6103515625,2.0,0.001,1.0,emission,13098.721493975596,8.596370275629481e-28,1.4084293059565006e-27,2.018051068031,9.69114031156108e-23,custom,False,2.0336912292843157,,terminate,False,nan,1.0,2.040254632355081e-05,3.3427531896505644e-05,0.0,0,active,2.302585092994046,nan,nan,nan,1000000,1.0,inf,False,0,0.0,1.0,0.0,0.0,0,6.539025811428606e-37,0,0.0,0.0,0.0,0.0,0.0,inf,0.0,0.0,0.0,0.0,0.0,0.0,inf,inf,0.0,0.0,inf,8.601952570068813e-19,1.1435930929687015e-18,4.139731506171385e-15,False,9072260690.281586,0.0,0.0,3741.9095810948684,0.0,0.0,0,0,0,0,0.0,0,0,False,0,0.0,False,False,False,False,False,False,False,False,False,False,False,0.0,0.15907029549410637,1867.4460964405084,0,0.0,False,-1,0,0,0,3804,0,0,0.0,20,1.1411565199305509e-20,4495555555.555555,3.1146158352838098e-12,1000000000000.0,1000000000000.0,0.0005987445183220907,1.0,49.89537652684091,0.00014991623455953818,-1.0024493102302374e-05,9142571904.093712,2023.0,0.0,0.0,0.0,0.0,0.0,0.0,0
0.0,-3.1750800436093616e-16,2.300106750034014,0.0,0.10024814165905911,2.0636829512802702e-05,2.063682951280271e-06,0.0,False,41,False,shielded,v9_four_class_stateful_PD_shared_root_m1_marked_embryo_v1,nan,nan,nan,nan,nan,nan,nan,nan,nan,nan,100000000000000.0,68808.751953125,nan,0.6103515625,2.0,0.001,1.0,emission,13098.721493975596,8.596370275629481e-28,1.4084293059565006e-27,2.018051068031,9.691226275263836e-23,custom,False,2.0336912292843157,,terminate,False,nan,1.0,2.040254632355081e-05,3.3427531896505644e-05,0.0,0,active,2.302585092994046,nan,nan,nan,1000000,1.0,inf,False,0,0.0,1.0,0.0,0.0,0,6.568718666053174e-37,0,0.0,0.0,0.0,0.0,0.0,inf,0.0,0.0,0.0,0.0,0.0,0.0,inf,inf,0.0,0.0,inf,8.601952570068813e-19,1.146186604881873e-18,4.139731506171385e-15,False,9072260690.281586,0.0,0.0,3741.9095810948684,0.0,0.0,0,0,0,0,0.0,0,0,False,0,0.0,False,False,False,False,False,False,False,False,False,False,False,0.0,0.15907029549410637,1867.4460964405084,0,0.0,False,-1,0,0,0,3804,0,0,0.0,21,1.1411666423760757e-20,4495555555.555555,3.1146435346378628e-12,1000000000000.0,1000000000000.0,0.0005987445183220907,1.0,49.89537652684091,0.00014991623455953818,-1.0024493102302374e-05,9142571904.093712,2023.0,0.0,0.0,2.2958874039497803e-33,2.2958874039497803e-33,0.0,0.0,0
0.0,-3.1751074258725765e-16,2.3001271525803375,0.0,0.10024609636256977,2.0636829512802702e-05,2.063682951280271e-06,0.0,False,42,False,shielded,v9_four_class_stateful_PD_shared_root_m1_marked_embryo_v1,nan,nan,nan,nan,nan,nan,nan,nan,nan,nan,100000000000000.0,68809.3623046875,nan,0.6103515625,2.0,0.001,1.0,emission,13098.721493975596,8.596370275629481e-28,1.4084293059565006e-27,2.018051068031,9.691312238966592e-23,custom,False,2.0336912292843157,,terminate,False,nan,1.0,2.040254632355081e-05,3.3427531896505644e-05,0.0,0,active,2.302585092994046,nan,nan,nan,1000000,1.0,inf,False,0,0.0,1.0,0.0,0.0,0,6.568718666053174e-37,0,0.0,0.0,0.0,0.0,0.0,inf,0.0,0.0,0.0,0.0,0.0,0.0,inf,inf,0.0,0.0,inf,8.601952570068813e-19,1.146186604881873e-18,4.139731506171385e-15,False,9072260690.281586,0.0,0.0,3741.9095810948684,0.0,0.0,0,0,0,0,0.0,0,0,False,0,0.0,False,False,False,False,False,False,False,False,False,False,False,0.0,0.15907029549410637,1867.4460964405084,0,0.0,False,-1,0,0,0,3804,0,0,0.0,20,1.1411767648216006e-20,4495555555.555555,3.1146713750638077e-12,1000000000000.0,1000000000000.0,0.0005987445183220907,1.0,49.89537652684091,0.00014991623455953818,-1.0024493102302374e-05,9142571904.093712,2023.0,0.0,0.0,0.0,0.0,0.0,0.0,0
0.0,-3.175134496133604e-16,2.300147555126661,0.0,0.10024405110780926,2.0636829512802702e-05,2.063682951280271e-06,0.0,False,43,False,shielded,v9_four_class_stateful_PD_shared_root_m1_marked_embryo_v1,nan,nan,nan,nan,nan,nan,nan,nan,nan,nan,100000000000000.0,68809.97265625,nan,0.6103515625,2.0,0.001,1.0,emission,13098.721493975596,8.596370275629481e-28,1.4084293059565006e-27,2.018051068031,9.691398202669349e-23,custom,False,2.0336912292843157,,terminate,False,nan,1.0,2.040254632355081e-05,3.3427531896505644e-05,0.0,0,active,2.302585092994046,nan,nan,nan,1000000,1.0,inf,False,0,0.0,1.0,0.0,0.0,0,4.660921734019409e-37,0,0.0,0.0,0.0,0.0,0.0,inf,0.0,0.0,0.0,0.0,0.0,0.0,inf,inf,0.0,0.0,inf,8.601952570068813e-19,9.654969429282943e-19,4.139731506171385e-15,False,9072260690.281586,0.0,0.0,3741.9095810948684,0.0,0.0,0,0,0,0,0.0,0,0,False,0,0.0,False,False,False,False,False,False,False,False,False,False,False,0.0,0.15907029549410637,1867.4460964405084,0,0.0,False,-1,0,0,0,3804,0,0,0.0,21,1.1411868872671254e-20,4495555555.555555,3.1146982452624093e-12,1000000000000.0,1000000000000.0,0.0005987445183220907,1.0,49.89537652684091,0.00014991623455953818,-1.0024493102302374e-05,9142571904.093712,2023.0,0.0,0.0,0.0,0.0,0.0,0.0,0
0.0,-3.175163475630883e-16,2.3001679576729845,0.0,0.10024200589477672,2.0636829512802702e-05,2.063682951280271e-06,0.0,False,44,False,shielded,v9_four_class_stateful_PD_shared_root_m1_marked_embryo_v1,nan,nan,nan,nan,nan,nan,nan,nan,nan,nan,100000000000000.0,68810.5830078125,nan,0.6103515625,2.0,0.001,1.0,emission,13098.721493975596,8.596370275629481e-28,1.4084293059565006e-27,2.018051068031,9.691484166372105e-23,custom,False,2.0336912292843157,,terminate,False,nan,1.0,2.040254632355081e-05,3.3427531896505644e-05,0.0,0,active,2.302585092994046,nan,nan,nan,1000000,1.0,inf,False,0,0.0,1.0,0.0,0.0,0,6.568718666053174e-37,0,0.0,0.0,0.0,0.0,0.0,inf,0.0,0.0,0.0,0.0,0.0,0.0,inf,inf,0.0,0.0,inf,8.601952570068813e-19,1.146186604881873e-18,4.139731506171385e-15,False,9072260690.281586,0.0,0.0,3741.9095810948684,0.0,0.0,0,0,0,0,0.0,0,0,False,0,0.0,False,False,False,False,False,False,False,False,False,False,False,0.0,0.15907029549410637,1867.4460964405084,0,0.0,False,-1,0,0,0,3804,0,0,0.0,20,1.1411970097126502e-20,4495555555.555555,3.1147260930152863e-12,1000000000000.0,1000000000000.0,0.0005987445183220907,1.0,49.89537652684091,0.00014991623455953818,-1.0024493102302374e-05,9142571904.093712,2023.0,0.0,0.0,0.0,0.0,0.0,0.0,0
0.0,-3.1751921713018144e-16,2.3001883602193085,0.0,0.10023996072347127,2.0636829512802702e-05,2.063682951280271e-06,0.0,False,45,False,shielded,v9_four_class_stateful_PD_shared_root_m1_marked_embryo_v1,nan,nan,nan,nan,nan,nan,nan,nan,nan,nan,100000000000000.0,68811.193359375,nan,0.6103515625,2.0,0.001,1.0,emission,13098.721493975596,8.596370275629481e-28,1.4084293059565006e-27,2.018051068031,9.691570130074861e-23,custom,False,2.0336912292843157,,terminate,False,nan,1.0,2.040254632355081e-05,3.3427531896505644e-05,4.440892098500626e-16,0,active,2.302585092994046,nan,nan,nan,1000000,1.0,inf,False,0,0.0,1.0,0.0,0.0,0,6.568718666053174e-37,0,0.0,0.0,0.0,0.0,0.0,inf,0.0,0.0,0.0,0.0,0.0,0.0,inf,inf,0.0,0.0,inf,8.601952570068813e-19,1.146186604881873e-18,4.139731506171385e-15,False,9072260690.281586,0.0,0.0,3741.9095810948684,0.0,0.0,0,0,0,0,0.0,0,0,False,0,0.0,False,False,False,False,False,False,False,False,False,False,False,0.0,0.15907029549410637,1867.4460964405084,0,0.0,False,-1,0,0,0,3804,0,0,0.0,21,1.141207132158175e-20,4495555555.555555,3.1147536988761798e-12,1000000000000.0,1000000000000.0,0.0005987445183220907,1.0,49.89537652684091,0.00014991623455953818,-1.0024493102302374e-05,9142571904.093712,2023.0,0.0,0.0,0.0,0.0,0.0,0.0,0
0.0,-3.1752222390585867e-16,2.300208762765632,0.0,0.10023791559389214,2.0636829512802702e-05,2.063682951280271e-06,0.0,False,46,False,shielded,v9_four_class_stateful_PD_shared_root_m1_marked_embryo_v1,nan,nan,nan,nan,nan,nan,nan,nan,nan,nan,100000000000000.0,68811.8037109375,nan,0.6103515625,2.0,0.001,1.0,emission,13098.721493975596,8.596370275629481e-28,1.4084293059565006e-27,2.018051068031,9.691656093777617e-23,custom,False,2.0336912292843157,,terminate,False,nan,1.0,2.040254632355081e-05,3.3427531896505644e-05,0.0,0,active,2.302585092994046,nan,nan,nan,1000000,1.0,inf,False,0,0.0,1.0,0.0,0.0,0,6.360170073121831e-37,0,0.0,0.0,0.0,0.0,0.0,inf,0.0,0.0,0.0,0.0,0.0,0.0,inf,inf,0.0,0.0,inf,8.601952570068813e-19,1.127844853969005e-18,4.139731506171385e-15,False,9072260690.281586,0.0,0.0,3741.9095810948684,0.0,0.0,0,0,0,0,0.0,0,0,False,0,0.0,False,False,False,False,False,False,False,False,False,False,False,0.0,0.15907029549410637,1867.4460964405084,0,0.0,False,-1,0,0,0,3804,0,0,0.0,20,1.1412172546036998e-20,4495555555.555555,3.114781195717675e-12,1000000000000.0,1000000000000.0,0.0005987445183220907,1.0,49.89537652684091,0.00014991623455953818,-1.0024493102302374e-05,9142571904.093712,2023.0,0.0,0.0,2.2958874039497803e-33,2.2958874039497803e-33,0.0,0.0,0
0.0,-3.1752484443988864e-16,2.3002291653119555,0.0,0.10023587050603842,2.0636829512802702e-05,2.063682951280271e-06,0.0,False,47,False,shielded,v9_four_class_stateful_PD_shared_root_m1_marked_embryo_v1,nan,nan,nan,nan,nan,nan,nan,nan,nan,nan,100000000000000.0,68812.4140625,nan,0.6103515625,2.0,0.001,1.0,emission,13098.721493975596,8.596370275629481e-28,1.4084293059565006e-27,2.018051068031,9.691742057480374e-23,custom,False,2.0336912292843157,,terminate,False,nan,1.0,2.040254632355081e-05,3.3427531896505644e-05,0.0,0,active,2.302585092994046,nan,nan,nan,1000000,1.0,inf,False,0,0.0,1.0,0.0,0.0,0,6.568718666053174e-37,0,0.0,0.0,0.0,0.0,0.0,inf,0.0,0.0,0.0,0.0,0.0,0.0,inf,inf,0.0,0.0,inf,8.601952570068813e-19,1.146186604881873e-18,4.139731506171385e-15,False,9072260690.281586,0.0,0.0,3741.9095810948684,0.0,0.0,0,0,0,0,0.0,0,0,False,0,0.0,False,False,False,False,False,False,False,False,False,False,False,0.0,0.15907029549410637,1867.4460964405084,0,0.0,False,-1,0,0,0,3804,0,0,0.0,21,1.1412273770492247e-20,4495555555.555555,3.114809183256889e-12,1000000000000.0,1000000000000.0,0.0005987445183220907,1.0,49.89537652684091,0.00014991623455953818,-1.0024493102302374e-05,9142571904.093712,2023.0,0.0,0.0,2.2958874039497803e-33,2.2958874039497803e-33,0.0,0.0,0
0.0,-3.175275616506527e-16,2.300249567858279,0.0,0.1002338254599093,2.0636829512802702e-05,2.063682951280271e-06,0.0,False,48,False,shielded,v9_four_class_stateful_PD_shared_root_m1_marked_embryo_v1,nan,nan,nan,nan,nan,nan,nan,nan,nan,nan,100000000000000.0,68813.0244140625,nan,0.6103515625,2.0,0.001,1.0,emission,13098.721493975596,8.596370275629481e-28,1.4084293059565006e-27,2.018051068031,9.69182802118313e-23,custom,False,2.0336912292843157,,terminate,False,nan,1.0,2.040254632355081e-05,3.3427531896505644e-05,0.0,0,active,2.302585092994046,nan,nan,nan,1000000,1.0,inf,False,0,0.0,1.0,0.0,0.0,0,4.356918761314703e-37,0,0.0,0.0,0.0,0.0,0.0,inf,0.0,0.0,0.0,0.0,0.0,0.0,inf,inf,0.0,0.0,inf,8.601952570068813e-19,9.334793796667073e-19,4.139731506171385e-15,False,9072260690.281586,0.0,0.0,3741.9095810948684,0.0,0.0,0,0,0,0,0.0,0,0,False,0,0.0,False,False,False,False,False,False,False,False,False,False,False,0.0,0.15907029549410637,1867.4460964405084,0,0.0,False,-1,0,0,0,3804,0,0,0.0,20,1.1412374994947495e-20,4495555555.555555,3.114837199715055e-12,1000000000000.0,1000000000000.0,0.0005987445183220907,1.0,49.89537652684091,0.00014991623455953818,-1.0024493102302374e-05,9142571904.093712,2023.0,0.0,0.0,0.0,0.0,0.0,0.0,0
0.0,-3.175304516129178e-16,2.3002699704046026,0.0,0.10023178045550389,2.0636829512802702e-05,2.063682951280271e-06,0.0,False,49,False,shielded,v9_four_class_stateful_PD_shared_root_m1_marked_embryo_v1,nan,nan,nan,nan,nan,nan,nan,nan,nan,nan,100000000000000.0,68813.634765625,nan,0.6103515625,2.0,0.001,1.0,emission,13098.721493975596,8.596370275629481e-28,1.4084293059565006e-27,2.018051068031,9.691913984885886e-23,custom,False,2.0336912292843157,,terminate,False,nan,1.0,2.040254632355081e-05,3.3427531896505644e-05,0.0,0,active,2.302585092994046,nan,nan,nan,1000000,1.0,inf,False,0,0.0,1.0,0.0,0.0,0,6.568718666053174e-37,0,0.0,0.0,0.0,0.0,0.0,inf,0.0,0.0,0.0,0.0,0.0,0.0,inf,inf,0.0,0.0,inf,8.601952570068813e-19,1.146186604881873e-18,4.139731506171385e-15,False,9072260690.281586,0.0,0.0,3741.9095810948684,0.0,0.0,0,0,0,0,0.0,0,0,False,0,0.0,False,False,False,False,False,False,False,False,False,False,False,0.0,0.15907029549410637,1867.4460964405084,0,0.0,False,-1,0,0,0,3804,0,0,0.0,21,1.1412476219402743e-20,4495555555.555555,3.1148645981096958e-12,1000000000000.0,1000000000000.0,0.0005987445183220907,1.0,49.89537652684091,0.00014991623455953818,-1.0024493102302374e-05,9142571904.093712,2023.0,0.0,0.0,0.0,0.0,0.0,0.0,0
0.0,-3.1753326999821053e-16,2.300290372950926,0.0,0.10022973549282135,2.0636829512802702e-05,2.063682951280271e-06,0.0,False,50,False,shielded,v9_four_class_stateful_PD_shared_root_m1_marked_embryo_v1,nan,nan,nan,nan,nan,nan,nan,nan,nan,nan,100000000000000.0,68814.2451171875,nan,0.6103515625,2.0,0.001,1.0,emission,13098.721493975596,8.596370275629481e-28,1.4084293059565006e-27,2.018051068031,9.691999948588643e-23,custom,False,2.0336912292843157,,terminate,False,nan,1.0,2.040254632355081e-05,3.3427531896505644e-05,0.0,0,active,2.302585092994046,nan,nan,nan,1000000,1.0,inf,False,0,0.0,1.0,0.0,0.0,0,6.568718666053174e-37,0,0.0,0.0,0.0,0.0,0.0,inf,0.0,0.0,0.0,0.0,0.0,0.0,inf,inf,0.0,0.0,inf,8.601952570068813e-19,1.146186604881873e-18,4.139731506171385e-15,False,9072260690.281586,0.0,0.0,3741.9095810948684,0.0,0.0,0,0,0,0,0.0,0,0,False,0,0.0,False,False,False,False,False,False,False,False,False,False,False,0.0,0.15907029549410637,1867.4460964405084,0,0.0,False,-1,0,0,0,3804,0,0,0.0,20,1.1412577443857991e-20,4495555555.555555,3.1148922013626612e-12,1000000000000.0,1000000000000.0,0.0005987445183220907,1.0,49.89537652684091,0.00014991623455953818,-1.0024493102302374e-05,9142571904.093712,2023.0,0.0,0.0,0.0,0.0,0.0,0.0,0
0.0,-3.175361287085581e-16,2.3003107754972496,0.0,0.10022769057186083,2.0636829512802702e-05,2.063682951280271e-06,0.0,False,51,False,shielded,v9_four_class_stateful_PD_shared_root_m1_marked_embryo_v1,nan,nan,nan,nan,nan,nan,nan,nan,nan,nan,100000000000000.0,68814.85546875,nan,0.6103515625,2.0,0.001,1.0,emission,13098.721493975596,8.596370275629481e-28,1.4084293059565006e-27,2.018051068031,9.692085912291399e-23,custom,False,2.0336912292843157,,terminate,False,nan,1.0,2.040254632355081e-05,3.3427531896505644e-05,0.0,0,active,2.302585092994046,nan,nan,nan,1000000,1.0,inf,False,0,0.0,1.0,0.0,0.0,0,5.859057758655662e-37,0,0.0,0.0,0.0,0.0,0.0,inf,0.0,0.0,0.0,0.0,0.0,0.0,inf,inf,0.0,0.0,inf,8.601952570068813e-19,1.082502448833781e-18,4.139731506171385e-15,False,9072260690.281586,0.0,0.0,3741.9095810948684,0.0,0.0,0,0,0,0,0.0,0,0,False,0,0.0,False,False,False,False,False,False,False,False,False,False,False,0.0,0.15907029549410637,1867.4460964405084,0,0.0,False,-1,0,0,0,3804,0,0,0.0,21,1.141267866831324e-20,4495555555.555555,3.1149197927628976e-12,1000000000000.0,1000000000000.0,0.0005987445183220907,1.0,49.89537652684091,0.00014991623455953818,-1.0024493102302374e-05,9142571904.093712,2023.0,0.0,0.0,0.0,0.0,0.0,0.0,0
0.0,-3.1753919323178186e-16,2.3003311780435736,0.0,0.10022564569262143,2.0636829512802702e-05,2.063682951280271e-06,0.0,False,52,False,shielded,v9_four_class_stateful_PD_shared_root_m1_marked_embryo_v1,nan,nan,nan,nan,nan,nan,nan,nan,nan,nan,100000000000000.0,68815.4658203125,nan,0.6103515625,2.0,0.001,1.0,emission,13098.721493975596,8.596370275629481e-28,1.4084293059565006e-27,2.018051068031,9.692171875994155e-23,custom,False,2.0336912292843157,,terminate,False,nan,1.0,2.040254632355081e-05,3.3427531896505644e-05,4.440892098500626e-16,0,active,2.302585092994046,nan,nan,nan,1000000,1.0,inf,False,0,0.0,1.0,0.0,0.0,0,6.568718666053174e-37,0,0.0,0.0,0.0,0.0,0.0,inf,0.0,0.0,0.0,0.0,0.0,0.0,inf,inf,0.0,0.0,inf,8.601952570068813e-19,1.146186604881873e-18,4.139731506171385e-15,False,9072260690.281586,0.0,0.0,3741.9095810948684,0.0,0.0,0,0,0,0,0.0,0,0,False,0,0.0,False,False,False,False,False,False,False,False,False,False,False,0.0,0.15907029549410637,1867.4460964405084,0,0.0,False,-1,0,0,0,3804,0,0,0.0,20,1.1412779892768488e-20,4495555555.555555,3.114947430553383e-12,1000000000000.0,1000000000000.0,0.0005987445183220907,1.0,49.89537652684091,0.00014991623455953818,-1.0024493102302374e-05,9142571904.093712,2023.0,0.0,0.0,0.0,0.0,0.0,0.0,0
0.0,-3.1754177928272004e-16,2.300351580589897,0.0,0.1002236008551024,2.0636829512802702e-05,2.063682951280271e-06,0.0,False,53,False,shielded,v9_four_class_stateful_PD_shared_root_m1_marked_embryo_v1,nan,nan,nan,nan,nan,nan,nan,nan,nan,nan,100000000000000.0,68816.076171875,nan,0.6103515625,2.0,0.001,1.0,emission,13098.721493975596,8.596370275629481e-28,1.4084293059565006e-27,2.018051068031,9.692257839696911e-23,custom,False,2.0336912292843157,,terminate,False,nan,1.0,2.040254632355081e-05,3.3427531896505644e-05,0.0,0,active,2.302585092994046,nan,nan,nan,1000000,1.0,inf,False,0,0.0,1.0,0.0,0.0,0,5.7505902193284444e-37,0,0.0,0.0,0.0,0.0,0.0,inf,0.0,0.0,0.0,0.0,0.0,0.0,inf,inf,0.0,0.0,inf,8.601952570068813e-19,1.072435566300227e-18,4.139731506171385e-15,False,9072260690.281586,0.0,0.0,3741.9095810948684,0.0,0.0,0,0,0,0,0.0,0,0,False,0,0.0,False,False,False,False,False,False,False,False,False,False,False,0.0,0.15907029549410637,1867.4460964405084,0,0.0,False,-1,0,0,0,3804,0,0,0.0,21,1.1412881117223736e-20,4495555555.555555,3.1149748499345824e-12,1000000000000.0,1000000000000.0,0.0005987445183220907,1.0,49.89537652684091,0.00014991623455953818,-1.0024493102302374e-05,9142571904.093712,2023.0,0.0,0.0,0.0,0.0,0.0,0.0,0
0.0,-3.175446827383689e-16,2.3003719831362206,0.0,0.10022155605930284,2.0636829512802702e-05,2.063682951280271e-06,0.0,False,54,False,shielded,v9_four_class_stateful_PD_shared_root_m1_marked_embryo_v1,nan,nan,nan,nan,nan,nan,nan,nan,nan,nan,100000000000000.0,68816.6865234375,nan,0.6103515625,2.0,0.001,1.0,emission,13098.721493975596,8.596370275629481e-28,1.4084293059565006e-27,2.018051068031,9.692343803399668e-23,custom,False,2.0336912292843157,,terminate,False,nan,1.0,2.040254632355081e-05,3.3427531896505644e-05,0.0,0,active,2.302585092994046,nan,nan,nan,1000000,1.0,inf,False,0,0.0,1.0,0.0,0.0,0,6.568718666053174e-37,0,0.0,0.0,0.0,0.0,0.0,inf,0.0,0.0,0.0,0.0,0.0,0.0,inf,inf,0.0,0.0,inf,8.601952570068813e-19,1.146186604881873e-18,4.139731506171385e-15,False,9072260690.281586,0.0,0.0,3741.9095810948684,0.0,0.0,0,0,0,0,0.0,0,0,False,0,0.0,False,False,False,False,False,False,False,False,False,False,False,0.0,0.15907029549410637,1867.4460964405084,0,0.0,False,-1,0,0,0,3804,0,0,0.0,20,1.1412982341678984e-20,4495555555.555555,3.1150026330546905e-12,1000000000000.0,1000000000000.0,0.0005987445183220907,1.0,49.89537652684091,0.00014991623455953818,-1.0024493102302374e-05,9142571904.093712,2023.0,0.0,0.0,0.0,0.0,0.0,0.0,0
0.0,-3.175473463891883e-16,2.300392385682544,0.0,0.10021951130522189,2.0636829512802702e-05,2.063682951280271e-06,0.0,False,55,False,shielded,v9_four_class_stateful_PD_shared_root_m1_marked_embryo_v1,nan,nan,nan,nan,nan,nan,nan,nan,nan,nan,100000000000000.0,68817.296875,nan,0.6103515625,2.0,0.001,1.0,emission,13098.721493975596,8.596370275629481e-28,1.4084293059565006e-27,2.018051068031,9.692429767102424e-23,custom,False,2.0336912292843157,,terminate,False,nan,1.0,2.040254632355081e-05,3.3427531896505644e-05,0.0,0,active,2.302585092994046,nan,nan,nan,1000000,1.0,inf,False,0,0.0,1.0,0.0,0.0,0,6.568718666053174e-37,0,0.0,0.0,0.0,0.0,0.0,inf,0.0,0.0,0.0,0.0,0.0,0.0,inf,inf,0.0,0.0,inf,8.601952570068813e-19,1.146186604881873e-18,4.139731506171385e-15,False,9072260690.281586,0.0,0.0,3741.9095810948684,0.0,0.0,0,0,0,0,0.0,0,0,False,0,0.0,False,False,False,False,False,False,False,False,False,False,False,0.0,0.15907029549410637,1867.4460964405084,0,0.0,False,-1,0,0,0,3804,0,0,0.0,21,1.1413083566134232e-20,4495555555.555555,3.1150297537324536e-12,1000000000000.0,1000000000000.0,0.0005987445183220907,1.0,49.89537652684091,0.00014991623455953818,-1.0024493102302374e-05,9142571904.093712,2023.0,0.0,0.0,0.0,0.0,0.0,0.0,0
0.0,-3.175501732530823e-16,2.3004127882288676,0.0,0.10021746659285871,2.0636829512802702e-05,2.063682951280271e-06,0.0,False,56,False,shielded,v9_four_class_stateful_PD_shared_root_m1_marked_embryo_v1,nan,nan,nan,nan,nan,nan,nan,nan,nan,nan,100000000000000.0,68817.9072265625,nan,0.6103515625,2.0,0.001,1.0,emission,13098.721493975596,8.596370275629481e-28,1.4084293059565006e-27,2.018051068031,9.69251573080518e-23,custom,False,2.0336912292843157,,terminate,False,nan,1.0,2.040254632355081e-05,3.3427531896505644e-05,0.0,0,active,2.302585092994046,nan,nan,nan,1000000,1.0,inf,False,0,0.0,1.0,0.0,0.0,0,5.307742923656707e-37,0,0.0,0.0,0.0,0.0,0.0,inf,0.0,0.0,0.0,0.0,0.0,0.0,inf,inf,0.0,0.0,inf,8.601952570068813e-19,1.030314798850983e-18,4.139731506171385e-15,False,9072260690.281586,0.0,0.0,3741.9095810948684,0.0,0.0,0,0,0,0,0.0,0,0,False,0,0.0,False,False,False,False,False,False,False,False,False,False,False,0.0,0.15907029549410637,1867.4460964405084,0,0.0,False,-1,0,0,0,3804,0,0,0.0,21,1.141318479058948e-20,4495555555.555555,3.115057825039729e-12,1000000000000.0,1000000000000.0,0.0005987445183220907,1.0,49.89537652684091,0.00014991623455953818,-1.0024493102302374e-05,9142571904.093712,2023.0,0.0,0.0,0.0,0.0,0.0,0.0,0
0.0,-3.175530424582839e-16,2.300433190775191,0.0,0.10021542192221243,2.0636829512802702e-05,2.063682951280271e-06,0.0,False,57,False,shielded,v9_four_class_stateful_PD_shared_root_m1_marked_embryo_v1,nan,nan,nan,nan,nan,nan,nan,nan,nan,nan,100000000000000.0,68818.517578125,nan,0.6103515625,2.0,0.001,1.0,emission,13098.721493975596,8.596370275629481e-28,1.4084293059565006e-27,2.018051068031,9.692601694507937e-23,custom,False,2.0336912292843157,,terminate,False,nan,1.0,2.040254632355081e-05,3.3427531896505644e-05,0.0,0,active,2.302585092994046,nan,nan,nan,1000000,1.0,inf,False,0,0.0,1.0,0.0,0.0,0,6.568718666053174e-37,0,0.0,0.0,0.0,0.0,0.0,inf,0.0,0.0,0.0,0.0,0.0,0.0,inf,inf,0.0,0.0,inf,8.601952570068813e-19,1.146186604881873e-18,4.139731506171385e-15,False,9072260690.281586,0.0,0.0,3741.9095810948684,0.0,0.0,0,0,0,0,0.0,0,0,False,0,0.0,False,False,False,False,False,False,False,False,False,False,False,0.0,0.15907029549410637,1867.4460964405084,0,0.0,False,-1,0,0,0,3804,0,0,0.0,20,1.1413286015044729e-20,4495555555.555555,3.1150855317446474e-12,1000000000000.0,1000000000000.0,0.0005987445183220907,1.0,49.89537652684091,0.00014991623455953818,-1.0024493102302374e-05,9142571904.093712,2023.0,0.0,0.0,0.0,0.0,0.0,0.0,0
0.0,-3.17555926190845e-16,2.300453593321515,0.0,0.10021337729328218,2.0636829512802702e-05,2.063682951280271e-06,0.0,False,58,False,shielded,v9_four_class_stateful_PD_shared_root_m1_marked_embryo_v1,nan,nan,nan,nan,nan,nan,nan,nan,nan,nan,100000000000000.0,68819.1279296875,nan,0.6103515625,2.0,0.001,1.0,emission,13098.721493975596,8.596370275629481e-28,1.4084293059565006e-27,2.018051068031,9.692687658210693e-23,custom,False,2.0336912292843157,,terminate,False,nan,1.0,2.040254632355081e-05,3.3427531896505644e-05,4.440892098500626e-16,0,active,2.302585092994046,nan,nan,nan,1000000,1.0,inf,False,0,0.0,1.0,0.0,0.0,0,6.510979271477737e-37,0,0.0,0.0,0.0,0.0,0.0,inf,0.0,0.0,0.0,0.0,0.0,0.0,inf,inf,0.0,0.0,inf,8.601952570068813e-19,1.1411379646193301e-18,4.139731506171385e-15,False,9072260690.281586,0.0,0.0,3741.9095810948684,0.0,0.0,0,0,0,0,0.0,0,0,False,0,0.0,False,False,False,False,False,False,False,False,False,False,False,0.0,0.15907029549410637,1867.4460964405084,0,0.0,False,-1,0,0,0,3804,0,0,0.0,21,1.1413387239499977e-20,4495555555.555555,3.1151128452671513e-12,1000000000000.0,1000000000000.0,0.0005987445183220907,1.0,49.89537652684091,0.00014991623455953818,-1.0024493102302374e-05,9142571904.093712,2023.0,0.0,0.0,0.0,0.0,0.0,0.0,0
0.0,-3.175585994834884e-16,2.300473995867838,0.0,0.10021133270606723,2.0636829512802702e-05,2.063682951280271e-06,0.0,False,59,False,shielded,v9_four_class_stateful_PD_shared_root_m1_marked_embryo_v1,nan,nan,nan,nan,nan,nan,nan,nan,nan,nan,100000000000000.0,68819.73828125,nan,0.6103515625,2.0,0.001,1.0,emission,13098.721493975596,8.596370275629481e-28,1.4084293059565006e-27,2.018051068031,9.692773621913449e-23,custom,False,2.0336912292843157,,terminate,False,nan,1.0,2.040254632355081e-05,3.3427531896505644e-05,4.440892098500626e-16,0,active,2.302585092994046,nan,nan,nan,1000000,1.0,inf,False,0,0.0,1.0,0.0,0.0,0,6.568718666053174e-37,0,0.0,0.0,0.0,0.0,0.0,inf,0.0,0.0,0.0,0.0,0.0,0.0,inf,inf,0.0,0.0,inf,8.601952570068813e-19,1.146186604881873e-18,4.139731506171385e-15,False,9072260690.281586,0.0,0.0,3741.9095810948684,0.0,0.0,0,0,0,0,0.0,0,0,False,0,0.0,False,False,False,False,False,False,False,False,False,False,False,0.0,0.15907029549410637,1867.4460964405084,0,0.0,False,-1,0,0,0,3804,0,0,0.0,20,1.1413488463955225e-20,4495555555.555555,3.1151406949478102e-12,1000000000000.0,1000000000000.0,0.0005987445183220907,1.0,49.89537652684091,0.00014991623455953818,-1.0024493102302374e-05,9142571904.093712,2023.0,0.0,0.0,0.0,0.0,0.0,0.0,0
0.0,-3.175614507750599e-16,2.300494398414162,0.0,0.10020928816056654,2.0636829512802702e-05,2.063682951280271e-06,0.0,False,60,False,shielded,v9_four_class_stateful_PD_shared_root_m1_marked_embryo_v1,nan,nan,nan,nan,nan,nan,nan,nan,nan,nan,100000000000000.0,68820.3486328125,nan,0.6103515625,2.0,0.001,1.0,emission,13098.721493975596,8.596370275629481e-28,1.4084293059565006e-27,2.018051068031,9.692859585616206e-23,custom,False,2.0336912292843157,,terminate,False,nan,1.0,2.040254632355081e-05,3.3427531896505644e-05,4.440892098500626e-16,0,active,2.302585092994046,nan,nan,nan,1000000,1.0,inf,False,0,0.0,1.0,0.0,0.0,0,6.568718666053174e-37,0,0.0,0.0,0.0,0.0,0.0,inf,0.0,0.0,0.0,0.0,0.0,0.0,inf,inf,0.0,0.0,inf,8.601952570068813e-19,1.146186604881873e-18,4.139731506171385e-15,False,9072260690.281586,0.0,0.0,3741.9095810948684,0.0,0.0,0,0,0,0,0.0,0,0,False,0,0.0,False,False,False,False,False,False,False,False,False,False,False,0.0,0.15907029549410637,1867.4460964405084,0,0.0,False,-1,0,0,0,3804,0,0,0.0,21,1.1413589688410473e-20,4495555555.555555,3.115168277686997e-12,1000000000000.0,1000000000000.0,0.0005987445183220907,1.0,49.89537652684091,0.00014991623455953818,-1.0024493102302374e-05,9142571904.093712,2023.0,0.0,0.0,0.0,0.0,0.0,0.0,0
0.0,-3.1756425628735434e-16,2.3005148009604857,0.0,0.10020724365677941,2.0636829512802702e-05,2.063682951280271e-06,0.0,False,61,False,shielded,v9_four_class_stateful_PD_shared_root_m1_marked_embryo_v1,nan,nan,nan,nan,nan,nan,nan,nan,nan,nan,100000000000000.0,68820.958984375,nan,0.6103515625,2.0,0.001,1.0,emission,13098.721493975596,8.596370275629481e-28,1.4084293059565006e-27,2.018051068031,9.692945549318962e-23,custom,False,2.0336912292843157,,terminate,False,nan,1.0,2.040254632355081e-05,3.3427531896505644e-05,0.0,0,active,2.302585092994046,nan,nan,nan,1000000,1.0,inf,False,0,0.0,1.0,0.0,0.0,0,4.789915850373765e-37,0,0.0,0.0,0.0,0.0,0.0,inf,0.0,0.0,0.0,0.0,0.0,0.0,inf,inf,0.0,0.0,inf,8.601952570068813e-19,9.787661467760075e-19,4.139731506171385e-15,False,9072260690.281586,0.0,0.0,3741.9095810948684,0.0,0.0,0,0,0,0,0.0,0,0,False,0,0.0,False,False,False,False,False,False,False,False,False,False,False,0.0,0.15907029549410637,1867.4460964405084,0,0.0,False,-1,0,0,0,3804,0,0,0.0,20,1.1413690912865722e-20,4495555555.555555,3.115196223498873e-12,1000000000000.0,1000000000000.0,0.0005987445183220907,1.0,49.89537652684091,0.00014991623455953818,-1.0024493102302374e-05,9142571904.093712,2023.0,0.0,0.0,0.0,0.0,0.0,0.0,0
0.0,-3.175669835535327e-16,2.300535203506809,0.0,0.10020519919470494,2.0636829512802702e-05,2.063682951280271e-06,0.0,False,62,False,shielded,v9_four_class_stateful_PD_shared_root_m1_marked_embryo_v1,nan,nan,nan,nan,nan,nan,nan,nan,nan,nan,100000000000000.0,68821.5693359375,nan,0.6103515625,2.0,0.001,1.0,emission,13098.721493975596,8.596370275629481e-28,1.4084293059565006e-27,2.018051068031,9.693031513021718e-23,custom,False,2.0336912292843157,,terminate,False,nan,1.0,2.040254632355081e-05,3.3427531896505644e-05,0.0,0,active,2.302585092994046,nan,nan,nan,1000000,1.0,inf,False,0,0.0,1.0,0.0,0.0,0,6.568718666053174e-37,0,0.0,0.0,0.0,0.0,0.0,inf,0.0,0.0,0.0,0.0,0.0,0.0,inf,inf,0.0,0.0,inf,8.601952570068813e-19,1.146186604881873e-18,4.139731506171385e-15,False,9072260690.281586,0.0,0.0,3741.9095810948684,0.0,0.0,0,0,0,0,0.0,0,0,False,0,0.0,False,False,False,False,False,False,False,False,False,False,False,0.0,0.15907029549410637,1867.4460964405084,0,0.0,False,-1,0,0,0,3804,0,0,0.0,21,1.141379213732097e-20,4495555555.555555,3.115223717381553e-12,1000000000000.0,1000000000000.0,0.0005987445183220907,1.0,49.89537652684091,0.00014991623455953818,-1.0024493102302374e-05,9142571904.093712,2023.0,0.0,0.0,0.0,0.0,0.0,0.0,0
0.0,-3.1756996075750305e-16,2.3005556060531327,0.0,0.10020315477434227,2.0636829512802702e-05,2.063682951280271e-06,0.0,False,63,False,shielded,v9_four_class_stateful_PD_shared_root_m1_marked_embryo_v1,nan,nan,nan,nan,nan,nan,nan,nan,nan,nan,100000000000000.0,68822.1796875,nan,0.6103515625,2.0,0.001,1.0,emission,13098.721493975596,8.596370275629481e-28,1.4084293059565006e-27,2.018051068031,9.693117476724474e-23,custom,False,2.0336912292843157,,terminate,False,nan,1.0,2.040254632355081e-05,3.3427531896505644e-05,0.0,0,active,2.302585092994046,nan,nan,nan,1000000,1.0,inf,False,0,0.0,1.0,0.0,0.0,0,6.568718666053174e-37,0,0.0,0.0,0.0,0.0,0.0,inf,0.0,0.0,0.0,0.0,0.0,0.0,inf,inf,0.0,0.0,inf,8.601952570068813e-19,1.146186604881873e-18,4.139731506171385e-15,False,9072260690.281586,0.0,0.0,3741.9095810948684,0.0,0.0,0,0,0,0,0.0,0,0,False,0,0.0,False,False,False,False,False,False,False,False,False,False,False,0.0,0.15907029549410637,1867.4460964405084,0,0.0,False,-1,0,0,0,3804,0,0,0.0,20,1.1413893361776218e-20,4495555555.555555,3.1152514401352384e-12,1000000000000.0,1000000000000.0,0.0005987445183220907,1.0,49.89537652684091,0.00014991623455953818,-1.0024493102302374e-05,9142571904.093712,2023.0,0.0,0.0,4.5917748078995606e-33,4.5917748078995606e-33,0.0,0.0,0
0.0,-3.17572790568228e-16,2.300576008599456,0.0,0.10020111039569057,2.0636829512802702e-05,2.063682951280271e-06,0.0,False,64,False,shielded,v9_four_class_stateful_PD_shared_root_m1_marked_embryo_v1,nan,nan,nan,nan,nan,nan,nan,nan,nan,nan,100000000000000.0,68822.7900390625,nan,0.6103515625,2.0,0.001,1.0,emission,13098.721493975596,8.596370275629481e-28,1.4084293059565006e-27,2.018051068031,9.693203440427231e-23,custom,False,2.0336912292843157,,terminate,False,nan,1.0,2.040254632355081e-05,3.3427531896505644e-05,0.0,0,active,2.302585092994046,nan,nan,nan,1000000,1.0,inf,False,0,0.0,1.0,0.0,0.0,0,6.451510798258731e-37,0,0.0,0.0,0.0,0.0,0.0,inf,0.0,0.0,0.0,0.0,0.0,0.0,inf,inf,0.0,0.0,inf,8.601952570068813e-19,1.135914679741285e-18,4.139731506171385e-15,False,9072260690.281586,0.0,0.0,3741.9095810948684,0.0,0.0,0,0,0,0,0.0,0,0,False,0,0.0,False,False,False,False,False,False,False,False,False,False,False,0.0,0.15907029549410637,1867.4460964405084,0,0.0,False,-1,0,0,0,3804,0,0,0.0,21,1.1413994586231466e-20,4495555555.555555,3.1152790737010634e-12,1000000000000.0,1000000000000.0,0.0005987445183220907,1.0,49.89537652684091,0.00014991623455953818,-1.0024493102302374e-05,9142571904.093712,2023.0,0.0,0.0,4.5917748078995606e-33,4.5917748078995606e-33,0.0,0.0,0
0.0,-3.175754584841974e-16,2.3005964111457797,0.0,0.10019906605874897,2.0636829512802702e-05,2.063682951280271e-06,0.0,False,65,False,shielded,v9_four_class_stateful_PD_shared_root_m1_marked_embryo_v1,nan,nan,nan,nan,nan,nan,nan,nan,nan,nan,100000000000000.0,68823.400390625,nan,0.6103515625,2.0,0.001,1.0,emission,13098.721493975596,8.596370275629481e-28,1.4084293059565006e-27,2.018051068031,9.693289404129987e-23,custom,False,2.0336912292843157,,terminate,False,nan,1.0,2.040254632355081e-05,3.3427531896505644e-05,0.0,0,active,2.302585092994046,nan,nan,nan,1000000,1.0,inf,False,0,0.0,1.0,0.0,0.0,0,6.568718666053174e-37,0,0.0,0.0,0.0,0.0,0.0,inf,0.0,0.0,0.0,0.0,0.0,0.0,inf,inf,0.0,0.0,inf,8.601952570068813e-19,1.146186604881873e-18,4.139731506171385e-15,False,9072260690.281586,0.0,0.0,3741.9095810948684,0.0,0.0,0,0,0,0,0.0,0,0,False,0,0.0,False,False,False,False,False,False,False,False,False,False,False,0.0,0.15907029549410637,1867.4460964405084,0,0.0,False,-1,0,0,0,3804,0,0,0.0,20,1.1414095810686714e-20,4495555555.555555,3.11530638722774e-12,1000000000000.0,1000000000000.0,0.0005987445183220907,1.0,49.89537652684091,0.00014991623455953818,-1.0024493102302374e-05,9142571904.093712,2023.0,0.0,0.0,0.0,0.0,0.0,0.0,0
0.0,-3.175782518472766e-16,2.3006168136921032,0.0,0.10019702176351661,2.0636829512802702e-05,2.063682951280271e-06,0.0,False,66,False,shielded,v9_four_class_stateful_PD_shared_root_m1_marked_embryo_v1,nan,nan,nan,nan,nan,nan,nan,nan,nan,nan,100000000000000.0,68824.0107421875,nan,0.6103515625,2.0,0.001,1.0,emission,13098.721493975596,8.596370275629481e-28,1.4084293059565006e-27,2.018051068031,9.693375367832743e-23,custom,False,2.0336912292843157,,terminate,False,nan,1.0,2.040254632355081e-05,3.3427531896505644e-05,0.0,0,active,2.302585092994046,nan,nan,nan,1000000,1.0,inf,False,0,0.0,1.0,0.0,0.0,0,4.319363300725365e-37,0,0.0,0.0,0.0,0.0,0.0,inf,0.0,0.0,0.0,0.0,0.0,0.0,inf,inf,0.0,0.0,inf,8.601952570068813e-19,9.294475026299619e-19,4.139731506171385e-15,False,9072260690.281586,0.0,0.0,3741.9095810948684,0.0,0.0,0,0,0,0,0.0,0,0,False,0,0.0,False,False,False,False,False,False,False,False,False,False,False,0.0,0.15907029549410637,1867.4460964405084,0,0.0,False,-1,0,0,0,3804,0,0,0.0,21,1.1414197035141963e-20,4495555555.555555,3.115333771548238e-12,1000000000000.0,1000000000000.0,0.0005987445183220907,1.0,49.89537652684091,0.00014991623455953818,-1.0024493102302374e-05,9142571904.093712,2023.0,0.0,0.0,0.0,0.0,0.0,0.0,0
0.0,-3.175810713699427e-16,2.3006372162384268,0.0,0.10019497750999266,2.0636829512802702e-05,2.063682951280271e-06,0.0,False,67,False,shielded,v9_four_class_stateful_PD_shared_root_m1_marked_embryo_v1,nan,nan,nan,nan,nan,nan,nan,nan,nan,nan,100000000000000.0,68824.62109375,nan,0.6103515625,2.0,0.001,1.0,emission,13098.721493975596,8.596370275629481e-28,1.4084293059565006e-27,2.018051068031,9.6934613315355e-23,custom,False,2.0336912292843157,,terminate,False,nan,1.0,2.040254632355081e-05,3.3427531896505644e-05,0.0,0,active,2.302585092994046,nan,nan,nan,1000000,1.0,inf,False,0,0.0,1.0,0.0,0.0,0,6.568718666053174e-37,0,0.0,0.0,0.0,0.0,0.0,inf,0.0,0.0,0.0,0.0,0.0,0.0,inf,inf,0.0,0.0,inf,8.601952570068813e-19,1.146186604881873e-18,4.139731506171385e-15,False,9072260690.281586,0.0,0.0,3741.9095810948684,0.0,0.0,0,0,0,0,0.0,0,0,False,0,0.0,False,False,False,False,False,False,False,False,False,False,False,0.0,0.15907029549410637,1867.4460964405084,0,0.0,False,-1,0,0,0,3804,0,0,0.0,20,1.1414298259597211e-20,4495555555.555555,3.115361644781374e-12,1000000000000.0,1000000000000.0,0.0005987445183220907,1.0,49.89537652684091,0.00014991623455953818,-1.0024493102302374e-05,9142571904.093712,2023.0,0.0,0.0,0.0,0.0,0.0,0.0,0
0.0,-3.1758401085964697e-16,2.3006576187847503,0.0,0.10019293329817626,2.0636829512802702e-05,2.063682951280271e-06,0.0,False,68,False,shielded,v9_four_class_stateful_PD_shared_root_m1_marked_embryo_v1,nan,nan,nan,nan,nan,nan,nan,nan,nan,nan,100000000000000.0,68825.2314453125,nan,0.6103515625,2.0,0.001,1.0,emission,13098.721493975596,8.596370275629481e-28,1.4084293059565006e-27,2.018051068031,9.693547295238256e-23,custom,False,2.0336912292843157,,terminate,False,nan,1.0,2.040254632355081e-05,3.3427531896505644e-05,0.0,0,active,2.302585092994046,nan,nan,nan,1000000,1.0,inf,False,0,0.0,1.0,0.0,0.0,0,6.568718666053174e-37,0,0.0,0.0,0.0,0.0,0.0,inf,0.0,0.0,0.0,0.0,0.0,0.0,inf,inf,0.0,0.0,inf,8.601952570068813e-19,1.146186604881873e-18,4.139731506171385e-15,False,9072260690.281586,0.0,0.0,3741.9095810948684,0.0,0.0,0,0,0,0,0.0,0,0,False,0,0.0,False,False,False,False,False,False,False,False,False,False,False,0.0,0.15907029549410637,1867.4460964405084,0,0.0,False,-1,0,0,0,3804,0,0,0.0,21,1.1414399484052459e-20,4495555555.555555,3.115389306223214e-12,1000000000000.0,1000000000000.0,0.0005987445183220907,1.0,49.89537652684091,0.00014991623455953818,-1.0024493102302374e-05,9142571904.093712,2023.0,0.0,0.0,0.0,0.0,0.0,0.0,0
0.0,-3.175865997540185e-16,2.300678021331074,0.0,0.10019088912806656,2.0636829512802702e-05,2.063682951280271e-06,0.0,False,69,False,shielded,v9_four_class_stateful_PD_shared_root_m1_marked_embryo_v1,nan,nan,nan,nan,nan,nan,nan,nan,nan,nan,100000000000000.0,68825.841796875,nan,0.6103515625,2.0,0.001,1.0,emission,13098.721493975596,8.596370275629481e-28,1.4084293059565006e-27,2.018051068031,9.693633258941012e-23,custom,False,2.0336912292843157,,terminate,False,nan,1.0,2.040254632355081e-05,3.3427531896505644e-05,0.0,0,active,2.302585092994046,nan,nan,nan,1000000,1.0,inf,False,0,0.0,1.0,0.0,0.0,0,6.0009871936179016e-37,0,0.0,0.0,0.0,0.0,0.0,inf,0.0,0.0,0.0,0.0,0.0,0.0,inf,inf,0.0,0.0,inf,8.601952570068813e-19,1.095535229339331e-18,4.139731506171385e-15,False,9072260690.281586,0.0,0.0,3741.9095810948684,0.0,0.0,0,0,0,0,0.0,0,0,False,0,0.0,False,False,False,False,False,False,False,False,False,False,False,0.0,0.15907029549410637,1867.4460964405084,0,0.0,False,-1,0,0,0,3804,0,0,0.0,20,1.1414500708507707e-20,4495555555.555555,3.1154169385448595e-12,1000000000000.0,1000000000000.0,0.0005987445183220907,1.0,49.89537652684091,0.00014991623455953818,-1.0024493102302374e-05,9142571904.093712,2023.0,0.0,0.0,0.0,0.0,0.0,0.0,0
0.0,-3.1758951683229806e-16,2.3006984238773978,0.0,0.10018884499966267,2.0636829512802702e-05,2.063682951280271e-06,0.0,False,70,False,shielded,v9_four_class_stateful_PD_shared_root_m1_marked_embryo_v1,nan,nan,nan,nan,nan,nan,nan,nan,nan,nan,100000000000000.0,68826.4521484375,nan,0.6103515625,2.0,0.001,1.0,emission,13098.721493975596,8.596370275629481e-28,1.4084293059565006e-27,2.018051068031,9.693719222643768e-23,custom,False,2.0336912292843157,,terminate,False,nan,1.0,2.040254632355081e-05,3.3427531896505644e-05,4.440892098500626e-16,0,active,2.302585092994046,nan,nan,nan,1000000,1.0,inf,False,0,0.0,1.0,0.0,0.0,0,6.568718666053174e-37,0,0.0,0.0,0.0,0.0,0.0,inf,0.0,0.0,0.0,0.0,0.0,0.0,inf,inf,0.0,0.0,inf,8.601952570068813e-19,1.146186604881873e-18,4.139731506171385e-15,False,9072260690.281586,0.0,0.0,3741.9095810948684,0.0,0.0,0,0,0,0,0.0,0,0,False,0,0.0,False,False,False,False,False,False,False,False,False,False,False,0.0,0.15907029549410637,1867.4460964405084,0,0.0,False,-1,0,0,0,3804,0,0,0.0,21,1.1414601932962956e-20,4495555555.555555,3.115445157448516e-12,1000000000000.0,1000000000000.0,0.0005987445183220907,1.0,49.89537652684091,0.00014991623455953818,-1.0024493102302374e-05,9142571904.093712,2023.0,0.0,0.0,0.0,0.0,0.0,0.0,0
0.0,-3.1759226338212447e-16,2.3007188264237213,0.0,0.10018680091296382,2.0636829512802702e-05,2.063682951280271e-06,0.0,False,71,False,shielded,v9_four_class_stateful_PD_shared_root_m1_marked_embryo_v1,nan,nan,nan,nan,nan,nan,nan,nan,nan,nan,100000000000000.0,68827.0625,nan,0.6103515625,2.0,0.001,1.0,emission,13098.721493975596,8.596370275629481e-28,1.4084293059565006e-27,2.018051068031,9.693805186346525e-23,custom,False,2.0336912292843157,,terminate,False,nan,1.0,2.040254632355081e-05,3.3427531896505644e-05,0.0,0,active,2.302585092994046,nan,nan,nan,1000000,1.0,inf,False,0,0.0,1.0,0.0,0.0,0,5.454371485979741e-37,0,0.0,0.0,0.0,0.0,0.0,inf,0.0,0.0,0.0,0.0,0.0,0.0,inf,inf,0.0,0.0,inf,8.601952570068813e-19,1.0444492793793043e-18,4.139731506171385e-15,False,9072260690.281586,0.0,0.0,3741.9095810948684,0.0,0.0,0,0,0,0,0.0,0,0,False,0,0.0,False,False,False,False,False,False,False,False,False,False,False,0.0,0.15907029549410637,1867.4460964405084,0,0.0,False,-1,0,0,0,3804,0,0,0.0,20,1.1414703157418204e-20,4495555555.555555,3.115472148586554e-12,1000000000000.0,1000000000000.0,0.0005987445183220907,1.0,49.89537652684091,0.00014991623455953818,-1.0024493102302374e-05,9142571904.093712,2023.0,0.0,0.0,4.5917748078995606e-33,4.5917748078995606e-33,0.0,0.0,0
0.0,-3.175950658441904e-16,2.300739228970045,0.0,0.10018475686796913,2.0636829512802702e-05,2.063682951280271e-06,0.0,False,72,False,shielded,v9_four_class_stateful_PD_shared_root_m1_marked_embryo_v1,nan,nan,nan,nan,nan,nan,nan,nan,nan,nan,100000000000000.0,68827.6728515625,nan,0.6103515625,2.0,0.001,1.0,emission,13098.721493975596,8.596370275629481e-28,1.4084293059565006e-27,2.018051068031,9.693891150049281e-23,custom,False,2.0336912292843157,,terminate,False,nan,1.0,2.040254632355081e-05,3.3427531896505644e-05,0.0,0,active,2.302585092994046,nan,nan,nan,1000000,1.0,inf,False,0,0.0,1.0,0.0,0.0,0,6.568718666053174e-37,0,0.0,0.0,0.0,0.0,0.0,inf,0.0,0.0,0.0,0.0,0.0,0.0,inf,inf,0.0,0.0,inf,8.601952570068813e-19,1.146186604881873e-18,4.139731506171385e-15,False,9072260690.281586,0.0,0.0,3741.9095810948684,0.0,0.0,0,0,0,0,0.0,0,0,False,0,0.0,False,False,False,False,False,False,False,False,False,False,False,0.0,0.15907029549410637,1867.4460964405084,0,0.0,False,-1,0,0,0,3804,0,0,0.0,20,1.1414804381873452e-20,4495555555.555555,3.1155000795990295e-12,1000000000000.0,1000000000000.0,0.0005987445183220907,1.0,49.89537652684091,0.00014991623455953818,-1.0024493102302374e-05,9142571904.093712,2023.0,0.0,0.0,0.0,0.0,0.0,0.0,0
0.0,-3.175980887240402e-16,2.3007596315163683,0.0,0.10018271286467773,2.0636829512802702e-05,2.063682951280271e-06,0.0,False,73,False,shielded,v9_four_class_stateful_PD_shared_root_m1_marked_embryo_v1,nan,nan,nan,nan,nan,nan,nan,nan,nan,nan,100000000000000.0,68828.283203125,nan,0.6103515625,2.0,0.001,1.0,emission,13098.721493975596,8.596370275629481e-28,1.4084293059565006e-27,2.018051068031,9.693977113752037e-23,custom,False,2.0336912292843157,,terminate,False,nan,1.0,2.040254632355081e-05,3.3427531896505644e-05,0.0,0,active,2.302585092994046,nan,nan,nan,1000000,1.0,inf,False,0,0.0,1.0,0.0,0.0,0,6.568718666053174e-37,0,0.0,0.0,0.0,0.0,0.0,inf,0.0,0.0,0.0,0.0,0.0,0.0,inf,inf,0.0,0.0,inf,8.601952570068813e-19,1.146186604881873e-18,4.139731506171385e-15,False,9072260690.281586,0.0,0.0,3741.9095810948684,0.0,0.0,0,0,0,0,0.0,0,0,False,0,0.0,False,False,False,False,False,False,False,False,False,False,False,0.0,0.15907029549410637,1867.4460964405084,0,0.0,False,-1,0,0,0,3804,0,0,0.0,21,1.14149056063287e-20,4495555555.555555,3.115527646907263e-12,1000000000000.0,1000000000000.0,0.0005987445183220907,1.0,49.89537652684091,0.00014991623455953818,-1.0024493102302374e-05,9142571904.093712,2023.0,0.0,0.0,2.2958874039497803e-33,2.2958874039497803e-33,0.0,0.0,0
0.0,-3.176008181357183e-16,2.300780034062692,0.0,0.10018066890308877,2.0636829512802702e-05,2.063682951280271e-06,0.0,False,74,False,shielded,v9_four_class_stateful_PD_shared_root_m1_marked_embryo_v1,nan,nan,nan,nan,nan,nan,nan,nan,nan,nan,100000000000000.0,68828.8935546875,nan,0.6103515625,2.0,0.001,1.0,emission,13098.721493975596,8.596370275629481e-28,1.4084293059565006e-27,2.018051068031,9.694063077454794e-23,custom,False,2.0336912292843157,,terminate,False,nan,1.0,2.040254632355081e-05,3.3427531896505644e-05,0.0,0,active,2.302585092994046,nan,nan,nan,1000000,1.0,inf,False,0,0.0,1.0,0.0,0.0,0,5.452449554084744e-37,0,0.0,0.0,0.0,0.0,0.0,inf,0.0,0.0,0.0,0.0,0.0,0.0,inf,inf,0.0,0.0,inf,8.601952570068813e-19,1.0442652492623456e-18,4.139731506171385e-15,False,9072260690.281586,0.0,0.0,3741.9095810948684,0.0,0.0,0,0,0,0,0.0,0,0,False,0,0.0,False,False,False,False,False,False,False,False,False,False,False,0.0,0.15907029549410637,1867.4460964405084,0,0.0,False,-1,0,0,0,3804,0,0,0.0,20,1.1415006830783948e-20,4495555555.555555,3.115555519976868e-12,1000000000000.0,1000000000000.0,0.0005987445183220907,1.0,49.89537652684091,0.00014991623455953818,-1.0024493102302374e-05,9142571904.093712,2023.0,0.0,0.0,2.2958874039497803e-33,2.2958874039497803e-33,0.0,0.0,0
0.0,-3.1760371256992857e-16,2.3008004366090153,0.0,0.10017862498320142,2.0636829512802702e-05,2.063682951280271e-06,0.0,False,75,False,shielded,v9_four_class_stateful_PD_shared_root_m1_marked_embryo_v1,nan,nan,nan,nan,nan,nan,nan,nan,nan,nan,100000000000000.0,68829.50390625,nan,0.6103515625,2.0,0.001,1.0,emission,13098.721493975596,8.596370275629481e-28,1.4084293059565006e-27,2.018051068031,9.69414904115755e-23,custom,False,2.0336912292843157,,terminate,False,nan,1.0,2.040254632355081e-05,3.3427531896505644e-05,0.0,0,active,2.302585092994046,nan,nan,nan,1000000,1.0,inf,False,0,0.0,1.0,0.0,0.0,0,6.568718666053174e-37,0,0.0,0.0,0.0,0.0,0.0,inf,0.0,0.0,0.0,0.0,0.0,0.0,inf,inf,0.0,0.0,inf,8.601952570068813e-19,1.146186604881873e-18,4.139731506171385e-15,False,9072260690.281586,0.0,0.0,3741.9095810948684,0.0,0.0,0,0,0,0,0.0,0,0,False,0,0.0,False,False,False,False,False,False,False,False,False,False,False,0.0,0.15907029549410637,1867.4460964405084,0,0.0,False,-1,0,0,0,3804,0,0,0.0,21,1.1415108055239197e-20,4495555555.555555,3.1155830725110972e-12,1000000000000.0,1000000000000.0,0.0005987445183220907,1.0,49.89537652684091,0.00014991623455953818,-1.0024493102302374e-05,9142571904.093712,2023.0,0.0,0.0,0.0,0.0,0.0,0.0,0
0.0,-3.17606474991283e-16,2.300820839155339,0.0,0.10017658110501479,2.0636829512802702e-05,2.063682951280271e-06,0.0,False,76,False,shielded,v9_four_class_stateful_PD_shared_root_m1_marked_embryo_v1,nan,nan,nan,nan,nan,nan,nan,nan,nan,nan,100000000000000.0,68830.1142578125,nan,0.6103515625,2.0,0.001,1.0,emission,13098.721493975596,8.596370275629481e-28,1.4084293059565006e-27,2.018051068031,9.694235004860306e-23,custom,False,2.0336912292843157,,terminate,False,nan,1.0,2.040254632355081e-05,3.3427531896505644e-05,0.0,0,active,2.302585092994046,nan,nan,nan,1000000,1.0,inf,False,0,0.0,1.0,0.0,0.0,0,6.3784656780609125e-37,0,0.0,0.0,0.0,0.0,0.0,inf,0.0,0.0,0.0,0.0,0.0,0.0,inf,inf,0.0,0.0,inf,8.601952570068813e-19,1.1294658629689444e-18,4.139731506171385e-15,False,9072260690.281586,0.0,0.0,3741.9095810948684,0.0,0.0,0,0,0,0,0.0,0,0,False,0,0.0,False,False,False,False,False,False,False,False,False,False,False,0.0,0.15907029549410637,1867.4460964405084,0,0.0,False,-1,0,0,0,3804,0,0,0.0,20,1.1415209279694445e-20,4495555555.555555,3.11561036240405e-12,1000000000000.0,1000000000000.0,0.0005987445183220907,1.0,49.89537652684091,0.00014991623455953818,-1.0024493102302374e-05,9142571904.093712,2023.0,0.0,0.0,0.0,0.0,0.0,0.0,0
0.0,-3.176091848349697e-16,2.300841241701663,0.0,0.10017453726852803,2.0636829512802702e-05,2.063682951280271e-06,0.0,False,77,False,shielded,v9_four_class_stateful_PD_shared_root_m1_marked_embryo_v1,nan,nan,nan,nan,nan,nan,nan,nan,nan,nan,100000000000000.0,68830.724609375,nan,0.6103515625,2.0,0.001,1.0,emission,13098.721493975596,8.596370275629481e-28,1.4084293059565006e-27,2.018051068031,9.694320968563063e-23,custom,False,2.0336912292843157,,terminate,False,nan,1.0,2.040254632355081e-05,3.3427531896505644e-05,4.440892098500626e-16,0,active,2.302585092994046,nan,nan,nan,1000000,1.0,inf,False,0,0.0,1.0,0.0,0.0,0,6.5687186660530805e-37,0,0.0,0.0,0.0,0.0,0.0,inf,0.0,0.0,0.0,0.0,0.0,0.0,inf,inf,0.0,0.0,inf,8.601952570068813e-19,1.1461866048818647e-18,4.139731506171385e-15,False,9072260690.281586,0.0,0.0,3741.9095810948684,0.0,0.0,0,0,0,0,0.0,0,0,False,0,0.0,False,False,False,False,False,False,False,False,False,False,False,0.0,0.15907029549410637,1867.4460964405084,0,0.0,False,-1,0,0,0,3804,0,0,0.0,21,1.1415310504149693e-20,4495555555.555555,3.1156378384621534e-12,1000000000000.0,1000000000000.0,0.0005987445183220907,1.0,49.89537652684091,0.00014991623455953818,-1.0024493102302374e-05,9142571904.093712,2023.0,0.0,0.0,0.0,0.0,0.0,0.0,0
0.0,-3.1761216459803006e-16,2.3008616442479863,0.0,0.10017249347374035,2.0636829512802702e-05,2.063682951280271e-06,0.0,False,78,False,shielded,v9_four_class_stateful_PD_shared_root_m1_marked_embryo_v1,nan,nan,nan,nan,nan,nan,nan,nan,nan,nan,100000000000000.0,68831.3349609375,nan,0.6103515625,2.0,0.001,1.0,emission,13098.721493975596,8.596370275629481e-28,1.4084293059565006e-27,2.018051068031,9.694406932265819e-23,custom,False,2.0336912292843157,,terminate,False,nan,1.0,2.040254632355081e-05,3.3427531896505644e-05,0.0,0,active,2.302585092994046,nan,nan,nan,1000000,1.0,inf,False,0,0.0,1.0,0.0,0.0,0,6.568718666053174e-37,0,0.0,0.0,0.0,0.0,0.0,inf,0.0,0.0,0.0,0.0,0.0,0.0,inf,inf,0.0,0.0,inf,8.601952570068813e-19,1.146186604881873e-18,4.139731506171385e-15,False,9072260690.281586,0.0,0.0,3741.9095810948684,0.0,0.0,0,0,0,0,0.0,0,0,False,0,0.0,False,False,False,False,False,False,False,False,False,False,False,0.0,0.15907029549410637,1867.4460964405084,0,0.0,False,-1,0,0,0,3804,0,0,0.0,20,1.1415411728604941e-20,4495555555.555555,3.1156658011814152e-12,1000000000000.0,1000000000000.0,0.0005987445183220907,1.0,49.89537652684091,0.00014991623455953818,-1.0024493102302374e-05,9142571904.093712,2023.0,0.0,0.0,2.2958874039497803e-33,2.2958874039497803e-33,0.0,0.0,0
0.0,-3.176149033930382e-16,2.30088204679431,0.0,0.10017044972065087,2.0636829512802702e-05,2.063682951280271e-06,0.0,False,79,False,shielded,v9_four_class_stateful_PD_shared_root_m1_marked_embryo_v1,nan,nan,nan,nan,nan,nan,nan,nan,nan,nan,100000000000000.0,68831.9453125,nan,0.6103515625,2.0,0.001,1.0,emission,13098.721493975596,8.596370275629481e-28,1.4084293059565006e-27,2.018051068031,9.694492895968575e-23,custom,False,2.0336912292843157,,terminate,False,nan,1.0,2.040254632355081e-05,3.3427531896505644e-05,0.0,0,active,2.302585092994046,nan,nan,nan,1000000,1.0,inf,False,0,0.0,1.0,0.0,0.0,0,4.92215881680108e-37,0,0.0,0.0,0.0,0.0,0.0,inf,0.0,0.0,0.0,0.0,0.0,0.0,inf,inf,0.0,0.0,inf,8.601952570068813e-19,9.92185347281553e-19,4.139731506171385e-15,False,9072260690.281586,0.0,0.0,3741.9095810948684,0.0,0.0,0,0,0,0,0.0,0,0,False,0,0.0,False,False,False,False,False,False,False,False,False,False,False,0.0,0.15907029549410637,1867.4460964405084,0,0.0,False,-1,0,0,0,3804,0,0,0.0,21,1.141551295306019e-20,4495555555.555555,3.1156934496343373e-12,1000000000000.0,1000000000000.0,0.0005987445183220907,1.0,49.89537652684091,0.00014991623455953818,-1.0024493102302374e-05,9142571904.093712,2023.0,0.0,0.0,2.2958874039497803e-33,2.2958874039497803e-33,0.0,0.0,0
0.0,-3.176178539204338e-16,2.3009024493406334,0.0,0.10016840600925872,2.0636829512802702e-05,2.063682951280271e-06,0.0,False,80,False,shielded,v9_four_class_stateful_PD_shared_root_m1_marked_embryo_v1,nan,nan,nan,nan,nan,nan,nan,nan,nan,nan,100000000000000.0,68832.5556640625,nan,0.6103515625,2.0,0.001,1.0,emission,13098.721493975596,8.596370275629481e-28,1.4084293059565006e-27,2.018051068031,9.694578859671331e-23,custom,False,2.0336912292843157,,terminate,False,nan,1.0,2.040254632355081e-05,3.3427531896505644e-05,0.0,0,active,2.302585092994046,nan,nan,nan,1000000,1.0,inf,False,0,0.0,1.0,0.0,0.0,0,6.568718666053174e-37,0,0.0,0.0,0.0,0.0,0.0,inf,0.0,0.0,0.0,0.0,0.0,0.0,inf,inf,0.0,0.0,inf,8.601952570068813e-19,1.146186604881873e-18,4.139731506171385e-15,False,9072260690.281586,0.0,0.0,3741.9095810948684,0.0,0.0,0,0,0,0,0.0,0,0,False,0,0.0,False,False,False,False,False,False,False,False,False,False,False,0.0,0.15907029549410637,1867.4460964405084,0,0.0,False,-1,0,0,0,3804,0,0,0.0,20,1.1415614177515438e-20,4495555555.555555,3.11572092775101e-12,1000000000000.0,1000000000000.0,0.0005987445183220907,1.0,49.89537652684091,0.00014991623455953818,-1.0024493102302374e-05,9142571904.093712,2023.0,0.0,0.0,0.0,0.0,0.0,0.0,0
0.0,-3.176207160687508e-16,2.300922851886957,0.0,0.10016636233956307,2.0636829512802702e-05,2.063682951280271e-06,0.0,False,81,False,shielded,v9_four_class_stateful_PD_shared_root_m1_marked_embryo_v1,nan,nan,nan,nan,nan,nan,nan,nan,nan,nan,100000000000000.0,68833.166015625,nan,0.6103515625,2.0,0.001,1.0,emission,13098.721493975596,8.596370275629481e-28,1.4084293059565006e-27,2.018051068031,9.694664823374088e-23,custom,False,2.0336912292843157,,terminate,False,nan,1.0,2.040254632355081e-05,3.3427531896505644e-05,0.0,0,active,2.302585092994046,nan,nan,nan,1000000,1.0,inf,False,0,0.0,1.0,0.0,0.0,0,6.568718666053174e-37,0,0.0,0.0,0.0,0.0,0.0,inf,0.0,0.0,0.0,0.0,0.0,0.0,inf,inf,0.0,0.0,inf,8.601952570068813e-19,1.146186604881873e-18,4.139731506171385e-15,False,9072260690.281586,0.0,0.0,3741.9095810948684,0.0,0.0,0,0,0,0,0.0,0,0,False,0,0.0,False,False,False,False,False,False,False,False,False,False,False,0.0,0.15907029549410637,1867.4460964405084,0,0.0,False,-1,0,0,0,3804,0,0,0.0,21,1.1415715401970686e-20,4495555555.555555,3.1157488728593875e-12,1000000000000.0,1000000000000.0,0.0005987445183220907,1.0,49.89537652684091,0.00014991623455953818,-1.0024493102302374e-05,9142571904.093712,2023.0,0.0,0.0,0.0,0.0,0.0,0.0,0
0.0,-3.1762355735660675e-16,2.3009432544332804,0.0,0.10016431871156306,2.0636829512802702e-05,2.063682951280271e-06,0.0,False,82,False,shielded,v9_four_class_stateful_PD_shared_root_m1_marked_embryo_v1,nan,nan,nan,nan,nan,nan,nan,nan,nan,nan,100000000000000.0,68833.7763671875,nan,0.6103515625,2.0,0.001,1.0,emission,13098.721493975596,8.596370275629481e-28,1.4084293059565006e-27,2.018051068031,9.694750787076844e-23,custom,False,2.0336912292843157,,terminate,False,nan,1.0,2.040254632355081e-05,3.3427531896505644e-05,0.0,0,active,2.302585092994046,nan,nan,nan,1000000,1.0,inf,False,0,0.0,1.0,0.0,0.0,0,6.51941952357016e-37,0,0.0,0.0,0.0,0.0,0.0,inf,0.0,0.0,0.0,0.0,0.0,0.0,inf,inf,0.0,0.0,inf,8.601952570068813e-19,1.141877359751927e-18,4.139731506171385e-15,False,9072260690.281586,0.0,0.0,3741.9095810948684,0.0,0.0,0,0,0,0,0.0,0,0,False,0,0.0,False,False,False,False,False,False,False,False,False,False,False,0.0,0.15907029549410637,1867.4460964405084,0,0.0,False,-1,0,0,0,3804,0,0,0.0,20,1.1415816626425934e-20,4495555555.555555,3.115776319887446e-12,1000000000000.0,1000000000000.0,0.0005987445183220907,1.0,49.89537652684091,0.00014991623455953818,-1.0024493102302374e-05,9142571904.093712,2023.0,0.0,0.0,0.0,0.0,0.0,0.0,0
0.0,-3.176263536665169e-16,2.300963656979604,0.0,0.10016227512525783,2.0636829512802702e-05,2.063682951280271e-06,0.0,False,83,False,shielded,v9_four_class_stateful_PD_shared_root_m1_marked_embryo_v1,nan,nan,nan,nan,nan,nan,nan,nan,nan,nan,100000000000000.0,68834.38671875,nan,0.6103515625,2.0,0.001,1.0,emission,13098.721493975596,8.596370275629481e-28,1.4084293059565006e-27,2.018051068031,9.6948367507796e-23,custom,False,2.0336912292843157,,terminate,False,nan,1.0,2.040254632355081e-05,3.3427531896505644e-05,0.0,0,active,2.302585092994046,nan,nan,nan,1000000,1.0,inf,False,0,0.0,1.0,0.0,0.0,0,6.568718666053174e-37,0,0.0,0.0,0.0,0.0,0.0,inf,0.0,0.0,0.0,0.0,0.0,0.0,inf,inf,0.0,0.0,inf,8.601952570068813e-19,1.146186604881873e-18,4.139731506171385e-15,False,9072260690.281586,0.0,0.0,3741.9095810948684,0.0,0.0,0,0,0,0,0.0,0,0,False,0,0.0,False,False,False,False,False,False,False,False,False,False,False,0.0,0.15907029549410637,1867.4460964405084,0,0.0,False,-1,0,0,0,3804,0,0,0.0,21,1.1415917850881182e-20,4495555555.555555,3.115804031384018e-12,1000000000000.0,1000000000000.0,0.0005987445183220907,1.0,49.89537652684091,0.00014991623455953818,-1.0024493102302374e-05,9142571904.093712,2023.0,0.0,0.0,0.0,0.0,0.0,0.0,0
0.0,-3.176291540347819e-16,2.3009840595259274,0.0,0.10016023158064655,2.0636829512802702e-05,2.063682951280271e-06,0.0,False,84,False,shielded,v9_four_class_stateful_PD_shared_root_m1_marked_embryo_v1,nan,nan,nan,nan,nan,nan,nan,nan,nan,nan,100000000000000.0,68834.9970703125,nan,0.6103515625,2.0,0.001,1.0,emission,13098.721493975596,8.596370275629481e-28,1.4084293059565006e-27,2.018051068031,9.694922714482357e-23,custom,False,2.0336912292843157,,terminate,False,nan,1.0,2.040254632355081e-05,3.3427531896505644e-05,0.0,0,active,2.302585092994046,nan,nan,nan,1000000,1.0,inf,False,0,0.0,1.0,0.0,0.0,0,4.439040033341953e-37,0,0.0,0.0,0.0,0.0,0.0,inf,0.0,0.0,0.0,0.0,0.0,0.0,inf,inf,0.0,0.0,inf,8.601952570068813e-19,9.422356428560696e-19,4.139731506171385e-15,False,9072260690.281586,0.0,0.0,3741.9095810948684,0.0,0.0,0,0,0,0,0.0,0,0,False,0,0.0,False,False,False,False,False,False,False,False,False,False,False,0.0,0.15907029549410637,1867.4460964405084,0,0.0,False,-1,0,0,0,3804,0,0,0.0,20,1.141601907533643e-20,4495555555.555555,3.115831844597386e-12,1000000000000.0,1000000000000.0,0.0005987445183220907,1.0,49.89537652684091,0.00014991623455953818,-1.0024493102302374e-05,9142571904.093712,2023.0,0.0,0.0,0.0,0.0,0.0,0.0,0
0.0,-3.1763183859776115e-16,2.301004462072251,0.0,0.10015818807772835,2.0636829512802702e-05,2.063682951280271e-06,0.0,False,85,False,shielded,v9_four_class_stateful_PD_shared_root_m1_marked_embryo_v1,nan,nan,nan,nan,nan,nan,nan,nan,nan,nan,100000000000000.0,68835.607421875,nan,0.6103515625,2.0,0.001,1.0,emission,13098.721493975596,8.596370275629481e-28,1.4084293059565006e-27,2.018051068031,9.695008678185113e-23,custom,False,2.0336912292843157,,terminate,False,nan,1.0,2.040254632355081e-05,3.3427531896505644e-05,0.0,0,active,2.302585092994046,nan,nan,nan,1000000,1.0,inf,False,0,0.0,1.0,0.0,0.0,0,6.568718666053174e-37,0,0.0,0.0,0.0,0.0,0.0,inf,0.0,0.0,0.0,0.0,0.0,0.0,inf,inf,0.0,0.0,inf,8.601952570068813e-19,1.146186604881873e-18,4.139731506171385e-15,False,9072260690.281586,0.0,0.0,3741.9095810948684,0.0,0.0,0,0,0,0,0.0,0,0,False,0,0.0,False,False,False,False,False,False,False,False,False,False,False,0.0,0.15907029549410637,1867.4460964405084,0,0.0,False,-1,0,0,0,3804,0,0,0.0,21,1.1416120299791679e-20,4495555555.555555,3.115859391903164e-12,1000000000000.0,1000000000000.0,0.0005987445183220907,1.0,49.89537652684091,0.00014991623455953818,-1.0024493102302374e-05,9142571904.093712,2023.0,0.0,0.0,2.2958874039497803e-33,2.2958874039497803e-33,0.0,0.0,0
0.0,-3.1763469986719876e-16,2.3010248646185745,0.0,0.1001561446165024,2.0636829512802702e-05,2.063682951280271e-06,0.0,False,86,False,shielded,v9_four_class_stateful_PD_shared_root_m1_marked_embryo_v1,nan,nan,nan,nan,nan,nan,nan,nan,nan,nan,100000000000000.0,68836.2177734375,nan,0.6103515625,2.0,0.001,1.0,emission,13098.721493975596,8.596370275629481e-28,1.4084293059565006e-27,2.018051068031,9.695094641887869e-23,custom,False,2.0336912292843157,,terminate,False,nan,1.0,2.040254632355081e-05,3.3427531896505644e-05,0.0,0,active,2.302585092994046,nan,nan,nan,1000000,1.0,inf,False,0,0.0,1.0,0.0,0.0,0,6.568718666053174e-37,0,0.0,0.0,0.0,0.0,0.0,inf,0.0,0.0,0.0,0.0,0.0,0.0,inf,inf,0.0,0.0,inf,8.601952570068813e-19,1.146186604881873e-18,4.139731506171385e-15,False,9072260690.281586,0.0,0.0,3741.9095810948684,0.0,0.0,0,0,0,0,0.0,0,0,False,0,0.0,False,False,False,False,False,False,False,False,False,False,False,0.0,0.15907029549410637,1867.4460964405084,0,0.0,False,-1,0,0,0,3804,0,0,0.0,20,1.1416221524246927e-20,4495555555.555555,3.115886586219511e-12,1000000000000.0,1000000000000.0,0.0005987445183220907,1.0,49.89537652684091,0.00014991623455953818,-1.0024493102302374e-05,9142571904.093712,2023.0,0.0,0.0,0.0,0.0,0.0,0.0,0
0.0,-3.176375848922296e-16,2.301045267164898,0.0,0.10015410119696783,2.0636829512802702e-05,2.063682951280271e-06,0.0,False,87,False,shielded,v9_four_class_stateful_PD_shared_root_m1_marked_embryo_v1,nan,nan,nan,nan,nan,nan,nan,nan,nan,nan,100000000000000.0,68836.828125,nan,0.6103515625,2.0,0.001,1.0,emission,13098.721493975596,8.596370275629481e-28,1.4084293059565006e-27,2.018051068031,9.695180605590625e-23,custom,False,2.0336912292843157,,terminate,False,nan,1.0,2.040254632355081e-05,3.3427531896505644e-05,0.0,0,active,2.302585092994046,nan,nan,nan,1000000,1.0,inf,False,0,0.0,1.0,0.0,0.0,0,6.144519226240319e-37,0,0.0,0.0,0.0,0.0,0.0,inf,0.0,0.0,0.0,0.0,0.0,0.0,inf,inf,0.0,0.0,inf,8.601952570068813e-19,1.1085593557622721e-18,4.139731506171385e-15,False,9072260690.281586,0.0,0.0,3741.9095810948684,0.0,0.0,0,0,0,0,0.0,0,0,False,0,0.0,False,False,False,False,False,False,False,False,False,False,False,0.0,0.15907029549410637,1867.4460964405084,0,0.0,False,-1,0,0,0,3804,0,0,0.0,21,1.1416322748702175e-20,4495555555.555555,3.1159142965318904e-12,1000000000000.0,1000000000000.0,0.0005987445183220907,1.0,49.89537652684091,0.00014991623455953818,-1.0024493102302374e-05,9142571904.093712,2023.0,0.0,0.0,0.0,0.0,0.0,0.0,0
0.0,-3.176403654340093e-16,2.3010656697112215,0.0,0.10015205781912379,2.0636829512802702e-05,2.063682951280271e-06,0.0,False,88,False,shielded,v9_four_class_stateful_PD_shared_root_m1_marked_embryo_v1,nan,nan,nan,nan,nan,nan,nan,nan,nan,nan,100000000000000.0,68837.4384765625,nan,0.6103515625,2.0,0.001,1.0,emission,13098.721493975596,8.596370275629481e-28,1.4084293059565006e-27,2.018051068031,9.695266569293382e-23,custom,False,2.0336912292843157,,terminate,False,nan,1.0,2.040254632355081e-05,3.3427531896505644e-05,0.0,0,active,2.302585092994046,nan,nan,nan,1000000,1.0,inf,False,0,0.0,1.0,0.0,0.0,0,6.568718666053174e-37,0,0.0,0.0,0.0,0.0,0.0,inf,0.0,0.0,0.0,0.0,0.0,0.0,inf,inf,0.0,0.0,inf,8.601952570068813e-19,1.146186604881873e-18,4.139731506171385e-15,False,9072260690.281586,0.0,0.0,3741.9095810948684,0.0,0.0,0,0,0,0,0.0,0,0,False,0,0.0,False,False,False,False,False,False,False,False,False,False,False,0.0,0.15907029549410637,1867.4460964405084,0,0.0,False,-1,0,0,0,3804,0,0,0.0,21,1.1416423973157423e-20,4495555555.555555,3.1159420972690464e-12,1000000000000.0,1000000000000.0,0.0005987445183220907,1.0,49.89537652684091,0.00014991623455953818,-1.0024493102302374e-05,9142571904.093712,2023.0,0.0,0.0,0.0,0.0,0.0,0.0,0
0.0,-3.1764325565476833e-16,2.301086072257545,0.0,0.10015001448296944,2.0636829512802702e-05,2.063682951280271e-06,0.0,False,89,False,shielded,v9_four_class_stateful_PD_shared_root_m1_marked_embryo_v1,nan,nan,nan,nan,nan,nan,nan,nan,nan,nan,100000000000000.0,68838.048828125,nan,0.6103515625,2.0,0.001,1.0,emission,13098.721493975596,8.596370275629481e-28,1.4084293059565006e-27,2.018051068031,9.695352532996138e-23,custom,False,2.0336912292843157,,terminate,False,nan,1.0,2.040254632355081e-05,3.3427531896505644e-05,0.0,0,active,2.302585092994046,nan,nan,nan,1000000,1.0,inf,False,0,0.0,1.0,0.0,0.0,0,5.058155535632417e-37,0,0.0,0.0,0.0,0.0,0.0,inf,0.0,0.0,0.0,0.0,0.0,0.0,inf,inf,0.0,0.0,inf,8.601952570068813e-19,1.0057987408654295e-18,4.139731506171385e-15,False,9072260690.281586,0.0,0.0,3741.9095810948684,0.0,0.0,0,0,0,0,0.0,0,0,False,0,0.0,False,False,False,False,False,False,False,False,False,False,False,0.0,0.15907029549410637,1867.4460964405084,0,0.0,False,-1,0,0,0,3804,0,0,0.0,20,1.1416525197612672e-20,4495555555.555555,3.1159695465205074e-12,1000000000000.0,1000000000000.0,0.0005987445183220907,1.0,49.89537652684091,0.00014991623455953818,-1.0024493102302374e-05,9142571904.093712,2023.0,0.0,0.0,0.0,0.0,0.0,0.0,0
0.0,-3.17646026554724e-16,2.3011064748038685,0.0,0.10014797118850392,2.0636829512802702e-05,2.063682951280271e-06,0.0,False,90,False,shielded,v9_four_class_stateful_PD_shared_root_m1_marked_embryo_v1,nan,nan,nan,nan,nan,nan,nan,nan,nan,nan,100000000000000.0,68838.6591796875,nan,0.6103515625,2.0,0.001,1.0,emission,13098.721493975596,8.596370275629481e-28,1.4084293059565006e-27,2.018051068031,9.695438496698894e-23,custom,False,2.0336912292843157,,terminate,False,nan,1.0,2.040254632355081e-05,3.3427531896505644e-05,0.0,0,active,2.302585092994046,nan,nan,nan,1000000,1.0,inf,False,0,0.0,1.0,0.0,0.0,0,6.568718666053174e-37,0,0.0,0.0,0.0,0.0,0.0,inf,0.0,0.0,0.0,0.0,0.0,0.0,inf,inf,0.0,0.0,inf,8.601952570068813e-19,1.146186604881873e-18,4.139731506171385e-15,False,9072260690.281586,0.0,0.0,3741.9095810948684,0.0,0.0,0,0,0,0,0.0,0,0,False,0,0.0,False,False,False,False,False,False,False,False,False,False,False,0.0,0.15907029549410637,1867.4460964405084,0,0.0,False,-1,0,0,0,3804,0,0,0.0,21,1.141662642206792e-20,4495555555.555555,3.1159976021192964e-12,1000000000000.0,1000000000000.0,0.0005987445183220907,1.0,49.89537652684091,0.00014991623455953818,-1.0024493102302374e-05,9142571904.093712,2023.0,0.0,0.0,0.0,0.0,0.0,0.0,0
0.0,-3.1764872262068367e-16,2.301126877350192,0.0,0.1001459279357264,2.0636829512802702e-05,2.063682951280271e-06,0.0,False,91,False,shielded,v9_four_class_stateful_PD_shared_root_m1_marked_embryo_v1,nan,nan,nan,nan,nan,nan,nan,nan,nan,nan,100000000000000.0,68839.26953125,nan,0.6103515625,2.0,0.001,1.0,emission,13098.721493975596,8.596370275629481e-28,1.4084293059565006e-27,2.018051068031,9.695524460401651e-23,custom,False,2.0336912292843157,,terminate,False,nan,1.0,2.040254632355081e-05,3.3427531896505644e-05,0.0,0,active,2.302585092994046,nan,nan,nan,1000000,1.0,inf,False,0,0.0,1.0,0.0,0.0,0,6.568718666053174e-37,0,0.0,0.0,0.0,0.0,0.0,inf,0.0,0.0,0.0,0.0,0.0,0.0,inf,inf,0.0,0.0,inf,8.601952570068813e-19,1.146186604881873e-18,4.139731506171385e-15,False,9072260690.281586,0.0,0.0,3741.9095810948684,0.0,0.0,0,0,0,0,0.0,0,0,False,0,0.0,False,False,False,False,False,False,False,False,False,False,False,0.0,0.15907029549410637,1867.4460964405084,0,0.0,False,-1,0,0,0,3804,0,0,0.0,20,1.1416727646523168e-20,4495555555.555555,3.116024976231246e-12,1000000000000.0,1000000000000.0,0.0005987445183220907,1.0,49.89537652684091,0.00014991623455953818,-1.0024493102302374e-05,9142571904.093712,2023.0,0.0,0.0,0.0,0.0,0.0,0.0,0
0.0,-3.176515929632586e-16,2.301147279896516,0.0,0.10014388472463595,2.0636829512802702e-05,2.063682951280271e-06,0.0,False,92,False,shielded,v9_four_class_stateful_PD_shared_root_m1_marked_embryo_v1,nan,nan,nan,nan,nan,nan,nan,nan,nan,nan,100000000000000.0,68839.8798828125,nan,0.6103515625,2.0,0.001,1.0,emission,13098.721493975596,8.596370275629481e-28,1.4084293059565006e-27,2.018051068031,9.695610424104407e-23,custom,False,2.0336912292843157,,terminate,False,nan,1.0,2.040254632355081e-05,3.3427531896505644e-05,4.440892098500626e-16,0,active,2.302585092994046,nan,nan,nan,1000000,1.0,inf,False,0,0.0,1.0,0.0,0.0,0,5.596974159190968e-37,0,0.0,0.0,0.0,0.0,0.0,inf,0.0,0.0,0.0,0.0,0.0,0.0,inf,inf,0.0,0.0,inf,8.601952570068813e-19,1.0580145707116672e-18,4.139731506171385e-15,False,9072260690.281586,0.0,0.0,3741.9095810948684,0.0,0.0,0,0,0,0,0.0,0,0,False,0,0.0,False,False,False,False,False,False,False,False,False,False,False,0.0,0.15907029549410637,1867.4460964405084,0,0.0,False,-1,0,0,0,3804,0,0,0.0,21,1.1416828870978416e-20,4495555555.555555,3.116052508635772e-12,1000000000000.0,1000000000000.0,0.0005987445183220907,1.0,49.89537652684091,0.00014991623455953818,-1.0024493102302374e-05,9142571904.093712,2023.0,0.0,0.0,0.0,0.0,0.0,0.0,0
0.0,-3.176543854474584e-16,2.301167682442839,0.0,0.10014184155523188,2.0636829512802702e-05,2.063682951280271e-06,0.0,False,93,False,shielded,v9_four_class_stateful_PD_shared_root_m1_marked_embryo_v1,nan,nan,nan,nan,nan,nan,nan,nan,nan,nan,100000000000000.0,68840.490234375,nan,0.6103515625,2.0,0.001,1.0,emission,13098.721493975596,8.596370275629481e-28,1.4084293059565006e-27,2.018051068031,9.695696387807163e-23,custom,False,2.0336912292843157,,terminate,False,nan,1.0,2.040254632355081e-05,3.3427531896505644e-05,4.440892098500626e-16,0,active,2.302585092994046,nan,nan,nan,1000000,1.0,inf,False,0,0.0,1.0,0.0,0.0,0,6.568718666053174e-37,0,0.0,0.0,0.0,0.0,0.0,inf,0.0,0.0,0.0,0.0,0.0,0.0,inf,inf,0.0,0.0,inf,8.601952570068813e-19,1.146186604881873e-18,4.139731506171385e-15,False,9072260690.281586,0.0,0.0,3741.9095810948684,0.0,0.0,0,0,0,0,0.0,0,0,False,0,0.0,False,False,False,False,False,False,False,False,False,False,False,0.0,0.15907029549410637,1867.4460964405084,0,0.0,False,-1,0,0,0,3804,0,0,0.0,20,1.1416930095433664e-20,4495555555.555555,3.1160802524470046e-12,1000000000000.0,1000000000000.0,0.0005987445183220907,1.0,49.89537652684091,0.00014991623455953818,-1.0024493102302374e-05,9142571904.093712,2023.0,0.0,0.0,0.0,0.0,0.0,0.0,0
0.0,-3.176572693092665e-16,2.301188084989163,0.0,0.10013979842751317,2.0636829512802702e-05,2.063682951280271e-06,0.0,False,94,False,shielded,v9_four_class_stateful_PD_shared_root_m1_marked_embryo_v1,nan,nan,nan,nan,nan,nan,nan,nan,nan,nan,100000000000000.0,68841.1005859375,nan,0.6103515625,2.0,0.001,1.0,emission,13098.721493975596,8.596370275629481e-28,1.4084293059565006e-27,2.018051068031,9.69578235150992e-23,custom,False,2.0336912292843157,,terminate,False,nan,1.0,2.040254632355081e-05,3.3427531896505644e-05,4.440892098500626e-16,0,active,2.302585092994046,nan,nan,nan,1000000,1.0,inf,False,0,0.0,1.0,0.0,0.0,0,6.217367341340292e-37,0,0.0,0.0,0.0,0.0,0.0,inf,0.0,0.0,0.0,0.0,0.0,0.0,inf,inf,0.0,0.0,inf,8.601952570068813e-19,1.1151114151814868e-18,4.139731506171385e-15,False,9072260690.281586,0.0,0.0,3741.9095810948684,0.0,0.0,0,0,0,0,0.0,0,0,False,0,0.0,False,False,False,False,False,False,False,False,False,False,False,0.0,0.15907029549410637,1867.4460964405084,0,0.0,False,-1,0,0,0,3804,0,0,0.0,21,1.1417031319888913e-20,4495555555.555555,3.116107789368e-12,1000000000000.0,1000000000000.0,0.0005987445183220907,1.0,49.89537652684091,0.00014991623455953818,-1.0024493102302374e-05,9142571904.093712,2023.0,0.0,0.0,0.0,0.0,0.0,0.0,0
0.0,-3.1766013567103476e-16,2.301208487535486,0.0,0.10013775534147912,2.0636829512802702e-05,2.063682951280271e-06,0.0,False,95,False,shielded,v9_four_class_stateful_PD_shared_root_m1_marked_embryo_v1,nan,nan,nan,nan,nan,nan,nan,nan,nan,nan,100000000000000.0,68841.7109375,nan,0.6103515625,2.0,0.001,1.0,emission,13098.721493975596,8.596370275629481e-28,1.4084293059565006e-27,2.018051068031,9.695868315212676e-23,custom,False,2.0336912292843157,,terminate,False,nan,1.0,2.040254632355081e-05,3.3427531896505644e-05,4.440892098500626e-16,0,active,2.302585092994046,nan,nan,nan,1000000,1.0,inf,False,0,0.0,1.0,0.0,0.0,0,6.568718666053267e-37,0,0.0,0.0,0.0,0.0,0.0,inf,0.0,0.0,0.0,0.0,0.0,0.0,inf,inf,0.0,0.0,inf,8.601952570068813e-19,1.1461866048818811e-18,4.139731506171385e-15,False,9072260690.281586,0.0,0.0,3741.9095810948684,0.0,0.0,0,0,0,0,0.0,0,0,False,0,0.0,False,False,False,False,False,False,False,False,False,False,False,0.0,0.15907029549410637,1867.4460964405084,0,0.0,False,-1,0,0,0,3804,0,0,0.0,20,1.1417132544344161e-20,4495555555.555555,3.116135513344981e-12,1000000000000.0,1000000000000.0,0.0005987445183220907,1.0,49.89537652684091,0.00014991623455953818,-1.0024493102302374e-05,9142571904.093712,2023.0,0.0,0.0,0.0,0.0,0.0,0.0,0
0.0,-3.176629160318687e-16,2.30122889008181,0.0,0.10013571229712871,2.0636829512802702e-05,2.063682951280271e-06,0.0,False,96,False,shielded,v9_four_class_stateful_PD_shared_root_m1_marked_embryo_v1,nan,nan,nan,nan,nan,nan,nan,nan,nan,nan,100000000000000.0,68842.3212890625,nan,0.6103515625,2.0,0.001,1.0,emission,13098.721493975596,8.596370275629481e-28,1.4084293059565006e-27,2.018051068031,9.695954278915432e-23,custom,False,2.0336912292843157,,terminate,False,nan,1.0,2.040254632355081e-05,3.3427531896505644e-05,4.440892098500626e-16,0,active,2.302585092994046,nan,nan,nan,1000000,1.0,inf,False,0,0.0,1.0,0.0,0.0,0,6.568718666053174e-37,0,0.0,0.0,0.0,0.0,0.0,inf,0.0,0.0,0.0,0.0,0.0,0.0,inf,inf,0.0,0.0,inf,8.601952570068813e-19,1.146186604881873e-18,4.139731506171385e-15,False,9072260690.281586,0.0,0.0,3741.9095810948684,0.0,0.0,0,0,0,0,0.0,0,0,False,0,0.0,False,False,False,False,False,False,False,False,False,False,False,0.0,0.15907029549410637,1867.4460964405084,0,0.0,False,-1,0,0,0,3804,0,0,0.0,21,1.1417233768799409e-20,4495555555.555555,3.1161629845123283e-12,1000000000000.0,1000000000000.0,0.0005987445183220907,1.0,49.89537652684091,0.00014991623455953818,-1.0024493102302374e-05,9142571904.093712,2023.0,0.0,0.0,0.0,0.0,0.0,0.0,0
0.0,-3.1766575594970675e-16,2.3012492926281336,0.0,0.10013366929446123,2.0636829512802702e-05,2.063682951280271e-06,0.0,False,97,False,shielded,v9_four_class_stateful_PD_shared_root_m1_marked_embryo_v1,nan,nan,nan,nan,nan,nan,nan,nan,nan,nan,100000000000000.0,68842.931640625,nan,0.6103515625,2.0,0.001,1.0,emission,13098.721493975596,8.596370275629481e-28,1.4084293059565006e-27,2.018051068031,9.696040242618188e-23,custom,False,2.0336912292843157,,terminate,False,nan,1.0,2.040254632355081e-05,3.3427531896505644e-05,0.0,0,active,2.302585092994046,nan,nan,nan,1000000,1.0,inf,False,0,0.0,1.0,0.0,0.0,0,5.05787654418186e-37,0,0.0,0.0,0.0,0.0,0.0,inf,0.0,0.0,0.0,0.0,0.0,0.0,inf,inf,0.0,0.0,inf,8.601952570068813e-19,1.005771002185076e-18,4.139731506171385e-15,False,9072260690.281586,0.0,0.0,3741.9095810948684,0.0,0.0,0,0,0,0,0.0,0,0,False,0,0.0,False,False,False,False,False,False,False,False,False,False,False,0.0,0.15907029549410637,1867.4460964405084,0,0.0,False,-1,0,0,0,3804,0,0,0.0,20,1.1417334993254657e-20,4495555555.555555,3.1161906520368723e-12,1000000000000.0,1000000000000.0,0.0005987445183220907,1.0,49.89537652684091,0.00014991623455953818,-1.0024493102302374e-05,9142571904.093712,2023.0,0.0,0.0,0.0,0.0,0.0,0.0,0
0.0,-3.1766855238886385e-16,2.301269695174457,0.0,0.10013162633347578,2.0636829512802702e-05,2.063682951280271e-06,0.0,False,98,False,shielded,v9_four_class_stateful_PD_shared_root_m1_marked_embryo_v1,nan,nan,nan,nan,nan,nan,nan,nan,nan,nan,100000000000000.0,68843.5419921875,nan,0.6103515625,2.0,0.001,1.0,emission,13098.721493975596,8.596370275629481e-28,1.4084293059565006e-27,2.018051068031,9.696126206320945e-23,custom,False,2.0336912292843157,,terminate,False,nan,1.0,2.040254632355081e-05,3.3427531896505644e-05,0.0,0,active,2.302585092994046,nan,nan,nan,1000000,1.0,inf,False,0,0.0,1.0,0.0,0.0,0,6.568718666053174e-37,0,0.0,0.0,0.0,0.0,0.0,inf,0.0,0.0,0.0,0.0,0.0,0.0,inf,inf,0.0,0.0,inf,8.601952570068813e-19,1.146186604881873e-18,4.139731506171385e-15,False,9072260690.281586,0.0,0.0,3741.9095810948684,0.0,0.0,0,0,0,0,0.0,0,0,False,0,0.0,False,False,False,False,False,False,False,False,False,False,False,0.0,0.15907029549410637,1867.4460964405084,0,0.0,False,-1,0,0,0,3804,0,0,0.0,21,1.1417436217709905e-20,4495555555.555555,3.1162180856714308e-12,1000000000000.0,1000000000000.0,0.0005987445183220907,1.0,49.89537652684091,0.00014991623455953818,-1.0024493102302374e-05,9142571904.093712,2023.0,0.0,0.0,1.1479437019748901e-33,1.1479437019748901e-33,0.0,0.0,0
0.0,-3.17671286065692e-16,2.3012900977207806,0.0,0.10012958341417151,2.0636829512802702e-05,2.063682951280271e-06,0.0,False,99,False,shielded,v9_four_class_stateful_PD_shared_root_m1_marked_embryo_v1,nan,nan,nan,nan,nan,nan,nan,nan,nan,nan,100000000000000.0,68844.15234375,nan,0.6103515625,2.0,0.001,1.0,emission,13098.721493975596,8.596370275629481e-28,1.4084293059565006e-27,2.018051068031,9.696212170023701e-23,custom,False,2.0336912292843157,,terminate,False,nan,1.0,2.040254632355081e-05,3.3427531896505644e-05,0.0,0,active,2.302585092994046,nan,nan,nan,1000000,1.0,inf,False,0,0.0,1.0,0.0,0.0,0,6.560836497404299e-37,0,0.0,0.0,0.0,0.0,0.0,inf,0.0,0.0,0.0,0.0,0.0,0.0,inf,inf,0.0,0.0,inf,8.601952570068813e-19,1.1454987121253607e-18,4.139731506171385e-15,False,9072260690.281586,0.0,0.0,3741.9095810948684,0.0,0.0,0,0,0,0,0.0,0,0,False,0,0.0,False,False,False,False,False,False,False,False,False,False,False,0.0,0.15907029549410637,1867.4460964405084,0,0.0,False,-1,0,0,0,3804,0,0,0.0,20,1.1417537442165154e-20,4495555555.555555,3.116245877122645e-12,1000000000000.0,1000000000000.0,0.0005987445183220907,1.0,49.89537652684091,0.00014991623455953818,-1.0024493102302374e-05,9142571904.093712,2023.0,0.0,0.0,0.0,0.0,0.0,0.0,0
0.0,-3.1767424114258093e-16,2.301310500267104,0.0,0.10012754053654757,2.0636829512802702e-05,2.063682951280271e-06,0.0,False,100,False,shielded,v9_four_class_stateful_PD_shared_root_m1_marked_embryo_v1,nan,nan,nan,nan,nan,nan,nan,nan,nan,nan,100000000000000.0,68844.7626953125,nan,0.6103515625,2.0,0.001,1.0,emission,13098.721493975596,8.596370275629481e-28,1.4084293059565006e-27,2.018051068031,9.696298133726457e-23,custom,False,2.0336912292843157,,terminate,False,nan,1.0,2.040254632355081e-05,3.3427531896505644e-05,0.0,0,active,2.302585092994046,nan,nan,nan,1000000,1.0,inf,False,0,0.0,1.0,0.0,0.0,0,6.568718666053174e-37,0,0.0,0.0,0.0,0.0,0.0,inf,0.0,0.0,0.0,0.0,0.0,0.0,inf,inf,0.0,0.0,inf,8.601952570068813e-19,1.146186604881873e-18,4.139731506171385e-15,False,9072260690.281586,0.0,0.0,3741.9095810948684,0.0,0.0,0,0,0,0,0.0,0,0,False,0,0.0,False,False,False,False,False,False,False,False,False,False,False,0.0,0.15907029549410637,1867.4460964405084,0,0.0,False,-1,0,0,0,3804,0,0,0.0,21,1.1417638666620402e-20,4495555555.555555,3.116273793774285e-12,1000000000000.0,1000000000000.0,0.0005987445183220907,1.0,49.89537652684091,0.00014991623455953818,-1.0024493102302374e-05,9142571904.093712,2023.0,0.0,0.0,0.0,0.0,0.0,0.0,0
0.0,-3.1767707415863074e-16,2.3013309028134277,0.0,0.10012549770060311,2.0636829512802702e-05,2.063682951280271e-06,0.0,False,101,False,shielded,v9_four_class_stateful_PD_shared_root_m1_marked_embryo_v1,nan,nan,nan,nan,nan,nan,nan,nan,nan,nan,100000000000000.0,68845.373046875,nan,0.6103515625,2.0,0.001,1.0,emission,13098.721493975596,8.596370275629481e-28,1.4084293059565006e-27,2.018051068031,9.696384097429214e-23,custom,False,2.0336912292843157,,terminate,False,nan,1.0,2.040254632355081e-05,3.3427531896505644e-05,0.0,0,active,2.302585092994046,nan,nan,nan,1000000,1.0,inf,False,0,0.0,1.0,0.0,0.0,0,6.568718666053174e-37,0,0.0,0.0,0.0,0.0,0.0,inf,0.0,0.0,0.0,0.0,0.0,0.0,inf,inf,0.0,0.0,inf,8.601952570068813e-19,1.146186604881873e-18,4.139731506171385e-15,False,9072260690.281586,0.0,0.0,3741.9095810948684,0.0,0.0,0,0,0,0,0.0,0,0,False,0,0.0,False,False,False,False,False,False,False,False,False,False,False,0.0,0.15907029549410637,1867.4460964405084,0,0.0,False,-1,0,0,0,3804,0,0,0.0,20,1.141773989107565e-20,4495555555.555555,3.1163013807287503e-12,1000000000000.0,1000000000000.0,0.0005987445183220907,1.0,49.89537652684091,0.00014991623455953818,-1.0024493102302374e-05,9142571904.093712,2023.0,0.0,0.0,0.0,0.0,0.0,0.0,0
0.0,-3.176799139213724e-16,2.301351305359751,0.0,0.10012345490633728,2.0636829512802702e-05,2.063682951280271e-06,0.0,False,102,False,shielded,v9_four_class_stateful_PD_shared_root_m1_marked_embryo_v1,nan,nan,nan,nan,nan,nan,nan,nan,nan,nan,100000000000000.0,68845.9833984375,nan,0.6103515625,2.0,0.001,1.0,emission,13098.721493975596,8.596370275629481e-28,1.4084293059565006e-27,2.018051068031,9.69647006113197e-23,custom,False,2.0336912292843157,,terminate,False,nan,1.0,2.040254632355081e-05,3.3427531896505644e-05,0.0,0,active,2.302585092994046,nan,nan,nan,1000000,1.0,inf,False,0,0.0,1.0,0.0,0.0,0,4.56201289678416e-37,0,0.0,0.0,0.0,0.0,0.0,inf,0.0,0.0,0.0,0.0,0.0,0.0,inf,inf,0.0,0.0,inf,8.601952570068813e-19,9.551976650708647e-19,4.139731506171385e-15,False,9072260690.281586,0.0,0.0,3741.9095810948684,0.0,0.0,0,0,0,0,0.0,0,0,False,0,0.0,False,False,False,False,False,False,False,False,False,False,False,0.0,0.15907029549410637,1867.4460964405084,0,0.0,False,-1,0,0,0,3804,0,0,0.0,21,1.1417841115530898e-20,4495555555.555555,3.1163287973653744e-12,1000000000000.0,1000000000000.0,0.0005987445183220907,1.0,49.89537652684091,0.00014991623455953818,-1.0024493102302374e-05,9142571904.093712,2023.0,0.0,0.0,0.0,0.0,0.0,0.0,0
0.0,-3.1768278705568194e-16,2.3013717079060747,0.0,0.10012141215374923,2.0636829512802702e-05,2.063682951280271e-06,0.0,False,103,False,shielded,v9_four_class_stateful_PD_shared_root_m1_marked_embryo_v1,nan,nan,nan,nan,nan,nan,nan,nan,nan,nan,100000000000000.0,68846.59375,nan,0.6103515625,2.0,0.001,1.0,emission,13098.721493975596,8.596370275629481e-28,1.4084293059565006e-27,2.018051068031,9.696556024834726e-23,custom,False,2.0336912292843157,,terminate,False,nan,1.0,2.040254632355081e-05,3.3427531896505644e-05,0.0,0,active,2.302585092994046,nan,nan,nan,1000000,1.0,inf,False,0,0.0,1.0,0.0,0.0,0,6.568718666053174e-37,0,0.0,0.0,0.0,0.0,0.0,inf,0.0,0.0,0.0,0.0,0.0,0.0,inf,inf,0.0,0.0,inf,8.601952570068813e-19,1.146186604881873e-18,4.139731506171385e-15,False,9072260690.281586,0.0,0.0,3741.9095810948684,0.0,0.0,0,0,0,0,0.0,0,0,False,0,0.0,False,False,False,False,False,False,False,False,False,False,False,0.0,0.15907029549410637,1867.4460964405084,0,0.0,False,-1,0,0,0,3804,0,0,0.0,20,1.1417942339986146e-20,4495555555.555555,3.116356130067068e-12,1000000000000.0,1000000000000.0,0.0005987445183220907,1.0,49.89537652684091,0.00014991623455953818,-1.0024493102302374e-05,9142571904.093712,2023.0,0.0,0.0,0.0,0.0,0.0,0.0,0
0.0,-3.1768547802931094e-16,2.301392110452398,0.0,0.10011936944283811,2.0636829512802702e-05,2.063682951280271e-06,0.0,False,104,False,shielded,v9_four_class_stateful_PD_shared_root_m1_marked_embryo_v1,nan,nan,nan,nan,nan,nan,nan,nan,nan,nan,100000000000000.0,68847.2041015625,nan,0.6103515625,2.0,0.001,1.0,emission,13098.721493975596,8.596370275629481e-28,1.4084293059565006e-27,2.018051068031,9.696641988537483e-23,custom,False,2.0336912292843157,,terminate,False,nan,1.0,2.040254632355081e-05,3.3427531896505644e-05,0.0,0,active,2.302585092994046,nan,nan,nan,1000000,1.0,inf,False,0,0.0,1.0,0.0,0.0,0,6.568718666053174e-37,0,0.0,0.0,0.0,0.0,0.0,inf,0.0,0.0,0.0,0.0,0.0,0.0,inf,inf,0.0,0.0,inf,8.601952570068813e-19,1.146186604881873e-18,4.139731506171385e-15,False,9072260690.281586,0.0,0.0,3741.9095810948684,0.0,0.0,0,0,0,0,0.0,0,0,False,0,0.0,False,False,False,False,False,False,False,False,False,False,False,0.0,0.15907029549410637,1867.4460964405084,0,0.0,False,-1,0,0,0,3804,0,0,0.0,20,1.1418043564441395e-20,4495555555.555555,3.116383596293314e-12,1000000000000.0,1000000000000.0,0.0005987445183220907,1.0,49.89537652684091,0.00014991623455953818,-1.0024493102302374e-05,9142571904.093712,2023.0,0.0,0.0,0.0,0.0,0.0,0.0,0
0.0,-3.176882243206434e-16,2.3014125129987217,0.0,0.10011732677360308,2.0636829512802702e-05,2.063682951280271e-06,0.0,False,105,False,shielded,v9_four_class_stateful_PD_shared_root_m1_marked_embryo_v1,nan,nan,nan,nan,nan,nan,nan,nan,nan,nan,100000000000000.0,68847.814453125,nan,0.6103515625,2.0,0.001,1.0,emission,13098.721493975596,8.596370275629481e-28,1.4084293059565006e-27,2.018051068031,9.696727952240239e-23,custom,False,2.0336912292843157,,terminate,False,nan,1.0,2.040254632355081e-05,3.3427531896505644e-05,0.0,0,active,2.302585092994046,nan,nan,nan,1000000,1.0,inf,False,0,0.0,1.0,0.0,0.0,0,6.264175881406604e-37,0,0.0,0.0,0.0,0.0,0.0,inf,0.0,0.0,0.0,0.0,0.0,0.0,inf,inf,0.0,0.0,inf,8.601952570068813e-19,1.1193011999820785e-18,4.139731506171385e-15,False,9072260690.281586,0.0,0.0,3741.9095810948684,0.0,0.0,0,0,0,0,0.0,0,0,False,0,0.0,False,False,False,False,False,False,False,False,False,False,False,0.0,0.15907029549410637,1867.4460964405084,0,0.0,False,-1,0,0,0,3804,0,0,0.0,21,1.1418144788896643e-20,4495555555.555555,3.116411921679418e-12,1000000000000.0,1000000000000.0,0.0005987445183220907,1.0,49.89537652684091,0.00014991623455953818,-1.0024493102302374e-05,9142571904.093712,2023.0,0.0,0.0,0.0,0.0,0.0,0.0,0
0.0,-3.176910230086978e-16,2.3014329155450453,0.0,0.10011528414604326,2.0636829512802702e-05,2.063682951280271e-06,0.0,False,106,False,shielded,v9_four_class_stateful_PD_shared_root_m1_marked_embryo_v1,nan,nan,nan,nan,nan,nan,nan,nan,nan,nan,100000000000000.0,68848.4248046875,nan,0.6103515625,2.0,0.001,1.0,emission,13098.721493975596,8.596370275629481e-28,1.4084293059565006e-27,2.018051068031,9.696813915942995e-23,custom,False,2.0336912292843157,,terminate,False,nan,1.0,2.040254632355081e-05,3.3427531896505644e-05,0.0,0,active,2.302585092994046,nan,nan,nan,1000000,1.0,inf,False,0,0.0,1.0,0.0,0.0,0,6.568718666053174e-37,0,0.0,0.0,0.0,0.0,0.0,inf,0.0,0.0,0.0,0.0,0.0,0.0,inf,inf,0.0,0.0,inf,8.601952570068813e-19,1.146186604881873e-18,4.139731506171385e-15,False,9072260690.281586,0.0,0.0,3741.9095810948684,0.0,0.0,0,0,0,0,0.0,0,0,False,0,0.0,False,False,False,False,False,False,False,False,False,False,False,0.0,0.15907029549410637,1867.4460964405084,0,0.0,False,-1,0,0,0,3804,0,0,0.0,20,1.1418246013351891e-20,4495555555.555555,3.1164396492850237e-12,1000000000000.0,1000000000000.0,0.0005987445183220907,1.0,49.89537652684091,0.00014991623455953818,-1.0024493102302374e-05,9142571904.093712,2023.0,0.0,0.0,0.0,0.0,0.0,0.0,0
0.0,-3.176937868000701e-16,2.3014533180913688,0.0,0.10011324156015783,2.0636829512802702e-05,2.063682951280271e-06,0.0,False,107,False,shielded,v9_four_class_stateful_PD_shared_root_m1_marked_embryo_v1,nan,nan,nan,nan,nan,nan,nan,nan,nan,nan,100000000000000.0,68849.03515625,nan,0.6103515625,2.0,0.001,1.0,emission,13098.721493975596,8.596370275629481e-28,1.4084293059565006e-27,2.018051068031,9.696899879645751e-23,custom,False,2.0336912292843157,,terminate,False,nan,1.0,2.040254632355081e-05,3.3427531896505644e-05,0.0,0,active,2.302585092994046,nan,nan,nan,1000000,1.0,inf,False,0,0.0,1.0,0.0,0.0,0,4.671733889989883e-37,0,0.0,0.0,0.0,0.0,0.0,inf,0.0,0.0,0.0,0.0,0.0,0.0,inf,inf,0.0,0.0,inf,8.601952570068813e-19,9.666161482191246e-19,4.139731506171385e-15,False,9072260690.281586,0.0,0.0,3741.9095810948684,0.0,0.0,0,0,0,0,0.0,0,0,False,0,0.0,False,False,False,False,False,False,False,False,False,False,False,0.0,0.15907029549410637,1867.4460964405084,0,0.0,False,-1,0,0,0,3804,0,0,0.0,21,1.141834723780714e-20,4495555555.555555,3.1164672741228614e-12,1000000000000.0,1000000000000.0,0.0005987445183220907,1.0,49.89537652684091,0.00014991623455953818,-1.0024493102302374e-05,9142571904.093712,2023.0,0.0,0.0,0.0,0.0,0.0,0.0,0
0.0,-3.1769665000821227e-16,2.3014737206376923,0.0,0.10011119901594592,2.0636829512802702e-05,2.063682951280271e-06,0.0,False,108,False,shielded,v9_four_class_stateful_PD_shared_root_m1_marked_embryo_v1,nan,nan,nan,nan,nan,nan,nan,nan,nan,nan,100000000000000.0,68849.6455078125,nan,0.6103515625,2.0,0.001,1.0,emission,13098.721493975596,8.596370275629481e-28,1.4084293059565006e-27,2.018051068031,9.696985843348508e-23,custom,False,2.0336912292843157,,terminate,False,nan,1.0,2.040254632355081e-05,3.3427531896505644e-05,0.0,0,active,2.302585092994046,nan,nan,nan,1000000,1.0,inf,False,0,0.0,1.0,0.0,0.0,0,6.568718666053174e-37,0,0.0,0.0,0.0,0.0,0.0,inf,0.0,0.0,0.0,0.0,0.0,0.0,inf,inf,0.0,0.0,inf,8.601952570068813e-19,1.146186604881873e-18,4.139731506171385e-15,False,9072260690.281586,0.0,0.0,3741.9095810948684,0.0,0.0,0,0,0,0,0.0,0,0,False,0,0.0,False,False,False,False,False,False,False,False,False,False,False,0.0,0.15907029549410637,1867.4460964405084,0,0.0,False,-1,0,0,0,3804,0,0,0.0,20,1.1418448462262388e-20,4495555555.555555,3.1164949860045308e-12,1000000000000.0,1000000000000.0,0.0005987445183220907,1.0,49.89537652684091,0.00014991623455953818,-1.0024493102302374e-05,9142571904.093712,2023.0,0.0,0.0,7.174648137343063e-35,7.174648137343063e-35,0.0,0.0,0
0.0,-3.1769950254055465e-16,2.301494123184016,0.0,0.1001091565134067,2.0636829512802702e-05,2.063682951280271e-06,0.0,False,109,False,shielded,v9_four_class_stateful_PD_shared_root_m1_marked_embryo_v1,nan,nan,nan,nan,nan,nan,nan,nan,nan,nan,100000000000000.0,68850.255859375,nan,0.6103515625,2.0,0.001,1.0,emission,13098.721493975596,8.596370275629481e-28,1.4084293059565006e-27,2.018051068031,9.697071807051264e-23,custom,False,2.0336912292843157,,terminate,False,nan,1.0,2.040254632355081e-05,3.3427531896505644e-05,0.0,0,active,2.302585092994046,nan,nan,nan,1000000,1.0,inf,False,0,0.0,1.0,0.0,0.0,0,6.568718666053174e-37,0,0.0,0.0,0.0,0.0,0.0,inf,0.0,0.0,0.0,0.0,0.0,0.0,inf,inf,0.0,0.0,inf,8.601952570068813e-19,1.146186604881873e-18,4.139731506171385e-15,False,9072260690.281586,0.0,0.0,3741.9095810948684,0.0,0.0,0,0,0,0,0.0,0,0,False,0,0.0,False,False,False,False,False,False,False,False,False,False,False,0.0,0.15907029549410637,1867.4460964405084,0,0.0,False,-1,0,0,0,3804,0,0,0.0,21,1.1418549686717636e-20,4495555555.555555,3.116522570985387e-12,1000000000000.0,1000000000000.0,0.0005987445183220907,1.0,49.89537652684091,0.00014991623455953818,-1.0024493102302374e-05,9142571904.093712,2023.0,0.0,0.0,0.0,0.0,0.0,0.0,0
0.0,-3.1770237588165933e-16,2.3015145257303398,0.0,0.10010711405253925,2.0636829512802702e-05,2.063682951280271e-06,0.0,False,110,False,shielded,v9_four_class_stateful_PD_shared_root_m1_marked_embryo_v1,nan,nan,nan,nan,nan,nan,nan,nan,nan,nan,100000000000000.0,68850.8662109375,nan,0.6103515625,2.0,0.001,1.0,emission,13098.721493975596,8.596370275629481e-28,1.4084293059565006e-27,2.018051068031,9.69715777075402e-23,custom,False,2.0336912292843157,,terminate,False,nan,1.0,2.040254632355081e-05,3.3427531896505644e-05,4.440892098500626e-16,0,active,2.302585092994046,nan,nan,nan,1000000,1.0,inf,False,0,0.0,1.0,0.0,0.0,0,5.744710687018712e-37,0,0.0,0.0,0.0,0.0,0.0,inf,0.0,0.0,0.0,0.0,0.0,0.0,inf,inf,0.0,0.0,inf,8.601952570068813e-19,1.0718871850170345e-18,4.139731506171385e-15,False,9072260690.281586,0.0,0.0,3741.9095810948684,0.0,0.0,0,0,0,0,0.0,0,0,False,0,0.0,False,False,False,False,False,False,False,False,False,False,False,0.0,0.15907029549410637,1867.4460964405084,0,0.0,False,-1,0,0,0,3804,0,0,0.0,20,1.1418650911172884e-20,4495555555.555555,3.11655011636335e-12,1000000000000.0,1000000000000.0,0.0005987445183220907,1.0,49.89537652684091,0.00014991623455953818,-1.0024493102302374e-05,9142571904.093712,2023.0,0.0,0.0,0.0,0.0,0.0,0.0,0
0.0,-3.177050622023974e-16,2.301534928276663,0.0,0.10010507163334287,2.0636829512802702e-05,2.063682951280271e-06,0.0,False,111,False,shielded,v9_four_class_stateful_PD_shared_root_m1_marked_embryo_v1,nan,nan,nan,nan,nan,nan,nan,nan,nan,nan,100000000000000.0,68851.4765625,nan,0.6103515625,2.0,0.001,1.0,emission,13098.721493975596,8.596370275629481e-28,1.4084293059565006e-27,2.018051068031,9.697243734456777e-23,custom,False,2.0336912292843157,,terminate,False,nan,1.0,2.040254632355081e-05,3.3427531896505644e-05,4.440892098500626e-16,0,active,2.302585092994046,nan,nan,nan,1000000,1.0,inf,False,0,0.0,1.0,0.0,0.0,0,6.568718666053174e-37,0,0.0,0.0,0.0,0.0,0.0,inf,0.0,0.0,0.0,0.0,0.0,0.0,inf,inf,0.0,0.0,inf,8.601952570068813e-19,1.146186604881873e-18,4.139731506171385e-15,False,9072260690.281586,0.0,0.0,3741.9095810948684,0.0,0.0,0,0,0,0,0.0,0,0,False,0,0.0,False,False,False,False,False,False,False,False,False,False,False,0.0,0.15907029549410637,1867.4460964405084,0,0.0,False,-1,0,0,0,3804,0,0,0.0,21,1.1418752135628132e-20,4495555555.555555,3.1165777401098214e-12,1000000000000.0,1000000000000.0,0.0005987445183220907,1.0,49.89537652684091,0.00014991623455953818,-1.0024493102302374e-05,9142571904.093712,2023.0,0.0,0.0,8.968310171678829e-36,8.968310171678829e-36,0.0,0.0,0
0.0,-3.177079313559002e-16,2.3015553308229864,0.0,0.10010302925581657,2.0636829512802702e-05,2.063682951280271e-06,0.0,False,112,False,shielded,v9_four_class_stateful_PD_shared_root_m1_marked_embryo_v1,nan,nan,nan,nan,nan,nan,nan,nan,nan,nan,100000000000000.0,68852.0869140625,nan,0.6103515625,2.0,0.001,1.0,emission,13098.721493975596,8.596370275629481e-28,1.4084293059565006e-27,2.018051068031,9.697329698159533e-23,custom,False,2.0336912292843157,,terminate,False,nan,1.0,2.040254632355081e-05,3.3427531896505644e-05,0.0,0,active,2.302585092994046,nan,nan,nan,1000000,1.0,inf,False,0,0.0,1.0,0.0,0.0,0,5.985907939277178e-37,0,0.0,0.0,0.0,0.0,0.0,inf,0.0,0.0,0.0,0.0,0.0,0.0,inf,inf,0.0,0.0,inf,8.601952570068813e-19,1.0941579355172797e-18,4.139731506171385e-15,False,9072260690.281586,0.0,0.0,3741.9095810948684,0.0,0.0,0,0,0,0,0.0,0,0,False,0,0.0,False,False,False,False,False,False,False,False,False,False,False,0.0,0.15907029549410637,1867.4460964405084,0,0.0,False,-1,0,0,0,3804,0,0,0.0,20,1.141885336008338e-20,4495555555.555555,3.1166054359469306e-12,1000000000000.0,1000000000000.0,0.0005987445183220907,1.0,49.89537652684091,0.00014991623455953818,-1.0024493102302374e-05,9142571904.093712,2023.0,0.0,0.0,0.0,0.0,0.0,0.0,0
0.0,-3.1771075054252415e-16,2.30157573336931,0.0,0.10010098691995956,2.0636829512802702e-05,2.063682951280271e-06,0.0,False,113,False,shielded,v9_four_class_stateful_PD_shared_root_m1_marked_embryo_v1,nan,nan,nan,nan,nan,nan,nan,nan,nan,nan,100000000000000.0,68852.697265625,nan,0.6103515625,2.0,0.001,1.0,emission,13098.721493975596,8.596370275629481e-28,1.4084293059565006e-27,2.018051068031,9.697415661862289e-23,custom,False,2.0336912292843157,,terminate,False,nan,1.0,2.040254632355081e-05,3.3427531896505644e-05,0.0,0,active,2.302585092994046,nan,nan,nan,1000000,1.0,inf,False,0,0.0,1.0,0.0,0.0,0,6.568718666053174e-37,0,0.0,0.0,0.0,0.0,0.0,inf,0.0,0.0,0.0,0.0,0.0,0.0,inf,inf,0.0,0.0,inf,8.601952570068813e-19,1.146186604881873e-18,4.139731506171385e-15,False,9072260690.281586,0.0,0.0,3741.9095810948684,0.0,0.0,0,0,0,0,0.0,0,0,False,0,0.0,False,False,False,False,False,False,False,False,False,False,False,0.0,0.15907029549410637,1867.4460964405084,0,0.0,False,-1,0,0,0,3804,0,0,0.0,21,1.1418954584538629e-20,4495555555.555555,3.116632652045631e-12,1000000000000.0,1000000000000.0,0.0005987445183220907,1.0,49.89537652684091,0.00014991623455953818,-1.0024493102302374e-05,9142571904.093712,2023.0,0.0,0.0,0.0,0.0,0.0,0.0,0
0.0,-3.177136337839468e-16,2.3015961359156334,0.0,0.10009894462577096,2.0636829512802702e-05,2.063682951280271e-06,0.0,False,114,False,shielded,v9_four_class_stateful_PD_shared_root_m1_marked_embryo_v1,nan,nan,nan,nan,nan,nan,nan,nan,nan,nan,100000000000000.0,68853.3076171875,nan,0.6103515625,2.0,0.001,1.0,emission,13098.721493975596,8.596370275629481e-28,1.4084293059565006e-27,2.018051068031,9.697501625565045e-23,custom,False,2.0336912292843157,,terminate,False,nan,1.0,2.040254632355081e-05,3.3427531896505644e-05,0.0,0,active,2.302585092994046,nan,nan,nan,1000000,1.0,inf,False,0,0.0,1.0,0.0,0.0,0,6.568718666053174e-37,0,0.0,0.0,0.0,0.0,0.0,inf,0.0,0.0,0.0,0.0,0.0,0.0,inf,inf,0.0,0.0,inf,8.601952570068813e-19,1.146186604881873e-18,4.139731506171385e-15,False,9072260690.281586,0.0,0.0,3741.9095810948684,0.0,0.0,0,0,0,0,0.0,0,0,False,0,0.0,False,False,False,False,False,False,False,False,False,False,False,0.0,0.15907029549410637,1867.4460964405084,0,0.0,False,-1,0,0,0,3804,0,0,0.0,20,1.1419055808993877e-20,4495555555.555555,3.116660461443866e-12,1000000000000.0,1000000000000.0,0.0005987445183220907,1.0,49.89537652684091,0.00014991623455953818,-1.0024493102302374e-05,9142571904.093712,2023.0,0.0,0.0,0.0,0.0,0.0,0.0,0
0.0,-3.1771635135660235e-16,2.3016165384619574,0.0,0.1000969023732499,2.0636829512802702e-05,2.063682951280271e-06,0.0,False,115,False,shielded,v9_four_class_stateful_PD_shared_root_m1_marked_embryo_v1,nan,nan,nan,nan,nan,nan,nan,nan,nan,nan,100000000000000.0,68853.91796875,nan,0.6103515625,2.0,0.001,1.0,emission,13098.721493975596,8.596370275629481e-28,1.4084293059565006e-27,2.018051068031,9.697587589267802e-23,custom,False,2.0336912292843157,,terminate,False,nan,1.0,2.040254632355081e-05,3.3427531896505644e-05,4.440892098500626e-16,0,active,2.302585092994046,nan,nan,nan,1000000,1.0,inf,False,0,0.0,1.0,0.0,0.0,0,5.1967661843792365e-37,0,0.0,0.0,0.0,0.0,0.0,inf,0.0,0.0,0.0,0.0,0.0,0.0,inf,inf,0.0,0.0,inf,8.601952570068813e-19,1.0194867516921677e-18,4.139731506171385e-15,False,9072260690.281586,0.0,0.0,3741.9095810948684,0.0,0.0,0,0,0,0,0.0,0,0,False,0,0.0,False,False,False,False,False,False,False,False,False,False,False,0.0,0.15907029549410637,1867.4460964405084,0,0.0,False,-1,0,0,0,3804,0,0,0.0,21,1.1419157033449125e-20,4495555555.555555,3.116687790146519e-12,1000000000000.0,1000000000000.0,0.0005987445183220907,1.0,49.89537652684091,0.00014991623455953818,-1.0024493102302374e-05,9142571904.093712,2023.0,0.0,0.0,0.0,0.0,0.0,0.0,0
0.0,-3.1771926962395405e-16,2.3016369410082804,0.0,0.10009486016239566,2.0636829512802702e-05,2.063682951280271e-06,0.0,False,116,False,shielded,v9_four_class_stateful_PD_shared_root_m1_marked_embryo_v1,nan,nan,nan,nan,nan,nan,nan,nan,nan,nan,100000000000000.0,68854.5283203125,nan,0.6103515625,2.0,0.001,1.0,emission,13098.721493975596,8.596370275629481e-28,1.4084293059565006e-27,2.018051068031,9.697673552970558e-23,custom,False,2.0336912292843157,,terminate,False,nan,1.0,2.040254632355081e-05,3.3427531896505644e-05,4.440892098500626e-16,0,active,2.302585092994046,nan,nan,nan,1000000,1.0,inf,False,0,0.0,1.0,0.0,0.0,0,6.568718666053174e-37,0,0.0,0.0,0.0,0.0,0.0,inf,0.0,0.0,0.0,0.0,0.0,0.0,inf,inf,0.0,0.0,inf,8.601952570068813e-19,1.146186604881873e-18,4.139731506171385e-15,False,9072260690.281586,0.0,0.0,3741.9095810948684,0.0,0.0,0,0,0,0,0.0,0,0,False,0,0.0,False,False,False,False,False,False,False,False,False,False,False,0.0,0.15907029549410637,1867.4460964405084,0,0.0,False,-1,0,0,0,3804,0,0,0.0,20,1.1419258257904373e-20,4495555555.555555,3.116715509269722e-12,1000000000000.0,1000000000000.0,0.0005987445183220907,1.0,49.89537652684091,0.00014991623455953818,-1.0024493102302374e-05,9142571904.093712,2023.0,0.0,0.0,0.0,0.0,0.0,0.0,0
0.0,-3.17721955479403e-16,2.3016573435546044,0.0,0.1000928179932072,2.0636829512802702e-05,2.063682951280271e-06,0.0,False,117,False,shielded,v9_four_class_stateful_PD_shared_root_m1_marked_embryo_v1,nan,nan,nan,nan,nan,nan,nan,nan,nan,nan,100000000000000.0,68855.138671875,nan,0.6103515625,2.0,0.001,1.0,emission,13098.721493975596,8.596370275629481e-28,1.4084293059565006e-27,2.018051068031,9.697759516673314e-23,custom,False,2.0336912292843157,,terminate,False,nan,1.0,2.040254632355081e-05,3.3427531896505644e-05,4.440892098500626e-16,0,active,2.302585092994046,nan,nan,nan,1000000,1.0,inf,False,0,0.0,1.0,0.0,0.0,0,6.5330430221276215e-37,0,0.0,0.0,0.0,0.0,0.0,inf,0.0,0.0,0.0,0.0,0.0,0.0,inf,inf,0.0,0.0,inf,8.601952570068813e-19,1.1430698160766579e-18,4.139731506171385e-15,False,9072260690.281586,0.0,0.0,3741.9095810948684,0.0,0.0,0,0,0,0,0.0,0,0,False,0,0.0,False,False,False,False,False,False,False,False,False,False,False,0.0,0.15907029549410637,1867.4460964405084,0,0.0,False,-1,0,0,0,3804,0,0,0.0,21,1.1419359482359621e-20,4495555555.555555,3.1167429937401888e-12,1000000000000.0,1000000000000.0,0.0005987445183220907,1.0,49.89537652684091,0.00014991623455953818,-1.0024493102302374e-05,9142571904.093712,2023.0,0.0,0.0,0.0,0.0,0.0,0.0,0
0.0,-3.17724744370537e-16,2.301677746100928,0.0,0.10009077586568381,2.0636829512802702e-05,2.063682951280271e-06,0.0,False,118,False,shielded,v9_four_class_stateful_PD_shared_root_m1_marked_embryo_v1,nan,nan,nan,nan,nan,nan,nan,nan,nan,nan,100000000000000.0,68855.7490234375,nan,0.6103515625,2.0,0.001,1.0,emission,13098.721493975596,8.596370275629481e-28,1.4084293059565006e-27,2.018051068031,9.697845480376071e-23,custom,False,2.0336912292843157,,terminate,False,nan,1.0,2.040254632355081e-05,3.3427531896505644e-05,0.0,0,active,2.302585092994046,nan,nan,nan,1000000,1.0,inf,False,0,0.0,1.0,0.0,0.0,0,6.568718666053267e-37,0,0.0,0.0,0.0,0.0,0.0,inf,0.0,0.0,0.0,0.0,0.0,0.0,inf,inf,0.0,0.0,inf,8.601952570068813e-19,1.1461866048818811e-18,4.139731506171385e-15,False,9072260690.281586,0.0,0.0,3741.9095810948684,0.0,0.0,0,0,0,0,0.0,0,0,False,0,0.0,False,False,False,False,False,False,False,False,False,False,False,0.0,0.15907029549410637,1867.4460964405084,0,0.0,False,-1,0,0,0,3804,0,0,0.0,20,1.141946070681487e-20,4495555555.555555,3.1167703558560963e-12,1000000000000.0,1000000000000.0,0.0005987445183220907,1.0,49.89537652684091,0.00014991623455953818,-1.0024493102302374e-05,9142571904.093712,2023.0,0.0,0.0,0.0,0.0,0.0,0.0,0
0.0,-3.177275564227282e-16,2.3016981486472514,0.0,0.1000887337798246,2.0636829512802702e-05,2.063682951280271e-06,0.0,False,119,False,shielded,v9_four_class_stateful_PD_shared_root_m1_marked_embryo_v1,nan,nan,nan,nan,nan,nan,nan,nan,nan,nan,100000000000000.0,68856.359375,nan,0.6103515625,2.0,0.001,1.0,emission,13098.721493975596,8.596370275629481e-28,1.4084293059565006e-27,2.018051068031,9.697931444078827e-23,custom,False,2.0336912292843157,,terminate,False,nan,1.0,2.040254632355081e-05,3.3427531896505644e-05,0.0,0,active,2.302585092994046,nan,nan,nan,1000000,1.0,inf,False,0,0.0,1.0,0.0,0.0,0,6.568718666053174e-37,0,0.0,0.0,0.0,0.0,0.0,inf,0.0,0.0,0.0,0.0,0.0,0.0,inf,inf,0.0,0.0,inf,8.601952570068813e-19,1.146186604881873e-18,4.139731506171385e-15,False,9072260690.281586,0.0,0.0,3741.9095810948684,0.0,0.0,0,0,0,0,0.0,0,0,False,0,0.0,False,False,False,False,False,False,False,False,False,False,False,0.0,0.15907029549410637,1867.4460964405084,0,0.0,False,-1,0,0,0,3804,0,0,0.0,21,1.1419561931270118e-20,4495555555.555555,3.116798541804566e-12,1000000000000.0,1000000000000.0,0.0005987445183220907,1.0,49.89537652684091,0.00014991623455953818,-1.0024493102302374e-05,9142571904.093712,2023.0,0.0,0.0,0.0,0.0,0.0,0.0,0
0.0,-3.177305451555283e-16,2.301718551193575,0.0,0.10008669173562872,2.0636829512802702e-05,2.063682951280271e-06,0.0,False,120,False,shielded,v9_four_class_stateful_PD_shared_root_m1_marked_embryo_v1,nan,nan,nan,nan,nan,nan,nan,nan,nan,nan,100000000000000.0,68856.9697265625,nan,0.6103515625,2.0,0.001,1.0,emission,13098.721493975596,8.596370275629481e-28,1.4084293059565006e-27,2.018051068031,9.698017407781583e-23,custom,False,2.0336912292843157,,terminate,False,nan,1.0,2.040254632355081e-05,3.3427531896505644e-05,0.0,0,active,2.302585092994046,nan,nan,nan,1000000,1.0,inf,False,0,0.0,1.0,0.0,0.0,0,4.688267414200575e-37,0,0.0,0.0,0.0,0.0,0.0,inf,0.0,0.0,0.0,0.0,0.0,0.0,inf,inf,0.0,0.0,inf,8.601952570068813e-19,9.683250915060061e-19,4.139731506171385e-15,False,9072260690.281586,0.0,0.0,3741.9095810948684,0.0,0.0,0,0,0,0,0.0,0,0,False,0,0.0,False,False,False,False,False,False,False,False,False,False,False,0.0,0.15907029549410637,1867.4460964405084,0,0.0,False,-1,0,0,0,3804,0,0,0.0,21,1.1419663155725366e-20,4495555555.555555,3.1168260457501527e-12,1000000000000.0,1000000000000.0,0.0005987445183220907,1.0,49.89537652684091,0.00014991623455953818,-1.0024493102302374e-05,9142571904.093712,2023.0,0.0,0.0,0.0,0.0,0.0,0.0,0
0.0,-3.1773313081872557e-16,2.3017389537398985,0.0,0.1000846497330953,2.0636829512802702e-05,2.063682951280271e-06,0.0,False,121,False,shielded,v9_four_class_stateful_PD_shared_root_m1_marked_embryo_v1,nan,nan,nan,nan,nan,nan,nan,nan,nan,nan,100000000000000.0,68857.580078125,nan,0.6103515625,2.0,0.001,1.0,emission,13098.721493975596,8.596370275629481e-28,1.4084293059565006e-27,2.018051068031,9.69810337148434e-23,custom,False,2.0336912292843157,,terminate,False,nan,1.0,2.040254632355081e-05,3.3427531896505644e-05,0.0,0,active,2.302585092994046,nan,nan,nan,1000000,1.0,inf,False,0,0.0,1.0,0.0,0.0,0,6.568718666053174e-37,0,0.0,0.0,0.0,0.0,0.0,inf,0.0,0.0,0.0,0.0,0.0,0.0,inf,inf,0.0,0.0,inf,8.601952570068813e-19,1.146186604881873e-18,4.139731506171385e-15,False,9072260690.281586,0.0,0.0,3741.9095810948684,0.0,0.0,0,0,0,0,0.0,0,0,False,0,0.0,False,False,False,False,False,False,False,False,False,False,False,0.0,0.15907029549410637,1867.4460964405084,0,0.0,False,-1,0,0,0,3804,0,0,0.0,20,1.1419764380180614e-20,4495555555.555555,3.116853400680951e-12,1000000000000.0,1000000000000.0,0.0005987445183220907,1.0,49.89537652684091,0.00014991623455953818,-1.0024493102302374e-05,9142571904.093712,2023.0,0.0,0.0,0.0,0.0,0.0,0.0,0
0.0,-3.1773596652311237e-16,2.301759356286222,0.0,0.10008260777222353,2.0636829512802702e-05,2.063682951280271e-06,0.0,False,122,False,shielded,v9_four_class_stateful_PD_shared_root_m1_marked_embryo_v1,nan,nan,nan,nan,nan,nan,nan,nan,nan,nan,100000000000000.0,68858.1904296875,nan,0.6103515625,2.0,0.001,1.0,emission,13098.721493975596,8.596370275629481e-28,1.4084293059565006e-27,2.018051068031,9.698189335187096e-23,custom,False,2.0336912292843157,,terminate,False,nan,1.0,2.040254632355081e-05,3.3427531896505644e-05,0.0,0,active,2.302585092994046,nan,nan,nan,1000000,1.0,inf,False,0,0.0,1.0,0.0,0.0,0,6.568718666053174e-37,0,0.0,0.0,0.0,0.0,0.0,inf,0.0,0.0,0.0,0.0,0.0,0.0,inf,inf,0.0,0.0,inf,8.601952570068813e-19,1.146186604881873e-18,4.139731506171385e-15,False,9072260690.281586,0.0,0.0,3741.9095810948684,0.0,0.0,0,0,0,0,0.0,0,0,False,0,0.0,False,False,False,False,False,False,False,False,False,False,False,0.0,0.15907029549410637,1867.4460964405084,0,0.0,False,-1,0,0,0,3804,0,0,0.0,21,1.1419865604635863e-20,4495555555.555555,3.116880996261591e-12,1000000000000.0,1000000000000.0,0.0005987445183220907,1.0,49.89537652684091,0.00014991623455953818,-1.0024493102302374e-05,9142571904.093712,2023.0,0.0,0.0,0.0,0.0,0.0,0.0,0
0.0,-3.177387997976561e-16,2.3017797588325455,0.0,0.10008056585301252,2.0636829512802702e-05,2.063682951280271e-06,0.0,False,123,False,shielded,v9_four_class_stateful_PD_shared_root_m1_marked_embryo_v1,nan,nan,nan,nan,nan,nan,nan,nan,nan,nan,100000000000000.0,68858.80078125,nan,0.6103515625,2.0,0.001,1.0,emission,13098.721493975596,8.596370275629481e-28,1.4084293059565006e-27,2.018051068031,9.698275298889852e-23,custom,False,2.0336912292843157,,terminate,False,nan,1.0,2.040254632355081e-05,3.3427531896505644e-05,0.0,0,active,2.302585092994046,nan,nan,nan,1000000,1.0,inf,False,0,0.0,1.0,0.0,0.0,0,6.3866575090605485e-37,0,0.0,0.0,0.0,0.0,0.0,inf,0.0,0.0,0.0,0.0,0.0,0.0,inf,inf,0.0,0.0,inf,8.601952570068813e-19,1.1301909138778765e-18,4.139731506171385e-15,False,9072260690.281586,0.0,0.0,3741.9095810948684,0.0,0.0,0,0,0,0,0.0,0,0,False,0,0.0,False,False,False,False,False,False,False,False,False,False,False,0.0,0.15907029549410637,1867.4460964405084,0,0.0,False,-1,0,0,0,3804,0,0,0.0,20,1.141996682909111e-20,4495555555.555555,3.1169088545444637e-12,1000000000000.0,1000000000000.0,0.0005987445183220907,1.0,49.89537652684091,0.00014991623455953818,-1.0024493102302374e-05,9142571904.093712,2023.0,0.0,0.0,0.0,0.0,0.0,0.0,0
0.0,-3.177417873155347e-16,2.301800161378869,0.0,0.10007852397546145,2.0636829512802702e-05,2.063682951280271e-06,0.0,False,124,False,shielded,v9_four_class_stateful_PD_shared_root_m1_marked_embryo_v1,nan,nan,nan,nan,nan,nan,nan,nan,nan,nan,100000000000000.0,68859.4111328125,nan,0.6103515625,2.0,0.001,1.0,emission,13098.721493975596,8.596370275629481e-28,1.4084293059565006e-27,2.018051068031,9.698361262592608e-23,custom,False,2.0336912292843157,,terminate,False,nan,1.0,2.040254632355081e-05,3.3427531896505644e-05,0.0,0,active,2.302585092994046,nan,nan,nan,1000000,1.0,inf,False,0,0.0,1.0,0.0,0.0,0,6.568718666053174e-37,0,0.0,0.0,0.0,0.0,0.0,inf,0.0,0.0,0.0,0.0,0.0,0.0,inf,inf,0.0,0.0,inf,8.601952570068813e-19,1.146186604881873e-18,4.139731506171385e-15,False,9072260690.281586,0.0,0.0,3741.9095810948684,0.0,0.0,0,0,0,0,0.0,0,0,False,0,0.0,False,False,False,False,False,False,False,False,False,False,False,0.0,0.15907029549410637,1867.4460964405084,0,0.0,False,-1,0,0,0,3804,0,0,0.0,21,1.1420068053546359e-20,4495555555.555555,3.1169360100914075e-12,1000000000000.0,1000000000000.0,0.0005987445183220907,1.0,49.89537652684091,0.00014991623455953818,-1.0024493102302374e-05,9142571904.093712,2023.0,0.0,0.0,0.0,0.0,0.0,0.0,0
0.0,-3.1774454035355906e-16,2.301820563925193,0.0,0.10007648213956939,2.0636829512802702e-05,2.063682951280271e-06,0.0,False,125,False,shielded,v9_four_class_stateful_PD_shared_root_m1_marked_embryo_v1,nan,nan,nan,nan,nan,nan,nan,nan,nan,nan,100000000000000.0,68860.021484375,nan,0.6103515625,2.0,0.001,1.0,emission,13098.721493975596,8.596370275629481e-28,1.4084293059565006e-27,2.018051068031,9.698447226295365e-23,custom,False,2.0336912292843157,,terminate,False,nan,1.0,2.040254632355081e-05,3.3427531896505644e-05,4.440892098500626e-16,0,active,2.302585092994046,nan,nan,nan,1000000,1.0,inf,False,0,0.0,1.0,0.0,0.0,0,4.269547982969581e-37,0,0.0,0.0,0.0,0.0,0.0,inf,0.0,0.0,0.0,0.0,0.0,0.0,inf,inf,0.0,0.0,inf,8.601952570068813e-19,9.24072289701361e-19,4.139731506171385e-15,False,9072260690.281586,0.0,0.0,3741.9095810948684,0.0,0.0,0,0,0,0,0.0,0,0,False,0,0.0,False,False,False,False,False,False,False,False,False,False,False,0.0,0.15907029549410637,1867.4460964405084,0,0.0,False,-1,0,0,0,3804,0,0,0.0,20,1.1420169278001607e-20,4495555555.555555,3.1169637185290725e-12,1000000000000.0,1000000000000.0,0.0005987445183220907,1.0,49.89537652684091,0.00014991623455953818,-1.0024493102302374e-05,9142571904.093712,2023.0,0.0,0.0,0.0,0.0,0.0,0.0,0
0.0,-3.17747223649918e-16,2.301840966471516,0.0,0.10007444034533566,2.0636829512802702e-05,2.063682951280271e-06,0.0,False,126,False,shielded,v9_four_class_stateful_PD_shared_root_m1_marked_embryo_v1,nan,nan,nan,nan,nan,nan,nan,nan,nan,nan,100000000000000.0,68860.6318359375,nan,0.6103515625,2.0,0.001,1.0,emission,13098.721493975596,8.596370275629481e-28,1.4084293059565006e-27,2.018051068031,9.698533189998121e-23,custom,False,2.0336912292843157,,terminate,False,nan,1.0,2.040254632355081e-05,3.3427531896505644e-05,4.440892098500626e-16,0,active,2.302585092994046,nan,nan,nan,1000000,1.0,inf,False,0,0.0,1.0,0.0,0.0,0,6.568718666053174e-37,0,0.0,0.0,0.0,0.0,0.0,inf,0.0,0.0,0.0,0.0,0.0,0.0,inf,inf,0.0,0.0,inf,8.601952570068813e-19,1.146186604881873e-18,4.139731506171385e-15,False,9072260690.281586,0.0,0.0,3741.9095810948684,0.0,0.0,0,0,0,0,0.0,0,0,False,0,0.0,False,False,False,False,False,False,False,False,False,False,False,0.0,0.15907029549410637,1867.4460964405084,0,0.0,False,-1,0,0,0,3804,0,0,0.0,21,1.1420270502456855e-20,4495555555.555555,3.1169916713328472e-12,1000000000000.0,1000000000000.0,0.0005987445183220907,1.0,49.89537652684091,0.00014991623455953818,-1.0024493102302374e-05,9142571904.093712,2023.0,0.0,0.0,0.0,0.0,0.0,0.0,0
0.0,-3.1775012232342893e-16,2.30186136901784,0.0,0.10007239859275922,2.0636829512802702e-05,2.063682951280271e-06,0.0,False,127,False,shielded,v9_four_class_stateful_PD_shared_root_m1_marked_embryo_v1,nan,nan,nan,nan,nan,nan,nan,nan,nan,nan,100000000000000.0,68861.2421875,nan,0.6103515625,2.0,0.001,1.0,emission,13098.721493975596,8.596370275629481e-28,1.4084293059565006e-27,2.018051068031,9.698619153700877e-23,custom,False,2.0336912292843157,,terminate,False,nan,1.0,2.040254632355081e-05,3.3427531896505644e-05,4.440892098500626e-16,0,active,2.302585092994046,nan,nan,nan,1000000,1.0,inf,False,0,0.0,1.0,0.0,0.0,0,6.568718666053174e-37,0,0.0,0.0,0.0,0.0,0.0,inf,0.0,0.0,0.0,0.0,0.0,0.0,inf,inf,0.0,0.0,inf,8.601952570068813e-19,1.146186604881873e-18,4.139731506171385e-15,False,9072260690.281586,0.0,0.0,3741.9095810948684,0.0,0.0,0,0,0,0,0.0,0,0,False,0,0.0,False,False,False,False,False,False,False,False,False,False,False,0.0,0.15907029549410637,1867.4460964405084,0,0.0,False,-1,0,0,0,3804,0,0,0.0,20,1.1420371726912104e-20,4495555555.555555,3.1170192737832597e-12,1000000000000.0,1000000000000.0,0.0005987445183220907,1.0,49.89537652684091,0.00014991623455953818,-1.0024493102302374e-05,9142571904.093712,2023.0,0.0,0.0,0.0,0.0,0.0,0.0,0
0.0,-3.1775306302805474e-16,2.3018817715641635,0.0,0.10007035688183935,2.0636829512802702e-05,2.063682951280271e-06,0.0,False,128,False,shielded,v9_four_class_stateful_PD_shared_root_m1_marked_embryo_v1,nan,nan,nan,nan,nan,nan,nan,nan,nan,nan,100000000000000.0,68861.8525390625,nan,0.6103515625,2.0,0.001,1.0,emission,13098.721493975596,8.596370275629481e-28,1.4084293059565006e-27,2.018051068031,9.698705117403634e-23,custom,False,2.0336912292843157,,terminate,False,nan,1.0,2.040254632355081e-05,3.3427531896505644e-05,0.0,0,active,2.302585092994046,nan,nan,nan,1000000,1.0,inf,False,0,0.0,1.0,0.0,0.0,0,5.889165638777826e-37,0,0.0,0.0,0.0,0.0,0.0,inf,0.0,0.0,0.0,0.0,0.0,0.0,inf,inf,0.0,0.0,inf,8.601952570068813e-19,1.0852802070228524e-18,4.139731506171385e-15,False,9072260690.281586,0.0,0.0,3741.9095810948684,0.0,0.0,0,0,0,0,0.0,0,0,False,0,0.0,False,False,False,False,False,False,False,False,False,False,False,0.0,0.15907029549410637,1867.4460964405084,0,0.0,False,-1,0,0,0,3804,0,0,0.0,21,1.1420472951367352e-20,4495555555.555555,3.1170469238600827e-12,1000000000000.0,1000000000000.0,0.0005987445183220907,1.0,49.89537652684091,0.00014991623455953818,-1.0024493102302374e-05,9142571904.093712,2023.0,0.0,0.0,9.183549615799121e-33,9.183549615799121e-33,0.0,0.0,0
0.0,-3.177558980603573e-16,2.301902174110487,0.0,0.10006831521257516,2.0636829512802702e-05,2.063682951280271e-06,0.0,False,129,False,shielded,v9_four_class_stateful_PD_shared_root_m1_marked_embryo_v1,nan,nan,nan,nan,nan,nan,nan,nan,nan,nan,100000000000000.0,68862.462890625,nan,0.6103515625,2.0,0.001,1.0,emission,13098.721493975596,8.596370275629481e-28,1.4084293059565006e-27,2.018051068031,9.69879108110639e-23,custom,False,2.0336912292843157,,terminate,False,nan,1.0,2.040254632355081e-05,3.3427531896505644e-05,0.0,0,active,2.302585092994046,nan,nan,nan,1000000,1.0,inf,False,0,0.0,1.0,0.0,0.0,0,6.568718666053174e-37,0,0.0,0.0,0.0,0.0,0.0,inf,0.0,0.0,0.0,0.0,0.0,0.0,inf,inf,0.0,0.0,inf,8.601952570068813e-19,1.146186604881873e-18,4.139731506171385e-15,False,9072260690.281586,0.0,0.0,3741.9095810948684,0.0,0.0,0,0,0,0,0.0,0,0,False,0,0.0,False,False,False,False,False,False,False,False,False,False,False,0.0,0.15907029549410637,1867.4460964405084,0,0.0,False,-1,0,0,0,3804,0,0,0.0,20,1.14205741758226e-20,4495555555.555555,3.1170747682982147e-12,1000000000000.0,1000000000000.0,0.0005987445183220907,1.0,49.89537652684091,0.00014991623455953818,-1.0024493102302374e-05,9142571904.093712,2023.0,0.0,0.0,0.0,0.0,0.0,0.0,0
0.0,-3.177586974980441e-16,2.3019225766568105,0.0,0.10006627358496578,2.0636829512802702e-05,2.063682951280271e-06,0.0,False,130,False,shielded,v9_four_class_stateful_PD_shared_root_m1_marked_embryo_v1,nan,nan,nan,nan,nan,nan,nan,nan,nan,nan,100000000000000.0,68863.0732421875,nan,0.6103515625,2.0,0.001,1.0,emission,13098.721493975596,8.596370275629481e-28,1.4084293059565006e-27,2.018051068031,9.698877044809146e-23,custom,False,2.0336912292843157,,terminate,False,nan,1.0,2.040254632355081e-05,3.3427531896505644e-05,0.0,0,active,2.302585092994046,nan,nan,nan,1000000,1.0,inf,False,0,0.0,1.0,0.0,0.0,0,5.6867984879372116e-37,0,0.0,0.0,0.0,0.0,0.0,inf,0.0,0.0,0.0,0.0,0.0,0.0,inf,inf,0.0,0.0,inf,8.601952570068813e-19,1.0664706735712157e-18,4.139731506171385e-15,False,9072260690.281586,0.0,0.0,3741.9095810948684,0.0,0.0,0,0,0,0,0.0,0,0,False,0,0.0,False,False,False,False,False,False,False,False,False,False,False,0.0,0.15907029549410637,1867.4460964405084,0,0.0,False,-1,0,0,0,3804,0,0,0.0,21,1.1420675400277848e-20,4495555555.555555,3.117102199659836e-12,1000000000000.0,1000000000000.0,0.0005987445183220907,1.0,49.89537652684091,0.00014991623455953818,-1.0024493102302374e-05,9142571904.093712,2023.0,0.0,0.0,0.0,0.0,0.0,0.0,0
0.0,-3.177617039635286e-16,2.301942979203134,0.0,0.10006423199901039,2.0636829512802702e-05,2.063682951280271e-06,0.0,False,131,False,shielded,v9_four_class_stateful_PD_shared_root_m1_marked_embryo_v1,nan,nan,nan,nan,nan,nan,nan,nan,nan,nan,100000000000000.0,68863.68359375,nan,0.6103515625,2.0,0.001,1.0,emission,13098.721493975596,8.596370275629481e-28,1.4084293059565006e-27,2.018051068031,9.698963008511902e-23,custom,False,2.0336912292843157,,terminate,False,nan,1.0,2.040254632355081e-05,3.3427531896505644e-05,0.0,0,active,2.302585092994046,nan,nan,nan,1000000,1.0,inf,False,0,0.0,1.0,0.0,0.0,0,6.568718666053174e-37,0,0.0,0.0,0.0,0.0,0.0,inf,0.0,0.0,0.0,0.0,0.0,0.0,inf,inf,0.0,0.0,inf,8.601952570068813e-19,1.146186604881873e-18,4.139731506171385e-15,False,9072260690.281586,0.0,0.0,3741.9095810948684,0.0,0.0,0,0,0,0,0.0,0,0,False,0,0.0,False,False,False,False,False,False,False,False,False,False,False,0.0,0.15907029549410637,1867.4460964405084,0,0.0,False,-1,0,0,0,3804,0,0,0.0,20,1.1420776624733096e-20,4495555555.555555,3.117130009721566e-12,1000000000000.0,1000000000000.0,0.0005987445183220907,1.0,49.89537652684091,0.00014991623455953818,-1.0024493102302374e-05,9142571904.093712,2023.0,0.0,0.0,2.2958874039497803e-33,2.2958874039497803e-33,0.0,0.0,0
0.0,-3.177641841870472e-16,2.3019633817494576,0.0,0.10006219045470813,2.0636829512802702e-05,2.063682951280271e-06,0.0,False,132,False,shielded,v9_four_class_stateful_PD_shared_root_m1_marked_embryo_v1,nan,nan,nan,nan,nan,nan,nan,nan,nan,nan,100000000000000.0,68864.2939453125,nan,0.6103515625,2.0,0.001,1.0,emission,13098.721493975596,8.596370275629481e-28,1.4084293059565006e-27,2.018051068031,9.699048972214659e-23,custom,False,2.0336912292843157,,terminate,False,nan,1.0,2.040254632355081e-05,3.3427531896505644e-05,0.0,0,active,2.302585092994046,nan,nan,nan,1000000,1.0,inf,False,0,0.0,1.0,0.0,0.0,0,6.568718666053174e-37,0,0.0,0.0,0.0,0.0,0.0,inf,0.0,0.0,0.0,0.0,0.0,0.0,inf,inf,0.0,0.0,inf,8.601952570068813e-19,1.146186604881873e-18,4.139731506171385e-15,False,9072260690.281586,0.0,0.0,3741.9095810948684,0.0,0.0,0,0,0,0,0.0,0,0,False,0,0.0,False,False,False,False,False,False,False,False,False,False,False,0.0,0.15907029549410637,1867.4460964405084,0,0.0,False,-1,0,0,0,3804,0,0,0.0,21,1.1420877849188345e-20,4495555555.555555,3.1171573891877446e-12,1000000000000.0,1000000000000.0,0.0005987445183220907,1.0,49.89537652684091,0.00014991623455953818,-1.0024493102302374e-05,9142571904.093712,2023.0,0.0,0.0,0.0,0.0,0.0,0.0,0
0.0,-3.1776701598817547e-16,2.301983784295781,0.0,0.10006014895205814,2.0636829512802702e-05,2.063682951280271e-06,0.0,False,133,False,shielded,v9_four_class_stateful_PD_shared_root_m1_marked_embryo_v1,nan,nan,nan,nan,nan,nan,nan,nan,nan,nan,100000000000000.0,68864.904296875,nan,0.6103515625,2.0,0.001,1.0,emission,13098.721493975596,8.596370275629481e-28,1.4084293059565006e-27,2.018051068031,9.699134935917415e-23,custom,False,2.0336912292843157,,terminate,False,nan,1.0,2.040254632355081e-05,3.3427531896505644e-05,0.0,0,active,2.302585092994046,nan,nan,nan,1000000,1.0,inf,False,0,0.0,1.0,0.0,0.0,0,5.338421961030406e-37,0,0.0,0.0,0.0,0.0,0.0,inf,0.0,0.0,0.0,0.0,0.0,0.0,inf,inf,0.0,0.0,inf,8.601952570068813e-19,1.0332881457783599e-18,4.139731506171385e-15,False,9072260690.281586,0.0,0.0,3741.9095810948684,0.0,0.0,0,0,0,0,0.0,0,0,False,0,0.0,False,False,False,False,False,False,False,False,False,False,False,0.0,0.15907029549410637,1867.4460964405084,0,0.0,False,-1,0,0,0,3804,0,0,0.0,20,1.1420979073643593e-20,4495555555.555555,3.1171851656350384e-12,1000000000000.0,1000000000000.0,0.0005987445183220907,1.0,49.89537652684091,0.00014991623455953818,-1.0024493102302374e-05,9142571904.093712,2023.0,0.0,0.0,0.0,0.0,0.0,0.0,0
0.0,-3.177698975493875e-16,2.3020041868421046,0.0,0.10005810749105958,2.0636829512802702e-05,2.063682951280271e-06,0.0,False,134,False,shielded,v9_four_class_stateful_PD_shared_root_m1_marked_embryo_v1,nan,nan,nan,nan,nan,nan,nan,nan,nan,nan,100000000000000.0,68865.5146484375,nan,0.6103515625,2.0,0.001,1.0,emission,13098.721493975596,8.596370275629481e-28,1.4084293059565006e-27,2.018051068031,9.699220899620171e-23,custom,False,2.0336912292843157,,terminate,False,nan,1.0,2.040254632355081e-05,3.3427531896505644e-05,0.0,0,active,2.302585092994046,nan,nan,nan,1000000,1.0,inf,False,0,0.0,1.0,0.0,0.0,0,6.568718666053174e-37,0,0.0,0.0,0.0,0.0,0.0,inf,0.0,0.0,0.0,0.0,0.0,0.0,inf,inf,0.0,0.0,inf,8.601952570068813e-19,1.146186604881873e-18,4.139731506171385e-15,False,9072260690.281586,0.0,0.0,3741.9095810948684,0.0,0.0,0,0,0,0,0.0,0,0,False,0,0.0,False,False,False,False,False,False,False,False,False,False,False,0.0,0.15907029549410637,1867.4460964405084,0,0.0,False,-1,0,0,0,3804,0,0,0.0,21,1.1421080298098841e-20,4495555555.555555,3.1172126934260986e-12,1000000000000.0,1000000000000.0,0.0005987445183220907,1.0,49.89537652684091,0.00014991623455953818,-1.0024493102302374e-05,9142571904.093712,2023.0,0.0,0.0,2.8698592549372254e-34,2.8698592549372254e-34,0.0,0.0,0
0.0,-3.1777261899945217e-16,2.302024589388428,0.0,0.1000560660717116,2.0636829512802702e-05,2.063682951280271e-06,0.0,False,135,False,shielded,v9_four_class_stateful_PD_shared_root_m1_marked_embryo_v1,nan,nan,nan,nan,nan,nan,nan,nan,nan,nan,100000000000000.0,68866.125,nan,0.6103515625,2.0,0.001,1.0,emission,13098.721493975596,8.596370275629481e-28,1.4084293059565006e-27,2.018051068031,9.699306863322928e-23,custom,False,2.0336912292843157,,terminate,False,nan,1.0,2.040254632355081e-05,3.3427531896505644e-05,0.0,0,active,2.302585092994046,nan,nan,nan,1000000,1.0,inf,False,0,0.0,1.0,0.0,0.0,0,6.50492716759609e-37,0,0.0,0.0,0.0,0.0,0.0,inf,0.0,0.0,0.0,0.0,0.0,0.0,inf,inf,0.0,0.0,inf,8.601952570068813e-19,1.1406074844218839e-18,4.139731506171385e-15,False,9072260690.281586,0.0,0.0,3741.9095810948684,0.0,0.0,0,0,0,0,0.0,0,0,False,0,0.0,False,False,False,False,False,False,False,False,False,False,False,0.0,0.15907029549410637,1867.4460964405084,0,0.0,False,-1,0,0,0,3804,0,0,0.0,20,1.142118152255409e-20,4495555555.555555,3.1172400727848287e-12,1000000000000.0,1000000000000.0,0.0005987445183220907,1.0,49.89537652684091,0.00014991623455953818,-1.0024493102302374e-05,9142571904.093712,2023.0,0.0,0.0,0.0,0.0,0.0,0.0,0
0.0,-3.1777543133598667e-16,2.3020449919347516,0.0,0.10005402469401334,2.0636829512802702e-05,2.063682951280271e-06,0.0,False,136,False,shielded,v9_four_class_stateful_PD_shared_root_m1_marked_embryo_v1,nan,nan,nan,nan,nan,nan,nan,nan,nan,nan,100000000000000.0,68866.7353515625,nan,0.6103515625,2.0,0.001,1.0,emission,13098.721493975596,8.596370275629481e-28,1.4084293059565006e-27,2.018051068031,9.699392827025684e-23,custom,False,2.0336912292843157,,terminate,False,nan,1.0,2.040254632355081e-05,3.3427531896505644e-05,0.0,0,active,2.302585092994046,nan,nan,nan,1000000,1.0,inf,False,0,0.0,1.0,0.0,0.0,0,6.568718666053174e-37,0,0.0,0.0,0.0,0.0,0.0,inf,0.0,0.0,0.0,0.0,0.0,0.0,inf,inf,0.0,0.0,inf,8.601952570068813e-19,1.146186604881873e-18,4.139731506171385e-15,False,9072260690.281586,0.0,0.0,3741.9095810948684,0.0,0.0,0,0,0,0,0.0,0,0,False,0,0.0,False,False,False,False,False,False,False,False,False,False,False,0.0,0.15907029549410637,1867.4460964405084,0,0.0,False,-1,0,0,0,3804,0,0,0.0,20,1.1421282747009337e-20,4495555555.555555,3.1172679005408954e-12,1000000000000.0,1000000000000.0,0.0005987445183220907,1.0,49.89537652684091,0.00014991623455953818,-1.0024493102302374e-05,9142571904.093712,2023.0,0.0,0.0,4.5917748078995606e-33,4.5917748078995606e-33,0.0,0.0,0
0.0,-3.1777822394943344e-16,2.3020653944810756,0.0,0.10005198335796392,2.0636829512802702e-05,2.063682951280271e-06,0.0,False,137,False,shielded,v9_four_class_stateful_PD_shared_root_m1_marked_embryo_v1,nan,nan,nan,nan,nan,nan,nan,nan,nan,nan,100000000000000.0,68867.345703125,nan,0.6103515625,2.0,0.001,1.0,emission,13098.721493975596,8.596370275629481e-28,1.4084293059565006e-27,2.018051068031,9.69947879072844e-23,custom,False,2.0336912292843157,,terminate,False,nan,1.0,2.040254632355081e-05,3.3427531896505644e-05,4.440892098500626e-16,0,active,2.302585092994046,nan,nan,nan,1000000,1.0,inf,False,0,0.0,1.0,0.0,0.0,0,6.568718666053174e-37,0,0.0,0.0,0.0,0.0,0.0,inf,0.0,0.0,0.0,0.0,0.0,0.0,inf,inf,0.0,0.0,inf,8.601952570068813e-19,1.146186604881873e-18,4.139731506171385e-15,False,9072260690.281586,0.0,0.0,3741.9095810948684,0.0,0.0,0,0,0,0,0.0,0,0,False,0,0.0,False,False,False,False,False,False,False,False,False,False,False,0.0,0.15907029549410637,1867.4460964405084,0,0.0,False,-1,0,0,0,3804,0,0,0.0,21,1.1421383971464586e-20,4495555555.555555,3.117295320084161e-12,1000000000000.0,1000000000000.0,0.0005987445183220907,1.0,49.89537652684091,0.00014991623455953818,-1.0024493102302374e-05,9142571904.093712,2023.0,0.0,0.0,0.0,0.0,0.0,0.0,0
0.0,-3.177812673278528e-16,2.302085797027399,0.0,0.10004994206356257,2.0636829512802702e-05,2.063682951280271e-06,0.0,False,138,False,shielded,v9_four_class_stateful_PD_shared_root_m1_marked_embryo_v1,nan,nan,nan,nan,nan,nan,nan,nan,nan,nan,100000000000000.0,68867.9560546875,nan,0.6103515625,2.0,0.001,1.0,emission,13098.721493975596,8.596370275629481e-28,1.4084293059565006e-27,2.018051068031,9.699564754431197e-23,custom,False,2.0336912292843157,,terminate,False,nan,1.0,2.040254632355081e-05,3.3427531896505644e-05,0.0,0,active,2.302585092994046,nan,nan,nan,1000000,1.0,inf,False,0,0.0,1.0,0.0,0.0,0,4.818018961509412e-37,0,0.0,0.0,0.0,0.0,0.0,inf,0.0,0.0,0.0,0.0,0.0,0.0,inf,inf,0.0,0.0,inf,8.601952570068813e-19,9.816332269752702e-19,4.139731506171385e-15,False,9072260690.281586,0.0,0.0,3741.9095810948684,0.0,0.0,0,0,0,0,0.0,0,0,False,0,0.0,False,False,False,False,False,False,False,False,False,False,False,0.0,0.15907029549410637,1867.4460964405084,0,0.0,False,-1,0,0,0,3804,0,0,0.0,20,1.1421485195919834e-20,4495555555.555555,3.1173233141011747e-12,1000000000000.0,1000000000000.0,0.0005987445183220907,1.0,49.89537652684091,0.00014991623455953818,-1.0024493102302374e-05,9142571904.093712,2023.0,0.0,0.0,1.4349296274686127e-34,1.4349296274686127e-34,0.0,0.0,0
0.0,-3.1778402721596656e-16,2.3021061995737226,0.0,0.1000479008108084,2.0636829512802702e-05,2.063682951280271e-06,0.0,False,139,False,shielded,v9_four_class_stateful_PD_shared_root_m1_marked_embryo_v1,nan,nan,nan,nan,nan,nan,nan,nan,nan,nan,100000000000000.0,68868.56640625,nan,0.6103515625,2.0,0.001,1.0,emission,13098.721493975596,8.596370275629481e-28,1.4084293059565006e-27,2.018051068031,9.699650718133953e-23,custom,False,2.0336912292843157,,terminate,False,nan,1.0,2.040254632355081e-05,3.3427531896505644e-05,0.0,0,active,2.302585092994046,nan,nan,nan,1000000,1.0,inf,False,0,0.0,1.0,0.0,0.0,0,6.568718666053174e-37,0,0.0,0.0,0.0,0.0,0.0,inf,0.0,0.0,0.0,0.0,0.0,0.0,inf,inf,0.0,0.0,inf,8.601952570068813e-19,1.146186604881873e-18,4.139731506171385e-15,False,9072260690.281586,0.0,0.0,3741.9095810948684,0.0,0.0,0,0,0,0,0.0,0,0,False,0,0.0,False,False,False,False,False,False,False,False,False,False,False,0.0,0.15907029549410637,1867.4460964405084,0,0.0,False,-1,0,0,0,3804,0,0,0.0,21,1.1421586420375082e-20,4495555555.555555,3.1173507013480146e-12,1000000000000.0,1000000000000.0,0.0005987445183220907,1.0,49.89537652684091,0.00014991623455953818,-1.0024493102302374e-05,9142571904.093712,2023.0,0.0,0.0,0.0,0.0,0.0,0.0,0
0.0,-3.1778687044252706e-16,2.302126602120046,0.0,0.10004585959970057,2.0636829512802702e-05,2.063682951280271e-06,0.0,False,140,False,shielded,v9_four_class_stateful_PD_shared_root_m1_marked_embryo_v1,nan,nan,nan,nan,nan,nan,nan,nan,nan,nan,100000000000000.0,68869.1767578125,nan,0.6103515625,2.0,0.001,1.0,emission,13098.721493975596,8.596370275629481e-28,1.4084293059565006e-27,2.018051068031,9.699736681836709e-23,custom,False,2.0336912292843157,,terminate,False,nan,1.0,2.040254632355081e-05,3.3427531896505644e-05,0.0,0,active,2.302585092994046,nan,nan,nan,1000000,1.0,inf,False,0,0.0,1.0,0.0,0.0,0,6.568718666053174e-37,0,0.0,0.0,0.0,0.0,0.0,inf,0.0,0.0,0.0,0.0,0.0,0.0,inf,inf,0.0,0.0,inf,8.601952570068813e-19,1.146186604881873e-18,4.139731506171385e-15,False,9072260690.281586,0.0,0.0,3741.9095810948684,0.0,0.0,0,0,0,0,0.0,0,0,False,0,0.0,False,False,False,False,False,False,False,False,False,False,False,0.0,0.15907029549410637,1867.4460964405084,0,0.0,False,-1,0,0,0,3804,0,0,0.0,20,1.142168764483033e-20,4495555555.555555,3.1173787932666794e-12,1000000000000.0,1000000000000.0,0.0005987445183220907,1.0,49.89537652684091,0.00014991623455953818,-1.0024493102302374e-05,9142571904.093712,2023.0,0.0,0.0,0.0,0.0,0.0,0.0,0
0.0,-3.177895678526552e-16,2.3021470046663697,0.0,0.1000438184302382,2.0636829512802702e-05,2.063682951280271e-06,0.0,False,141,False,shielded,v9_four_class_stateful_PD_shared_root_m1_marked_embryo_v1,nan,nan,nan,nan,nan,nan,nan,nan,nan,nan,100000000000000.0,68869.787109375,nan,0.6103515625,2.0,0.001,1.0,emission,13098.721493975596,8.596370275629481e-28,1.4084293059565006e-27,2.018051068031,9.699822645539465e-23,custom,False,2.0336912292843157,,terminate,False,nan,1.0,2.040254632355081e-05,3.3427531896505644e-05,0.0,0,active,2.302585092994046,nan,nan,nan,1000000,1.0,inf,False,0,0.0,1.0,0.0,0.0,0,6.465954797197143e-37,0,0.0,0.0,0.0,0.0,0.0,inf,0.0,0.0,0.0,0.0,0.0,0.0,inf,inf,0.0,0.0,inf,8.601952570068813e-19,1.137185543101665e-18,4.139731506171385e-15,False,9072260690.281586,0.0,0.0,3741.9095810948684,0.0,0.0,0,0,0,0,0.0,0,0,False,0,0.0,False,False,False,False,False,False,False,False,False,False,False,0.0,0.15907029549410637,1867.4460964405084,0,0.0,False,-1,0,0,0,3804,0,0,0.0,21,1.1421788869285579e-20,4495555555.555555,3.117406124867068e-12,1000000000000.0,1000000000000.0,0.0005987445183220907,1.0,49.89537652684091,0.00014991623455953818,-1.0024493102302374e-05,9142571904.093712,2023.0,0.0,0.0,0.0,0.0,0.0,0.0,0
0.0,-3.1779235925118044e-16,2.302167407212693,0.0,0.10004177730242048,2.0636829512802702e-05,2.063682951280271e-06,0.0,False,142,False,shielded,v9_four_class_stateful_PD_shared_root_m1_marked_embryo_v1,nan,nan,nan,nan,nan,nan,nan,nan,nan,nan,100000000000000.0,68870.3974609375,nan,0.6103515625,2.0,0.001,1.0,emission,13098.721493975596,8.596370275629481e-28,1.4084293059565006e-27,2.018051068031,9.699908609242222e-23,custom,False,2.0336912292843157,,terminate,False,nan,1.0,2.040254632355081e-05,3.3427531896505644e-05,0.0,0,active,2.302585092994046,nan,nan,nan,1000000,1.0,inf,False,0,0.0,1.0,0.0,0.0,0,6.568718666053174e-37,0,0.0,0.0,0.0,0.0,0.0,inf,0.0,0.0,0.0,0.0,0.0,0.0,inf,inf,0.0,0.0,inf,8.601952570068813e-19,1.146186604881873e-18,4.139731506171385e-15,False,9072260690.281586,0.0,0.0,3741.9095810948684,0.0,0.0,0,0,0,0,0.0,0,0,False,0,0.0,False,False,False,False,False,False,False,False,False,False,False,0.0,0.15907029549410637,1867.4460964405084,0,0.0,False,-1,0,0,0,3804,0,0,0.0,20,1.1421890093740827e-20,4495555555.555555,3.117433938060662e-12,1000000000000.0,1000000000000.0,0.0005987445183220907,1.0,49.89537652684091,0.00014991623455953818,-1.0024493102302374e-05,9142571904.093712,2023.0,0.0,0.0,0.0,0.0,0.0,0.0,0
0.0,-3.177952860488322e-16,2.3021878097590167,0.0,0.10003973621624652,2.0636829512802702e-05,2.063682951280271e-06,0.0,False,143,False,shielded,v9_four_class_stateful_PD_shared_root_m1_marked_embryo_v1,nan,nan,nan,nan,nan,nan,nan,nan,nan,nan,100000000000000.0,68871.0078125,nan,0.6103515625,2.0,0.001,1.0,emission,13098.721493975596,8.596370275629481e-28,1.4084293059565006e-27,2.018051068031,9.699994572944978e-23,custom,False,2.0336912292843157,,terminate,False,nan,1.0,2.040254632355081e-05,3.3427531896505644e-05,0.0,0,active,2.302585092994046,nan,nan,nan,1000000,1.0,inf,False,0,0.0,1.0,0.0,0.0,0,4.344733619891491e-37,0,0.0,0.0,0.0,0.0,0.0,inf,0.0,0.0,0.0,0.0,0.0,0.0,inf,inf,0.0,0.0,inf,8.601952570068813e-19,9.321731191030442e-19,4.139731506171385e-15,False,9072260690.281586,0.0,0.0,3741.9095810948684,0.0,0.0,0,0,0,0,0.0,0,0,False,0,0.0,False,False,False,False,False,False,False,False,False,False,False,0.0,0.15907029549410637,1867.4460964405084,0,0.0,False,-1,0,0,0,3804,0,0,0.0,21,1.1421991318196075e-20,4495555555.555555,3.1174616959678286e-12,1000000000000.0,1000000000000.0,0.0005987445183220907,1.0,49.89537652684091,0.00014991623455953818,-1.0024493102302374e-05,9142571904.093712,2023.0,0.0,0.0,0.0,0.0,0.0,0.0,0
0.0,-3.177979832780146e-16,2.3022082123053402,0.0,0.1000376951717155,2.0636829512802702e-05,2.063682951280271e-06,0.0,False,144,False,shielded,v9_four_class_stateful_PD_shared_root_m1_marked_embryo_v1,nan,nan,nan,nan,nan,nan,nan,nan,nan,nan,100000000000000.0,68871.6181640625,nan,0.6103515625,2.0,0.001,1.0,emission,13098.721493975596,8.596370275629481e-28,1.4084293059565006e-27,2.018051068031,9.700080536647734e-23,custom,False,2.0336912292843157,,terminate,False,nan,1.0,2.040254632355081e-05,3.3427531896505644e-05,0.0,0,active,2.302585092994046,nan,nan,nan,1000000,1.0,inf,False,0,0.0,1.0,0.0,0.0,0,6.568718666053174e-37,0,0.0,0.0,0.0,0.0,0.0,inf,0.0,0.0,0.0,0.0,0.0,0.0,inf,inf,0.0,0.0,inf,8.601952570068813e-19,1.146186604881873e-18,4.139731506171385e-15,False,9072260690.281586,0.0,0.0,3741.9095810948684,0.0,0.0,0,0,0,0,0.0,0,0,False,0,0.0,False,False,False,False,False,False,False,False,False,False,False,0.0,0.15907029549410637,1867.4460964405084,0,0.0,False,-1,0,0,0,3804,0,0,0.0,20,1.1422092542651323e-20,4495555555.555555,3.1174887029151888e-12,1000000000000.0,1000000000000.0,0.0005987445183220907,1.0,49.89537652684091,0.00014991623455953818,-1.0024493102302374e-05,9142571904.093712,2023.0,0.0,0.0,0.0,0.0,0.0,0.0,0
0.0,-3.178009046214442e-16,2.3022286148516637,0.0,0.10003565416882657,2.0636829512802702e-05,2.063682951280271e-06,0.0,False,145,False,shielded,v9_four_class_stateful_PD_shared_root_m1_marked_embryo_v1,nan,nan,nan,nan,nan,nan,nan,nan,nan,nan,100000000000000.0,68872.228515625,nan,0.6103515625,2.0,0.001,1.0,emission,13098.721493975596,8.596370275629481e-28,1.4084293059565006e-27,2.018051068031,9.700166500350491e-23,custom,False,2.0336912292843157,,terminate,False,nan,1.0,2.040254632355081e-05,3.3427531896505644e-05,0.0,0,active,2.302585092994046,nan,nan,nan,1000000,1.0,inf,False,0,0.0,1.0,0.0,0.0,0,6.568718666053174e-37,0,0.0,0.0,0.0,0.0,0.0,inf,0.0,0.0,0.0,0.0,0.0,0.0,inf,inf,0.0,0.0,inf,8.601952570068813e-19,1.146186604881873e-18,4.139731506171385e-15,False,9072260690.281586,0.0,0.0,3741.9095810948684,0.0,0.0,0,0,0,0,0.0,0,0,False,0,0.0,False,False,False,False,False,False,False,False,False,False,False,0.0,0.15907029549410637,1867.4460964405084,0,0.0,False,-1,0,0,0,3804,0,0,0.0,21,1.1422193767106571e-20,4495555555.555555,3.1175168346337186e-12,1000000000000.0,1000000000000.0,0.0005987445183220907,1.0,49.89537652684091,0.00014991623455953818,-1.0024493102302374e-05,9142571904.093712,2023.0,0.0,0.0,0.0,0.0,0.0,0.0,0
0.0,-3.178036868434345e-16,2.3022490173979873,0.0,0.10003361320757885,2.0636829512802702e-05,2.063682951280271e-06,0.0,False,146,False,shielded,v9_four_class_stateful_PD_shared_root_m1_marked_embryo_v1,nan,nan,nan,nan,nan,nan,nan,nan,nan,nan,100000000000000.0,68872.8388671875,nan,0.6103515625,2.0,0.001,1.0,emission,13098.721493975596,8.596370275629481e-28,1.4084293059565006e-27,2.018051068031,9.700252464053247e-23,custom,False,2.0336912292843157,,terminate,False,nan,1.0,2.040254632355081e-05,3.3427531896505644e-05,0.0,0,active,2.302585092994046,nan,nan,nan,1000000,1.0,inf,False,0,0.0,1.0,0.0,0.0,0,6.031877072653006e-37,0,0.0,0.0,0.0,0.0,0.0,inf,0.0,0.0,0.0,0.0,0.0,0.0,inf,inf,0.0,0.0,inf,8.601952570068813e-19,1.0983512254878223e-18,4.139731506171385e-15,False,9072260690.281586,0.0,0.0,3741.9095810948684,0.0,0.0,0,0,0,0,0.0,0,0,False,0,0.0,False,False,False,False,False,False,False,False,False,False,False,0.0,0.15907029549410637,1867.4460964405084,0,0.0,False,-1,0,0,0,3804,0,0,0.0,20,1.142229499156182e-20,4495555555.555555,3.117544329389129e-12,1000000000000.0,1000000000000.0,0.0005987445183220907,1.0,49.89537652684091,0.00014991623455953818,-1.0024493102302374e-05,9142571904.093712,2023.0,0.0,0.0,0.0,0.0,0.0,0.0,0
0.0,-3.1780648695320557e-16,2.3022694199443112,0.0,0.10003157228797148,2.0636829512802702e-05,2.063682951280271e-06,0.0,False,147,False,shielded,v9_four_class_stateful_PD_shared_root_m1_marked_embryo_v1,nan,nan,nan,nan,nan,nan,nan,nan,nan,nan,100000000000000.0,68873.44921875,nan,0.6103515625,2.0,0.001,1.0,emission,13098.721493975596,8.596370275629481e-28,1.4084293059565006e-27,2.018051068031,9.700338427756003e-23,custom,False,2.0336912292843157,,terminate,False,nan,1.0,2.040254632355081e-05,3.3427531896505644e-05,4.440892098500626e-16,0,active,2.302585092994046,nan,nan,nan,1000000,1.0,inf,False,0,0.0,1.0,0.0,0.0,0,6.568718666053174e-37,0,0.0,0.0,0.0,0.0,0.0,inf,0.0,0.0,0.0,0.0,0.0,0.0,inf,inf,0.0,0.0,inf,8.601952570068813e-19,1.146186604881873e-18,4.139731506171385e-15,False,9072260690.281586,0.0,0.0,3741.9095810948684,0.0,0.0,0,0,0,0,0.0,0,0,False,0,0.0,False,False,False,False,False,False,False,False,False,False,False,0.0,0.15907029549410637,1867.4460964405084,0,0.0,False,-1,0,0,0,3804,0,0,0.0,21,1.1422396216017068e-20,4495555555.555555,3.11757189421628e-12,1000000000000.0,1000000000000.0,0.0005987445183220907,1.0,49.89537652684091,0.00014991623455953818,-1.0024493102302374e-05,9142571904.093712,2023.0,0.0,0.0,0.0,0.0,0.0,0.0,0
0.0,-3.1780933741759643e-16,2.3022898224906343,0.0,0.10002953141000373,2.0636829512802702e-05,2.063682951280271e-06,0.0,False,148,False,shielded,v9_four_class_stateful_PD_shared_root_m1_marked_embryo_v1,nan,nan,nan,nan,nan,nan,nan,nan,nan,nan,100000000000000.0,68874.0595703125,nan,0.6103515625,2.0,0.001,1.0,emission,13098.721493975596,8.596370275629481e-28,1.4084293059565006e-27,2.018051068031,9.70042439145876e-23,custom,False,2.0336912292843157,,terminate,False,nan,1.0,2.040254632355081e-05,3.3427531896505644e-05,4.440892098500626e-16,0,active,2.302585092994046,nan,nan,nan,1000000,1.0,inf,False,0,0.0,1.0,0.0,0.0,0,5.3686708235109335e-37,0,0.0,0.0,0.0,0.0,0.0,inf,0.0,0.0,0.0,0.0,0.0,0.0,inf,inf,0.0,0.0,inf,8.601952570068813e-19,1.0362114478725791e-18,4.139731506171385e-15,False,9072260690.281586,0.0,0.0,3741.9095810948684,0.0,0.0,0,0,0,0,0.0,0,0,False,0,0.0,False,False,False,False,False,False,False,False,False,False,False,0.0,0.15907029549410637,1867.4460964405084,0,0.0,False,-1,0,0,0,3804,0,0,0.0,20,1.1422497440472316e-20,4495555555.555555,3.117599473184544e-12,1000000000000.0,1000000000000.0,0.0005987445183220907,1.0,49.89537652684091,0.00014991623455953818,-1.0024493102302374e-05,9142571904.093712,2023.0,0.0,0.0,0.0,0.0,0.0,0.0,0
0.0,-3.1781215396758217e-16,2.3023102250369583,0.0,0.10002749057367458,2.0636829512802702e-05,2.063682951280271e-06,0.0,False,149,False,shielded,v9_four_class_stateful_PD_shared_root_m1_marked_embryo_v1,nan,nan,nan,nan,nan,nan,nan,nan,nan,nan,100000000000000.0,68874.669921875,nan,0.6103515625,2.0,0.001,1.0,emission,13098.721493975596,8.596370275629481e-28,1.4084293059565006e-27,2.018051068031,9.700510355161516e-23,custom,False,2.0336912292843157,,terminate,False,nan,1.0,2.040254632355081e-05,3.3427531896505644e-05,4.440892098500626e-16,0,active,2.302585092994046,nan,nan,nan,1000000,1.0,inf,False,0,0.0,1.0,0.0,0.0,0,6.568718666053174e-37,0,0.0,0.0,0.0,0.0,0.0,inf,0.0,0.0,0.0,0.0,0.0,0.0,inf,inf,0.0,0.0,inf,8.601952570068813e-19,1.146186604881873e-18,4.139731506171385e-15,False,9072260690.281586,0.0,0.0,3741.9095810948684,0.0,0.0,0,0,0,0,0.0,0,0,False,0,0.0,False,False,False,False,False,False,False,False,False,False,False,0.0,0.15907029549410637,1867.4460964405084,0,0.0,False,-1,0,0,0,3804,0,0,0.0,21,1.1422598664927564e-20,4495555555.555555,3.1176272289663802e-12,1000000000000.0,1000000000000.0,0.0005987445183220907,1.0,49.89537652684091,0.00014991623455953818,-1.0024493102302374e-05,9142571904.093712,2023.0,0.0,0.0,0.0,0.0,0.0,0.0,0
0.0,-3.17814890772187e-16,2.3023306275832818,0.0,0.1000254497789833,2.0636829512802702e-05,2.063682951280271e-06,0.0,False,150,False,shielded,v9_four_class_stateful_PD_shared_root_m1_marked_embryo_v1,nan,nan,nan,nan,nan,nan,nan,nan,nan,nan,100000000000000.0,68875.2802734375,nan,0.6103515625,2.0,0.001,1.0,emission,13098.721493975596,8.596370275629481e-28,1.4084293059565006e-27,2.018051068031,9.700596318864272e-23,custom,False,2.0336912292843157,,terminate,False,nan,1.0,2.040254632355081e-05,3.3427531896505644e-05,0.0,0,active,2.302585092994046,nan,nan,nan,1000000,1.0,inf,False,0,0.0,1.0,0.0,0.0,0,6.568718666053174e-37,0,0.0,0.0,0.0,0.0,0.0,inf,0.0,0.0,0.0,0.0,0.0,0.0,inf,inf,0.0,0.0,inf,8.601952570068813e-19,1.146186604881873e-18,4.139731506171385e-15,False,9072260690.281586,0.0,0.0,3741.9095810948684,0.0,0.0,0,0,0,0,0.0,0,0,False,0,0.0,False,False,False,False,False,False,False,False,False,False,False,0.0,0.15907029549410637,1867.4460964405084,0,0.0,False,-1,0,0,0,3804,0,0,0.0,20,1.1422699889382812e-20,4495555555.555555,3.1176550228582616e-12,1000000000000.0,1000000000000.0,0.0005987445183220907,1.0,49.89537652684091,0.00014991623455953818,-1.0024493102302374e-05,9142571904.093712,2023.0,0.0,0.0,1.4349296274686127e-34,1.4349296274686127e-34,0.0,0.0,0
0.0,-3.178176941131323e-16,2.3023510301296053,0.0,0.100023409025929,2.0636829512802702e-05,2.063682951280271e-06,0.0,False,151,False,shielded,v9_four_class_stateful_PD_shared_root_m1_marked_embryo_v1,nan,nan,nan,nan,nan,nan,nan,nan,nan,nan,100000000000000.0,68875.890625,nan,0.6103515625,2.0,0.001,1.0,emission,13098.721493975596,8.596370275629481e-28,1.4084293059565006e-27,2.018051068031,9.700682282567028e-23,custom,False,2.0336912292843157,,terminate,False,nan,1.0,2.040254632355081e-05,3.3427531896505644e-05,0.0,0,active,2.302585092994046,nan,nan,nan,1000000,1.0,inf,False,0,0.0,1.0,0.0,0.0,0,5.483630748962817e-37,0,0.0,0.0,0.0,0.0,0.0,inf,0.0,0.0,0.0,0.0,0.0,0.0,inf,inf,0.0,0.0,inf,8.601952570068813e-19,1.0472469383066074e-18,4.139731506171385e-15,False,9072260690.281586,0.0,0.0,3741.9095810948684,0.0,0.0,0,0,0,0,0.0,0,0,False,0,0.0,False,False,False,False,False,False,False,False,False,False,False,0.0,0.15907029549410637,1867.4460964405084,0,0.0,False,-1,0,0,0,3804,0,0,0.0,21,1.142280111383806e-20,4495555555.555555,3.1176823453212106e-12,1000000000000.0,1000000000000.0,0.0005987445183220907,1.0,49.89537652684091,0.00014991623455953818,-1.0024493102302374e-05,9142571904.093712,2023.0,0.0,0.0,0.0,0.0,0.0,0.0,0
0.0,-3.1782070406828504e-16,2.302371432675929,0.0,0.10002136831451083,2.0636829512802702e-05,2.063682951280271e-06,0.0,False,152,False,shielded,v9_four_class_stateful_PD_shared_root_m1_marked_embryo_v1,nan,nan,nan,nan,nan,nan,nan,nan,nan,nan,100000000000000.0,68876.5009765625,nan,0.6103515625,2.0,0.001,1.0,emission,13098.721493975596,8.596370275629481e-28,1.4084293059565006e-27,2.018051068031,9.700768246269785e-23,custom,False,2.0336912292843157,,terminate,False,nan,1.0,2.040254632355081e-05,3.3427531896505644e-05,0.0,0,active,2.302585092994046,nan,nan,nan,1000000,1.0,inf,False,0,0.0,1.0,0.0,0.0,0,6.568718666053174e-37,0,0.0,0.0,0.0,0.0,0.0,inf,0.0,0.0,0.0,0.0,0.0,0.0,inf,inf,0.0,0.0,inf,8.601952570068813e-19,1.146186604881873e-18,4.139731506171385e-15,False,9072260690.281586,0.0,0.0,3741.9095810948684,0.0,0.0,0,0,0,0,0.0,0,0,False,0,0.0,False,False,False,False,False,False,False,False,False,False,False,0.0,0.15907029549410637,1867.4460964405084,0,0.0,False,-1,0,0,0,3804,0,0,0.0,21,1.1422902338293309e-20,4495555555.555555,3.1177103294633077e-12,1000000000000.0,1000000000000.0,0.0005987445183220907,1.0,49.89537652684091,0.00014991623455953818,-1.0024493102302374e-05,9142571904.093712,2023.0,0.0,0.0,0.0,0.0,0.0,0.0,0
0.0,-3.1782346468018186e-16,2.3023918352222523,0.0,0.10001932764472796,2.0636829512802702e-05,2.063682951280271e-06,0.0,False,153,False,shielded,v9_four_class_stateful_PD_shared_root_m1_marked_embryo_v1,nan,nan,nan,nan,nan,nan,nan,nan,nan,nan,100000000000000.0,68877.111328125,nan,0.6103515625,2.0,0.001,1.0,emission,13098.721493975596,8.596370275629481e-28,1.4084293059565006e-27,2.018051068031,9.700854209972541e-23,custom,False,2.0336912292843157,,terminate,False,nan,1.0,2.040254632355081e-05,3.3427531896505644e-05,0.0,0,active,2.302585092994046,nan,nan,nan,1000000,1.0,inf,False,0,0.0,1.0,0.0,0.0,0,6.343956997363608e-37,0,0.0,0.0,0.0,0.0,0.0,inf,0.0,0.0,0.0,0.0,0.0,0.0,inf,inf,0.0,0.0,inf,8.601952570068813e-19,1.1264064095488455e-18,4.139731506171385e-15,False,9072260690.281586,0.0,0.0,3741.9095810948684,0.0,0.0,0,0,0,0,0.0,0,0,False,0,0.0,False,False,False,False,False,False,False,False,False,False,False,0.0,0.15907029549410637,1867.4460964405084,0,0.0,False,-1,0,0,0,3804,0,0,0.0,20,1.1423003562748557e-20,4495555555.555555,3.117738156473865e-12,1000000000000.0,1000000000000.0,0.0005987445183220907,1.0,49.89537652684091,0.00014991623455953818,-1.0024493102302374e-05,9142571904.093712,2023.0,0.0,0.0,0.0,0.0,0.0,0.0,0
0.0,-3.1782629286239497e-16,2.3024122377685763,0.0,0.10001728701657947,2.0636829512802702e-05,2.063682951280271e-06,0.0,False,154,False,shielded,v9_four_class_stateful_PD_shared_root_m1_marked_embryo_v1,nan,nan,nan,nan,nan,nan,nan,nan,nan,nan,100000000000000.0,68877.7216796875,nan,0.6103515625,2.0,0.001,1.0,emission,13098.721493975596,8.596370275629481e-28,1.4084293059565006e-27,2.018051068031,9.700940173675297e-23,custom,False,2.0336912292843157,,terminate,False,nan,1.0,2.040254632355081e-05,3.3427531896505644e-05,4.440892098500626e-16,0,active,2.302585092994046,nan,nan,nan,1000000,1.0,inf,False,0,0.0,1.0,0.0,0.0,0,6.568718666053174e-37,0,0.0,0.0,0.0,0.0,0.0,inf,0.0,0.0,0.0,0.0,0.0,0.0,inf,inf,0.0,0.0,inf,8.601952570068813e-19,1.146186604881873e-18,4.139731506171385e-15,False,9072260690.281586,0.0,0.0,3741.9095810948684,0.0,0.0,0,0,0,0,0.0,0,0,False,0,0.0,False,False,False,False,False,False,False,False,False,False,False,0.0,0.15907029549410637,1867.4460964405084,0,0.0,False,-1,0,0,0,3804,0,0,0.0,21,1.1423104787203805e-20,4495555555.555555,3.1177656566932283e-12,1000000000000.0,1000000000000.0,0.0005987445183220907,1.0,49.89537652684091,0.00014991623455953818,-1.0024493102302374e-05,9142571904.093712,2023.0,0.0,0.0,0.0,0.0,0.0,0.0,0
0.0,-3.1782908095219776e-16,2.3024326403149,0.0,0.10001524643006461,2.0636829512802702e-05,2.063682951280271e-06,0.0,False,155,False,shielded,v9_four_class_stateful_PD_shared_root_m1_marked_embryo_v1,nan,nan,nan,nan,nan,nan,nan,nan,nan,nan,100000000000000.0,68878.33203125,nan,0.6103515625,2.0,0.001,1.0,emission,13098.721493975596,8.596370275629481e-28,1.4084293059565006e-27,2.018051068031,9.701026137378054e-23,custom,False,2.0336912292843157,,terminate,False,nan,1.0,2.040254632355081e-05,3.3427531896505644e-05,0.0,0,active,2.302585092994046,nan,nan,nan,1000000,1.0,inf,False,0,0.0,1.0,0.0,0.0,0,6.568718666053174e-37,0,0.0,0.0,0.0,0.0,0.0,inf,0.0,0.0,0.0,0.0,0.0,0.0,inf,inf,0.0,0.0,inf,8.601952570068813e-19,1.146186604881873e-18,4.139731506171385e-15,False,9072260690.281586,0.0,0.0,3741.9095810948684,0.0,0.0,0,0,0,0,0.0,0,0,False,0,0.0,False,False,False,False,False,False,False,False,False,False,False,0.0,0.15907029549410637,1867.4460964405084,0,0.0,False,-1,0,0,0,3804,0,0,0.0,20,1.1423206011659053e-20,4495555555.555555,3.11779332997744e-12,1000000000000.0,1000000000000.0,0.0005987445183220907,1.0,49.89537652684091,0.00014991623455953818,-1.0024493102302374e-05,9142571904.093712,2023.0,0.0,0.0,0.0,0.0,0.0,0.0,0
0.0,-3.178318855080646e-16,2.302453042861223,0.0,0.10001320588518253,2.0636829512802702e-05,2.063682951280271e-06,0.0,False,156,False,shielded,v9_four_class_stateful_PD_shared_root_m1_marked_embryo_v1,nan,nan,nan,nan,nan,nan,nan,nan,nan,nan,100000000000000.0,68878.9423828125,nan,0.6103515625,2.0,0.001,1.0,emission,13098.721493975596,8.596370275629481e-28,1.4084293059565006e-27,2.018051068031,9.70111210108081e-23,custom,False,2.0336912292843157,,terminate,False,nan,1.0,2.040254632355081e-05,3.3427531896505644e-05,4.440892098500626e-16,0,active,2.302585092994046,nan,nan,nan,1000000,1.0,inf,False,0,0.0,1.0,0.0,0.0,0,4.950930416166781e-37,0,0.0,0.0,0.0,0.0,0.0,inf,0.0,0.0,0.0,0.0,0.0,0.0,inf,inf,0.0,0.0,inf,8.601952570068813e-19,9.950809430560692e-19,4.139731506171385e-15,False,9072260690.281586,0.0,0.0,3741.9095810948684,0.0,0.0,0,0,0,0,0.0,0,0,False,0,0.0,False,False,False,False,False,False,False,False,False,False,False,0.0,0.15907029549410637,1867.4460964405084,0,0.0,False,-1,0,0,0,3804,0,0,0.0,21,1.1423307236114302e-20,4495555555.555555,3.117821007568367e-12,1000000000000.0,1000000000000.0,0.0005987445183220907,1.0,49.89537652684091,0.00014991623455953818,-1.0024493102302374e-05,9142571904.093712,2023.0,0.0,0.0,0.0,0.0,0.0,0.0,0
0.0,-3.178346066220872e-16,2.302473445407547,0.0,0.10001116538193226,2.0636829512802702e-05,2.063682951280271e-06,0.0,False,157,False,shielded,v9_four_class_stateful_PD_shared_root_m1_marked_embryo_v1,nan,nan,nan,nan,nan,nan,nan,nan,nan,nan,100000000000000.0,68879.552734375,nan,0.6103515625,2.0,0.001,1.0,emission,13098.721493975596,8.596370275629481e-28,1.4084293059565006e-27,2.018051068031,9.701198064783566e-23,custom,False,2.0336912292843157,,terminate,False,nan,1.0,2.040254632355081e-05,3.3427531896505644e-05,4.440892098500626e-16,0,active,2.302585092994046,nan,nan,nan,1000000,1.0,inf,False,0,0.0,1.0,0.0,0.0,0,6.5687186660530805e-37,0,0.0,0.0,0.0,0.0,0.0,inf,0.0,0.0,0.0,0.0,0.0,0.0,inf,inf,0.0,0.0,inf,8.601952570068813e-19,1.1461866048818647e-18,4.139731506171385e-15,False,9072260690.281586,0.0,0.0,3741.9095810948684,0.0,0.0,0,0,0,0,0.0,0,0,False,0,0.0,False,False,False,False,False,False,False,False,False,False,False,0.0,0.15907029549410637,1867.4460964405084,0,0.0,False,-1,0,0,0,3804,0,0,0.0,20,1.142340846056955e-20,4495555555.555555,3.117848198772636e-12,1000000000000.0,1000000000000.0,0.0005987445183220907,1.0,49.89537652684091,0.00014991623455953818,-1.0024493102302374e-05,9142571904.093712,2023.0,0.0,0.0,0.0,0.0,0.0,0.0,0
0.0,-3.178374100147313e-16,2.3024938479538704,0.0,0.10000912492031307,2.0636829512802702e-05,2.063682951280271e-06,0.0,False,158,False,shielded,v9_four_class_stateful_PD_shared_root_m1_marked_embryo_v1,nan,nan,nan,nan,nan,nan,nan,nan,nan,nan,100000000000000.0,68880.1630859375,nan,0.6103515625,2.0,0.001,1.0,emission,13098.721493975596,8.596370275629481e-28,1.4084293059565006e-27,2.018051068031,9.701284028486322e-23,custom,False,2.0336912292843157,,terminate,False,nan,1.0,2.040254632355081e-05,3.3427531896505644e-05,0.0,0,active,2.302585092994046,nan,nan,nan,1000000,1.0,inf,False,0,0.0,1.0,0.0,0.0,0,6.568718666053174e-37,0,0.0,0.0,0.0,0.0,0.0,inf,0.0,0.0,0.0,0.0,0.0,0.0,inf,inf,0.0,0.0,inf,8.601952570068813e-19,1.146186604881873e-18,4.139731506171385e-15,False,9072260690.281586,0.0,0.0,3741.9095810948684,0.0,0.0,0,0,0,0,0.0,0,0,False,0,0.0,False,False,False,False,False,False,False,False,False,False,False,0.0,0.15907029549410637,1867.4460964405084,0,0.0,False,-1,0,0,0,3804,0,0,0.0,21,1.1423509685024798e-20,4495555555.555555,3.1178764464971922e-12,1000000000000.0,1000000000000.0,0.0005987445183220907,1.0,49.89537652684091,0.00014991623455953818,-1.0024493102302374e-05,9142571904.093712,2023.0,0.0,0.0,0.0,0.0,0.0,0.0,0
0.0,-3.178404863769776e-16,2.302514250500194,0.0,0.10000708450032406,2.0636829512802702e-05,2.063682951280271e-06,0.0,False,159,False,shielded,v9_four_class_stateful_PD_shared_root_m1_marked_embryo_v1,nan,nan,nan,nan,nan,nan,nan,nan,nan,nan,100000000000000.0,68880.7734375,nan,0.6103515625,2.0,0.001,1.0,emission,13098.721493975596,8.596370275629481e-28,1.4084293059565006e-27,2.018051068031,9.701369992189079e-23,custom,False,2.0336912292843157,,terminate,False,nan,1.0,2.040254632355081e-05,3.3427531896505644e-05,0.0,0,active,2.302585092994046,nan,nan,nan,1000000,1.0,inf,False,0,0.0,1.0,0.0,0.0,0,6.5341392885130325e-37,0,0.0,0.0,0.0,0.0,0.0,inf,0.0,0.0,0.0,0.0,0.0,0.0,inf,inf,0.0,0.0,inf,8.601952570068813e-19,1.1431657175154469e-18,4.139731506171385e-15,False,9072260690.281586,0.0,0.0,3741.9095810948684,0.0,0.0,0,0,0,0,0.0,0,0,False,0,0.0,False,False,False,False,False,False,False,False,False,False,False,0.0,0.15907029549410637,1867.4460964405084,0,0.0,False,-1,0,0,0,3804,0,0,0.0,20,1.1423610909480046e-20,4495555555.555555,3.117903200416087e-12,1000000000000.0,1000000000000.0,0.0005987445183220907,1.0,49.89537652684091,0.00014991623455953818,-1.0024493102302374e-05,9142571904.093712,2023.0,0.0,0.0,0.0,0.0,0.0,0.0,0
0.0,-3.17843153439917e-16,2.3025346530465174,0.0,0.10000504412196438,2.0636829512802702e-05,2.063682951280271e-06,0.0,False,160,False,shielded,v9_four_class_stateful_PD_shared_root_m1_marked_embryo_v1,nan,nan,nan,nan,nan,nan,nan,nan,nan,nan,100000000000000.0,68881.3837890625,nan,0.6103515625,2.0,0.001,1.0,emission,13098.721493975596,8.596370275629481e-28,1.4084293059565006e-27,2.018051068031,9.701455955891835e-23,custom,False,2.0336912292843157,,terminate,False,nan,1.0,2.040254632355081e-05,3.3427531896505644e-05,0.0,0,active,2.302585092994046,nan,nan,nan,1000000,1.0,inf,False,0,0.0,1.0,0.0,0.0,0,6.568718666053174e-37,0,0.0,0.0,0.0,0.0,0.0,inf,0.0,0.0,0.0,0.0,0.0,0.0,inf,inf,0.0,0.0,inf,8.601952570068813e-19,1.146186604881873e-18,4.139731506171385e-15,False,9072260690.281586,0.0,0.0,3741.9095810948684,0.0,0.0,0,0,0,0,0.0,0,0,False,0,0.0,False,False,False,False,False,False,False,False,False,False,False,0.0,0.15907029549410637,1867.4460964405084,0,0.0,False,-1,0,0,0,3804,0,0,0.0,21,1.1423712133935295e-20,4495555555.555555,3.1179314599476323e-12,1000000000000.0,1000000000000.0,0.0005987445183220907,1.0,49.89537652684091,0.00014991623455953818,-1.0024493102302374e-05,9142571904.093712,2023.0,0.0,0.0,0.0,0.0,0.0,0.0,0
0.0,-3.1784598048475676e-16,2.302555055592841,0.0,0.1000030037852332,2.0636829512802702e-05,2.063682951280271e-06,0.0,False,161,False,shielded,v9_four_class_stateful_PD_shared_root_m1_marked_embryo_v1,nan,nan,nan,nan,nan,nan,nan,nan,nan,nan,100000000000000.0,68881.994140625,nan,0.6103515625,2.0,0.001,1.0,emission,13098.721493975596,8.596370275629481e-28,1.4084293059565006e-27,2.018051068031,9.701541919594591e-23,custom,False,2.0336912292843157,,terminate,False,nan,1.0,2.040254632355081e-05,3.3427531896505644e-05,0.0,0,active,2.302585092994046,nan,nan,nan,1000000,1.0,inf,False,0,0.0,1.0,0.0,0.0,0,4.4651134664534965e-37,0,0.0,0.0,0.0,0.0,0.0,inf,0.0,0.0,0.0,0.0,0.0,0.0,inf,inf,0.0,0.0,inf,8.601952570068813e-19,9.449987795181004e-19,4.139731506171385e-15,False,9072260690.281586,0.0,0.0,3741.9095810948684,0.0,0.0,0,0,0,0,0.0,0,0,False,0,0.0,False,False,False,False,False,False,False,False,False,False,False,0.0,0.15907029549410637,1867.4460964405084,0,0.0,False,-1,0,0,0,3804,0,0,0.0,20,1.1423813358390543e-20,4495555555.555555,3.1179588875025182e-12,1000000000000.0,1000000000000.0,0.0005987445183220907,1.0,49.89537652684091,0.00014991623455953818,-1.0024493102302374e-05,9142571904.093712,2023.0,0.0,0.0,7.174648137343063e-35,7.174648137343063e-35,0.0,0.0,0
0.0,-3.178488597712221e-16,2.3025754581391644,0.0,0.10000096349012966,2.0636829512802702e-05,2.063682951280271e-06,0.0,False,162,False,shielded,v9_four_class_stateful_PD_shared_root_m1_marked_embryo_v1,nan,nan,nan,nan,nan,nan,nan,nan,nan,nan,100000000000000.0,68882.6044921875,nan,0.6103515625,2.0,0.001,1.0,emission,13098.721493975596,8.596370275629481e-28,1.4084293059565006e-27,2.018051068031,9.701627883297348e-23,custom,False,2.0336912292843157,,terminate,False,nan,1.0,2.040254632355081e-05,3.3427531896505644e-05,0.0,0,active,2.302585092994046,nan,nan,nan,1000000,1.0,inf,False,0,0.0,1.0,0.0,0.0,0,6.568718666053174e-37,0,0.0,0.0,0.0,0.0,0.0,inf,0.0,0.0,0.0,0.0,0.0,0.0,inf,inf,0.0,0.0,inf,8.601952570068813e-19,1.146186604881873e-18,4.139731506171385e-15,False,9072260690.281586,0.0,0.0,3741.9095810948684,0.0,0.0,0,0,0,0,0.0,0,0,False,0,0.0,False,False,False,False,False,False,False,False,False,False,False,0.0,0.15907029549410637,1867.4460964405084,0,0.0,False,-1,0,0,0,3804,0,0,0.0,21,1.1423914582845791e-20,4495555555.555555,3.1179866610427293e-12,1000000000000.0,1000000000000.0,0.0005987445183220907,1.0,49.89537652684091,0.00014991623455953818,-1.0024493102302374e-05,9142571904.093712,2023.0,0.0,0.0,0.0,0.0,0.0,0.0,0
0.0,-3.178516240278835e-16,2.302585092994046,0.0,0.09999999999999998,2.0636829512802702e-05,2.063682951280271e-06,0.0,False,163,False,shielded,v9_four_class_stateful_PD_shared_root_m1_marked_embryo_v1,nan,nan,nan,nan,nan,nan,nan,nan,nan,nan,100000000000000.0,68882.6305180229,nan,0.02602583539598709,2.0,0.001,1.0,emission,13098.721493975596,3.6655549286507826e-29,1.4084293059565006e-27,2.018051068031,9.701631548852276e-23,custom,False,2.0336912292843157,,terminate,False,nan,1.0,9.634854881479527e-06,0.0003702034818434731,0.0,0,active,2.302585092994046,nan,nan,nan,1000000,1.0,inf,False,0,0.0,1.0,0.0,0.0,0,2.871800114168325e-37,0,0.0,0.0,0.0,0.0,0.0,inf,0.0,0.0,0.0,0.0,0.0,0.0,inf,inf,0.0,0.0,inf,8.601952570068813e-19,7.578654384741826e-19,4.139731506171385e-15,False,9072260690.281586,0.0,0.0,3741.9095810948684,0.0,0.0,0,0,0,0,0.0,0,0,False,0,0.0,False,False,False,False,False,False,False,False,False,False,False,0.0,0.15907029549410637,1867.4460964405084,0,0.0,False,-1,0,0,0,3804,0,0,0.0,2,1.1423918899130326e-20,4495555555.555555,3.1180141198708613e-12,1000000000000.0,1000000000000.0,0.0005987445183220907,1.0,49.89537652684091,0.00014991623455953818,-1.0024493102302374e-05,9142571904.093712,2023.0,0.0,0.0,0.0,0.0,0.0,0.0,0
