Dloc_max,F0_residual_N_per_m,H_attempt,P_max,S_no_attempt,Umax_m,Umin_m,ale_accept_scale,ale_geometry_active,block,block_limited_by_birth_clock,case,cleavage_clock_model,cycles_connected,cycles_diffuse_abort,cycles_first_embryo,cycles_first_expected_embryo,cycles_first_expected_stable,cycles_first_softening,cycles_first_stable,cycles_front_capture,cycles_front_stalled,cycles_root_connected,cycles_target,cycles_total,cycles_two_horizon_crack,dN,delivery_hit_count,delivery_memory_s,delivery_scale,delivery_source,delivery_source_multiplicity,dep_eq_block_max,dep_eq_cycle_max,effective_scratch_Kt_max,epsp_acc_max,fatigue_model,fatigue_model_preset_applied,fem_scratch_Kt_max,geometry_invalid_reason,geometry_limit_mode,geometry_saturated,geometry_saturation_cycles,geometry_taper_factor,global_action_increment,global_action_increment_per_cycle,global_action_ledger_closure_error,global_attempt_count,global_clock_policy_state,global_threshold_action,marked_attempt_pd_node_id,marked_attempt_probability,marked_attempt_site_id,max_blocks_requested,minimum_element_area_over_initial,next_birth_wait_cycles_pre,pd_active_front,pd_active_front_bonds,pd_active_front_length_m,pd_amplification_max,pd_birth_rate_max_per_cycle,pd_bond_damage_max,pd_broken_bonds,pd_completion_max,pd_connected_bonds,pd_connected_extent_m,pd_crack_axial_coverage,pd_crack_boundary_clearance_m,pd_crack_centerline_length_m,pd_crack_local_upper_K_MPam05,pd_crack_max_axial_gap_m,pd_crack_orientation_coherence,pd_crack_orientation_deg,pd_crack_remote_KII_MPam05,pd_crack_remote_KI_MPam05,pd_crack_remote_K_MPam05,pd_crack_slenderness,pd_crack_surface_gap_m,pd_crack_tip_radius_eff_m,pd_crack_tip_width_m,pd_crack_width_m,pd_crack_width_ratio,pd_delivery_events_cycle_max,pd_delivery_memory_max,pd_delivery_rate_max_s,pd_diffuse_abort,pd_effective_stress_max_Pa,pd_embryo_max,pd_expected_births_cumulative,pd_expected_candidate_sites,pd_expected_embryos,pd_expected_stable,pd_front_backbone_bonds,pd_front_candidate_mode,pd_front_eligible_fallback,pd_front_eligible_preferred,pd_front_max_link_rate_per_cycle,pd_front_process_bonds,pd_front_stall_updates,pd_front_stalled,pd_front_wake_bonds,pd_growth_max,pd_handoff_K_pass,pd_handoff_boundary_pass,pd_handoff_competition_pass,pd_handoff_coverage_pass,pd_handoff_front_pass,pd_handoff_length_pass,pd_handoff_orientation_pass,pd_handoff_pass,pd_handoff_slenderness_pass,pd_handoff_surface_pass,pd_handoff_tip_pass,pd_max_rate_per_cycle,pd_nucleation_hazard_cycle_max,pd_nucleation_rate_max_s,pd_off_front_broken_bonds,pd_off_front_broken_fraction,pd_precapture_stalled,pd_primary_seed_node,pd_primary_seed_reselections,pd_primary_seed_stall_updates,pd_realized_births_cumulative,pd_realized_candidate_sites,pd_realized_embryos,pd_realized_stable,pd_stable_max,pd_temporal_transient_cycles,plastic_work_J_per_m,remote_sigma_max_Pa,residual_sigma1_max_Pa,rho_max_m2,rho_mean_m2,root_radius_m,root_radius_over_initial,root_radius_over_spacing,root_x_m,root_y_m,sigma1_cycle_max_Pa,sigma_a_MPa,surface_move_max_m,surface_shear_gamma_nt_max,v9_fem_embedded_error,v9_fem_error_ep_gp,v9_fem_error_epsp_acc_gp,v9_fem_error_rho_gp,v9_fem_rejections
0.0,-2.4366468528970724e-17,2.2365207550730606,0.0,0.10682954468630557,2.2044581600181238e-05,2.2044581600181245e-06,0.0,False,5,False,shielded,v9_four_class_stateful_PD_shared_root_m1_marked_embryo_v1,nan,nan,nan,nan,nan,nan,nan,nan,nan,nan,100000000000000.0,3460.6103515625,nan,0.6103515625,2.0,0.001,1.0,emission,13098.721493975596,1.5083607127863705e-27,2.4712981918302553e-27,2.0180510680240156,8.552200104714905e-24,custom,False,2.033691229284315,,terminate,False,nan,1.0,0.00039445756642503504,0.0006462792768307774,4.440892098500626e-16,0,active,2.302585092994046,nan,nan,nan,1000000,1.0,inf,False,0,0.0,1.0,0.0,0.0,0,1.9477289103118184e-36,0,0.0,0.0,0.0,0.0,0.0,inf,0.0,0.0,0.0,0.0,0.0,0.0,inf,inf,0.0,0.0,inf,1.4788382786466887e-18,1.973691419807979e-18,7.211897894015487e-15,False,9691129684.444218,0.0,0.0,3741.9095810948684,0.0,0.0,0,0,0,0,0.0,0,0,False,0,0.0,False,False,False,False,False,False,False,False,False,False,False,0.0,3.901637880157773,45645.68973525756,0,0.0,False,-1,0,0,0,3804,0,0,0.0,20,9.384990918905621e-22,4802222222.222222,2.8319402490804414e-13,1000000000000.0,1000000000000.0,0.0005987445183220907,1.0,49.89537652684091,0.00014991623455953818,-1.0024493102302374e-05,9766237214.407566,2161.0,0.0,0.0,5.739718509874451e-34,5.739718509874451e-34,0.0,0.0,0
0.0,-2.4371057571912803e-17,2.236915212639554,0.0,0.10678741327415245,2.2044581600181238e-05,2.2044581600181245e-06,0.0,False,6,False,shielded,v9_four_class_stateful_PD_shared_root_m1_marked_embryo_v1,nan,nan,nan,nan,nan,nan,nan,nan,nan,nan,100000000000000.0,3461.220703125,nan,0.6103515625,2.0,0.001,1.0,emission,13098.721493975596,1.5083607128848181e-27,2.4712981919901635e-27,2.0180510680315757,8.55370846542779e-24,custom,False,2.033691229284315,,terminate,False,nan,1.0,0.0003944575664932683,0.0006462792769425707,4.440892098500626e-16,0,active,2.302585092994046,nan,nan,nan,1000000,1.0,inf,False,0,0.0,1.0,0.0,0.0,0,1.9477289103909804e-36,0,0.0,0.0,0.0,0.0,0.0,inf,0.0,0.0,0.0,0.0,0.0,0.0,inf,inf,0.0,0.0,inf,1.4788382786927784e-18,1.973691419848088e-18,7.211897894245623e-15,False,9691129684.480522,0.0,0.0,3741.9095810948684,0.0,0.0,0,0,0,0,0.0,0,0,False,0,0.0,False,False,False,False,False,False,False,False,False,False,False,0.0,3.9016378808613945,45645.689743459436,0,0.0,False,-1,0,0,0,3804,0,0,0.0,21,9.386646159828363e-22,4802222222.222222,2.8324464143511584e-13,1000000000000.0,1000000000000.0,0.0005987445183220907,1.0,49.89537652684091,0.00014991623455953818,-1.0024493102302374e-05,9766237214.407566,2161.0,0.0,0.0,2.8698592549372254e-34,2.8698592549372254e-34,0.0,0.0,0
0.0,-2.4375456932000666e-17,2.2373096702060473,0.0,0.10674529847777635,2.2044581600181238e-05,2.2044581600181245e-06,0.0,False,7,False,shielded,v9_four_class_stateful_PD_shared_root_m1_marked_embryo_v1,nan,nan,nan,nan,nan,nan,nan,nan,nan,nan,100000000000000.0,3461.8310546875,nan,0.6103515625,2.0,0.001,1.0,emission,13098.721493975596,1.5083607128848181e-27,2.4712981919901635e-27,2.0180510680315757,8.555216826140674e-24,custom,False,2.033691229284315,,terminate,False,nan,1.0,0.0003944575664932683,0.0006462792769425707,0.0,0,active,2.302585092994046,nan,nan,nan,1000000,1.0,inf,False,0,0.0,1.0,0.0,0.0,0,1.808969323578104e-36,0,0.0,0.0,0.0,0.0,0.0,inf,0.0,0.0,0.0,0.0,0.0,0.0,inf,inf,0.0,0.0,inf,1.4788382786927784e-18,1.9020879704041577e-18,7.211897894245623e-15,False,9691129684.480522,0.0,0.0,3741.9095810948684,0.0,0.0,0,0,0,0,0.0,0,0,False,0,0.0,False,False,False,False,False,False,False,False,False,False,False,0.0,3.9016378808613945,45645.689743459436,0,0.0,False,-1,0,0,0,3804,0,0,0.0,20,9.388301400751105e-22,4802222222.222222,2.83294471659975e-13,1000000000000.0,1000000000000.0,0.0005987445183220907,1.0,49.89537652684091,0.00014991623455953818,-1.0024493102302374e-05,9766237214.407566,2161.0,0.0,0.0,5.739718509874451e-34,5.739718509874451e-34,0.0,0.0,0
0.0,-2.437964711879113e-17,2.237704127772541,0.0,0.10670320029062426,2.2044581600181238e-05,2.2044581600181245e-06,0.0,False,8,False,shielded,v9_four_class_stateful_PD_shared_root_m1_marked_embryo_v1,nan,nan,nan,nan,nan,nan,nan,nan,nan,nan,100000000000000.0,3462.44140625,nan,0.6103515625,2.0,0.001,1.0,emission,13098.721493975596,1.5083607128848181e-27,2.4712981919901635e-27,2.0180510680315757,8.556725186853559e-24,custom,False,2.033691229284315,,terminate,False,nan,1.0,0.0003944575664932683,0.0006462792769425707,4.440892098500626e-16,0,active,2.302585092994046,nan,nan,nan,1000000,1.0,inf,False,0,0.0,1.0,0.0,0.0,0,1.947728910421427e-36,0,0.0,0.0,0.0,0.0,0.0,inf,0.0,0.0,0.0,0.0,0.0,0.0,inf,inf,0.0,0.0,inf,1.4788382786927784e-18,1.973691419863514e-18,7.211897894245623e-15,False,9691129684.480522,0.0,0.0,3741.9095810948684,0.0,0.0,0,0,0,0,0.0,0,0,False,0,0.0,False,False,False,False,False,False,False,False,False,False,False,0.0,3.9016378808613945,45645.689743459436,0,0.0,False,-1,0,0,0,3804,0,0,0.0,21,9.389956641673847e-22,4802222222.222222,2.8334428964914547e-13,1000000000000.0,1000000000000.0,0.0005987445183220907,1.0,49.89537652684091,0.00014991623455953818,-1.0024493102302374e-05,9766237214.407566,2161.0,0.0,0.0,2.8698592549372254e-34,2.8698592549372254e-34,0.0,0.0,0
0.0,-2.43836943067332e-17,2.238098585339034,0.0,0.10666111870614595,2.2044581600181238e-05,2.2044581600181245e-06,0.0,False,9,False,shielded,v9_four_class_stateful_PD_shared_root_m1_marked_embryo_v1,nan,nan,nan,nan,nan,nan,nan,nan,nan,nan,100000000000000.0,3463.0517578125,nan,0.6103515625,2.0,0.001,1.0,emission,13098.721493975596,1.5083607128848181e-27,2.4712981919901635e-27,2.0180510680315757,8.558233547566444e-24,custom,False,2.033691229284315,,terminate,False,nan,1.0,0.0003944575664932683,0.0006462792769425707,0.0,0,active,2.302585092994046,nan,nan,nan,1000000,1.0,inf,False,0,0.0,1.0,0.0,0.0,0,1.5259097232552617e-36,0,0.0,0.0,0.0,0.0,0.0,inf,0.0,0.0,0.0,0.0,0.0,0.0,inf,inf,0.0,0.0,inf,1.4788382786927784e-18,1.7469457480158118e-18,7.211897894245623e-15,False,9691129684.480522,0.0,0.0,3741.9095810948684,0.0,0.0,0,0,0,0,0.0,0,0,False,0,0.0,False,False,False,False,False,False,False,False,False,False,False,0.0,3.9016378808613945,45645.689743459436,0,0.0,False,-1,0,0,0,3804,0,0,0.0,20,9.39161188259659e-22,4802222222.222222,2.8339392086333333e-13,1000000000000.0,1000000000000.0,0.0005987445183220907,1.0,49.89537652684091,0.00014991623455953818,-1.0024493102302374e-05,9766237214.407566,2161.0,0.0,0.0,2.8698592549372254e-34,2.8698592549372254e-34,0.0,0.0,0
0.0,-2.4388080431931262e-17,2.238493042905527,0.0,0.10661905371779358,2.2044581600181238e-05,2.2044581600181245e-06,0.0,False,10,False,shielded,v9_four_class_stateful_PD_shared_root_m1_marked_embryo_v1,nan,nan,nan,nan,nan,nan,nan,nan,nan,nan,100000000000000.0,3463.662109375,nan,0.6103515625,2.0,0.001,1.0,emission,13098.721493975596,1.5083607128848181e-27,2.4712981919901635e-27,2.0180510680315757,8.559741908279329e-24,custom,False,2.033691229284315,,terminate,False,nan,1.0,0.0003944575664932683,0.0006462792769425707,0.0,0,active,2.302585092994046,nan,nan,nan,1000000,1.0,inf,False,0,0.0,1.0,0.0,0.0,0,1.9477289104326094e-36,0,0.0,0.0,0.0,0.0,0.0,inf,0.0,0.0,0.0,0.0,0.0,0.0,inf,inf,0.0,0.0,inf,1.4788382786927784e-18,1.97369141986918e-18,7.211897894245623e-15,False,9691129684.480522,0.0,0.0,3741.9095810948684,0.0,0.0,0,0,0,0,0.0,0,0,False,0,0.0,False,False,False,False,False,False,False,False,False,False,False,0.0,3.9016378808613945,45645.689743459436,0,0.0,False,-1,0,0,0,3804,0,0,0.0,21,9.393267123519331e-22,4802222222.222222,2.834437009806797e-13,1000000000000.0,1000000000000.0,0.0005987445183220907,1.0,49.89537652684091,0.00014991623455953818,-1.0024493102302374e-05,9766237214.407566,2161.0,0.0,0.0,2.2420775429197073e-36,2.2420775429197073e-36,0.0,0.0,0
0.0,-2.4392467694502666e-17,2.238887500472021,0.0,0.10657700531902195,2.2044581600181238e-05,2.2044581600181245e-06,0.0,False,11,False,shielded,v9_four_class_stateful_PD_shared_root_m1_marked_embryo_v1,nan,nan,nan,nan,nan,nan,nan,nan,nan,nan,100000000000000.0,3464.2724609375,nan,0.6103515625,2.0,0.001,1.0,emission,13098.721493975596,1.5083607128848181e-27,2.4712981919901635e-27,2.0180510680315757,8.561250268992213e-24,custom,False,2.033691229284315,,terminate,False,nan,1.0,0.0003944575664932683,0.0006462792769425707,4.440892098500626e-16,0,active,2.302585092994046,nan,nan,nan,1000000,1.0,inf,False,0,0.0,1.0,0.0,0.0,0,1.9477289104367612e-36,0,0.0,0.0,0.0,0.0,0.0,inf,0.0,0.0,0.0,0.0,0.0,0.0,inf,inf,0.0,0.0,inf,1.4788382786927784e-18,1.9736914198712833e-18,7.211897894245623e-15,False,9691129684.480522,0.0,0.0,3741.9095810948684,0.0,0.0,0,0,0,0,0.0,0,0,False,0,0.0,False,False,False,False,False,False,False,False,False,False,False,0.0,3.9016378808613945,45645.689743459436,0,0.0,False,-1,0,0,0,3804,0,0,0.0,20,9.394922364442073e-22,4802222222.222222,2.834936409740791e-13,1000000000000.0,1000000000000.0,0.0005987445183220907,1.0,49.89537652684091,0.00014991623455953818,-1.0024493102302374e-05,9766237214.407566,2161.0,0.0,0.0,5.739718509874451e-34,5.739718509874451e-34,0.0,0.0,0
0.0,-2.4396758487135132e-17,2.239281958038514,0.0,0.10653497350328855,2.2044581600181238e-05,2.2044581600181245e-06,0.0,False,12,False,shielded,v9_four_class_stateful_PD_shared_root_m1_marked_embryo_v1,nan,nan,nan,nan,nan,nan,nan,nan,nan,nan,100000000000000.0,3464.8828125,nan,0.6103515625,2.0,0.001,1.0,emission,13098.721493975596,1.5083607128848181e-27,2.4712981919901635e-27,2.0180510680315757,8.562758629705098e-24,custom,False,2.033691229284315,,terminate,False,nan,1.0,0.0003944575664932683,0.0006462792769425707,0.0,0,active,2.302585092994046,nan,nan,nan,1000000,1.0,inf,False,0,0.0,1.0,0.0,0.0,0,1.6452222543748036e-36,0,0.0,0.0,0.0,0.0,0.0,inf,0.0,0.0,0.0,0.0,0.0,0.0,inf,inf,0.0,0.0,inf,1.4788382786927784e-18,1.8139582433864368e-18,7.211897894245623e-15,False,9691129684.480522,0.0,0.0,3741.9095810948684,0.0,0.0,0,0,0,0,0.0,0,0,False,0,0.0,False,False,False,False,False,False,False,False,False,False,False,0.0,3.9016378808613945,45645.689743459436,0,0.0,False,-1,0,0,0,3804,0,0,0.0,21,9.396577605364815e-22,4802222222.222222,2.8354366166436973e-13,1000000000000.0,1000000000000.0,0.0005987445183220907,1.0,49.89537652684091,0.00014991623455953818,-1.0024493102302374e-05,9766237214.407566,2161.0,0.0,0.0,2.8698592549372254e-34,2.8698592549372254e-34,0.0,0.0,0
0.0,-2.4401159915174527e-17,2.2396764156050075,0.0,0.10649295826405329,2.2044581600181238e-05,2.2044581600181245e-06,0.0,False,13,False,shielded,v9_four_class_stateful_PD_shared_root_m1_marked_embryo_v1,nan,nan,nan,nan,nan,nan,nan,nan,nan,nan,100000000000000.0,3465.4931640625,nan,0.6103515625,2.0,0.001,1.0,emission,13098.721493975596,1.5083607128848181e-27,2.4712981919901635e-27,2.0180510680315757,8.564266990417983e-24,custom,False,2.033691229284315,,terminate,False,nan,1.0,0.0003944575664932683,0.0006462792769425707,4.440892098500626e-16,0,active,2.302585092994046,nan,nan,nan,1000000,1.0,inf,False,0,0.0,1.0,0.0,0.0,0,1.9477289104382833e-36,0,0.0,0.0,0.0,0.0,0.0,inf,0.0,0.0,0.0,0.0,0.0,0.0,inf,inf,0.0,0.0,inf,1.4788382786927784e-18,1.9736914198720545e-18,7.211897894245623e-15,False,9691129684.480522,0.0,0.0,3741.9095810948684,0.0,0.0,0,0,0,0,0.0,0,0,False,0,0.0,False,False,False,False,False,False,False,False,False,False,False,0.0,3.9016378808613945,45645.689743459436,0,0.0,False,-1,0,0,0,3804,0,0,0.0,20,9.398232846287557e-22,4802222222.222222,2.835939310473975e-13,1000000000000.0,1000000000000.0,0.0005987445183220907,1.0,49.89537652684091,0.00014991623455953818,-1.0024493102302374e-05,9766237214.407566,2161.0,0.0,0.0,1.7936620343357659e-35,1.7936620343357659e-35,0.0,0.0,0
0.0,-2.440518952552858e-17,2.2400708731715007,0.0,0.10645095959477881,2.2044581600181238e-05,2.2044581600181245e-06,0.0,False,14,False,shielded,v9_four_class_stateful_PD_shared_root_m1_marked_embryo_v1,nan,nan,nan,nan,nan,nan,nan,nan,nan,nan,100000000000000.0,3466.103515625,nan,0.6103515625,2.0,0.001,1.0,emission,13098.721493975596,1.5083607128848181e-27,2.4712981919901635e-27,2.0180510680315757,8.565775351130868e-24,custom,False,2.033691229284315,,terminate,False,nan,1.0,0.0003944575664932683,0.0006462792769425707,0.0,0,active,2.302585092994046,nan,nan,nan,1000000,1.0,inf,False,0,0.0,1.0,0.0,0.0,0,1.8572074389923584e-36,0,0.0,0.0,0.0,0.0,0.0,inf,0.0,0.0,0.0,0.0,0.0,0.0,inf,inf,0.0,0.0,inf,1.4788382786927784e-18,1.9272817329038113e-18,7.211897894245623e-15,False,9691129684.480522,0.0,0.0,3741.9095810948684,0.0,0.0,0,0,0,0,0.0,0,0,False,0,0.0,False,False,False,False,False,False,False,False,False,False,False,0.0,3.9016378808613945,45645.689743459436,0,0.0,False,-1,0,0,0,3804,0,0,0.0,21,9.3998880872103e-22,4802222222.222222,2.8364382595916416e-13,1000000000000.0,1000000000000.0,0.0005987445183220907,1.0,49.89537652684091,0.00014991623455953818,-1.0024493102302374e-05,9766237214.407566,2161.0,0.0,0.0,2.8698592549372254e-34,2.8698592549372254e-34,0.0,0.0,0
0.0,-2.440975556250987e-17,2.240465330737994,0.0,0.1064089774889302,2.2044581600181238e-05,2.2044581600181245e-06,0.0,False,15,False,shielded,v9_four_class_stateful_PD_shared_root_m1_marked_embryo_v1,nan,nan,nan,nan,nan,nan,nan,nan,nan,nan,100000000000000.0,3466.7138671875,nan,0.6103515625,2.0,0.001,1.0,emission,13098.721493975596,1.5083607128848181e-27,2.4712981919901635e-27,2.0180510680315757,8.567283711843753e-24,custom,False,2.033691229284315,,terminate,False,nan,1.0,0.0003944575664932683,0.0006462792769425707,0.0,0,active,2.302585092994046,nan,nan,nan,1000000,1.0,inf,False,0,0.0,1.0,0.0,0.0,0,1.9477289104388646e-36,0,0.0,0.0,0.0,0.0,0.0,inf,0.0,0.0,0.0,0.0,0.0,0.0,inf,inf,0.0,0.0,inf,1.4788382786927784e-18,1.973691419872349e-18,7.211897894245623e-15,False,9691129684.480522,0.0,0.0,3741.9095810948684,0.0,0.0,0,0,0,0,0.0,0,0,False,0,0.0,False,False,False,False,False,False,False,False,False,False,False,0.0,3.9016378808613945,45645.689743459436,0,0.0,False,-1,0,0,0,3804,0,0,0.0,20,9.401543328133041e-22,4802222222.222222,2.8369325188570026e-13,1000000000000.0,1000000000000.0,0.0005987445183220907,1.0,49.89537652684091,0.00014991623455953818,-1.0024493102302374e-05,9766237214.407566,2161.0,0.0,0.0,4.5917748078995606e-33,4.5917748078995606e-33,0.0,0.0,0
0.0,-2.4413758599686745e-17,2.240859788304487,0.0,0.10636701193997519,2.2044581600181238e-05,2.2044581600181245e-06,0.0,False,16,False,shielded,v9_four_class_stateful_PD_shared_root_m1_marked_embryo_v1,nan,nan,nan,nan,nan,nan,nan,nan,nan,nan,100000000000000.0,3467.32421875,nan,0.6103515625,2.0,0.001,1.0,emission,13098.721493975596,1.5083607128848181e-27,2.4712981919901635e-27,2.0180510680315757,8.568792072556638e-24,custom,False,2.033691229284315,,terminate,False,nan,1.0,0.0003944575664932683,0.0006462792769425707,0.0,0,active,2.302585092994046,nan,nan,nan,1000000,1.0,inf,False,0,0.0,1.0,0.0,0.0,0,1.9477289104390307e-36,0,0.0,0.0,0.0,0.0,0.0,inf,0.0,0.0,0.0,0.0,0.0,0.0,inf,inf,0.0,0.0,inf,1.4788382786927784e-18,1.973691419872433e-18,7.211897894245623e-15,False,9691129684.480522,0.0,0.0,3741.9095810948684,0.0,0.0,0,0,0,0,0.0,0,0,False,0,0.0,False,False,False,False,False,False,False,False,False,False,False,0.0,3.9016378808613945,45645.689743459436,0,0.0,False,-1,0,0,0,3804,0,0,0.0,21,9.403198569055783e-22,4802222222.222222,2.837437530666595e-13,1000000000000.0,1000000000000.0,0.0005987445183220907,1.0,49.89537652684091,0.00014991623455953818,-1.0024493102302374e-05,9766237214.407566,2161.0,0.0,0.0,2.2420775429197073e-36,2.2420775429197073e-36,0.0,0.0,0
0.0,-2.4418254843303854e-17,2.2412542458709805,0.0,0.10632506294138404,2.2044581600181238e-05,2.2044581600181245e-06,0.0,False,17,False,shielded,v9_four_class_stateful_PD_shared_root_m1_marked_embryo_v1,nan,nan,nan,nan,nan,nan,nan,nan,nan,nan,100000000000000.0,3467.9345703125,nan,0.6103515625,2.0,0.001,1.0,emission,13098.721493975596,1.5083607128848181e-27,2.4712981919901635e-27,2.0180510680315757,8.570300433269522e-24,custom,False,2.033691229284315,,terminate,False,nan,1.0,0.0003944575664932683,0.0006462792769425707,4.440892098500626e-16,0,active,2.302585092994046,nan,nan,nan,1000000,1.0,inf,False,0,0.0,1.0,0.0,0.0,0,1.4860353887918645e-36,0,0.0,0.0,0.0,0.0,0.0,inf,0.0,0.0,0.0,0.0,0.0,0.0,inf,inf,0.0,0.0,inf,1.4788382786927784e-18,1.7239694827878274e-18,7.211897894245623e-15,False,9691129684.480522,0.0,0.0,3741.9095810948684,0.0,0.0,0,0,0,0,0.0,0,0,False,0,0.0,False,False,False,False,False,False,False,False,False,False,False,0.0,3.9016378808613945,45645.689743459436,0,0.0,False,-1,0,0,0,3804,0,0,0.0,20,9.404853809978525e-22,4802222222.222222,2.837934921461167e-13,1000000000000.0,1000000000000.0,0.0005987445183220907,1.0,49.89537652684091,0.00014991623455953818,-1.0024493102302374e-05,9766237214.407566,2161.0,0.0,0.0,5.739718509874451e-34,5.739718509874451e-34,0.0,0.0,0
0.0,-2.442265802910205e-17,2.2416487034374737,0.0,0.10628313048662968,2.2044581600181238e-05,2.2044581600181245e-06,0.0,False,18,False,shielded,v9_four_class_stateful_PD_shared_root_m1_marked_embryo_v1,nan,nan,nan,nan,nan,nan,nan,nan,nan,nan,100000000000000.0,3468.544921875,nan,0.6103515625,2.0,0.001,1.0,emission,13098.721493975596,1.5083607128848181e-27,2.4712981919901635e-27,2.0180510680315757,8.571808793982407e-24,custom,False,2.033691229284315,,terminate,False,nan,1.0,0.0003944575664932683,0.0006462792769425707,0.0,0,active,2.302585092994046,nan,nan,nan,1000000,1.0,inf,False,0,0.0,1.0,0.0,0.0,0,1.947728910439114e-36,0,0.0,0.0,0.0,0.0,0.0,inf,0.0,0.0,0.0,0.0,0.0,0.0,inf,inf,0.0,0.0,inf,1.4788382786927784e-18,1.9736914198724755e-18,7.211897894245623e-15,False,9691129684.480522,0.0,0.0,3741.9095810948684,0.0,0.0,0,0,0,0,0.0,0,0,False,0,0.0,False,False,False,False,False,False,False,False,False,False,False,0.0,3.9016378808613945,45645.689743459436,0,0.0,False,-1,0,0,0,3804,0,0,0.0,21,9.406509050901267e-22,4802222222.222222,2.8384346189433477e-13,1000000000000.0,1000000000000.0,0.0005987445183220907,1.0,49.89537652684091,0.00014991623455953818,-1.0024493102302374e-05,9766237214.407566,2161.0,0.0,0.0,2.8698592549372254e-34,2.8698592549372254e-34,0.0,0.0,0
0.0,-2.4426801686983058e-17,2.242043161003967,0.0,0.10624121456918756,2.2044581600181238e-05,2.2044581600181245e-06,0.0,False,19,False,shielded,v9_four_class_stateful_PD_shared_root_m1_marked_embryo_v1,nan,nan,nan,nan,nan,nan,nan,nan,nan,nan,100000000000000.0,3469.1552734375,nan,0.6103515625,2.0,0.001,1.0,emission,13098.721493975596,1.5083607128848181e-27,2.4712981919901635e-27,2.0180510680315757,8.573317154695292e-24,custom,False,2.033691229284315,,terminate,False,nan,1.0,0.0003944575664932683,0.0006462792769425707,0.0,0,active,2.302585092994046,nan,nan,nan,1000000,1.0,inf,False,0,0.0,1.0,0.0,0.0,0,1.9472255139151593e-36,0,0.0,0.0,0.0,0.0,0.0,inf,0.0,0.0,0.0,0.0,0.0,0.0,inf,inf,0.0,0.0,inf,1.4788382786927784e-18,1.973436350083356e-18,7.211897894245623e-15,False,9691129684.480522,0.0,0.0,3741.9095810948684,0.0,0.0,0,0,0,0,0.0,0,0,False,0,0.0,False,False,False,False,False,False,False,False,False,False,False,0.0,3.9016378808613945,45645.689743459436,0,0.0,False,-1,0,0,0,3804,0,0,0.0,20,9.40816429182401e-22,4802222222.222222,2.838936239928189e-13,1000000000000.0,1000000000000.0,0.0005987445183220907,1.0,49.89537652684091,0.00014991623455953818,-1.0024493102302374e-05,9766237214.407566,2161.0,0.0,0.0,2.8698592549372254e-34,2.8698592549372254e-34,0.0,0.0,0
0.0,-2.4431238890583946e-17,2.24243761857046,0.0,0.10619931518253566,2.2044581600181238e-05,2.2044581600181245e-06,0.0,False,20,False,shielded,v9_four_class_stateful_PD_shared_root_m1_marked_embryo_v1,nan,nan,nan,nan,nan,nan,nan,nan,nan,nan,100000000000000.0,3469.765625,nan,0.6103515625,2.0,0.001,1.0,emission,13098.721493975596,1.5083607128848181e-27,2.4712981919901635e-27,2.0180510680315757,8.574825515408177e-24,custom,False,2.033691229284315,,terminate,False,nan,1.0,0.0003944575664932683,0.0006462792769425707,0.0,0,active,2.302585092994046,nan,nan,nan,1000000,1.0,inf,False,0,0.0,1.0,0.0,0.0,0,1.9477289104391416e-36,0,0.0,0.0,0.0,0.0,0.0,inf,0.0,0.0,0.0,0.0,0.0,0.0,inf,inf,0.0,0.0,inf,1.4788382786927784e-18,1.9736914198724894e-18,7.211897894245623e-15,False,9691129684.480522,0.0,0.0,3741.9095810948684,0.0,0.0,0,0,0,0,0.0,0,0,False,0,0.0,False,False,False,False,False,False,False,False,False,False,False,0.0,3.9016378808613945,45645.689743459436,0,0.0,False,-1,0,0,0,3804,0,0,0.0,21,9.409819532746751e-22,4802222222.222222,2.839432188810053e-13,1000000000000.0,1000000000000.0,0.0005987445183220907,1.0,49.89537652684091,0.00014991623455953818,-1.0024493102302374e-05,9766237214.407566,2161.0,0.0,0.0,2.2958874039497803e-33,2.2958874039497803e-33,0.0,0.0,0
0.0,-2.443559606446057e-17,2.2428320761369536,0.0,0.10615743232015452,2.2044581600181238e-05,2.2044581600181245e-06,0.0,False,21,False,shielded,v9_four_class_stateful_PD_shared_root_m1_marked_embryo_v1,nan,nan,nan,nan,nan,nan,nan,nan,nan,nan,100000000000000.0,3470.3759765625,nan,0.6103515625,2.0,0.001,1.0,emission,13098.721493975596,1.5083607128848181e-27,2.4712981919901635e-27,2.0180510680315757,8.576333876121062e-24,custom,False,2.033691229284315,,terminate,False,nan,1.0,0.0003944575664932683,0.0006462792769425707,4.440892098500626e-16,0,active,2.302585092994046,nan,nan,nan,1000000,1.0,inf,False,0,0.0,1.0,0.0,0.0,0,1.9477289104391967e-36,0,0.0,0.0,0.0,0.0,0.0,inf,0.0,0.0,0.0,0.0,0.0,0.0,inf,inf,0.0,0.0,inf,1.4788382786927784e-18,1.9736914198725175e-18,7.211897894245623e-15,False,9691129684.480522,0.0,0.0,3741.9095810948684,0.0,0.0,0,0,0,0,0.0,0,0,False,0,0.0,False,False,False,False,False,False,False,False,False,False,False,0.0,3.9016378808613945,45645.689743459436,0,0.0,False,-1,0,0,0,3804,0,0,0.0,21,9.411474773669493e-22,4802222222.222222,2.83993048249997e-13,1000000000000.0,1000000000000.0,0.0005987445183220907,1.0,49.89537652684091,0.00014991623455953818,-1.0024493102302374e-05,9766237214.407566,2161.0,0.0,0.0,5.739718509874451e-34,5.739718509874451e-34,0.0,0.0,0
0.0,-2.4439794523057158e-17,2.2432265337034467,0.0,0.10611556597552742,2.2044581600181238e-05,2.2044581600181245e-06,0.0,False,22,False,shielded,v9_four_class_stateful_PD_shared_root_m1_marked_embryo_v1,nan,nan,nan,nan,nan,nan,nan,nan,nan,nan,100000000000000.0,3470.986328125,nan,0.6103515625,2.0,0.001,1.0,emission,13098.721493975596,1.5083607128848181e-27,2.4712981919901635e-27,2.0180510680315757,8.577842236833946e-24,custom,False,2.033691229284315,,terminate,False,nan,1.0,0.0003944575664932683,0.0006462792769425707,0.0,0,active,2.302585092994046,nan,nan,nan,1000000,1.0,inf,False,0,0.0,1.0,0.0,0.0,0,1.3402467112963812e-36,0,0.0,0.0,0.0,0.0,0.0,inf,0.0,0.0,0.0,0.0,0.0,0.0,inf,inf,0.0,0.0,inf,1.4788382786927784e-18,1.6372212503485173e-18,7.211897894245623e-15,False,9691129684.480522,0.0,0.0,3741.9095810948684,0.0,0.0,0,0,0,0,0.0,0,0,False,0,0.0,False,False,False,False,False,False,False,False,False,False,False,0.0,3.9016378808613945,45645.689743459436,0,0.0,False,-1,0,0,0,3804,0,0,0.0,20,9.413130014592235e-22,4802222222.222222,2.840430417133137e-13,1000000000000.0,1000000000000.0,0.0005987445183220907,1.0,49.89537652684091,0.00014991623455953818,-1.0024493102302374e-05,9766237214.407566,2161.0,0.0,0.0,2.8698592549372254e-34,2.8698592549372254e-34,0.0,0.0,0
0.0,-2.44439601012244e-17,2.24362099126994,0.0,0.10607371614214002,2.2044581600181238e-05,2.2044581600181245e-06,0.0,False,23,False,shielded,v9_four_class_stateful_PD_shared_root_m1_marked_embryo_v1,nan,nan,nan,nan,nan,nan,nan,nan,nan,nan,100000000000000.0,3471.5966796875,nan,0.6103515625,2.0,0.001,1.0,emission,13098.721493975596,1.5083607128848181e-27,2.4712981919901635e-27,2.0180510680315757,8.579350597546831e-24,custom,False,2.033691229284315,,terminate,False,nan,1.0,0.0003944575664932683,0.0006462792769425707,0.0,0,active,2.302585092994046,nan,nan,nan,1000000,1.0,inf,False,0,0.0,1.0,0.0,0.0,0,1.9477289104391967e-36,0,0.0,0.0,0.0,0.0,0.0,inf,0.0,0.0,0.0,0.0,0.0,0.0,inf,inf,0.0,0.0,inf,1.4788382786927784e-18,1.9736914198725175e-18,7.211897894245623e-15,False,9691129684.480522,0.0,0.0,3741.9095810948684,0.0,0.0,0,0,0,0,0.0,0,0,False,0,0.0,False,False,False,False,False,False,False,False,False,False,False,0.0,3.9016378808613945,45645.689743459436,0,0.0,False,-1,0,0,0,3804,0,0,0.0,21,9.414785255514977e-22,4802222222.222222,2.8409335610122737e-13,1000000000000.0,1000000000000.0,0.0005987445183220907,1.0,49.89537652684091,0.00014991623455953818,-1.0024493102302374e-05,9766237214.407566,2161.0,0.0,0.0,5.739718509874451e-34,5.739718509874451e-34,0.0,0.0,0
0.0,-2.4448359978300145e-17,2.244015448836433,0.0,0.10603188281348065,2.2044581600181238e-05,2.2044581600181245e-06,0.0,False,24,False,shielded,v9_four_class_stateful_PD_shared_root_m1_marked_embryo_v1,nan,nan,nan,nan,nan,nan,nan,nan,nan,nan,100000000000000.0,3472.20703125,nan,0.6103515625,2.0,0.001,1.0,emission,13098.721493975596,1.5083607128848181e-27,2.4712981919901635e-27,2.0180510680315757,8.580858958259716e-24,custom,False,2.033691229284315,,terminate,False,nan,1.0,0.0003944575664932683,0.0006462792769425707,0.0,0,active,2.302585092994046,nan,nan,nan,1000000,1.0,inf,False,0,0.0,1.0,0.0,0.0,0,1.9477289104391967e-36,0,0.0,0.0,0.0,0.0,0.0,inf,0.0,0.0,0.0,0.0,0.0,0.0,inf,inf,0.0,0.0,inf,1.4788382786927784e-18,1.9736914198725175e-18,7.211897894245623e-15,False,9691129684.480522,0.0,0.0,3741.9095810948684,0.0,0.0,0,0,0,0,0.0,0,0,False,0,0.0,False,False,False,False,False,False,False,False,False,False,False,0.0,3.9016378808613945,45645.689743459436,0,0.0,False,-1,0,0,0,3804,0,0,0.0,20,9.416440496437719e-22,4802222222.222222,2.8414323468796446e-13,1000000000000.0,1000000000000.0,0.0005987445183220907,1.0,49.89537652684091,0.00014991623455953818,-1.0024493102302374e-05,9766237214.407566,2161.0,0.0,0.0,5.739718509874451e-34,5.739718509874451e-34,0.0,0.0,0
0.0,-2.4452629781224567e-17,2.2444099064029266,0.0,0.10599006598304012,2.2044581600181238e-05,2.2044581600181245e-06,0.0,False,25,False,shielded,v9_four_class_stateful_PD_shared_root_m1_marked_embryo_v1,nan,nan,nan,nan,nan,nan,nan,nan,nan,nan,100000000000000.0,3472.8173828125,nan,0.6103515625,2.0,0.001,1.0,emission,13098.721493975596,1.5083607128848181e-27,2.4712981919901635e-27,2.0180510680315757,8.582367318972601e-24,custom,False,2.033691229284315,,terminate,False,nan,1.0,0.0003944575664932683,0.0006462792769425707,4.440892098500626e-16,0,active,2.302585092994046,nan,nan,nan,1000000,1.0,inf,False,0,0.0,1.0,0.0,0.0,0,1.8461691702492172e-36,0,0.0,0.0,0.0,0.0,0.0,inf,0.0,0.0,0.0,0.0,0.0,0.0,inf,inf,0.0,0.0,inf,1.4788382786927784e-18,1.9215458205565735e-18,7.211897894245623e-15,False,9691129684.480522,0.0,0.0,3741.9095810948684,0.0,0.0,0,0,0,0,0.0,0,0,False,0,0.0,False,False,False,False,False,False,False,False,False,False,False,0.0,3.9016378808613945,45645.689743459436,0,0.0,False,-1,0,0,0,3804,0,0,0.0,21,9.418095737360461e-22,4802222222.222222,2.8419317681014314e-13,1000000000000.0,1000000000000.0,0.0005987445183220907,1.0,49.89537652684091,0.00014991623455953818,-1.0024493102302374e-05,9766237214.407566,2161.0,0.0,0.0,2.8698592549372254e-34,2.8698592549372254e-34,0.0,0.0,0
0.0,-2.4456987472089073e-17,2.2448043639694197,0.0,0.10594826564431194,2.2044581600181238e-05,2.2044581600181245e-06,0.0,False,26,False,shielded,v9_four_class_stateful_PD_shared_root_m1_marked_embryo_v1,nan,nan,nan,nan,nan,nan,nan,nan,nan,nan,100000000000000.0,3473.427734375,nan,0.6103515625,2.0,0.001,1.0,emission,13098.721493975596,1.5083607128848181e-27,2.4712981919901635e-27,2.0180510680315757,8.583875679685486e-24,custom,False,2.033691229284315,,terminate,False,nan,1.0,0.0003944575664932683,0.0006462792769425707,0.0,0,active,2.302585092994046,nan,nan,nan,1000000,1.0,inf,False,0,0.0,1.0,0.0,0.0,0,1.9477289104391967e-36,0,0.0,0.0,0.0,0.0,0.0,inf,0.0,0.0,0.0,0.0,0.0,0.0,inf,inf,0.0,0.0,inf,1.4788382786927784e-18,1.9736914198725175e-18,7.211897894245623e-15,False,9691129684.480522,0.0,0.0,3741.9095810948684,0.0,0.0,0,0,0,0,0.0,0,0,False,0,0.0,False,False,False,False,False,False,False,False,False,False,False,0.0,3.9016378808613945,45645.689743459436,0,0.0,False,-1,0,0,0,3804,0,0,0.0,20,9.419750978283203e-22,4802222222.222222,2.8424317346946916e-13,1000000000000.0,1000000000000.0,0.0005987445183220907,1.0,49.89537652684091,0.00014991623455953818,-1.0024493102302374e-05,9766237214.407566,2161.0,0.0,0.0,2.8698592549372254e-34,2.8698592549372254e-34,0.0,0.0,0
0.0,-2.4461334202810462e-17,2.245198821535913,0.0,0.1059064817907921,2.2044581600181238e-05,2.2044581600181245e-06,0.0,False,27,False,shielded,v9_four_class_stateful_PD_shared_root_m1_marked_embryo_v1,nan,nan,nan,nan,nan,nan,nan,nan,nan,nan,100000000000000.0,3474.0380859375,nan,0.6103515625,2.0,0.001,1.0,emission,13098.721493975596,1.5083607128848181e-27,2.4712981919901635e-27,2.0180510680315757,8.58538404039837e-24,custom,False,2.033691229284315,,terminate,False,nan,1.0,0.0003944575664932683,0.0006462792769425707,0.0,0,active,2.302585092994046,nan,nan,nan,1000000,1.0,inf,False,0,0.0,1.0,0.0,0.0,0,1.4091606296031933e-36,0,0.0,0.0,0.0,0.0,0.0,inf,0.0,0.0,0.0,0.0,0.0,0.0,inf,inf,0.0,0.0,inf,1.4788382786927784e-18,1.6787856501669254e-18,7.211897894245623e-15,False,9691129684.480522,0.0,0.0,3741.9095810948684,0.0,0.0,0,0,0,0,0.0,0,0,False,0,0.0,False,False,False,False,False,False,False,False,False,False,False,0.0,3.9016378808613945,45645.689743459436,0,0.0,False,-1,0,0,0,3804,0,0,0.0,21,9.421406219205945e-22,4802222222.222222,2.842930798620523e-13,1000000000000.0,1000000000000.0,0.0005987445183220907,1.0,49.89537652684091,0.00014991623455953818,-1.0024493102302374e-05,9766237214.407566,2161.0,0.0,0.0,2.8698592549372254e-34,2.8698592549372254e-34,0.0,0.0,0
0.0,-2.446558694513475e-17,2.245593279102406,0.0,0.10586471441597912,2.2044581600181238e-05,2.2044581600181245e-06,0.0,False,28,False,shielded,v9_four_class_stateful_PD_shared_root_m1_marked_embryo_v1,nan,nan,nan,nan,nan,nan,nan,nan,nan,nan,100000000000000.0,3474.6484375,nan,0.6103515625,2.0,0.001,1.0,emission,13098.721493975596,1.5083607128848181e-27,2.4712981919901635e-27,2.0180510680315757,8.586892401111255e-24,custom,False,2.033691229284315,,terminate,False,nan,1.0,0.0003944575664932683,0.0006462792769425707,0.0,0,active,2.302585092994046,nan,nan,nan,1000000,1.0,inf,False,0,0.0,1.0,0.0,0.0,0,1.9477289104391693e-36,0,0.0,0.0,0.0,0.0,0.0,inf,0.0,0.0,0.0,0.0,0.0,0.0,inf,inf,0.0,0.0,inf,1.4788382786927784e-18,1.9736914198725032e-18,7.211897894245623e-15,False,9691129684.480522,0.0,0.0,3741.9095810948684,0.0,0.0,0,0,0,0,0.0,0,0,False,0,0.0,False,False,False,False,False,False,False,False,False,False,False,0.0,3.9016378808613945,45645.689743459436,0,0.0,False,-1,0,0,0,3804,0,0,0.0,20,9.423061460128687e-22,4802222222.222222,2.84342945754299e-13,1000000000000.0,1000000000000.0,0.0005987445183220907,1.0,49.89537652684091,0.00014991623455953818,-1.0024493102302374e-05,9766237214.407566,2161.0,0.0,0.0,2.8698592549372254e-34,2.8698592549372254e-34,0.0,0.0,0
0.0,-2.4469940396698617e-17,2.245987736668899,0.0,0.1058229635133742,2.2044581600181238e-05,2.2044581600181245e-06,0.0,False,29,False,shielded,v9_four_class_stateful_PD_shared_root_m1_marked_embryo_v1,nan,nan,nan,nan,nan,nan,nan,nan,nan,nan,100000000000000.0,3475.2587890625,nan,0.6103515625,2.0,0.001,1.0,emission,13098.721493975596,1.5083607128848181e-27,2.4712981919901635e-27,2.0180510680315757,8.58840076182414e-24,custom,False,2.033691229284315,,terminate,False,nan,1.0,0.0003944575664932683,0.0006462792769425707,0.0,0,active,2.302585092994046,nan,nan,nan,1000000,1.0,inf,False,0,0.0,1.0,0.0,0.0,0,1.9477289104391967e-36,0,0.0,0.0,0.0,0.0,0.0,inf,0.0,0.0,0.0,0.0,0.0,0.0,inf,inf,0.0,0.0,inf,1.4788382786927784e-18,1.9736914198725175e-18,7.211897894245623e-15,False,9691129684.480522,0.0,0.0,3741.9095810948684,0.0,0.0,0,0,0,0,0.0,0,0,False,0,0.0,False,False,False,False,False,False,False,False,False,False,False,0.0,3.9016378808613945,45645.689743459436,0,0.0,False,-1,0,0,0,3804,0,0,0.0,21,9.424716701051429e-22,4802222222.222222,2.8439290494523893e-13,1000000000000.0,1000000000000.0,0.0005987445183220907,1.0,49.89537652684091,0.00014991623455953818,-1.0024493102302374e-05,9766237214.407566,2161.0,0.0,0.0,5.739718509874451e-34,5.739718509874451e-34,0.0,0.0,0
0.0,-2.447398117399094e-17,2.2463821942353928,0.0,0.10578122907648092,2.2044581600181238e-05,2.2044581600181245e-06,0.0,False,30,False,shielded,v9_four_class_stateful_PD_shared_root_m1_marked_embryo_v1,nan,nan,nan,nan,nan,nan,nan,nan,nan,nan,100000000000000.0,3475.869140625,nan,0.6103515625,2.0,0.001,1.0,emission,13098.721493975596,1.5083607128848181e-27,2.4712981919901635e-27,2.0180510680315757,8.589909122537025e-24,custom,False,2.033691229284315,,terminate,False,nan,1.0,0.0003944575664932683,0.0006462792769425707,4.440892098500626e-16,0,active,2.302585092994046,nan,nan,nan,1000000,1.0,inf,False,0,0.0,1.0,0.0,0.0,0,1.6888643863459824e-36,0,0.0,0.0,0.0,0.0,0.0,inf,0.0,0.0,0.0,0.0,0.0,0.0,inf,inf,0.0,0.0,inf,1.4788382786927784e-18,1.8378598348872975e-18,7.211897894245623e-15,False,9691129684.480522,0.0,0.0,3741.9095810948684,0.0,0.0,0,0,0,0,0.0,0,0,False,0,0.0,False,False,False,False,False,False,False,False,False,False,False,0.0,3.9016378808613945,45645.689743459436,0,0.0,False,-1,0,0,0,3804,0,0,0.0,20,9.42637194197417e-22,4802222222.222222,2.844431622498387e-13,1000000000000.0,1000000000000.0,0.0005987445183220907,1.0,49.89537652684091,0.00014991623455953818,-1.0024493102302374e-05,9766237214.407566,2161.0,0.0,0.0,9.183549615799121e-33,9.183549615799121e-33,0.0,0.0,0
0.0,-2.4478348480830066e-17,2.246776651801886,0.0,0.10573951109880567,2.2044581600181238e-05,2.2044581600181245e-06,0.0,False,31,False,shielded,v9_four_class_stateful_PD_shared_root_m1_marked_embryo_v1,nan,nan,nan,nan,nan,nan,nan,nan,nan,nan,100000000000000.0,3476.4794921875,nan,0.6103515625,2.0,0.001,1.0,emission,13098.721493975596,1.5083607128848181e-27,2.4712981919901635e-27,2.0180510680315757,8.59141748324991e-24,custom,False,2.033691229284315,,terminate,False,nan,1.0,0.0003944575664932683,0.0006462792769425707,0.0,0,active,2.302585092994046,nan,nan,nan,1000000,1.0,inf,False,0,0.0,1.0,0.0,0.0,0,1.9477289104391967e-36,0,0.0,0.0,0.0,0.0,0.0,inf,0.0,0.0,0.0,0.0,0.0,0.0,inf,inf,0.0,0.0,inf,1.4788382786927784e-18,1.9736914198725175e-18,7.211897894245623e-15,False,9691129684.480522,0.0,0.0,3741.9095810948684,0.0,0.0,0,0,0,0,0.0,0,0,False,0,0.0,False,False,False,False,False,False,False,False,False,False,False,0.0,3.9016378808613945,45645.689743459436,0,0.0,False,-1,0,0,0,3804,0,0,0.0,21,9.428027182896913e-22,4802222222.222222,2.8449291385425067e-13,1000000000000.0,1000000000000.0,0.0005987445183220907,1.0,49.89537652684091,0.00014991623455953818,-1.0024493102302374e-05,9766237214.407566,2161.0,0.0,0.0,9.183549615799121e-33,9.183549615799121e-33,0.0,0.0,0
0.0,-2.4482606289635606e-17,2.2471711093683795,0.0,0.10569780957385715,2.2044581600181238e-05,2.2044581600181245e-06,0.0,False,32,False,shielded,v9_four_class_stateful_PD_shared_root_m1_marked_embryo_v1,nan,nan,nan,nan,nan,nan,nan,nan,nan,nan,100000000000000.0,3477.08984375,nan,0.6103515625,2.0,0.001,1.0,emission,13098.721493975596,1.5083607128848181e-27,2.4712981919901635e-27,2.0180510680315757,8.592925843962795e-24,custom,False,2.033691229284315,,terminate,False,nan,1.0,0.0003944575664932683,0.0006462792769425707,4.440892098500626e-16,0,active,2.302585092994046,nan,nan,nan,1000000,1.0,inf,False,0,0.0,1.0,0.0,0.0,0,1.797671186691947e-36,0,0.0,0.0,0.0,0.0,0.0,inf,0.0,0.0,0.0,0.0,0.0,0.0,inf,inf,0.0,0.0,inf,1.4788382786927784e-18,1.8961388064653634e-18,7.211897894245623e-15,False,9691129684.480522,0.0,0.0,3741.9095810948684,0.0,0.0,0,0,0,0,0.0,0,0,False,0,0.0,False,False,False,False,False,False,False,False,False,False,False,0.0,3.9016378808613945,45645.689743459436,0,0.0,False,-1,0,0,0,3804,0,0,0.0,20,9.429682423819655e-22,4802222222.222222,2.8454272488765614e-13,1000000000000.0,1000000000000.0,0.0005987445183220907,1.0,49.89537652684091,0.00014991623455953818,-1.0024493102302374e-05,9766237214.407566,2161.0,0.0,0.0,2.2958874039497803e-33,2.2958874039497803e-33,0.0,0.0,0
0.0,-2.448714999274036e-17,2.2475655669348726,0.0,0.10565612449514684,2.2044581600181238e-05,2.2044581600181245e-06,0.0,False,33,False,shielded,v9_four_class_stateful_PD_shared_root_m1_marked_embryo_v1,nan,nan,nan,nan,nan,nan,nan,nan,nan,nan,100000000000000.0,3477.7001953125,nan,0.6103515625,2.0,0.001,1.0,emission,13098.721493975596,1.5083607128848181e-27,2.4712981919901635e-27,2.0180510680315757,8.59443420467568e-24,custom,False,2.033691229284315,,terminate,False,nan,1.0,0.0003944575664932683,0.0006462792769425707,0.0,0,active,2.302585092994046,nan,nan,nan,1000000,1.0,inf,False,0,0.0,1.0,0.0,0.0,0,1.9477289104391967e-36,0,0.0,0.0,0.0,0.0,0.0,inf,0.0,0.0,0.0,0.0,0.0,0.0,inf,inf,0.0,0.0,inf,1.4788382786927784e-18,1.9736914198725175e-18,7.211897894245623e-15,False,9691129684.480522,0.0,0.0,3741.9095810948684,0.0,0.0,0,0,0,0,0.0,0,0,False,0,0.0,False,False,False,False,False,False,False,False,False,False,False,0.0,3.9016378808613945,45645.689743459436,0,0.0,False,-1,0,0,0,3804,0,0,0.0,21,9.431337664742397e-22,4802222222.222222,2.8459295425123275e-13,1000000000000.0,1000000000000.0,0.0005987445183220907,1.0,49.89537652684091,0.00014991623455953818,-1.0024493102302374e-05,9766237214.407566,2161.0,0.0,0.0,4.5917748078995606e-33,4.5917748078995606e-33,0.0,0.0,0
0.0,-2.4491417520918097e-17,2.247960024501366,0.0,0.10561445585618866,2.2044581600181238e-05,2.2044581600181245e-06,0.0,False,34,False,shielded,v9_four_class_stateful_PD_shared_root_m1_marked_embryo_v1,nan,nan,nan,nan,nan,nan,nan,nan,nan,nan,100000000000000.0,3478.310546875,nan,0.6103515625,2.0,0.001,1.0,emission,13098.721493975596,1.5083607128848181e-27,2.4712981919901635e-27,2.0180510680315757,8.595942565388564e-24,custom,False,2.033691229284315,,terminate,False,nan,1.0,0.0003944575664932683,0.0006462792769425707,0.0,0,active,2.302585092994046,nan,nan,nan,1000000,1.0,inf,False,0,0.0,1.0,0.0,0.0,0,1.9477289104391967e-36,0,0.0,0.0,0.0,0.0,0.0,inf,0.0,0.0,0.0,0.0,0.0,0.0,inf,inf,0.0,0.0,inf,1.4788382786927784e-18,1.9736914198725175e-18,7.211897894245623e-15,False,9691129684.480522,0.0,0.0,3741.9095810948684,0.0,0.0,0,0,0,0,0.0,0,0,False,0,0.0,False,False,False,False,False,False,False,False,False,False,False,0.0,3.9016378808613945,45645.689743459436,0,0.0,False,-1,0,0,0,3804,0,0,0.0,20,9.432992905665139e-22,4802222222.222222,2.8464259213027274e-13,1000000000000.0,1000000000000.0,0.0005987445183220907,1.0,49.89537652684091,0.00014991623455953818,-1.0024493102302374e-05,9766237214.407566,2161.0,0.0,0.0,2.8698592549372254e-34,2.8698592549372254e-34,0.0,0.0,0
0.0,-2.4495544324994124e-17,2.2483544820678594,0.0,0.105572803650499,2.2044581600181238e-05,2.2044581600181245e-06,0.0,False,35,False,shielded,v9_four_class_stateful_PD_shared_root_m1_marked_embryo_v1,nan,nan,nan,nan,nan,nan,nan,nan,nan,nan,100000000000000.0,3478.9208984375,nan,0.6103515625,2.0,0.001,1.0,emission,13098.721493975596,1.5083607128848181e-27,2.4712981919901635e-27,2.0180510680315757,8.597450926101449e-24,custom,False,2.033691229284315,,terminate,False,nan,1.0,0.0003944575664932683,0.0006462792769425707,4.440892098500626e-16,0,active,2.302585092994046,nan,nan,nan,1000000,1.0,inf,False,0,0.0,1.0,0.0,0.0,0,1.5269858641939035e-36,0,0.0,0.0,0.0,0.0,0.0,inf,0.0,0.0,0.0,0.0,0.0,0.0,inf,inf,0.0,0.0,inf,1.4788382786927784e-18,1.7475616522422913e-18,7.211897894245623e-15,False,9691129684.480522,0.0,0.0,3741.9095810948684,0.0,0.0,0,0,0,0,0.0,0,0,False,0,0.0,False,False,False,False,False,False,False,False,False,False,False,0.0,3.9016378808613945,45645.689743459436,0,0.0,False,-1,0,0,0,3804,0,0,0.0,21,9.43464814658788e-22,4802222222.222222,2.8469276482248496e-13,1000000000000.0,1000000000000.0,0.0005987445183220907,1.0,49.89537652684091,0.00014991623455953818,-1.0024493102302374e-05,9766237214.407566,2161.0,0.0,0.0,1.4349296274686127e-34,1.4349296274686127e-34,0.0,0.0,0
0.0,-2.4499970878644625e-17,2.2487489396343525,0.0,0.10553116787159704,2.2044581600181238e-05,2.2044581600181245e-06,0.0,False,36,False,shielded,v9_four_class_stateful_PD_shared_root_m1_marked_embryo_v1,nan,nan,nan,nan,nan,nan,nan,nan,nan,nan,100000000000000.0,3479.53125,nan,0.6103515625,2.0,0.001,1.0,emission,13098.721493975596,1.5083607128848181e-27,2.4712981919901635e-27,2.0180510680315757,8.598959286814334e-24,custom,False,2.033691229284315,,terminate,False,nan,1.0,0.0003944575664932683,0.0006462792769425707,0.0,0,active,2.302585092994046,nan,nan,nan,1000000,1.0,inf,False,0,0.0,1.0,0.0,0.0,0,1.9477289104391693e-36,0,0.0,0.0,0.0,0.0,0.0,inf,0.0,0.0,0.0,0.0,0.0,0.0,inf,inf,0.0,0.0,inf,1.4788382786927784e-18,1.9736914198725032e-18,7.211897894245623e-15,False,9691129684.480522,0.0,0.0,3741.9095810948684,0.0,0.0,0,0,0,0,0.0,0,0,False,0,0.0,False,False,False,False,False,False,False,False,False,False,False,0.0,3.9016378808613945,45645.689743459436,0,0.0,False,-1,0,0,0,3804,0,0,0.0,20,9.436303387510623e-22,4802222222.222222,2.847427492634127e-13,1000000000000.0,1000000000000.0,0.0005987445183220907,1.0,49.89537652684091,0.00014991623455953818,-1.0024493102302374e-05,9766237214.407566,2161.0,0.0,0.0,5.739718509874451e-34,5.739718509874451e-34,0.0,0.0,0
0.0,-2.4504514168159073e-17,2.2491433972008457,0.0,0.10548954851300435,2.2044581600181238e-05,2.2044581600181245e-06,0.0,False,37,False,shielded,v9_four_class_stateful_PD_shared_root_m1_marked_embryo_v1,nan,nan,nan,nan,nan,nan,nan,nan,nan,nan,100000000000000.0,3480.1416015625,nan,0.6103515625,2.0,0.001,1.0,emission,13098.721493975596,1.5083607128848181e-27,2.4712981919901635e-27,2.0180510680315757,8.600467647527219e-24,custom,False,2.033691229284315,,terminate,False,nan,1.0,0.0003944575664932683,0.0006462792769425707,0.0,0,active,2.302585092994046,nan,nan,nan,1000000,1.0,inf,False,0,0.0,1.0,0.0,0.0,0,1.9401330291683688e-36,0,0.0,0.0,0.0,0.0,0.0,inf,0.0,0.0,0.0,0.0,0.0,0.0,inf,inf,0.0,0.0,inf,1.4788382786927784e-18,1.969839094529484e-18,7.211897894245623e-15,False,9691129684.480522,0.0,0.0,3741.9095810948684,0.0,0.0,0,0,0,0,0.0,0,0,False,0,0.0,False,False,False,False,False,False,False,False,False,False,False,0.0,3.9016378808613945,45645.689743459436,0,0.0,False,-1,0,0,0,3804,0,0,0.0,20,9.437958628433365e-22,4802222222.222222,2.8479266720425406e-13,1000000000000.0,1000000000000.0,0.0005987445183220907,1.0,49.89537652684091,0.00014991623455953818,-1.0024493102302374e-05,9766237214.407566,2161.0,0.0,0.0,2.8698592549372254e-34,2.8698592549372254e-34,0.0,0.0,0
0.0,-2.4508518756299595e-17,2.2495378547673393,0.0,0.10544794556824501,2.2044581600181238e-05,2.2044581600181245e-06,0.0,False,38,False,shielded,v9_four_class_stateful_PD_shared_root_m1_marked_embryo_v1,nan,nan,nan,nan,nan,nan,nan,nan,nan,nan,100000000000000.0,3480.751953125,nan,0.6103515625,2.0,0.001,1.0,emission,13098.721493975596,1.5083607128848181e-27,2.4712981919901635e-27,2.0180510680315757,8.601976008240104e-24,custom,False,2.033691229284315,,terminate,False,nan,1.0,0.0003944575664932683,0.0006462792769425707,4.440892098500626e-16,0,active,2.302585092994046,nan,nan,nan,1000000,1.0,inf,False,0,0.0,1.0,0.0,0.0,0,1.9477289104391967e-36,0,0.0,0.0,0.0,0.0,0.0,inf,0.0,0.0,0.0,0.0,0.0,0.0,inf,inf,0.0,0.0,inf,1.4788382786927784e-18,1.9736914198725175e-18,7.211897894245623e-15,False,9691129684.480522,0.0,0.0,3741.9095810948684,0.0,0.0,0,0,0,0,0.0,0,0,False,0,0.0,False,False,False,False,False,False,False,False,False,False,False,0.0,3.9016378808613945,45645.689743459436,0,0.0,False,-1,0,0,0,3804,0,0,0.0,21,9.439613869356107e-22,4802222222.222222,2.848423653300718e-13,1000000000000.0,1000000000000.0,0.0005987445183220907,1.0,49.89537652684091,0.00014991623455953818,-1.0024493102302374e-05,9766237214.407566,2161.0,0.0,0.0,5.739718509874451e-34,5.739718509874451e-34,0.0,0.0,0
0.0,-2.4512888441282983e-17,2.2499323123338324,0.0,0.10540635903084586,2.2044581600181238e-05,2.2044581600181245e-06,0.0,False,39,False,shielded,v9_four_class_stateful_PD_shared_root_m1_marked_embryo_v1,nan,nan,nan,nan,nan,nan,nan,nan,nan,nan,100000000000000.0,3481.3623046875,nan,0.6103515625,2.0,0.001,1.0,emission,13098.721493975596,1.5083607128848181e-27,2.4712981919901635e-27,2.0180510680315757,8.603484368952988e-24,custom,False,2.033691229284315,,terminate,False,nan,1.0,0.0003944575664932683,0.0006462792769425707,0.0,0,active,2.302585092994046,nan,nan,nan,1000000,1.0,inf,False,0,0.0,1.0,0.0,0.0,0,1.9477289104391967e-36,0,0.0,0.0,0.0,0.0,0.0,inf,0.0,0.0,0.0,0.0,0.0,0.0,inf,inf,0.0,0.0,inf,1.4788382786927784e-18,1.9736914198725175e-18,7.211897894245623e-15,False,9691129684.480522,0.0,0.0,3741.9095810948684,0.0,0.0,0,0,0,0,0.0,0,0,False,0,0.0,False,False,False,False,False,False,False,False,False,False,False,0.0,3.9016378808613945,45645.689743459436,0,0.0,False,-1,0,0,0,3804,0,0,0.0,20,9.441269110278849e-22,4802222222.222222,2.8489285442371677e-13,1000000000000.0,1000000000000.0,0.0005987445183220907,1.0,49.89537652684091,0.00014991623455953818,-1.0024493102302374e-05,9766237214.407566,2161.0,0.0,0.0,2.8698592549372254e-34,2.8698592549372254e-34,0.0,0.0,0
0.0,-2.4516997357578264e-17,2.2503267699003255,0.0,0.1053647888943361,2.2044581600181238e-05,2.2044581600181245e-06,0.0,False,40,False,shielded,v9_four_class_stateful_PD_shared_root_m1_marked_embryo_v1,nan,nan,nan,nan,nan,nan,nan,nan,nan,nan,100000000000000.0,3481.97265625,nan,0.6103515625,2.0,0.001,1.0,emission,13098.721493975596,1.5083607128848181e-27,2.4712981919901635e-27,2.0180510680315757,8.604992729665873e-24,custom,False,2.033691229284315,,terminate,False,nan,1.0,0.0003944575664932683,0.0006462792769425707,0.0,0,active,2.302585092994046,nan,nan,nan,1000000,1.0,inf,False,0,0.0,1.0,0.0,0.0,0,1.3773522219288179e-36,0,0.0,0.0,0.0,0.0,0.0,inf,0.0,0.0,0.0,0.0,0.0,0.0,inf,inf,0.0,0.0,inf,1.4788382786927784e-18,1.6597302322539154e-18,7.211897894245623e-15,False,9691129684.480522,0.0,0.0,3741.9095810948684,0.0,0.0,0,0,0,0,0.0,0,0,False,0,0.0,False,False,False,False,False,False,False,False,False,False,False,0.0,3.9016378808613945,45645.689743459436,0,0.0,False,-1,0,0,0,3804,0,0,0.0,21,9.44292435120159e-22,4802222222.222222,2.8494264643892406e-13,1000000000000.0,1000000000000.0,0.0005987445183220907,1.0,49.89537652684091,0.00014991623455953818,-1.0024493102302374e-05,9766237214.407566,2161.0,0.0,0.0,5.739718509874451e-34,5.739718509874451e-34,0.0,0.0,0
0.0,-2.452144696888834e-17,2.250721227466819,0.0,0.10532323515224754,2.2044581600181238e-05,2.2044581600181245e-06,0.0,False,41,False,shielded,v9_four_class_stateful_PD_shared_root_m1_marked_embryo_v1,nan,nan,nan,nan,nan,nan,nan,nan,nan,nan,100000000000000.0,3482.5830078125,nan,0.6103515625,2.0,0.001,1.0,emission,13098.721493975596,1.5083607128848181e-27,2.4712981919901635e-27,2.0180510680315757,8.606501090378758e-24,custom,False,2.033691229284315,,terminate,False,nan,1.0,0.0003944575664932683,0.0006462792769425707,4.440892098500626e-16,0,active,2.302585092994046,nan,nan,nan,1000000,1.0,inf,False,0,0.0,1.0,0.0,0.0,0,1.9477289104391967e-36,0,0.0,0.0,0.0,0.0,0.0,inf,0.0,0.0,0.0,0.0,0.0,0.0,inf,inf,0.0,0.0,inf,1.4788382786927784e-18,1.9736914198725175e-18,7.211897894245623e-15,False,9691129684.480522,0.0,0.0,3741.9095810948684,0.0,0.0,0,0,0,0,0.0,0,0,False,0,0.0,False,False,False,False,False,False,False,False,False,False,False,0.0,3.9016378808613945,45645.689743459436,0,0.0,False,-1,0,0,0,3804,0,0,0.0,20,9.444579592124333e-22,4802222222.222222,2.849923933248065e-13,1000000000000.0,1000000000000.0,0.0005987445183220907,1.0,49.89537652684091,0.00014991623455953818,-1.0024493102302374e-05,9766237214.407566,2161.0,0.0,0.0,1.1479437019748901e-33,1.1479437019748901e-33,0.0,0.0,0
0.0,-2.4525844467819824e-17,2.2511156850333123,0.0,0.1052816977981146,2.2044581600181238e-05,2.2044581600181245e-06,0.0,False,42,False,shielded,v9_four_class_stateful_PD_shared_root_m1_marked_embryo_v1,nan,nan,nan,nan,nan,nan,nan,nan,nan,nan,100000000000000.0,3483.193359375,nan,0.6103515625,2.0,0.001,1.0,emission,13098.721493975596,1.5083607128848181e-27,2.4712981919901635e-27,2.0180510680315757,8.608009451091643e-24,custom,False,2.033691229284315,,terminate,False,nan,1.0,0.0003944575664932683,0.0006462792769425707,0.0,0,active,2.302585092994046,nan,nan,nan,1000000,1.0,inf,False,0,0.0,1.0,0.0,0.0,0,1.9477289104391967e-36,0,0.0,0.0,0.0,0.0,0.0,inf,0.0,0.0,0.0,0.0,0.0,0.0,inf,inf,0.0,0.0,inf,1.4788382786927784e-18,1.9736914198725175e-18,7.211897894245623e-15,False,9691129684.480522,0.0,0.0,3741.9095810948684,0.0,0.0,0,0,0,0,0.0,0,0,False,0,0.0,False,False,False,False,False,False,False,False,False,False,False,0.0,3.9016378808613945,45645.689743459436,0,0.0,False,-1,0,0,0,3804,0,0,0.0,21,9.446234833047075e-22,4802222222.222222,2.850427279476999e-13,1000000000000.0,1000000000000.0,0.0005987445183220907,1.0,49.89537652684091,0.00014991623455953818,-1.0024493102302374e-05,9766237214.407566,2161.0,0.0,0.0,2.8698592549372254e-34,2.8698592549372254e-34,0.0,0.0,0
0.0,-2.4529946663272628e-17,2.251510142599806,0.0,0.10524017682547412,2.2044581600181238e-05,2.2044581600181245e-06,0.0,False,43,False,shielded,v9_four_class_stateful_PD_shared_root_m1_marked_embryo_v1,nan,nan,nan,nan,nan,nan,nan,nan,nan,nan,100000000000000.0,3483.8037109375,nan,0.6103515625,2.0,0.001,1.0,emission,13098.721493975596,1.5083607128848181e-27,2.4712981919901635e-27,2.0180510680315757,8.609517811804528e-24,custom,False,2.033691229284315,,terminate,False,nan,1.0,0.0003944575664932683,0.0006462792769425707,4.440892098500626e-16,0,active,2.302585092994046,nan,nan,nan,1000000,1.0,inf,False,0,0.0,1.0,0.0,0.0,0,1.8830439854942775e-36,0,0.0,0.0,0.0,0.0,0.0,inf,0.0,0.0,0.0,0.0,0.0,0.0,inf,inf,0.0,0.0,inf,1.4788382786927784e-18,1.940641123698185e-18,7.211897894245623e-15,False,9691129684.480522,0.0,0.0,3741.9095810948684,0.0,0.0,0,0,0,0,0.0,0,0,False,0,0.0,False,False,False,False,False,False,False,False,False,False,False,0.0,3.9016378808613945,45645.689743459436,0,0.0,False,-1,0,0,0,3804,0,0,0.0,20,9.447890073969817e-22,4802222222.222222,2.850920815177013e-13,1000000000000.0,1000000000000.0,0.0005987445183220907,1.0,49.89537652684091,0.00014991623455953818,-1.0024493102302374e-05,9766237214.407566,2161.0,0.0,0.0,2.8698592549372254e-34,2.8698592549372254e-34,0.0,0.0,0
0.0,-2.4534322035122727e-17,2.251904600166299,0.0,0.10519867222786569,2.2044581600181238e-05,2.2044581600181245e-06,0.0,False,44,False,shielded,v9_four_class_stateful_PD_shared_root_m1_marked_embryo_v1,nan,nan,nan,nan,nan,nan,nan,nan,nan,nan,100000000000000.0,3484.4140625,nan,0.6103515625,2.0,0.001,1.0,emission,13098.721493975596,1.5083607128848181e-27,2.4712981919901635e-27,2.0180510680315757,8.611026172517412e-24,custom,False,2.033691229284315,,terminate,False,nan,1.0,0.0003944575664932683,0.0006462792769425707,0.0,0,active,2.302585092994046,nan,nan,nan,1000000,1.0,inf,False,0,0.0,1.0,0.0,0.0,0,1.9477289104391967e-36,0,0.0,0.0,0.0,0.0,0.0,inf,0.0,0.0,0.0,0.0,0.0,0.0,inf,inf,0.0,0.0,inf,1.4788382786927784e-18,1.9736914198725175e-18,7.211897894245623e-15,False,9691129684.480522,0.0,0.0,3741.9095810948684,0.0,0.0,0,0,0,0,0.0,0,0,False,0,0.0,False,False,False,False,False,False,False,False,False,False,False,0.0,3.9016378808613945,45645.689743459436,0,0.0,False,-1,0,0,0,3804,0,0,0.0,21,9.449545314892559e-22,4802222222.222222,2.851421474662449e-13,1000000000000.0,1000000000000.0,0.0005987445183220907,1.0,49.89537652684091,0.00014991623455953818,-1.0024493102302374e-05,9766237214.407566,2161.0,0.0,0.0,2.8698592549372254e-34,2.8698592549372254e-34,0.0,0.0,0
0.0,-2.4538580567711303e-17,2.252299057732792,0.0,0.10515718399883127,2.2044581600181238e-05,2.2044581600181245e-06,0.0,False,45,False,shielded,v9_four_class_stateful_PD_shared_root_m1_marked_embryo_v1,nan,nan,nan,nan,nan,nan,nan,nan,nan,nan,100000000000000.0,3485.0244140625,nan,0.6103515625,2.0,0.001,1.0,emission,13098.721493975596,1.5083607128848181e-27,2.4712981919901635e-27,2.0180510680315757,8.612534533230297e-24,custom,False,2.033691229284315,,terminate,False,nan,1.0,0.0003944575664932683,0.0006462792769425707,0.0,0,active,2.302585092994046,nan,nan,nan,1000000,1.0,inf,False,0,0.0,1.0,0.0,0.0,0,1.2898826662334822e-36,0,0.0,0.0,0.0,0.0,0.0,inf,0.0,0.0,0.0,0.0,0.0,0.0,inf,inf,0.0,0.0,inf,1.4788382786927784e-18,1.6061647899474587e-18,7.211897894245623e-15,False,9691129684.480522,0.0,0.0,3741.9095810948684,0.0,0.0,0,0,0,0,0.0,0,0,False,0,0.0,False,False,False,False,False,False,False,False,False,False,False,0.0,3.9016378808613945,45645.689743459436,0,0.0,False,-1,0,0,0,3804,0,0,0.0,20,9.4512005558153e-22,4802222222.222222,2.8519202893062467e-13,1000000000000.0,1000000000000.0,0.0005987445183220907,1.0,49.89537652684091,0.00014991623455953818,-1.0024493102302374e-05,9766237214.407566,2161.0,0.0,0.0,2.8698592549372254e-34,2.8698592549372254e-34,0.0,0.0,0
0.0,-2.4542775097199983e-17,2.2526935152992853,0.0,0.10511571213191541,2.2044581600181238e-05,2.2044581600181245e-06,0.0,False,46,False,shielded,v9_four_class_stateful_PD_shared_root_m1_marked_embryo_v1,nan,nan,nan,nan,nan,nan,nan,nan,nan,nan,100000000000000.0,3485.634765625,nan,0.6103515625,2.0,0.001,1.0,emission,13098.721493975596,1.5083607128848181e-27,2.4712981919901635e-27,2.0180510680315757,8.614042893943182e-24,custom,False,2.033691229284315,,terminate,False,nan,1.0,0.0003944575664932683,0.0006462792769425707,0.0,0,active,2.302585092994046,nan,nan,nan,1000000,1.0,inf,False,0,0.0,1.0,0.0,0.0,0,1.9477289104391967e-36,0,0.0,0.0,0.0,0.0,0.0,inf,0.0,0.0,0.0,0.0,0.0,0.0,inf,inf,0.0,0.0,inf,1.4788382786927784e-18,1.9736914198725175e-18,7.211897894245623e-15,False,9691129684.480522,0.0,0.0,3741.9095810948684,0.0,0.0,0,0,0,0,0.0,0,0,False,0,0.0,False,False,False,False,False,False,False,False,False,False,False,0.0,3.9016378808613945,45645.689743459436,0,0.0,False,-1,0,0,0,3804,0,0,0.0,21,9.452855796738043e-22,4802222222.222222,2.852420597153882e-13,1000000000000.0,1000000000000.0,0.0005987445183220907,1.0,49.89537652684091,0.00014991623455953818,-1.0024493102302374e-05,9766237214.407566,2161.0,0.0,0.0,2.8698592549372254e-34,2.8698592549372254e-34,0.0,0.0,0
0.0,-2.4547172492733892e-17,2.253087972865779,0.0,0.10507425662066518,2.2044581600181238e-05,2.2044581600181245e-06,0.0,False,47,False,shielded,v9_four_class_stateful_PD_shared_root_m1_marked_embryo_v1,nan,nan,nan,nan,nan,nan,nan,nan,nan,nan,100000000000000.0,3486.2451171875,nan,0.6103515625,2.0,0.001,1.0,emission,13098.721493975596,1.5083607128848181e-27,2.4712981919901635e-27,2.0180510680315757,8.615551254656067e-24,custom,False,2.033691229284315,,terminate,False,nan,1.0,0.0003944575664932683,0.0006462792769425707,4.440892098500626e-16,0,active,2.302585092994046,nan,nan,nan,1000000,1.0,inf,False,0,0.0,1.0,0.0,0.0,0,1.9477289104391967e-36,0,0.0,0.0,0.0,0.0,0.0,inf,0.0,0.0,0.0,0.0,0.0,0.0,inf,inf,0.0,0.0,inf,1.4788382786927784e-18,1.9736914198725175e-18,7.211897894245623e-15,False,9691129684.480522,0.0,0.0,3741.9095810948684,0.0,0.0,0,0,0,0,0.0,0,0,False,0,0.0,False,False,False,False,False,False,False,False,False,False,False,0.0,3.9016378808613945,45645.689743459436,0,0.0,False,-1,0,0,0,3804,0,0,0.0,20,9.454511037660785e-22,4802222222.222222,2.8529186160736287e-13,1000000000000.0,1000000000000.0,0.0005987445183220907,1.0,49.89537652684091,0.00014991623455953818,-1.0024493102302374e-05,9766237214.407566,2161.0,0.0,0.0,5.739718509874451e-34,5.739718509874451e-34,0.0,0.0,0
0.0,-2.4551288543461956e-17,2.253482430432272,0.0,0.10503281745863034,2.2044581600181238e-05,2.2044581600181245e-06,0.0,False,48,False,shielded,v9_four_class_stateful_PD_shared_root_m1_marked_embryo_v1,nan,nan,nan,nan,nan,nan,nan,nan,nan,nan,100000000000000.0,3486.85546875,nan,0.6103515625,2.0,0.001,1.0,emission,13098.721493975596,1.5083607128848181e-27,2.4712981919901635e-27,2.0180510680315757,8.617059615368952e-24,custom,False,2.033691229284315,,terminate,False,nan,1.0,0.0003944575664932683,0.0006462792769425707,0.0,0,active,2.302585092994046,nan,nan,nan,1000000,1.0,inf,False,0,0.0,1.0,0.0,0.0,0,1.7324324615199332e-36,0,0.0,0.0,0.0,0.0,0.0,inf,0.0,0.0,0.0,0.0,0.0,0.0,inf,inf,0.0,0.0,inf,1.4788382786927784e-18,1.861414763839555e-18,7.211897894245623e-15,False,9691129684.480522,0.0,0.0,3741.9095810948684,0.0,0.0,0,0,0,0,0.0,0,0,False,0,0.0,False,False,False,False,False,False,False,False,False,False,False,0.0,3.9016378808613945,45645.689743459436,0,0.0,False,-1,0,0,0,3804,0,0,0.0,21,9.456166278583527e-22,4802222222.222222,2.853421539723986e-13,1000000000000.0,1000000000000.0,0.0005987445183220907,1.0,49.89537652684091,0.00014991623455953818,-1.0024493102302374e-05,9766237214.407566,2161.0,0.0,0.0,2.8698592549372254e-34,2.8698592549372254e-34,0.0,0.0,0
0.0,-2.4555726987833762e-17,2.253876887998765,0.0,0.10499139463936304,2.2044581600181238e-05,2.2044581600181245e-06,0.0,False,49,False,shielded,v9_four_class_stateful_PD_shared_root_m1_marked_embryo_v1,nan,nan,nan,nan,nan,nan,nan,nan,nan,nan,100000000000000.0,3487.4658203125,nan,0.6103515625,2.0,0.001,1.0,emission,13098.721493975596,1.5083607128848181e-27,2.4712981919901635e-27,2.0180510680315757,8.618567976081837e-24,custom,False,2.033691229284315,,terminate,False,nan,1.0,0.0003944575664932683,0.0006462792769425707,0.0,0,active,2.302585092994046,nan,nan,nan,1000000,1.0,inf,False,0,0.0,1.0,0.0,0.0,0,1.9477289104391967e-36,0,0.0,0.0,0.0,0.0,0.0,inf,0.0,0.0,0.0,0.0,0.0,0.0,inf,inf,0.0,0.0,inf,1.4788382786927784e-18,1.9736914198725175e-18,7.211897894245623e-15,False,9691129684.480522,0.0,0.0,3741.9095810948684,0.0,0.0,0,0,0,0,0.0,0,0,False,0,0.0,False,False,False,False,False,False,False,False,False,False,False,0.0,3.9016378808613945,45645.689743459436,0,0.0,False,-1,0,0,0,3804,0,0,0.0,20,9.457821519506269e-22,4802222222.222222,2.8539201814703583e-13,1000000000000.0,1000000000000.0,0.0005987445183220907,1.0,49.89537652684091,0.00014991623455953818,-1.0024493102302374e-05,9766237214.407566,2161.0,0.0,0.0,2.8698592549372254e-34,2.8698592549372254e-34,0.0,0.0,0
0.0,-2.456011290623667e-17,2.2542713455652588,0.0,0.10494998815641797,2.2044581600181238e-05,2.2044581600181245e-06,0.0,False,50,False,shielded,v9_four_class_stateful_PD_shared_root_m1_marked_embryo_v1,nan,nan,nan,nan,nan,nan,nan,nan,nan,nan,100000000000000.0,3488.076171875,nan,0.6103515625,2.0,0.001,1.0,emission,13098.721493975596,1.5083607128848181e-27,2.4712981919901635e-27,2.0180510680315757,8.620076336794721e-24,custom,False,2.033691229284315,,terminate,False,nan,1.0,0.0003944575664932683,0.0006462792769425707,4.440892098500626e-16,0,active,2.302585092994046,nan,nan,nan,1000000,1.0,inf,False,0,0.0,1.0,0.0,0.0,0,1.7081500709750904e-36,0,0.0,0.0,0.0,0.0,0.0,inf,0.0,0.0,0.0,0.0,0.0,0.0,inf,inf,0.0,0.0,inf,1.4788382786927784e-18,1.8483236031469654e-18,7.211897894245623e-15,False,9691129684.480522,0.0,0.0,3741.9095810948684,0.0,0.0,0,0,0,0,0.0,0,0,False,0,0.0,False,False,False,False,False,False,False,False,False,False,False,0.0,3.9016378808613945,45645.689743459436,0,0.0,False,-1,0,0,0,3804,0,0,0.0,21,9.45947676042901e-22,4802222222.222222,2.854419169818461e-13,1000000000000.0,1000000000000.0,0.0005987445183220907,1.0,49.89537652684091,0.00014991623455953818,-1.0024493102302374e-05,9766237214.407566,2161.0,0.0,0.0,2.8698592549372254e-34,2.8698592549372254e-34,0.0,0.0,0
0.0,-2.4564583403857214e-17,2.254665803131752,0.0,0.1049085980033525,2.2044581600181238e-05,2.2044581600181245e-06,0.0,False,51,False,shielded,v9_four_class_stateful_PD_shared_root_m1_marked_embryo_v1,nan,nan,nan,nan,nan,nan,nan,nan,nan,nan,100000000000000.0,3488.6865234375,nan,0.6103515625,2.0,0.001,1.0,emission,13098.721493975596,1.5083607128848181e-27,2.4712981919901635e-27,2.0180510680315757,8.621584697507606e-24,custom,False,2.033691229284315,,terminate,False,nan,1.0,0.0003944575664932683,0.0006462792769425707,0.0,0,active,2.302585092994046,nan,nan,nan,1000000,1.0,inf,False,0,0.0,1.0,0.0,0.0,0,1.9477289104391967e-36,0,0.0,0.0,0.0,0.0,0.0,inf,0.0,0.0,0.0,0.0,0.0,0.0,inf,inf,0.0,0.0,inf,1.4788382786927784e-18,1.9736914198725175e-18,7.211897894245623e-15,False,9691129684.480522,0.0,0.0,3741.9095810948684,0.0,0.0,0,0,0,0,0.0,0,0,False,0,0.0,False,False,False,False,False,False,False,False,False,False,False,0.0,3.9016378808613945,45645.689743459436,0,0.0,False,-1,0,0,0,3804,0,0,0.0,20,9.461132001351753e-22,4802222222.222222,2.8549163047609757e-13,1000000000000.0,1000000000000.0,0.0005987445183220907,1.0,49.89537652684091,0.00014991623455953818,-1.0024493102302374e-05,9766237214.407566,2161.0,0.0,0.0,4.5917748078995606e-33,4.5917748078995606e-33,0.0,0.0,0
0.0,-2.456859905553843e-17,2.2550602606982455,0.0,0.1048672241737264,2.2044581600181238e-05,2.2044581600181245e-06,0.0,False,52,False,shielded,v9_four_class_stateful_PD_shared_root_m1_marked_embryo_v1,nan,nan,nan,nan,nan,nan,nan,nan,nan,nan,100000000000000.0,3489.296875,nan,0.6103515625,2.0,0.001,1.0,emission,13098.721493975596,1.5083607128848181e-27,2.4712981919901635e-27,2.0180510680315757,8.623093058220491e-24,custom,False,2.033691229284315,,terminate,False,nan,1.0,0.0003944575664932683,0.0006462792769425707,4.440892098500626e-16,0,active,2.302585092994046,nan,nan,nan,1000000,1.0,inf,False,0,0.0,1.0,0.0,0.0,0,1.9477289104391967e-36,0,0.0,0.0,0.0,0.0,0.0,inf,0.0,0.0,0.0,0.0,0.0,0.0,inf,inf,0.0,0.0,inf,1.4788382786927784e-18,1.9736914198725175e-18,7.211897894245623e-15,False,9691129684.480522,0.0,0.0,3741.9095810948684,0.0,0.0,0,0,0,0,0.0,0,0,False,0,0.0,False,False,False,False,False,False,False,False,False,False,False,0.0,3.9016378808613945,45645.689743459436,0,0.0,False,-1,0,0,0,3804,0,0,0.0,21,9.462787242274495e-22,4802222222.222222,2.8554165584440353e-13,1000000000000.0,1000000000000.0,0.0005987445183220907,1.0,49.89537652684091,0.00014991623455953818,-1.0024493102302374e-05,9766237214.407566,2161.0,0.0,0.0,2.8698592549372254e-34,2.8698592549372254e-34,0.0,0.0,0
0.0,-2.4572824087312197e-17,2.2554547182647386,0.0,0.1048258666611021,2.2044581600181238e-05,2.2044581600181245e-06,0.0,False,53,False,shielded,v9_four_class_stateful_PD_shared_root_m1_marked_embryo_v1,nan,nan,nan,nan,nan,nan,nan,nan,nan,nan,100000000000000.0,3489.9072265625,nan,0.6103515625,2.0,0.001,1.0,emission,13098.721493975596,1.5083607128848181e-27,2.4712981919901635e-27,2.0180510680315757,8.624601418933376e-24,custom,False,2.033691229284315,,terminate,False,nan,1.0,0.0003944575664932683,0.0006462792769425707,0.0,0,active,2.302585092994046,nan,nan,nan,1000000,1.0,inf,False,0,0.0,1.0,0.0,0.0,0,1.5686982584442453e-36,0,0.0,0.0,0.0,0.0,0.0,inf,0.0,0.0,0.0,0.0,0.0,0.0,inf,inf,0.0,0.0,inf,1.4788382786927784e-18,1.7712697470708663e-18,7.211897894245623e-15,False,9691129684.480522,0.0,0.0,3741.9095810948684,0.0,0.0,0,0,0,0,0.0,0,0,False,0,0.0,False,False,False,False,False,False,False,False,False,False,False,0.0,3.9016378808613945,45645.689743459436,0,0.0,False,-1,0,0,0,3804,0,0,0.0,21,9.464442483197237e-22,4802222222.222222,2.855918969693696e-13,1000000000000.0,1000000000000.0,0.0005987445183220907,1.0,49.89537652684091,0.00014991623455953818,-1.0024493102302374e-05,9766237214.407566,2161.0,0.0,0.0,2.8698592549372254e-34,2.8698592549372254e-34,0.0,0.0,0
0.0,-2.4577271734068318e-17,2.255849175831232,0.0,0.10478452545904444,2.2044581600181238e-05,2.2044581600181245e-06,0.0,False,54,False,shielded,v9_four_class_stateful_PD_shared_root_m1_marked_embryo_v1,nan,nan,nan,nan,nan,nan,nan,nan,nan,nan,100000000000000.0,3490.517578125,nan,0.6103515625,2.0,0.001,1.0,emission,13098.721493975596,1.5083607128848181e-27,2.4712981919901635e-27,2.0180510680315757,8.62610977964626e-24,custom,False,2.033691229284315,,terminate,False,nan,1.0,0.0003944575664932683,0.0006462792769425707,0.0,0,active,2.302585092994046,nan,nan,nan,1000000,1.0,inf,False,0,0.0,1.0,0.0,0.0,0,1.9477289104391693e-36,0,0.0,0.0,0.0,0.0,0.0,inf,0.0,0.0,0.0,0.0,0.0,0.0,inf,inf,0.0,0.0,inf,1.4788382786927784e-18,1.9736914198725032e-18,7.211897894245623e-15,False,9691129684.480522,0.0,0.0,3741.9095810948684,0.0,0.0,0,0,0,0,0.0,0,0,False,0,0.0,False,False,False,False,False,False,False,False,False,False,False,0.0,3.9016378808613945,45645.689743459436,0,0.0,False,-1,0,0,0,3804,0,0,0.0,20,9.466097724119978e-22,4802222222.222222,2.85641622628418e-13,1000000000000.0,1000000000000.0,0.0005987445183220907,1.0,49.89537652684091,0.00014991623455953818,-1.0024493102302374e-05,9766237214.407566,2161.0,0.0,0.0,1.1479437019748901e-33,1.1479437019748901e-33,0.0,0.0,0
0.0,-2.4581568213567495e-17,2.256243633397725,0.0,0.1047432005611209,2.2044581600181238e-05,2.2044581600181245e-06,0.0,False,55,False,shielded,v9_four_class_stateful_PD_shared_root_m1_marked_embryo_v1,nan,nan,nan,nan,nan,nan,nan,nan,nan,nan,100000000000000.0,3491.1279296875,nan,0.6103515625,2.0,0.001,1.0,emission,13098.721493975596,1.5083607128848181e-27,2.4712981919901635e-27,2.0180510680315757,8.627618140359145e-24,custom,False,2.033691229284315,,terminate,False,nan,1.0,0.0003944575664932683,0.0006462792769425707,0.0,0,active,2.302585092994046,nan,nan,nan,1000000,1.0,inf,False,0,0.0,1.0,0.0,0.0,0,1.9329561196333303e-36,0,0.0,0.0,0.0,0.0,0.0,inf,0.0,0.0,0.0,0.0,0.0,0.0,inf,inf,0.0,0.0,inf,1.4788382786927784e-18,1.9661923200100902e-18,7.211897894245623e-15,False,9691129684.480522,0.0,0.0,3741.9095810948684,0.0,0.0,0,0,0,0,0.0,0,0,False,0,0.0,False,False,False,False,False,False,False,False,False,False,False,0.0,3.9016378808613945,45645.689743459436,0,0.0,False,-1,0,0,0,3804,0,0,0.0,21,9.46775296504272e-22,4802222222.222222,2.85691562461093e-13,1000000000000.0,1000000000000.0,0.0005987445183220907,1.0,49.89537652684091,0.00014991623455953818,-1.0024493102302374e-05,9766237214.407566,2161.0,0.0,0.0,1.1479437019748901e-33,1.1479437019748901e-33,0.0,0.0,0
0.0,-2.4585777528909624e-17,2.256638090964218,0.0,0.10470189196090143,2.2044581600181238e-05,2.2044581600181245e-06,0.0,False,56,False,shielded,v9_four_class_stateful_PD_shared_root_m1_marked_embryo_v1,nan,nan,nan,nan,nan,nan,nan,nan,nan,nan,100000000000000.0,3491.73828125,nan,0.6103515625,2.0,0.001,1.0,emission,13098.721493975596,1.5083607128848181e-27,2.4712981919901635e-27,2.0180510680315757,8.62912650107203e-24,custom,False,2.033691229284315,,terminate,False,nan,1.0,0.0003944575664932683,0.0006462792769425707,0.0,0,active,2.302585092994046,nan,nan,nan,1000000,1.0,inf,False,0,0.0,1.0,0.0,0.0,0,1.9477289104391967e-36,0,0.0,0.0,0.0,0.0,0.0,inf,0.0,0.0,0.0,0.0,0.0,0.0,inf,inf,0.0,0.0,inf,1.4788382786927784e-18,1.9736914198725175e-18,7.211897894245623e-15,False,9691129684.480522,0.0,0.0,3741.9095810948684,0.0,0.0,0,0,0,0,0.0,0,0,False,0,0.0,False,False,False,False,False,False,False,False,False,False,False,0.0,3.9016378808613945,45645.689743459436,0,0.0,False,-1,0,0,0,3804,0,0,0.0,20,9.469408205965462e-22,4802222222.222222,2.857414573092972e-13,1000000000000.0,1000000000000.0,0.0005987445183220907,1.0,49.89537652684091,0.00014991623455953818,-1.0024493102302374e-05,9766237214.407566,2161.0,0.0,0.0,4.5917748078995606e-33,4.5917748078995606e-33,0.0,0.0,0
0.0,-2.459021235436625e-17,2.2570325485307112,0.0,0.10466059965195858,2.2044581600181238e-05,2.2044581600181245e-06,0.0,False,57,False,shielded,v9_four_class_stateful_PD_shared_root_m1_marked_embryo_v1,nan,nan,nan,nan,nan,nan,nan,nan,nan,nan,100000000000000.0,3492.3486328125,nan,0.6103515625,2.0,0.001,1.0,emission,13098.721493975596,1.5083607128848181e-27,2.4712981919901635e-27,2.0180510680315757,8.630634861784915e-24,custom,False,2.033691229284315,,terminate,False,nan,1.0,0.0003944575664932683,0.0006462792769425707,0.0,0,active,2.302585092994046,nan,nan,nan,1000000,1.0,inf,False,0,0.0,1.0,0.0,0.0,0,1.9477289104391967e-36,0,0.0,0.0,0.0,0.0,0.0,inf,0.0,0.0,0.0,0.0,0.0,0.0,inf,inf,0.0,0.0,inf,1.4788382786927784e-18,1.9736914198725175e-18,7.211897894245623e-15,False,9691129684.480522,0.0,0.0,3741.9095810948684,0.0,0.0,0,0,0,0,0.0,0,0,False,0,0.0,False,False,False,False,False,False,False,False,False,False,False,0.0,3.9016378808613945,45645.689743459436,0,0.0,False,-1,0,0,0,3804,0,0,0.0,21,9.471063446888204e-22,4802222222.222222,2.8579151110513665e-13,1000000000000.0,1000000000000.0,0.0005987445183220907,1.0,49.89537652684091,0.00014991623455953818,-1.0024493102302374e-05,9766237214.407566,2161.0,0.0,0.0,2.8698592549372254e-34,2.8698592549372254e-34,0.0,0.0,0
0.0,-2.4594507076106626e-17,2.257427006097205,0.0,0.10461932362786731,2.2044581600181238e-05,2.2044581600181245e-06,0.0,False,58,False,shielded,v9_four_class_stateful_PD_shared_root_m1_marked_embryo_v1,nan,nan,nan,nan,nan,nan,nan,nan,nan,nan,100000000000000.0,3492.958984375,nan,0.6103515625,2.0,0.001,1.0,emission,13098.721493975596,1.5083607128848181e-27,2.4712981919901635e-27,2.0180510680315757,8.6321432224978e-24,custom,False,2.033691229284315,,terminate,False,nan,1.0,0.0003944575664932683,0.0006462792769425707,4.440892098500626e-16,0,active,2.302585092994046,nan,nan,nan,1000000,1.0,inf,False,0,0.0,1.0,0.0,0.0,0,1.415483078128254e-36,0,0.0,0.0,0.0,0.0,0.0,inf,0.0,0.0,0.0,0.0,0.0,0.0,inf,inf,0.0,0.0,inf,1.4788382786927784e-18,1.682547519761777e-18,7.211897894245623e-15,False,9691129684.480522,0.0,0.0,3741.9095810948684,0.0,0.0,0,0,0,0,0.0,0,0,False,0,0.0,False,False,False,False,False,False,False,False,False,False,False,0.0,3.9016378808613945,45645.689743459436,0,0.0,False,-1,0,0,0,3804,0,0,0.0,20,9.472718687810946e-22,4802222222.222222,2.8584137174401057e-13,1000000000000.0,1000000000000.0,0.0005987445183220907,1.0,49.89537652684091,0.00014991623455953818,-1.0024493102302374e-05,9766237214.407566,2161.0,0.0,0.0,1.4349296274686127e-34,1.4349296274686127e-34,0.0,0.0,0
0.0,-2.4598579803250108e-17,2.257821463663698,0.0,0.10457806388220534,2.2044581600181238e-05,2.2044581600181245e-06,0.0,False,59,False,shielded,v9_four_class_stateful_PD_shared_root_m1_marked_embryo_v1,nan,nan,nan,nan,nan,nan,nan,nan,nan,nan,100000000000000.0,3493.5693359375,nan,0.6103515625,2.0,0.001,1.0,emission,13098.721493975596,1.5083607128848181e-27,2.4712981919901635e-27,2.0180510680315757,8.633651583210685e-24,custom,False,2.033691229284315,,terminate,False,nan,1.0,0.0003944575664932683,0.0006462792769425707,0.0,0,active,2.302585092994046,nan,nan,nan,1000000,1.0,inf,False,0,0.0,1.0,0.0,0.0,0,1.9477289104391967e-36,0,0.0,0.0,0.0,0.0,0.0,inf,0.0,0.0,0.0,0.0,0.0,0.0,inf,inf,0.0,0.0,inf,1.4788382786927784e-18,1.9736914198725175e-18,7.211897894245623e-15,False,9691129684.480522,0.0,0.0,3741.9095810948684,0.0,0.0,0,0,0,0,0.0,0,0,False,0,0.0,False,False,False,False,False,False,False,False,False,False,False,0.0,3.9016378808613945,45645.689743459436,0,0.0,False,-1,0,0,0,3804,0,0,0.0,21,9.474373928733688e-22,4802222222.222222,2.858912094956887e-13,1000000000000.0,1000000000000.0,0.0005987445183220907,1.0,49.89537652684091,0.00014991623455953818,-1.0024493102302374e-05,9766237214.407566,2161.0,0.0,0.0,2.8698592549372254e-34,2.8698592549372254e-34,0.0,0.0,0
0.0,-2.4602895307903373e-17,2.258215921230191,0.0,0.1045368204085527,2.2044581600181238e-05,2.2044581600181245e-06,0.0,False,60,False,shielded,v9_four_class_stateful_PD_shared_root_m1_marked_embryo_v1,nan,nan,nan,nan,nan,nan,nan,nan,nan,nan,100000000000000.0,3494.1796875,nan,0.6103515625,2.0,0.001,1.0,emission,13098.721493975596,1.5083607128848181e-27,2.4712981919901635e-27,2.0180510680315757,8.63515994392357e-24,custom,False,2.033691229284315,,terminate,False,nan,1.0,0.0003944575664932683,0.0006462792769425707,0.0,0,active,2.302585092994046,nan,nan,nan,1000000,1.0,inf,False,0,0.0,1.0,0.0,0.0,0,1.9477289104391967e-36,0,0.0,0.0,0.0,0.0,0.0,inf,0.0,0.0,0.0,0.0,0.0,0.0,inf,inf,0.0,0.0,inf,1.4788382786927784e-18,1.9736914198725175e-18,7.211897894245623e-15,False,9691129684.480522,0.0,0.0,3741.9095810948684,0.0,0.0,0,0,0,0,0.0,0,0,False,0,0.0,False,False,False,False,False,False,False,False,False,False,False,0.0,3.9016378808613945,45645.689743459436,0,0.0,False,-1,0,0,0,3804,0,0,0.0,20,9.47602916965643e-22,4802222222.222222,2.8594141402971423e-13,1000000000000.0,1000000000000.0,0.0005987445183220907,1.0,49.89537652684091,0.00014991623455953818,-1.0024493102302374e-05,9766237214.407566,2161.0,0.0,0.0,5.739718509874451e-34,5.739718509874451e-34,0.0,0.0,0
0.0,-2.4607123234809285e-17,2.2586103787966847,0.0,0.10449559320049201,2.2044581600181238e-05,2.2044581600181245e-06,0.0,False,61,False,shielded,v9_four_class_stateful_PD_shared_root_m1_marked_embryo_v1,nan,nan,nan,nan,nan,nan,nan,nan,nan,nan,100000000000000.0,3494.7900390625,nan,0.6103515625,2.0,0.001,1.0,emission,13098.721493975596,1.5083607128848181e-27,2.4712981919901635e-27,2.0180510680315757,8.636668304636454e-24,custom,False,2.033691229284315,,terminate,False,nan,1.0,0.0003944575664932683,0.0006462792769425707,4.440892098500626e-16,0,active,2.302585092994046,nan,nan,nan,1000000,1.0,inf,False,0,0.0,1.0,0.0,0.0,0,1.911069666931081e-36,0,0.0,0.0,0.0,0.0,0.0,inf,0.0,0.0,0.0,0.0,0.0,0.0,inf,inf,0.0,0.0,inf,1.4788382786927784e-18,1.9550292411782906e-18,7.211897894245623e-15,False,9691129684.480522,0.0,0.0,3741.9095810948684,0.0,0.0,0,0,0,0,0.0,0,0,False,0,0.0,False,False,False,False,False,False,False,False,False,False,False,0.0,3.9016378808613945,45645.689743459436,0,0.0,False,-1,0,0,0,3804,0,0,0.0,21,9.477684410579172e-22,4802222222.222222,2.85991425863965e-13,1000000000000.0,1000000000000.0,0.0005987445183220907,1.0,49.89537652684091,0.00014991623455953818,-1.0024493102302374e-05,9766237214.407566,2161.0,0.0,0.0,1.1479437019748901e-33,1.1479437019748901e-33,0.0,0.0,0
0.0,-2.4611600039682e-17,2.259004836363178,0.0,0.10445438225160855,2.2044581600181238e-05,2.2044581600181245e-06,0.0,False,62,False,shielded,v9_four_class_stateful_PD_shared_root_m1_marked_embryo_v1,nan,nan,nan,nan,nan,nan,nan,nan,nan,nan,100000000000000.0,3495.400390625,nan,0.6103515625,2.0,0.001,1.0,emission,13098.721493975596,1.5083607128848181e-27,2.4712981919901635e-27,2.0180510680315757,8.638176665349339e-24,custom,False,2.033691229284315,,terminate,False,nan,1.0,0.0003944575664932683,0.0006462792769425707,0.0,0,active,2.302585092994046,nan,nan,nan,1000000,1.0,inf,False,0,0.0,1.0,0.0,0.0,0,1.9477289104391967e-36,0,0.0,0.0,0.0,0.0,0.0,inf,0.0,0.0,0.0,0.0,0.0,0.0,inf,inf,0.0,0.0,inf,1.4788382786927784e-18,1.9736914198725175e-18,7.211897894245623e-15,False,9691129684.480522,0.0,0.0,3741.9095810948684,0.0,0.0,0,0,0,0,0.0,0,0,False,0,0.0,False,False,False,False,False,False,False,False,False,False,False,0.0,3.9016378808613945,45645.689743459436,0,0.0,False,-1,0,0,0,3804,0,0,0.0,20,9.479339651501914e-22,4802222222.222222,2.8604141294461697e-13,1000000000000.0,1000000000000.0,0.0005987445183220907,1.0,49.89537652684091,0.00014991623455953818,-1.0024493102302374e-05,9766237214.407566,2161.0,0.0,0.0,2.2958874039497803e-33,2.2958874039497803e-33,0.0,0.0,0
0.0,-2.4616039104439264e-17,2.259399293929671,0.0,0.10441318755548998,2.2044581600181238e-05,2.2044581600181245e-06,0.0,False,63,False,shielded,v9_four_class_stateful_PD_shared_root_m1_marked_embryo_v1,nan,nan,nan,nan,nan,nan,nan,nan,nan,nan,100000000000000.0,3496.0107421875,nan,0.6103515625,2.0,0.001,1.0,emission,13098.721493975596,1.5083607128848181e-27,2.4712981919901635e-27,2.0180510680315757,8.639685026062224e-24,custom,False,2.033691229284315,,terminate,False,nan,1.0,0.0003944575664932683,0.0006462792769425707,0.0,0,active,2.302585092994046,nan,nan,nan,1000000,1.0,inf,False,0,0.0,1.0,0.0,0.0,0,1.2764011550917766e-36,0,0.0,0.0,0.0,0.0,0.0,inf,0.0,0.0,0.0,0.0,0.0,0.0,inf,inf,0.0,0.0,inf,1.4788382786927784e-18,1.597749138689661e-18,7.211897894245623e-15,False,9691129684.480522,0.0,0.0,3741.9095810948684,0.0,0.0,0,0,0,0,0.0,0,0,False,0,0.0,False,False,False,False,False,False,False,False,False,False,False,0.0,3.9016378808613945,45645.689743459436,0,0.0,False,-1,0,0,0,3804,0,0,0.0,21,9.480994892424656e-22,4802222222.222222,2.8609111838578424e-13,1000000000000.0,1000000000000.0,0.0005987445183220907,1.0,49.89537652684091,0.00014991623455953818,-1.0024493102302374e-05,9766237214.407566,2161.0,0.0,0.0,5.739718509874451e-34,5.739718509874451e-34,0.0,0.0,0
0.0,-2.4620260827490582e-17,2.259793751496164,0.0,0.10437200910572653,2.2044581600181238e-05,2.2044581600181245e-06,0.0,False,64,False,shielded,v9_four_class_stateful_PD_shared_root_m1_marked_embryo_v1,nan,nan,nan,nan,nan,nan,nan,nan,nan,nan,100000000000000.0,3496.62109375,nan,0.6103515625,2.0,0.001,1.0,emission,13098.721493975596,1.5083607128848181e-27,2.4712981919901635e-27,2.0180510680315757,8.641193386775109e-24,custom,False,2.033691229284315,,terminate,False,nan,1.0,0.0003944575664932683,0.0006462792769425707,0.0,0,active,2.302585092994046,nan,nan,nan,1000000,1.0,inf,False,0,0.0,1.0,0.0,0.0,0,1.9477289104391967e-36,0,0.0,0.0,0.0,0.0,0.0,inf,0.0,0.0,0.0,0.0,0.0,0.0,inf,inf,0.0,0.0,inf,1.4788382786927784e-18,1.9736914198725175e-18,7.211897894245623e-15,False,9691129684.480522,0.0,0.0,3741.9095810948684,0.0,0.0,0,0,0,0,0.0,0,0,False,0,0.0,False,False,False,False,False,False,False,False,False,False,False,0.0,3.9016378808613945,45645.689743459436,0,0.0,False,-1,0,0,0,3804,0,0,0.0,20,9.482650133347398e-22,4802222222.222222,2.8614110620392377e-13,1000000000000.0,1000000000000.0,0.0005987445183220907,1.0,49.89537652684091,0.00014991623455953818,-1.0024493102302374e-05,9766237214.407566,2161.0,0.0,0.0,2.8698592549372254e-34,2.8698592549372254e-34,0.0,0.0,0
0.0,-2.4624655431289923e-17,2.2601882090626573,0.0,0.10433084689591096,2.2044581600181238e-05,2.2044581600181245e-06,0.0,False,65,False,shielded,v9_four_class_stateful_PD_shared_root_m1_marked_embryo_v1,nan,nan,nan,nan,nan,nan,nan,nan,nan,nan,100000000000000.0,3497.2314453125,nan,0.6103515625,2.0,0.001,1.0,emission,13098.721493975596,1.5083607128848181e-27,2.4712981919901635e-27,2.0180510680315757,8.642701747487994e-24,custom,False,2.033691229284315,,terminate,False,nan,1.0,0.0003944575664932683,0.0006462792769425707,0.0,0,active,2.302585092994046,nan,nan,nan,1000000,1.0,inf,False,0,0.0,1.0,0.0,0.0,0,1.9477289104391967e-36,0,0.0,0.0,0.0,0.0,0.0,inf,0.0,0.0,0.0,0.0,0.0,0.0,inf,inf,0.0,0.0,inf,1.4788382786927784e-18,1.9736914198725175e-18,7.211897894245623e-15,False,9691129684.480522,0.0,0.0,3741.9095810948684,0.0,0.0,0,0,0,0,0.0,0,0,False,0,0.0,False,False,False,False,False,False,False,False,False,False,False,0.0,3.9016378808613945,45645.689743459436,0,0.0,False,-1,0,0,0,3804,0,0,0.0,21,9.48430537427014e-22,4802222222.222222,2.861909571417415e-13,1000000000000.0,1000000000000.0,0.0005987445183220907,1.0,49.89537652684091,0.00014991623455953818,-1.0024493102302374e-05,9766237214.407566,2161.0,0.0,0.0,5.739718509874451e-34,5.739718509874451e-34,0.0,0.0,0
0.0,-2.4628929059924678e-17,2.260582666629151,0.0,0.10428970091963853,2.2044581600181238e-05,2.2044581600181245e-06,0.0,False,66,False,shielded,v9_four_class_stateful_PD_shared_root_m1_marked_embryo_v1,nan,nan,nan,nan,nan,nan,nan,nan,nan,nan,100000000000000.0,3497.841796875,nan,0.6103515625,2.0,0.001,1.0,emission,13098.721493975596,1.5083607128848181e-27,2.4712981919901635e-27,2.0180510680315757,8.644210108200878e-24,custom,False,2.033691229284315,,terminate,False,nan,1.0,0.0003944575664932683,0.0006462792769425707,4.440892098500626e-16,0,active,2.302585092994046,nan,nan,nan,1000000,1.0,inf,False,0,0.0,1.0,0.0,0.0,0,1.7748586840170215e-36,0,0.0,0.0,0.0,0.0,0.0,inf,0.0,0.0,0.0,0.0,0.0,0.0,inf,inf,0.0,0.0,inf,1.4788382786927784e-18,1.884069363912604e-18,7.211897894245623e-15,False,9691129684.480522,0.0,0.0,3741.9095810948684,0.0,0.0,0,0,0,0,0.0,0,0,False,0,0.0,False,False,False,False,False,False,False,False,False,False,False,0.0,3.9016378808613945,45645.689743459436,0,0.0,False,-1,0,0,0,3804,0,0,0.0,20,9.485960615192882e-22,4802222222.222222,2.8624095606043917e-13,1000000000000.0,1000000000000.0,0.0005987445183220907,1.0,49.89537652684091,0.00014991623455953818,-1.0024493102302374e-05,9766237214.407566,2161.0,0.0,0.0,1.1479437019748901e-33,1.1479437019748901e-33,0.0,0.0,0
0.0,-2.4633028050052608e-17,2.260977124195644,0.0,0.10424857117050716,2.2044581600181238e-05,2.2044581600181245e-06,0.0,False,67,False,shielded,v9_four_class_stateful_PD_shared_root_m1_marked_embryo_v1,nan,nan,nan,nan,nan,nan,nan,nan,nan,nan,100000000000000.0,3498.4521484375,nan,0.6103515625,2.0,0.001,1.0,emission,13098.721493975596,1.5083607128848181e-27,2.4712981919901635e-27,2.0180510680315757,8.645718468913763e-24,custom,False,2.033691229284315,,terminate,False,nan,1.0,0.0003944575664932683,0.0006462792769425707,0.0,0,active,2.302585092994046,nan,nan,nan,1000000,1.0,inf,False,0,0.0,1.0,0.0,0.0,0,1.9477289104391967e-36,0,0.0,0.0,0.0,0.0,0.0,inf,0.0,0.0,0.0,0.0,0.0,0.0,inf,inf,0.0,0.0,inf,1.4788382786927784e-18,1.9736914198725175e-18,7.211897894245623e-15,False,9691129684.480522,0.0,0.0,3741.9095810948684,0.0,0.0,0,0,0,0,0.0,0,0,False,0,0.0,False,False,False,False,False,False,False,False,False,False,False,0.0,3.9016378808613945,45645.689743459436,0,0.0,False,-1,0,0,0,3804,0,0,0.0,21,9.487615856115624e-22,4802222222.222222,2.8629074318115153e-13,1000000000000.0,1000000000000.0,0.0005987445183220907,1.0,49.89537652684091,0.00014991623455953818,-1.0024493102302374e-05,9766237214.407566,2161.0,0.0,0.0,2.8698592549372254e-34,2.8698592549372254e-34,0.0,0.0,0
0.0,-2.4637385327326808e-17,2.2613715817621376,0.0,0.10420745764211709,2.2044581600181238e-05,2.2044581600181245e-06,0.0,False,68,False,shielded,v9_four_class_stateful_PD_shared_root_m1_marked_embryo_v1,nan,nan,nan,nan,nan,nan,nan,nan,nan,nan,100000000000000.0,3499.0625,nan,0.6103515625,2.0,0.001,1.0,emission,13098.721493975596,1.5083607128848181e-27,2.4712981919901635e-27,2.0180510680315757,8.647226829626648e-24,custom,False,2.033691229284315,,terminate,False,nan,1.0,0.0003944575664932683,0.0006462792769425707,4.440892098500626e-16,0,active,2.302585092994046,nan,nan,nan,1000000,1.0,inf,False,0,0.0,1.0,0.0,0.0,0,1.6197303479971712e-36,0,0.0,0.0,0.0,0.0,0.0,inf,0.0,0.0,0.0,0.0,0.0,0.0,inf,inf,0.0,0.0,inf,1.4788382786927784e-18,1.7998501870973434e-18,7.211897894245623e-15,False,9691129684.480522,0.0,0.0,3741.9095810948684,0.0,0.0,0,0,0,0,0.0,0,0,False,0,0.0,False,False,False,False,False,False,False,False,False,False,False,0.0,3.9016378808613945,45645.689743459436,0,0.0,False,-1,0,0,0,3804,0,0,0.0,20,9.489271097038366e-22,4802222222.222222,2.8634112405852893e-13,1000000000000.0,1000000000000.0,0.0005987445183220907,1.0,49.89537652684091,0.00014991623455953818,-1.0024493102302374e-05,9766237214.407566,2161.0,0.0,0.0,2.8698592549372254e-34,2.8698592549372254e-34,0.0,0.0,0
0.0,-2.4641582131562172e-17,2.2617660393286307,0.0,0.10416636032807126,2.2044581600181238e-05,2.2044581600181245e-06,0.0,False,69,False,shielded,v9_four_class_stateful_PD_shared_root_m1_marked_embryo_v1,nan,nan,nan,nan,nan,nan,nan,nan,nan,nan,100000000000000.0,3499.6728515625,nan,0.6103515625,2.0,0.001,1.0,emission,13098.721493975596,1.5083607128848181e-27,2.4712981919901635e-27,2.0180510680315757,8.648735190339533e-24,custom,False,2.033691229284315,,terminate,False,nan,1.0,0.0003944575664932683,0.0006462792769425707,0.0,0,active,2.302585092994046,nan,nan,nan,1000000,1.0,inf,False,0,0.0,1.0,0.0,0.0,0,1.9477289104391967e-36,0,0.0,0.0,0.0,0.0,0.0,inf,0.0,0.0,0.0,0.0,0.0,0.0,inf,inf,0.0,0.0,inf,1.4788382786927784e-18,1.9736914198725175e-18,7.211897894245623e-15,False,9691129684.480522,0.0,0.0,3741.9095810948684,0.0,0.0,0,0,0,0,0.0,0,0,False,0,0.0,False,False,False,False,False,False,False,False,False,False,False,0.0,3.9016378808613945,45645.689743459436,0,0.0,False,-1,0,0,0,3804,0,0,0.0,20,9.490926337961108e-22,4802222222.222222,2.863908188857469e-13,1000000000000.0,1000000000000.0,0.0005987445183220907,1.0,49.89537652684091,0.00014991623455953818,-1.0024493102302374e-05,9766237214.407566,2161.0,0.0,0.0,5.739718509874451e-34,5.739718509874451e-34,0.0,0.0,0
0.0,-2.4645879128049232e-17,2.262160496895124,0.0,0.10412527922197505,2.2044581600181238e-05,2.2044581600181245e-06,0.0,False,70,False,shielded,v9_four_class_stateful_PD_shared_root_m1_marked_embryo_v1,nan,nan,nan,nan,nan,nan,nan,nan,nan,nan,100000000000000.0,3500.283203125,nan,0.6103515625,2.0,0.001,1.0,emission,13098.721493975596,1.5083607128848181e-27,2.4712981919901635e-27,2.0180510680315757,8.650243551052418e-24,custom,False,2.033691229284315,,terminate,False,nan,1.0,0.0003944575664932683,0.0006462792769425707,0.0,0,active,2.302585092994046,nan,nan,nan,1000000,1.0,inf,False,0,0.0,1.0,0.0,0.0,0,1.9477289104391967e-36,0,0.0,0.0,0.0,0.0,0.0,inf,0.0,0.0,0.0,0.0,0.0,0.0,inf,inf,0.0,0.0,inf,1.4788382786927784e-18,1.9736914198725175e-18,7.211897894245623e-15,False,9691129684.480522,0.0,0.0,3741.9095810948684,0.0,0.0,0,0,0,0,0.0,0,0,False,0,0.0,False,False,False,False,False,False,False,False,False,False,False,0.0,3.9016378808613945,45645.689743459436,0,0.0,False,-1,0,0,0,3804,0,0,0.0,21,9.49258157888385e-22,4802222222.222222,2.8644081540831716e-13,1000000000000.0,1000000000000.0,0.0005987445183220907,1.0,49.89537652684091,0.00014991623455953818,-1.0024493102302374e-05,9766237214.407566,2161.0,0.0,0.0,5.739718509874451e-34,5.739718509874451e-34,0.0,0.0,0
0.0,-2.4650286036160185e-17,2.262554954461617,0.0,0.10408421431743635,2.2044581600181238e-05,2.2044581600181245e-06,0.0,False,71,False,shielded,v9_four_class_stateful_PD_shared_root_m1_marked_embryo_v1,nan,nan,nan,nan,nan,nan,nan,nan,nan,nan,100000000000000.0,3500.8935546875,nan,0.6103515625,2.0,0.001,1.0,emission,13098.721493975596,1.5083607128848181e-27,2.4712981919901635e-27,2.0180510680315757,8.651751911765303e-24,custom,False,2.033691229284315,,terminate,False,nan,1.0,0.0003944575664932683,0.0006462792769425707,0.0,0,active,2.302585092994046,nan,nan,nan,1000000,1.0,inf,False,0,0.0,1.0,0.0,0.0,0,1.6115585886824425e-36,0,0.0,0.0,0.0,0.0,0.0,inf,0.0,0.0,0.0,0.0,0.0,0.0,inf,inf,0.0,0.0,inf,1.4788382786927784e-18,1.795304201901417e-18,7.211897894245623e-15,False,9691129684.480522,0.0,0.0,3741.9095810948684,0.0,0.0,0,0,0,0,0.0,0,0,False,0,0.0,False,False,False,False,False,False,False,False,False,False,False,0.0,3.9016378808613945,45645.689743459436,0,0.0,False,-1,0,0,0,3804,0,0,0.0,20,9.494236819806592e-22,4802222222.222222,2.8649039330195977e-13,1000000000000.0,1000000000000.0,0.0005987445183220907,1.0,49.89537652684091,0.00014991623455953818,-1.0024493102302374e-05,9766237214.407566,2161.0,0.0,0.0,1.1479437019748901e-33,1.1479437019748901e-33,0.0,0.0,0
0.0,-2.4654518615957042e-17,2.2629494120281106,0.0,0.10404316560806555,2.2044581600181238e-05,2.2044581600181245e-06,0.0,False,72,False,shielded,v9_four_class_stateful_PD_shared_root_m1_marked_embryo_v1,nan,nan,nan,nan,nan,nan,nan,nan,nan,nan,100000000000000.0,3501.50390625,nan,0.6103515625,2.0,0.001,1.0,emission,13098.721493975596,1.5083607128848181e-27,2.4712981919901635e-27,2.0180510680315757,8.653260272478187e-24,custom,False,2.033691229284315,,terminate,False,nan,1.0,0.0003944575664932683,0.0006462792769425707,4.440892098500626e-16,0,active,2.302585092994046,nan,nan,nan,1000000,1.0,inf,False,0,0.0,1.0,0.0,0.0,0,1.9477289104391967e-36,0,0.0,0.0,0.0,0.0,0.0,inf,0.0,0.0,0.0,0.0,0.0,0.0,inf,inf,0.0,0.0,inf,1.4788382786927784e-18,1.9736914198725175e-18,7.211897894245623e-15,False,9691129684.480522,0.0,0.0,3741.9095810948684,0.0,0.0,0,0,0,0,0.0,0,0,False,0,0.0,False,False,False,False,False,False,False,False,False,False,False,0.0,3.9016378808613945,45645.689743459436,0,0.0,False,-1,0,0,0,3804,0,0,0.0,21,9.495892060729334e-22,4802222222.222222,2.865407237579805e-13,1000000000000.0,1000000000000.0,0.0005987445183220907,1.0,49.89537652684091,0.00014991623455953818,-1.0024493102302374e-05,9766237214.407566,2161.0,0.0,0.0,2.2420775429197073e-36,2.2420775429197073e-36,0.0,0.0,0
0.0,-2.4658722658022766e-17,2.2633438695946038,0.0,0.1040021330874757,2.2044581600181238e-05,2.2044581600181245e-06,0.0,False,73,False,shielded,v9_four_class_stateful_PD_shared_root_m1_marked_embryo_v1,nan,nan,nan,nan,nan,nan,nan,nan,nan,nan,100000000000000.0,3502.1142578125,nan,0.6103515625,2.0,0.001,1.0,emission,13098.721493975596,1.5083607128848181e-27,2.4712981919901635e-27,2.0180510680315757,8.654768633191072e-24,custom,False,2.033691229284315,,terminate,False,nan,1.0,0.0003944575664932683,0.0006462792769425707,0.0,0,active,2.302585092994046,nan,nan,nan,1000000,1.0,inf,False,0,0.0,1.0,0.0,0.0,0,1.8943248978751703e-36,0,0.0,0.0,0.0,0.0,0.0,inf,0.0,0.0,0.0,0.0,0.0,0.0,inf,inf,0.0,0.0,inf,1.4788382786927784e-18,1.9464454258340614e-18,7.211897894245623e-15,False,9691129684.480522,0.0,0.0,3741.9095810948684,0.0,0.0,0,0,0,0,0.0,0,0,False,0,0.0,False,False,False,False,False,False,False,False,False,False,False,0.0,3.9016378808613945,45645.689743459436,0,0.0,False,-1,0,0,0,3804,0,0,0.0,20,9.497547301652076e-22,4802222222.222222,2.86590621970601e-13,1000000000000.0,1000000000000.0,0.0005987445183220907,1.0,49.89537652684091,0.00014991623455953818,-1.0024493102302374e-05,9766237214.407566,2161.0,0.0,0.0,1.1479437019748901e-33,1.1479437019748901e-33,0.0,0.0,0
0.0,-2.466315603591332e-17,2.263738327161097,0.0,0.10396111674928223,2.2044581600181238e-05,2.2044581600181245e-06,0.0,False,74,False,shielded,v9_four_class_stateful_PD_shared_root_m1_marked_embryo_v1,nan,nan,nan,nan,nan,nan,nan,nan,nan,nan,100000000000000.0,3502.724609375,nan,0.6103515625,2.0,0.001,1.0,emission,13098.721493975596,1.5083607128848181e-27,2.4712981919901635e-27,2.0180510680315757,8.656276993903957e-24,custom,False,2.033691229284315,,terminate,False,nan,1.0,0.0003944575664932683,0.0006462792769425707,0.0,0,active,2.302585092994046,nan,nan,nan,1000000,1.0,inf,False,0,0.0,1.0,0.0,0.0,0,1.9477289104391967e-36,0,0.0,0.0,0.0,0.0,0.0,inf,0.0,0.0,0.0,0.0,0.0,0.0,inf,inf,0.0,0.0,inf,1.4788382786927784e-18,1.9736914198725175e-18,7.211897894245623e-15,False,9691129684.480522,0.0,0.0,3741.9095810948684,0.0,0.0,0,0,0,0,0.0,0,0,False,0,0.0,False,False,False,False,False,False,False,False,False,False,False,0.0,3.9016378808613945,45645.689743459436,0,0.0,False,-1,0,0,0,3804,0,0,0.0,21,9.499202542574818e-22,4802222222.222222,2.8664052530524396e-13,1000000000000.0,1000000000000.0,0.0005987445183220907,1.0,49.89537652684091,0.00014991623455953818,-1.0024493102302374e-05,9766237214.407566,2161.0,0.0,0.0,2.8698592549372254e-34,2.8698592549372254e-34,0.0,0.0,0
0.0,-2.466758414052747e-17,2.26413278472759,0.0,0.10392011658710312,2.2044581600181238e-05,2.2044581600181245e-06,0.0,False,75,False,shielded,v9_four_class_stateful_PD_shared_root_m1_marked_embryo_v1,nan,nan,nan,nan,nan,nan,nan,nan,nan,nan,100000000000000.0,3503.3349609375,nan,0.6103515625,2.0,0.001,1.0,emission,13098.721493975596,1.5083607128848181e-27,2.4712981919901635e-27,2.0180510680315757,8.657785354616842e-24,custom,False,2.033691229284315,,terminate,False,nan,1.0,0.0003944575664932683,0.0006462792769425707,0.0,0,active,2.302585092994046,nan,nan,nan,1000000,1.0,inf,False,0,0.0,1.0,0.0,0.0,0,1.9477289104391967e-36,0,0.0,0.0,0.0,0.0,0.0,inf,0.0,0.0,0.0,0.0,0.0,0.0,inf,inf,0.0,0.0,inf,1.4788382786927784e-18,1.9736914198725175e-18,7.211897894245623e-15,False,9691129684.480522,0.0,0.0,3741.9095810948684,0.0,0.0,0,0,0,0,0.0,0,0,False,0,0.0,False,False,False,False,False,False,False,False,False,False,False,0.0,3.9016378808613945,45645.689743459436,0,0.0,False,-1,0,0,0,3804,0,0,0.0,20,9.50085778349756e-22,4802222222.222222,2.8669062811709627e-13,1000000000000.0,1000000000000.0,0.0005987445183220907,1.0,49.89537652684091,0.00014991623455953818,-1.0024493102302374e-05,9766237214.407566,2161.0,0.0,0.0,5.739718509874451e-34,5.739718509874451e-34,0.0,0.0,0
0.0,-2.46717144601211e-17,2.2645272422940836,0.0,0.10387913259455885,2.2044581600181238e-05,2.2044581600181245e-06,0.0,False,76,False,shielded,v9_four_class_stateful_PD_shared_root_m1_marked_embryo_v1,nan,nan,nan,nan,nan,nan,nan,nan,nan,nan,100000000000000.0,3503.9453125,nan,0.6103515625,2.0,0.001,1.0,emission,13098.721493975596,1.5083607128848181e-27,2.4712981919901635e-27,2.0180510680315757,8.659293715329727e-24,custom,False,2.033691229284315,,terminate,False,nan,1.0,0.0003944575664932683,0.0006462792769425707,4.440892098500626e-16,0,active,2.302585092994046,nan,nan,nan,1000000,1.0,inf,False,0,0.0,1.0,0.0,0.0,0,1.454588389621096e-36,0,0.0,0.0,0.0,0.0,0.0,inf,0.0,0.0,0.0,0.0,0.0,0.0,inf,inf,0.0,0.0,inf,1.4788382786927784e-18,1.7056309035785531e-18,7.211897894245623e-15,False,9691129684.480522,0.0,0.0,3741.9095810948684,0.0,0.0,0,0,0,0,0.0,0,0,False,0,0.0,False,False,False,False,False,False,False,False,False,False,False,0.0,3.9016378808613945,45645.689743459436,0,0.0,False,-1,0,0,0,3804,0,0,0.0,21,9.502513024420302e-22,4802222222.222222,2.867407233469962e-13,1000000000000.0,1000000000000.0,0.0005987445183220907,1.0,49.89537652684091,0.00014991623455953818,-1.0024493102302374e-05,9766237214.407566,2161.0,0.0,0.0,1.4349296274686127e-34,1.4349296274686127e-34,0.0,0.0,0
0.0,-2.467592915213721e-17,2.264921699860577,0.0,0.10383816476527251,2.2044581600181238e-05,2.2044581600181245e-06,0.0,False,77,False,shielded,v9_four_class_stateful_PD_shared_root_m1_marked_embryo_v1,nan,nan,nan,nan,nan,nan,nan,nan,nan,nan,100000000000000.0,3504.5556640625,nan,0.6103515625,2.0,0.001,1.0,emission,13098.721493975596,1.5083607128848181e-27,2.4712981919901635e-27,2.0180510680315757,8.660802076042611e-24,custom,False,2.033691229284315,,terminate,False,nan,1.0,0.0003944575664932683,0.0006462792769425707,0.0,0,active,2.302585092994046,nan,nan,nan,1000000,1.0,inf,False,0,0.0,1.0,0.0,0.0,0,1.9477289104391967e-36,0,0.0,0.0,0.0,0.0,0.0,inf,0.0,0.0,0.0,0.0,0.0,0.0,inf,inf,0.0,0.0,inf,1.4788382786927784e-18,1.9736914198725175e-18,7.211897894245623e-15,False,9691129684.480522,0.0,0.0,3741.9095810948684,0.0,0.0,0,0,0,0,0.0,0,0,False,0,0.0,False,False,False,False,False,False,False,False,False,False,False,0.0,3.9016378808613945,45645.689743459436,0,0.0,False,-1,0,0,0,3804,0,0,0.0,20,9.504168265343044e-22,4802222222.222222,2.8679024644560544e-13,1000000000000.0,1000000000000.0,0.0005987445183220907,1.0,49.89537652684091,0.00014991623455953818,-1.0024493102302374e-05,9766237214.407566,2161.0,0.0,0.0,2.2958874039497803e-33,2.2958874039497803e-33,0.0,0.0,0
0.0,-2.468045527765395e-17,2.26531615742707,0.0,0.1037972130928696,2.2044581600181238e-05,2.2044581600181245e-06,0.0,False,78,False,shielded,v9_four_class_stateful_PD_shared_root_m1_marked_embryo_v1,nan,nan,nan,nan,nan,nan,nan,nan,nan,nan,100000000000000.0,3505.166015625,nan,0.6103515625,2.0,0.001,1.0,emission,13098.721493975596,1.5083607128848181e-27,2.4712981919901635e-27,2.0180510680315757,8.662310436755496e-24,custom,False,2.033691229284315,,terminate,False,nan,1.0,0.0003944575664932683,0.0006462792769425707,0.0,0,active,2.302585092994046,nan,nan,nan,1000000,1.0,inf,False,0,0.0,1.0,0.0,0.0,0,1.9477289104391967e-36,0,0.0,0.0,0.0,0.0,0.0,inf,0.0,0.0,0.0,0.0,0.0,0.0,inf,inf,0.0,0.0,inf,1.4788382786927784e-18,1.9736914198725175e-18,7.211897894245623e-15,False,9691129684.480522,0.0,0.0,3741.9095810948684,0.0,0.0,0,0,0,0,0.0,0,0,False,0,0.0,False,False,False,False,False,False,False,False,False,False,False,0.0,3.9016378808613945,45645.689743459436,0,0.0,False,-1,0,0,0,3804,0,0,0.0,21,9.505823506265786e-22,4802222222.222222,2.868406330692912e-13,1000000000000.0,1000000000000.0,0.0005987445183220907,1.0,49.89537652684091,0.00014991623455953818,-1.0024493102302374e-05,9766237214.407566,2161.0,0.0,0.0,2.2958874039497803e-33,2.2958874039497803e-33,0.0,0.0,0
0.0,-2.4684789497268573e-17,2.2657106149935635,0.0,0.10375627757097812,2.2044581600181238e-05,2.2044581600181245e-06,0.0,False,79,False,shielded,v9_four_class_stateful_PD_shared_root_m1_marked_embryo_v1,nan,nan,nan,nan,nan,nan,nan,nan,nan,nan,100000000000000.0,3505.7763671875,nan,0.6103515625,2.0,0.001,1.0,emission,13098.721493975596,1.5083607128848181e-27,2.4712981919901635e-27,2.0180510680315757,8.663818797468381e-24,custom,False,2.033691229284315,,terminate,False,nan,1.0,0.0003944575664932683,0.0006462792769425707,4.440892098500626e-16,0,active,2.302585092994046,nan,nan,nan,1000000,1.0,inf,False,0,0.0,1.0,0.0,0.0,0,1.932307335412362e-36,0,0.0,0.0,0.0,0.0,0.0,inf,0.0,0.0,0.0,0.0,0.0,0.0,inf,inf,0.0,0.0,inf,1.4788382786927784e-18,1.9658623224490375e-18,7.211897894245623e-15,False,9691129684.480522,0.0,0.0,3741.9095810948684,0.0,0.0,0,0,0,0,0.0,0,0,False,0,0.0,False,False,False,False,False,False,False,False,False,False,False,0.0,3.9016378808613945,45645.689743459436,0,0.0,False,-1,0,0,0,3804,0,0,0.0,20,9.507478747188528e-22,4802222222.222222,2.8689027854984505e-13,1000000000000.0,1000000000000.0,0.0005987445183220907,1.0,49.89537652684091,0.00014991623455953818,-1.0024493102302374e-05,9766237214.407566,2161.0,0.0,0.0,2.8698592549372254e-34,2.8698592549372254e-34,0.0,0.0,0
0.0,-2.4688953524472165e-17,2.2661050725600567,0.0,0.10371535819322875,2.2044581600181238e-05,2.2044581600181245e-06,0.0,False,80,False,shielded,v9_four_class_stateful_PD_shared_root_m1_marked_embryo_v1,nan,nan,nan,nan,nan,nan,nan,nan,nan,nan,100000000000000.0,3506.38671875,nan,0.6103515625,2.0,0.001,1.0,emission,13098.721493975596,1.5083607128848181e-27,2.4712981919901635e-27,2.0180510680315757,8.665327158181266e-24,custom,False,2.033691229284315,,terminate,False,nan,1.0,0.0003944575664932683,0.0006462792769425707,0.0,0,active,2.302585092994046,nan,nan,nan,1000000,1.0,inf,False,0,0.0,1.0,0.0,0.0,0,1.9477289104391967e-36,0,0.0,0.0,0.0,0.0,0.0,inf,0.0,0.0,0.0,0.0,0.0,0.0,inf,inf,0.0,0.0,inf,1.4788382786927784e-18,1.9736914198725175e-18,7.211897894245623e-15,False,9691129684.480522,0.0,0.0,3741.9095810948684,0.0,0.0,0,0,0,0,0.0,0,0,False,0,0.0,False,False,False,False,False,False,False,False,False,False,False,0.0,3.9016378808613945,45645.689743459436,0,0.0,False,-1,0,0,0,3804,0,0,0.0,21,9.50913398811127e-22,4802222222.222222,2.869403537646917e-13,1000000000000.0,1000000000000.0,0.0005987445183220907,1.0,49.89537652684091,0.00014991623455953818,-1.0024493102302374e-05,9766237214.407566,2161.0,0.0,0.0,1.1479437019748901e-33,1.1479437019748901e-33,0.0,0.0,0
0.0,-2.469328412517161e-17,2.26649953012655,0.0,0.1036744549532545,2.2044581600181238e-05,2.2044581600181245e-06,0.0,False,81,False,shielded,v9_four_class_stateful_PD_shared_root_m1_marked_embryo_v1,nan,nan,nan,nan,nan,nan,nan,nan,nan,nan,100000000000000.0,3506.9970703125,nan,0.6103515625,2.0,0.001,1.0,emission,13098.721493975596,1.5083607128848181e-27,2.4712981919901635e-27,2.0180510680315757,8.66683551889415e-24,custom,False,2.033691229284315,,terminate,False,nan,1.0,0.0003944575664932683,0.0006462792769425707,0.0,0,active,2.302585092994046,nan,nan,nan,1000000,1.0,inf,False,0,0.0,1.0,0.0,0.0,0,1.3117703139664577e-36,0,0.0,0.0,0.0,0.0,0.0,inf,0.0,0.0,0.0,0.0,0.0,0.0,inf,inf,0.0,0.0,inf,1.4788382786927784e-18,1.619734739990754e-18,7.211897894245623e-15,False,9691129684.480522,0.0,0.0,3741.9095810948684,0.0,0.0,0,0,0,0,0.0,0,0,False,0,0.0,False,False,False,False,False,False,False,False,False,False,False,0.0,3.9016378808613945,45645.689743459436,0,0.0,False,-1,0,0,0,3804,0,0,0.0,20,9.510789229034012e-22,4802222222.222222,2.8699000240390967e-13,1000000000000.0,1000000000000.0,0.0005987445183220907,1.0,49.89537652684091,0.00014991623455953818,-1.0024493102302374e-05,9766237214.407566,2161.0,0.0,0.0,2.2958874039497803e-33,2.2958874039497803e-33,0.0,0.0,0
0.0,-2.4697342066461642e-17,2.2668939876930434,0.0,0.10363356784469092,2.2044581600181238e-05,2.2044581600181245e-06,0.0,False,82,False,shielded,v9_four_class_stateful_PD_shared_root_m1_marked_embryo_v1,nan,nan,nan,nan,nan,nan,nan,nan,nan,nan,100000000000000.0,3507.607421875,nan,0.6103515625,2.0,0.001,1.0,emission,13098.721493975596,1.5083607128848181e-27,2.4712981919901635e-27,2.0180510680315757,8.668343879607036e-24,custom,False,2.033691229284315,,terminate,False,nan,1.0,0.0003944575664932683,0.0006462792769425707,4.440892098500626e-16,0,active,2.302585092994046,nan,nan,nan,1000000,1.0,inf,False,0,0.0,1.0,0.0,0.0,0,1.9477289104391967e-36,0,0.0,0.0,0.0,0.0,0.0,inf,0.0,0.0,0.0,0.0,0.0,0.0,inf,inf,0.0,0.0,inf,1.4788382786927784e-18,1.9736914198725175e-18,7.211897894245623e-15,False,9691129684.480522,0.0,0.0,3741.9095810948684,0.0,0.0,0,0,0,0,0.0,0,0,False,0,0.0,False,False,False,False,False,False,False,False,False,False,False,0.0,3.9016378808613945,45645.689743459436,0,0.0,False,-1,0,0,0,3804,0,0,0.0,21,9.512444469956754e-22,4802222222.222222,2.870399047798606e-13,1000000000000.0,1000000000000.0,0.0005987445183220907,1.0,49.89537652684091,0.00014991623455953818,-1.0024493102302374e-05,9766237214.407566,2161.0,0.0,0.0,2.8698592549372254e-34,2.8698592549372254e-34,0.0,0.0,0
0.0,-2.4701807084010627e-17,2.2672884452595365,0.0,0.1035926968611762,2.2044581600181238e-05,2.2044581600181245e-06,0.0,False,83,False,shielded,v9_four_class_stateful_PD_shared_root_m1_marked_embryo_v1,nan,nan,nan,nan,nan,nan,nan,nan,nan,nan,100000000000000.0,3508.2177734375,nan,0.6103515625,2.0,0.001,1.0,emission,13098.721493975596,1.5083607128848181e-27,2.4712981919901635e-27,2.0180510680315757,8.66985224031992e-24,custom,False,2.033691229284315,,terminate,False,nan,1.0,0.0003944575664932683,0.0006462792769425707,0.0,0,active,2.302585092994046,nan,nan,nan,1000000,1.0,inf,False,0,0.0,1.0,0.0,0.0,0,1.9477289104391967e-36,0,0.0,0.0,0.0,0.0,0.0,inf,0.0,0.0,0.0,0.0,0.0,0.0,inf,inf,0.0,0.0,inf,1.4788382786927784e-18,1.9736914198725175e-18,7.211897894245623e-15,False,9691129684.480522,0.0,0.0,3741.9095810948684,0.0,0.0,0,0,0,0,0.0,0,0,False,0,0.0,False,False,False,False,False,False,False,False,False,False,False,0.0,3.9016378808613945,45645.689743459436,0,0.0,False,-1,0,0,0,3804,0,0,0.0,20,9.514099710879496e-22,4802222222.222222,2.8708993697237333e-13,1000000000000.0,1000000000000.0,0.0005987445183220907,1.0,49.89537652684091,0.00014991623455953818,-1.0024493102302374e-05,9766237214.407566,2161.0,0.0,0.0,2.8698592549372254e-34,2.8698592549372254e-34,0.0,0.0,0
0.0,-2.4706244907996974e-17,2.2676829028260297,0.0,0.1035518419963509,2.2044581600181238e-05,2.2044581600181245e-06,0.0,False,84,False,shielded,v9_four_class_stateful_PD_shared_root_m1_marked_embryo_v1,nan,nan,nan,nan,nan,nan,nan,nan,nan,nan,100000000000000.0,3508.828125,nan,0.6103515625,2.0,0.001,1.0,emission,13098.721493975596,1.5083607128848181e-27,2.4712981919901635e-27,2.0180510680315757,8.671360601032805e-24,custom,False,2.033691229284315,,terminate,False,nan,1.0,0.0003944575664932683,0.0006462792769425707,0.0,0,active,2.302585092994046,nan,nan,nan,1000000,1.0,inf,False,0,0.0,1.0,0.0,0.0,0,1.817799057559999e-36,0,0.0,0.0,0.0,0.0,0.0,inf,0.0,0.0,0.0,0.0,0.0,0.0,inf,inf,0.0,0.0,inf,1.4788382786927784e-18,1.906724446562743e-18,7.211897894245623e-15,False,9691129684.480522,0.0,0.0,3741.9095810948684,0.0,0.0,0,0,0,0,0.0,0,0,False,0,0.0,False,False,False,False,False,False,False,False,False,False,False,0.0,3.9016378808613945,45645.689743459436,0,0.0,False,-1,0,0,0,3804,0,0,0.0,21,9.515754951802238e-22,4802222222.222222,2.871399939965574e-13,1000000000000.0,1000000000000.0,0.0005987445183220907,1.0,49.89537652684091,0.00014991623455953818,-1.0024493102302374e-05,9766237214.407566,2161.0,0.0,0.0,9.183549615799121e-33,9.183549615799121e-33,0.0,0.0,0
0.0,-2.4710403455129007e-17,2.268077360392523,0.0,0.10351100324385813,2.2044581600181238e-05,2.2044581600181245e-06,0.0,False,85,False,shielded,v9_four_class_stateful_PD_shared_root_m1_marked_embryo_v1,nan,nan,nan,nan,nan,nan,nan,nan,nan,nan,100000000000000.0,3509.4384765625,nan,0.6103515625,2.0,0.001,1.0,emission,13098.721493975596,1.5083607128848181e-27,2.4712981919901635e-27,2.0180510680315757,8.67286896174569e-24,custom,False,2.033691229284315,,terminate,False,nan,1.0,0.0003944575664932683,0.0006462792769425707,0.0,0,active,2.302585092994046,nan,nan,nan,1000000,1.0,inf,False,0,0.0,1.0,0.0,0.0,0,1.9477289104391967e-36,0,0.0,0.0,0.0,0.0,0.0,inf,0.0,0.0,0.0,0.0,0.0,0.0,inf,inf,0.0,0.0,inf,1.4788382786927784e-18,1.9736914198725175e-18,7.211897894245623e-15,False,9691129684.480522,0.0,0.0,3741.9095810948684,0.0,0.0,0,0,0,0,0.0,0,0,False,0,0.0,False,False,False,False,False,False,False,False,False,False,False,0.0,3.9016378808613945,45645.689743459436,0,0.0,False,-1,0,0,0,3804,0,0,0.0,21,9.51741019272498e-22,4802222222.222222,2.8719005040871546e-13,1000000000000.0,1000000000000.0,0.0005987445183220907,1.0,49.89537652684091,0.00014991623455953818,-1.0024493102302374e-05,9766237214.407566,2161.0,0.0,0.0,4.4841550858394146e-36,4.4841550858394146e-36,0.0,0.0,0
0.0,-2.4714510096677604e-17,2.2684718179590164,0.0,0.10347018059734348,2.2044581600181238e-05,2.2044581600181245e-06,0.0,False,86,False,shielded,v9_four_class_stateful_PD_shared_root_m1_marked_embryo_v1,nan,nan,nan,nan,nan,nan,nan,nan,nan,nan,100000000000000.0,3510.048828125,nan,0.6103515625,2.0,0.001,1.0,emission,13098.721493975596,1.5083607128848181e-27,2.4712981919901635e-27,2.0180510680315757,8.674377322458575e-24,custom,False,2.033691229284315,,terminate,False,nan,1.0,0.0003944575664932683,0.0006462792769425707,4.440892098500626e-16,0,active,2.302585092994046,nan,nan,nan,1000000,1.0,inf,False,0,0.0,1.0,0.0,0.0,0,1.500636685623403e-36,0,0.0,0.0,0.0,0.0,0.0,inf,0.0,0.0,0.0,0.0,0.0,0.0,inf,inf,0.0,0.0,inf,1.4788382786927784e-18,1.732418359186604e-18,7.211897894245623e-15,False,9691129684.480522,0.0,0.0,3741.9095810948684,0.0,0.0,0,0,0,0,0.0,0,0,False,0,0.0,False,False,False,False,False,False,False,False,False,False,False,0.0,3.9016378808613945,45645.689743459436,0,0.0,False,-1,0,0,0,3804,0,0,0.0,20,9.519065433647722e-22,4802222222.222222,2.87239750873142e-13,1000000000000.0,1000000000000.0,0.0005987445183220907,1.0,49.89537652684091,0.00014991623455953818,-1.0024493102302374e-05,9766237214.407566,2161.0,0.0,0.0,5.739718509874451e-34,5.739718509874451e-34,0.0,0.0,0
0.0,-2.4718931273654123e-17,2.2688662755255096,0.0,0.10342937405045514,2.2044581600181238e-05,2.2044581600181245e-06,0.0,False,87,False,shielded,v9_four_class_stateful_PD_shared_root_m1_marked_embryo_v1,nan,nan,nan,nan,nan,nan,nan,nan,nan,nan,100000000000000.0,3510.6591796875,nan,0.6103515625,2.0,0.001,1.0,emission,13098.721493975596,1.5083607128848181e-27,2.4712981919901635e-27,2.0180510680315757,8.67588568317146e-24,custom,False,2.033691229284315,,terminate,False,nan,1.0,0.0003944575664932683,0.0006462792769425707,0.0,0,active,2.302585092994046,nan,nan,nan,1000000,1.0,inf,False,0,0.0,1.0,0.0,0.0,0,1.9477289104391693e-36,0,0.0,0.0,0.0,0.0,0.0,inf,0.0,0.0,0.0,0.0,0.0,0.0,inf,inf,0.0,0.0,inf,1.4788382786927784e-18,1.9736914198725032e-18,7.211897894245623e-15,False,9691129684.480522,0.0,0.0,3741.9095810948684,0.0,0.0,0,0,0,0,0.0,0,0,False,0,0.0,False,False,False,False,False,False,False,False,False,False,False,0.0,3.9016378808613945,45645.689743459436,0,0.0,False,-1,0,0,0,3804,0,0,0.0,21,9.520720674570464e-22,4802222222.222222,2.872895872998006e-13,1000000000000.0,1000000000000.0,0.0005987445183220907,1.0,49.89537652684091,0.00014991623455953818,-1.0024493102302374e-05,9766237214.407566,2161.0,0.0,0.0,2.2420775429197073e-36,2.2420775429197073e-36,0.0,0.0,0
0.0,-2.4723192287784537e-17,2.2692607330920027,0.0,0.10338858359684373,2.2044581600181238e-05,2.2044581600181245e-06,0.0,False,88,False,shielded,v9_four_class_stateful_PD_shared_root_m1_marked_embryo_v1,nan,nan,nan,nan,nan,nan,nan,nan,nan,nan,100000000000000.0,3511.26953125,nan,0.6103515625,2.0,0.001,1.0,emission,13098.721493975596,1.5083607128848181e-27,2.4712981919901635e-27,2.0180510680315757,8.677394043884344e-24,custom,False,2.033691229284315,,terminate,False,nan,1.0,0.0003944575664932683,0.0006462792769425707,0.0,0,active,2.302585092994046,nan,nan,nan,1000000,1.0,inf,False,0,0.0,1.0,0.0,0.0,0,1.9477289104391967e-36,0,0.0,0.0,0.0,0.0,0.0,inf,0.0,0.0,0.0,0.0,0.0,0.0,inf,inf,0.0,0.0,inf,1.4788382786927784e-18,1.9736914198725175e-18,7.211897894245623e-15,False,9691129684.480522,0.0,0.0,3741.9095810948684,0.0,0.0,0,0,0,0,0.0,0,0,False,0,0.0,False,False,False,False,False,False,False,False,False,False,False,0.0,3.9016378808613945,45645.689743459436,0,0.0,False,-1,0,0,0,3804,0,0,0.0,20,9.522375915493206e-22,4802222222.222222,2.8733918212934514e-13,1000000000000.0,1000000000000.0,0.0005987445183220907,1.0,49.89537652684091,0.00014991623455953818,-1.0024493102302374e-05,9766237214.407566,2161.0,0.0,0.0,2.8698592549372254e-34,2.8698592549372254e-34,0.0,0.0,0
0.0,-2.47276772610658e-17,2.269655190658496,0.0,0.10334780923016237,2.2044581600181238e-05,2.2044581600181245e-06,0.0,False,89,False,shielded,v9_four_class_stateful_PD_shared_root_m1_marked_embryo_v1,nan,nan,nan,nan,nan,nan,nan,nan,nan,nan,100000000000000.0,3511.8798828125,nan,0.6103515625,2.0,0.001,1.0,emission,13098.721493975596,1.5083607128848181e-27,2.4712981919901635e-27,2.0180510680315757,8.67890240459723e-24,custom,False,2.033691229284315,,terminate,False,nan,1.0,0.0003944575664932683,0.0006462792769425707,0.0,0,active,2.302585092994046,nan,nan,nan,1000000,1.0,inf,False,0,0.0,1.0,0.0,0.0,0,1.654476070515236e-36,0,0.0,0.0,0.0,0.0,0.0,inf,0.0,0.0,0.0,0.0,0.0,0.0,inf,inf,0.0,0.0,inf,1.4788382786927784e-18,1.8190525393815518e-18,7.211897894245623e-15,False,9691129684.480522,0.0,0.0,3741.9095810948684,0.0,0.0,0,0,0,0,0.0,0,0,False,0,0.0,False,False,False,False,False,False,False,False,False,False,False,0.0,3.9016378808613945,45645.689743459436,0,0.0,False,-1,0,0,0,3804,0,0,0.0,21,9.524031156415948e-22,4802222222.222222,2.8738953394608543e-13,1000000000000.0,1000000000000.0,0.0005987445183220907,1.0,49.89537652684091,0.00014991623455953818,-1.0024493102302374e-05,9766237214.407566,2161.0,0.0,0.0,2.8698592549372254e-34,2.8698592549372254e-34,0.0,0.0,0
0.0,-2.473188595602247e-17,2.2700496482249894,0.0,0.10330705094406666,2.2044581600181238e-05,2.2044581600181245e-06,0.0,False,90,False,shielded,v9_four_class_stateful_PD_shared_root_m1_marked_embryo_v1,nan,nan,nan,nan,nan,nan,nan,nan,nan,nan,100000000000000.0,3512.490234375,nan,0.6103515625,2.0,0.001,1.0,emission,13098.721493975596,1.5083607128848181e-27,2.4712981919901635e-27,2.0180510680315757,8.680410765310114e-24,custom,False,2.033691229284315,,terminate,False,nan,1.0,0.0003944575664932683,0.0006462792769425707,4.440892098500626e-16,0,active,2.302585092994046,nan,nan,nan,1000000,1.0,inf,False,0,0.0,1.0,0.0,0.0,0,1.9477289104391967e-36,0,0.0,0.0,0.0,0.0,0.0,inf,0.0,0.0,0.0,0.0,0.0,0.0,inf,inf,0.0,0.0,inf,1.4788382786927784e-18,1.9736914198725175e-18,7.211897894245623e-15,False,9691129684.480522,0.0,0.0,3741.9095810948684,0.0,0.0,0,0,0,0,0.0,0,0,False,0,0.0,False,False,False,False,False,False,False,False,False,False,False,0.0,3.9016378808613945,45645.689743459436,0,0.0,False,-1,0,0,0,3804,0,0,0.0,20,9.52568639733869e-22,4802222222.222222,2.87440141119776e-13,1000000000000.0,1000000000000.0,0.0005987445183220907,1.0,49.89537652684091,0.00014991623455953818,-1.0024493102302374e-05,9766237214.407566,2161.0,0.0,0.0,1.4349296274686127e-34,1.4349296274686127e-34,0.0,0.0,0
0.0,-2.4736177575835547e-17,2.2704441057914826,0.0,0.10326630873221483,2.2044581600181238e-05,2.2044581600181245e-06,0.0,False,91,False,shielded,v9_four_class_stateful_PD_shared_root_m1_marked_embryo_v1,nan,nan,nan,nan,nan,nan,nan,nan,nan,nan,100000000000000.0,3513.1005859375,nan,0.6103515625,2.0,0.001,1.0,emission,13098.721493975596,1.5083607128848181e-27,2.4712981919901635e-27,2.0180510680315757,8.681919126022999e-24,custom,False,2.033691229284315,,terminate,False,nan,1.0,0.0003944575664932683,0.0006462792769425707,0.0,0,active,2.302585092994046,nan,nan,nan,1000000,1.0,inf,False,0,0.0,1.0,0.0,0.0,0,1.847079372431206e-36,0,0.0,0.0,0.0,0.0,0.0,inf,0.0,0.0,0.0,0.0,0.0,0.0,inf,inf,0.0,0.0,inf,1.4788382786927784e-18,1.922019444454819e-18,7.211897894245623e-15,False,9691129684.480522,0.0,0.0,3741.9095810948684,0.0,0.0,0,0,0,0,0.0,0,0,False,0,0.0,False,False,False,False,False,False,False,False,False,False,False,0.0,3.9016378808613945,45645.689743459436,0,0.0,False,-1,0,0,0,3804,0,0,0.0,21,9.527341638261432e-22,4802222222.222222,2.874897664008735e-13,1000000000000.0,1000000000000.0,0.0005987445183220907,1.0,49.89537652684091,0.00014991623455953818,-1.0024493102302374e-05,9766237214.407566,2161.0,0.0,0.0,5.739718509874451e-34,5.739718509874451e-34,0.0,0.0,0
0.0,-2.474051996385872e-17,2.2708385633579757,0.0,0.10322558258826749,2.2044581600181238e-05,2.2044581600181245e-06,0.0,False,92,False,shielded,v9_four_class_stateful_PD_shared_root_m1_marked_embryo_v1,nan,nan,nan,nan,nan,nan,nan,nan,nan,nan,100000000000000.0,3513.7109375,nan,0.6103515625,2.0,0.001,1.0,emission,13098.721493975596,1.5083607128848181e-27,2.4712981919901635e-27,2.0180510680315757,8.683427486735884e-24,custom,False,2.033691229284315,,terminate,False,nan,1.0,0.0003944575664932683,0.0006462792769425707,0.0,0,active,2.302585092994046,nan,nan,nan,1000000,1.0,inf,False,0,0.0,1.0,0.0,0.0,0,1.9477289104391967e-36,0,0.0,0.0,0.0,0.0,0.0,inf,0.0,0.0,0.0,0.0,0.0,0.0,inf,inf,0.0,0.0,inf,1.4788382786927784e-18,1.9736914198725175e-18,7.211897894245623e-15,False,9691129684.480522,0.0,0.0,3741.9095810948684,0.0,0.0,0,0,0,0,0.0,0,0,False,0,0.0,False,False,False,False,False,False,False,False,False,False,False,0.0,3.9016378808613945,45645.689743459436,0,0.0,False,-1,0,0,0,3804,0,0,0.0,20,9.528996879184174e-22,4802222222.222222,2.875395319867342e-13,1000000000000.0,1000000000000.0,0.0005987445183220907,1.0,49.89537652684091,0.00014991623455953818,-1.0024493102302374e-05,9766237214.407566,2161.0,0.0,0.0,2.8698592549372254e-34,2.8698592549372254e-34,0.0,0.0,0
0.0,-2.4744691849278132e-17,2.2712330209244693,0.0,0.1031848725058877,2.2044581600181238e-05,2.2044581600181245e-06,0.0,False,93,False,shielded,v9_four_class_stateful_PD_shared_root_m1_marked_embryo_v1,nan,nan,nan,nan,nan,nan,nan,nan,nan,nan,100000000000000.0,3514.3212890625,nan,0.6103515625,2.0,0.001,1.0,emission,13098.721493975596,1.5083607128848181e-27,2.4712981919901635e-27,2.0180510680315757,8.684935847448769e-24,custom,False,2.033691229284315,,terminate,False,nan,1.0,0.0003944575664932683,0.0006462792769425707,4.440892098500626e-16,0,active,2.302585092994046,nan,nan,nan,1000000,1.0,inf,False,0,0.0,1.0,0.0,0.0,0,1.9477289104391967e-36,0,0.0,0.0,0.0,0.0,0.0,inf,0.0,0.0,0.0,0.0,0.0,0.0,inf,inf,0.0,0.0,inf,1.4788382786927784e-18,1.9736914198725175e-18,7.211897894245623e-15,False,9691129684.480522,0.0,0.0,3741.9095810948684,0.0,0.0,0,0,0,0,0.0,0,0,False,0,0.0,False,False,False,False,False,False,False,False,False,False,False,0.0,3.9016378808613945,45645.689743459436,0,0.0,False,-1,0,0,0,3804,0,0,0.0,21,9.530652120106916e-22,4802222222.222222,2.875894131790383e-13,1000000000000.0,1000000000000.0,0.0005987445183220907,1.0,49.89537652684091,0.00014991623455953818,-1.0024493102302374e-05,9766237214.407566,2161.0,0.0,0.0,1.8367099231598242e-32,1.8367099231598242e-32,0.0,0.0,0
0.0,-2.4749129569866903e-17,2.2716274784909625,0.0,0.10314417847874124,2.2044581600181238e-05,2.2044581600181245e-06,0.0,False,94,False,shielded,v9_four_class_stateful_PD_shared_root_m1_marked_embryo_v1,nan,nan,nan,nan,nan,nan,nan,nan,nan,nan,100000000000000.0,3514.931640625,nan,0.6103515625,2.0,0.001,1.0,emission,13098.721493975596,1.5083607128848181e-27,2.4712981919901635e-27,2.0180510680315757,8.686444208161653e-24,custom,False,2.033691229284315,,terminate,False,nan,1.0,0.0003944575664932683,0.0006462792769425707,0.0,0,active,2.302585092994046,nan,nan,nan,1000000,1.0,inf,False,0,0.0,1.0,0.0,0.0,0,1.4947294867726334e-36,0,0.0,0.0,0.0,0.0,0.0,inf,0.0,0.0,0.0,0.0,0.0,0.0,inf,inf,0.0,0.0,inf,1.4788382786927784e-18,1.7290051976628834e-18,7.211897894245623e-15,False,9691129684.480522,0.0,0.0,3741.9095810948684,0.0,0.0,0,0,0,0,0.0,0,0,False,0,0.0,False,False,False,False,False,False,False,False,False,False,False,0.0,3.9016378808613945,45645.689743459436,0,0.0,False,-1,0,0,0,3804,0,0,0.0,20,9.532307361029658e-22,4802222222.222222,2.876398537672498e-13,1000000000000.0,1000000000000.0,0.0005987445183220907,1.0,49.89537652684091,0.00014991623455953818,-1.0024493102302374e-05,9766237214.407566,2161.0,0.0,0.0,5.739718509874451e-34,5.739718509874451e-34,0.0,0.0,0
0.0,-2.4753416019801152e-17,2.2720219360574556,0.0,0.10310350050049619,2.2044581600181238e-05,2.2044581600181245e-06,0.0,False,95,False,shielded,v9_four_class_stateful_PD_shared_root_m1_marked_embryo_v1,nan,nan,nan,nan,nan,nan,nan,nan,nan,nan,100000000000000.0,3515.5419921875,nan,0.6103515625,2.0,0.001,1.0,emission,13098.721493975596,1.5083607128848181e-27,2.4712981919901635e-27,2.0180510680315757,8.687952568874538e-24,custom,False,2.033691229284315,,terminate,False,nan,1.0,0.0003944575664932683,0.0006462792769425707,0.0,0,active,2.302585092994046,nan,nan,nan,1000000,1.0,inf,False,0,0.0,1.0,0.0,0.0,0,1.9477289104391967e-36,0,0.0,0.0,0.0,0.0,0.0,inf,0.0,0.0,0.0,0.0,0.0,0.0,inf,inf,0.0,0.0,inf,1.4788382786927784e-18,1.9736914198725175e-18,7.211897894245623e-15,False,9691129684.480522,0.0,0.0,3741.9095810948684,0.0,0.0,0,0,0,0,0.0,0,0,False,0,0.0,False,False,False,False,False,False,False,False,False,False,False,0.0,3.9016378808613945,45645.689743459436,0,0.0,False,-1,0,0,0,3804,0,0,0.0,21,9.5339626019524e-22,4802222222.222222,2.87689808717311e-13,1000000000000.0,1000000000000.0,0.0005987445183220907,1.0,49.89537652684091,0.00014991623455953818,-1.0024493102302374e-05,9766237214.407566,2161.0,0.0,0.0,1.4349296274686127e-34,1.4349296274686127e-34,0.0,0.0,0
0.0,-2.4757588732401176e-17,2.2724163936239488,0.0,0.10306283856482318,2.2044581600181238e-05,2.2044581600181245e-06,0.0,False,96,False,shielded,v9_four_class_stateful_PD_shared_root_m1_marked_embryo_v1,nan,nan,nan,nan,nan,nan,nan,nan,nan,nan,100000000000000.0,3516.15234375,nan,0.6103515625,2.0,0.001,1.0,emission,13098.721493975596,1.5083607128848181e-27,2.4712981919901635e-27,2.0180510680315757,8.689460929587423e-24,custom,False,2.033691229284315,,terminate,False,nan,1.0,0.0003944575664932683,0.0006462792769425707,0.0,0,active,2.302585092994046,nan,nan,nan,1000000,1.0,inf,False,0,0.0,1.0,0.0,0.0,0,1.945712763091331e-36,0,0.0,0.0,0.0,0.0,0.0,inf,0.0,0.0,0.0,0.0,0.0,0.0,inf,inf,0.0,0.0,inf,1.4788382786927784e-18,1.97266964446221e-18,7.211897894245623e-15,False,9691129684.480522,0.0,0.0,3741.9095810948684,0.0,0.0,0,0,0,0,0.0,0,0,False,0,0.0,False,False,False,False,False,False,False,False,False,False,False,0.0,3.9016378808613945,45645.689743459436,0,0.0,False,-1,0,0,0,3804,0,0,0.0,20,9.535617842875142e-22,4802222222.222222,2.87739231839354e-13,1000000000000.0,1000000000000.0,0.0005987445183220907,1.0,49.89537652684091,0.00014991623455953818,-1.0024493102302374e-05,9766237214.407566,2161.0,0.0,0.0,2.2958874039497803e-33,2.2958874039497803e-33,0.0,0.0,0
0.0,-2.4761963277070663e-17,2.2728108511904423,0.0,0.10302219266539529,2.2044581600181238e-05,2.2044581600181245e-06,0.0,False,97,False,shielded,v9_four_class_stateful_PD_shared_root_m1_marked_embryo_v1,nan,nan,nan,nan,nan,nan,nan,nan,nan,nan,100000000000000.0,3516.7626953125,nan,0.6103515625,2.0,0.001,1.0,emission,13098.721493975596,1.5083607128848181e-27,2.4712981919901635e-27,2.0180510680315757,8.690969290300308e-24,custom,False,2.033691229284315,,terminate,False,nan,1.0,0.0003944575664932683,0.0006462792769425707,4.440892098500626e-16,0,active,2.302585092994046,nan,nan,nan,1000000,1.0,inf,False,0,0.0,1.0,0.0,0.0,0,1.9477289104391967e-36,0,0.0,0.0,0.0,0.0,0.0,inf,0.0,0.0,0.0,0.0,0.0,0.0,inf,inf,0.0,0.0,inf,1.4788382786927784e-18,1.9736914198725175e-18,7.211897894245623e-15,False,9691129684.480522,0.0,0.0,3741.9095810948684,0.0,0.0,0,0,0,0,0.0,0,0,False,0,0.0,False,False,False,False,False,False,False,False,False,False,False,0.0,3.9016378808613945,45645.689743459436,0,0.0,False,-1,0,0,0,3804,0,0,0.0,21,9.537273083797884e-22,4802222222.222222,2.877895496810993e-13,1000000000000.0,1000000000000.0,0.0005987445183220907,1.0,49.89537652684091,0.00014991623455953818,-1.0024493102302374e-05,9766237214.407566,2161.0,0.0,0.0,2.8698592549372254e-34,2.8698592549372254e-34,0.0,0.0,0
0.0,-2.476615728957146e-17,2.2732053087569355,0.0,0.10298156279588826,2.2044581600181238e-05,2.2044581600181245e-06,0.0,False,98,False,shielded,v9_four_class_stateful_PD_shared_root_m1_marked_embryo_v1,nan,nan,nan,nan,nan,nan,nan,nan,nan,nan,100000000000000.0,3517.373046875,nan,0.6103515625,2.0,0.001,1.0,emission,13098.721493975596,1.5083607128848181e-27,2.4712981919901635e-27,2.0180510680315757,8.692477651013193e-24,custom,False,2.033691229284315,,terminate,False,nan,1.0,0.0003944575664932683,0.0006462792769425707,0.0,0,active,2.302585092994046,nan,nan,nan,1000000,1.0,inf,False,0,0.0,1.0,0.0,0.0,0,1.9477289104391967e-36,0,0.0,0.0,0.0,0.0,0.0,inf,0.0,0.0,0.0,0.0,0.0,0.0,inf,inf,0.0,0.0,inf,1.4788382786927784e-18,1.9736914198725175e-18,7.211897894245623e-15,False,9691129684.480522,0.0,0.0,3741.9095810948684,0.0,0.0,0,0,0,0,0.0,0,0,False,0,0.0,False,False,False,False,False,False,False,False,False,False,False,0.0,3.9016378808613945,45645.689743459436,0,0.0,False,-1,0,0,0,3804,0,0,0.0,20,9.538928324720626e-22,4802222222.222222,2.878392392756118e-13,1000000000000.0,1000000000000.0,0.0005987445183220907,1.0,49.89537652684091,0.00014991623455953818,-1.0024493102302374e-05,9766237214.407566,2161.0,0.0,0.0,5.739718509874451e-34,5.739718509874451e-34,0.0,0.0,0
0.0,-2.4770571745705502e-17,2.273599766323429,0.0,0.10294094894998011,2.2044581600181238e-05,2.2044581600181245e-06,0.0,False,99,False,shielded,v9_four_class_stateful_PD_shared_root_m1_marked_embryo_v1,nan,nan,nan,nan,nan,nan,nan,nan,nan,nan,100000000000000.0,3517.9833984375,nan,0.6103515625,2.0,0.001,1.0,emission,13098.721493975596,1.5083607128848181e-27,2.4712981919901635e-27,2.0180510680315757,8.693986011726077e-24,custom,False,2.033691229284315,,terminate,False,nan,1.0,0.0003944575664932683,0.0006462792769425707,4.440892098500626e-16,0,active,2.302585092994046,nan,nan,nan,1000000,1.0,inf,False,0,0.0,1.0,0.0,0.0,0,1.3481147285769328e-36,0,0.0,0.0,0.0,0.0,0.0,inf,0.0,0.0,0.0,0.0,0.0,0.0,inf,inf,0.0,0.0,inf,1.4788382786927784e-18,1.6420199320208832e-18,7.211897894245623e-15,False,9691129684.480522,0.0,0.0,3741.9095810948684,0.0,0.0,0,0,0,0,0.0,0,0,False,0,0.0,False,False,False,False,False,False,False,False,False,False,False,0.0,3.9016378808613945,45645.689743459436,0,0.0,False,-1,0,0,0,3804,0,0,0.0,21,9.540583565643368e-22,4802222222.222222,2.8788916057358927e-13,1000000000000.0,1000000000000.0,0.0005987445183220907,1.0,49.89537652684091,0.00014991623455953818,-1.0024493102302374e-05,9766237214.407566,2161.0,0.0,0.0,9.183549615799121e-33,9.183549615799121e-33,0.0,0.0,0
0.0,-2.477502311477438e-17,2.2739942238899222,0.0,0.10290035112135155,2.2044581600181238e-05,2.2044581600181245e-06,0.0,False,100,False,shielded,v9_four_class_stateful_PD_shared_root_m1_marked_embryo_v1,nan,nan,nan,nan,nan,nan,nan,nan,nan,nan,100000000000000.0,3518.59375,nan,0.6103515625,2.0,0.001,1.0,emission,13098.721493975596,1.5083607128848181e-27,2.4712981919901635e-27,2.0180510680315757,8.695494372438962e-24,custom,False,2.033691229284315,,terminate,False,nan,1.0,0.0003944575664932683,0.0006462792769425707,0.0,0,active,2.302585092994046,nan,nan,nan,1000000,1.0,inf,False,0,0.0,1.0,0.0,0.0,0,1.9477289104391967e-36,0,0.0,0.0,0.0,0.0,0.0,inf,0.0,0.0,0.0,0.0,0.0,0.0,inf,inf,0.0,0.0,inf,1.4788382786927784e-18,1.9736914198725175e-18,7.211897894245623e-15,False,9691129684.480522,0.0,0.0,3741.9095810948684,0.0,0.0,0,0,0,0,0.0,0,0,False,0,0.0,False,False,False,False,False,False,False,False,False,False,False,0.0,3.9016378808613945,45645.689743459436,0,0.0,False,-1,0,0,0,3804,0,0,0.0,20,9.54223880656611e-22,4802222222.222222,2.8793961216072267e-13,1000000000000.0,1000000000000.0,0.0005987445183220907,1.0,49.89537652684091,0.00014991623455953818,-1.0024493102302374e-05,9766237214.407566,2161.0,0.0,0.0,9.183549615799121e-33,9.183549615799121e-33,0.0,0.0,0
0.0,-2.4779212370986655e-17,2.2743886814564154,0.0,0.10285976930368566,2.2044581600181238e-05,2.2044581600181245e-06,0.0,False,101,False,shielded,v9_four_class_stateful_PD_shared_root_m1_marked_embryo_v1,nan,nan,nan,nan,nan,nan,nan,nan,nan,nan,100000000000000.0,3519.2041015625,nan,0.6103515625,2.0,0.001,1.0,emission,13098.721493975596,1.5083607128848181e-27,2.4712981919901635e-27,2.0180510680315757,8.697002733151847e-24,custom,False,2.033691229284315,,terminate,False,nan,1.0,0.0003944575664932683,0.0006462792769425707,0.0,0,active,2.302585092994046,nan,nan,nan,1000000,1.0,inf,False,0,0.0,1.0,0.0,0.0,0,1.9477289104391967e-36,0,0.0,0.0,0.0,0.0,0.0,inf,0.0,0.0,0.0,0.0,0.0,0.0,inf,inf,0.0,0.0,inf,1.4788382786927784e-18,1.9736914198725175e-18,7.211897894245623e-15,False,9691129684.480522,0.0,0.0,3741.9095810948684,0.0,0.0,0,0,0,0,0.0,0,0,False,0,0.0,False,False,False,False,False,False,False,False,False,False,False,0.0,3.9016378808613945,45645.689743459436,0,0.0,False,-1,0,0,0,3804,0,0,0.0,20,9.543894047488852e-22,4802222222.222222,2.8798927793152587e-13,1000000000000.0,1000000000000.0,0.0005987445183220907,1.0,49.89537652684091,0.00014991623455953818,-1.0024493102302374e-05,9766237214.407566,2161.0,0.0,0.0,4.5917748078995606e-33,4.5917748078995606e-33,0.0,0.0,0
0.0,-2.478348238070623e-17,2.2747831390229085,0.0,0.10281920349066802,2.2044581600181238e-05,2.2044581600181245e-06,0.0,False,102,False,shielded,v9_four_class_stateful_PD_shared_root_m1_marked_embryo_v1,nan,nan,nan,nan,nan,nan,nan,nan,nan,nan,100000000000000.0,3519.814453125,nan,0.6103515625,2.0,0.001,1.0,emission,13098.721493975596,1.5083607128848181e-27,2.4712981919901635e-27,2.0180510680315757,8.698511093864732e-24,custom,False,2.033691229284315,,terminate,False,nan,1.0,0.0003944575664932683,0.0006462792769425707,0.0,0,active,2.302585092994046,nan,nan,nan,1000000,1.0,inf,False,0,0.0,1.0,0.0,0.0,0,1.8539979547736625e-36,0,0.0,0.0,0.0,0.0,0.0,inf,0.0,0.0,0.0,0.0,0.0,0.0,inf,inf,0.0,0.0,inf,1.4788382786927784e-18,1.925615722190522e-18,7.211897894245623e-15,False,9691129684.480522,0.0,0.0,3741.9095810948684,0.0,0.0,0,0,0,0,0.0,0,0,False,0,0.0,False,False,False,False,False,False,False,False,False,False,False,0.0,3.9016378808613945,45645.689743459436,0,0.0,False,-1,0,0,0,3804,0,0,0.0,21,9.545549288411594e-22,4802222222.222222,2.8803919946126727e-13,1000000000000.0,1000000000000.0,0.0005987445183220907,1.0,49.89537652684091,0.00014991623455953818,-1.0024493102302374e-05,9766237214.407566,2161.0,0.0,0.0,5.739718509874451e-34,5.739718509874451e-34,0.0,0.0,0
0.0,-2.47876054624695e-17,2.275177596589402,0.0,0.10277865367598668,2.2044581600181238e-05,2.2044581600181245e-06,0.0,False,103,False,shielded,v9_four_class_stateful_PD_shared_root_m1_marked_embryo_v1,nan,nan,nan,nan,nan,nan,nan,nan,nan,nan,100000000000000.0,3520.4248046875,nan,0.6103515625,2.0,0.001,1.0,emission,13098.721493975596,1.5083607128848181e-27,2.4712981919901635e-27,2.0180510680315757,8.700019454577617e-24,custom,False,2.033691229284315,,terminate,False,nan,1.0,0.0003944575664932683,0.0006462792769425707,4.440892098500626e-16,0,active,2.302585092994046,nan,nan,nan,1000000,1.0,inf,False,0,0.0,1.0,0.0,0.0,0,1.9477289104391967e-36,0,0.0,0.0,0.0,0.0,0.0,inf,0.0,0.0,0.0,0.0,0.0,0.0,inf,inf,0.0,0.0,inf,1.4788382786927784e-18,1.9736914198725175e-18,7.211897894245623e-15,False,9691129684.480522,0.0,0.0,3741.9095810948684,0.0,0.0,0,0,0,0,0.0,0,0,False,0,0.0,False,False,False,False,False,False,False,False,False,False,False,0.0,3.9016378808613945,45645.689743459436,0,0.0,False,-1,0,0,0,3804,0,0,0.0,20,9.547204529334336e-22,4802222222.222222,2.8808890210276886e-13,1000000000000.0,1000000000000.0,0.0005987445183220907,1.0,49.89537652684091,0.00014991623455953818,-1.0024493102302374e-05,9766237214.407566,2161.0,0.0,0.0,1.4349296274686127e-34,1.4349296274686127e-34,0.0,0.0,0
0.0,-2.4791923138471874e-17,2.2755720541558953,0.0,0.10273811985333231,2.2044581600181238e-05,2.2044581600181245e-06,0.0,False,104,False,shielded,v9_four_class_stateful_PD_shared_root_m1_marked_embryo_v1,nan,nan,nan,nan,nan,nan,nan,nan,nan,nan,100000000000000.0,3521.03515625,nan,0.6103515625,2.0,0.001,1.0,emission,13098.721493975596,1.5083607128848181e-27,2.4712981919901635e-27,2.0180510680315757,8.701527815290502e-24,custom,False,2.033691229284315,,terminate,False,nan,1.0,0.0003944575664932683,0.0006462792769425707,0.0,0,active,2.302585092994046,nan,nan,nan,1000000,1.0,inf,False,0,0.0,1.0,0.0,0.0,0,1.3845449808664975e-36,0,0.0,0.0,0.0,0.0,0.0,inf,0.0,0.0,0.0,0.0,0.0,0.0,inf,inf,0.0,0.0,inf,1.4788382786927784e-18,1.664058280750105e-18,7.211897894245623e-15,False,9691129684.480522,0.0,0.0,3741.9095810948684,0.0,0.0,0,0,0,0,0.0,0,0,False,0,0.0,False,False,False,False,False,False,False,False,False,False,False,0.0,3.9016378808613945,45645.689743459436,0,0.0,False,-1,0,0,0,3804,0,0,0.0,21,9.548859770257078e-22,4802222222.222222,2.881387567376558e-13,1000000000000.0,1000000000000.0,0.0005987445183220907,1.0,49.89537652684091,0.00014991623455953818,-1.0024493102302374e-05,9766237214.407566,2161.0,0.0,0.0,1.4349296274686127e-34,1.4349296274686127e-34,0.0,0.0,0
0.0,-2.479643303056909e-17,2.2759665117223884,0.0,0.10269760201639792,2.2044581600181238e-05,2.2044581600181245e-06,0.0,False,105,False,shielded,v9_four_class_stateful_PD_shared_root_m1_marked_embryo_v1,nan,nan,nan,nan,nan,nan,nan,nan,nan,nan,100000000000000.0,3521.6455078125,nan,0.6103515625,2.0,0.001,1.0,emission,13098.721493975596,1.5083607128848181e-27,2.4712981919901635e-27,2.0180510680315757,8.703036176003386e-24,custom,False,2.033691229284315,,terminate,False,nan,1.0,0.0003944575664932683,0.0006462792769425707,0.0,0,active,2.302585092994046,nan,nan,nan,1000000,1.0,inf,False,0,0.0,1.0,0.0,0.0,0,1.9477289104391967e-36,0,0.0,0.0,0.0,0.0,0.0,inf,0.0,0.0,0.0,0.0,0.0,0.0,inf,inf,0.0,0.0,inf,1.4788382786927784e-18,1.9736914198725175e-18,7.211897894245623e-15,False,9691129684.480522,0.0,0.0,3741.9095810948684,0.0,0.0,0,0,0,0,0.0,0,0,False,0,0.0,False,False,False,False,False,False,False,False,False,False,False,0.0,3.9016378808613945,45645.689743459436,0,0.0,False,-1,0,0,0,3804,0,0,0.0,20,9.55051501117982e-22,4802222222.222222,2.881887841024991e-13,1000000000000.0,1000000000000.0,0.0005987445183220907,1.0,49.89537652684091,0.00014991623455953818,-1.0024493102302374e-05,9766237214.407566,2161.0,0.0,0.0,5.739718509874451e-34,5.739718509874451e-34,0.0,0.0,0
0.0,-2.4800844384775835e-17,2.276360969288882,0.0,0.10265710015887905,2.2044581600181238e-05,2.2044581600181245e-06,0.0,False,106,False,shielded,v9_four_class_stateful_PD_shared_root_m1_marked_embryo_v1,nan,nan,nan,nan,nan,nan,nan,nan,nan,nan,100000000000000.0,3522.255859375,nan,0.6103515625,2.0,0.001,1.0,emission,13098.721493975596,1.5083607128848181e-27,2.4712981919901635e-27,2.0180510680315757,8.704544536716271e-24,custom,False,2.033691229284315,,terminate,False,nan,1.0,0.0003944575664932683,0.0006462792769425707,4.440892098500626e-16,0,active,2.302585092994046,nan,nan,nan,1000000,1.0,inf,False,0,0.0,1.0,0.0,0.0,0,1.9477289104391967e-36,0,0.0,0.0,0.0,0.0,0.0,inf,0.0,0.0,0.0,0.0,0.0,0.0,inf,inf,0.0,0.0,inf,1.4788382786927784e-18,1.9736914198725175e-18,7.211897894245623e-15,False,9691129684.480522,0.0,0.0,3741.9095810948684,0.0,0.0,0,0,0,0,0.0,0,0,False,0,0.0,False,False,False,False,False,False,False,False,False,False,False,0.0,3.9016378808613945,45645.689743459436,0,0.0,False,-1,0,0,0,3804,0,0,0.0,21,9.552170252102562e-22,4802222222.222222,2.882384805010743e-13,1000000000000.0,1000000000000.0,0.0005987445183220907,1.0,49.89537652684091,0.00014991623455953818,-1.0024493102302374e-05,9766237214.407566,2161.0,0.0,0.0,5.739718509874451e-34,5.739718509874451e-34,0.0,0.0,0
0.0,-2.4805154926345425e-17,2.276755426855375,0.0,0.10261661427447381,2.2044581600181238e-05,2.2044581600181245e-06,0.0,False,107,False,shielded,v9_four_class_stateful_PD_shared_root_m1_marked_embryo_v1,nan,nan,nan,nan,nan,nan,nan,nan,nan,nan,100000000000000.0,3522.8662109375,nan,0.6103515625,2.0,0.001,1.0,emission,13098.721493975596,1.5083607128848181e-27,2.4712981919901635e-27,2.0180510680315757,8.706052897429156e-24,custom,False,2.033691229284315,,terminate,False,nan,1.0,0.0003944575664932683,0.0006462792769425707,0.0,0,active,2.302585092994046,nan,nan,nan,1000000,1.0,inf,False,0,0.0,1.0,0.0,0.0,0,1.6983692073272887e-36,0,0.0,0.0,0.0,0.0,0.0,inf,0.0,0.0,0.0,0.0,0.0,0.0,inf,inf,0.0,0.0,inf,1.4788382786927784e-18,1.843024257749902e-18,7.211897894245623e-15,False,9691129684.480522,0.0,0.0,3741.9095810948684,0.0,0.0,0,0,0,0,0.0,0,0,False,0,0.0,False,False,False,False,False,False,False,False,False,False,False,0.0,3.9016378808613945,45645.689743459436,0,0.0,False,-1,0,0,0,3804,0,0,0.0,20,9.553825493025304e-22,4802222222.222222,2.882885321007074e-13,1000000000000.0,1000000000000.0,0.0005987445183220907,1.0,49.89537652684091,0.00014991623455953818,-1.0024493102302374e-05,9766237214.407566,2161.0,0.0,0.0,5.739718509874451e-34,5.739718509874451e-34,0.0,0.0,0
0.0,-2.4809232306379852e-17,2.2771498844218683,0.0,0.1025761443568827,2.2044581600181238e-05,2.2044581600181245e-06,0.0,False,108,False,shielded,v9_four_class_stateful_PD_shared_root_m1_marked_embryo_v1,nan,nan,nan,nan,nan,nan,nan,nan,nan,nan,100000000000000.0,3523.4765625,nan,0.6103515625,2.0,0.001,1.0,emission,13098.721493975596,1.5083607128848181e-27,2.4712981919901635e-27,2.0180510680315757,8.707561258142041e-24,custom,False,2.033691229284315,,terminate,False,nan,1.0,0.0003944575664932683,0.0006462792769425707,0.0,0,active,2.302585092994046,nan,nan,nan,1000000,1.0,inf,False,0,0.0,1.0,0.0,0.0,0,1.9477289104391967e-36,0,0.0,0.0,0.0,0.0,0.0,inf,0.0,0.0,0.0,0.0,0.0,0.0,inf,inf,0.0,0.0,inf,1.4788382786927784e-18,1.9736914198725175e-18,7.211897894245623e-15,False,9691129684.480522,0.0,0.0,3741.9095810948684,0.0,0.0,0,0,0,0,0.0,0,0,False,0,0.0,False,False,False,False,False,False,False,False,False,False,False,0.0,3.9016378808613945,45645.689743459436,0,0.0,False,-1,0,0,0,3804,0,0,0.0,21,9.555480733948046e-22,4802222222.222222,2.8833838933920695e-13,1000000000000.0,1000000000000.0,0.0005987445183220907,1.0,49.89537652684091,0.00014991623455953818,-1.0024493102302374e-05,9766237214.407566,2161.0,0.0,0.0,5.739718509874451e-34,5.739718509874451e-34,0.0,0.0,0
0.0,-2.4813474295356177e-17,2.2775443419883614,0.0,0.1025356903998087,2.2044581600181238e-05,2.2044581600181245e-06,0.0,False,109,False,shielded,v9_four_class_stateful_PD_shared_root_m1_marked_embryo_v1,nan,nan,nan,nan,nan,nan,nan,nan,nan,nan,100000000000000.0,3524.0869140625,nan,0.6103515625,2.0,0.001,1.0,emission,13098.721493975596,1.5083607128848181e-27,2.4712981919901635e-27,2.0180510680315757,8.709069618854926e-24,custom,False,2.033691229284315,,terminate,False,nan,1.0,0.0003944575664932683,0.0006462792769425707,0.0,0,active,2.302585092994046,nan,nan,nan,1000000,1.0,inf,False,0,0.0,1.0,0.0,0.0,0,1.7783992740067112e-36,0,0.0,0.0,0.0,0.0,0.0,inf,0.0,0.0,0.0,0.0,0.0,0.0,inf,inf,0.0,0.0,inf,1.4788382786927784e-18,1.885947652511443e-18,7.211897894245623e-15,False,9691129684.480522,0.0,0.0,3741.9095810948684,0.0,0.0,0,0,0,0,0.0,0,0,False,0,0.0,False,False,False,False,False,False,False,False,False,False,False,0.0,3.9016378808613945,45645.689743459436,0,0.0,False,-1,0,0,0,3804,0,0,0.0,20,9.557135974870788e-22,4802222222.222222,2.8838869495579724e-13,1000000000000.0,1000000000000.0,0.0005987445183220907,1.0,49.89537652684091,0.00014991623455953818,-1.0024493102302374e-05,9766237214.407566,2161.0,0.0,0.0,5.739718509874451e-34,5.739718509874451e-34,0.0,0.0,0
0.0,-2.481795358177073e-17,2.277938799554855,0.0,0.10249525239695728,2.2044581600181238e-05,2.2044581600181245e-06,0.0,False,110,False,shielded,v9_four_class_stateful_PD_shared_root_m1_marked_embryo_v1,nan,nan,nan,nan,nan,nan,nan,nan,nan,nan,100000000000000.0,3524.697265625,nan,0.6103515625,2.0,0.001,1.0,emission,13098.721493975596,1.5083607128848181e-27,2.4712981919901635e-27,2.0180510680315757,8.71057797956781e-24,custom,False,2.033691229284315,,terminate,False,nan,1.0,0.0003944575664932683,0.0006462792769425707,4.440892098500626e-16,0,active,2.302585092994046,nan,nan,nan,1000000,1.0,inf,False,0,0.0,1.0,0.0,0.0,0,1.9477289104391967e-36,0,0.0,0.0,0.0,0.0,0.0,inf,0.0,0.0,0.0,0.0,0.0,0.0,inf,inf,0.0,0.0,inf,1.4788382786927784e-18,1.9736914198725175e-18,7.211897894245623e-15,False,9691129684.480522,0.0,0.0,3741.9095810948684,0.0,0.0,0,0,0,0,0.0,0,0,False,0,0.0,False,False,False,False,False,False,False,False,False,False,False,0.0,3.9016378808613945,45645.689743459436,0,0.0,False,-1,0,0,0,3804,0,0,0.0,21,9.55879121579353e-22,4802222222.222222,2.884387375424993e-13,1000000000000.0,1000000000000.0,0.0005987445183220907,1.0,49.89537652684091,0.00014991623455953818,-1.0024493102302374e-05,9766237214.407566,2161.0,0.0,0.0,2.8698592549372254e-34,2.8698592549372254e-34,0.0,0.0,0
0.0,-2.482216310390801e-17,2.278333257121348,0.0,0.10245483034203652,2.2044581600181238e-05,2.2044581600181245e-06,0.0,False,111,False,shielded,v9_four_class_stateful_PD_shared_root_m1_marked_embryo_v1,nan,nan,nan,nan,nan,nan,nan,nan,nan,nan,100000000000000.0,3525.3076171875,nan,0.6103515625,2.0,0.001,1.0,emission,13098.721493975596,1.5083607128848181e-27,2.4712981919901635e-27,2.0180510680315757,8.712086340280695e-24,custom,False,2.033691229284315,,terminate,False,nan,1.0,0.0003944575664932683,0.0006462792769425707,0.0,0,active,2.302585092994046,nan,nan,nan,1000000,1.0,inf,False,0,0.0,1.0,0.0,0.0,0,1.9477289104391967e-36,0,0.0,0.0,0.0,0.0,0.0,inf,0.0,0.0,0.0,0.0,0.0,0.0,inf,inf,0.0,0.0,inf,1.4788382786927784e-18,1.9736914198725175e-18,7.211897894245623e-15,False,9691129684.480522,0.0,0.0,3741.9095810948684,0.0,0.0,0,0,0,0,0.0,0,0,False,0,0.0,False,False,False,False,False,False,False,False,False,False,False,0.0,3.9016378808613945,45645.689743459436,0,0.0,False,-1,0,0,0,3804,0,0,0.0,20,9.560446456716271e-22,4802222222.222222,2.8848835877685696e-13,1000000000000.0,1000000000000.0,0.0005987445183220907,1.0,49.89537652684091,0.00014991623455953818,-1.0024493102302374e-05,9766237214.407566,2161.0,0.0,0.0,2.8698592549372254e-34,2.8698592549372254e-34,0.0,0.0,0
0.0,-2.482643538837427e-17,2.2787277146878413,0.0,0.10241442422875681,2.2044581600181238e-05,2.2044581600181245e-06,0.0,False,112,False,shielded,v9_four_class_stateful_PD_shared_root_m1_marked_embryo_v1,nan,nan,nan,nan,nan,nan,nan,nan,nan,nan,100000000000000.0,3525.91796875,nan,0.6103515625,2.0,0.001,1.0,emission,13098.721493975596,1.5083607128848181e-27,2.4712981919901635e-27,2.0180510680315757,8.71359470099358e-24,custom,False,2.033691229284315,,terminate,False,nan,1.0,0.0003944575664932683,0.0006462792769425707,0.0,0,active,2.302585092994046,nan,nan,nan,1000000,1.0,inf,False,0,0.0,1.0,0.0,0.0,0,1.5358291557331858e-36,0,0.0,0.0,0.0,0.0,0.0,inf,0.0,0.0,0.0,0.0,0.0,0.0,inf,inf,0.0,0.0,inf,1.4788382786927784e-18,1.7526147070780766e-18,7.211897894245623e-15,False,9691129684.480522,0.0,0.0,3741.9095810948684,0.0,0.0,0,0,0,0,0.0,0,0,False,0,0.0,False,False,False,False,False,False,False,False,False,False,False,0.0,3.9016378808613945,45645.689743459436,0,0.0,False,-1,0,0,0,3804,0,0,0.0,21,9.562101697639013e-22,4802222222.222222,2.885383780386103e-13,1000000000000.0,1000000000000.0,0.0005987445183220907,1.0,49.89537652684091,0.00014991623455953818,-1.0024493102302374e-05,9766237214.407566,2161.0,0.0,0.0,5.739718509874451e-34,5.739718509874451e-34,0.0,0.0,0
0.0,-2.4830655974052246e-17,2.2791221722543344,0.0,0.1023740340508311,2.2044581600181238e-05,2.2044581600181245e-06,0.0,False,113,False,shielded,v9_four_class_stateful_PD_shared_root_m1_marked_embryo_v1,nan,nan,nan,nan,nan,nan,nan,nan,nan,nan,100000000000000.0,3526.5283203125,nan,0.6103515625,2.0,0.001,1.0,emission,13098.721493975596,1.5083607128848181e-27,2.4712981919901635e-27,2.0180510680315757,8.715103061706465e-24,custom,False,2.033691229284315,,terminate,False,nan,1.0,0.0003944575664932683,0.0006462792769425707,0.0,0,active,2.302585092994046,nan,nan,nan,1000000,1.0,inf,False,0,0.0,1.0,0.0,0.0,0,1.9477289104391693e-36,0,0.0,0.0,0.0,0.0,0.0,inf,0.0,0.0,0.0,0.0,0.0,0.0,inf,inf,0.0,0.0,inf,1.4788382786927784e-18,1.9736914198725032e-18,7.211897894245623e-15,False,9691129684.480522,0.0,0.0,3741.9095810948684,0.0,0.0,0,0,0,0,0.0,0,0,False,0,0.0,False,False,False,False,False,False,False,False,False,False,False,0.0,3.9016378808613945,45645.689743459436,0,0.0,False,-1,0,0,0,3804,0,0,0.0,20,9.563756938561755e-22,4802222222.222222,2.885883227528703e-13,1000000000000.0,1000000000000.0,0.0005987445183220907,1.0,49.89537652684091,0.00014991623455953818,-1.0024493102302374e-05,9766237214.407566,2161.0,0.0,0.0,2.8698592549372254e-34,2.8698592549372254e-34,0.0,0.0,0
0.0,-2.4834918022158426e-17,2.279516629820828,0.0,0.10233365980197476,2.2044581600181238e-05,2.2044581600181245e-06,0.0,False,114,False,shielded,v9_four_class_stateful_PD_shared_root_m1_marked_embryo_v1,nan,nan,nan,nan,nan,nan,nan,nan,nan,nan,100000000000000.0,3527.138671875,nan,0.6103515625,2.0,0.001,1.0,emission,13098.721493975596,1.5083607128848181e-27,2.4712981919901635e-27,2.0180510680315757,8.71661142241935e-24,custom,False,2.033691229284315,,terminate,False,nan,1.0,0.0003944575664932683,0.0006462792769425707,4.440892098500626e-16,0,active,2.302585092994046,nan,nan,nan,1000000,1.0,inf,False,0,0.0,1.0,0.0,0.0,0,1.9386022542802166e-36,0,0.0,0.0,0.0,0.0,0.0,inf,0.0,0.0,0.0,0.0,0.0,0.0,inf,inf,0.0,0.0,inf,1.4788382786927784e-18,1.9690618346208516e-18,7.211897894245623e-15,False,9691129684.480522,0.0,0.0,3741.9095810948684,0.0,0.0,0,0,0,0,0.0,0,0,False,0,0.0,False,False,False,False,False,False,False,False,False,False,False,0.0,3.9016378808613945,45645.689743459436,0,0.0,False,-1,0,0,0,3804,0,0,0.0,21,9.565412179484497e-22,4802222222.222222,2.886383712585872e-13,1000000000000.0,1000000000000.0,0.0005987445183220907,1.0,49.89537652684091,0.00014991623455953818,-1.0024493102302374e-05,9766237214.407566,2161.0,0.0,0.0,5.739718509874451e-34,5.739718509874451e-34,0.0,0.0,0
0.0,-2.4839175003783353e-17,2.279911087387321,0.0,0.10229330147590579,2.2044581600181238e-05,2.2044581600181245e-06,0.0,False,115,False,shielded,v9_four_class_stateful_PD_shared_root_m1_marked_embryo_v1,nan,nan,nan,nan,nan,nan,nan,nan,nan,nan,100000000000000.0,3527.7490234375,nan,0.6103515625,2.0,0.001,1.0,emission,13098.721493975596,1.5083607128848181e-27,2.4712981919901635e-27,2.0180510680315757,8.718119783132235e-24,custom,False,2.033691229284315,,terminate,False,nan,1.0,0.0003944575664932683,0.0006462792769425707,0.0,0,active,2.302585092994046,nan,nan,nan,1000000,1.0,inf,False,0,0.0,1.0,0.0,0.0,0,1.9477289104391967e-36,0,0.0,0.0,0.0,0.0,0.0,inf,0.0,0.0,0.0,0.0,0.0,0.0,inf,inf,0.0,0.0,inf,1.4788382786927784e-18,1.9736914198725175e-18,7.211897894245623e-15,False,9691129684.480522,0.0,0.0,3741.9095810948684,0.0,0.0,0,0,0,0,0.0,0,0,False,0,0.0,False,False,False,False,False,False,False,False,False,False,False,0.0,3.9016378808613945,45645.689743459436,0,0.0,False,-1,0,0,0,3804,0,0,0.0,20,9.56706742040724e-22,4802222222.222222,2.886880487388282e-13,1000000000000.0,1000000000000.0,0.0005987445183220907,1.0,49.89537652684091,0.00014991623455953818,-1.0024493102302374e-05,9766237214.407566,2161.0,0.0,0.0,2.8698592549372254e-34,2.8698592549372254e-34,0.0,0.0,0
0.0,-2.4843553580958326e-17,2.2803055449538143,0.0,0.10225295906634449,2.2044581600181238e-05,2.2044581600181245e-06,0.0,False,116,False,shielded,v9_four_class_stateful_PD_shared_root_m1_marked_embryo_v1,nan,nan,nan,nan,nan,nan,nan,nan,nan,nan,100000000000000.0,3528.359375,nan,0.6103515625,2.0,0.001,1.0,emission,13098.721493975596,1.5083607128848181e-27,2.4712981919901635e-27,2.0180510680315757,8.71962814384512e-24,custom,False,2.033691229284315,,terminate,False,nan,1.0,0.0003944575664932683,0.0006462792769425707,0.0,0,active,2.302585092994046,nan,nan,nan,1000000,1.0,inf,False,0,0.0,1.0,0.0,0.0,0,1.9477289104391967e-36,0,0.0,0.0,0.0,0.0,0.0,inf,0.0,0.0,0.0,0.0,0.0,0.0,inf,inf,0.0,0.0,inf,1.4788382786927784e-18,1.9736914198725175e-18,7.211897894245623e-15,False,9691129684.480522,0.0,0.0,3741.9095810948684,0.0,0.0,0,0,0,0,0.0,0,0,False,0,0.0,False,False,False,False,False,False,False,False,False,False,False,0.0,3.9016378808613945,45645.689743459436,0,0.0,False,-1,0,0,0,3804,0,0,0.0,21,9.568722661329981e-22,4802222222.222222,2.8873839991181987e-13,1000000000000.0,1000000000000.0,0.0005987445183220907,1.0,49.89537652684091,0.00014991623455953818,-1.0024493102302374e-05,9766237214.407566,2161.0,0.0,0.0,7.174648137343063e-35,7.174648137343063e-35,0.0,0.0,0
0.0,-2.484771698777646e-17,2.280700002520308,0.0,0.1022126325670137,2.2044581600181238e-05,2.2044581600181245e-06,0.0,False,117,False,shielded,v9_four_class_stateful_PD_shared_root_m1_marked_embryo_v1,nan,nan,nan,nan,nan,nan,nan,nan,nan,nan,100000000000000.0,3528.9697265625,nan,0.6103515625,2.0,0.001,1.0,emission,13098.721493975596,1.5083607128848181e-27,2.4712981919901635e-27,2.0180510680315757,8.721136504558004e-24,custom,False,2.033691229284315,,terminate,False,nan,1.0,0.0003944575664932683,0.0006462792769425707,4.440892098500626e-16,0,active,2.302585092994046,nan,nan,nan,1000000,1.0,inf,False,0,0.0,1.0,0.0,0.0,0,1.385435633183406e-36,0,0.0,0.0,0.0,0.0,0.0,inf,0.0,0.0,0.0,0.0,0.0,0.0,inf,inf,0.0,0.0,inf,1.4788382786927784e-18,1.6645934237425102e-18,7.211897894245623e-15,False,9691129684.480522,0.0,0.0,3741.9095810948684,0.0,0.0,0,0,0,0,0.0,0,0,False,0,0.0,False,False,False,False,False,False,False,False,False,False,False,0.0,3.9016378808613945,45645.689743459436,0,0.0,False,-1,0,0,0,3804,0,0,0.0,21,9.570377902252723e-22,4802222222.222222,2.887879470585327e-13,1000000000000.0,1000000000000.0,0.0005987445183220907,1.0,49.89537652684091,0.00014991623455953818,-1.0024493102302374e-05,9766237214.407566,2161.0,0.0,0.0,1.4349296274686127e-34,1.4349296274686127e-34,0.0,0.0,0
0.0,-2.4852118002225547e-17,2.281094460086801,0.0,0.10217232197163882,2.2044581600181238e-05,2.2044581600181245e-06,0.0,False,118,False,shielded,v9_four_class_stateful_PD_shared_root_m1_marked_embryo_v1,nan,nan,nan,nan,nan,nan,nan,nan,nan,nan,100000000000000.0,3529.580078125,nan,0.6103515625,2.0,0.001,1.0,emission,13098.721493975596,1.5083607128848181e-27,2.4712981919901635e-27,2.0180510680315757,8.722644865270889e-24,custom,False,2.033691229284315,,terminate,False,nan,1.0,0.0003944575664932683,0.0006462792769425707,0.0,0,active,2.302585092994046,nan,nan,nan,1000000,1.0,inf,False,0,0.0,1.0,0.0,0.0,0,1.9477289104391967e-36,0,0.0,0.0,0.0,0.0,0.0,inf,0.0,0.0,0.0,0.0,0.0,0.0,inf,inf,0.0,0.0,inf,1.4788382786927784e-18,1.9736914198725175e-18,7.211897894245623e-15,False,9691129684.480522,0.0,0.0,3741.9095810948684,0.0,0.0,0,0,0,0,0.0,0,0,False,0,0.0,False,False,False,False,False,False,False,False,False,False,False,0.0,3.9016378808613945,45645.689743459436,0,0.0,False,-1,0,0,0,3804,0,0,0.0,20,9.572033143175465e-22,4802222222.222222,2.8883812465688977e-13,1000000000000.0,1000000000000.0,0.0005987445183220907,1.0,49.89537652684091,0.00014991623455953818,-1.0024493102302374e-05,9766237214.407566,2161.0,0.0,0.0,2.8698592549372254e-34,2.8698592549372254e-34,0.0,0.0,0
0.0,-2.485641758365202e-17,2.281488917653294,0.0,0.10213202727394761,2.2044581600181238e-05,2.2044581600181245e-06,0.0,False,119,False,shielded,v9_four_class_stateful_PD_shared_root_m1_marked_embryo_v1,nan,nan,nan,nan,nan,nan,nan,nan,nan,nan,100000000000000.0,3530.1904296875,nan,0.6103515625,2.0,0.001,1.0,emission,13098.721493975596,1.5083607128848181e-27,2.4712981919901635e-27,2.0180510680315757,8.724153225983774e-24,custom,False,2.033691229284315,,terminate,False,nan,1.0,0.0003944575664932683,0.0006462792769425707,0.0,0,active,2.302585092994046,nan,nan,nan,1000000,1.0,inf,False,0,0.0,1.0,0.0,0.0,0,1.9477289104391967e-36,0,0.0,0.0,0.0,0.0,0.0,inf,0.0,0.0,0.0,0.0,0.0,0.0,inf,inf,0.0,0.0,inf,1.4788382786927784e-18,1.9736914198725175e-18,7.211897894245623e-15,False,9691129684.480522,0.0,0.0,3741.9095810948684,0.0,0.0,0,0,0,0,0.0,0,0,False,0,0.0,False,False,False,False,False,False,False,False,False,False,False,0.0,3.9016378808613945,45645.689743459436,0,0.0,False,-1,0,0,0,3804,0,0,0.0,21,9.573688384098207e-22,4802222222.222222,2.8888821014751497e-13,1000000000000.0,1000000000000.0,0.0005987445183220907,1.0,49.89537652684091,0.00014991623455953818,-1.0024493102302374e-05,9766237214.407566,2161.0,0.0,0.0,5.739718509874451e-34,5.739718509874451e-34,0.0,0.0,0
0.0,-2.4860721921367017e-17,2.2818833752197873,0.0,0.10209174846767034,2.2044581600181238e-05,2.2044581600181245e-06,0.0,False,120,False,shielded,v9_four_class_stateful_PD_shared_root_m1_marked_embryo_v1,nan,nan,nan,nan,nan,nan,nan,nan,nan,nan,100000000000000.0,3530.80078125,nan,0.6103515625,2.0,0.001,1.0,emission,13098.721493975596,1.5083607128848181e-27,2.4712981919901635e-27,2.0180510680315757,8.725661586696659e-24,custom,False,2.033691229284315,,terminate,False,nan,1.0,0.0003944575664932683,0.0006462792769425707,0.0,0,active,2.302585092994046,nan,nan,nan,1000000,1.0,inf,False,0,0.0,1.0,0.0,0.0,0,1.891059440610567e-36,0,0.0,0.0,0.0,0.0,0.0,inf,0.0,0.0,0.0,0.0,0.0,0.0,inf,inf,0.0,0.0,inf,1.4788382786927784e-18,1.944767050631292e-18,7.211897894245623e-15,False,9691129684.480522,0.0,0.0,3741.9095810948684,0.0,0.0,0,0,0,0,0.0,0,0,False,0,0.0,False,False,False,False,False,False,False,False,False,False,False,0.0,3.9016378808613945,45645.689743459436,0,0.0,False,-1,0,0,0,3804,0,0,0.0,20,9.57534362502095e-22,4802222222.222222,2.889379169715268e-13,1000000000000.0,1000000000000.0,0.0005987445183220907,1.0,49.89537652684091,0.00014991623455953818,-1.0024493102302374e-05,9766237214.407566,2161.0,0.0,0.0,4.5917748078995606e-33,4.5917748078995606e-33,0.0,0.0,0
0.0,-2.486511952369608e-17,2.2822778327862805,0.0,0.10205148554653976,2.2044581600181238e-05,2.2044581600181245e-06,0.0,False,121,False,shielded,v9_four_class_stateful_PD_shared_root_m1_marked_embryo_v1,nan,nan,nan,nan,nan,nan,nan,nan,nan,nan,100000000000000.0,3531.4111328125,nan,0.6103515625,2.0,0.001,1.0,emission,13098.721493975596,1.5083607128848181e-27,2.4712981919901635e-27,2.0180510680315757,8.727169947409543e-24,custom,False,2.033691229284315,,terminate,False,nan,1.0,0.0003944575664932683,0.0006462792769425707,0.0,0,active,2.302585092994046,nan,nan,nan,1000000,1.0,inf,False,0,0.0,1.0,0.0,0.0,0,1.9477289104391967e-36,0,0.0,0.0,0.0,0.0,0.0,inf,0.0,0.0,0.0,0.0,0.0,0.0,inf,inf,0.0,0.0,inf,1.4788382786927784e-18,1.9736914198725175e-18,7.211897894245623e-15,False,9691129684.480522,0.0,0.0,3741.9095810948684,0.0,0.0,0,0,0,0,0.0,0,0,False,0,0.0,False,False,False,False,False,False,False,False,False,False,False,0.0,3.9016378808613945,45645.689743459436,0,0.0,False,-1,0,0,0,3804,0,0,0.0,21,9.576998865943691e-22,4802222222.222222,2.8898793112227616e-13,1000000000000.0,1000000000000.0,0.0005987445183220907,1.0,49.89537652684091,0.00014991623455953818,-1.0024493102302374e-05,9766237214.407566,2161.0,0.0,0.0,5.739718509874451e-34,5.739718509874451e-34,0.0,0.0,0
0.0,-2.4869359341323296e-17,2.282672290352774,0.0,0.10201123850429104,2.2044581600181238e-05,2.2044581600181245e-06,0.0,False,122,False,shielded,v9_four_class_stateful_PD_shared_root_m1_marked_embryo_v1,nan,nan,nan,nan,nan,nan,nan,nan,nan,nan,100000000000000.0,3532.021484375,nan,0.6103515625,2.0,0.001,1.0,emission,13098.721493975596,1.5083607128848181e-27,2.4712981919901635e-27,2.0180510680315757,8.728678308122428e-24,custom,False,2.033691229284315,,terminate,False,nan,1.0,0.0003944575664932683,0.0006462792769425707,4.440892098500626e-16,0,active,2.302585092994046,nan,nan,nan,1000000,1.0,inf,False,0,0.0,1.0,0.0,0.0,0,1.2636011240847682e-36,0,0.0,0.0,0.0,0.0,0.0,inf,0.0,0.0,0.0,0.0,0.0,0.0,inf,inf,0.0,0.0,inf,1.4788382786927784e-18,1.5897176630362815e-18,7.211897894245623e-15,False,9691129684.480522,0.0,0.0,3741.9095810948684,0.0,0.0,0,0,0,0,0.0,0,0,False,0,0.0,False,False,False,False,False,False,False,False,False,False,False,0.0,3.9016378808613945,45645.689743459436,0,0.0,False,-1,0,0,0,3804,0,0,0.0,20,9.578654106866433e-22,4802222222.222222,2.890376655759692e-13,1000000000000.0,1000000000000.0,0.0005987445183220907,1.0,49.89537652684091,0.00014991623455953818,-1.0024493102302374e-05,9766237214.407566,2161.0,0.0,0.0,1.4349296274686127e-34,1.4349296274686127e-34,0.0,0.0,0
0.0,-2.4873504136577646e-17,2.2830667479192672,0.0,0.10197100733466198,2.2044581600181238e-05,2.2044581600181245e-06,0.0,False,123,False,shielded,v9_four_class_stateful_PD_shared_root_m1_marked_embryo_v1,nan,nan,nan,nan,nan,nan,nan,nan,nan,nan,100000000000000.0,3532.6318359375,nan,0.6103515625,2.0,0.001,1.0,emission,13098.721493975596,1.5083607128848181e-27,2.4712981919901635e-27,2.0180510680315757,8.730186668835313e-24,custom,False,2.033691229284315,,terminate,False,nan,1.0,0.0003944575664932683,0.0006462792769425707,0.0,0,active,2.302585092994046,nan,nan,nan,1000000,1.0,inf,False,0,0.0,1.0,0.0,0.0,0,1.9477289104391967e-36,0,0.0,0.0,0.0,0.0,0.0,inf,0.0,0.0,0.0,0.0,0.0,0.0,inf,inf,0.0,0.0,inf,1.4788382786927784e-18,1.9736914198725175e-18,7.211897894245623e-15,False,9691129684.480522,0.0,0.0,3741.9095810948684,0.0,0.0,0,0,0,0,0.0,0,0,False,0,0.0,False,False,False,False,False,False,False,False,False,False,False,0.0,3.9016378808613945,45645.689743459436,0,0.0,False,-1,0,0,0,3804,0,0,0.0,21,9.580309347789175e-22,4802222222.222222,2.8908819582849506e-13,1000000000000.0,1000000000000.0,0.0005987445183220907,1.0,49.89537652684091,0.00014991623455953818,-1.0024493102302374e-05,9766237214.407566,2161.0,0.0,0.0,2.2420775429197073e-36,2.2420775429197073e-36,0.0,0.0,0
0.0,-2.4877968430343595e-17,2.2834612054857604,0.0,0.10193079203139267,2.2044581600181238e-05,2.2044581600181245e-06,0.0,False,124,False,shielded,v9_four_class_stateful_PD_shared_root_m1_marked_embryo_v1,nan,nan,nan,nan,nan,nan,nan,nan,nan,nan,100000000000000.0,3533.2421875,nan,0.6103515625,2.0,0.001,1.0,emission,13098.721493975596,1.5083607128848181e-27,2.4712981919901635e-27,2.0180510680315757,8.731695029548198e-24,custom,False,2.033691229284315,,terminate,False,nan,1.0,0.0003944575664932683,0.0006462792769425707,0.0,0,active,2.302585092994046,nan,nan,nan,1000000,1.0,inf,False,0,0.0,1.0,0.0,0.0,0,1.9477289104391967e-36,0,0.0,0.0,0.0,0.0,0.0,inf,0.0,0.0,0.0,0.0,0.0,0.0,inf,inf,0.0,0.0,inf,1.4788382786927784e-18,1.9736914198725175e-18,7.211897894245623e-15,False,9691129684.480522,0.0,0.0,3741.9095810948684,0.0,0.0,0,0,0,0,0.0,0,0,False,0,0.0,False,False,False,False,False,False,False,False,False,False,False,0.0,3.9016378808613945,45645.689743459436,0,0.0,False,-1,0,0,0,3804,0,0,0.0,20,9.581964588711917e-22,4802222222.222222,2.891378738493596e-13,1000000000000.0,1000000000000.0,0.0005987445183220907,1.0,49.89537652684091,0.00014991623455953818,-1.0024493102302374e-05,9766237214.407566,2161.0,0.0,0.0,1.1479437019748901e-33,1.1479437019748901e-33,0.0,0.0,0
0.0,-2.488203981331858e-17,2.283855663052254,0.0,0.10189059258822572,2.2044581600181238e-05,2.2044581600181245e-06,0.0,False,125,False,shielded,v9_four_class_stateful_PD_shared_root_m1_marked_embryo_v1,nan,nan,nan,nan,nan,nan,nan,nan,nan,nan,100000000000000.0,3533.8525390625,nan,0.6103515625,2.0,0.001,1.0,emission,13098.721493975596,1.5083607128848181e-27,2.4712981919901635e-27,2.0180510680315757,8.733203390261083e-24,custom,False,2.033691229284315,,terminate,False,nan,1.0,0.0003944575664932683,0.0006462792769425707,4.440892098500626e-16,0,active,2.302585092994046,nan,nan,nan,1000000,1.0,inf,False,0,0.0,1.0,0.0,0.0,0,1.7414319914453163e-36,0,0.0,0.0,0.0,0.0,0.0,inf,0.0,0.0,0.0,0.0,0.0,0.0,inf,inf,0.0,0.0,inf,1.4788382786927784e-18,1.866243280735562e-18,7.211897894245623e-15,False,9691129684.480522,0.0,0.0,3741.9095810948684,0.0,0.0,0,0,0,0,0.0,0,0,False,0,0.0,False,False,False,False,False,False,False,False,False,False,False,0.0,3.9016378808613945,45645.689743459436,0,0.0,False,-1,0,0,0,3804,0,0,0.0,21,9.58361982963466e-22,4802222222.222222,2.8918776944314855e-13,1000000000000.0,1000000000000.0,0.0005987445183220907,1.0,49.89537652684091,0.00014991623455953818,-1.0024493102302374e-05,9766237214.407566,2161.0,0.0,0.0,5.739718509874451e-34,5.739718509874451e-34,0.0,0.0,0
0.0,-2.4886466056776352e-17,2.284250120618747,0.0,0.10185040899890628,2.2044581600181238e-05,2.2044581600181245e-06,0.0,False,126,False,shielded,v9_four_class_stateful_PD_shared_root_m1_marked_embryo_v1,nan,nan,nan,nan,nan,nan,nan,nan,nan,nan,100000000000000.0,3534.462890625,nan,0.6103515625,2.0,0.001,1.0,emission,13098.721493975596,1.5083607128848181e-27,2.4712981919901635e-27,2.0180510680315757,8.734711750973968e-24,custom,False,2.033691229284315,,terminate,False,nan,1.0,0.0003944575664932683,0.0006462792769425707,0.0,0,active,2.302585092994046,nan,nan,nan,1000000,1.0,inf,False,0,0.0,1.0,0.0,0.0,0,1.9477289104391967e-36,0,0.0,0.0,0.0,0.0,0.0,inf,0.0,0.0,0.0,0.0,0.0,0.0,inf,inf,0.0,0.0,inf,1.4788382786927784e-18,1.9736914198725175e-18,7.211897894245623e-15,False,9691129684.480522,0.0,0.0,3741.9095810948684,0.0,0.0,0,0,0,0,0.0,0,0,False,0,0.0,False,False,False,False,False,False,False,False,False,False,False,0.0,3.9016378808613945,45645.689743459436,0,0.0,False,-1,0,0,0,3804,0,0,0.0,20,9.585275070557401e-22,4802222222.222222,2.8923763996100534e-13,1000000000000.0,1000000000000.0,0.0005987445183220907,1.0,49.89537652684091,0.00014991623455953818,-1.0024493102302374e-05,9766237214.407566,2161.0,0.0,0.0,2.8698592549372254e-34,2.8698592549372254e-34,0.0,0.0,0
0.0,-2.4890800069595824e-17,2.2846445781852402,0.0,0.1018102412571819,2.2044581600181238e-05,2.2044581600181245e-06,0.0,False,127,False,shielded,v9_four_class_stateful_PD_shared_root_m1_marked_embryo_v1,nan,nan,nan,nan,nan,nan,nan,nan,nan,nan,100000000000000.0,3535.0732421875,nan,0.6103515625,2.0,0.001,1.0,emission,13098.721493975596,1.5083607128848181e-27,2.4712981919901635e-27,2.0180510680315757,8.736220111686852e-24,custom,False,2.033691229284315,,terminate,False,nan,1.0,0.0003944575664932683,0.0006462792769425707,0.0,0,active,2.302585092994046,nan,nan,nan,1000000,1.0,inf,False,0,0.0,1.0,0.0,0.0,0,1.6891075904570827e-36,0,0.0,0.0,0.0,0.0,0.0,inf,0.0,0.0,0.0,0.0,0.0,0.0,inf,inf,0.0,0.0,inf,1.4788382786927784e-18,1.837992160188439e-18,7.211897894245623e-15,False,9691129684.480522,0.0,0.0,3741.9095810948684,0.0,0.0,0,0,0,0,0.0,0,0,False,0,0.0,False,False,False,False,False,False,False,False,False,False,False,0.0,3.9016378808613945,45645.689743459436,0,0.0,False,-1,0,0,0,3804,0,0,0.0,21,9.586930311480143e-22,4802222222.222222,2.8928774672364764e-13,1000000000000.0,1000000000000.0,0.0005987445183220907,1.0,49.89537652684091,0.00014991623455953818,-1.0024493102302374e-05,9766237214.407566,2161.0,0.0,0.0,1.1479437019748901e-33,1.1479437019748901e-33,0.0,0.0,0
0.0,-2.489527708126369e-17,2.2850390357517334,0.0,0.1017700893568026,2.2044581600181238e-05,2.2044581600181245e-06,0.0,False,128,False,shielded,v9_four_class_stateful_PD_shared_root_m1_marked_embryo_v1,nan,nan,nan,nan,nan,nan,nan,nan,nan,nan,100000000000000.0,3535.68359375,nan,0.6103515625,2.0,0.001,1.0,emission,13098.721493975596,1.5083607128848181e-27,2.4712981919901635e-27,2.0180510680315757,8.737728472399737e-24,custom,False,2.033691229284315,,terminate,False,nan,1.0,0.0003944575664932683,0.0006462792769425707,0.0,0,active,2.302585092994046,nan,nan,nan,1000000,1.0,inf,False,0,0.0,1.0,0.0,0.0,0,1.9477289104391693e-36,0,0.0,0.0,0.0,0.0,0.0,inf,0.0,0.0,0.0,0.0,0.0,0.0,inf,inf,0.0,0.0,inf,1.4788382786927784e-18,1.9736914198725032e-18,7.211897894245623e-15,False,9691129684.480522,0.0,0.0,3741.9095810948684,0.0,0.0,0,0,0,0,0.0,0,0,False,0,0.0,False,False,False,False,False,False,False,False,False,False,False,0.0,3.9016378808613945,45645.689743459436,0,0.0,False,-1,0,0,0,3804,0,0,0.0,20,9.588585552402885e-22,4802222222.222222,2.8933789089605594e-13,1000000000000.0,1000000000000.0,0.0005987445183220907,1.0,49.89537652684091,0.00014991623455953818,-1.0024493102302374e-05,9766237214.407566,2161.0,0.0,0.0,5.739718509874451e-34,5.739718509874451e-34,0.0,0.0,0
0.0,-2.4899410606182194e-17,2.2854334933182265,0.0,0.10172995329152086,2.2044581600181238e-05,2.2044581600181245e-06,0.0,False,129,False,shielded,v9_four_class_stateful_PD_shared_root_m1_marked_embryo_v1,nan,nan,nan,nan,nan,nan,nan,nan,nan,nan,100000000000000.0,3536.2939453125,nan,0.6103515625,2.0,0.001,1.0,emission,13098.721493975596,1.5083607128848181e-27,2.4712981919901635e-27,2.0180510680315757,8.739236833112622e-24,custom,False,2.033691229284315,,terminate,False,nan,1.0,0.0003944575664932683,0.0006462792769425707,0.0,0,active,2.302585092994046,nan,nan,nan,1000000,1.0,inf,False,0,0.0,1.0,0.0,0.0,0,1.9477289104391967e-36,0,0.0,0.0,0.0,0.0,0.0,inf,0.0,0.0,0.0,0.0,0.0,0.0,inf,inf,0.0,0.0,inf,1.4788382786927784e-18,1.9736914198725175e-18,7.211897894245623e-15,False,9691129684.480522,0.0,0.0,3741.9095810948684,0.0,0.0,0,0,0,0,0.0,0,0,False,0,0.0,False,False,False,False,False,False,False,False,False,False,False,0.0,3.9016378808613945,45645.689743459436,0,0.0,False,-1,0,0,0,3804,0,0,0.0,21,9.590240793325627e-22,4802222222.222222,2.8938772545641527e-13,1000000000000.0,1000000000000.0,0.0005987445183220907,1.0,49.89537652684091,0.00014991623455953818,-1.0024493102302374e-05,9766237214.407566,2161.0,0.0,0.0,5.739718509874451e-34,5.739718509874451e-34,0.0,0.0,0
0.0,-2.490381234441432e-17,2.28582795088472,0.0,0.1016898330550916,2.2044581600181238e-05,2.2044581600181245e-06,0.0,False,130,False,shielded,v9_four_class_stateful_PD_shared_root_m1_marked_embryo_v1,nan,nan,nan,nan,nan,nan,nan,nan,nan,nan,100000000000000.0,3536.904296875,nan,0.6103515625,2.0,0.001,1.0,emission,13098.721493975596,1.5083607128848181e-27,2.4712981919901635e-27,2.0180510680315757,8.740745193825507e-24,custom,False,2.033691229284315,,terminate,False,nan,1.0,0.0003944575664932683,0.0006462792769425707,4.440892098500626e-16,0,active,2.302585092994046,nan,nan,nan,1000000,1.0,inf,False,0,0.0,1.0,0.0,0.0,0,1.5777849102148424e-36,0,0.0,0.0,0.0,0.0,0.0,inf,0.0,0.0,0.0,0.0,0.0,0.0,inf,inf,0.0,0.0,inf,1.4788382786927784e-18,1.776392361059258e-18,7.211897894245623e-15,False,9691129684.480522,0.0,0.0,3741.9095810948684,0.0,0.0,0,0,0,0,0.0,0,0,False,0,0.0,False,False,False,False,False,False,False,False,False,False,False,0.0,3.9016378808613945,45645.689743459436,0,0.0,False,-1,0,0,0,3804,0,0,0.0,20,9.59189603424837e-22,4802222222.222222,2.8943735973074377e-13,1000000000000.0,1000000000000.0,0.0005987445183220907,1.0,49.89537652684091,0.00014991623455953818,-1.0024493102302374e-05,9766237214.407566,2161.0,0.0,0.0,2.2420775429197073e-36,2.2420775429197073e-36,0.0,0.0,0
0.0,-2.490811171904564e-17,2.2862224084512133,0.0,0.10164972864127235,2.2044581600181238e-05,2.2044581600181245e-06,0.0,False,131,False,shielded,v9_four_class_stateful_PD_shared_root_m1_marked_embryo_v1,nan,nan,nan,nan,nan,nan,nan,nan,nan,nan,100000000000000.0,3537.5146484375,nan,0.6103515625,2.0,0.001,1.0,emission,13098.721493975596,1.5083607128848181e-27,2.4712981919901635e-27,2.0180510680315757,8.742253554538392e-24,custom,False,2.033691229284315,,terminate,False,nan,1.0,0.0003944575664932683,0.0006462792769425707,0.0,0,active,2.302585092994046,nan,nan,nan,1000000,1.0,inf,False,0,0.0,1.0,0.0,0.0,0,1.9477289104391967e-36,0,0.0,0.0,0.0,0.0,0.0,inf,0.0,0.0,0.0,0.0,0.0,0.0,inf,inf,0.0,0.0,inf,1.4788382786927784e-18,1.9736914198725175e-18,7.211897894245623e-15,False,9691129684.480522,0.0,0.0,3741.9095810948684,0.0,0.0,0,0,0,0,0.0,0,0,False,0,0.0,False,False,False,False,False,False,False,False,False,False,False,0.0,3.9016378808613945,45645.689743459436,0,0.0,False,-1,0,0,0,3804,0,0,0.0,21,9.593551275171111e-22,4802222222.222222,2.8948739996312925e-13,1000000000000.0,1000000000000.0,0.0005987445183220907,1.0,49.89537652684091,0.00014991623455953818,-1.0024493102302374e-05,9766237214.407566,2161.0,0.0,0.0,1.1479437019748901e-33,1.1479437019748901e-33,0.0,0.0,0
0.0,-2.491230686891978e-17,2.286616866017707,0.0,0.10160964004382289,2.2044581600181238e-05,2.2044581600181245e-06,0.0,False,132,False,shielded,v9_four_class_stateful_PD_shared_root_m1_marked_embryo_v1,nan,nan,nan,nan,nan,nan,nan,nan,nan,nan,100000000000000.0,3538.125,nan,0.6103515625,2.0,0.001,1.0,emission,13098.721493975596,1.5083607128848181e-27,2.4712981919901635e-27,2.0180510680315757,8.743761915251276e-24,custom,False,2.033691229284315,,terminate,False,nan,1.0,0.0003944575664932683,0.0006462792769425707,4.440892098500626e-16,0,active,2.302585092994046,nan,nan,nan,1000000,1.0,inf,False,0,0.0,1.0,0.0,0.0,0,1.93140715018767e-36,0,0.0,0.0,0.0,0.0,0.0,inf,0.0,0.0,0.0,0.0,0.0,0.0,inf,inf,0.0,0.0,inf,1.4788382786927784e-18,1.9654043605261846e-18,7.211897894245623e-15,False,9691129684.480522,0.0,0.0,3741.9095810948684,0.0,0.0,0,0,0,0,0.0,0,0,False,0,0.0,False,False,False,False,False,False,False,False,False,False,False,0.0,3.9016378808613945,45645.689743459436,0,0.0,False,-1,0,0,0,3804,0,0,0.0,20,9.595206516093853e-22,4802222222.222222,2.8953737747749696e-13,1000000000000.0,1000000000000.0,0.0005987445183220907,1.0,49.89537652684091,0.00014991623455953818,-1.0024493102302374e-05,9766237214.407566,2161.0,0.0,0.0,5.739718509874451e-34,5.739718509874451e-34,0.0,0.0,0
0.0,-2.4916628474030062e-17,2.2870113235842,0.0,0.10156956725650564,2.2044581600181238e-05,2.2044581600181245e-06,0.0,False,133,False,shielded,v9_four_class_stateful_PD_shared_root_m1_marked_embryo_v1,nan,nan,nan,nan,nan,nan,nan,nan,nan,nan,100000000000000.0,3538.7353515625,nan,0.6103515625,2.0,0.001,1.0,emission,13098.721493975596,1.5083607128848181e-27,2.4712981919901635e-27,2.0180510680315757,8.745270275964161e-24,custom,False,2.033691229284315,,terminate,False,nan,1.0,0.0003944575664932683,0.0006462792769425707,0.0,0,active,2.302585092994046,nan,nan,nan,1000000,1.0,inf,False,0,0.0,1.0,0.0,0.0,0,1.9477289104391967e-36,0,0.0,0.0,0.0,0.0,0.0,inf,0.0,0.0,0.0,0.0,0.0,0.0,inf,inf,0.0,0.0,inf,1.4788382786927784e-18,1.9736914198725175e-18,7.211897894245623e-15,False,9691129684.480522,0.0,0.0,3741.9095810948684,0.0,0.0,0,0,0,0,0.0,0,0,False,0,0.0,False,False,False,False,False,False,False,False,False,False,False,0.0,3.9016378808613945,45645.689743459436,0,0.0,False,-1,0,0,0,3804,0,0,0.0,20,9.596861757016595e-22,4802222222.222222,2.895874569246674e-13,1000000000000.0,1000000000000.0,0.0005987445183220907,1.0,49.89537652684091,0.00014991623455953818,-1.0024493102302374e-05,9766237214.407566,2161.0,0.0,0.0,5.739718509874451e-34,5.739718509874451e-34,0.0,0.0,0
0.0,-2.4920943668490598e-17,2.287405781150693,0.0,0.10152951027308538,2.2044581600181238e-05,2.2044581600181245e-06,0.0,False,134,False,shielded,v9_four_class_stateful_PD_shared_root_m1_marked_embryo_v1,nan,nan,nan,nan,nan,nan,nan,nan,nan,nan,100000000000000.0,3539.345703125,nan,0.6103515625,2.0,0.001,1.0,emission,13098.721493975596,1.5083607128848181e-27,2.4712981919901635e-27,2.0180510680315757,8.746778636677046e-24,custom,False,2.033691229284315,,terminate,False,nan,1.0,0.0003944575664932683,0.0006462792769425707,0.0,0,active,2.302585092994046,nan,nan,nan,1000000,1.0,inf,False,0,0.0,1.0,0.0,0.0,0,1.9477289104391967e-36,0,0.0,0.0,0.0,0.0,0.0,inf,0.0,0.0,0.0,0.0,0.0,0.0,inf,inf,0.0,0.0,inf,1.4788382786927784e-18,1.9736914198725175e-18,7.211897894245623e-15,False,9691129684.480522,0.0,0.0,3741.9095810948684,0.0,0.0,0,0,0,0,0.0,0,0,False,0,0.0,False,False,False,False,False,False,False,False,False,False,False,0.0,3.9016378808613945,45645.689743459436,0,0.0,False,-1,0,0,0,3804,0,0,0.0,21,9.598516997939337e-22,4802222222.222222,2.896375071429034e-13,1000000000000.0,1000000000000.0,0.0005987445183220907,1.0,49.89537652684091,0.00014991623455953818,-1.0024493102302374e-05,9766237214.407566,2161.0,0.0,0.0,7.174648137343063e-35,7.174648137343063e-35,0.0,0.0,0
0.0,-2.492518937977968e-17,2.2878002387171863,0.0,0.10148946908732935,2.2044581600181238e-05,2.2044581600181245e-06,0.0,False,135,False,shielded,v9_four_class_stateful_PD_shared_root_m1_marked_embryo_v1,nan,nan,nan,nan,nan,nan,nan,nan,nan,nan,100000000000000.0,3539.9560546875,nan,0.6103515625,2.0,0.001,1.0,emission,13098.721493975596,1.5083607128848181e-27,2.4712981919901635e-27,2.0180510680315757,8.748286997389931e-24,custom,False,2.033691229284315,,terminate,False,nan,1.0,0.0003944575664932683,0.0006462792769425707,0.0,0,active,2.302585092994046,nan,nan,nan,1000000,1.0,inf,False,0,0.0,1.0,0.0,0.0,0,1.4237904210814668e-36,0,0.0,0.0,0.0,0.0,0.0,inf,0.0,0.0,0.0,0.0,0.0,0.0,inf,inf,0.0,0.0,inf,1.4788382786927784e-18,1.6874776567892487e-18,7.211897894245623e-15,False,9691129684.480522,0.0,0.0,3741.9095810948684,0.0,0.0,0,0,0,0,0.0,0,0,False,0,0.0,False,False,False,False,False,False,False,False,False,False,False,0.0,3.9016378808613945,45645.689743459436,0,0.0,False,-1,0,0,0,3804,0,0,0.0,20,9.600172238862079e-22,4802222222.222222,2.8968702694432e-13,1000000000000.0,1000000000000.0,0.0005987445183220907,1.0,49.89537652684091,0.00014991623455953818,-1.0024493102302374e-05,9766237214.407566,2161.0,0.0,0.0,2.8698592549372254e-34,2.8698592549372254e-34,0.0,0.0,0
0.0,-2.492957891709777e-17,2.28819469628368,0.0,0.10144944369300724,2.2044581600181238e-05,2.2044581600181245e-06,0.0,False,136,False,shielded,v9_four_class_stateful_PD_shared_root_m1_marked_embryo_v1,nan,nan,nan,nan,nan,nan,nan,nan,nan,nan,100000000000000.0,3540.56640625,nan,0.6103515625,2.0,0.001,1.0,emission,13098.721493975596,1.5083607128848181e-27,2.4712981919901635e-27,2.0180510680315757,8.749795358102816e-24,custom,False,2.033691229284315,,terminate,False,nan,1.0,0.0003944575664932683,0.0006462792769425707,4.440892098500626e-16,0,active,2.302585092994046,nan,nan,nan,1000000,1.0,inf,False,0,0.0,1.0,0.0,0.0,0,1.9477289104391967e-36,0,0.0,0.0,0.0,0.0,0.0,inf,0.0,0.0,0.0,0.0,0.0,0.0,inf,inf,0.0,0.0,inf,1.4788382786927784e-18,1.9736914198725175e-18,7.211897894245623e-15,False,9691129684.480522,0.0,0.0,3741.9095810948684,0.0,0.0,0,0,0,0,0.0,0,0,False,0,0.0,False,False,False,False,False,False,False,False,False,False,False,0.0,3.9016378808613945,45645.689743459436,0,0.0,False,-1,0,0,0,3804,0,0,0.0,21,9.601827479784821e-22,4802222222.222222,2.897373071949596e-13,1000000000000.0,1000000000000.0,0.0005987445183220907,1.0,49.89537652684091,0.00014991623455953818,-1.0024493102302374e-05,9766237214.407566,2161.0,0.0,0.0,5.739718509874451e-34,5.739718509874451e-34,0.0,0.0,0
0.0,-2.4933916031844538e-17,2.288589153850173,0.0,0.10140943408389132,2.2044581600181238e-05,2.2044581600181245e-06,0.0,False,137,False,shielded,v9_four_class_stateful_PD_shared_root_m1_marked_embryo_v1,nan,nan,nan,nan,nan,nan,nan,nan,nan,nan,100000000000000.0,3541.1767578125,nan,0.6103515625,2.0,0.001,1.0,emission,13098.721493975596,1.5083607128848181e-27,2.4712981919901635e-27,2.0180510680315757,8.7513037188157e-24,custom,False,2.033691229284315,,terminate,False,nan,1.0,0.0003944575664932683,0.0006462792769425707,0.0,0,active,2.302585092994046,nan,nan,nan,1000000,1.0,inf,False,0,0.0,1.0,0.0,0.0,0,1.9477289104391967e-36,0,0.0,0.0,0.0,0.0,0.0,inf,0.0,0.0,0.0,0.0,0.0,0.0,inf,inf,0.0,0.0,inf,1.4788382786927784e-18,1.9736914198725175e-18,7.211897894245623e-15,False,9691129684.480522,0.0,0.0,3741.9095810948684,0.0,0.0,0,0,0,0,0.0,0,0,False,0,0.0,False,False,False,False,False,False,False,False,False,False,False,0.0,3.9016378808613945,45645.689743459436,0,0.0,False,-1,0,0,0,3804,0,0,0.0,20,9.603482720707563e-22,4802222222.222222,2.897870155268443e-13,1000000000000.0,1000000000000.0,0.0005987445183220907,1.0,49.89537652684091,0.00014991623455953818,-1.0024493102302374e-05,9766237214.407566,2161.0,0.0,0.0,2.8698592549372254e-34,2.8698592549372254e-34,0.0,0.0,0
0.0,-2.4938228848160813e-17,2.288983611416666,0.0,0.10136944025375616,2.2044581600181238e-05,2.2044581600181245e-06,0.0,False,138,False,shielded,v9_four_class_stateful_PD_shared_root_m1_marked_embryo_v1,nan,nan,nan,nan,nan,nan,nan,nan,nan,nan,100000000000000.0,3541.787109375,nan,0.6103515625,2.0,0.001,1.0,emission,13098.721493975596,1.5083607128848181e-27,2.4712981919901635e-27,2.0180510680315757,8.752812079528585e-24,custom,False,2.033691229284315,,terminate,False,nan,1.0,0.0003944575664932683,0.0006462792769425707,0.0,0,active,2.302585092994046,nan,nan,nan,1000000,1.0,inf,False,0,0.0,1.0,0.0,0.0,0,1.9155863435056394e-36,0,0.0,0.0,0.0,0.0,0.0,inf,0.0,0.0,0.0,0.0,0.0,0.0,inf,inf,0.0,0.0,inf,1.4788382786927784e-18,1.9573381636833422e-18,7.211897894245623e-15,False,9691129684.480522,0.0,0.0,3741.9095810948684,0.0,0.0,0,0,0,0,0.0,0,0,False,0,0.0,False,False,False,False,False,False,False,False,False,False,False,0.0,3.9016378808613945,45645.689743459436,0,0.0,False,-1,0,0,0,3804,0,0,0.0,21,9.605137961630305e-22,4802222222.222222,2.898368863489582e-13,1000000000000.0,1000000000000.0,0.0005987445183220907,1.0,49.89537652684091,0.00014991623455953818,-1.0024493102302374e-05,9766237214.407566,2161.0,0.0,0.0,5.739718509874451e-34,5.739718509874451e-34,0.0,0.0,0
0.0,-2.494241686360217e-17,2.2893780689831598,0.0,0.10132946219637884,2.2044581600181238e-05,2.2044581600181245e-06,0.0,False,139,False,shielded,v9_four_class_stateful_PD_shared_root_m1_marked_embryo_v1,nan,nan,nan,nan,nan,nan,nan,nan,nan,nan,100000000000000.0,3542.3974609375,nan,0.6103515625,2.0,0.001,1.0,emission,13098.721493975596,1.5083607128848181e-27,2.4712981919901635e-27,2.0180510680315757,8.75432044024147e-24,custom,False,2.033691229284315,,terminate,False,nan,1.0,0.0003944575664932683,0.0006462792769425707,4.440892098500626e-16,0,active,2.302585092994046,nan,nan,nan,1000000,1.0,inf,False,0,0.0,1.0,0.0,0.0,0,1.9477289104391967e-36,0,0.0,0.0,0.0,0.0,0.0,inf,0.0,0.0,0.0,0.0,0.0,0.0,inf,inf,0.0,0.0,inf,1.4788382786927784e-18,1.9736914198725175e-18,7.211897894245623e-15,False,9691129684.480522,0.0,0.0,3741.9095810948684,0.0,0.0,0,0,0,0,0.0,0,0,False,0,0.0,False,False,False,False,False,False,False,False,False,False,False,0.0,3.9016378808613945,45645.689743459436,0,0.0,False,-1,0,0,0,3804,0,0,0.0,20,9.606793202553047e-22,4802222222.222222,2.8988715128595835e-13,1000000000000.0,1000000000000.0,0.0005987445183220907,1.0,49.89537652684091,0.00014991623455953818,-1.0024493102302374e-05,9766237214.407566,2161.0,0.0,0.0,5.739718509874451e-34,5.739718509874451e-34,0.0,0.0,0
0.0,-2.4946953535671716e-17,2.289772526549653,0.0,0.10128949990553895,2.2044581600181238e-05,2.2044581600181245e-06,0.0,False,140,False,shielded,v9_four_class_stateful_PD_shared_root_m1_marked_embryo_v1,nan,nan,nan,nan,nan,nan,nan,nan,nan,nan,100000000000000.0,3543.0078125,nan,0.6103515625,2.0,0.001,1.0,emission,13098.721493975596,1.5083607128848181e-27,2.4712981919901635e-27,2.0180510680315757,8.755828800954355e-24,custom,False,2.033691229284315,,terminate,False,nan,1.0,0.0003944575664932683,0.0006462792769425707,0.0,0,active,2.302585092994046,nan,nan,nan,1000000,1.0,inf,False,0,0.0,1.0,0.0,0.0,0,1.2838990730726858e-36,0,0.0,0.0,0.0,0.0,0.0,inf,0.0,0.0,0.0,0.0,0.0,0.0,inf,inf,0.0,0.0,inf,1.4788382786927784e-18,1.6024350676846072e-18,7.211897894245623e-15,False,9691129684.480522,0.0,0.0,3741.9095810948684,0.0,0.0,0,0,0,0,0.0,0,0,False,0,0.0,False,False,False,False,False,False,False,False,False,False,False,0.0,3.9016378808613945,45645.689743459436,0,0.0,False,-1,0,0,0,3804,0,0,0.0,21,9.608448443475789e-22,4802222222.222222,2.8993672908146515e-13,1000000000000.0,1000000000000.0,0.0005987445183220907,1.0,49.89537652684091,0.00014991623455953818,-1.0024493102302374e-05,9766237214.407566,2161.0,0.0,0.0,5.739718509874451e-34,5.739718509874451e-34,0.0,0.0,0
0.0,-2.4950937030706618e-17,2.290166984116146,0.0,0.10124955337501848,2.2044581600181238e-05,2.2044581600181245e-06,0.0,False,141,False,shielded,v9_four_class_stateful_PD_shared_root_m1_marked_embryo_v1,nan,nan,nan,nan,nan,nan,nan,nan,nan,nan,100000000000000.0,3543.6181640625,nan,0.6103515625,2.0,0.001,1.0,emission,13098.721493975596,1.5083607128848181e-27,2.4712981919901635e-27,2.0180510680315757,8.75733716166724e-24,custom,False,2.033691229284315,,terminate,False,nan,1.0,0.0003944575664932683,0.0006462792769425707,0.0,0,active,2.302585092994046,nan,nan,nan,1000000,1.0,inf,False,0,0.0,1.0,0.0,0.0,0,1.9477289104391967e-36,0,0.0,0.0,0.0,0.0,0.0,inf,0.0,0.0,0.0,0.0,0.0,0.0,inf,inf,0.0,0.0,inf,1.4788382786927784e-18,1.9736914198725175e-18,7.211897894245623e-15,False,9691129684.480522,0.0,0.0,3741.9095810948684,0.0,0.0,0,0,0,0,0.0,0,0,False,0,0.0,False,False,False,False,False,False,False,False,False,False,False,0.0,3.9016378808613945,45645.689743459436,0,0.0,False,-1,0,0,0,3804,0,0,0.0,20,9.610103684398531e-22,4802222222.222222,2.8998688114943846e-13,1000000000000.0,1000000000000.0,0.0005987445183220907,1.0,49.89537652684091,0.00014991623455953818,-1.0024493102302374e-05,9766237214.407566,2161.0,0.0,0.0,2.8698592549372254e-34,2.8698592549372254e-34,0.0,0.0,0
0.0,-2.4955252845552613e-17,2.2905614416826396,0.0,0.10120962259860182,2.2044581600181238e-05,2.2044581600181245e-06,0.0,False,142,False,shielded,v9_four_class_stateful_PD_shared_root_m1_marked_embryo_v1,nan,nan,nan,nan,nan,nan,nan,nan,nan,nan,100000000000000.0,3544.228515625,nan,0.6103515625,2.0,0.001,1.0,emission,13098.721493975596,1.5083607128848181e-27,2.4712981919901635e-27,2.0180510680315757,8.758845522380125e-24,custom,False,2.033691229284315,,terminate,False,nan,1.0,0.0003944575664932683,0.0006462792769425707,4.440892098500626e-16,0,active,2.302585092994046,nan,nan,nan,1000000,1.0,inf,False,0,0.0,1.0,0.0,0.0,0,1.9477289104391967e-36,0,0.0,0.0,0.0,0.0,0.0,inf,0.0,0.0,0.0,0.0,0.0,0.0,inf,inf,0.0,0.0,inf,1.4788382786927784e-18,1.9736914198725175e-18,7.211897894245623e-15,False,9691129684.480522,0.0,0.0,3741.9095810948684,0.0,0.0,0,0,0,0,0.0,0,0,False,0,0.0,False,False,False,False,False,False,False,False,False,False,False,0.0,3.9016378808613945,45645.689743459436,0,0.0,False,-1,0,0,0,3804,0,0,0.0,21,9.611758925321273e-22,4802222222.222222,2.9003689793524887e-13,1000000000000.0,1000000000000.0,0.0005987445183220907,1.0,49.89537652684091,0.00014991623455953818,-1.0024493102302374e-05,9766237214.407566,2161.0,0.0,0.0,2.8698592549372254e-34,2.8698592549372254e-34,0.0,0.0,0
0.0,-2.4959593682612138e-17,2.290955899249133,0.0,0.10116970757007594,2.2044581600181238e-05,2.2044581600181245e-06,0.0,False,143,False,shielded,v9_four_class_stateful_PD_shared_root_m1_marked_embryo_v1,nan,nan,nan,nan,nan,nan,nan,nan,nan,nan,100000000000000.0,3544.8388671875,nan,0.6103515625,2.0,0.001,1.0,emission,13098.721493975596,1.5083607128848181e-27,2.4712981919901635e-27,2.0180510680315757,8.76035388309301e-24,custom,False,2.033691229284315,,terminate,False,nan,1.0,0.0003944575664932683,0.0006462792769425707,0.0,0,active,2.302585092994046,nan,nan,nan,1000000,1.0,inf,False,0,0.0,1.0,0.0,0.0,0,1.784093155944244e-36,0,0.0,0.0,0.0,0.0,0.0,inf,0.0,0.0,0.0,0.0,0.0,0.0,inf,inf,0.0,0.0,inf,1.4788382786927784e-18,1.888964349025277e-18,7.211897894245623e-15,False,9691129684.480522,0.0,0.0,3741.9095810948684,0.0,0.0,0,0,0,0,0.0,0,0,False,0,0.0,False,False,False,False,False,False,False,False,False,False,False,0.0,3.9016378808613945,45645.689743459436,0,0.0,False,-1,0,0,0,3804,0,0,0.0,20,9.613414166244015e-22,4802222222.222222,2.9008700494835206e-13,1000000000000.0,1000000000000.0,0.0005987445183220907,1.0,49.89537652684091,0.00014991623455953818,-1.0024493102302374e-05,9766237214.407566,2161.0,0.0,0.0,5.739718509874451e-34,5.739718509874451e-34,0.0,0.0,0
0.0,-2.4963802480966385e-17,2.2913503568156264,0.0,0.10112980828323014,2.2044581600181238e-05,2.2044581600181245e-06,0.0,False,144,False,shielded,v9_four_class_stateful_PD_shared_root_m1_marked_embryo_v1,nan,nan,nan,nan,nan,nan,nan,nan,nan,nan,100000000000000.0,3545.44921875,nan,0.6103515625,2.0,0.001,1.0,emission,13098.721493975596,1.5083607128848181e-27,2.4712981919901635e-27,2.0180510680315757,8.761862243805894e-24,custom,False,2.033691229284315,,terminate,False,nan,1.0,0.0003944575664932683,0.0006462792769425707,4.440892098500626e-16,0,active,2.302585092994046,nan,nan,nan,1000000,1.0,inf,False,0,0.0,1.0,0.0,0.0,0,1.9477289104391967e-36,0,0.0,0.0,0.0,0.0,0.0,inf,0.0,0.0,0.0,0.0,0.0,0.0,inf,inf,0.0,0.0,inf,1.4788382786927784e-18,1.9736914198725175e-18,7.211897894245623e-15,False,9691129684.480522,0.0,0.0,3741.9095810948684,0.0,0.0,0,0,0,0,0.0,0,0,False,0,0.0,False,False,False,False,False,False,False,False,False,False,False,0.0,3.9016378808613945,45645.689743459436,0,0.0,False,-1,0,0,0,3804,0,0,0.0,21,9.615069407166757e-22,4802222222.222222,2.9013687563906975e-13,1000000000000.0,1000000000000.0,0.0005987445183220907,1.0,49.89537652684091,0.00014991623455953818,-1.0024493102302374e-05,9766237214.407566,2161.0,0.0,0.0,2.8698592549372254e-34,2.8698592549372254e-34,0.0,0.0,0
0.0,-2.4968169787805512e-17,2.2917448143821195,0.0,0.10108992473185627,2.2044581600181238e-05,2.2044581600181245e-06,0.0,False,145,False,shielded,v9_four_class_stateful_PD_shared_root_m1_marked_embryo_v1,nan,nan,nan,nan,nan,nan,nan,nan,nan,nan,100000000000000.0,3546.0595703125,nan,0.6103515625,2.0,0.001,1.0,emission,13098.721493975596,1.5083607128848181e-27,2.4712981919901635e-27,2.0180510680315757,8.763370604518779e-24,custom,False,2.033691229284315,,terminate,False,nan,1.0,0.0003944575664932683,0.0006462792769425707,0.0,0,active,2.302585092994046,nan,nan,nan,1000000,1.0,inf,False,0,0.0,1.0,0.0,0.0,0,1.5939658781686248e-36,0,0.0,0.0,0.0,0.0,0.0,inf,0.0,0.0,0.0,0.0,0.0,0.0,inf,inf,0.0,0.0,inf,1.4788382786927784e-18,1.785478019001424e-18,7.211897894245623e-15,False,9691129684.480522,0.0,0.0,3741.9095810948684,0.0,0.0,0,0,0,0,0.0,0,0,False,0,0.0,False,False,False,False,False,False,False,False,False,False,False,0.0,3.9016378808613945,45645.689743459436,0,0.0,False,-1,0,0,0,3804,0,0,0.0,20,9.616724648089499e-22,4802222222.222222,2.901866303879976e-13,1000000000000.0,1000000000000.0,0.0005987445183220907,1.0,49.89537652684091,0.00014991623455953818,-1.0024493102302374e-05,9766237214.407566,2161.0,0.0,0.0,2.8698592549372254e-34,2.8698592549372254e-34,0.0,0.0,0
0.0,-2.4972550846522322e-17,2.2921392719486127,0.0,0.10105005690974855,2.2044581600181238e-05,2.2044581600181245e-06,0.0,False,146,False,shielded,v9_four_class_stateful_PD_shared_root_m1_marked_embryo_v1,nan,nan,nan,nan,nan,nan,nan,nan,nan,nan,100000000000000.0,3546.669921875,nan,0.6103515625,2.0,0.001,1.0,emission,13098.721493975596,1.5083607128848181e-27,2.4712981919901635e-27,2.0180510680315757,8.764878965231664e-24,custom,False,2.033691229284315,,terminate,False,nan,1.0,0.0003944575664932683,0.0006462792769425707,0.0,0,active,2.302585092994046,nan,nan,nan,1000000,1.0,inf,False,0,0.0,1.0,0.0,0.0,0,1.9477289104391967e-36,0,0.0,0.0,0.0,0.0,0.0,inf,0.0,0.0,0.0,0.0,0.0,0.0,inf,inf,0.0,0.0,inf,1.4788382786927784e-18,1.9736914198725175e-18,7.211897894245623e-15,False,9691129684.480522,0.0,0.0,3741.9095810948684,0.0,0.0,0,0,0,0,0.0,0,0,False,0,0.0,False,False,False,False,False,False,False,False,False,False,False,0.0,3.9016378808613945,45645.689743459436,0,0.0,False,-1,0,0,0,3804,0,0,0.0,21,9.61837988901224e-22,4802222222.222222,2.9023651847605877e-13,1000000000000.0,1000000000000.0,0.0005987445183220907,1.0,49.89537652684091,0.00014991623455953818,-1.0024493102302374e-05,9766237214.407566,2161.0,0.0,0.0,5.739718509874451e-34,5.739718509874451e-34,0.0,0.0,0
0.0,-2.4976897163653406e-17,2.2925337295151063,0.0,0.10101020481070364,2.2044581600181238e-05,2.2044581600181245e-06,0.0,False,147,False,shielded,v9_four_class_stateful_PD_shared_root_m1_marked_embryo_v1,nan,nan,nan,nan,nan,nan,nan,nan,nan,nan,100000000000000.0,3547.2802734375,nan,0.6103515625,2.0,0.001,1.0,emission,13098.721493975596,1.5083607128848181e-27,2.4712981919901635e-27,2.0180510680315757,8.766387325944549e-24,custom,False,2.033691229284315,,terminate,False,nan,1.0,0.0003944575664932683,0.0006462792769425707,4.440892098500626e-16,0,active,2.302585092994046,nan,nan,nan,1000000,1.0,inf,False,0,0.0,1.0,0.0,0.0,0,1.9477289104391967e-36,0,0.0,0.0,0.0,0.0,0.0,inf,0.0,0.0,0.0,0.0,0.0,0.0,inf,inf,0.0,0.0,inf,1.4788382786927784e-18,1.9736914198725175e-18,7.211897894245623e-15,False,9691129684.480522,0.0,0.0,3741.9095810948684,0.0,0.0,0,0,0,0,0.0,0,0,False,0,0.0,False,False,False,False,False,False,False,False,False,False,False,0.0,3.9016378808613945,45645.689743459436,0,0.0,False,-1,0,0,0,3804,0,0,0.0,20,9.620035129934983e-22,4802222222.222222,2.9028633745377156e-13,1000000000000.0,1000000000000.0,0.0005987445183220907,1.0,49.89537652684091,0.00014991623455953818,-1.0024493102302374e-05,9766237214.407566,2161.0,0.0,0.0,5.739718509874451e-34,5.739718509874451e-34,0.0,0.0,0
0.0,-2.498129104366971e-17,2.2929281870815994,0.0,0.10097036842852075,2.2044581600181238e-05,2.2044581600181245e-06,0.0,False,148,False,shielded,v9_four_class_stateful_PD_shared_root_m1_marked_embryo_v1,nan,nan,nan,nan,nan,nan,nan,nan,nan,nan,100000000000000.0,3547.890625,nan,0.6103515625,2.0,0.001,1.0,emission,13098.721493975596,1.5083607128848181e-27,2.4712981919901635e-27,2.0180510680315757,8.767895686657434e-24,custom,False,2.033691229284315,,terminate,False,nan,1.0,0.0003944575664932683,0.0006462792769425707,0.0,0,active,2.302585092994046,nan,nan,nan,1000000,1.0,inf,False,0,0.0,1.0,0.0,0.0,0,1.6208032489525764e-36,0,0.0,0.0,0.0,0.0,0.0,inf,0.0,0.0,0.0,0.0,0.0,0.0,inf,inf,0.0,0.0,inf,1.4788382786927784e-18,1.8004461941155456e-18,7.211897894245623e-15,False,9691129684.480522,0.0,0.0,3741.9095810948684,0.0,0.0,0,0,0,0,0.0,0,0,False,0,0.0,False,False,False,False,False,False,False,False,False,False,False,0.0,3.9016378808613945,45645.689743459436,0,0.0,False,-1,0,0,0,3804,0,0,0.0,21,9.621690370857725e-22,4802222222.222222,2.9033647753158373e-13,1000000000000.0,1000000000000.0,0.0005987445183220907,1.0,49.89537652684091,0.00014991623455953818,-1.0024493102302374e-05,9766237214.407566,2161.0,0.0,0.0,5.739718509874451e-34,5.739718509874451e-34,0.0,0.0,0
0.0,-2.498559403721621e-17,2.2933226446480925,0.0,0.10093054775700144,2.2044581600181238e-05,2.2044581600181245e-06,0.0,False,149,False,shielded,v9_four_class_stateful_PD_shared_root_m1_marked_embryo_v1,nan,nan,nan,nan,nan,nan,nan,nan,nan,nan,100000000000000.0,3548.5009765625,nan,0.6103515625,2.0,0.001,1.0,emission,13098.721493975596,1.5083607128848181e-27,2.4712981919901635e-27,2.0180510680315757,8.769404047370318e-24,custom,False,2.033691229284315,,terminate,False,nan,1.0,0.0003944575664932683,0.0006462792769425707,0.0,0,active,2.302585092994046,nan,nan,nan,1000000,1.0,inf,False,0,0.0,1.0,0.0,0.0,0,1.9477289104391967e-36,0,0.0,0.0,0.0,0.0,0.0,inf,0.0,0.0,0.0,0.0,0.0,0.0,inf,inf,0.0,0.0,inf,1.4788382786927784e-18,1.9736914198725175e-18,7.211897894245623e-15,False,9691129684.480522,0.0,0.0,3741.9095810948684,0.0,0.0,0,0,0,0,0.0,0,0,False,0,0.0,False,False,False,False,False,False,False,False,False,False,False,0.0,3.9016378808613945,45645.689743459436,0,0.0,False,-1,0,0,0,3804,0,0,0.0,21,9.623345611780467e-22,4802222222.222222,2.903862027956967e-13,1000000000000.0,1000000000000.0,0.0005987445183220907,1.0,49.89537652684091,0.00014991623455953818,-1.0024493102302374e-05,9766237214.407566,2161.0,0.0,0.0,1.1479437019748901e-33,1.1479437019748901e-33,0.0,0.0,0
0.0,-2.4989778537139964e-17,2.2937171022145857,0.0,0.10089074278994975,2.2044581600181238e-05,2.2044581600181245e-06,0.0,False,150,False,shielded,v9_four_class_stateful_PD_shared_root_m1_marked_embryo_v1,nan,nan,nan,nan,nan,nan,nan,nan,nan,nan,100000000000000.0,3549.111328125,nan,0.6103515625,2.0,0.001,1.0,emission,13098.721493975596,1.5083607128848181e-27,2.4712981919901635e-27,2.0180510680315757,8.770912408083203e-24,custom,False,2.033691229284315,,terminate,False,nan,1.0,0.0003944575664932683,0.0006462792769425707,0.0,0,active,2.302585092994046,nan,nan,nan,1000000,1.0,inf,False,0,0.0,1.0,0.0,0.0,0,1.8842051328875206e-36,0,0.0,0.0,0.0,0.0,0.0,inf,0.0,0.0,0.0,0.0,0.0,0.0,inf,inf,0.0,0.0,inf,1.4788382786927784e-18,1.9412393633385454e-18,7.211897894245623e-15,False,9691129684.480522,0.0,0.0,3741.9095810948684,0.0,0.0,0,0,0,0,0.0,0,0,False,0,0.0,False,False,False,False,False,False,False,False,False,False,False,0.0,3.9016378808613945,45645.689743459436,0,0.0,False,-1,0,0,0,3804,0,0,0.0,20,9.625000852703209e-22,4802222222.222222,2.904368045919969e-13,1000000000000.0,1000000000000.0,0.0005987445183220907,1.0,49.89537652684091,0.00014991623455953818,-1.0024493102302374e-05,9766237214.407566,2161.0,0.0,0.0,4.5917748078995606e-33,4.5917748078995606e-33,0.0,0.0,0
0.0,-2.499415039347246e-17,2.294111559781079,0.0,0.10085095352117213,2.2044581600181238e-05,2.2044581600181245e-06,0.0,False,151,False,shielded,v9_four_class_stateful_PD_shared_root_m1_marked_embryo_v1,nan,nan,nan,nan,nan,nan,nan,nan,nan,nan,100000000000000.0,3549.7216796875,nan,0.6103515625,2.0,0.001,1.0,emission,13098.721493975596,1.5083607128848181e-27,2.4712981919901635e-27,2.0180510680315757,8.772420768796088e-24,custom,False,2.033691229284315,,terminate,False,nan,1.0,0.0003944575664932683,0.0006462792769425707,0.0,0,active,2.302585092994046,nan,nan,nan,1000000,1.0,inf,False,0,0.0,1.0,0.0,0.0,0,1.9477289104391967e-36,0,0.0,0.0,0.0,0.0,0.0,inf,0.0,0.0,0.0,0.0,0.0,0.0,inf,inf,0.0,0.0,inf,1.4788382786927784e-18,1.9736914198725175e-18,7.211897894245623e-15,False,9691129684.480522,0.0,0.0,3741.9095810948684,0.0,0.0,0,0,0,0,0.0,0,0,False,0,0.0,False,False,False,False,False,False,False,False,False,False,False,0.0,3.9016378808613945,45645.689743459436,0,0.0,False,-1,0,0,0,3804,0,0,0.0,21,9.62665609362595e-22,4802222222.222222,2.904866405787749e-13,1000000000000.0,1000000000000.0,0.0005987445183220907,1.0,49.89537652684091,0.00014991623455953818,-1.0024493102302374e-05,9766237214.407566,2161.0,0.0,0.0,9.183549615799121e-33,9.183549615799121e-33,0.0,0.0,0
0.0,-2.499816108207e-17,2.294506017347572,0.0,0.10081117994447751,2.2044581600181238e-05,2.2044581600181245e-06,0.0,False,152,False,shielded,v9_four_class_stateful_PD_shared_root_m1_marked_embryo_v1,nan,nan,nan,nan,nan,nan,nan,nan,nan,nan,100000000000000.0,3550.33203125,nan,0.6103515625,2.0,0.001,1.0,emission,13098.721493975596,1.5083607128848181e-27,2.4712981919901635e-27,2.0180510680315757,8.773929129508973e-24,custom,False,2.033691229284315,,terminate,False,nan,1.0,0.0003944575664932683,0.0006462792769425707,0.0,0,active,2.302585092994046,nan,nan,nan,1000000,1.0,inf,False,0,0.0,1.0,0.0,0.0,0,1.9477289104391967e-36,0,0.0,0.0,0.0,0.0,0.0,inf,0.0,0.0,0.0,0.0,0.0,0.0,inf,inf,0.0,0.0,inf,1.4788382786927784e-18,1.9736914198725175e-18,7.211897894245623e-15,False,9691129684.480522,0.0,0.0,3741.9095810948684,0.0,0.0,0,0,0,0,0.0,0,0,False,0,0.0,False,False,False,False,False,False,False,False,False,False,False,0.0,3.9016378808613945,45645.689743459436,0,0.0,False,-1,0,0,0,3804,0,0,0.0,20,9.628311334548693e-22,4802222222.222222,2.905365192075848e-13,1000000000000.0,1000000000000.0,0.0005987445183220907,1.0,49.89537652684091,0.00014991623455953818,-1.0024493102302374e-05,9766237214.407566,2161.0,0.0,0.0,2.8698592549372254e-34,2.8698592549372254e-34,0.0,0.0,0
0.0,-2.5002441121354502e-17,2.294900474914065,0.0,0.10077142205367724,2.2044581600181238e-05,2.2044581600181245e-06,0.0,False,153,False,shielded,v9_four_class_stateful_PD_shared_root_m1_marked_embryo_v1,nan,nan,nan,nan,nan,nan,nan,nan,nan,nan,100000000000000.0,3550.9423828125,nan,0.6103515625,2.0,0.001,1.0,emission,13098.721493975596,1.5083607128848181e-27,2.4712981919901635e-27,2.0180510680315757,8.775437490221858e-24,custom,False,2.033691229284315,,terminate,False,nan,1.0,0.0003944575664932683,0.0006462792769425707,0.0,0,active,2.302585092994046,nan,nan,nan,1000000,1.0,inf,False,0,0.0,1.0,0.0,0.0,0,1.4630980986323022e-36,0,0.0,0.0,0.0,0.0,0.0,inf,0.0,0.0,0.0,0.0,0.0,0.0,inf,inf,0.0,0.0,inf,1.4788382786927784e-18,1.7106128133697012e-18,7.211897894245623e-15,False,9691129684.480522,0.0,0.0,3741.9095810948684,0.0,0.0,0,0,0,0,0.0,0,0,False,0,0.0,False,False,False,False,False,False,False,False,False,False,False,0.0,3.9016378808613945,45645.689743459436,0,0.0,False,-1,0,0,0,3804,0,0,0.0,21,9.629966575471435e-22,4802222222.222222,2.905862177116062e-13,1000000000000.0,1000000000000.0,0.0005987445183220907,1.0,49.89537652684091,0.00014991623455953818,-1.0024493102302374e-05,9766237214.407566,2161.0,0.0,0.0,5.739718509874451e-34,5.739718509874451e-34,0.0,0.0,0
0.0,-2.5006980068170734e-17,2.2952949324805587,0.0,0.1007316798425851,2.2044581600181238e-05,2.2044581600181245e-06,0.0,False,154,False,shielded,v9_four_class_stateful_PD_shared_root_m1_marked_embryo_v1,nan,nan,nan,nan,nan,nan,nan,nan,nan,nan,100000000000000.0,3551.552734375,nan,0.6103515625,2.0,0.001,1.0,emission,13098.721493975596,1.5083607128848181e-27,2.4712981919901635e-27,2.0180510680315757,8.776945850934742e-24,custom,False,2.033691229284315,,terminate,False,nan,1.0,0.0003944575664932683,0.0006462792769425707,4.440892098500626e-16,0,active,2.302585092994046,nan,nan,nan,1000000,1.0,inf,False,0,0.0,1.0,0.0,0.0,0,1.9477289104391967e-36,0,0.0,0.0,0.0,0.0,0.0,inf,0.0,0.0,0.0,0.0,0.0,0.0,inf,inf,0.0,0.0,inf,1.4788382786927784e-18,1.9736914198725175e-18,7.211897894245623e-15,False,9691129684.480522,0.0,0.0,3741.9095810948684,0.0,0.0,0,0,0,0,0.0,0,0,False,0,0.0,False,False,False,False,False,False,False,False,False,False,False,0.0,3.9016378808613945,45645.689743459436,0,0.0,False,-1,0,0,0,3804,0,0,0.0,20,9.631621816394177e-22,4802222222.222222,2.9063624189335405e-13,1000000000000.0,1000000000000.0,0.0005987445183220907,1.0,49.89537652684091,0.00014991623455953818,-1.0024493102302374e-05,9766237214.407566,2161.0,0.0,0.0,4.5917748078995606e-33,4.5917748078995606e-33,0.0,0.0,0
0.0,-2.5011128689135417e-17,2.295689390047052,0.0,0.10069195330501741,2.2044581600181238e-05,2.2044581600181245e-06,0.0,False,155,False,shielded,v9_four_class_stateful_PD_shared_root_m1_marked_embryo_v1,nan,nan,nan,nan,nan,nan,nan,nan,nan,nan,100000000000000.0,3552.1630859375,nan,0.6103515625,2.0,0.001,1.0,emission,13098.721493975596,1.5083607128848181e-27,2.4712981919901635e-27,2.0180510680315757,8.778454211647627e-24,custom,False,2.033691229284315,,terminate,False,nan,1.0,0.0003944575664932683,0.0006462792769425707,0.0,0,active,2.302585092994046,nan,nan,nan,1000000,1.0,inf,False,0,0.0,1.0,0.0,0.0,0,1.9477289104391967e-36,0,0.0,0.0,0.0,0.0,0.0,inf,0.0,0.0,0.0,0.0,0.0,0.0,inf,inf,0.0,0.0,inf,1.4788382786927784e-18,1.9736914198725175e-18,7.211897894245623e-15,False,9691129684.480522,0.0,0.0,3741.9095810948684,0.0,0.0,0,0,0,0,0.0,0,0,False,0,0.0,False,False,False,False,False,False,False,False,False,False,False,0.0,3.9016378808613945,45645.689743459436,0,0.0,False,-1,0,0,0,3804,0,0,0.0,21,9.633277057316919e-22,4802222222.222222,2.906860534846133e-13,1000000000000.0,1000000000000.0,0.0005987445183220907,1.0,49.89537652684091,0.00014991623455953818,-1.0024493102302374e-05,9766237214.407566,2161.0,0.0,0.0,4.5917748078995606e-33,4.5917748078995606e-33,0.0,0.0,0
0.0,-2.501544522776445e-17,2.2960838476135454,0.0,0.10065224243479275,2.2044581600181238e-05,2.2044581600181245e-06,0.0,False,156,False,shielded,v9_four_class_stateful_PD_shared_root_m1_marked_embryo_v1,nan,nan,nan,nan,nan,nan,nan,nan,nan,nan,100000000000000.0,3552.7734375,nan,0.6103515625,2.0,0.001,1.0,emission,13098.721493975596,1.5083607128848181e-27,2.4712981919901635e-27,2.0180510680315757,8.779962572360512e-24,custom,False,2.033691229284315,,terminate,False,nan,1.0,0.0003944575664932683,0.0006462792769425707,4.440892098500626e-16,0,active,2.302585092994046,nan,nan,nan,1000000,1.0,inf,False,0,0.0,1.0,0.0,0.0,0,1.9369115817470332e-36,0,0.0,0.0,0.0,0.0,0.0,inf,0.0,0.0,0.0,0.0,0.0,0.0,inf,inf,0.0,0.0,inf,1.4788382786927784e-18,1.968203029032845e-18,7.211897894245623e-15,False,9691129684.480522,0.0,0.0,3741.9095810948684,0.0,0.0,0,0,0,0,0.0,0,0,False,0,0.0,False,False,False,False,False,False,False,False,False,False,False,0.0,3.9016378808613945,45645.689743459436,0,0.0,False,-1,0,0,0,3804,0,0,0.0,20,9.63493229823966e-22,4802222222.222222,2.9073540821506105e-13,1000000000000.0,1000000000000.0,0.0005987445183220907,1.0,49.89537652684091,0.00014991623455953818,-1.0024493102302374e-05,9766237214.407566,2161.0,0.0,0.0,2.2958874039497803e-33,2.2958874039497803e-33,0.0,0.0,0
0.0,-2.5019729402952014e-17,2.2964783051800386,0.0,0.10061254722573233,2.2044581600181238e-05,2.2044581600181245e-06,0.0,False,157,False,shielded,v9_four_class_stateful_PD_shared_root_m1_marked_embryo_v1,nan,nan,nan,nan,nan,nan,nan,nan,nan,nan,100000000000000.0,3553.3837890625,nan,0.6103515625,2.0,0.001,1.0,emission,13098.721493975596,1.5083607128848181e-27,2.4712981919901635e-27,2.0180510680315757,8.781470933073397e-24,custom,False,2.033691229284315,,terminate,False,nan,1.0,0.0003944575664932683,0.0006462792769425707,0.0,0,active,2.302585092994046,nan,nan,nan,1000000,1.0,inf,False,0,0.0,1.0,0.0,0.0,0,1.9477289104391967e-36,0,0.0,0.0,0.0,0.0,0.0,inf,0.0,0.0,0.0,0.0,0.0,0.0,inf,inf,0.0,0.0,inf,1.4788382786927784e-18,1.9736914198725175e-18,7.211897894245623e-15,False,9691129684.480522,0.0,0.0,3741.9095810948684,0.0,0.0,0,0,0,0,0.0,0,0,False,0,0.0,False,False,False,False,False,False,False,False,False,False,False,0.0,3.9016378808613945,45645.689743459436,0,0.0,False,-1,0,0,0,3804,0,0,0.0,21,9.636587539162403e-22,4802222222.222222,2.907859578960259e-13,1000000000000.0,1000000000000.0,0.0005987445183220907,1.0,49.89537652684091,0.00014991623455953818,-1.0024493102302374e-05,9766237214.407566,2161.0,0.0,0.0,5.739718509874451e-34,5.739718509874451e-34,0.0,0.0,0
0.0,-2.50241171825113e-17,2.2968727627465317,0.0,0.10057286767165967,2.2044581600181238e-05,2.2044581600181245e-06,0.0,False,158,False,shielded,v9_four_class_stateful_PD_shared_root_m1_marked_embryo_v1,nan,nan,nan,nan,nan,nan,nan,nan,nan,nan,100000000000000.0,3553.994140625,nan,0.6103515625,2.0,0.001,1.0,emission,13098.721493975596,1.5083607128848181e-27,2.4712981919901635e-27,2.0180510680315757,8.782979293786282e-24,custom,False,2.033691229284315,,terminate,False,nan,1.0,0.0003944575664932683,0.0006462792769425707,0.0,0,active,2.302585092994046,nan,nan,nan,1000000,1.0,inf,False,0,0.0,1.0,0.0,0.0,0,1.3194760408758859e-36,0,0.0,0.0,0.0,0.0,0.0,inf,0.0,0.0,0.0,0.0,0.0,0.0,inf,inf,0.0,0.0,inf,1.4788382786927784e-18,1.6244851743711828e-18,7.211897894245623e-15,False,9691129684.480522,0.0,0.0,3741.9095810948684,0.0,0.0,0,0,0,0,0.0,0,0,False,0,0.0,False,False,False,False,False,False,False,False,False,False,False,0.0,3.9016378808613945,45645.689743459436,0,0.0,False,-1,0,0,0,3804,0,0,0.0,20,9.638242780085145e-22,4802222222.222222,2.9083596795877034e-13,1000000000000.0,1000000000000.0,0.0005987445183220907,1.0,49.89537652684091,0.00014991623455953818,-1.0024493102302374e-05,9766237214.407566,2161.0,0.0,0.0,1.1479437019748901e-33,1.1479437019748901e-33,0.0,0.0,0
0.0,-2.5028402288277056e-17,2.2972672203130253,0.0,0.1005332037664007,2.2044581600181238e-05,2.2044581600181245e-06,0.0,False,159,False,shielded,v9_four_class_stateful_PD_shared_root_m1_marked_embryo_v1,nan,nan,nan,nan,nan,nan,nan,nan,nan,nan,100000000000000.0,3554.6044921875,nan,0.6103515625,2.0,0.001,1.0,emission,13098.721493975596,1.5083607128848181e-27,2.4712981919901635e-27,2.0180510680315757,8.784487654499167e-24,custom,False,2.033691229284315,,terminate,False,nan,1.0,0.0003944575664932683,0.0006462792769425707,4.440892098500626e-16,0,active,2.302585092994046,nan,nan,nan,1000000,1.0,inf,False,0,0.0,1.0,0.0,0.0,0,1.9477289104391967e-36,0,0.0,0.0,0.0,0.0,0.0,inf,0.0,0.0,0.0,0.0,0.0,0.0,inf,inf,0.0,0.0,inf,1.4788382786927784e-18,1.9736914198725175e-18,7.211897894245623e-15,False,9691129684.480522,0.0,0.0,3741.9095810948684,0.0,0.0,0,0,0,0,0.0,0,0,False,0,0.0,False,False,False,False,False,False,False,False,False,False,False,0.0,3.9016378808613945,45645.689743459436,0,0.0,False,-1,0,0,0,3804,0,0,0.0,21,9.639898021007887e-22,4802222222.222222,2.9088595367948604e-13,1000000000000.0,1000000000000.0,0.0005987445183220907,1.0,49.89537652684091,0.00014991623455953818,-1.0024493102302374e-05,9766237214.407566,2161.0,0.0,0.0,2.8698592549372254e-34,2.8698592549372254e-34,0.0,0.0,0
0.0,-2.5032775281982894e-17,2.2976616778795185,0.0,0.10049355550378393,2.2044581600181238e-05,2.2044581600181245e-06,0.0,False,160,False,shielded,v9_four_class_stateful_PD_shared_root_m1_marked_embryo_v1,nan,nan,nan,nan,nan,nan,nan,nan,nan,nan,100000000000000.0,3555.21484375,nan,0.6103515625,2.0,0.001,1.0,emission,13098.721493975596,1.5083607128848181e-27,2.4712981919901635e-27,2.0180510680315757,8.785996015212051e-24,custom,False,2.033691229284315,,terminate,False,nan,1.0,0.0003944575664932683,0.0006462792769425707,0.0,0,active,2.302585092994046,nan,nan,nan,1000000,1.0,inf,False,0,0.0,1.0,0.0,0.0,0,1.9477289104391967e-36,0,0.0,0.0,0.0,0.0,0.0,inf,0.0,0.0,0.0,0.0,0.0,0.0,inf,inf,0.0,0.0,inf,1.4788382786927784e-18,1.9736914198725175e-18,7.211897894245623e-15,False,9691129684.480522,0.0,0.0,3741.9095810948684,0.0,0.0,0,0,0,0,0.0,0,0,False,0,0.0,False,False,False,False,False,False,False,False,False,False,False,0.0,3.9016378808613945,45645.689743459436,0,0.0,False,-1,0,0,0,3804,0,0,0.0,20,9.641553261930629e-22,4802222222.222222,2.909361989326206e-13,1000000000000.0,1000000000000.0,0.0005987445183220907,1.0,49.89537652684091,0.00014991623455953818,-1.0024493102302374e-05,9766237214.407566,2161.0,0.0,0.0,2.8698592549372254e-34,2.8698592549372254e-34,0.0,0.0,0
0.0,-2.5037005690430643e-17,2.2980561354460116,0.0,0.10045392287764018,2.2044581600181238e-05,2.2044581600181245e-06,0.0,False,161,False,shielded,v9_four_class_stateful_PD_shared_root_m1_marked_embryo_v1,nan,nan,nan,nan,nan,nan,nan,nan,nan,nan,100000000000000.0,3555.8251953125,nan,0.6103515625,2.0,0.001,1.0,emission,13098.721493975596,1.5083607128848181e-27,2.4712981919901635e-27,2.0180510680315757,8.787504375924936e-24,custom,False,2.033691229284315,,terminate,False,nan,1.0,0.0003944575664932683,0.0006462792769425707,0.0,0,active,2.302585092994046,nan,nan,nan,1000000,1.0,inf,False,0,0.0,1.0,0.0,0.0,0,1.8254844293371535e-36,0,0.0,0.0,0.0,0.0,0.0,inf,0.0,0.0,0.0,0.0,0.0,0.0,inf,inf,0.0,0.0,inf,1.4788382786927784e-18,1.910750862533969e-18,7.211897894245623e-15,False,9691129684.480522,0.0,0.0,3741.9095810948684,0.0,0.0,0,0,0,0,0.0,0,0,False,0,0.0,False,False,False,False,False,False,False,False,False,False,False,0.0,3.9016378808613945,45645.689743459436,0,0.0,False,-1,0,0,0,3804,0,0,0.0,21,9.64320850285337e-22,4802222222.222222,2.9098561448231854e-13,1000000000000.0,1000000000000.0,0.0005987445183220907,1.0,49.89537652684091,0.00014991623455953818,-1.0024493102302374e-05,9766237214.407566,2161.0,0.0,0.0,5.739718509874451e-34,5.739718509874451e-34,0.0,0.0,0
0.0,-2.5041269496295624e-17,2.298450593012505,0.0,0.10041430588180271,2.2044581600181238e-05,2.2044581600181245e-06,0.0,False,162,False,shielded,v9_four_class_stateful_PD_shared_root_m1_marked_embryo_v1,nan,nan,nan,nan,nan,nan,nan,nan,nan,nan,100000000000000.0,3556.435546875,nan,0.6103515625,2.0,0.001,1.0,emission,13098.721493975596,1.5083607128848181e-27,2.4712981919901635e-27,2.0180510680315757,8.789012736637821e-24,custom,False,2.033691229284315,,terminate,False,nan,1.0,0.0003944575664932683,0.0006462792769425707,4.440892098500626e-16,0,active,2.302585092994046,nan,nan,nan,1000000,1.0,inf,False,0,0.0,1.0,0.0,0.0,0,1.9477289104391967e-36,0,0.0,0.0,0.0,0.0,0.0,inf,0.0,0.0,0.0,0.0,0.0,0.0,inf,inf,0.0,0.0,inf,1.4788382786927784e-18,1.9736914198725175e-18,7.211897894245623e-15,False,9691129684.480522,0.0,0.0,3741.9095810948684,0.0,0.0,0,0,0,0,0.0,0,0,False,0,0.0,False,False,False,False,False,False,False,False,False,False,False,0.0,3.9016378808613945,45645.689743459436,0,0.0,False,-1,0,0,0,3804,0,0,0.0,20,9.644863743776113e-22,4802222222.222222,2.910356583260681e-13,1000000000000.0,1000000000000.0,0.0005987445183220907,1.0,49.89537652684091,0.00014991623455953818,-1.0024493102302374e-05,9766237214.407566,2161.0,0.0,0.0,2.8698592549372254e-34,2.8698592549372254e-34,0.0,0.0,0
0.0,-2.5045604129500555e-17,2.2988450505789984,0.0,0.10037470451010731,2.2044581600181238e-05,2.2044581600181245e-06,0.0,False,163,False,shielded,v9_four_class_stateful_PD_shared_root_m1_marked_embryo_v1,nan,nan,nan,nan,nan,nan,nan,nan,nan,nan,100000000000000.0,3557.0458984375,nan,0.6103515625,2.0,0.001,1.0,emission,13098.721493975596,1.5083607128848181e-27,2.4712981919901635e-27,2.0180510680315757,8.790521097350706e-24,custom,False,2.033691229284315,,terminate,False,nan,1.0,0.0003944575664932683,0.0006462792769425707,0.0,0,active,2.302585092994046,nan,nan,nan,1000000,1.0,inf,False,0,0.0,1.0,0.0,0.0,0,1.4755014720550824e-36,0,0.0,0.0,0.0,0.0,0.0,inf,0.0,0.0,0.0,0.0,0.0,0.0,inf,inf,0.0,0.0,inf,1.4788382786927784e-18,1.7178483472385346e-18,7.211897894245623e-15,False,9691129684.480522,0.0,0.0,3741.9095810948684,0.0,0.0,0,0,0,0,0.0,0,0,False,0,0.0,False,False,False,False,False,False,False,False,False,False,False,0.0,3.9016378808613945,45645.689743459436,0,0.0,False,-1,0,0,0,3804,0,0,0.0,21,9.646518984698855e-22,4802222222.222222,2.91085779520785e-13,1000000000000.0,1000000000000.0,0.0005987445183220907,1.0,49.89537652684091,0.00014991623455953818,-1.0024493102302374e-05,9766237214.407566,2161.0,0.0,0.0,1.7936620343357659e-35,1.7936620343357659e-35,0.0,0.0,0
0.0,-2.5049884272182634e-17,2.299239508145492,0.0,0.10033511875639207,2.2044581600181238e-05,2.2044581600181245e-06,0.0,False,164,False,shielded,v9_four_class_stateful_PD_shared_root_m1_marked_embryo_v1,nan,nan,nan,nan,nan,nan,nan,nan,nan,nan,100000000000000.0,3557.65625,nan,0.6103515625,2.0,0.001,1.0,emission,13098.721493975596,1.5083607128848181e-27,2.4712981919901635e-27,2.0180510680315757,8.79202945806359e-24,custom,False,2.033691229284315,,terminate,False,nan,1.0,0.0003944575664932683,0.0006462792769425707,4.440892098500626e-16,0,active,2.302585092994046,nan,nan,nan,1000000,1.0,inf,False,0,0.0,1.0,0.0,0.0,0,1.9477289104391967e-36,0,0.0,0.0,0.0,0.0,0.0,inf,0.0,0.0,0.0,0.0,0.0,0.0,inf,inf,0.0,0.0,inf,1.4788382786927784e-18,1.9736914198725175e-18,7.211897894245623e-15,False,9691129684.480522,0.0,0.0,3741.9095810948684,0.0,0.0,0,0,0,0,0.0,0,0,False,0,0.0,False,False,False,False,False,False,False,False,False,False,False,0.0,3.9016378808613945,45645.689743459436,0,0.0,False,-1,0,0,0,3804,0,0,0.0,20,9.648174225621597e-22,4802222222.222222,2.911355468821524e-13,1000000000000.0,1000000000000.0,0.0005987445183220907,1.0,49.89537652684091,0.00014991623455953818,-1.0024493102302374e-05,9766237214.407566,2161.0,0.0,0.0,1.4349296274686127e-34,1.4349296274686127e-34,0.0,0.0,0
0.0,-2.5054358078525628e-17,2.299633965711985,0.0,0.10029554861449765,2.2044581600181238e-05,2.2044581600181245e-06,0.0,False,165,False,shielded,v9_four_class_stateful_PD_shared_root_m1_marked_embryo_v1,nan,nan,nan,nan,nan,nan,nan,nan,nan,nan,100000000000000.0,3558.2666015625,nan,0.6103515625,2.0,0.001,1.0,emission,13098.721493975596,1.5083607128848181e-27,2.4712981919901635e-27,2.0180510680315757,8.793537818776475e-24,custom,False,2.033691229284315,,terminate,False,nan,1.0,0.0003944575664932683,0.0006462792769425707,0.0,0,active,2.302585092994046,nan,nan,nan,1000000,1.0,inf,False,0,0.0,1.0,0.0,0.0,0,1.9477289104391967e-36,0,0.0,0.0,0.0,0.0,0.0,inf,0.0,0.0,0.0,0.0,0.0,0.0,inf,inf,0.0,0.0,inf,1.4788382786927784e-18,1.9736914198725175e-18,7.211897894245623e-15,False,9691129684.480522,0.0,0.0,3741.9095810948684,0.0,0.0,0,0,0,0,0.0,0,0,False,0,0.0,False,False,False,False,False,False,False,False,False,False,False,0.0,3.9016378808613945,45645.689743459436,0,0.0,False,-1,0,0,0,3804,0,0,0.0,20,9.649829466544339e-22,4802222222.222222,2.9118571026823186e-13,1000000000000.0,1000000000000.0,0.0005987445183220907,1.0,49.89537652684091,0.00014991623455953818,-1.0024493102302374e-05,9766237214.407566,2161.0,0.0,0.0,2.2958874039497803e-33,2.2958874039497803e-33,0.0,0.0,0
0.0,-2.5058520347970418e-17,2.3000284232784782,0.0,0.100255994078267,2.2044581600181238e-05,2.2044581600181245e-06,0.0,False,166,False,shielded,v9_four_class_stateful_PD_shared_root_m1_marked_embryo_v1,nan,nan,nan,nan,nan,nan,nan,nan,nan,nan,100000000000000.0,3558.876953125,nan,0.6103515625,2.0,0.001,1.0,emission,13098.721493975596,1.5083607128848181e-27,2.4712981919901635e-27,2.0180510680315757,8.79504617948936e-24,custom,False,2.033691229284315,,terminate,False,nan,1.0,0.0003944575664932683,0.0006462792769425707,0.0,0,active,2.302585092994046,nan,nan,nan,1000000,1.0,inf,False,0,0.0,1.0,0.0,0.0,0,1.6637831033718303e-36,0,0.0,0.0,0.0,0.0,0.0,inf,0.0,0.0,0.0,0.0,0.0,0.0,inf,inf,0.0,0.0,inf,1.4788382786927784e-18,1.8241617819545667e-18,7.211897894245623e-15,False,9691129684.480522,0.0,0.0,3741.9095810948684,0.0,0.0,0,0,0,0,0.0,0,0,False,0,0.0,False,False,False,False,False,False,False,False,False,False,False,0.0,3.9016378808613945,45645.689743459436,0,0.0,False,-1,0,0,0,3804,0,0,0.0,21,9.65148470746708e-22,4802222222.222222,2.9123577459653565e-13,1000000000000.0,1000000000000.0,0.0005987445183220907,1.0,49.89537652684091,0.00014991623455953818,-1.0024493102302374e-05,9766237214.407566,2161.0,0.0,0.0,2.8698592549372254e-34,2.8698592549372254e-34,0.0,0.0,0
0.0,-2.5062474684888728e-17,2.3004228808449714,0.0,0.1002164551415456,2.2044581600181238e-05,2.2044581600181245e-06,0.0,False,167,False,shielded,v9_four_class_stateful_PD_shared_root_m1_marked_embryo_v1,nan,nan,nan,nan,nan,nan,nan,nan,nan,nan,100000000000000.0,3559.4873046875,nan,0.6103515625,2.0,0.001,1.0,emission,13098.721493975596,1.5083607128848181e-27,2.4712981919901635e-27,2.0180510680315757,8.796554540202245e-24,custom,False,2.033691229284315,,terminate,False,nan,1.0,0.0003944575664932683,0.0006462792769425707,0.0,0,active,2.302585092994046,nan,nan,nan,1000000,1.0,inf,False,0,0.0,1.0,0.0,0.0,0,1.9477289104391967e-36,0,0.0,0.0,0.0,0.0,0.0,inf,0.0,0.0,0.0,0.0,0.0,0.0,inf,inf,0.0,0.0,inf,1.4788382786927784e-18,1.9736914198725175e-18,7.211897894245623e-15,False,9691129684.480522,0.0,0.0,3741.9095810948684,0.0,0.0,0,0,0,0,0.0,0,0,False,0,0.0,False,False,False,False,False,False,False,False,False,False,False,0.0,3.9016378808613945,45645.689743459436,0,0.0,False,-1,0,0,0,3804,0,0,0.0,20,9.653139948389822e-22,4802222222.222222,2.912852395951752e-13,1000000000000.0,1000000000000.0,0.0005987445183220907,1.0,49.89537652684091,0.00014991623455953818,-1.0024493102302374e-05,9766237214.407566,2161.0,0.0,0.0,5.739718509874451e-34,5.739718509874451e-34,0.0,0.0,0
0.0,-2.506708683718917e-17,2.3008173384114645,0.0,0.1001769317981813,2.2044581600181238e-05,2.2044581600181245e-06,0.0,False,168,False,shielded,v9_four_class_stateful_PD_shared_root_m1_marked_embryo_v1,nan,nan,nan,nan,nan,nan,nan,nan,nan,nan,100000000000000.0,3560.09765625,nan,0.6103515625,2.0,0.001,1.0,emission,13098.721493975596,1.5083607128848181e-27,2.4712981919901635e-27,2.0180510680315757,8.79806290091513e-24,custom,False,2.033691229284315,,terminate,False,nan,1.0,0.0003944575664932683,0.0006462792769425707,0.0,0,active,2.302585092994046,nan,nan,nan,1000000,1.0,inf,False,0,0.0,1.0,0.0,0.0,0,1.836949403961573e-36,0,0.0,0.0,0.0,0.0,0.0,inf,0.0,0.0,0.0,0.0,0.0,0.0,inf,inf,0.0,0.0,inf,1.4788382786927784e-18,1.9167417165395934e-18,7.211897894245623e-15,False,9691129684.480522,0.0,0.0,3741.9095810948684,0.0,0.0,0,0,0,0,0.0,0,0,False,0,0.0,False,False,False,False,False,False,False,False,False,False,False,0.0,3.9016378808613945,45645.689743459436,0,0.0,False,-1,0,0,0,3804,0,0,0.0,21,9.654795189312564e-22,4802222222.222222,2.9133565957779695e-13,1000000000000.0,1000000000000.0,0.0005987445183220907,1.0,49.89537652684091,0.00014991623455953818,-1.0024493102302374e-05,9766237214.407566,2161.0,0.0,0.0,7.174648137343063e-35,7.174648137343063e-35,0.0,0.0,0
0.0,-2.5071129992625753e-17,2.301211795977958,0.0,0.10013742404202434,2.2044581600181238e-05,2.2044581600181245e-06,0.0,False,169,False,shielded,v9_four_class_stateful_PD_shared_root_m1_marked_embryo_v1,nan,nan,nan,nan,nan,nan,nan,nan,nan,nan,100000000000000.0,3560.7080078125,nan,0.6103515625,2.0,0.001,1.0,emission,13098.721493975596,1.5083607128848181e-27,2.4712981919901635e-27,2.0180510680315757,8.799571261628015e-24,custom,False,2.033691229284315,,terminate,False,nan,1.0,0.0003944575664932683,0.0006462792769425707,4.440892098500626e-16,0,active,2.302585092994046,nan,nan,nan,1000000,1.0,inf,False,0,0.0,1.0,0.0,0.0,0,1.9477289104391967e-36,0,0.0,0.0,0.0,0.0,0.0,inf,0.0,0.0,0.0,0.0,0.0,0.0,inf,inf,0.0,0.0,inf,1.4788382786927784e-18,1.9736914198725175e-18,7.211897894245623e-15,False,9691129684.480522,0.0,0.0,3741.9095810948684,0.0,0.0,0,0,0,0,0.0,0,0,False,0,0.0,False,False,False,False,False,False,False,False,False,False,False,0.0,3.9016378808613945,45645.689743459436,0,0.0,False,-1,0,0,0,3804,0,0,0.0,20,9.656450430235306e-22,4802222222.222222,2.9138531566102265e-13,1000000000000.0,1000000000000.0,0.0005987445183220907,1.0,49.89537652684091,0.00014991623455953818,-1.0024493102302374e-05,9766237214.407566,2161.0,0.0,0.0,9.183549615799121e-33,9.183549615799121e-33,0.0,0.0,0
0.0,-2.507549492132062e-17,2.3016062535444513,0.0,0.10009793186692754,2.2044581600181238e-05,2.2044581600181245e-06,0.0,False,170,False,shielded,v9_four_class_stateful_PD_shared_root_m1_marked_embryo_v1,nan,nan,nan,nan,nan,nan,nan,nan,nan,nan,100000000000000.0,3561.318359375,nan,0.6103515625,2.0,0.001,1.0,emission,13098.721493975596,1.5083607128848181e-27,2.4712981919901635e-27,2.0180510680315757,8.8010796223409e-24,custom,False,2.033691229284315,,terminate,False,nan,1.0,0.0003944575664932683,0.0006462792769425707,0.0,0,active,2.302585092994046,nan,nan,nan,1000000,1.0,inf,False,0,0.0,1.0,0.0,0.0,0,1.9477289104391967e-36,0,0.0,0.0,0.0,0.0,0.0,inf,0.0,0.0,0.0,0.0,0.0,0.0,inf,inf,0.0,0.0,inf,1.4788382786927784e-18,1.9736914198725175e-18,7.211897894245623e-15,False,9691129684.480522,0.0,0.0,3741.9095810948684,0.0,0.0,0,0,0,0,0.0,0,0,False,0,0.0,False,False,False,False,False,False,False,False,False,False,False,0.0,3.9016378808613945,45645.689743459436,0,0.0,False,-1,0,0,0,3804,0,0,0.0,21,9.658105671158048e-22,4802222222.222222,2.914350101173441e-13,1000000000000.0,1000000000000.0,0.0005987445183220907,1.0,49.89537652684091,0.00014991623455953818,-1.0024493102302374e-05,9766237214.407566,2161.0,0.0,0.0,2.8698592549372254e-34,2.8698592549372254e-34,0.0,0.0,0
0.0,-2.5079787781904616e-17,2.3020007111109444,0.0,0.100058455266746,2.2044581600181238e-05,2.2044581600181245e-06,0.0,False,171,False,shielded,v9_four_class_stateful_PD_shared_root_m1_marked_embryo_v1,nan,nan,nan,nan,nan,nan,nan,nan,nan,nan,100000000000000.0,3561.9287109375,nan,0.6103515625,2.0,0.001,1.0,emission,13098.721493975596,1.5083607128848181e-27,2.4712981919901635e-27,2.0180510680315757,8.802587983053784e-24,custom,False,2.033691229284315,,terminate,False,nan,1.0,0.0003944575664932683,0.0006462792769425707,0.0,0,active,2.302585092994046,nan,nan,nan,1000000,1.0,inf,False,0,0.0,1.0,0.0,0.0,0,1.5034745632261822e-36,0,0.0,0.0,0.0,0.0,0.0,inf,0.0,0.0,0.0,0.0,0.0,0.0,inf,inf,0.0,0.0,inf,1.4788382786927784e-18,1.734055687240858e-18,7.211897894245623e-15,False,9691129684.480522,0.0,0.0,3741.9095810948684,0.0,0.0,0,0,0,0,0.0,0,0,False,0,0.0,False,False,False,False,False,False,False,False,False,False,False,0.0,3.9016378808613945,45645.689743459436,0,0.0,False,-1,0,0,0,3804,0,0,0.0,20,9.65976091208079e-22,4802222222.222222,2.914853210190347e-13,1000000000000.0,1000000000000.0,0.0005987445183220907,1.0,49.89537652684091,0.00014991623455953818,-1.0024493102302374e-05,9766237214.407566,2161.0,0.0,0.0,5.739718509874451e-34,5.739718509874451e-34,0.0,0.0,0
0.0,-2.5084220125819404e-17,2.302395168677438,0.0,0.10001899423533726,2.2044581600181238e-05,2.2044581600181245e-06,0.0,False,172,False,shielded,v9_four_class_stateful_PD_shared_root_m1_marked_embryo_v1,nan,nan,nan,nan,nan,nan,nan,nan,nan,nan,100000000000000.0,3562.5390625,nan,0.6103515625,2.0,0.001,1.0,emission,13098.721493975596,1.5083607128848181e-27,2.4712981919901635e-27,2.0180510680315757,8.804096343766669e-24,custom,False,2.033691229284315,,terminate,False,nan,1.0,0.0003944575664932683,0.0006462792769425707,4.440892098500626e-16,0,active,2.302585092994046,nan,nan,nan,1000000,1.0,inf,False,0,0.0,1.0,0.0,0.0,0,1.9477289104391967e-36,0,0.0,0.0,0.0,0.0,0.0,inf,0.0,0.0,0.0,0.0,0.0,0.0,inf,inf,0.0,0.0,inf,1.4788382786927784e-18,1.9736914198725175e-18,7.211897894245623e-15,False,9691129684.480522,0.0,0.0,3741.9095810948684,0.0,0.0,0,0,0,0,0.0,0,0,False,0,0.0,False,False,False,False,False,False,False,False,False,False,False,0.0,3.9016378808613945,45645.689743459436,0,0.0,False,-1,0,0,0,3804,0,0,0.0,21,9.661416153003532e-22,4802222222.222222,2.9153523834112956e-13,1000000000000.0,1000000000000.0,0.0005987445183220907,1.0,49.89537652684091,0.00014991623455953818,-1.0024493102302374e-05,9766237214.407566,2161.0,0.0,0.0,5.739718509874451e-34,5.739718509874451e-34,0.0,0.0,0
0.0,-2.5088462011398153e-17,2.302585092994046,0.0,0.09999999999999998,2.2044581600181238e-05,2.2044581600181245e-06,0.0,False,173,False,shielded,v9_four_class_stateful_PD_shared_root_m1_marked_embryo_v1,nan,nan,nan,nan,nan,nan,nan,nan,nan,nan,100000000000000.0,3562.5647837989927,nan,0.02572129899288609,2.0,0.001,1.0,emission,13098.721493975596,6.356499969634203e-29,2.4712981919901635e-27,2.0180510680315757,8.804159908766366e-24,custom,False,2.033691229284315,,terminate,False,nan,1.0,0.00018992431660791453,0.007383931762561571,0.0,0,active,2.302585092994046,nan,nan,nan,1000000,1.0,inf,False,0,0.0,1.0,0.0,0.0,0,9.672665494528427e-37,0,0.0,0.0,0.0,0.0,0.0,inf,0.0,0.0,0.0,0.0,0.0,0.0,inf,inf,0.0,0.0,inf,1.4788382786927784e-18,1.39087494006675e-18,7.211897894245623e-15,False,9691129684.480522,0.0,0.0,3741.9095810948684,0.0,0.0,0,0,0,0,0.0,0,0,False,0,0.0,False,False,False,False,False,False,False,False,False,False,False,0.0,3.9016378808613945,45645.689743459436,0,0.0,False,-1,0,0,0,3804,0,0,0.0,2,9.66148590779617e-22,4802222222.222222,2.915850325430704e-13,1000000000000.0,1000000000000.0,0.0005987445183220907,1.0,49.89537652684091,0.00014991623455953818,-1.0024493102302374e-05,9766237214.407566,2161.0,0.0,0.0,1.1479437019748901e-33,1.1479437019748901e-33,0.0,0.0,0
